_id,CrashFactId,Name,MinorInjuries,ModerateInjuries,SevereInjuries,FatalInjuries,TcrNumber,CityDamageFlag,ShortFormFlag,Distance,CrashDateTime,PedestrianAction,RoadwaySurface,RoadwayCondition,Lighting,PrimaryCollisionFactor,TrafficControl,Weather,CollisionType,ProximityToIntersection,VehicleInvolvedWith,PedestrianDirectionFrom,PedestrianDirectionTo,DirectionFromIntersection,Comment,SpeedingFlag,HitAndRunFlag,IntersectionNumber,AStreetName,BStreetName,Latitude,Longitude
153,699399,CR-0000100728,0,0,0,0,23-190-0532,False,False,0,7/9/2023 4:30:00 PM,No Pedestrians Involved,Dry,Unknown,Daylight,Violation Driver 1,Controls Functioning,Clear,Sideswipe,Intersection,Other Vehicle,Not Applicable,Not Applicable,At,,False,True,3574,ALEXANDER AV/MUIRFIELD DR,ALUM ROCK AV,37.36109555,-121.8380466
154,698927,CR-0000100229,1,0,0,0,23-328-0189,False,False,0,11/24/2023 8:44:00 AM,No Pedestrians Involved,Dry,No Unusual Conditions,Daylight,Unknown,Controls Functioning,Clear,Head On,Intersection,Other Vehicle,Not Applicable,Not Applicable,At,,False,True,3574,ALEXANDER AV/MUIRFIELD DR,ALUM ROCK AV,37.36109555,-121.8380466
155,712123,CR-0000101084,0,0,0,0,23-237-9701,False,True,0,8/24/2023 1:55:00 PM,No Pedestrians Involved,Dry,No Unusual Conditions,Daylight,Unknown,Controls Functioning,Clear,Rear End,Intersection,Other Vehicle,Not Applicable,Not Applicable,At,,False,False,3574,ALEXANDER AV/MUIRFIELD DR,ALUM ROCK AV,37.36109555,-121.8380466
156,711622,CR-0000101299,0,0,0,0,23-239-0108,True,False,212,8/27/2023 1:57:00 AM,No Pedestrians Involved,Dry,No Unusual Conditions,Dark - Street Light,Violation Driver 1,No Controls Present/Factor,Clear,Hit Object,Non-Related,Fixed Object,Not Applicable,Not Applicable,East Of,"TREE, STREET SIGN",True,True,3574,ALEXANDER AV/MUIRFIELD DR,ALUM ROCK AV,37.36109555,-121.8380466
157,689842,CR-0000095868,1,0,0,0,22-338-0483,False,False,0,12/4/2022 3:18:00 PM,No Pedestrians Involved,Dry,No Unusual Conditions,Daylight,Violation Driver 1,Controls Functioning,Clear,Rear End,Intersection,Other Vehicle,Not Applicable,Not Applicable,At,,True,True,32230,CAPITOL FRONT AV,EXCALIBUR DR,37.35476902,-121.8308546
158,682568,CR-0000092135,0,1,0,0,22-151-0865,True,False,212,5/31/2022 6:07:00 PM,No Pedestrians Involved,Dry,No Unusual Conditions,Daylight,Violation Driver 1,No Controls Present/Factor,Clear,Hit Object,Non-Related,Fixed Object,Not Applicable,Not Applicable,West Of,LIGHT POLE,False,False,31008,CAMINO VERDE DR,INTERNATIONAL CI,37.23835141,-121.8011533
159,694111,CR-0000097970,0,0,0,0,23-067-0976,False,False,298,3/8/2023 11:45:00 PM,No Pedestrians Involved,Dry,No Unusual Conditions,Dark - Street Light,Violation Driver 1,Controls Functioning,Clear,Hit Object,Non-Related,Fixed Object,Not Applicable,Not Applicable,West Of,,False,False,5653,ALMOND DR,GUMDROP DR,37.33417409,-121.7977179
160,683356,CR-0000092945,0,0,0,0,22-144-0168,False,False,0,5/24/2022 7:03:00 AM,No Pedestrians Involved,Dry,No Unusual Conditions,Daylight,Violation Driver 1,Controls Functioning,Clear,Head On,Intersection,Parked Vehicle,Not Applicable,Not Applicable,At,,False,True,6731,AMBLER WY,BURMAN DR,37.28489739,-121.8171465
161,685308,CR-0000093989,1,0,0,0,22-247-0750,False,False,93,9/4/2022 7:43:00 PM,No Pedestrians Involved,Dry,No Unusual Conditions,Dark - Street Light,Violation Driver 1,No Controls Present/Factor,Clear,Broadside,Non-Related,Parked Vehicle,Not Applicable,Not Applicable,South Of,,False,False,83137,LENDRUM AV,MUIRFIELD DR,37.35704767,-121.8379259
162,689915,CR-0000095945,0,0,0,0,22-363-0214,False,False,0,12/29/2022 8:59:00 AM,No Pedestrians Involved,Wet,No Unusual Conditions,Daylight,Violation Driver 1,No Controls Present/Factor,Cloudy,Broadside,Intersection,Other Vehicle,Not Applicable,Not Applicable,At,,True,False,51336,DOBERN AV,KAMMERER AV,37.35276961,-121.8412688
163,689217,CR-0000095147,0,0,0,1,22-179-0117,False,False,0,6/28/2022 3:11:00 AM,In Road - Includes Shoulder,Dry,No Unusual Conditions,Dark - Street Light,Unknown,No Controls Present/Factor,Clear,Vehicle/Pedestrian,Intersection,Pedestrian,No Direction (Not Walking),No Direction (Not Walking),At,PED,False,True,75965,JACKSON AV,KAMMERER AV,37.35413222,-121.8393491
164,689406,CR-0000095342,0,0,0,0,22-330-0045,False,False,201,11/26/2022 12:41:00 AM,No Pedestrians Involved,Dry,No Unusual Conditions,Dark - Street Light,Violation Driver 1,Unknown,Clear,Sideswipe,Non-Related,Parked Vehicle,Not Applicable,Not Applicable,West Of,,True,True,75965,JACKSON AV,KAMMERER AV,37.35413222,-121.8393491
165,682131,CR-0000091655,1,1,0,0,22-113-0444,False,False,151,4/23/2022 2:13:00 PM,No Pedestrians Involved,Dry,No Unusual Conditions,Dusk - Dawn,Violation Driver 1,Controls Functioning,Clear,Broadside,Non-Related,Motorcycle,Not Applicable,Not Applicable,North Of,,False,False,75965,JACKSON AV,KAMMERER AV,37.35413222,-121.8393491
166,691248,CR-0000097473,0,0,0,0,23-047-9704,False,True,51,2/7/2023 4:50:00 PM,No Pedestrians Involved,Dry,No Unusual Conditions,Daylight,Unknown,No Controls Present/Factor,Clear,Rear End,Non-Related,Parked Vehicle,Not Applicable,Not Applicable,West Of,,False,False,75965,JACKSON AV,KAMMERER AV,37.35413222,-121.8393491
167,717402,CR-0000102412,1,0,0,0,23-118-0396,False,False,253,4/28/2023 12:48:00 PM,No Pedestrians Involved,Dry,No Unusual Conditions,Daylight,Violation Driver 1,No Controls Present/Factor,Clear,Rear End,Non-Related,Other Vehicle,Not Applicable,Not Applicable,North Of,,False,False,75965,JACKSON AV,KAMMERER AV,37.35413222,-121.8393491
168,696329,CR-0000099485,1,0,0,0,23-299-0944,False,False,391,10/26/2023 9:58:00 PM,No Pedestrians Involved,Dry,No Unusual Conditions,Dark - Street Light,Violation Driver 1,Unknown,Clear,Sideswipe,Non-Related,Other Vehicle,Not Applicable,Not Applicable,South Of,,True,True,78220,KAMMERER AV,OAKLAND AV,37.34952368,-121.8461384
169,687550,CR-0000094340,0,1,0,0,22-236-0546,False,False,0,8/24/2022 2:10:00 PM,No Pedestrians Involved,Dry,No Unusual Conditions,Daylight,Bike At Fault,No Controls Present/Factor,Clear,Vehicle/Bike,Intersection,Bike,Not Applicable,Not Applicable,At,BIKE,False,False,41095,CODY WY,LEIGH AV,37.27517646,-121.9220441
170,715970,CR-0000101817,0,0,0,0,23-133-4003,False,True,51,5/11/2023 2:19:00 PM,No Pedestrians Involved,Unknown,Unknown,Unknown,Unknown,Unknown,Unknown,Other,Non-Related,Other Vehicle,Not Applicable,Not Applicable,South Of,,False,False,41095,CODY WY,LEIGH AV,37.27517646,-121.9220441
171,681616,CR-0000091013,0,0,0,0,22-049-0854,False,False,206,2/18/2022 7:33:00 PM,No Pedestrians Involved,Dry,No Unusual Conditions,Dark - Street Light Not Functioning,Violation Driver 1,Controls Functioning,Clear,Rear End,Non-Related,Parked Vehicle,Not Applicable,Not Applicable,West Of,,False,False,43713,CORTE DEL ARBOL,HILLSDALE AV,37.26987492,-121.8975681
172,694457,CR-0000098422,0,3,0,0,23-159-0796,False,False,0,6/8/2023 8:18:00 PM,No Pedestrians Involved,Dry,No Unusual Conditions,Dusk - Dawn,Violation Driver 1,No Controls Present/Factor,Clear,Head On,Intersection,Motor Vehicle On Other Roadway,Not Applicable,Not Applicable,At,,False,False,41469,COLEMAN RD,PORTO ALEGRE DR,37.24138865,-121.8800484
173,689972,CR-0000096038,0,1,0,0,22-231-0171,False,False,308,8/19/2022 7:46:00 AM,No Pedestrians Involved,Dry,No Unusual Conditions,Daylight,Violation Driver 1,No Controls Present/Factor,Clear,Rear End,Non-Related,Motorcycle,Not Applicable,Not Applicable,East Of,,True,False,41469,COLEMAN RD,PORTO ALEGRE DR,37.24138865,-121.8800484
174,711904,CR-0000101435,0,0,0,0,23-355-0175,True,False,0,12/21/2023 7:40:00 AM,No Pedestrians Involved,Wet,No Unusual Conditions,Daylight,Violation Driver 1,No Controls Present/Factor,Cloudy,Hit Object,Intersection,Fixed Object,Not Applicable,Not Applicable,At,SIGN,True,False,41469,COLEMAN RD,PORTO ALEGRE DR,37.24138865,-121.8800484
175,722071,CR-0000103325,0,0,0,0,24-063-0579,True,False,128,3/3/2024 5:11:00 PM,No Pedestrians Involved,Slippery (Muddy Oily etc.),No Unusual Conditions,Daylight,Violation Driver 1,No Controls Present/Factor,Rain,Hit Object,Non-Related,Fixed Object,Not Applicable,Not Applicable,West Of,LIGHTPOLE,True,False,41469,COLEMAN RD,PORTO ALEGRE DR,37.24138865,-121.8800484
176,711690,CR-0000101588,0,0,0,0,23-347-4002,False,True,,12/9/2023 8:07:00 PM,No Pedestrians Involved,Unknown,Unknown,Unknown,Unknown,Unknown,Unknown,Sideswipe,Related,Parked Vehicle,Not Applicable,Not Applicable,East Of,,False,False,78990,KERSTEN DR,LEDGEWOOD DR,37.26408831,-121.9144752
177,683154,CR-0000092725,0,0,0,0,22-043-4007,False,True,0,2/12/2022 11:10:00 AM,No Pedestrians Involved,Unknown,Unknown,Daylight,Unknown,Unknown,Unknown,Broadside,Intersection,Other Vehicle,Not Applicable,Not Applicable,At,,False,False,66439,GLEASON AV,STOCKBRIDGE DR,37.297442,-121.9704161
178,682127,CR-0000091651,1,0,0,0,22-111-0224,False,False,0,4/21/2022 9:27:00 AM,No Pedestrians Involved,Wet,No Unusual Conditions,Daylight,Violation Driver 1,Controls Functioning,Clear,Broadside,Intersection,Other Vehicle,Not Applicable,Not Applicable,At,,False,False,125620,GREAT OAKS BL,WEST VALLEY FR,37.24035746,-121.7778929
179,681641,CR-0000091038,0,0,0,0,22-049-9705,False,False,321,2/4/2022 1:30:00 PM,No Pedestrians Involved,Dry,No Unusual Conditions,Daylight,Unknown,No Controls Present/Factor,Clear,Sideswipe,Non-Related,Other Vehicle,Not Applicable,Not Applicable,East Of,,False,False,49356,DEARWELL WY/LINWELL CT,KNOLLWELL WY,37.24733381,-121.7858391
180,682310,CR-0000091873,0,0,0,0,22-096-4001,False,True,,4/6/2022 9:45:00 PM,No Pedestrians Involved,Unknown,Unknown,Unknown,Unknown,Unknown,Unknown,Rear End,Related,Parked Vehicle,Not Applicable,Not Applicable,North Of,,False,True,49356,DEARWELL WY/LINWELL CT,KNOLLWELL WY,37.24733381,-121.7858391
181,711613,CR-0000101023,0,0,0,0,23-273-0013,False,False,36,9/30/2023 12:20:00 AM,No Pedestrians Involved,Dry,No Unusual Conditions,Dark - Street Light,Violation Driver 1,No Controls Present/Factor,Clear,Rear End,Related,Parked Vehicle,Not Applicable,Not Applicable,East Of,,False,False,93939,MT EVEREST CT,MT EVEREST DR,37.35314817,-121.8066745
182,692529,CR-0000097820,0,0,0,0,23-076-4002,False,True,51,3/16/2023 5:00:00 PM,No Pedestrians Involved,Unknown,Unknown,Unknown,Unknown,Unknown,Unknown,Broadside,Non-Related,Parked Vehicle,Not Applicable,Not Applicable,West Of,,False,False,94170,MT MCKINLEY CT,MT MCKINLEY DR,37.35388143,-121.8040376
183,683083,CR-0000092648,0,0,0,0,22-173-0830,False,False,0,6/22/2022 4:20:00 AM,No Pedestrians Involved,Dry,No Unusual Conditions,Dark - Street Light,Violation Driver 1,No Controls Present/Factor,Clear,Rear End,Intersection,Parked Vehicle,Not Applicable,Not Applicable,At,,False,False,129458,CANNIKIN DR,PRESERVATION DR,37.35317246,-121.8434099
184,719612,CR-0000102770,0,0,0,0,23-072-4002,False,True,51,3/13/2023 11:00:00 AM,No Pedestrians Involved,Unknown,Unknown,Unknown,Unknown,Unknown,Unknown,Other,Non-Related,Parked Vehicle,Not Applicable,Not Applicable,South Of,,False,False,129458,CANNIKIN DR,PRESERVATION DR,37.35317246,-121.8434099
185,688697,CR-0000094522,0,0,0,0,22-186-4000,False,True,51,7/5/2022 8:35:00 AM,No Pedestrians Involved,Unknown,Unknown,Daylight,Unknown,Unknown,Unknown,Other,Non-Related,Parked Vehicle,Not Applicable,Not Applicable,East Of,,False,True,17335,BERONA WY,POPLAR DR,37.34300808,-121.8276704
186,694615,CR-0000098648,0,0,0,0,23-206-0417,False,False,0,7/25/2023 11:54:00 AM,No Pedestrians Involved,Dry,No Unusual Conditions,Daylight,Violation Driver 1,Unknown,Clear,Broadside,Intersection,Other Vehicle,Not Applicable,Not Applicable,At,,True,True,17335,BERONA WY,POPLAR DR,37.34300808,-121.8276704
187,722244,CR-0000103510,0,0,0,0,24-084-9706,False,True,0,3/23/2024 1:40:00 PM,No Pedestrians Involved,Dry,No Unusual Conditions,Daylight,Unknown,No Controls Present/Factor,Clear,Broadside,Intersection,Other Vehicle,Not Applicable,Not Applicable,At,,False,False,17335,BERONA WY,POPLAR DR,37.34300808,-121.8276704
188,689070,CR-0000094903,1,0,0,0,22-303-0837,False,False,0,10/30/2022 9:10:00 PM,No Pedestrians Involved,Dry,No Unusual Conditions,Dark - Street Light,Bike At Fault,Controls Functioning,Clear,Vehicle/Bike,Intersection,Scooter Motorized,Not Applicable,Not Applicable,At,MOTORIZED SCOOTER,True,False,32890,CAPITOL EX,OCALA AV,37.34073768,-121.8200538
189,689648,CR-0000095630,1,0,0,0,22-320-0743,False,False,51,11/16/2022 7:32:00 PM,No Pedestrians Involved,Dry,No Unusual Conditions,Dark - Street Light,Violation Driver 1,Controls Functioning,Clear,Rear End,Non-Related,Other Vehicle,Not Applicable,Not Applicable,North Of,,True,False,32890,CAPITOL EX,OCALA AV,37.34073768,-121.8200538
190,684687,CR-0000093315,3,0,0,0,22-170-0519,False,False,0,6/19/2022 3:46:00 PM,No Pedestrians Involved,Dry,No Unusual Conditions,Daylight,Violation Driver 1,Controls Functioning,Clear,Broadside,Intersection,Other Vehicle,Not Applicable,Not Applicable,At,,True,False,32890,CAPITOL EX,OCALA AV,37.34073768,-121.8200538
191,685298,CR-0000093979,1,0,0,0,22-265-0149,False,False,0,9/22/2022 7:12:00 AM,No Pedestrians Involved,Dry,No Unusual Conditions,Daylight,Violation Driver 1,Unknown,Clear,Broadside,Intersection,Other Vehicle,Not Applicable,Not Applicable,At,,False,False,32890,CAPITOL EX,OCALA AV,37.34073768,-121.8200538
192,685346,CR-0000094072,1,0,0,0,22-267-0645,True,False,0,9/24/2022 4:38:00 PM,No Pedestrians Involved,Dry,No Unusual Conditions,Daylight,Violation Driver 1,Controls Functioning,Clear,Hit Object,Intersection,Fixed Object,Not Applicable,Not Applicable,At,LIGHT POLE,True,False,32890,CAPITOL EX,OCALA AV,37.34073768,-121.8200538
193,682448,CR-0000092012,0,0,0,0,22-110-0329,False,False,0,4/20/2022 10:32:00 AM,No Pedestrians Involved,Dry,No Unusual Conditions,Daylight,Violation Driver 1,Controls Functioning,Clear,Broadside,Intersection,Other Vehicle,Not Applicable,Not Applicable,At,,False,True,32890,CAPITOL EX,OCALA AV,37.34073768,-121.8200538
194,682528,CR-0000092095,0,0,0,0,22-095-0638,False,False,0,4/5/2022 4:17:00 PM,No Pedestrians Involved,Dry,No Unusual Conditions,Daylight,Violation Driver 1,Controls Functioning,Clear,Sideswipe,Intersection,Other Vehicle,Not Applicable,Not Applicable,At,,False,False,32890,CAPITOL EX,OCALA AV,37.34073768,-121.8200538
195,683401,CR-0000092994,1,0,0,0,22-145-0949,False,False,20,5/25/2022 8:58:00 PM,Crossing In Crosswalk - At Intersection,Dry,No Unusual Conditions,Dark - Street Light,Pedestrian At Fault,Controls Functioning,Clear,Vehicle/Pedestrian,Related,Pedestrian,East,West,East Of,PEDESTRIAN,False,False,32890,CAPITOL EX,OCALA AV,37.34073768,-121.8200538
196,681509,CR-0000090899,0,0,0,0,22-037-0165,False,False,0,2/6/2022 4:16:00 AM,No Pedestrians Involved,Dry,No Unusual Conditions,Dark - Street Light,Violation Driver 1,No Controls Present/Factor,Clear,Sideswipe,Intersection,Motor Vehicle On Other Roadway,Not Applicable,Not Applicable,At,,True,False,32890,CAPITOL EX,OCALA AV,37.34073768,-121.8200538
197,681935,CR-0000091440,2,0,0,0,22-047-0181,False,False,0,2/16/2022 7:05:00 AM,No Pedestrians Involved,Dry,No Unusual Conditions,Daylight,Violation Driver 1,No Controls Present/Factor,Clear,Broadside,Intersection,Other Vehicle,Not Applicable,Not Applicable,At,,False,False,32890,CAPITOL EX,OCALA AV,37.34073768,-121.8200538
198,681779,CR-0000091179,1,0,0,0,22-056-0218,True,False,490,2/25/2022 8:52:00 AM,No Pedestrians Involved,Dry,No Unusual Conditions,Daylight,Violation Driver 1,No Controls Present/Factor,Clear,Head On,Non-Related,Fixed Object,Not Applicable,Not Applicable,North Of,Light pole #11Q460,True,False,32890,CAPITOL EX,OCALA AV,37.34073768,-121.8200538
199,696301,CR-0000099457,0,0,0,0,23-135-9709,False,True,0,5/13/2023 3:00:00 PM,No Pedestrians Involved,Dry,No Unusual Conditions,Daylight,Unknown,Controls Functioning,Clear,Rear End,Intersection,Other Vehicle,Not Applicable,Not Applicable,At,,False,False,32890,CAPITOL EX,OCALA AV,37.34073768,-121.8200538
200,699381,CR-0000100708,0,0,0,0,23-190-0667,False,False,0,7/9/2023 7:24:00 PM,No Pedestrians Involved,Dry,No Unusual Conditions,Daylight,Violation Driver 1,Controls Functioning,Clear,Vehicle/Bike,Intersection,Bike,Not Applicable,Not Applicable,At,BIKE,False,False,32890,CAPITOL EX,OCALA AV,37.34073768,-121.8200538
201,689960,CR-0000095971,0,0,1,0,22-217-0407,False,False,0,8/5/2022 12:29:00 PM,No Pedestrians Involved,Dry,No Unusual Conditions,Daylight,Violation Driver 1,Controls Functioning,Clear,Vehicle/Bike,Intersection,Bike,Not Applicable,Not Applicable,At,BICYCLIST,False,True,32890,CAPITOL EX,OCALA AV,37.34073768,-121.8200538
202,690413,CR-0000096511,0,0,0,0,22-276-9706,False,True,0,10/3/2022 8:30:00 AM,No Pedestrians Involved,Dry,No Unusual Conditions,Daylight,Unknown,Controls Functioning,Clear,Sideswipe,Intersection,Other Vehicle,Not Applicable,Not Applicable,At,,False,True,32890,CAPITOL EX,OCALA AV,37.34073768,-121.8200538
203,690429,CR-0000096528,0,0,0,0,22-340-0859,False,False,45,12/6/2022 7:05:00 PM,No Pedestrians Involved,Dry,No Unusual Conditions,Dark - Street Light,Violation Driver 1,Controls Functioning,Clear,Rear End,Related,Other Vehicle,Not Applicable,Not Applicable,West Of,,True,False,32890,CAPITOL EX,OCALA AV,37.34073768,-121.8200538
204,689720,CR-0000095732,2,0,0,0,22-359-0057,False,False,0,12/25/2022 1:00:00 AM,No Pedestrians Involved,Dry,No Unusual Conditions,Dark - Street Light,Violation Driver 1,Controls Functioning,Clear,Head On,Intersection,Other Vehicle,Not Applicable,Not Applicable,At,,False,False,32890,CAPITOL EX,OCALA AV,37.34073768,-121.8200538
205,690795,CR-0000096933,1,0,0,0,23-011-0301,False,False,0,1/11/2023 11:04:00 AM,No Pedestrians Involved,Wet,Unknown,Daylight,Violation Driver 1,Controls Not Functioning,Rain,Broadside,Intersection,Other Vehicle,Not Applicable,Not Applicable,At,,False,False,32890,CAPITOL EX,OCALA AV,37.34073768,-121.8200538
206,716192,CR-0000102152,2,0,0,0,24-030-0793,False,False,31,1/30/2024 6:18:00 PM,No Pedestrians Involved,Dry,No Unusual Conditions,Dark - Street Light,Violation Driver 1,Controls Functioning,Clear,Rear End,Related,Other Vehicle,Not Applicable,Not Applicable,South Of,,False,False,32890,CAPITOL EX,OCALA AV,37.34073768,-121.8200538
207,722000,CR-0000103254,0,0,0,0,24-054-0926,True,False,400,2/23/2024 10:50:00 PM,No Pedestrians Involved,Dry,Unknown,Dark - Street Light,Violation Driver 1,Controls Functioning,Clear,Hit Object,Non-Related,Fixed Object,Not Applicable,Not Applicable,North Of,LIGHTPOLE & TREE,True,False,32890,CAPITOL EX,OCALA AV,37.34073768,-121.8200538
208,715996,CR-0000101747,0,0,0,0,23-001-4004,False,True,0,1/1/2023 2:30:00 PM,No Pedestrians Involved,Unknown,Unknown,Unknown,Unknown,Unknown,Unknown,Rear End,Related,Other Vehicle,Not Applicable,Not Applicable,At,,False,False,32890,CAPITOL EX,OCALA AV,37.34073768,-121.8200538
209,712209,CR-0000101642,0,0,0,0,23-264-0220,False,False,0,9/21/2023 9:20:00 AM,No Pedestrians Involved,Dry,No Unusual Conditions,Dusk - Dawn,Violation Driver 1,Controls Functioning,Clear,Broadside,Intersection,Other Vehicle,Not Applicable,Not Applicable,At,,True,False,32890,CAPITOL EX,OCALA AV,37.34073768,-121.8200538
210,682916,CR-0000092505,1,0,0,0,22-181-0238,False,False,51,6/30/2022 9:40:00 AM,No Pedestrians Involved,Dry,No Unusual Conditions,Daylight,Bike At Fault,No Controls Present/Factor,Clear,Vehicle/Bike,Non-Related,Bike,Not Applicable,Not Applicable,East Of,BIKE,False,False,114652,COLEMAN RD,TERRACE LAKE DR,37.24244954,-121.8667093
211,683427,CR-0000093023,0,0,0,0,22-160-9708,False,True,0,6/8/2022 12:35:00 AM,No Pedestrians Involved,Dry,No Unusual Conditions,Dark - Street Light,Unknown,No Controls Present/Factor,Clear,Rear End,Intersection,Parked Vehicle,Not Applicable,Not Applicable,At,,False,True,136784,MCBRIDE (S) LP,RUBINO CI,37.2813784,-121.8767766
212,681667,CR-0000091064,0,0,0,0,22-065-4002,False,True,0,3/6/2022 3:55:00 PM,No Pedestrians Involved,Unknown,Unknown,Daylight,Unknown,Unknown,Unknown,Other,Intersection,Parked Vehicle,Not Applicable,Not Applicable,At,,False,False,83710,LIGHTLAND RD,MARLETTE DR,37.29445985,-121.8143201
213,684863,CR-0000093556,1,1,2,0,22-210-1100,True,False,126,7/29/2022 11:55:00 PM,No Pedestrians Involved,Dry,No Unusual Conditions,Dark - Street Light,Violation Driver 1,Controls Functioning,Clear,Hit Object,Non-Related,Fixed Object,Not Applicable,Not Applicable,South Of,TREE,False,False,83720,LIGHTLAND RD,MCLAUGHLIN AV,37.2942952,-121.8148834
214,688958,CR-0000094816,0,0,0,0,22-253-4001,False,True,51,9/9/2022 10:23:00 PM,No Pedestrians Involved,Unknown,Unknown,Unknown,Unknown,Unknown,Unknown,Other,Non-Related,Parked Vehicle,Not Applicable,Not Applicable,East Of,,False,True,64239,GALAHAD AV,GALAHAD CT,37.34902215,-121.8286581
215,699216,CR-0000100537,0,0,0,0,23-178-9704,False,True,0,6/18/2023 3:24:00 AM,No Pedestrians Involved,Dry,No Unusual Conditions,Dark - Street Light,Unknown,No Controls Present/Factor,Clear,Sideswipe,Intersection,Other Vehicle,Not Applicable,Not Applicable,At,,False,False,32515,CAPITOL AV,MURTHA DR,37.34776893,-121.8246194
216,685345,CR-0000094071,0,0,0,0,22-229-0406,False,False,60,8/14/2022 4:00:00 PM,No Pedestrians Involved,Dry,No Unusual Conditions,Unknown,Violation Driver 1,No Controls Present/Factor,Unknown,Sideswipe,Non-Related,Parked Vehicle,Not Applicable,Not Applicable,East Of,,True,True,74062,HOSTETTER RD,SHAFFER DR,37.40755356,-121.8543726
217,690391,CR-0000096485,0,0,0,0,22-315-4000,False,True,51,11/10/2022 3:50:00 AM,No Pedestrians Involved,Unknown,Unknown,Unknown,Unknown,Unknown,Unknown,Rear End,Non-Related,Unknown,Not Applicable,Not Applicable,South Of,,False,False,74062,HOSTETTER RD,SHAFFER DR,37.40755356,-121.8543726
218,694189,CR-0000097987,0,0,2,0,23-079-0656,False,False,154,3/20/2023 4:42:00 PM,In Road - Includes Shoulder,Dry,No Unusual Conditions,Daylight,Violation Driver 1,No Controls Present/Factor,Clear,Vehicle/Pedestrian,Non-Related,Pedestrian,Unknown,Unknown,East Of,,False,False,131185,LARKSPUR CANYON DR,STONEY CREEK PL,37.29006057,-121.7680546
219,720902,CR-0000103128,0,0,0,0,24-030-0031,False,False,140,1/30/2024 12:39:00 AM,No Pedestrians Involved,Dry,No Unusual Conditions,Dark - Street Light,Violation Driver 1,Unknown,Clear,Sideswipe,Non-Related,Parked Vehicle,Not Applicable,Not Applicable,South Of,,False,True,89462,MCGINNESS AV,MURTHA DR,37.34895337,-121.8217929
220,715809,CR-0000101808,0,0,0,0,23-131-4003,False,True,51,5/11/2023 11:00:00 AM,No Pedestrians Involved,Unknown,Unknown,Unknown,Unknown,Unknown,Unknown,Sideswipe,Non-Related,Parked Vehicle,Not Applicable,Not Applicable,East Of,,False,False,116379,CHESTERTON CI,CHESTERTON CI,37.37267138,-121.8721037
221,681907,CR-0000091398,0,0,0,0,22-054-0904,False,False,0,2/23/2022 9:20:00 PM,No Pedestrians Involved,Dry,No Unusual Conditions,Dark - Street Light,Violation Driver 1,No Controls Present/Factor,Clear,Vehicle/Bike,Intersection,Bike,Not Applicable,Not Applicable,At,BIKE,False,True,48938,DAVIS ST,PARK AV,37.33896296,-121.9301087
222,690722,CR-0000096859,0,0,0,0,23-025-0860,False,False,54,1/25/2023 8:06:00 PM,No Pedestrians Involved,Dry,No Unusual Conditions,Dark - Street Light,Violation Driver 1,No Controls Present/Factor,Clear,Head On,Non-Related,Parked Vehicle,Not Applicable,Not Applicable,North Of,,True,False,48938,DAVIS ST,PARK AV,37.33896296,-121.9301087
223,683460,CR-0000093055,1,0,0,0,22-083-0182,False,False,0,3/24/2022 7:50:00 AM,No Pedestrians Involved,Dry,No Unusual Conditions,Daylight,Violation Driver 1,Controls Functioning,Clear,Vehicle/Bike,Intersection,Scooter Motorized,Not Applicable,Not Applicable,At,E. Scooter,False,False,95809,NIMITZ FR,STEVENS CREEK BL,37.3233502,-121.9424512
224,683067,CR-0000092612,0,0,0,0,22-115-9704,False,True,51,4/23/2022 2:39:00 PM,No Pedestrians Involved,Dry,No Unusual Conditions,Daylight,Unknown,Controls Functioning,Clear,Rear End,Non-Related,Other Vehicle,Not Applicable,Not Applicable,East Of,,False,True,95809,NIMITZ FR,STEVENS CREEK BL,37.3233502,-121.9424512
225,712086,CR-0000100880,0,0,0,0,23-229-0228,False,False,570,7/31/2023 3:00:00 PM,No Pedestrians Involved,Dry,No Unusual Conditions,Daylight,Violation Driver 1,Unknown,Clear,Sideswipe,Non-Related,Other Vehicle,Not Applicable,Not Applicable,West Of,,False,True,106215,STEVENS CREEK BL,WAINWRIGHT AV,37.32335793,-121.9375303
226,719518,CR-0000102647,1,0,0,0,24-067-0678,False,False,118,3/7/2024 3:52:00 PM,No Pedestrians Involved,Dry,No Unusual Conditions,Daylight,Violation Driver 1,Controls Functioning,Clear,Rear End,Non-Related,Other Vehicle,Not Applicable,Not Applicable,West Of,,True,False,106215,STEVENS CREEK BL,WAINWRIGHT AV,37.32335793,-121.9375303
227,696402,CR-0000099569,0,0,0,0,23-150-4007,False,True,51,5/29/2023 9:45:00 AM,No Pedestrians Involved,Unknown,Unknown,Unknown,Unknown,Unknown,Unknown,Other,Non-Related,Parked Vehicle,Not Applicable,Not Applicable,West Of,,False,False,43867,CORY AV,REDWOOD AV,37.33178291,-121.9468661
228,683030,CR-0000092652,0,0,0,0,22-148-0664,False,False,280,5/28/2022 4:47:00 PM,No Pedestrians Involved,Dry,No Unusual Conditions,Daylight,Violation Driver 1,Unknown,Clear,Rear End,Non-Related,Other Vehicle,Not Applicable,Not Applicable,South Of,,False,False,79640,KING RD,TULLY RD,37.32237123,-121.8258931