_id,CrashFactId,Name,MinorInjuries,ModerateInjuries,SevereInjuries,FatalInjuries,TcrNumber,CityDamageFlag,ShortFormFlag,Distance,CrashDateTime,PedestrianAction,RoadwaySurface,RoadwayCondition,Lighting,PrimaryCollisionFactor,TrafficControl,Weather,CollisionType,ProximityToIntersection,VehicleInvolvedWith,PedestrianDirectionFrom,PedestrianDirectionTo,DirectionFromIntersection,Comment,SpeedingFlag,HitAndRunFlag,IntersectionNumber,AStreetName,BStreetName,Latitude,Longitude
229,682867,CR-0000092421,2,0,0,0,22-148-0508,False,False,0,5/28/2022 1:51:00 PM,No Pedestrians Involved,Dry,No Unusual Conditions,Daylight,Violation Driver 1,Controls Functioning,Clear,Rear End,Intersection,Other Vehicle,Not Applicable,Not Applicable,At,,False,False,79640,KING RD,TULLY RD,37.32237123,-121.8258931
230,683357,CR-0000092946,0,1,0,0,22-144-0826,False,False,40,5/24/2022 6:38:00 PM,No Pedestrians Involved,Dry,No Unusual Conditions,Daylight,Violation Driver 1,Controls Functioning,Clear,Rear End,Related,Motorcycle,Not Applicable,Not Applicable,West Of,,False,False,79640,KING RD,TULLY RD,37.32237123,-121.8258931
231,683342,CR-0000092930,0,0,0,0,22-142-0794,False,False,0,5/22/2022 7:44:00 PM,No Pedestrians Involved,Dry,No Unusual Conditions,Dusk - Dawn,Violation Driver 1,Controls Functioning,Clear,Broadside,Intersection,Other Vehicle,Not Applicable,Not Applicable,At,,True,True,79640,KING RD,TULLY RD,37.32237123,-121.8258931
232,689956,CR-0000095949,1,0,0,0,22-116-0229,False,False,55,4/26/2022 10:11:00 AM,No Pedestrians Involved,Dry,No Unusual Conditions,Daylight,Violation Driver 1,Controls Functioning,Clear,Rear End,Non-Related,Other Vehicle,Not Applicable,Not Applicable,South Of,,False,True,79640,KING RD,TULLY RD,37.32237123,-121.8258931
233,689776,CR-0000095800,3,0,0,0,22-095-0946,False,False,,4/5/2022 9:50:00 PM,No Pedestrians Involved,Dry,No Unusual Conditions,Dark - Street Light,Violation Driver 1,Controls Functioning,Clear,Rear End,Related,Other Vehicle,Not Applicable,Not Applicable,West Of,,True,True,79640,KING RD,TULLY RD,37.32237123,-121.8258931
234,690449,CR-0000096554,0,0,0,0,22-092-4000,False,True,,4/2/2022 12:45:00 PM,No Pedestrians Involved,Unknown,Unknown,Unknown,Unknown,Unknown,Unknown,Rear End,Related,Other Vehicle,Not Applicable,Not Applicable,South Of,,False,False,79640,KING RD,TULLY RD,37.32237123,-121.8258931
235,682511,CR-0000092078,0,0,0,0,22-093-0863,False,False,0,4/3/2022 8:30:00 PM,No Pedestrians Involved,Dry,No Unusual Conditions,Dark - Street Light,Violation Driver 1,Controls Functioning,Clear,Sideswipe,Intersection,Other Vehicle,Not Applicable,Not Applicable,At,,True,False,79640,KING RD,TULLY RD,37.32237123,-121.8258931
236,681965,CR-0000091474,1,0,0,0,22-060-0491,False,False,51,3/1/2022 1:16:00 PM,No Pedestrians Involved,Dry,No Unusual Conditions,Daylight,Violation Driver 1,No Controls Present/Factor,Clear,Rear End,Non-Related,Other Vehicle,Not Applicable,Not Applicable,East Of,,True,False,79640,KING RD,TULLY RD,37.32237123,-121.8258931
237,681610,CR-0000091007,0,0,0,0,22-047-0731,False,False,51,2/16/2022 3:00:00 PM,No Pedestrians Involved,Dry,No Unusual Conditions,Daylight,Violation Driver 1,Controls Functioning,Clear,Sideswipe,Non-Related,Other Vehicle,Not Applicable,Not Applicable,East Of,,False,False,79640,KING RD,TULLY RD,37.32237123,-121.8258931
238,691146,CR-0000097345,0,0,0,0,22-113-9804,False,False,0,2/21/2022 2:10:00 PM,No Pedestrians Involved,Dry,No Unusual Conditions,Daylight,Violation Driver 2,Controls Functioning,Clear,Sideswipe,Intersection,Other Vehicle,Not Applicable,Not Applicable,At,,False,False,79640,KING RD,TULLY RD,37.32237123,-121.8258931
239,681876,CR-0000091357,0,1,0,0,22-037-0351,False,False,60,2/6/2022 11:20:00 AM,No Pedestrians Involved,Dry,No Unusual Conditions,Daylight,Violation Driver 1,Controls Functioning,Clear,Vehicle/Bike,Non-Related,Bike,Not Applicable,Not Applicable,West Of,BIKE,False,False,79640,KING RD,TULLY RD,37.32237123,-121.8258931
240,688938,CR-0000094796,0,0,0,0,22-270-4002,False,True,0,2/2/2022 1:35:00 PM,No Pedestrians Involved,Unknown,Unknown,Unknown,Unknown,Unknown,Unknown,Sideswipe,Intersection,Other Vehicle,Not Applicable,Not Applicable,At,,False,True,79640,KING RD,TULLY RD,37.32237123,-121.8258931
241,681226,CR-0000090611,0,0,0,0,22-005-0097,False,False,0,1/5/2022 4:34:00 AM,No Pedestrians Involved,Dry,No Unusual Conditions,Dark - Street Light,Violation Driver 1,Controls Functioning,Clear,Head On,Intersection,Other Vehicle,Not Applicable,Not Applicable,At,,False,False,79640,KING RD,TULLY RD,37.32237123,-121.8258931
242,681266,CR-0000090652,1,0,0,0,22-007-0716,False,False,0,1/7/2022 7:30:00 PM,No Pedestrians Involved,Dry,Unknown,Dark - Street Light,Violation Driver 1,Controls Functioning,Clear,Head On,Intersection,Other Vehicle,Not Applicable,Not Applicable,At,,False,False,79640,KING RD,TULLY RD,37.32237123,-121.8258931
243,685144,CR-0000093818,0,0,0,0,22-234-0837,False,False,0,8/22/2022 6:43:00 PM,No Pedestrians Involved,Dry,No Unusual Conditions,Daylight,Violation Driver 1,Controls Functioning,Clear,Rear End,Intersection,Other Vehicle,Not Applicable,Not Applicable,At,,True,True,79640,KING RD,TULLY RD,37.32237123,-121.8258931
244,684701,CR-0000093330,0,0,0,0,22-177-0327,False,False,80,6/26/2022 10:26:00 AM,No Pedestrians Involved,Dry,No Unusual Conditions,Daylight,Violation Driver 1,Controls Functioning,Clear,Rear End,Non-Related,Other Vehicle,Not Applicable,Not Applicable,North Of,,True,False,79640,KING RD,TULLY RD,37.32237123,-121.8258931
245,684814,CR-0000093488,0,0,0,0,22-192-0317,False,False,0,7/11/2022 10:57:00 AM,No Pedestrians Involved,Dry,Unknown,Daylight,Violation Driver 1,No Controls Present/Factor,Clear,Rear End,Intersection,Other Vehicle,Not Applicable,Not Applicable,At,,True,True,79640,KING RD,TULLY RD,37.32237123,-121.8258931
246,688783,CR-0000094627,0,0,0,0,22-297-4005,False,True,51,10/24/2022 1:46:00 AM,No Pedestrians Involved,Unknown,Unknown,Unknown,Unknown,Unknown,Unknown,Rear End,Non-Related,Other Vehicle,Not Applicable,Not Applicable,North Of,,False,True,79640,KING RD,TULLY RD,37.32237123,-121.8258931
247,689337,CR-0000095321,1,0,0,0,22-322-0295,False,False,0,11/18/2022 9:49:00 AM,No Pedestrians Involved,Dry,No Unusual Conditions,Daylight,Violation Driver 1,Controls Functioning,Clear,Rear End,Intersection,Other Vehicle,Not Applicable,Not Applicable,At,,True,False,79640,KING RD,TULLY RD,37.32237123,-121.8258931
248,696172,CR-0000099315,1,0,0,0,23-133-0251,False,False,346,5/13/2023 8:59:00 AM,No Pedestrians Involved,Unknown,No Unusual Conditions,Daylight,Violation Driver 1,No Controls Present/Factor,Clear,Broadside,Non-Related,Other Vehicle,Not Applicable,Not Applicable,North Of,,True,False,79640,KING RD,TULLY RD,37.32237123,-121.8258931
249,694393,CR-0000098337,1,0,0,0,23-168-0609,False,False,,6/17/2023 6:13:00 PM,No Pedestrians Involved,Dry,No Unusual Conditions,Daylight,Violation Driver 1,Controls Functioning,Clear,Rear End,Non-Related,Motor Vehicle On Other Roadway,Not Applicable,Not Applicable,East Of,,True,False,79640,KING RD,TULLY RD,37.32237123,-121.8258931
250,695890,CR-0000099009,0,0,0,0,23-214-0333,False,False,18,8/2/2023 10:52:00 AM,No Pedestrians Involved,Dry,No Unusual Conditions,Daylight,Violation Driver 1,Controls Functioning,Clear,Sideswipe,Related,Other Vehicle,Not Applicable,Not Applicable,East Of,,False,True,79640,KING RD,TULLY RD,37.32237123,-121.8258931
251,698917,CR-0000100219,1,1,0,0,23-309-0347,False,False,85,11/5/2023 10:13:00 AM,No Pedestrians Involved,Dry,No Unusual Conditions,Daylight,Violation Driver 1,No Controls Present/Factor,Clear,Rear End,Non-Related,Other Vehicle,Not Applicable,Not Applicable,West Of,,True,False,79640,KING RD,TULLY RD,37.32237123,-121.8258931
252,698861,CR-0000100144,2,0,0,0,23-350-0645,False,False,100,12/16/2023 6:05:00 PM,No Pedestrians Involved,Dry,No Unusual Conditions,Dark - Street Light,Violation Driver 1,Controls Functioning,Clear,Rear End,Non-Related,Other Vehicle,Not Applicable,Not Applicable,West Of,,True,False,79640,KING RD,TULLY RD,37.32237123,-121.8258931
253,696537,CR-0000099724,0,1,0,0,23-340-0245,False,False,266,12/5/2023 10:00:00 AM,No Pedestrians Involved,Dry,No Unusual Conditions,Daylight,Violation Driver 1,Controls Functioning,Cloudy,Vehicle/Bike,Non-Related,Bike,Not Applicable,Not Applicable,South Of,BIKE,False,True,79640,KING RD,TULLY RD,37.32237123,-121.8258931
254,690431,CR-0000096531,0,0,0,0,22-340-0797,False,False,51,12/6/2022 6:37:00 PM,No Pedestrians Involved,Dry,No Unusual Conditions,Dark - Street Light,Violation Driver 1,No Controls Present/Factor,Clear,Sideswipe,Non-Related,Other Vehicle,Not Applicable,Not Applicable,East Of,,False,False,79640,KING RD,TULLY RD,37.32237123,-121.8258931
255,690433,CR-0000096532,2,0,0,0,22-307-9704,False,True,0,10/31/2022 5:45:00 PM,No Pedestrians Involved,Dry,No Unusual Conditions,Daylight,Unknown,No Controls Present/Factor,Clear,Rear End,Intersection,Other Vehicle,Not Applicable,Not Applicable,At,,False,True,79640,KING RD,TULLY RD,37.32237123,-121.8258931
256,689797,CR-0000095823,1,0,0,0,22-190-9702,False,False,,7/8/2022 9:26:00 PM,No Pedestrians Involved,Dry,No Unusual Conditions,Dark - Street Light,Unknown,Controls Functioning,Clear,Rear End,Related,Other Vehicle,Not Applicable,Not Applicable,East Of,,False,False,79640,KING RD,TULLY RD,37.32237123,-121.8258931
257,694218,CR-0000098101,2,0,0,0,23-112-0501,False,False,30,4/22/2023 5:08:00 PM,No Pedestrians Involved,Dry,No Unusual Conditions,Daylight,Violation Driver 1,Unknown,Clear,Rear End,Related,Other Vehicle,Not Applicable,Not Applicable,West Of,,False,True,79640,KING RD,TULLY RD,37.32237123,-121.8258931
258,694162,CR-0000098038,2,0,0,0,23-114-0918,False,False,0,4/24/2023 10:26:00 PM,No Pedestrians Involved,Dry,No Unusual Conditions,Dark - Street Light,Violation Driver 1,Controls Functioning,Clear,Head On,Intersection,Other Vehicle,Not Applicable,Not Applicable,At,,False,False,79640,KING RD,TULLY RD,37.32237123,-121.8258931
259,691328,CR-0000097575,2,0,0,0,23-063-0380,False,False,23,3/4/2023 12:57:00 PM,No Pedestrians Involved,Wet,No Unusual Conditions,Daylight,Violation Driver 1,Controls Functioning,Rain,Broadside,Related,Other Vehicle,Not Applicable,Not Applicable,West Of,,False,False,79640,KING RD,TULLY RD,37.32237123,-121.8258931
260,691170,CR-0000097372,0,0,0,0,23-045-0349,False,False,0,2/13/2023 12:20:00 PM,No Pedestrians Involved,Dry,No Unusual Conditions,Daylight,Violation Driver 1,Controls Functioning,Clear,Broadside,Intersection,Motorcycle,Not Applicable,Not Applicable,At,,True,False,79640,KING RD,TULLY RD,37.32237123,-121.8258931
261,719502,CR-0000102622,0,0,1,0,24-083-0177,False,False,0,3/23/2024 5:46:00 AM,Crossing In Crosswalk - At Intersection,Wet,No Unusual Conditions,Dark - Street Light,Violation Driver 1,Controls Functioning,Clear,Vehicle/Pedestrian,Intersection,Pedestrian,West,East,At,PED,False,True,79640,KING RD,TULLY RD,37.32237123,-121.8258931
262,721960,CR-0000103214,0,0,0,0,24-033-9703,False,True,51,2/1/2024 3:30:00 PM,No Pedestrians Involved,Wet,No Unusual Conditions,Daylight,Unknown,Unknown,Cloudy,Rear End,Non-Related,Other Vehicle,Not Applicable,Not Applicable,Unknown,,False,False,79640,KING RD,TULLY RD,37.32237123,-121.8258931
263,716333,CR-0000102292,1,0,0,0,24-048-0283,False,False,200,2/17/2024 10:12:00 AM,No Pedestrians Involved,Wet,No Unusual Conditions,Daylight,Violation Driver 1,No Controls Present/Factor,Rain,Rear End,Non-Related,Other Vehicle,Not Applicable,Not Applicable,West Of,,True,False,79640,KING RD,TULLY RD,37.32237123,-121.8258931
264,719788,CR-0000102962,0,0,0,0,24-035-9701,False,True,51,2/3/2024 6:45:00 PM,No Pedestrians Involved,Wet,Other,Dark - Street Light,Unknown,Controls Functioning,Rain,Sideswipe,Non-Related,Other Vehicle,Not Applicable,Not Applicable,South Of,,False,False,79640,KING RD,TULLY RD,37.32237123,-121.8258931
265,715866,CR-0000101989,1,0,0,0,24-021-0241,False,False,0,1/21/2024 8:51:00 AM,No Pedestrians Involved,Dry,No Unusual Conditions,Daylight,Violation Driver 1,No Controls Present/Factor,Clear,Rear End,Intersection,Other Vehicle,Not Applicable,Not Applicable,At,,True,False,79640,KING RD,TULLY RD,37.32237123,-121.8258931
266,711804,CR-0000101140,0,0,0,0,23-297-9710,False,True,51,10/23/2023 10:00:00 AM,No Pedestrians Involved,Unknown,Unknown,Unknown,Unknown,Unknown,Unknown,Other,Non-Related,Other Vehicle,Not Applicable,Not Applicable,Unknown,,False,False,79640,KING RD,TULLY RD,37.32237123,-121.8258931
267,688706,CR-0000094531,0,0,0,0,22-202-4006,False,True,0,7/21/2022 7:52:00 PM,No Pedestrians Involved,Unknown,Unknown,Unknown,Unknown,Unknown,Unknown,Rear End,Intersection,Other Vehicle,Not Applicable,Not Applicable,At,,False,True,74799,HURAN DR,TULLY RD,37.32381888,-121.8237524
268,681251,CR-0000090636,2,0,0,0,22-006-0756,False,False,,1/6/2022 5:55:00 PM,No Pedestrians Involved,Dry,No Unusual Conditions,Dark - Street Light,Violation Driver 1,Controls Functioning,Clear,Rear End,Related,Other Vehicle,Not Applicable,Not Applicable,East Of,,True,False,74799,HURAN DR,TULLY RD,37.32381888,-121.8237524
269,681403,CR-0000090793,0,0,0,0,22-023-0536,False,False,0,1/23/2022 4:05:00 PM,No Pedestrians Involved,Dry,No Unusual Conditions,Daylight,Violation Driver 1,No Controls Present/Factor,Clear,Broadside,Intersection,Other Vehicle,Not Applicable,Not Applicable,At,,False,False,74799,HURAN DR,TULLY RD,37.32381888,-121.8237524
270,681649,CR-0000091046,1,0,0,0,22-078-0396,False,False,126,3/19/2022 2:40:00 PM,No Pedestrians Involved,Wet,No Unusual Conditions,Daylight,Violation Driver 1,Controls Functioning,Rain,Rear End,Non-Related,Other Vehicle,Not Applicable,Not Applicable,East Of,,False,False,74799,HURAN DR,TULLY RD,37.32381888,-121.8237524
271,691206,CR-0000097427,0,0,0,0,23-032-0494,False,False,0,2/1/2023 1:44:00 PM,No Pedestrians Involved,Dry,No Unusual Conditions,Daylight,Violation Driver 1,Controls Functioning,Clear,Rear End,Intersection,Other Vehicle,Not Applicable,Not Applicable,At,,True,True,74799,HURAN DR,TULLY RD,37.32381888,-121.8237524
272,694300,CR-0000098208,0,1,0,0,23-155-0265,False,False,0,5/30/2023 9:50:00 AM,No Pedestrians Involved,Dry,No Unusual Conditions,Daylight,Violation Driver 1,Controls Functioning,Clear,Vehicle/Bike,Intersection,Bike,Not Applicable,Not Applicable,At,BIKE,False,False,74799,HURAN DR,TULLY RD,37.32381888,-121.8237524
273,689881,CR-0000095908,1,0,0,0,22-252-0638,False,False,0,9/9/2022 3:44:00 PM,No Pedestrians Involved,Dry,No Unusual Conditions,Daylight,Violation Driver 1,Controls Functioning,Clear,Vehicle/Bike,Intersection,Bike,Not Applicable,Not Applicable,At,BIKE,False,True,74799,HURAN DR,TULLY RD,37.32381888,-121.8237524
274,694472,CR-0000098437,1,0,0,0,23-139-0301,False,False,0,5/19/2023 10:12:00 AM,Crossing In Crosswalk - At Intersection,Dry,No Unusual Conditions,Daylight,Violation Driver 1,Unknown,Clear,Vehicle/Pedestrian,Intersection,Pedestrian,South,North,At,PED,False,False,74799,HURAN DR,TULLY RD,37.32381888,-121.8237524
275,694453,CR-0000098418,0,0,0,0,23-154-0520,False,False,0,6/3/2023 2:20:00 PM,No Pedestrians Involved,Dry,No Unusual Conditions,Daylight,Violation Driver 1,Controls Functioning,Clear,Broadside,Intersection,Other Vehicle,Not Applicable,Not Applicable,At,,False,False,74799,HURAN DR,TULLY RD,37.32381888,-121.8237524
276,719745,CR-0000102917,0,0,0,0,24-020-9709,False,True,0,1/19/2024 7:45:00 AM,No Pedestrians Involved,Dry,No Unusual Conditions,Daylight,Unknown,No Controls Present/Factor,Cloudy,Broadside,Intersection,Other Vehicle,Not Applicable,Not Applicable,At,,False,False,74799,HURAN DR,TULLY RD,37.32381888,-121.8237524
277,681578,CR-0000090975,0,2,0,0,22-043-0543,False,False,107,2/12/2022 3:27:00 PM,No Pedestrians Involved,Dry,No Unusual Conditions,Daylight,Violation Driver 1,No Controls Present/Factor,Clear,Rear End,Non-Related,Other Vehicle,Not Applicable,Not Applicable,East Of,,True,False,107942,SEACLIFF WY,TULLY RD,37.32136416,-121.8273418
278,689355,CR-0000095291,2,0,0,0,22-333-0167,False,False,146,11/29/2022 7:14:00 AM,No Pedestrians Involved,Dry,No Unusual Conditions,Daylight,Violation Driver 1,Controls Functioning,Clear,Head On,Non-Related,Other Vehicle,Not Applicable,Not Applicable,West Of,,False,False,107942,SEACLIFF WY,TULLY RD,37.32136416,-121.8273418
279,698777,CR-0000100058,1,0,0,0,23-355-0784,False,False,0,12/21/2023 6:53:00 PM,No Pedestrians Involved,Dry,No Unusual Conditions,Dark - Street Light,Violation Driver 1,No Controls Present/Factor,Clear,Rear End,Intersection,Other Vehicle,Not Applicable,Not Applicable,At,,False,False,107942,SEACLIFF WY,TULLY RD,37.32136416,-121.8273418
280,698928,CR-0000100230,1,0,0,0,23-311-0879,False,False,0,11/7/2023 7:30:00 PM,No Pedestrians Involved,Dry,No Unusual Conditions,Dark - Street Light,Violation Driver 1,No Controls Present/Factor,Clear,Rear End,Intersection,Other Vehicle,Not Applicable,Not Applicable,At,,False,False,107942,SEACLIFF WY,TULLY RD,37.32136416,-121.8273418
281,690190,CR-0000096282,0,0,0,0,22-248-9706,False,False,0,9/5/2022 10:25:00 AM,No Pedestrians Involved,Dry,No Unusual Conditions,Daylight,Violation Driver 1,Controls Functioning,Clear,Rear End,Intersection,Other Vehicle,Not Applicable,Not Applicable,At,,False,False,107942,SEACLIFF WY,TULLY RD,37.32136416,-121.8273418
282,722271,CR-0000103565,0,0,0,0,24-086-0820,False,False,51,3/26/2024 9:01:00 PM,No Pedestrians Involved,Dry,No Unusual Conditions,Dark - Street Light,Violation Driver 1,No Controls Present/Factor,Clear,Sideswipe,Non-Related,Other Vehicle,Not Applicable,Not Applicable,West Of,,False,True,107942,SEACLIFF WY,TULLY RD,37.32136416,-121.8273418
283,690908,CR-0000097071,0,0,0,0,23-045-0364,False,False,130,2/14/2023 12:00:00 PM,No Pedestrians Involved,Dry,No Unusual Conditions,Daylight,Violation Driver 1,Controls Functioning,Clear,Sideswipe,Non-Related,Parked Vehicle,Not Applicable,Not Applicable,West Of,,True,True,99989,PENITENCIA CREEK RD,RUGE DR,37.38367353,-121.8557307
284,696260,CR-0000099407,0,0,0,0,23-112-0649,False,False,0,4/22/2023 6:36:00 PM,No Pedestrians Involved,Dry,No Unusual Conditions,Daylight,Violation Driver 1,No Controls Present/Factor,Clear,Broadside,Intersection,Other Vehicle,Not Applicable,Not Applicable,At,,False,True,99989,PENITENCIA CREEK RD,RUGE DR,37.38367353,-121.8557307
285,699125,CR-0000100441,0,0,0,0,23-175-0947,True,False,198,6/24/2023 11:11:00 PM,No Pedestrians Involved,Dry,No Unusual Conditions,Dark - Street Light,Violation Driver 1,No Controls Present/Factor,Clear,Rear End,Non-Related,Parked Vehicle,Not Applicable,Not Applicable,West Of,CITY STREET SIGN,False,True,99990,PENITENCIA CREEK RD,SUMMERDALE DR,37.38764208,-121.850844
286,689157,CR-0000095045,0,0,0,0,22-322-0856,False,False,41,11/17/2022 9:13:00 PM,No Pedestrians Involved,Dry,No Unusual Conditions,Dark - Street Light,Violation Driver 1,No Controls Present/Factor,Clear,Sideswipe,Related,Parked Vehicle,Not Applicable,Not Applicable,East Of,,False,False,100000,PENITENCIA CREEK RD,SUMMERVIEW DR,37.38587727,-121.8527904
287,685374,CR-0000094100,0,0,0,0,22-230-0959,False,False,60,8/18/2022 9:06:00 PM,No Pedestrians Involved,Dry,No Unusual Conditions,Dark - Street Light,Unknown,No Controls Present/Factor,Clear,Rear End,Non-Related,Other Vehicle,Not Applicable,Not Applicable,South Of,,False,False,86591,MABURY RD,WHITE RD,37.38382823,-121.842253
288,682066,CR-0000091590,0,0,0,0,22-068-0910,False,False,0,3/9/2022 10:38:00 PM,No Pedestrians Involved,Dry,No Unusual Conditions,Dark - No Street Light,Violation Driver 1,No Controls Present/Factor,Clear,Broadside,Intersection,Motor Vehicle On Other Roadway,Not Applicable,Not Applicable,At,,False,True,86591,MABURY RD,WHITE RD,37.38382823,-121.842253
289,719839,CR-0000103012,0,0,0,0,24-039-0407,False,False,0,2/8/2024 12:02:00 PM,No Pedestrians Involved,Dry,No Unusual Conditions,Daylight,Violation Driver 1,Controls Functioning,Clear,Broadside,Intersection,Other Vehicle,Not Applicable,Not Applicable,At,,False,True,86591,MABURY RD,WHITE RD,37.38382823,-121.842253
290,711668,CR-0000101341,0,0,0,0,23-252-0238,False,False,0,9/9/2023 8:01:00 AM,No Pedestrians Involved,Dry,No Unusual Conditions,Daylight,Violation Driver 1,Controls Functioning,Clear,Rear End,Intersection,Parked Vehicle,Not Applicable,Not Applicable,At,,False,False,86481,MABURY RD,ORANGE ST,37.38422085,-121.8415595
291,692390,CR-0000097673,0,0,0,0,23-080-0484,False,False,190,3/21/2023 12:30:00 PM,No Pedestrians Involved,Wet,Other,Daylight,Unknown,No Controls Present/Factor,Rain,Rear End,Non-Related,Other Vehicle,Not Applicable,Not Applicable,South Of,,False,True,71312,HEATHERFIELD LN,HELMSLEY DR,37.38788138,-121.855496
292,689700,CR-0000095682,1,0,0,0,22-347-0704,False,False,0,12/13/2022 5:39:00 PM,Crossing - Not In Crosswalk,Dry,No Unusual Conditions,Dark - No Street Light,Violation Driver 1,No Controls Present/Factor,Clear,Vehicle/Pedestrian,Intersection,Pedestrian,North,South,At,,True,False,54647,EDWARDS AV,SHERMAN ST,37.32116678,-121.8805783
293,696198,CR-0000099342,0,0,0,0,23-120-0101,False,False,146,4/30/2023 2:27:00 AM,No Pedestrians Involved,Dry,No Unusual Conditions,Dark - Street Light,Violation Driver 1,No Controls Present/Factor,Clear,Sideswipe,Non-Related,Parked Vehicle,Not Applicable,Not Applicable,East Of,,False,False,4377,ALMADEN AV,POST ST,37.33372645,-121.8932278
294,696009,CR-0000099144,0,0,0,0,23-243-4000,False,True,0,8/30/2023 6:05:00 PM,No Pedestrians Involved,Unknown,Unknown,Unknown,Unknown,Unknown,Unknown,Broadside,Intersection,Parked Vehicle,Not Applicable,Not Applicable,At,,False,False,4377,ALMADEN AV,POST ST,37.33372645,-121.8932278
295,699435,CR-0000100785,0,0,0,0,23-188-0289,False,False,0,7/9/2023 10:20:00 AM,No Pedestrians Involved,Dry,No Unusual Conditions,Daylight,Violation Driver 1,No Controls Present/Factor,Clear,Broadside,Intersection,Other Vehicle,Not Applicable,Not Applicable,At,,False,False,4377,ALMADEN AV,POST ST,37.33372645,-121.8932278
296,685312,CR-0000093993,0,0,0,0,22-248-0957,False,False,0,9/5/2022 9:57:00 PM,No Pedestrians Involved,Dry,No Unusual Conditions,Dark - Street Light,Violation Driver 1,Controls Functioning,Clear,Broadside,Intersection,Other Vehicle,Not Applicable,Not Applicable,At,,False,True,4344,ALMADEN AV,OAK ST,37.32069194,-121.8835248
297,689361,CR-0000095323,1,1,0,0,22-323-0263,False,False,0,11/19/2022 9:07:00 AM,No Pedestrians Involved,Dry,No Unusual Conditions,Daylight,Violation Driver 1,Controls Functioning,Clear,Broadside,Intersection,Other Vehicle,Not Applicable,Not Applicable,At,,False,False,4344,ALMADEN AV,OAK ST,37.32069194,-121.8835248
298,691386,CR-0000097635,0,0,0,0,23-065-0233,False,False,108,3/4/2023 7:30:00 AM,No Pedestrians Involved,Unknown,Unknown,Daylight,Violation Driver 1,No Controls Present/Factor,Unknown,Sideswipe,Non-Related,Parked Vehicle,Not Applicable,Not Applicable,North Of,,True,True,4344,ALMADEN AV,OAK ST,37.32069194,-121.8835248
299,689118,CR-0000094982,0,0,0,0,22-299-4001,False,True,0,10/26/2022 6:30:00 PM,No Pedestrians Involved,Unknown,Unknown,Unknown,Unknown,Unknown,Unknown,Sideswipe,Intersection,Other Vehicle,Not Applicable,Not Applicable,At,,False,False,55835,ELEVENTH ST,SAN SALVADOR ST,37.33504319,-121.8754045
300,689054,CR-0000094920,0,1,0,0,22-288-0939,True,False,0,10/15/2022 11:29:00 PM,No Pedestrians Involved,Dry,No Unusual Conditions,Dark - Street Light,Violation Driver 1,Controls Functioning,Clear,Broadside,Intersection,Fixed Object,Not Applicable,Not Applicable,At,Tree and Traffic Light,False,True,55835,ELEVENTH ST,SAN SALVADOR ST,37.33504319,-121.8754045
301,684867,CR-0000093564,2,0,0,0,22-210-0954,False,False,37,7/29/2022 9:37:00 PM,No Pedestrians Involved,Dry,No Unusual Conditions,Dark - Street Light,Violation Driver 1,Controls Functioning,Clear,Rear End,Related,Other Vehicle,Not Applicable,Not Applicable,West Of,,False,False,55835,ELEVENTH ST,SAN SALVADOR ST,37.33504319,-121.8754045
302,681860,CR-0000091341,0,0,0,0,22-067-1061,False,False,0,3/8/2022 11:48:00 PM,No Pedestrians Involved,Dry,No Unusual Conditions,Dark - Street Light,Violation Driver 1,Controls Functioning,Clear,Head On,Intersection,Other Vehicle,Not Applicable,Not Applicable,At,,False,False,55835,ELEVENTH ST,SAN SALVADOR ST,37.33504319,-121.8754045
303,681402,CR-0000090792,0,0,0,0,22-023-0523,False,False,100,1/23/2022 3:37:00 PM,No Pedestrians Involved,Dry,No Unusual Conditions,Daylight,Violation Driver 1,Controls Functioning,Clear,Sideswipe,Non-Related,Parked Vehicle,Not Applicable,Not Applicable,South Of,,True,False,55835,ELEVENTH ST,SAN SALVADOR ST,37.33504319,-121.8754045
304,690240,CR-0000096330,0,0,0,0,22-266-9706,False,True,,9/14/2022 6:15:00 PM,No Pedestrians Involved,Dry,No Unusual Conditions,Daylight,Unknown,Controls Functioning,Clear,Sideswipe,Related,Other Vehicle,Not Applicable,Not Applicable,Unknown,,False,False,55835,ELEVENTH ST,SAN SALVADOR ST,37.33504319,-121.8754045
305,682054,CR-0000091569,0,0,0,0,22-005-9702,False,True,,1/4/2022 6:00:00 PM,No Pedestrians Involved,Wet,Unknown,Dark - Street Light,Unknown,Unknown,Unknown,Broadside,Related,Other Vehicle,Not Applicable,Not Applicable,Unknown,,False,False,106831,SAN SALVADOR ST,TENTH ST,37.33455031,-121.8764572
306,682181,CR-0000091722,0,0,0,0,22-071-0085,False,False,250,3/12/2022 1:45:00 AM,No Pedestrians Involved,Dry,No Unusual Conditions,Dark - Street Light,Unknown,No Controls Present/Factor,Clear,Rear End,Non-Related,Parked Vehicle,Not Applicable,Not Applicable,North Of,,False,True,106831,SAN SALVADOR ST,TENTH ST,37.33455031,-121.8764572