_id,CrashFactId,Name,MinorInjuries,ModerateInjuries,SevereInjuries,FatalInjuries,TcrNumber,CityDamageFlag,ShortFormFlag,Distance,CrashDateTime,PedestrianAction,RoadwaySurface,RoadwayCondition,Lighting,PrimaryCollisionFactor,TrafficControl,Weather,CollisionType,ProximityToIntersection,VehicleInvolvedWith,PedestrianDirectionFrom,PedestrianDirectionTo,DirectionFromIntersection,Comment,SpeedingFlag,HitAndRunFlag,IntersectionNumber,AStreetName,BStreetName,Latitude,Longitude
307,681818,CR-0000091227,0,1,0,0,22-082-0844,False,False,0,3/23/2022 6:34:00 PM,No Pedestrians Involved,Dry,No Unusual Conditions,Daylight,Violation Driver 1,Controls Functioning,Clear,Sideswipe,Intersection,Motorcycle,Not Applicable,Not Applicable,At,,False,False,106831,SAN SALVADOR ST,TENTH ST,37.33455031,-121.8764572
308,681605,CR-0000091002,0,0,0,0,22-047-0245,True,False,0,2/16/2022 8:20:00 AM,No Pedestrians Involved,Dry,No Unusual Conditions,Daylight,Violation Driver 1,Controls Functioning,Clear,Sideswipe,Related,Other Vehicle,Not Applicable,Not Applicable,At,LIGHT POLE,False,False,106831,SAN SALVADOR ST,TENTH ST,37.33455031,-121.8764572
309,682535,CR-0000092102,0,1,0,0,22-121-0877,False,False,0,5/1/2022 11:15:00 PM,No Pedestrians Involved,Dry,Unknown,Dark - Street Light,Bike At Fault,Controls Functioning,Clear,Vehicle/Bike,Intersection,Scooter Motorized,Not Applicable,Not Applicable,At,BIKE (E-SCOOTER),False,False,106831,SAN SALVADOR ST,TENTH ST,37.33455031,-121.8764572
310,689774,CR-0000095798,0,2,0,0,22-093-0976,False,False,30,4/3/2022 11:45:00 PM,No Pedestrians Involved,Dry,No Unusual Conditions,Dark - Street Light,Violation Driver 1,Controls Functioning,Clear,Head On,Related,Other Vehicle,Not Applicable,Not Applicable,North Of,,False,True,106831,SAN SALVADOR ST,TENTH ST,37.33455031,-121.8764572
311,684816,CR-0000093382,0,0,0,0,22-217-0555,False,False,185,8/5/2022 3:09:00 PM,No Pedestrians Involved,Dry,No Unusual Conditions,Daylight,Violation Driver 1,No Controls Present/Factor,Clear,Rear End,Non-Related,Other Vehicle,Not Applicable,Not Applicable,South Of,,True,False,106831,SAN SALVADOR ST,TENTH ST,37.33455031,-121.8764572
312,685122,CR-0000093795,2,0,0,0,22-203-0213,False,False,0,7/22/2022 8:24:00 AM,Crossing In Crosswalk - At Intersection,Dry,No Unusual Conditions,Daylight,Violation Driver 1,Controls Functioning,Clear,Vehicle/Pedestrian,Intersection,Pedestrian,East,West,At,PED (2),False,False,106831,SAN SALVADOR ST,TENTH ST,37.33455031,-121.8764572
313,690186,CR-0000096276,0,0,0,0,22-325-0823,False,False,0,11/21/2022 8:09:00 PM,No Pedestrians Involved,Dry,No Unusual Conditions,Dark - Street Light,Violation Driver 1,Controls Functioning,Clear,Sideswipe,Intersection,Other Vehicle,Not Applicable,Not Applicable,At,,False,True,106831,SAN SALVADOR ST,TENTH ST,37.33455031,-121.8764572
314,690512,CR-0000096614,0,0,0,0,22-304-9701,False,True,51,10/29/2022 11:00:00 PM,No Pedestrians Involved,Dry,No Unusual Conditions,Dark - Street Light,Unknown,No Controls Present/Factor,Clear,Sideswipe,Non-Related,Parked Vehicle,Not Applicable,Not Applicable,North Of,,False,True,106831,SAN SALVADOR ST,TENTH ST,37.33455031,-121.8764572
315,691148,CR-0000097347,0,1,0,0,23-035-0079,False,False,0,2/4/2023 2:51:00 AM,No Pedestrians Involved,Dry,No Unusual Conditions,Dark - Street Light,Bike At Fault,Controls Functioning,Clear,Vehicle/Bike,Intersection,Scooter Motorized,Not Applicable,Not Applicable,At,,False,False,106831,SAN SALVADOR ST,TENTH ST,37.33455031,-121.8764572
316,696426,CR-0000099603,0,1,0,0,23-281-0623,False,False,194,10/6/2023 4:48:00 PM,No Pedestrians Involved,Dry,Other,Daylight,Other Than Driver,No Controls Present/Factor,Clear,Hit Object,Non-Related,Fixed Object,Not Applicable,Not Applicable,South Of,,False,False,106831,SAN SALVADOR ST,TENTH ST,37.33455031,-121.8764572
317,681984,CR-0000091493,0,0,0,0,22-061-0013,False,False,0,3/2/2022 6:26:00 AM,No Pedestrians Involved,Dry,No Unusual Conditions,Daylight,Violation Driver 1,Controls Functioning,Clear,Broadside,Intersection,Other Vehicle,Not Applicable,Not Applicable,At,,False,False,84677,LOCUST ST,OAK ST,37.31973198,-121.8855534
318,684968,CR-0000093597,0,0,0,0,22-233-0992,False,False,38,8/21/2022 11:01:00 PM,No Pedestrians Involved,Dry,No Unusual Conditions,Dark - Street Light,Violation Driver 1,Controls Functioning,Clear,Sideswipe,Related,Parked Vehicle,Not Applicable,Not Applicable,East Of,PD - EMERGENCY VEHICLE,False,False,96690,OAK ST,PALM ST,37.31926794,-121.886531
319,689796,CR-0000095822,1,0,0,0,22-191-9703,False,False,0,7/9/2022 7:40:00 PM,No Pedestrians Involved,Dry,No Unusual Conditions,Daylight,Unknown,No Controls Present/Factor,Clear,Broadside,Intersection,Other Vehicle,Not Applicable,Not Applicable,At,,False,False,106864,SAN SALVADOR ST,TWELFTH ST,37.33550254,-121.8744414
320,688829,CR-0000094684,0,0,0,0,22-291-0524,False,False,340,10/18/2022 2:11:00 PM,No Pedestrians Involved,Dry,No Unusual Conditions,Daylight,Violation Driver 1,No Controls Present/Factor,Clear,Other,Non-Related,Other Vehicle,Not Applicable,Not Applicable,South Of,,False,True,44440,COUNTESS DR,DONINGTON DR,37.30358374,-122.0083975
321,682363,CR-0000091926,0,0,0,0,22-109-4006,False,True,51,4/19/2022 3:30:00 PM,No Pedestrians Involved,Unknown,Unknown,Daylight,Unknown,Unknown,Unknown,Sideswipe,Non-Related,Unknown,Not Applicable,Not Applicable,South Of,,False,True,12594,BALSAMO DR,WHITECLIFF DR,37.30615378,-122.0138349
322,685264,CR-0000093944,1,0,0,0,22-209-0121,True,False,0,7/28/2022 5:22:00 AM,No Pedestrians Involved,Dry,No Unusual Conditions,Dark - Street Light,Violation Driver 1,Controls Functioning,Clear,Hit Object,Intersection,Fixed Object,Not Applicable,Not Applicable,At,TREE,False,False,17380,BERRYESSA RD,CAPE BUFFALO DR,37.37469686,-121.8721446
323,690468,CR-0000096580,0,0,0,0,22-360-0561,True,False,0,12/26/2022 6:40:00 PM,No Pedestrians Involved,Wet,No Unusual Conditions,Dark - Street Light,Violation Driver 1,No Controls Present/Factor,Rain,Hit Object,Intersection,Fixed Object,Not Applicable,Not Applicable,At,CURB,False,False,17380,BERRYESSA RD,CAPE BUFFALO DR,37.37469686,-121.8721446
324,719856,CR-0000103029,0,0,0,0,24-041-9704,False,True,0,2/10/2024 12:16:00 PM,No Pedestrians Involved,Dry,No Unusual Conditions,Daylight,Unknown,Unknown,Clear,Rear End,Intersection,Other Vehicle,Not Applicable,Not Applicable,At,,False,False,17380,BERRYESSA RD,CAPE BUFFALO DR,37.37469686,-121.8721446
325,722238,CR-0000103504,0,0,0,0,24-083-0451,False,False,0,3/23/2024 1:53:00 PM,No Pedestrians Involved,Wet,No Unusual Conditions,Daylight,Violation Driver 1,No Controls Present/Factor,Rain,Hit Object,Intersection,Fixed Object,Not Applicable,Not Applicable,At,HYDRANT,False,False,17380,BERRYESSA RD,CAPE BUFFALO DR,37.37469686,-121.8721446
326,722398,CR-0000103692,2,1,0,0,24-098-0871,True,False,203,4/7/2024 10:50:00 PM,No Pedestrians Involved,Dry,No Unusual Conditions,Dark - Street Light,Violation Driver 1,No Controls Present/Factor,Clear,Sideswipe,Non-Related,Other Vehicle,Not Applicable,Not Applicable,East Of,Tree/Light Pole,True,False,17380,BERRYESSA RD,CAPE BUFFALO DR,37.37469686,-121.8721446
327,681199,CR-0000090584,0,0,0,0,22-002-0784,False,False,41,1/2/2022 9:27:00 PM,No Pedestrians Involved,Dry,No Unusual Conditions,Dark - Street Light,Violation Driver 1,No Controls Present/Factor,Clear,Hit Object,Related,Fixed Object,Not Applicable,Not Applicable,West Of,,False,False,17511,BERRYESSA RD,JUNESONG WY,37.37590836,-121.8709996
328,696412,CR-0000099589,0,1,0,0,23-285-0239,False,False,0,10/20/2023 8:47:00 AM,No Pedestrians Involved,Dry,No Unusual Conditions,Daylight,Violation Driver 1,Controls Functioning,Clear,Broadside,Intersection,Other Vehicle,Not Applicable,Not Applicable,At,,False,True,17511,BERRYESSA RD,JUNESONG WY,37.37590836,-121.8709996
329,694372,CR-0000098316,2,1,0,0,23-165-0207,False,False,0,6/14/2023 8:22:00 AM,No Pedestrians Involved,Dry,No Unusual Conditions,Daylight,Violation Driver 1,Controls Functioning,Clear,Broadside,Intersection,Other Vehicle,Not Applicable,Not Applicable,At,,False,False,138467,BASKING RIDGE/HELLYER AV,SILICON VALLEY BL/TENNANT AV,37.25024926,-121.7705864
330,689469,CR-0000095446,0,0,0,0,22-365-0450,True,False,1056,12/31/2022 3:01:00 PM,No Pedestrians Involved,Wet,No Unusual Conditions,Daylight,Violation Driver 1,No Controls Present/Factor,Rain,Hit Object,Non-Related,Fixed Object,Not Applicable,Not Applicable,North Of,LIGHT POLE,True,False,138467,BASKING RIDGE/HELLYER AV,SILICON VALLEY BL/TENNANT AV,37.25024926,-121.7705864
331,689840,CR-0000095866,0,1,0,0,22-321-0661,True,False,633,11/17/2022 4:59:00 PM,No Pedestrians Involved,Dry,No Unusual Conditions,Dark - Street Light,Violation Driver 1,No Controls Present/Factor,Clear,Hit Object,Non-Related,Fixed Object,Not Applicable,Not Applicable,North Of,TREE & CURB,False,False,138467,BASKING RIDGE/HELLYER AV,SILICON VALLEY BL/TENNANT AV,37.25024926,-121.7705864
332,689940,CR-0000095998,1,0,0,0,22-222-0419,True,False,662,8/10/2022 11:55:00 AM,No Pedestrians Involved,Dry,No Unusual Conditions,Daylight,Violation Driver 1,No Controls Present/Factor,Clear,Hit Object,Non-Related,Fixed Object,Not Applicable,Not Applicable,North Of,"Curb, Tree",False,False,138467,BASKING RIDGE/HELLYER AV,SILICON VALLEY BL/TENNANT AV,37.25024926,-121.7705864
333,722169,CR-0000103435,0,0,0,0,24-075-0669,False,False,57,3/15/2024 5:45:00 PM,No Pedestrians Involved,Dry,No Unusual Conditions,Daylight,Violation Driver 1,Controls Functioning,Clear,Hit Object,Non-Related,Fixed Object,Not Applicable,Not Applicable,West Of,,False,False,138467,BASKING RIDGE/HELLYER AV,SILICON VALLEY BL/TENNANT AV,37.25024926,-121.7705864
334,696208,CR-0000099352,0,0,0,0,23-121-4000,False,True,51,4/29/2023 2:00:00 PM,No Pedestrians Involved,Unknown,Unknown,Unknown,Unknown,Unknown,Unknown,Sideswipe,Non-Related,Parked Vehicle,Not Applicable,Not Applicable,West Of,,False,False,124024,FORSUM RD,MENARD DR,37.23541803,-121.764518
335,682905,CR-0000092481,1,0,0,0,22-041-0833,False,False,0,2/10/2022 5:55:00 PM,No Pedestrians Involved,Dry,No Unusual Conditions,Daylight,Violation Driver 1,Controls Functioning,Clear,Broadside,Intersection,Motor Vehicle On Other Roadway,Not Applicable,Not Applicable,At,,True,True,47486,CURTNER AV,MERIDIAN AV,37.28033779,-121.912319
336,688818,CR-0000094673,0,0,0,0,22-289-0647,False,False,0,10/16/2022 6:12:00 PM,No Pedestrians Involved,Dry,No Unusual Conditions,Dark - Street Light,Violation Driver 1,Controls Functioning,Clear,Rear End,Intersection,Other Vehicle,Not Applicable,Not Applicable,At,,True,True,47486,CURTNER AV,MERIDIAN AV,37.28033779,-121.912319
337,690301,CR-0000096393,0,0,0,0,22-311-0747,False,False,0,11/7/2022 6:31:00 PM,No Pedestrians Involved,Dry,No Unusual Conditions,Daylight,Violation Driver 1,Controls Functioning,Clear,Rear End,Intersection,Other Vehicle,Not Applicable,Not Applicable,At,,True,False,47486,CURTNER AV,MERIDIAN AV,37.28033779,-121.912319
338,690854,CR-0000096995,0,0,0,0,23-017-0483,False,False,51,1/17/2023 1:20:00 PM,No Pedestrians Involved,Dry,No Unusual Conditions,Daylight,Violation Driver 1,Unknown,Clear,Sideswipe,Non-Related,Other Vehicle,Not Applicable,Not Applicable,East Of,,False,True,47486,CURTNER AV,MERIDIAN AV,37.28033779,-121.912319
339,716317,CR-0000102297,1,3,0,0,24-033-0849,False,False,20,2/2/2024 8:41:00 PM,No Pedestrians Involved,Wet,No Unusual Conditions,Dark - Street Light,Violation Driver 1,Controls Functioning,Rain,Rear End,Related,Other Vehicle,Not Applicable,Not Applicable,East Of,,True,True,47486,CURTNER AV,MERIDIAN AV,37.28033779,-121.912319
340,716166,CR-0000102120,1,0,0,0,24-024-0263,False,False,0,1/24/2024 10:14:00 AM,No Pedestrians Involved,Wet,No Unusual Conditions,Daylight,Violation Driver 1,Controls Functioning,Cloudy,Broadside,Intersection,Other Vehicle,Not Applicable,Not Applicable,At,,False,False,47486,CURTNER AV,MERIDIAN AV,37.28033779,-121.912319
341,689811,CR-0000095837,0,0,1,0,22-272-0903,False,False,250,9/29/2022 8:31:00 PM,No Pedestrians Involved,Dry,No Unusual Conditions,Dark - Street Light,Violation Driver 1,No Controls Present/Factor,Clear,Rear End,Non-Related,Parked Vehicle,Not Applicable,Not Applicable,South Of,,False,True,101980,PRINCETON DR,VASSAR DR,37.24335058,-121.8947536
342,722149,CR-0000103415,0,0,0,0,24-074-4000,False,True,51,3/13/2024 1:57:00 PM,No Pedestrians Involved,Unknown,Unknown,Unknown,Unknown,Unknown,Unknown,Sideswipe,Non-Related,Other Vehicle,Not Applicable,Not Applicable,East Of,,False,False,114828,MONTAGUE EX,RESEARCH PL,37.39971113,-121.9276902
343,691314,CR-0000097561,2,0,0,0,23-016-0706,False,False,0,1/16/2023 5:54:00 PM,No Pedestrians Involved,Dry,Unknown,Dark - Street Light,Violation Driver 1,Controls Functioning,Clear,Broadside,Intersection,Other Vehicle,Not Applicable,Not Applicable,At,,False,False,126500,ALVISO MILPITAS RD,ZANKER RD,37.41978337,-121.9396751
344,694515,CR-0000098509,0,1,0,0,23-163-0382,False,False,0,6/12/2023 11:47:00 AM,No Pedestrians Involved,Dry,No Unusual Conditions,Daylight,Violation Driver 1,Controls Not Functioning,Clear,Rear End,Intersection,Other Vehicle,Not Applicable,Not Applicable,At,,False,True,126500,ALVISO MILPITAS RD,ZANKER RD,37.41978337,-121.9396751
345,719550,CR-0000102697,2,1,0,0,24-088-0706,False,False,0,3/28/2024 6:11:00 PM,No Pedestrians Involved,Dry,No Unusual Conditions,Daylight,Violation Driver 1,Controls Functioning,Clear,Broadside,Intersection,Other Vehicle,Not Applicable,Not Applicable,At,,False,False,6456,ALVISO MILPITAS RD,ZANKER RD,37.42167023,-121.9400942
346,689643,CR-0000095625,1,0,0,0,22-321-0922,False,False,0,11/17/2022 10:30:00 PM,No Pedestrians Involved,Dry,No Unusual Conditions,Dark - Street Light,Violation Driver 1,Controls Functioning,Clear,Broadside,Intersection,Other Vehicle,Not Applicable,Not Applicable,At,,False,False,126642,LAFAYETTE ST,GOLD CONNECTOR ST,37.41827876,-121.9736699
347,722432,CR-0000103755,0,0,0,0,24-101-0800,False,False,860,4/10/2024 9:16:00 PM,No Pedestrians Involved,Dry,No Unusual Conditions,Dark - Street Light,Violation Driver 1,No Controls Present/Factor,Clear,Hit Object,Non-Related,Fixed Object,Not Applicable,Not Applicable,North Of,"CURB, WATER MAIN",True,False,126642,LAFAYETTE ST,GOLD CONNECTOR ST,37.41827876,-121.9736699
348,687440,CR-0000094219,0,1,0,0,22-274-0651,False,False,0,10/1/2022 4:35:00 PM,No Pedestrians Involved,Dry,No Unusual Conditions,Daylight,Violation Driver 1,No Controls Present/Factor,Clear,Vehicle/Bike,Intersection,Bike,Not Applicable,Not Applicable,At,BIKE,True,False,76119,JACKSON AV,PACHECO DR,37.37172564,-121.8565571
349,719579,CR-0000102735,1,0,0,0,24-081-0630,False,False,0,3/21/2024 3:17:00 PM,Crossing In Crosswalk - At Intersection,Dry,No Unusual Conditions,Daylight,Violation Driver 1,Unknown,Clear,Vehicle/Pedestrian,Intersection,Pedestrian,West,East,At,PED,False,True,76119,JACKSON AV,PACHECO DR,37.37172564,-121.8565571
350,716193,CR-0000102130,1,0,0,0,24-028-0615,False,False,133,1/28/2024 5:35:00 PM,Crossing In Crosswalk - At Intersection,Dry,No Unusual Conditions,Daylight,Violation Driver 1,No Controls Present/Factor,Clear,Rear End,Non-Related,Parked Vehicle,Not Applicable,Not Applicable,South Of,,False,False,76119,JACKSON AV,PACHECO DR,37.37172564,-121.8565571
351,711598,CR-0000100974,0,0,0,0,23-248-4010,False,True,0,9/5/2023 7:58:00 AM,No Pedestrians Involved,Unknown,Unknown,Daylight,Unknown,Unknown,Unknown,Broadside,Intersection,Unknown,Not Applicable,Not Applicable,At,,False,False,76119,JACKSON AV,PACHECO DR,37.37172564,-121.8565571
352,681954,CR-0000091463,0,0,0,0,22-085-0066,False,False,75,3/26/2022 1:30:00 AM,No Pedestrians Involved,Dry,No Unusual Conditions,Dark - No Street Light,Violation Driver 1,No Controls Present/Factor,Clear,Sideswipe,Non-Related,Parked Vehicle,Not Applicable,Not Applicable,South Of,,True,False,100957,PINE HOLLOW CI,UNDAJON DR,37.36983907,-121.8633756
353,688832,CR-0000094687,0,0,0,0,22-292-9701,False,True,0,10/18/2022 5:00:00 PM,No Pedestrians Involved,Dry,No Unusual Conditions,Daylight,Unknown,Controls Functioning,Clear,Broadside,Intersection,Other Vehicle,Not Applicable,Not Applicable,At,,False,False,54515,EDUCATIONAL PARK DR,MABURY RD,37.37093975,-121.8632509
354,691162,CR-0000097364,0,0,0,0,23-048-9727,False,True,51,2/15/2023 6:35:00 PM,No Pedestrians Involved,Dry,No Unusual Conditions,Dusk - Dawn,Unknown,Controls Functioning,Clear,Rear End,Non-Related,Other Vehicle,Not Applicable,Not Applicable,West Of,,False,False,54515,EDUCATIONAL PARK DR,MABURY RD,37.37093975,-121.8632509
355,690095,CR-0000096164,0,0,0,0,22-197-9702,False,True,51,7/16/2022 11:30:00 AM,No Pedestrians Involved,Dry,No Unusual Conditions,Daylight,Unknown,No Controls Present/Factor,Clear,Other,Non-Related,Parked Vehicle,Not Applicable,Not Applicable,West Of,,False,True,54515,EDUCATIONAL PARK DR,MABURY RD,37.37093975,-121.8632509
356,712093,CR-0000101493,0,0,0,0,23-266-9701,False,True,0,9/21/2023 10:00:00 AM,No Pedestrians Involved,Dry,No Unusual Conditions,Daylight,Unknown,Controls Functioning,Clear,Sideswipe,Intersection,Other Vehicle,Not Applicable,Not Applicable,At,,False,False,54515,EDUCATIONAL PARK DR,MABURY RD,37.37093975,-121.8632509
357,698800,CR-0000100081,0,1,0,0,23-346-0523,False,False,152,12/12/2023 2:08:00 PM,Not In Road,Dry,No Unusual Conditions,Daylight,Bike At Fault,No Controls Present/Factor,Clear,Vehicle/Pedestrian,Non-Related,Pedestrian,North,South,South Of,PED VS E.SCOOTER,False,True,73468,HOKETT WY,SHADELANDS DR,37.23140304,-121.8390802
358,683116,CR-0000092737,0,0,0,0,22-046-4000,False,True,51,2/15/2022 3:00:00 PM,No Pedestrians Involved,Unknown,Unknown,Unknown,Unknown,Unknown,Unknown,Sideswipe,Non-Related,Parked Vehicle,Not Applicable,Not Applicable,South Of,,False,False,13540,BARRON PARK DR,CHYNOWETH AV,37.25920247,-121.8473454
359,681930,CR-0000091434,0,1,0,0,22-090-0762,False,False,0,3/31/2022 5:59:00 PM,No Pedestrians Involved,Dry,No Unusual Conditions,Daylight,Violation Driver 1,No Controls Present/Factor,Clear,Broadside,Intersection,Motorcycle,Not Applicable,Not Applicable,At,,True,False,32460,CAPITOL AV,MABURY RD,37.37875191,-121.8519149
360,687530,CR-0000094319,1,0,0,0,22-264-1033,False,False,0,9/21/2022 11:51:00 PM,No Pedestrians Involved,Dry,No Unusual Conditions,Dark - Street Light,Violation Driver 1,Controls Functioning,Clear,Broadside,Intersection,Other Vehicle,Not Applicable,Not Applicable,At,,True,False,32460,CAPITOL AV,MABURY RD,37.37875191,-121.8519149
361,689967,CR-0000095968,1,0,0,0,22-321-0574,False,False,81,11/17/2022 3:18:00 PM,No Pedestrians Involved,Dry,No Unusual Conditions,Daylight,Violation Driver 1,Controls Functioning,Clear,Rear End,Non-Related,Other Vehicle,Not Applicable,Not Applicable,North Of,,False,False,32460,CAPITOL AV,MABURY RD,37.37875191,-121.8519149
362,690720,CR-0000096857,0,0,0,0,23-024-0611,False,False,0,1/24/2023 3:11:00 PM,No Pedestrians Involved,Dry,No Unusual Conditions,Daylight,Violation Driver 1,Controls Functioning,Clear,Rear End,Intersection,Other Vehicle,Not Applicable,Not Applicable,At,,True,True,32460,CAPITOL AV,MABURY RD,37.37875191,-121.8519149
363,692458,CR-0000097745,4,0,0,0,23-084-0716,False,False,189,3/25/2023 7:51:00 PM,No Pedestrians Involved,Dry,No Unusual Conditions,Dark - Street Light,Violation Driver 1,Controls Functioning,Clear,Rear End,Non-Related,Other Vehicle,Not Applicable,Not Applicable,West Of,,False,True,32460,CAPITOL AV,MABURY RD,37.37875191,-121.8519149
364,694036,CR-0000098156,1,1,0,0,23-134-0085,False,False,0,5/14/2023 1:20:00 AM,No Pedestrians Involved,Dry,No Unusual Conditions,Dark - Street Light,Violation Driver 1,Controls Functioning,Clear,Broadside,Intersection,Other Vehicle,Not Applicable,Not Applicable,At,,False,False,32460,CAPITOL AV,MABURY RD,37.37875191,-121.8519149
365,716132,CR-0000102151,1,0,0,0,24-027-0789,False,False,0,1/27/2024 10:20:00 PM,No Pedestrians Involved,Dry,No Unusual Conditions,Dark - Street Light,Violation Driver 1,Controls Functioning,Clear,Broadside,Intersection,Other Vehicle,Not Applicable,Not Applicable,At,,False,False,32460,CAPITOL AV,MABURY RD,37.37875191,-121.8519149
366,719765,CR-0000102938,0,0,0,0,24-024-4007,False,True,51,1/22/2024 1:35:00 PM,No Pedestrians Involved,Unknown,Unknown,Daylight,Unknown,Unknown,Unknown,Rear End,Non-Related,Other Vehicle,Not Applicable,Not Applicable,South Of,,False,False,32460,CAPITOL AV,MABURY RD,37.37875191,-121.8519149
367,719608,CR-0000102765,0,0,0,0,23-089-9701,False,True,51,3/29/2023 4:30:00 PM,No Pedestrians Involved,Wet,No Unusual Conditions,Daylight,Unknown,No Controls Present/Factor,Cloudy,Sideswipe,Non-Related,Other Vehicle,Not Applicable,Not Applicable,Unknown,,False,False,32460,CAPITOL AV,MABURY RD,37.37875191,-121.8519149
368,720925,CR-0000103160,0,0,0,0,24-046-4010,False,True,0,2/15/2024 10:25:00 AM,No Pedestrians Involved,Unknown,Unknown,Unknown,Unknown,Unknown,Unknown,Broadside,Intersection,Other Vehicle,Not Applicable,Not Applicable,At,,False,False,32460,CAPITOL AV,MABURY RD,37.37875191,-121.8519149
369,722228,CR-0000103494,0,0,0,0,24-082-1004,False,False,66,3/22/2024 11:12:00 PM,No Pedestrians Involved,Wet,Unknown,Dark - Street Light,Violation Driver 1,Controls Functioning,Rain,Other,Non-Related,Other Vehicle,Not Applicable,Not Applicable,North Of,,False,False,32460,CAPITOL AV,MABURY RD,37.37875191,-121.8519149
370,719528,CR-0000102657,2,0,0,0,24-063-0278,False,False,0,3/3/2024 10:00:00 AM,No Pedestrians Involved,Wet,No Unusual Conditions,Daylight,Unknown,No Controls Present/Factor,Rain,Broadside,Intersection,Other Vehicle,Not Applicable,Not Applicable,At,,False,False,86514,MABURY RD,ROUGH AND READY RD,37.38024294,-121.8477357
371,681390,CR-0000090779,0,0,1,0,22-019-0367,False,False,0,1/19/2022 11:43:00 AM,Crossing In Crosswalk - At Intersection,Dry,No Unusual Conditions,Daylight,Violation Driver 1,Unknown,Clear,Vehicle/Pedestrian,Intersection,Pedestrian,Unknown,Unknown,At,PEDESTRIAN,True,False,40248,CLEARVIEW DR,MABURY RD,37.37980017,-121.8494476
372,683410,CR-0000093003,1,0,0,0,22-148-0046,False,False,0,5/28/2022 12:59:00 AM,No Pedestrians Involved,Dry,No Unusual Conditions,Dark - Street Light,Violation Driver 1,No Controls Present/Factor,Clear,Sideswipe,Intersection,Parked Vehicle,Not Applicable,Not Applicable,At,,True,False,40248,CLEARVIEW DR,MABURY RD,37.37980017,-121.8494476
373,696493,CR-0000099671,1,0,0,0,23-334-0696,False,False,157,11/30/2023 5:40:00 PM,No Pedestrians Involved,Dry,No Unusual Conditions,Dark - Street Light,Bike At Fault,No Controls Present/Factor,Clear,Vehicle/Bike,Non-Related,Bike,Not Applicable,Not Applicable,West Of,BIKE,False,False,40248,CLEARVIEW DR,MABURY RD,37.37980017,-121.8494476
374,722350,CR-0000103644,1,1,0,0,24-094-0513,False,False,0,4/3/2024 2:44:00 PM,No Pedestrians Involved,Dry,No Unusual Conditions,Daylight,Violation Driver 1,No Controls Present/Factor,Clear,Broadside,Intersection,Other Vehicle,Not Applicable,Not Applicable,At,,False,False,86580,MABURY RD,VALLEY HEIGHTS DR,37.37996919,-121.8485633
375,682727,CR-0000092305,1,0,0,0,22-154-0209,False,False,0,6/3/2022 8:07:00 AM,No Pedestrians Involved,Dry,No Unusual Conditions,Daylight,Violation Driver 1,Controls Functioning,Clear,Head On,Intersection,Other Vehicle,Not Applicable,Not Applicable,At,,False,False,99450,PAYNE AV,SAN TOMAS EX,37.30117637,-121.9642854
376,681481,CR-0000090871,0,0,0,0,22-035-4002,False,True,0,2/3/2022 2:25:00 PM,No Pedestrians Involved,Unknown,Unknown,Daylight,Unknown,Unknown,Unknown,Sideswipe,Intersection,Other Vehicle,Not Applicable,Not Applicable,At,,False,False,99450,PAYNE AV,SAN TOMAS EX,37.30117637,-121.9642854
377,680585,CR-0000089846,0,0,0,1,22-046-0047,False,False,0,2/15/2022 1:16:00 AM,No Pedestrians Involved,Dry,Loose Material On Roadway,Dark - Street Light,Violation Driver 1,Controls Functioning,Clear,Hit Object,Intersection,Fixed Object,Not Applicable,Not Applicable,At,Curb,True,False,99450,PAYNE AV,SAN TOMAS EX,37.30117637,-121.9642854
378,685064,CR-0000093732,0,0,0,0,22-240-0658,False,False,51,8/28/2022 4:40:00 PM,No Pedestrians Involved,Dry,No Unusual Conditions,Daylight,Violation Driver 1,Controls Functioning,Clear,Rear End,Non-Related,Other Vehicle,Not Applicable,Not Applicable,East Of,,True,False,99450,PAYNE AV,SAN TOMAS EX,37.30117637,-121.9642854
379,685242,CR-0000093922,1,0,0,0,22-258-0523,False,False,38,9/15/2022 2:11:00 PM,No Pedestrians Involved,Dry,No Unusual Conditions,Daylight,Violation Driver 1,Controls Functioning,Clear,Rear End,Related,Other Vehicle,Not Applicable,Not Applicable,South Of,,True,False,99450,PAYNE AV,SAN TOMAS EX,37.30117637,-121.9642854
380,689158,CR-0000095039,0,0,0,0,22-319-0947,True,False,35,11/15/2022 10:26:00 PM,No Pedestrians Involved,Dry,No Unusual Conditions,Dark - Street Light,Violation Driver 1,Controls Functioning,Clear,Hit Object,Related,Fixed Object,Not Applicable,Not Applicable,South Of,GUARD RAIL,False,False,99450,PAYNE AV,SAN TOMAS EX,37.30117637,-121.9642854
381,694182,CR-0000098173,0,2,0,0,23-133-0881,False,False,30,5/13/2023 10:18:00 PM,No Pedestrians Involved,Dry,No Unusual Conditions,Dark - Street Light,Violation Driver 1,Controls Functioning,Clear,Rear End,Related,Other Vehicle,Not Applicable,Not Applicable,North Of,,True,False,99450,PAYNE AV,SAN TOMAS EX,37.30117637,-121.9642854