_id,CrashFactId,Name,MinorInjuries,ModerateInjuries,SevereInjuries,FatalInjuries,TcrNumber,CityDamageFlag,ShortFormFlag,Distance,CrashDateTime,PedestrianAction,RoadwaySurface,RoadwayCondition,Lighting,PrimaryCollisionFactor,TrafficControl,Weather,CollisionType,ProximityToIntersection,VehicleInvolvedWith,PedestrianDirectionFrom,PedestrianDirectionTo,DirectionFromIntersection,Comment,SpeedingFlag,HitAndRunFlag,IntersectionNumber,AStreetName,BStreetName,Latitude,Longitude
382,690960,CR-0000097131,1,0,0,0,23-036-0017,False,False,0,2/5/2023 12:19:00 AM,No Pedestrians Involved,Dry,No Unusual Conditions,Dark - Street Light,Violation Driver 1,Controls Functioning,Clear,Rear End,Intersection,Other Vehicle,Not Applicable,Not Applicable,At,,True,False,99450,PAYNE AV,SAN TOMAS EX,37.30117637,-121.9642854
383,689899,CR-0000095928,1,0,0,0,22-357-9707,False,True,0,12/22/2022 5:30:00 PM,No Pedestrians Involved,Dry,No Unusual Conditions,Daylight,Unknown,Controls Functioning,Clear,Vehicle/Bike,Intersection,Bike,Not Applicable,Not Applicable,At,BIKE,False,False,99450,PAYNE AV,SAN TOMAS EX,37.30117637,-121.9642854
384,689828,CR-0000095854,1,0,0,0,22-340-0302,False,False,0,12/6/2022 10:30:00 AM,No Pedestrians Involved,Wet,Unknown,Daylight,Violation Driver 1,Controls Functioning,Cloudy,Broadside,Intersection,Other Vehicle,Not Applicable,Not Applicable,At,,False,False,99450,PAYNE AV,SAN TOMAS EX,37.30117637,-121.9642854
385,722327,CR-0000103621,0,0,0,0,24-091-0297,False,False,0,3/31/2024 10:40:00 AM,No Pedestrians Involved,Dry,No Unusual Conditions,Daylight,Violation Driver 1,Controls Functioning,Clear,Rear End,Intersection,Other Vehicle,Not Applicable,Not Applicable,At,,False,False,99450,PAYNE AV,SAN TOMAS EX,37.30117637,-121.9642854
386,684695,CR-0000093323,0,1,0,0,22-174-0823,False,False,400,6/23/2022 8:32:00 PM,No Pedestrians Involved,Dry,No Unusual Conditions,Dark - Street Light,Violation Driver 1,No Controls Present/Factor,Clear,Head On,Non-Related,Fixed Object,Not Applicable,Not Applicable,North Of,Cement Barrier,False,False,39632,CLAITOR WY,LARIAT LN,37.39870974,-121.8187458
387,683196,CR-0000092778,0,0,0,0,22-093-9702,False,True,0,4/2/2022 9:15:00 PM,No Pedestrians Involved,Dry,No Unusual Conditions,Dark - Street Light,Unknown,Controls Functioning,Clear,Sideswipe,Intersection,Other Vehicle,Not Applicable,Not Applicable,At,,False,False,106292,SAN FERNANDO ST,SAN PEDRO ST,37.33322763,-121.8915057
388,681430,CR-0000090820,0,0,0,0,22-026-4004,False,True,51,1/26/2022 8:50:00 PM,No Pedestrians Involved,Unknown,Unknown,Unknown,Unknown,Unknown,Unknown,Sideswipe,Non-Related,Parked Vehicle,Not Applicable,Not Applicable,West Of,,False,False,54636,EDWARDS AV,PROSPECT ST,37.32049837,-121.8816703
389,692440,CR-0000097724,0,0,0,0,23-083-0768,False,False,0,3/24/2023 7:22:00 PM,No Pedestrians Involved,Dry,No Unusual Conditions,Daylight,Unknown,No Controls Present/Factor,Clear,Sideswipe,Intersection,Parked Vehicle,Not Applicable,Not Applicable,At,,False,True,54636,EDWARDS AV,PROSPECT ST,37.32049837,-121.8816703
390,684893,CR-0000093561,0,2,0,0,22-211-1027,False,False,16,7/30/2022 10:41:00 PM,No Pedestrians Involved,Dry,No Unusual Conditions,Dark - Street Light,Violation Driver 1,Controls Functioning,Clear,Head On,Related,Other Vehicle,Not Applicable,Not Applicable,East Of,,False,False,87966,MARKET ST,SAN FERNANDO ST,37.33363331,-121.8906926
391,694329,CR-0000098273,0,1,0,0,23-181-0549,False,False,38,6/30/2023 4:35:00 PM,No Pedestrians Involved,Dry,No Unusual Conditions,Daylight,Violation Driver 1,Controls Functioning,Clear,Rear End,Related,Motorcycle,Not Applicable,Not Applicable,South Of,,True,False,87966,MARKET ST,SAN FERNANDO ST,37.33363331,-121.8906926
392,691014,CR-0000097187,0,0,0,0,23-051-0109,True,False,47,2/20/2023 2:59:00 AM,No Pedestrians Involved,Dry,No Unusual Conditions,Dark - Street Light,Violation Driver 1,Controls Functioning,Clear,Hit Object,Related,Fixed Object,Not Applicable,Not Applicable,South Of,CEMENT PILLARS,False,False,87966,MARKET ST,SAN FERNANDO ST,37.33363331,-121.8906926
393,691140,CR-0000097336,0,0,0,0,22-343-4002,False,True,0,12/8/2022 10:00:00 AM,No Pedestrians Involved,Unknown,Unknown,Unknown,Unknown,Unknown,Unknown,Broadside,Intersection,Other Vehicle,Not Applicable,Not Applicable,At,,False,False,87966,MARKET ST,SAN FERNANDO ST,37.33363331,-121.8906926
394,717491,CR-0000102533,0,1,0,0,24-089-0179,False,False,0,3/29/2024 8:15:00 AM,Crossing In Crosswalk - At Intersection,Dry,No Unusual Conditions,Daylight,Violation Driver 1,Controls Functioning,Cloudy,Vehicle/Pedestrian,Intersection,Pedestrian,North,South,At,PED,False,False,87966,MARKET ST,SAN FERNANDO ST,37.33363331,-121.8906926
395,719850,CR-0000103023,0,0,0,0,24-041-0117,False,False,33,2/10/2024 2:00:00 AM,No Pedestrians Involved,Dry,No Unusual Conditions,Dark - Street Light,Violation Driver 1,Controls Functioning,Clear,Hit Object,Related,Fixed Object,Not Applicable,Not Applicable,South Of,HYDRANT,True,True,87966,MARKET ST,SAN FERNANDO ST,37.33363331,-121.8906926
396,716085,CR-0000102031,0,0,1,0,24-014-0080,False,False,51,1/14/2024 1:43:00 AM,Crossing - Not In Crosswalk,Slippery (Muddy Oily etc.),No Unusual Conditions,Dark - Street Light,Violation Driver 1,Unknown,Rain,Vehicle/Pedestrian,Non-Related,Pedestrian,Unknown,Unknown,North Of,PEDESTRIAN,True,True,87966,MARKET ST,SAN FERNANDO ST,37.33363331,-121.8906926
397,682756,CR-0000092339,1,0,0,0,22-131-0171,False,False,0,5/11/2022 7:58:00 AM,Crossing In Crosswalk - At Intersection,Dry,No Unusual Conditions,Daylight,Violation Driver 1,No Controls Present/Factor,Clear,Vehicle/Pedestrian,Intersection,Pedestrian,North,South,At,PED,False,True,102068,PROSPECT ST,WILLOW ST,37.31969677,-121.8808758
398,685076,CR-0000093747,0,0,0,0,22-216-0730,False,False,0,8/4/2022 5:25:00 PM,Crossing In Crosswalk - At Intersection,Dry,Unknown,Daylight,Violation Driver 1,No Controls Present/Factor,Clear,Vehicle/Pedestrian,Intersection,Pedestrian,South,North,At,PEDESTRIAN,False,False,4400,ALMADEN AV,SAN FERNANDO ST,37.33275642,-121.8925098
399,689466,CR-0000095443,0,0,0,0,22-352-0508,False,False,51,12/18/2022 4:21:00 PM,No Pedestrians Involved,Dry,No Unusual Conditions,Daylight,Violation Driver 1,Controls Functioning,Clear,Sideswipe,Non-Related,Other Vehicle,Not Applicable,Not Applicable,North Of,,False,True,4400,ALMADEN AV,SAN FERNANDO ST,37.33275642,-121.8925098
400,689955,CR-0000095991,1,1,0,0,22-227-0060,False,False,232,8/15/2022 1:15:00 AM,In Road - Includes Shoulder,Dry,No Unusual Conditions,Dark - Street Light,Violation Driver 1,Controls Functioning,Clear,Vehicle/Pedestrian,Non-Related,Pedestrian,East,West,North Of,PEDESTRIAN,True,True,4400,ALMADEN AV,SAN FERNANDO ST,37.33275642,-121.8925098
401,711893,CR-0000101214,0,0,0,0,23-330-4006,False,True,0,11/26/2023 2:30:00 AM,No Pedestrians Involved,Unknown,Unknown,Unknown,Unknown,Unknown,Unknown,Rear End,Intersection,Other Vehicle,Not Applicable,Not Applicable,At,,False,False,4400,ALMADEN AV,SAN FERNANDO ST,37.33275642,-121.8925098
402,694116,CR-0000098028,0,0,2,0,23-104-0065,False,False,36,4/14/2023 1:57:00 AM,No Pedestrians Involved,Dry,No Unusual Conditions,Dark - Street Light,Violation Driver 1,No Controls Present/Factor,Clear,Head On,Related,Parked Vehicle,Not Applicable,Not Applicable,South Of,,False,False,74645,HUMBOLDT ST,THIRD ST,37.31967422,-121.8754277
403,699345,CR-0000100672,0,0,0,0,23-185-4002,False,True,51,6/5/2023 1:30:00 PM,No Pedestrians Involved,Unknown,Unknown,Unknown,Unknown,Unknown,Unknown,Other,Non-Related,Other Vehicle,Not Applicable,Not Applicable,Unknown,,False,False,74645,HUMBOLDT ST,THIRD ST,37.31967422,-121.8754277
404,682313,CR-0000091876,0,1,0,0,22-097-0332,False,False,0,4/7/2022 10:57:00 AM,No Pedestrians Involved,Dry,No Unusual Conditions,Daylight,Violation Driver 1,No Controls Present/Factor,Clear,Head On,Intersection,Other Vehicle,Not Applicable,Not Applicable,At,,False,False,122539,RUBY AV,VINTAGE OAKS CT,37.31890635,-121.7774098
405,694487,CR-0000098481,2,0,0,0,23-179-0653,False,False,0,6/28/2023 5:23:00 PM,No Pedestrians Involved,Dry,No Unusual Conditions,Daylight,Violation Driver 1,Controls Functioning,Clear,Head On,Intersection,Other Vehicle,Not Applicable,Not Applicable,At,,False,False,105247,RUBY AV,MURILLO AV/TULLY RD,37.33868435,-121.7852016
406,694797,CR-0000098835,1,1,0,0,23-228-0809,False,False,0,8/16/2023 11:15:00 PM,No Pedestrians Involved,Dry,No Unusual Conditions,Dark - Street Light,Violation Driver 1,No Controls Present/Factor,Clear,Broadside,Intersection,Other Vehicle,Not Applicable,Not Applicable,At,,False,True,105247,RUBY AV,MURILLO AV/TULLY RD,37.33868435,-121.7852016
407,689518,CR-0000095495,0,1,0,0,22-359-0503,False,False,0,12/25/2022 4:58:00 PM,No Pedestrians Involved,Dry,No Unusual Conditions,Dusk - Dawn,Violation Driver 1,No Controls Present/Factor,Clear,Vehicle/Bike,Intersection,Bike,Not Applicable,Not Applicable,At,BIKE,True,False,105247,RUBY AV,MURILLO AV/TULLY RD,37.33868435,-121.7852016
408,690545,CR-0000096666,1,0,0,0,23-006-0407,False,False,111,1/6/2023 12:45:00 PM,No Pedestrians Involved,Dry,Unknown,Daylight,Violation Driver 1,Controls Functioning,Clear,Broadside,Non-Related,Other Vehicle,Not Applicable,Not Applicable,North Of,,False,False,114894,LUNDY AV,MCKAY DR,37.39176746,-121.889782
409,691073,CR-0000097246,1,0,0,0,23-047-0749,False,False,0,2/16/2023 7:40:00 PM,No Pedestrians Involved,Dry,No Unusual Conditions,Dark - Street Light,Violation Driver 1,Controls Functioning,Clear,Broadside,Intersection,Other Vehicle,Not Applicable,Not Applicable,At,,False,False,114894,LUNDY AV,MCKAY DR,37.39176746,-121.889782
410,682736,CR-0000092317,1,0,0,0,22-154-0822,False,False,51,6/3/2022 7:15:00 PM,No Pedestrians Involved,Dry,No Unusual Conditions,Daylight,Violation Driver 1,Unknown,Clear,Sideswipe,Non-Related,Other Vehicle,Not Applicable,Not Applicable,East Of,,False,False,118018,AUTOMATION PW/FROST DR,HOSTETTER RD,37.38797178,-121.8825594
411,682047,CR-0000091558,0,0,0,0,22-077-9703,False,True,0,3/17/2022 1:10:00 PM,No Pedestrians Involved,Dry,No Unusual Conditions,Daylight,Unknown,Controls Functioning,Clear,Other,Intersection,Other Vehicle,Not Applicable,Not Applicable,At,,False,False,118018,AUTOMATION PW/FROST DR,HOSTETTER RD,37.38797178,-121.8825594
412,685299,CR-0000093980,1,0,0,0,22-266-0685,False,False,353,9/23/2022 4:46:00 PM,No Pedestrians Involved,Dry,No Unusual Conditions,Daylight,Violation Driver 1,No Controls Present/Factor,Clear,Head On,Non-Related,Other Vehicle,Not Applicable,Not Applicable,West Of,,False,False,118018,AUTOMATION PW/FROST DR,HOSTETTER RD,37.38797178,-121.8825594
413,688736,CR-0000094562,0,0,0,0,22-233-4002,False,True,,8/21/2022 5:20:00 AM,No Pedestrians Involved,Unknown,Unknown,Unknown,Unknown,Unknown,Unknown,Rear End,Related,Other Vehicle,Not Applicable,Not Applicable,East Of,,False,True,118018,AUTOMATION PW/FROST DR,HOSTETTER RD,37.38797178,-121.8825594
414,689481,CR-0000095458,0,0,1,0,22-340-0067,False,False,378,12/6/2022 3:04:00 AM,In Road - Includes Shoulder,Wet,No Unusual Conditions,Dark - No Street Light,Pedestrian At Fault,No Controls Present/Factor,Rain,Vehicle/Pedestrian,Non-Related,Pedestrian,South,North,West Of,PED,False,False,118018,AUTOMATION PW/FROST DR,HOSTETTER RD,37.38797178,-121.8825594
415,690685,CR-0000096820,0,0,1,0,23-014-0901,True,False,0,1/14/2023 11:14:00 PM,No Pedestrians Involved,Wet,No Unusual Conditions,Dark - Street Light,Violation Driver 1,Controls Functioning,Rain,Hit Object,Intersection,Fixed Object,Not Applicable,Not Applicable,At,LIGHT POLE,False,False,118018,AUTOMATION PW/FROST DR,HOSTETTER RD,37.38797178,-121.8825594
416,694643,CR-0000098676,1,0,0,0,23-210-0243,False,False,0,7/29/2023 7:23:00 AM,No Pedestrians Involved,Dry,No Unusual Conditions,Dusk - Dawn,Violation Driver 1,Controls Functioning,Clear,Head On,Intersection,Other Vehicle,Not Applicable,Not Applicable,At,,False,False,118018,AUTOMATION PW/FROST DR,HOSTETTER RD,37.38797178,-121.8825594
417,715978,CR-0000101896,0,0,0,0,23-331-0616,True,False,1118,11/27/2023 3:03:00 PM,No Pedestrians Involved,Dry,No Unusual Conditions,Daylight,Violation Driver 1,No Controls Present/Factor,Clear,Hit Object,Non-Related,Fixed Object,Not Applicable,Not Applicable,North Of,LIGHT POLE 7M355,True,False,118018,AUTOMATION PW/FROST DR,HOSTETTER RD,37.38797178,-121.8825594
418,719816,CR-0000102989,0,0,0,0,24-044-9705,False,True,0,2/5/2024 10:05:00 PM,No Pedestrians Involved,Dry,No Unusual Conditions,Dark - Street Light,Unknown,Controls Functioning,Clear,Sideswipe,Intersection,Other Vehicle,Not Applicable,Not Applicable,At,,False,False,118018,AUTOMATION PW/FROST DR,HOSTETTER RD,37.38797178,-121.8825594
419,719638,CR-0000102799,0,0,0,0,24-004-4009,False,True,51,1/4/2024 12:25:00 PM,No Pedestrians Involved,Unknown,Unknown,Unknown,Unknown,Unknown,Unknown,Other,Non-Related,Other Vehicle,Not Applicable,Not Applicable,Unknown,,False,False,118018,AUTOMATION PW/FROST DR,HOSTETTER RD,37.38797178,-121.8825594
420,722237,CR-0000103503,0,0,0,1,24-235-0913,False,False,333,8/22/2024 8:49:00 PM,In Road - Includes Shoulder,Dry,No Unusual Conditions,Dark - Street Light,Pedestrian At Fault,No Controls Present/Factor,Clear,Vehicle/Pedestrian,Non-Related,Pedestrian,South,North,West Of,PED,False,False,118018,AUTOMATION PW/FROST DR,HOSTETTER RD,37.38797178,-121.8825594
421,698906,CR-0000100206,1,0,0,0,23-314-0059,False,False,90,11/9/2023 10:30:00 AM,No Pedestrians Involved,Dry,No Unusual Conditions,Dark - Street Light,Bike At Fault,No Controls Present/Factor,Clear,Vehicle/Bike,Non-Related,Scooter Motorized,Not Applicable,Not Applicable,North Of,E.SCOOTER,False,False,87977,MARKET ST,SAN SALVADOR ST,37.32960763,-121.886862
422,721970,CR-0000103224,0,0,0,0,24-057-9701,False,True,51,2/18/2024 8:40:00 AM,No Pedestrians Involved,Dry,No Unusual Conditions,Daylight,Unknown,Unknown,Clear,Other,Non-Related,Parked Vehicle,Not Applicable,Not Applicable,North Of,,False,False,87977,MARKET ST,SAN SALVADOR ST,37.32960763,-121.886862
423,689347,CR-0000095335,1,0,0,0,22-325-0791,False,False,100,11/24/2022 7:13:00 PM,No Pedestrians Involved,Dry,No Unusual Conditions,Dark - Street Light,Violation Driver 1,Controls Functioning,Clear,Sideswipe,Non-Related,Other Vehicle,Not Applicable,Not Applicable,North Of,,False,False,105896,SAN ANTONIO ST,TENTH ST,37.3374309,-121.8786072
424,683145,CR-0000092720,0,0,0,0,22-045-4001,False,True,,2/12/2022 7:30:00 PM,No Pedestrians Involved,Unknown,Unknown,Unknown,Unknown,Unknown,Unknown,Sideswipe,Related,Parked Vehicle,Not Applicable,Not Applicable,South Of,,False,False,105896,SAN ANTONIO ST,TENTH ST,37.3374309,-121.8786072
425,698719,CR-0000099968,0,0,0,0,23-148-0643,False,False,35,5/28/2023 5:59:00 PM,No Pedestrians Involved,Dry,No Unusual Conditions,Daylight,Violation Driver 1,Controls Functioning,Clear,Rear End,Related,Other Vehicle,Not Applicable,Not Applicable,North Of,,False,True,105896,SAN ANTONIO ST,TENTH ST,37.3374309,-121.8786072
426,681978,CR-0000091487,0,0,0,0,22-080-0983,False,False,0,3/21/2022 9:16:00 PM,Crossing In Crosswalk - At Intersection,Dry,No Unusual Conditions,Dark - Street Light,Violation Driver 1,Controls Functioning,Clear,Vehicle/Pedestrian,Intersection,Pedestrian,South,North,At,PEDESTRIAN,False,False,55802,ELEVENTH ST,SAN ANTONIO ST,37.33793382,-121.8775547
427,688849,CR-0000094704,0,0,0,0,22-196-0136,False,False,204,10/23/2022 2:28:00 AM,No Pedestrians Involved,Dry,No Unusual Conditions,Dark - Street Light,Violation Driver 1,No Controls Present/Factor,Clear,Sideswipe,Non-Related,Parked Vehicle,Not Applicable,Not Applicable,South Of,,False,True,55802,ELEVENTH ST,SAN ANTONIO ST,37.33793382,-121.8775547
428,696267,CR-0000099414,0,0,0,0,23-103-0132,False,False,300,4/13/2023 5:16:00 AM,No Pedestrians Involved,Dry,No Unusual Conditions,Dark - Street Light,Violation Driver 1,Controls Functioning,Clear,Rear End,Non-Related,Parked Vehicle,Not Applicable,Not Applicable,South Of,,False,False,55802,ELEVENTH ST,SAN ANTONIO ST,37.33793382,-121.8775547
429,690500,CR-0000096603,0,0,0,0,22-297-9702,False,True,51,10/28/2022 3:16:00 AM,No Pedestrians Involved,Dry,No Unusual Conditions,Dark - Street Light,Unknown,No Controls Present/Factor,Clear,Sideswipe,Non-Related,Parked Vehicle,Not Applicable,Not Applicable,South Of,,False,True,55802,ELEVENTH ST,SAN ANTONIO ST,37.33793382,-121.8775547
430,722450,CR-0000103761,0,0,0,0,24-101-4007,False,True,51,4/10/2024 12:40:00 AM,No Pedestrians Involved,Unknown,Unknown,Unknown,Unknown,Unknown,Unknown,Other,Non-Related,Parked Vehicle,Not Applicable,Not Applicable,South Of,,False,False,55802,ELEVENTH ST,SAN ANTONIO ST,37.33793382,-121.8775547
431,689386,CR-0000095371,2,0,0,0,22-310-0069,False,False,33,11/6/2022 1:29:00 AM,No Pedestrians Involved,Wet,No Unusual Conditions,Dark - Street Light,Violation Driver 1,Controls Functioning,Rain,Head On,Related,Other Vehicle,Not Applicable,Not Applicable,West Of,,False,True,87955,MARKET ST,SAN CARLOS ST,37.33087334,-121.8883885
432,683475,CR-0000093071,0,0,0,0,22-218-4001,False,True,51,8/6/2022 11:25:00 AM,No Pedestrians Involved,Unknown,Unknown,Daylight,Unknown,Unknown,Unknown,Sideswipe,Non-Related,Other Vehicle,Not Applicable,Not Applicable,South Of,,False,False,87955,MARKET ST,SAN CARLOS ST,37.33087334,-121.8883885
433,682700,CR-0000092278,0,0,0,0,22-150-0008,False,False,,5/30/2022 12:06:00 AM,No Pedestrians Involved,Dry,No Unusual Conditions,Dark - Street Light,Violation Driver 1,Controls Functioning,Clear,Rear End,Related,Motor Vehicle On Other Roadway,Not Applicable,Not Applicable,Unknown,,True,True,87955,MARKET ST,SAN CARLOS ST,37.33087334,-121.8883885
434,682612,CR-0000092179,0,0,0,0,22-125-0656,False,False,249,5/5/2022 5:17:00 PM,No Pedestrians Involved,Dry,No Unusual Conditions,Daylight,Violation Driver 1,Unknown,Clear,Sideswipe,Non-Related,Parked Vehicle,Not Applicable,Not Applicable,South Of,,False,False,87955,MARKET ST,SAN CARLOS ST,37.33087334,-121.8883885
435,691287,CR-0000097532,0,0,0,0,23-049-0615,False,False,42,2/18/2023 4:56:00 PM,No Pedestrians Involved,Dry,No Unusual Conditions,Daylight,Violation Driver 1,No Controls Present/Factor,Clear,Sideswipe,Related,Parked Vehicle,Not Applicable,Not Applicable,South Of,,False,True,87955,MARKET ST,SAN CARLOS ST,37.33087334,-121.8883885
436,699003,CR-0000100307,1,0,0,0,23-314-0074,True,False,0,11/10/2023 2:06:00 AM,No Pedestrians Involved,Dry,No Unusual Conditions,Dark - Street Light,Unknown,Controls Functioning,Clear,Hit Object,Intersection,Fixed Object,Not Applicable,Not Applicable,At,LIGHTPOLE,False,False,87955,MARKET ST,SAN CARLOS ST,37.33087334,-121.8883885
437,722360,CR-0000103654,0,1,0,0,24-092-0034,False,False,162,4/1/2024 12:55:00 AM,No Pedestrians Involved,Dry,No Unusual Conditions,Dark - Street Light,Violation Driver 1,Controls Functioning,Clear,Hit Object,Non-Related,Fixed Object,Not Applicable,Not Applicable,North Of,,True,False,87955,MARKET ST,SAN CARLOS ST,37.33087334,-121.8883885
438,722013,CR-0000103267,0,0,0,0,24-056-0831,False,False,183,2/25/2024 8:47:00 PM,No Pedestrians Involved,Dry,No Unusual Conditions,Dark - Street Light,Violation Driver 1,Controls Functioning,Clear,Hit Object,Non-Related,Fixed Object,Not Applicable,Not Applicable,South Of,FIRE HYDRANT,False,False,87955,MARKET ST,SAN CARLOS ST,37.33087334,-121.8883885
439,719801,CR-0000102974,0,0,0,0,24-035-0098,True,False,170,2/4/2024 2:20:00 AM,No Pedestrians Involved,Wet,No Unusual Conditions,Dark - Street Light,Violation Driver 1,Controls Functioning,Rain,Hit Object,Non-Related,Fixed Object,Not Applicable,Not Applicable,North Of,LIGHTPOLE,False,True,87955,MARKET ST,SAN CARLOS ST,37.33087334,-121.8883885
440,716064,CR-0000102042,2,0,0,0,24-016-0115,False,False,170,1/16/2024 6:22:00 AM,No Pedestrians Involved,Dry,No Unusual Conditions,Dark - Street Light,Violation Driver 1,Controls Functioning,Clear,Broadside,Non-Related,Other Vehicle,Not Applicable,Not Applicable,South Of,,True,True,87955,MARKET ST,SAN CARLOS ST,37.33087334,-121.8883885
441,712259,CR-0000101714,0,0,0,0,23-003-4003,False,True,51,1/3/2023 4:30:00 PM,No Pedestrians Involved,Unknown,Unknown,Unknown,Unknown,Unknown,Unknown,Other,Non-Related,Other Vehicle,Not Applicable,Not Applicable,North Of,,False,False,87955,MARKET ST,SAN CARLOS ST,37.33087334,-121.8883885
442,683330,CR-0000092917,0,0,0,0,22-152-4006,False,True,51,6/1/2022 5:20:00 AM,No Pedestrians Involved,Unknown,Unknown,Dusk - Dawn,Unknown,Unknown,Unknown,Broadside,Non-Related,Other Vehicle,Not Applicable,Not Applicable,East Of,,False,False,4520,ALMADEN BL,SAN CARLOS ST,37.32944339,-121.8913444
443,684952,CR-0000093617,0,0,0,0,22-217-0902,False,False,300,8/5/2022 9:43:00 PM,No Pedestrians Involved,Dry,No Unusual Conditions,Dark - Street Light Not Functioning,Violation Driver 1,No Controls Present/Factor,Clear,Hit Object,Non-Related,Fixed Object,Not Applicable,Not Applicable,East Of,HYDRANT,False,True,4520,ALMADEN BL,SAN CARLOS ST,37.32944339,-121.8913444
444,688902,CR-0000094761,0,0,0,0,22-277-0915,False,False,0,10/4/2022 8:35:00 PM,No Pedestrians Involved,Dry,No Unusual Conditions,Dark - Street Light,Violation Driver 1,Controls Functioning,Clear,Sideswipe,Intersection,Train,Not Applicable,Not Applicable,At,,False,False,4520,ALMADEN BL,SAN CARLOS ST,37.32944339,-121.8913444
445,694792,CR-0000098830,0,1,0,0,23-182-0618,False,False,0,7/1/2023 3:58:00 PM,No Pedestrians Involved,Dry,Unknown,Daylight,Violation Driver 1,Unknown,Clear,Hit Object,Intersection,Fixed Object,Not Applicable,Not Applicable,At,,False,False,4520,ALMADEN BL,SAN CARLOS ST,37.32944339,-121.8913444
446,711930,CR-0000100945,0,0,0,0,23-251-9701,False,True,,3/3/2023 4:00:00 PM,No Pedestrians Involved,Dry,No Unusual Conditions,Daylight,Unknown,Controls Functioning,Clear,Rear End,Related,Other Vehicle,Not Applicable,Not Applicable,Unknown,,False,False,4520,ALMADEN BL,SAN CARLOS ST,37.32944339,-121.8913444
447,720903,CR-0000103129,0,0,0,0,24-030-0127,True,False,392,1/30/2024 5:40:00 AM,No Pedestrians Involved,Dry,No Unusual Conditions,Dark - Street Light,Violation Driver 1,Controls Functioning,Clear,Hit Object,Non-Related,Fixed Object,Not Applicable,Not Applicable,West Of,STREET LIGHTPOLE,True,True,4520,ALMADEN BL,SAN CARLOS ST,37.32944339,-121.8913444
448,694806,CR-0000098844,1,0,0,0,23-219-0723,False,False,0,8/7/2023 5:03:00 PM,No Pedestrians Involved,Dry,No Unusual Conditions,Daylight,Violation Driver 1,Controls Functioning,Clear,Broadside,Intersection,Other Vehicle,Not Applicable,Not Applicable,At,,False,False,101859,SAN CARLOS ST,WOZ WY,37.32810318,-121.89428
449,690831,CR-0000096970,0,0,0,0,23-029-0222,True,False,45,1/29/2023 6:17:00 AM,No Pedestrians Involved,Wet,No Unusual Conditions,Daylight,Violation Driver 1,Controls Functioning,Rain,Hit Object,Related,Fixed Object,Not Applicable,Not Applicable,West Of,Metal Poles,False,False,101859,SAN CARLOS ST,WOZ WY,37.32810318,-121.89428
450,694253,CR-0000097941,0,0,0,0,23-076-0117,False,False,44,3/17/2023 4:13:00 AM,No Pedestrians Involved,Dry,No Unusual Conditions,Dark - Street Light,Violation Driver 1,Controls Functioning,Clear,Hit Object,Related,Fixed Object,Not Applicable,Not Applicable,West Of,VTA POLE,False,True,101859,SAN CARLOS ST,WOZ WY,37.32810318,-121.89428
451,722065,CR-0000103319,0,0,0,0,24-062-0908,True,False,0,3/2/2024 11:45:00 PM,No Pedestrians Involved,Wet,No Unusual Conditions,Dark - Street Light,Violation Driver 1,Controls Functioning,Rain,Hit Object,Intersection,Fixed Object,Not Applicable,Not Applicable,At,,True,False,101859,SAN CARLOS ST,WOZ WY,37.32810318,-121.89428
452,682953,CR-0000092570,0,1,0,0,22-119-0112,False,False,500,4/29/2022 5:52:00 AM,No Pedestrians Involved,Dry,No Unusual Conditions,Daylight,Violation Driver 1,No Controls Present/Factor,Clear,Head On,Non-Related,Parked Vehicle,Not Applicable,Not Applicable,South Of,,True,True,102926,RANCHERO WY,WILL ROGERS DR,37.30730625,-121.9734542
453,681397,CR-0000090787,0,0,0,0,22-024-4001,False,True,51,1/22/2022 12:00:00 PM,No Pedestrians Involved,Unknown,Unknown,Daylight,Unknown,Unknown,Unknown,Broadside,Non-Related,Parked Vehicle,Not Applicable,Not Applicable,South Of,,False,False,102926,RANCHERO WY,WILL ROGERS DR,37.30730625,-121.9734542
454,691276,CR-0000097521,2,0,0,0,23-057-0752,False,False,0,2/26/2023 8:11:00 PM,No Pedestrians Involved,Dry,No Unusual Conditions,Dark - Street Light,Violation Driver 1,Controls Functioning,Clear,Broadside,Intersection,Other Vehicle,Not Applicable,Not Applicable,At,,False,False,102926,RANCHERO WY,WILL ROGERS DR,37.30730625,-121.9734542
455,716168,CR-0000102135,1,0,0,0,24-029-0739,False,False,0,1/29/2024 7:06:00 PM,Crossing In Crosswalk - At Intersection,Dry,No Unusual Conditions,Dark - Street Light,Violation Driver 1,No Controls Present/Factor,Clear,Vehicle/Pedestrian,Intersection,Pedestrian,North,South,At,PEDESTRIAN,True,False,102926,RANCHERO WY,WILL ROGERS DR,37.30730625,-121.9734542
456,722455,CR-0000103730,0,0,0,0,24-100-0119,False,False,318,4/9/2024 4:30:00 AM,No Pedestrians Involved,Dry,No Unusual Conditions,Daylight,Violation Driver 1,No Controls Present/Factor,Clear,Head On,Non-Related,Parked Vehicle,Not Applicable,Not Applicable,South Of,,True,True,102926,RANCHERO WY,WILL ROGERS DR,37.30730625,-121.9734542
457,688851,CR-0000094707,1,0,0,0,22-262-0762,False,False,300,9/19/2022 6:57:00 PM,No Pedestrians Involved,Dry,No Unusual Conditions,Daylight,Violation Driver 1,Unknown,Clear,Broadside,Non-Related,Motorcycle,Not Applicable,Not Applicable,South Of,,True,False,96942,OAKMONT DR,WILL ROGERS DR,37.30735242,-121.9711859