_id,CrashFactId,Name,MinorInjuries,ModerateInjuries,SevereInjuries,FatalInjuries,TcrNumber,CityDamageFlag,ShortFormFlag,Distance,CrashDateTime,PedestrianAction,RoadwaySurface,RoadwayCondition,Lighting,PrimaryCollisionFactor,TrafficControl,Weather,CollisionType,ProximityToIntersection,VehicleInvolvedWith,PedestrianDirectionFrom,PedestrianDirectionTo,DirectionFromIntersection,Comment,SpeedingFlag,HitAndRunFlag,IntersectionNumber,AStreetName,BStreetName,Latitude,Longitude
458,682046,CR-0000091557,1,0,0,0,22-016-0555,False,False,380,1/16/2022 5:14:00 PM,In Road - Includes Shoulder,Dry,No Unusual Conditions,Daylight,Violation Driver 1,No Controls Present/Factor,Clear,Vehicle/Pedestrian,Non-Related,Pedestrian,West,East,East Of,PEDESTRIAN,False,False,31041,CAMINO VERDE DR,SANTA TERESA BL,37.23700191,-121.8011327
459,696353,CR-0000099509,0,0,0,1,23-352-0760,False,False,196,12/18/2023 6:05:00 PM,Not In Road,Wet,No Unusual Conditions,Dusk - Dawn,Violation Driver 1,No Controls Present/Factor,Rain,Vehicle/Pedestrian,Non-Related,Pedestrian,West,East,West Of,PED (DELAYED FATAL),False,False,31041,CAMINO VERDE DR,SANTA TERESA BL,37.23700191,-121.8011327
460,698632,CR-0000099856,0,0,0,0,23-146-0751,False,False,0,5/26/2023 6:32:00 PM,No Pedestrians Involved,Dry,No Unusual Conditions,Daylight,Violation Driver 1,Controls Functioning,Clear,Broadside,Driveway,Other Vehicle,Not Applicable,Not Applicable,At,,False,True,31041,CAMINO VERDE DR,SANTA TERESA BL,37.23700191,-121.8011327
461,681602,CR-0000090999,0,1,0,0,22-047-0070,False,False,497,2/16/2022 1:44:00 AM,No Pedestrians Involved,Dry,No Unusual Conditions,Dark - Street Light,Violation Driver 1,No Controls Present/Factor,Clear,Broadside,Non-Related,Other Vehicle,Not Applicable,Not Applicable,East Of,,True,False,138368,CHARLOTTE DR,RALEIGH RD,37.24586489,-121.801117
462,689245,CR-0000095208,1,0,0,0,22-304-0908,False,False,41,10/31/2022 9:41:00 PM,No Pedestrians Involved,Dry,No Unusual Conditions,Dark - Street Light,Violation Driver 1,No Controls Present/Factor,Clear,Rear End,Related,Parked Vehicle,Not Applicable,Not Applicable,East Of,,False,False,138368,CHARLOTTE DR,RALEIGH RD,37.24586489,-121.801117
463,684819,CR-0000093360,0,0,0,0,22-182-4000,False,True,51,7/1/2022 7:00:00 AM,No Pedestrians Involved,Unknown,Unknown,Daylight,Unknown,Unknown,Unknown,Sideswipe,Non-Related,Parked Vehicle,Not Applicable,Not Applicable,South Of,,False,False,138368,CHARLOTTE DR,RALEIGH RD,37.24586489,-121.801117
464,696109,CR-0000099249,0,0,0,0,23-225-0174,False,False,42,8/13/2023 4:50:00 AM,No Pedestrians Involved,Dry,No Unusual Conditions,Dark - Street Light,Violation Driver 1,No Controls Present/Factor,Clear,Sideswipe,Related,Parked Vehicle,Not Applicable,Not Applicable,West Of,,False,False,138368,CHARLOTTE DR,RALEIGH RD,37.24586489,-121.801117
465,695875,CR-0000098940,0,0,0,0,23-098-0477,False,False,1345,4/8/2023 2:00:00 PM,No Pedestrians Involved,Dry,No Unusual Conditions,Daylight,Violation Driver 1,No Controls Present/Factor,Clear,Rear End,Non-Related,Parked Vehicle,Not Applicable,Not Applicable,East Of,,False,True,138368,CHARLOTTE DR,RALEIGH RD,37.24586489,-121.801117
466,719510,CR-0000102630,0,1,0,0,24-071-0887,False,False,1482,3/11/2024 8:40:00 PM,No Pedestrians Involved,Dry,No Unusual Conditions,Dark - Street Light,Violation Driver 1,No Controls Present/Factor,Cloudy,Other,Non-Related,Non-Collision,Not Applicable,Not Applicable,East Of,MC,True,False,138368,CHARLOTTE DR,RALEIGH RD,37.24586489,-121.801117
467,720941,CR-0000103176,0,0,0,0,24-048-0549,False,False,147,2/17/2024 5:02:00 PM,No Pedestrians Involved,Wet,No Unusual Conditions,Daylight,Violation Driver 1,Controls Functioning,Rain,Sideswipe,Non-Related,Other Vehicle,Not Applicable,Not Applicable,South Of,,True,True,138368,CHARLOTTE DR,RALEIGH RD,37.24586489,-121.801117
468,711994,CR-0000101188,0,0,0,0,23-316-9701,False,True,51,11/10/2023 1:40:00 PM,No Pedestrians Involved,Unknown,No Unusual Conditions,Unknown,Unknown,Unknown,Clear,Other,Non-Related,Parked Vehicle,Not Applicable,Not Applicable,East Of,,False,False,138368,CHARLOTTE DR,RALEIGH RD,37.24586489,-121.801117
469,696392,CR-0000099568,0,0,0,0,23-152-4006,False,True,51,5/29/2023 9:14:00 PM,No Pedestrians Involved,Unknown,Unknown,Unknown,Unknown,Unknown,Unknown,Sideswipe,Non-Related,Parked Vehicle,Not Applicable,Not Applicable,South Of,,False,False,14607,BATTLE DANCE DR,SNOW DR,37.26729236,-121.8066639
470,681362,CR-0000090749,0,0,0,0,22-016-4000,False,True,51,1/16/2022 12:05:00 AM,No Pedestrians Involved,Unknown,Unknown,Unknown,Unknown,Unknown,Unknown,Rear End,Non-Related,Parked Vehicle,Not Applicable,Not Applicable,North Of,,False,False,19205,BLAIRBURRY WY,DUNSBURRY WY,37.25330622,-121.8488093
471,681725,CR-0000091123,1,1,0,0,22-050-0254,False,False,0,2/19/2022 9:49:00 AM,No Pedestrians Involved,Dry,No Unusual Conditions,Daylight,Violation Driver 1,No Controls Present/Factor,Clear,Broadside,Intersection,Other Vehicle,Not Applicable,Not Applicable,At,,False,False,106732,SAN RAMON WY,SENTER RD,37.27811492,-121.8269869
472,688777,CR-0000094621,0,0,0,0,22-297-4001,False,True,51,10/23/2022 9:51:00 PM,No Pedestrians Involved,Unknown,Unknown,Unknown,Unknown,Unknown,Unknown,Sideswipe,Non-Related,Other Vehicle,Not Applicable,Not Applicable,West Of,,False,True,106732,SAN RAMON WY,SENTER RD,37.27811492,-121.8269869
473,722460,CR-0000103728,0,0,0,0,24-014-0002,False,False,102,1/14/2024 12:38:00 AM,No Pedestrians Involved,Wet,No Unusual Conditions,Dark - Street Light,Violation Driver 1,No Controls Present/Factor,Rain,Sideswipe,Non-Related,Parked Vehicle,Not Applicable,Not Applicable,West Of,,True,True,106732,SAN RAMON WY,SENTER RD,37.27811492,-121.8269869
474,696102,CR-0000099240,0,0,0,0,23-231-0258,False,False,0,8/19/2023 9:00:00 AM,No Pedestrians Involved,Dry,No Unusual Conditions,Daylight,Violation Driver 1,Controls Functioning,Clear,Broadside,Intersection,Other Vehicle,Not Applicable,Not Applicable,At,,True,True,33956,CARRYBACK AV,ROUNDTABLE DR,37.26084698,-121.8024017
475,717415,CR-0000102428,0,0,0,0,24-002-4002,False,True,51,12/31/2023 7:12:00 PM,No Pedestrians Involved,Unknown,Unknown,Unknown,Unknown,Unknown,Unknown,Other,Non-Related,Parked Vehicle,Not Applicable,Not Applicable,North Of,,False,False,106721,SAN RAMON WY,SANTA ROSA DR,37.27883934,-121.8270022
476,682954,CR-0000092557,0,0,0,0,22-165-0671,False,False,160,6/14/2022 4:37:00 PM,No Pedestrians Involved,Dry,No Unusual Conditions,Daylight,Violation Driver 1,No Controls Present/Factor,Clear,Sideswipe,Non-Related,Other Vehicle,Not Applicable,Not Applicable,South Of,,False,True,112420,TULLY RD,VISTA VERDE DR,37.3367687,-121.7943712
477,716059,CR-0000102037,0,0,0,0,24-016-9703,False,True,51,1/15/2024 7:00:00 AM,No Pedestrians Involved,Dry,No Unusual Conditions,Dark - No Street Light,Unknown,No Controls Present/Factor,Cloudy,Sideswipe,Non-Related,Other Vehicle,Not Applicable,Not Applicable,Unknown,,False,True,112420,TULLY RD,VISTA VERDE DR,37.3367687,-121.7943712
478,691072,CR-0000097245,2,0,0,0,23-046-0653,False,False,0,2/15/2023 3:30:00 PM,No Pedestrians Involved,Dry,No Unusual Conditions,Daylight,Violation Driver 1,Controls Functioning,Clear,Broadside,Intersection,Other Vehicle,Not Applicable,Not Applicable,At,,False,False,30073,CAMDEN AV,LITTLE FALLS DR,37.22211238,-121.8715878
479,711779,CR-0000101154,0,0,0,0,23-285-4000,False,True,51,10/12/2023 12:45:00 AM,No Pedestrians Involved,Unknown,Unknown,Unknown,Unknown,Unknown,Unknown,Sideswipe,Non-Related,Parked Vehicle,Not Applicable,Not Applicable,West Of,,False,False,97404,OLDFIELD WY,SNOWBANK CT,37.30818371,-121.7741037
480,722068,CR-0000103322,0,0,0,0,24-062-4009,False,True,0,3/2/2024 8:36:00 AM,No Pedestrians Involved,Unknown,Unknown,Unknown,Unknown,Unknown,Wind,Broadside,Intersection,Other Vehicle,Not Applicable,Not Applicable,At,,False,False,125366,SHADOW RIDGE WY,SILVER CREEK VALLEY RD,37.29534942,-121.7843428
481,689186,CR-0000095041,1,1,0,0,22-320-0671,False,False,0,11/16/2022 5:21:00 PM,No Pedestrians Involved,Dry,No Unusual Conditions,Dark - Street Light,Violation Driver 1,No Controls Present/Factor,Clear,Broadside,Intersection,Other Vehicle,Not Applicable,Not Applicable,At,,False,False,20019,BLOSSOM HILL RD,DRYSDALE DR,37.23633687,-121.907836
482,690001,CR-0000096028,1,0,0,0,22-243-9701,False,False,51,8/30/2022 6:00:00 PM,No Pedestrians Involved,Dry,No Unusual Conditions,Daylight,Violation Driver 1,No Controls Present/Factor,Clear,Vehicle/Bike,Non-Related,Bike,Not Applicable,Not Applicable,East Of,BIKE,False,False,20019,BLOSSOM HILL RD,DRYSDALE DR,37.23633687,-121.907836
483,683369,CR-0000092957,0,0,0,0,22-178-0061,False,False,138,6/27/2022 1:36:00 AM,No Pedestrians Involved,Dry,No Unusual Conditions,Dark - Street Light,Violation Driver 1,No Controls Present/Factor,Clear,Rear End,Non-Related,Parked Vehicle,Not Applicable,Not Applicable,East Of,,True,True,95941,NINTH ST,SANTA CLARA ST,37.3401892,-121.8820852
484,682769,CR-0000092304,1,0,0,0,22-154-0172,False,False,102,6/3/2022 7:08:00 AM,No Pedestrians Involved,Dry,No Unusual Conditions,Daylight,Violation Driver 1,Controls Functioning,Clear,Rear End,Non-Related,Parked Vehicle,Not Applicable,Not Applicable,North Of,,False,False,95941,NINTH ST,SANTA CLARA ST,37.3401892,-121.8820852
485,682191,CR-0000091743,0,0,0,0,22-062-0434,False,False,0,3/3/2022 11:56:00 AM,No Pedestrians Involved,Dry,No Unusual Conditions,Daylight,Violation Driver 1,No Controls Present/Factor,Clear,Rear End,Intersection,Parked Vehicle,Not Applicable,Not Applicable,At,,False,True,106347,SAN FERNANDO ST,SIXTH ST,37.33684623,-121.883869
486,683256,CR-0000092847,0,0,0,0,22-198-0877,False,False,110,7/17/2022 9:40:00 PM,No Pedestrians Involved,Dry,No Unusual Conditions,Dark - Street Light,Violation Driver 1,No Controls Present/Factor,Clear,Sideswipe,Non-Related,Parked Vehicle,Not Applicable,Not Applicable,East Of,,True,True,106347,SAN FERNANDO ST,SIXTH ST,37.33684623,-121.883869
487,685386,CR-0000094121,0,1,0,0,22-232-0106,False,False,83,8/20/2022 2:18:00 AM,No Pedestrians Involved,Dry,No Unusual Conditions,Dark - Street Light,Violation Driver 1,Controls Functioning,Clear,Rear End,Non-Related,Other Vehicle,Not Applicable,Not Applicable,East Of,,False,False,106347,SAN FERNANDO ST,SIXTH ST,37.33684623,-121.883869
488,694770,CR-0000098807,1,0,0,0,23-234-9714,False,True,0,8/22/2023 11:43:00 AM,No Pedestrians Involved,Dry,No Unusual Conditions,Daylight,Unknown,Controls Functioning,Clear,Rear End,Intersection,Motorcycle,Not Applicable,Not Applicable,At,,False,False,106347,SAN FERNANDO ST,SIXTH ST,37.33684623,-121.883869
489,694793,CR-0000098831,0,0,1,0,23-243-0010,False,False,106,8/31/2023 12:07:00 AM,Crossing - Not In Crosswalk,Dry,No Unusual Conditions,Dark - Street Light,Pedestrian At Fault,Controls Functioning,Clear,Vehicle/Pedestrian,Non-Related,Pedestrian,South,North,East Of,PED,False,True,107073,SANTA CLARA ST,SEVENTH ST,37.33919221,-121.8841909
490,696207,CR-0000099351,0,0,0,0,23-118-0344,False,False,87,4/28/2023 11:45:00 AM,No Pedestrians Involved,Dry,No Unusual Conditions,Daylight,Violation Driver 1,Controls Functioning,Clear,Sideswipe,Non-Related,Parked Vehicle,Not Applicable,Not Applicable,South Of,,False,True,107073,SANTA CLARA ST,SEVENTH ST,37.33919221,-121.8841909
491,690163,CR-0000096252,0,0,0,0,22-182-9701,False,True,0,6/23/2022 3:30:00 AM,No Pedestrians Involved,Dry,Unknown,Daylight,Unknown,Controls Functioning,Clear,Rear End,Intersection,Other Vehicle,Not Applicable,Not Applicable,At,,False,True,107073,SANTA CLARA ST,SEVENTH ST,37.33919221,-121.8841909
492,690520,CR-0000096639,2,0,0,0,23-004-0211,False,False,0,1/4/2023 8:20:00 AM,No Pedestrians Involved,Wet,No Unusual Conditions,Daylight,Violation Driver 1,Controls Functioning,Rain,Broadside,Intersection,Other Vehicle,Not Applicable,Not Applicable,At,LYFT BIKE STATION HIT,False,False,107073,SANTA CLARA ST,SEVENTH ST,37.33919221,-121.8841909
493,691208,CR-0000097429,0,0,0,0,23-034-9705,False,True,,2/3/2023 2:36:00 PM,No Pedestrians Involved,Dry,No Unusual Conditions,Daylight,Unknown,Controls Functioning,Cloudy,Rear End,Related,Other Vehicle,Not Applicable,Not Applicable,South Of,,False,False,107073,SANTA CLARA ST,SEVENTH ST,37.33919221,-121.8841909
494,694243,CR-0000098013,0,1,0,0,23-100-0649,False,False,31,4/10/2023 3:14:00 PM,No Pedestrians Involved,Dry,No Unusual Conditions,Daylight,Bike At Fault,Controls Functioning,Clear,Vehicle/Bike,Related,Bike,Not Applicable,Not Applicable,East Of,,False,False,107073,SANTA CLARA ST,SEVENTH ST,37.33919221,-121.8841909
495,722421,CR-0000103716,1,0,0,0,24-097-0743,False,False,0,4/6/2024 8:08:00 PM,No Pedestrians Involved,Dry,No Unusual Conditions,Dark - Street Light,Violation Driver 1,Controls Functioning,Clear,Sideswipe,Intersection,Parked Vehicle,Not Applicable,Not Applicable,At,,False,True,107073,SANTA CLARA ST,SEVENTH ST,37.33919221,-121.8841909
496,683129,CR-0000092728,0,1,0,0,22-125-1057,False,False,0,5/5/2022 9:22:00 PM,Crossing In Crosswalk - At Intersection,Dry,No Unusual Conditions,Dark - Street Light,Violation Driver 1,Controls Functioning,Clear,Vehicle/Pedestrian,Intersection,Pedestrian,North,South,At,PEDESTRIAN,False,False,54911,EIGHTH ST,SANTA CLARA ST,37.33969522,-121.8831446
497,692367,CR-0000097649,1,0,0,0,23-065-0789,True,False,0,3/6/2023 9:02:00 PM,No Pedestrians Involved,Dry,No Unusual Conditions,Dark - Street Light,Violation Driver 1,No Controls Present/Factor,Clear,Broadside,Intersection,Other Vehicle,Not Applicable,Not Applicable,At,,False,False,54911,EIGHTH ST,SANTA CLARA ST,37.33969522,-121.8831446
498,719828,CR-0000103001,0,0,0,0,24-039-0192,False,False,0,2/8/2024 8:30:00 AM,No Pedestrians Involved,Dry,No Unusual Conditions,Daylight,Violation Driver 1,Controls Functioning,Clear,Broadside,Intersection,Other Vehicle,Not Applicable,Not Applicable,At,,False,False,54911,EIGHTH ST,SANTA CLARA ST,37.33969522,-121.8831446
499,719705,CR-0000102877,0,0,0,0,24-025-4011,False,True,51,1/13/2024 10:00:00 AM,No Pedestrians Involved,Unknown,Unknown,Unknown,Unknown,Unknown,Unknown,Rear End,Non-Related,Parked Vehicle,Not Applicable,Not Applicable,Unknown,,False,False,54911,EIGHTH ST,SANTA CLARA ST,37.33969522,-121.8831446
500,690810,CR-0000096949,0,0,0,0,23-014-0268,False,False,95,1/13/2023 12:00:00 AM,No Pedestrians Involved,Unknown,Unknown,Unknown,Unknown,Unknown,Unknown,Hit Object,Non-Related,Fixed Object,Not Applicable,Not Applicable,East Of,BUS RAIL,False,False,106325,SAN FERNANDO ST,SEVENTH ST,37.3373333,-121.8828374
501,683188,CR-0000092796,0,0,0,0,22-112-4002,False,True,51,4/22/2022 1:20:00 PM,No Pedestrians Involved,Unknown,Unknown,Daylight,Unknown,Unknown,Unknown,Rear End,Non-Related,Other Vehicle,Not Applicable,Not Applicable,West Of,,False,False,109450,SIXTH ST,ST JAMES ST,37.34163046,-121.88743
502,688790,CR-0000094634,0,0,0,0,22-306-4003,False,True,51,11/1/2022 10:00:00 PM,No Pedestrians Involved,Unknown,Unknown,Unknown,Unknown,Unknown,Unknown,Rear End,Non-Related,Unknown,Not Applicable,Not Applicable,North Of,,False,True,109450,SIXTH ST,ST JAMES ST,37.34163046,-121.88743
503,688714,CR-0000094539,0,0,0,0,22-186-4004,False,True,51,7/5/2022 8:40:00 PM,No Pedestrians Involved,Unknown,Unknown,Unknown,Unknown,Unknown,Unknown,Sideswipe,Non-Related,Parked Vehicle,Not Applicable,Not Applicable,South Of,,False,False,110428,ST JAMES ST,THIRTY FOURTH ST,37.35549712,-121.8605765
504,681484,CR-0000090874,0,1,0,0,22-034-0602,False,False,176,2/3/2022 2:57:00 PM,No Pedestrians Involved,Unknown,Unknown,Daylight,Unknown,Unknown,Clear,Broadside,Non-Related,Other Vehicle,Not Applicable,Not Applicable,South Of,,False,False,114927,BONITA AV,KELLY CT,37.34551499,-121.8602775
505,691125,CR-0000097321,0,0,0,0,23-015-4004,False,True,,1/14/2023 7:00:00 PM,No Pedestrians Involved,Unknown,Unknown,Unknown,Unknown,Unknown,Unknown,Sideswipe,Related,Parked Vehicle,Not Applicable,Not Applicable,South Of,,False,False,114927,BONITA AV,KELLY CT,37.34551499,-121.8602775
506,690450,CR-0000096555,0,0,0,0,22-286-0424,False,True,51,10/13/2022 12:17:00 PM,No Pedestrians Involved,Unknown,Unknown,Daylight,Unknown,Unknown,Unknown,Other,Non-Related,Other Vehicle,Not Applicable,Not Applicable,South Of,,False,False,21670,BONITA AV,PEACH CT,37.34468993,-121.8594664
507,682112,CR-0000091633,0,0,0,0,22-030-4001,True,False,51,1/30/2022 5:55:00 AM,No Pedestrians Involved,Unknown,Unknown,Unknown,Unknown,Unknown,Unknown,Other,Non-Related,Parked Vehicle,Not Applicable,Not Applicable,North Of,,False,False,61423,FLINTCREST CT,FLINTCREST DR,37.34224007,-121.8026529
508,690034,CR-0000096101,0,0,0,0,22-094-4003,False,False,0,2/7/2022 4:05:00 PM,No Pedestrians Involved,Unknown,Unknown,Unknown,Unknown,Unknown,Unknown,Sideswipe,Intersection,Parked Vehicle,Not Applicable,Not Applicable,At,,False,True,85689,LOWELL LN,PLUMMER AV,37.27496456,-121.8938127
509,719673,CR-0000102844,0,0,0,0,24-014-0208,False,False,75,1/14/2024 6:46:00 AM,No Pedestrians Involved,Wet,No Unusual Conditions,Dark - Street Light,Violation Driver 1,No Controls Present/Factor,Rain,Sideswipe,Non-Related,Parked Vehicle,Not Applicable,Not Applicable,North Of,,False,True,8777,ARCO CT,GOLDFIELD DR,37.24979656,-121.823035
510,682694,CR-0000092272,0,0,0,0,22-151-4001,False,True,0,5/31/2022 2:35:00 PM,No Pedestrians Involved,Unknown,Unknown,Daylight,Unknown,Unknown,Unknown,Sideswipe,Intersection,Other Vehicle,Not Applicable,Not Applicable,At,,False,False,129029,ABORN RD,MOSHER DR,37.31779628,-121.7665005
511,684786,CR-0000093476,1,0,0,0,22-193-0771,False,False,0,7/12/2022 6:58:00 PM,No Pedestrians Involved,Dry,No Unusual Conditions,Daylight,Violation Driver 1,Controls Functioning,Clear,Head On,Intersection,Other Vehicle,Not Applicable,Not Applicable,At,,False,False,129029,ABORN RD,MOSHER DR,37.31779628,-121.7665005
512,694066,CR-0000098073,0,0,0,0,23-077-0720,False,False,312,3/18/2023 8:26:00 PM,No Pedestrians Involved,Dry,No Unusual Conditions,Dark - Street Light,Violation Driver 1,No Controls Present/Factor,Clear,Sideswipe,Non-Related,Parked Vehicle,Not Applicable,Not Applicable,South Of,,False,False,129029,ABORN RD,MOSHER DR,37.31779628,-121.7665005
513,694101,CR-0000098088,1,0,0,0,23-111-0169,False,False,22,4/21/2023 8:09:00 AM,Crossing - Not In Crosswalk,Dry,No Unusual Conditions,Daylight,Pedestrian At Fault,No Controls Present/Factor,Clear,Vehicle/Pedestrian,Related,Pedestrian,South,North,West Of,PED,False,False,110769,STEVENS CT,STEVENS LN,37.32188623,-121.7839755
514,690948,CR-0000097118,1,0,0,0,23-059-0175,False,False,52,2/28/2023 8:09:00 AM,Crossing - Not In Crosswalk,Wet,No Unusual Conditions,Daylight,Pedestrian At Fault,No Controls Present/Factor,Rain,Vehicle/Pedestrian,Non-Related,Pedestrian,South,North,West Of,PED,False,False,110769,STEVENS CT,STEVENS LN,37.32188623,-121.7839755
515,683245,CR-0000092852,0,0,0,0,22-000-0839,False,False,60,7/29/2022 9:05:00 PM,No Pedestrians Involved,Dry,No Unusual Conditions,Dusk - Dawn,Violation Driver 1,No Controls Present/Factor,Clear,Sideswipe,Non-Related,Parked Vehicle,Not Applicable,Not Applicable,East Of,,False,True,46750,CUNNINGHAM AV,PANAMA AV,37.32688312,-121.8338587
516,716068,CR-0000102010,1,0,0,0,24-008-0589,False,False,0,1/8/2024 4:20:00 PM,No Pedestrians Involved,Dry,No Unusual Conditions,Daylight,Violation Driver 1,No Controls Present/Factor,Clear,Broadside,Intersection,Other Vehicle,Not Applicable,Not Applicable,At,,True,False,46750,CUNNINGHAM AV,PANAMA AV,37.32688312,-121.8338587
517,712142,CR-0000101416,0,0,0,0,23-335-1003,False,False,30,12/1/2023 11:11:00 PM,No Pedestrians Involved,Dry,No Unusual Conditions,Dark - Street Light,Violation Driver 1,No Controls Present/Factor,Clear,Hit Object,Related,Fixed Object,Not Applicable,Not Applicable,West Of,Hydrant,True,True,46750,CUNNINGHAM AV,PANAMA AV,37.32688312,-121.8338587
518,689577,CR-0000095554,0,0,0,0,22-340-0735,False,False,508,12/6/2022 5:35:00 PM,Crossing - Not In Crosswalk,Dry,Other,Dark - Street Light,Pedestrian At Fault,No Controls Present/Factor,Clear,Vehicle/Pedestrian,Non-Related,Pedestrian,East,West,South Of,PED,False,False,85898,LUCRETIA AV,TAJI DR,37.31867798,-121.8460874
519,681635,CR-0000091032,0,0,0,1,22-085-0077,False,False,,3/26/2022 1:53:00 AM,No Pedestrians Involved,Dry,No Unusual Conditions,Dark - Street Light,Unknown,No Controls Present/Factor,Clear,Vehicle/Bike,Related,Scooter Motorized,Not Applicable,Not Applicable,South Of,Bike(Motor.Scooter),False,True,85898,LUCRETIA AV,TAJI DR,37.31867798,-121.8460874
520,699057,CR-0000100363,0,0,0,0,23-196-0321,False,False,69,7/15/2023 9:50:00 AM,No Pedestrians Involved,Dry,No Unusual Conditions,Daylight,Violation Driver 2,Controls Functioning,Clear,Vehicle/Bike,Non-Related,Bike,Not Applicable,Not Applicable,East Of,BIKE,False,True,200059,HATTON ST,TISCH WY,37.31718989,-121.9461628
521,717456,CR-0000102480,2,0,0,0,24-077-0593,False,False,0,3/17/2024 4:59:00 PM,No Pedestrians Involved,Dry,No Unusual Conditions,Daylight,Violation Driver 1,Controls Functioning,Clear,Broadside,Intersection,Other Vehicle,Not Applicable,Not Applicable,At,,False,False,125322,BRANHAM LN,WEST VALLEY FR,37.25140414,-121.9094449
522,722290,CR-0000103584,0,0,0,0,24-087-0532,False,False,0,3/27/2024 2:11:00 PM,No Pedestrians Involved,Dry,No Unusual Conditions,Daylight,Violation Driver 1,Controls Functioning,Cloudy,Sideswipe,Intersection,Parked Vehicle,Not Applicable,Not Applicable,At,,False,True,200008,ARCADE AV,KLOETZEL LN,37.32392509,-121.7767717
523,689614,CR-0000095595,0,1,0,0,22-137-0935,True,False,215,5/17/2022 8:53:00 PM,No Pedestrians Involved,Dry,No Unusual Conditions,Dark - Street Light,Violation Driver 1,No Controls Present/Factor,Clear,Hit Object,Non-Related,Fixed Object,Not Applicable,Not Applicable,North Of,tree,False,False,107612,SARATOGA AV,WESTGATE DW,37.292865,-121.990713
524,715946,CR-0000101859,0,0,0,0,23-134-9701,False,True,51,5/13/2023 2:30:00 AM,No Pedestrians Involved,Dry,No Unusual Conditions,Daylight,Unknown,No Controls Present/Factor,Clear,Sideswipe,Non-Related,Parked Vehicle,Not Applicable,Not Applicable,South Of,,False,True,107436,SANTA TERESA BL,STEINBECK SCHOOL,37.245899,-121.859946
525,681584,CR-0000090981,0,1,0,0,22-044-0060,False,False,178,2/13/2022 1:16:00 AM,No Pedestrians Involved,Dry,No Unusual Conditions,Dark - Street Light,Violation Driver 1,No Controls Present/Factor,Clear,Head On,Non-Related,Parked Vehicle,Not Applicable,Not Applicable,East Of,,True,False,50478,DENT AV,KOOSER RD,37.24435056,-121.8945332
526,716324,CR-0000102272,2,0,0,0,24-058-0779,False,False,0,2/27/2024 7:06:00 PM,No Pedestrians Involved,Dry,No Unusual Conditions,Dark - Street Light,Violation Driver 1,No Controls Present/Factor,Clear,Head On,Intersection,Other Vehicle,Not Applicable,Not Applicable,At,,False,False,50478,DENT AV,KOOSER RD,37.24435056,-121.8945332
527,722418,CR-0000103713,0,0,0,0,24-097-0529,False,False,30,4/6/2024 4:03:00 PM,No Pedestrians Involved,Dry,No Unusual Conditions,Daylight,Violation Driver 1,No Controls Present/Factor,Clear,Sideswipe,Related,Other Vehicle,Not Applicable,Not Applicable,North Of,,False,True,50478,DENT AV,KOOSER RD,37.24435056,-121.8945332
528,688953,CR-0000094811,0,0,0,0,22-255-4001,False,True,51,9/10/2022 7:00:00 PM,No Pedestrians Involved,Unknown,Unknown,Unknown,Unknown,Unknown,Unknown,Rear End,Non-Related,Parked Vehicle,Not Applicable,Not Applicable,West Of,,False,True,68221,GRAPEVINE WY,PAJARO WY,37.21951244,-121.8689569
529,716326,CR-0000102288,0,0,0,0,24-040-0995,False,False,46,2/9/2024 11:30:00 PM,No Pedestrians Involved,Dry,No Unusual Conditions,Dark - Street Light,Violation Driver 1,No Controls Present/Factor,Clear,Rear End,Related,Parked Vehicle,Not Applicable,Not Applicable,South Of,,True,False,21790,BOOKSIN AV,FAIRWOOD AV,37.28273064,-121.9032782
530,690024,CR-0000096069,0,2,0,0,22-298-0802,False,False,0,10/25/2022 5:41:00 PM,Crossing In Crosswalk - Not At Intersection,Dry,No Unusual Conditions,Daylight,Violation Driver 1,No Controls Present/Factor,Clear,Vehicle/Pedestrian,Intersection,Pedestrian,North,South,At,PED(2),True,True,88846,MAUNA KEA LN,SIERRA RD,37.3972826,-121.8523836
531,690117,CR-0000096203,0,0,0,0,22-345-0282,False,False,0,12/10/2022 10:00:00 PM,No Pedestrians Involved,Wet,No Unusual Conditions,Dark - Street Light,Violation Driver 1,No Controls Present/Factor,Rain,Rear End,Intersection,Parked Vehicle,Not Applicable,Not Applicable,At,,False,True,109108,SIERRAVILLE AV,STRAUSS WY,37.3986199,-121.8614682
532,689895,CR-0000095923,0,1,0,0,22-356-0438,False,False,20,12/22/2022 1:15:00 PM,Crossing In Crosswalk - At Intersection,Dry,No Unusual Conditions,Daylight,Violation Driver 1,Controls Functioning,Clear,Vehicle/Pedestrian,Related,Pedestrian,East,West,North Of,PED,False,False,24903,BRET HARTE DR,VIA VALIENTE,37.21128642,-121.8441325
533,691222,CR-0000097444,0,0,0,0,22-337-0096,False,False,0,12/3/2022 2:26:00 AM,No Pedestrians Involved,Dry,No Unusual Conditions,Dark - Street Light,Violation Driver 1,No Controls Present/Factor,Clear,Head On,Intersection,Parked Vehicle,Not Applicable,Not Applicable,East Of,,True,True,43890,COSTA MESA DR,SAN BERNARDINO WY,37.28180089,-121.8279811