_id,CrashFactId,Name,MinorInjuries,ModerateInjuries,SevereInjuries,FatalInjuries,TcrNumber,CityDamageFlag,ShortFormFlag,Distance,CrashDateTime,PedestrianAction,RoadwaySurface,RoadwayCondition,Lighting,PrimaryCollisionFactor,TrafficControl,Weather,CollisionType,ProximityToIntersection,VehicleInvolvedWith,PedestrianDirectionFrom,PedestrianDirectionTo,DirectionFromIntersection,Comment,SpeedingFlag,HitAndRunFlag,IntersectionNumber,AStreetName,BStreetName,Latitude,Longitude
534,716009,CR-0000101941,0,0,0,0,23-242-0212,False,False,40,8/30/2023 8:00:00 AM,No Pedestrians Involved,Dry,No Unusual Conditions,Daylight,Violation Driver 1,No Controls Present/Factor,Clear,Rear End,Related,Other Vehicle,Not Applicable,Not Applicable,East Of,,True,False,14739,BAYBERRY LN,WESTBRANCH DR,37.31886963,-121.7962958
535,689584,CR-0000095561,0,0,0,0,22-346-0253,False,False,191,12/11/2022 6:00:00 PM,No Pedestrians Involved,Wet,No Unusual Conditions,Dark - Street Light,Violation Driver 1,No Controls Present/Factor,Unknown,Rear End,Non-Related,Parked Vehicle,Not Applicable,Not Applicable,West Of,,False,True,33934,CARRYBACK AV,GREY GHOST AV,37.26588708,-121.8033119
536,683209,CR-0000092799,0,0,0,0,22-116-9707,False,True,51,4/24/2022 10:30:00 PM,No Pedestrians Involved,Dry,No Unusual Conditions,Dark - Street Light,Unknown,No Controls Present/Factor,Clear,Rear End,Non-Related,Parked Vehicle,Not Applicable,Not Applicable,North Of,,False,False,44384,COTTON CT,SANTA TERESA BL,37.23693039,-121.8115635
537,682050,CR-0000091587,0,1,0,0,22-068-0695,False,False,60,3/9/2022 5:18:00 PM,No Pedestrians Involved,Dry,No Unusual Conditions,Daylight,Violation Driver 1,No Controls Present/Factor,Clear,Rear End,Non-Related,Parked Vehicle,Not Applicable,Not Applicable,West Of,,False,False,1924,ADRAGNA CT,SNELL AV,37.27002048,-121.8354053
538,690742,CR-0000096879,0,0,0,0,23-023-0708,False,False,0,1/23/2023 2:47:00 PM,No Pedestrians Involved,Dry,No Unusual Conditions,Daylight,Violation Driver 1,No Controls Present/Factor,Clear,Broadside,Intersection,Parked Vehicle,Not Applicable,Not Applicable,At,,True,True,55021,EL CAJON DR,MIRA LOMA WY,37.28284395,-121.8288068
539,694660,CR-0000098693,1,0,0,0,23-215-0925,False,False,19,8/3/2023 9:55:00 PM,No Pedestrians Involved,Dry,No Unusual Conditions,Dark - Street Light,Unknown,No Controls Present/Factor,Clear,Sideswipe,Related,Other Vehicle,Not Applicable,Not Applicable,West Of,,False,False,55021,EL CAJON DR,MIRA LOMA WY,37.28284395,-121.8288068
540,715975,CR-0000101807,0,0,0,0,23-145-9705,False,True,51,5/11/2023 7:00:00 PM,No Pedestrians Involved,Dry,No Unusual Conditions,Daylight,Unknown,No Controls Present/Factor,Clear,Rear End,Non-Related,Parked Vehicle,Not Applicable,Not Applicable,East Of,,False,False,112970,VESUVIUS LN,ZION LN,37.39624008,-121.8565884
541,699066,CR-0000100372,1,0,0,0,23-342-0557,False,False,71,12/8/2023 9:00:00 AM,Not In Road,Dry,No Unusual Conditions,Daylight,Violation Driver 1,No Controls Present/Factor,Clear,Vehicle/Pedestrian,Non-Related,Pedestrian,East,West,East Of,PED,True,True,33637,CARNELIAN DR,SANTEE DR,37.33036546,-121.8477842
542,681727,CR-0000091125,0,1,0,0,22-050-0315,False,False,133,2/19/2022 11:11:00 AM,No Pedestrians Involved,Dry,No Unusual Conditions,Daylight,Violation Driver 1,Controls Functioning,Clear,Overturned,Non-Related,Other Object,Not Applicable,Not Applicable,West Of,Motorcycle collided with roadway,True,False,137499,LOS ESTEROS RANCH DW,MCCARTHY BL,37.45366538,-121.9265445
543,681532,CR-0000090928,1,1,0,0,22-038-0245,True,False,0,2/7/2022 12:00:00 AM,No Pedestrians Involved,Dry,No Unusual Conditions,Dark - Street Light,Violation Driver 1,Controls Functioning,Clear,Hit Object,Intersection,Fixed Object,Not Applicable,Not Applicable,At,TREE,True,False,137499,LOS ESTEROS RANCH DW,MCCARTHY BL,37.45366538,-121.9265445
544,681741,CR-0000091141,1,0,0,0,22-051-0892,False,False,0,2/20/2022 11:27:00 PM,No Pedestrians Involved,Dry,No Unusual Conditions,Dark - Street Light,Violation Driver 1,Controls Functioning,Clear,Broadside,Intersection,Other Vehicle,Not Applicable,Not Applicable,At,,False,True,144130,BAYSHORE FR,TULLY RD,37.317679,-121.83265
545,681799,CR-0000091208,0,0,0,0,22-077-0064,False,False,0,3/18/2022 1:18:00 AM,No Pedestrians Involved,Dry,No Unusual Conditions,Dark - Street Light,Violation Driver 1,Controls Functioning,Clear,Broadside,Intersection,Other Vehicle,Not Applicable,Not Applicable,At,,False,False,144130,BAYSHORE FR,TULLY RD,37.317679,-121.83265
546,682148,CR-0000091688,0,0,0,0,22-084-4000,False,True,0,3/24/2022 9:15:00 PM,No Pedestrians Involved,Unknown,Unknown,Unknown,Unknown,Unknown,Unknown,Sideswipe,Intersection,Other Vehicle,Not Applicable,Not Applicable,At,,False,False,144130,BAYSHORE FR,TULLY RD,37.317679,-121.83265
547,682451,CR-0000092015,0,0,2,0,22-111-0070,False,False,0,4/21/2022 2:31:00 AM,No Pedestrians Involved,Wet,No Unusual Conditions,Dark - Street Light,Violation Driver 1,Controls Functioning,Rain,Broadside,Intersection,Other Vehicle,Not Applicable,Not Applicable,At,,False,False,144130,BAYSHORE FR,TULLY RD,37.317679,-121.83265
548,689142,CR-0000094990,0,0,0,0,22-330-9803,False,True,0,11/8/2022 3:30:00 PM,No Pedestrians Involved,Dry,No Unusual Conditions,Daylight,Violation Driver 1,Controls Functioning,Clear,Other,Intersection,Other Vehicle,Not Applicable,Not Applicable,At,,False,False,144130,BAYSHORE FR,TULLY RD,37.317679,-121.83265
549,688730,CR-0000094555,0,0,0,0,22-252-4000,False,True,51,8/14/2022 9:02:00 PM,No Pedestrians Involved,Unknown,Unknown,Unknown,Unknown,Unknown,Unknown,Rear End,Non-Related,Other Vehicle,Not Applicable,Not Applicable,West Of,,False,True,144130,BAYSHORE FR,TULLY RD,37.317679,-121.83265
550,684686,CR-0000093314,0,0,0,0,22-169-0729,True,False,204,6/18/2022 6:37:00 PM,Crossing In Crosswalk - Not At Intersection,Dry,No Unusual Conditions,Daylight,Pedestrian At Fault,Controls Functioning,Clear,Hit Object,Non-Related,Fixed Object,South,North,West Of,PED was not impacted but caused the crash CVC: 21955,False,False,144130,BAYSHORE FR,TULLY RD,37.317679,-121.83265
551,684828,CR-0000093426,2,0,0,0,22-191-0531,False,False,0,7/10/2022 5:09:00 PM,No Pedestrians Involved,Dry,No Unusual Conditions,Daylight,Violation Driver 1,Controls Functioning,Clear,Rear End,Intersection,Other Vehicle,Not Applicable,Not Applicable,At,,False,True,144130,BAYSHORE FR,TULLY RD,37.317679,-121.83265
552,697618,CR-0000099823,1,0,0,0,23-301-0443,False,False,92,10/28/2023 3:51:00 PM,No Pedestrians Involved,Dry,No Unusual Conditions,Daylight,Violation Driver 1,Controls Functioning,Clear,Rear End,Non-Related,Other Vehicle,Not Applicable,Not Applicable,West Of,,True,False,144130,BAYSHORE FR,TULLY RD,37.317679,-121.83265
553,694652,CR-0000098685,1,0,0,0,23-212-0370,False,False,0,7/31/2023 11:18:00 AM,Crossing In Crosswalk - At Intersection,Dry,No Unusual Conditions,Daylight,Violation Driver 1,Controls Functioning,Clear,Vehicle/Pedestrian,Intersection,Pedestrian,West,East,At,PED,False,False,144130,BAYSHORE FR,TULLY RD,37.317679,-121.83265
554,694495,CR-0000098488,3,0,0,0,23-156-0192,False,False,122,6/5/2023 6:59:00 AM,No Pedestrians Involved,Dry,No Unusual Conditions,Daylight,Violation Driver 1,Controls Functioning,Clear,Rear End,Non-Related,Other Vehicle,Not Applicable,Not Applicable,East Of,,True,False,144130,BAYSHORE FR,TULLY RD,37.317679,-121.83265
555,696204,CR-0000099348,1,2,0,0,23-101-0679,False,False,87,4/11/2023 5:46:00 PM,No Pedestrians Involved,Dry,No Unusual Conditions,Daylight,Violation Driver 1,Controls Functioning,Clear,Rear End,Non-Related,Motor Vehicle On Other Roadway,Not Applicable,Not Applicable,East Of,,True,False,144130,BAYSHORE FR,TULLY RD,37.317679,-121.83265
556,695938,CR-0000099069,0,0,0,0,23-229-4005,False,True,51,8/14/2023 1:40:00 PM,No Pedestrians Involved,Unknown,Unknown,Unknown,Unknown,Unknown,Unknown,Sideswipe,Non-Related,Other Vehicle,Not Applicable,Not Applicable,North Of,,False,False,144130,BAYSHORE FR,TULLY RD,37.317679,-121.83265
557,690561,CR-0000096682,0,0,1,0,23-019-0849,False,False,0,1/19/2023 9:29:00 PM,No Pedestrians Involved,Dry,No Unusual Conditions,Dark - Street Light,Bike At Fault,Controls Functioning,Clear,Vehicle/Bike,Intersection,Bike,Not Applicable,Not Applicable,At,BIKE,False,False,144130,BAYSHORE FR,TULLY RD,37.317679,-121.83265
558,689540,CR-0000095517,0,1,0,0,22-349-0810,False,False,0,12/15/2022 7:37:00 PM,No Pedestrians Involved,Dry,No Unusual Conditions,Dusk - Dawn,Violation Driver 1,Controls Functioning,Clear,Sideswipe,Intersection,Motor Vehicle On Other Roadway,Not Applicable,Not Applicable,At,,False,True,144130,BAYSHORE FR,TULLY RD,37.317679,-121.83265
559,720858,CR-0000103061,0,0,0,0,24-044-0940,False,False,185,2/13/2024 10:04:00 PM,No Pedestrians Involved,Dry,No Unusual Conditions,Dark - Street Light,Violation Driver 1,Controls Functioning,Clear,Rear End,Non-Related,Other Vehicle,Not Applicable,Not Applicable,West Of,,False,True,144130,BAYSHORE FR,TULLY RD,37.317679,-121.83265
560,691393,CR-0000097642,0,0,0,0,23-064-0607,False,False,55,3/5/2023 6:00:00 PM,No Pedestrians Involved,Dry,No Unusual Conditions,Daylight,Violation Driver 1,No Controls Present/Factor,Clear,Broadside,Non-Related,Parked Vehicle,Not Applicable,Not Applicable,West Of,,False,True,81135,LA TORRE AV,NOKOMIS DR,37.28208077,-121.8172403
561,682987,CR-0000092531,0,0,1,0,22-170-0750,False,False,21,6/19/2022 8:05:00 PM,No Pedestrians Involved,Dry,No Unusual Conditions,Daylight,Violation Driver 1,No Controls Present/Factor,Clear,Other,Related,Non-Collision,Not Applicable,Not Applicable,East Of,,True,True,72467,HIAWATHA DR,LA TORRE AV,37.28148224,-121.8172094
562,683146,CR-0000092709,0,0,0,0,22-045-9704,False,True,0,2/12/2022 6:00:00 PM,No Pedestrians Involved,Dry,No Unusual Conditions,Dusk - Dawn,Unknown,Controls Functioning,Clear,Sideswipe,Intersection,Other Vehicle,Not Applicable,Not Applicable,At,,False,False,144129,BAYSHORE FR,TULLY RD,37.318332,-121.830391
563,684944,CR-0000093624,0,0,0,0,22-220-9713,False,False,0,8/8/2022 12:36:00 PM,No Pedestrians Involved,Dry,No Unusual Conditions,Daylight,Unknown,Controls Functioning,Clear,Other,Intersection,Other Vehicle,Not Applicable,Not Applicable,At,,False,True,144129,BAYSHORE FR,TULLY RD,37.318332,-121.830391
564,683009,CR-0000092542,0,0,0,0,22-171-0088,True,False,223,6/20/2022 1:48:00 AM,No Pedestrians Involved,Dry,No Unusual Conditions,Dark - Street Light,Violation Driver 1,No Controls Present/Factor,Clear,Sideswipe,Non-Related,Fixed Object,Not Applicable,Not Applicable,West Of,Sidewalk,False,False,144129,BAYSHORE FR,TULLY RD,37.318332,-121.830391
565,687458,CR-0000094237,0,1,0,0,22-254-0788,False,False,0,9/11/2022 8:56:00 PM,No Pedestrians Involved,Dry,No Unusual Conditions,Dark - Street Light,Violation Driver 1,Controls Functioning,Clear,Rear End,Intersection,Other Vehicle,Not Applicable,Not Applicable,At,,False,False,144129,BAYSHORE FR,TULLY RD,37.318332,-121.830391
566,684985,CR-0000093656,0,0,0,0,22-236-0450,False,False,18,8/24/2022 12:23:00 PM,No Pedestrians Involved,Dry,No Unusual Conditions,Daylight,Violation Driver 1,Controls Functioning,Clear,Sideswipe,Related,Other Vehicle,Not Applicable,Not Applicable,East Of,PD - EMERGENCY VEHICLE INVOLVED,False,False,144129,BAYSHORE FR,TULLY RD,37.318332,-121.830391
567,689287,CR-0000095264,0,0,0,0,22-341-4000,False,True,,11/13/2022 5:23:00 AM,No Pedestrians Involved,Unknown,Unknown,Daylight,Unknown,Controls Functioning,Unknown,Rear End,Related,Other Vehicle,Not Applicable,Not Applicable,East Of,,False,False,144129,BAYSHORE FR,TULLY RD,37.318332,-121.830391
568,691356,CR-0000097605,1,0,0,0,23-084-0293,False,False,311,3/25/2023 11:29:00 AM,No Pedestrians Involved,Dry,No Unusual Conditions,Daylight,Violation Driver 1,Unknown,Clear,Sideswipe,Non-Related,Motorcycle,Not Applicable,Not Applicable,West Of,,False,True,144129,BAYSHORE FR,TULLY RD,37.318332,-121.830391
569,690471,CR-0000096583,0,0,0,0,22-365-4705,False,True,0,12/31/2022 1:00:00 PM,No Pedestrians Involved,Wet,Other,Daylight,Unknown,Controls Functioning,Rain,Broadside,Intersection,Other Vehicle,Not Applicable,Not Applicable,At,,False,False,144129,BAYSHORE FR,TULLY RD,37.318332,-121.830391
570,690485,CR-0000096595,0,0,0,0,22-359-9702,False,True,51,12/25/2022 12:16:00 PM,No Pedestrians Involved,Dry,No Unusual Conditions,Daylight,Unknown,Unknown,Clear,Sideswipe,Non-Related,Other Vehicle,Not Applicable,Not Applicable,Unknown,,False,False,144129,BAYSHORE FR,TULLY RD,37.318332,-121.830391
571,690559,CR-0000096680,2,0,0,0,23-006-0999,False,False,0,1/6/2023 11:21:00 PM,No Pedestrians Involved,Dry,No Unusual Conditions,Dark - Street Light,Violation Driver 1,Controls Functioning,Clear,Broadside,Intersection,Other Vehicle,Not Applicable,Not Applicable,At,,False,False,144129,BAYSHORE FR,TULLY RD,37.318332,-121.830391
572,690582,CR-0000096703,0,0,0,0,23-018-0367,False,False,183,1/18/2023 11:45:00 AM,No Pedestrians Involved,Dry,No Unusual Conditions,Daylight,Violation Driver 1,Controls Functioning,Clear,Rear End,Non-Related,Other Vehicle,Not Applicable,Not Applicable,West Of,,True,True,144129,BAYSHORE FR,TULLY RD,37.318332,-121.830391
573,695947,CR-0000099080,0,0,0,0,23-224-9707,False,True,0,8/12/2023 11:51:00 AM,No Pedestrians Involved,Dry,No Unusual Conditions,Daylight,Unknown,Controls Functioning,Clear,Sideswipe,Intersection,Other Vehicle,Not Applicable,Not Applicable,At,,False,False,144129,BAYSHORE FR,TULLY RD,37.318332,-121.830391
574,696157,CR-0000099300,0,0,0,0,23-095-9706,False,True,0,4/5/2023 7:45:00 AM,No Pedestrians Involved,Dry,No Unusual Conditions,Daylight,Unknown,No Controls Present/Factor,Clear,Sideswipe,Intersection,Other Vehicle,Not Applicable,Not Applicable,At,,False,False,144129,BAYSHORE FR,TULLY RD,37.318332,-121.830391
575,721975,CR-0000103229,0,0,0,0,24-050-0667,False,False,0,2/19/2024 5:47:00 PM,No Pedestrians Involved,Wet,No Unusual Conditions,Daylight,Violation Driver 1,Controls Functioning,Clear,Other,Intersection,Other Vehicle,Not Applicable,Not Applicable,At,,False,True,144129,BAYSHORE FR,TULLY RD,37.318332,-121.830391
576,715904,CR-0000101972,1,0,0,0,24-004-0124,False,False,0,1/4/2024 6:28:00 AM,No Pedestrians Involved,Dry,No Unusual Conditions,Daylight,Violation Driver 1,Controls Functioning,Clear,Broadside,Intersection,Other Vehicle,Not Applicable,Not Applicable,At,,False,False,144129,BAYSHORE FR,TULLY RD,37.318332,-121.830391
577,711620,CR-0000101210,0,0,0,0,23-329-4005,False,True,0,11/25/2023 4:15:00 PM,No Pedestrians Involved,Unknown,Unknown,Unknown,Unknown,Unknown,Unknown,Rear End,Intersection,Other Vehicle,Not Applicable,Not Applicable,At,,False,False,144129,BAYSHORE FR,TULLY RD,37.318332,-121.830391
578,722213,CR-0000103479,0,0,0,0,24-080-0971,False,False,40,3/20/2024 9:31:00 PM,No Pedestrians Involved,Dry,No Unusual Conditions,Dark - Street Light,Violation Driver 1,Controls Functioning,Clear,Sideswipe,Related,Other Vehicle,Not Applicable,Not Applicable,East Of,,True,True,144129,BAYSHORE FR,TULLY RD,37.318332,-121.830391
579,716129,CR-0000102084,2,0,0,0,24-130-0463,False,False,166,1/13/2024 2:46:00 PM,No Pedestrians Involved,Dry,No Unusual Conditions,Daylight,Violation Driver 1,Controls Functioning,Cloudy,Rear End,Non-Related,Other Vehicle,Not Applicable,Not Applicable,East Of,,False,False,123617,CAMDEN AV,CAMDEN PARK DW,37.262,-121.934
580,719847,CR-0000103020,0,0,0,0,24-040-4005,False,True,51,2/9/2024 3:35:00 PM,No Pedestrians Involved,Unknown,Unknown,Unknown,Unknown,Unknown,Unknown,Rear End,Non-Related,Other Vehicle,Not Applicable,Not Applicable,East Of,,False,False,123617,CAMDEN AV,CAMDEN PARK DW,37.262,-121.934
581,682618,CR-0000092185,0,0,0,0,22-125-4005,False,True,,5/5/2022 3:05:00 PM,No Pedestrians Involved,Unknown,Unknown,Daylight,Unknown,Unknown,Unknown,Sideswipe,Related,Parked Vehicle,Not Applicable,Not Applicable,South Of,,False,False,144159,ARCADE AV,CHEMIN DE RIVIERE,37.32320364,-121.7765841
582,716375,CR-0000102358,1,0,0,0,24-046-0254,False,False,0,2/15/2024 8:31:00 AM,No Pedestrians Involved,Dry,No Unusual Conditions,Daylight,Unknown,Controls Functioning,Cloudy,Vehicle/Bike,Intersection,Bike,Not Applicable,Not Applicable,At,E.BIKE,False,True,144159,ARCADE AV,CHEMIN DE RIVIERE,37.32320364,-121.7765841
583,699263,CR-0000100586,0,0,0,0,23-166-4006,False,True,51,6/15/2023 8:29:00 PM,No Pedestrians Involved,Unknown,Unknown,Unknown,Unknown,Unknown,Unknown,Other,Non-Related,Other Vehicle,Not Applicable,Not Applicable,North Of,,False,False,33296,CARLA CT,CARLA DR,37.22549694,-121.8699053
584,683452,CR-0000093048,0,0,0,0,22-082-9702,False,True,0,3/22/2022 6:58:00 PM,No Pedestrians Involved,Dry,No Unusual Conditions,Dusk - Dawn,Unknown,No Controls Present/Factor,Clear,Rear End,Intersection,Other Vehicle,Not Applicable,Not Applicable,At,,False,False,29721,CAMDEN AV,COLEMAN RD/GUADALUPE MINES RD,37.22580787,-121.9034705
585,696399,CR-0000099576,0,0,0,0,23-151-9705,False,True,0,5/30/2023 1:20:00 PM,No Pedestrians Involved,Dry,No Unusual Conditions,Daylight,Unknown,Controls Functioning,Clear,Sideswipe,Intersection,Other Vehicle,Not Applicable,Not Applicable,At,,False,False,29721,CAMDEN AV,COLEMAN RD/GUADALUPE MINES RD,37.22580787,-121.9034705
586,698804,CR-0000100086,0,1,0,0,23-169-0621,False,False,0,6/18/2023 10:30:00 AM,Crossing - Not In Crosswalk,Dry,No Unusual Conditions,Daylight,Violation Driver 1,Controls Functioning,Clear,Vehicle/Pedestrian,Intersection,Pedestrian,North,South,At,PED,True,True,50060,DELLWOOD WY,STANWOOD DR,37.24721564,-121.888028
587,698823,CR-0000100105,0,1,0,0,23-360-0487,False,False,177,12/26/2023 3:48:00 PM,No Pedestrians Involved,Dry,No Unusual Conditions,Daylight,Violation Driver 1,No Controls Present/Factor,Cloudy,Vehicle/Bike,Non-Related,Bike,Not Applicable,Not Applicable,West Of,BIKE,True,False,80706,KOOSER RD,STANWOOD DR,37.24626372,-121.8899956
588,694629,CR-0000098662,1,1,0,0,23-208-0385,False,False,68,7/27/2023 12:07:00 PM,No Pedestrians Involved,Dry,No Unusual Conditions,Daylight,Violation Driver 1,Unknown,Clear,Head On,Non-Related,Other Vehicle,Not Applicable,Not Applicable,West Of,,False,False,80706,KOOSER RD,STANWOOD DR,37.24626372,-121.8899956
589,722190,CR-0000103456,0,0,0,0,24-077-9703,False,True,51,3/16/2024 8:00:00 AM,No Pedestrians Involved,Unknown,Unknown,Unknown,Unknown,Unknown,Unknown,Sideswipe,Non-Related,Other Vehicle,Not Applicable,Not Applicable,Unknown,,False,False,80706,KOOSER RD,STANWOOD DR,37.24626372,-121.8899956
590,689169,CR-0000095015,0,0,0,0,22-289-0899,False,False,0,10/16/2022 10:36:00 PM,No Pedestrians Involved,Dry,No Unusual Conditions,Dark - Street Light,Violation Driver 1,No Controls Present/Factor,Clear,Head On,Intersection,Fixed Object,Not Applicable,Not Applicable,At,FIRE HYDRANT,True,False,94600,GURDWARA AV/MURILLO AV,QUIMBY RD,37.32734854,-121.7670332
591,718485,CR-0000102573,1,0,0,0,24-062-0642,False,False,0,3/2/2024 6:38:00 PM,No Pedestrians Involved,Dry,Unknown,Dark - Street Light,Violation Driver 1,No Controls Present/Factor,Clear,Broadside,Intersection,Other Vehicle,Not Applicable,Not Applicable,At,,False,False,94600,GURDWARA AV/MURILLO AV,QUIMBY RD,37.32734854,-121.7670332
592,684782,CR-0000093436,2,0,0,0,22-191-0905,False,False,0,7/10/2022 9:04:00 PM,No Pedestrians Involved,Dry,No Unusual Conditions,Dark - Street Light,Violation Driver 1,No Controls Present/Factor,Clear,Head On,Intersection,Other Vehicle,Not Applicable,Not Applicable,At,,True,False,137675,ABORN RD,VOLTAIRE ST,37.31826218,-121.7634036
593,719723,CR-0000102895,0,0,0,0,24-010-4012,False,True,0,1/10/2024 6:00:00 PM,No Pedestrians Involved,Unknown,Unknown,Unknown,Unknown,Unknown,Unknown,Broadside,Intersection,Other Vehicle,Not Applicable,Not Applicable,At,,False,False,137675,ABORN RD,VOLTAIRE ST,37.31826218,-121.7634036
594,694326,CR-0000098270,0,0,0,0,23-180-0144,True,False,1200,6/29/2023 5:43:00 AM,No Pedestrians Involved,Dry,No Unusual Conditions,Daylight,Violation Driver 1,No Controls Present/Factor,Clear,Hit Object,Non-Related,Fixed Object,Not Applicable,Not Applicable,North Of,FENCE,False,True,100385,PETAL WY,PLYMOUTH AV,37.2957854,-122.01226
595,694161,CR-0000097891,1,0,0,0,23-117-0110,True,False,250,4/27/2023 3:44:00 AM,No Pedestrians Involved,Dry,No Unusual Conditions,Dark - Street Light,Violation Driver 1,No Controls Present/Factor,Clear,Hit Object,Non-Related,Fixed Object,Not Applicable,Not Applicable,East Of,SIGNAGE POLE,True,False,41392,COLEMAN RD,MEANDER DR,37.23550438,-121.8901068
596,689387,CR-0000095358,1,0,0,0,22-313-0690,False,False,0,11/9/2022 5:02:00 PM,No Pedestrians Involved,Dry,No Unusual Conditions,Dark - Street Light,Violation Driver 1,No Controls Present/Factor,Clear,Broadside,Intersection,Other Vehicle,Not Applicable,Not Applicable,At,,False,False,92707,MONTEREY RD,RANCHO DR,37.28168646,-121.8390054
597,682980,CR-0000092518,0,1,0,0,22-160-0772,False,False,0,6/9/2022 6:52:00 PM,No Pedestrians Involved,Dry,No Unusual Conditions,Daylight,Violation Driver 1,Controls Functioning,Clear,Other,Intersection,Non-Collision,Not Applicable,Not Applicable,At,,False,False,92707,MONTEREY RD,RANCHO DR,37.28168646,-121.8390054
598,681580,CR-0000090977,0,0,0,0,22-043-0593,False,False,338,2/12/2022 4:29:00 PM,No Pedestrians Involved,Dry,No Unusual Conditions,Daylight,Violation Driver 1,No Controls Present/Factor,Clear,Rear End,Non-Related,Other Vehicle,Not Applicable,Not Applicable,East Of,,False,False,92707,MONTEREY RD,RANCHO DR,37.28168646,-121.8390054
599,681175,CR-0000090544,1,0,0,0,22-015-0743,False,False,0,1/15/2022 9:12:00 PM,No Pedestrians Involved,Dry,No Unusual Conditions,Dark - Street Light,Violation Driver 1,Controls Functioning,Clear,Broadside,Intersection,Motorcycle,Not Applicable,Not Applicable,At,,False,False,92707,MONTEREY RD,RANCHO DR,37.28168646,-121.8390054
600,681350,CR-0000090737,0,0,0,0,22-015-0043,True,False,450,1/15/2022 1:00:00 AM,No Pedestrians Involved,Dry,No Unusual Conditions,Dark - Street Light,Violation Driver 1,Controls Functioning,Clear,Broadside,Non-Related,Other Object,Not Applicable,Not Applicable,North Of,MEDIAN,False,False,92707,MONTEREY RD,RANCHO DR,37.28168646,-121.8390054
601,691207,CR-0000097428,0,0,0,0,23-035-9703,False,True,0,2/1/2023 4:10:00 PM,No Pedestrians Involved,Dry,No Unusual Conditions,Daylight,Unknown,Controls Functioning,Clear,Sideswipe,Intersection,Other Vehicle,Not Applicable,Not Applicable,At,,False,False,92707,MONTEREY RD,RANCHO DR,37.28168646,-121.8390054
602,690443,CR-0000096549,0,0,0,0,22-094-4001,False,True,,4/2/2022 9:45:00 AM,No Pedestrians Involved,Unknown,Unknown,Daylight,Unknown,Unknown,Unknown,Rear End,Related,Other Vehicle,Not Applicable,Not Applicable,East Of,,False,False,92762,MONTEREY RD,SENTER RD,37.27791855,-121.835128
603,683176,CR-0000092769,0,0,0,0,22-053-4004,False,True,,2/22/2022 4:25:00 PM,No Pedestrians Involved,Unknown,Unknown,Daylight,Unknown,Unknown,Unknown,Sideswipe,Related,Other Vehicle,Not Applicable,Not Applicable,North Of,,False,False,92762,MONTEREY RD,SENTER RD,37.27791855,-121.835128
604,682829,CR-0000092386,1,1,0,0,22-137-0760,False,False,66,5/17/2022 6:06:00 PM,No Pedestrians Involved,Dry,No Unusual Conditions,Daylight,Violation Driver 1,No Controls Present/Factor,Clear,Rear End,Non-Related,Other Vehicle,Not Applicable,Not Applicable,North Of,,True,False,92762,MONTEREY RD,SENTER RD,37.27791855,-121.835128
605,682309,CR-0000091872,0,0,0,0,22-106-4000,False,True,51,4/6/2022 2:00:00 PM,No Pedestrians Involved,Unknown,Unknown,Daylight,Unknown,Unknown,Unknown,Other,Non-Related,Other Vehicle,Not Applicable,Not Applicable,South Of,,False,False,92762,MONTEREY RD,SENTER RD,37.27791855,-121.835128
606,688681,CR-0000094502,1,0,0,0,22-263-0262,False,False,650,9/20/2022 9:40:00 AM,No Pedestrians Involved,Dry,No Unusual Conditions,Daylight,Violation Driver 1,No Controls Present/Factor,Clear,Rear End,Non-Related,Other Vehicle,Not Applicable,Not Applicable,South Of,,True,False,92762,MONTEREY RD,SENTER RD,37.27791855,-121.835128
607,684903,CR-0000093562,1,0,0,0,22-212-0413,False,False,0,7/31/2022 12:37:00 PM,No Pedestrians Involved,Unknown,Unknown,Daylight,Violation Driver 1,Unknown,Unknown,Rear End,Intersection,Other Vehicle,Not Applicable,Not Applicable,At,,False,False,92762,MONTEREY RD,SENTER RD,37.27791855,-121.835128
608,685232,CR-0000093910,0,0,0,0,22-271-0566,False,False,81,9/28/2022 2:58:00 PM,No Pedestrians Involved,Dry,No Unusual Conditions,Daylight,Violation Driver 1,Controls Functioning,Clear,Rear End,Non-Related,Other Vehicle,Not Applicable,Not Applicable,South Of,CITY OF SAN JOSE VEHICLE,False,True,92762,MONTEREY RD,SENTER RD,37.27791855,-121.835128
609,690823,CR-0000096962,0,0,0,0,23-025-0888,False,False,0,1/25/2023 8:45:00 PM,No Pedestrians Involved,Dry,No Unusual Conditions,Dark - Street Light,Violation Driver 1,Controls Functioning,Clear,Broadside,Intersection,Other Vehicle,Not Applicable,Not Applicable,At,,False,False,92762,MONTEREY RD,SENTER RD,37.27791855,-121.835128
610,692397,CR-0000097680,1,1,0,0,23-080-0873,False,False,618,3/21/2023 10:18:00 PM,No Pedestrians Involved,Wet,No Unusual Conditions,Dark - Street Light,Violation Driver 1,No Controls Present/Factor,Rain,Rear End,Non-Related,Other Vehicle,Not Applicable,Not Applicable,South Of,,False,False,92762,MONTEREY RD,SENTER RD,37.27791855,-121.835128