_id,CrashFactId,Name,MinorInjuries,ModerateInjuries,SevereInjuries,FatalInjuries,TcrNumber,CityDamageFlag,ShortFormFlag,Distance,CrashDateTime,PedestrianAction,RoadwaySurface,RoadwayCondition,Lighting,PrimaryCollisionFactor,TrafficControl,Weather,CollisionType,ProximityToIntersection,VehicleInvolvedWith,PedestrianDirectionFrom,PedestrianDirectionTo,DirectionFromIntersection,Comment,SpeedingFlag,HitAndRunFlag,IntersectionNumber,AStreetName,BStreetName,Latitude,Longitude
611,690597,CR-0000096718,0,1,0,0,23-004-0787,False,False,165,1/4/2023 9:05:00 PM,No Pedestrians Involved,Wet,No Unusual Conditions,Dark - Street Light,Violation Driver 1,Controls Functioning,Rain,Vehicle/Bike,Non-Related,Bike,Not Applicable,Not Applicable,North Of,BIKE,True,True,92762,MONTEREY RD,SENTER RD,37.27791855,-121.835128
612,690404,CR-0000096501,0,0,0,0,22-281-4001,False,True,50,10/7/2022 5:43:00 AM,No Pedestrians Involved,Unknown,Unknown,Unknown,Unknown,Unknown,Unknown,Rear End,Related,Other Vehicle,Not Applicable,Not Applicable,East Of,,False,False,92762,MONTEREY RD,SENTER RD,37.27791855,-121.835128
613,694538,CR-0000098532,1,0,0,0,23-196-0730,False,False,688,7/15/2023 7:22:00 PM,No Pedestrians Involved,Dry,No Unusual Conditions,Daylight,Violation Driver 1,No Controls Present/Factor,Clear,Vehicle/Bike,Non-Related,Bike,Not Applicable,Not Applicable,South Of,BIKE,False,False,92762,MONTEREY RD,SENTER RD,37.27791855,-121.835128
614,694698,CR-0000098732,1,0,0,0,23-230-0774,False,False,0,8/18/2023 7:11:00 PM,No Pedestrians Involved,Dry,No Unusual Conditions,Daylight,Violation Driver 1,Controls Functioning,Clear,Broadside,Intersection,Other Vehicle,Not Applicable,Not Applicable,At,,False,False,92762,MONTEREY RD,SENTER RD,37.27791855,-121.835128
615,694702,CR-0000098737,1,0,0,0,23-215-0154,False,False,0,8/3/2023 6:15:00 AM,No Pedestrians Involved,Dry,No Unusual Conditions,Daylight,Violation Driver 1,Controls Functioning,Clear,Broadside,Intersection,Motorcycle,Not Applicable,Not Applicable,At,,False,False,92762,MONTEREY RD,SENTER RD,37.27791855,-121.835128
616,695857,CR-0000098922,0,0,0,0,23-095-0629,False,False,0,4/5/2023 4:33:00 PM,No Pedestrians Involved,Dry,No Unusual Conditions,Daylight,Violation Driver 1,No Controls Present/Factor,Clear,Sideswipe,Intersection,Other Vehicle,Not Applicable,Not Applicable,At,,False,False,92762,MONTEREY RD,SENTER RD,37.27791855,-121.835128
617,696305,CR-0000099461,0,1,0,0,23-287-0302,False,False,0,10/14/2023 9:08:00 AM,No Pedestrians Involved,Dry,No Unusual Conditions,Daylight,Violation Driver 1,Controls Functioning,Clear,Sideswipe,Intersection,Other Vehicle,Not Applicable,Not Applicable,At,,True,False,92762,MONTEREY RD,SENTER RD,37.27791855,-121.835128
618,695951,CR-0000099084,0,0,0,0,23-213-0666,False,False,188,8/1/2023 4:45:00 PM,No Pedestrians Involved,Dry,No Unusual Conditions,Daylight,Violation Driver 1,Controls Functioning,Clear,Rear End,Non-Related,Other Vehicle,Not Applicable,Not Applicable,North Of,,True,True,92762,MONTEREY RD,SENTER RD,37.27791855,-121.835128
619,716131,CR-0000102140,1,1,0,0,24-025-0930,False,False,23,1/25/2024 10:00:00 PM,No Pedestrians Involved,Dry,No Unusual Conditions,Dark - Street Light,Violation Driver 1,Controls Functioning,Unknown,Broadside,Related,Other Vehicle,Not Applicable,Not Applicable,South Of,,False,False,92762,MONTEREY RD,SENTER RD,37.27791855,-121.835128
620,720936,CR-0000103171,0,0,0,0,24-047-0797,False,False,245,2/16/2024 7:38:00 PM,No Pedestrians Involved,Dry,No Unusual Conditions,Dark - Street Light,Violation Driver 1,Controls Functioning,Clear,Rear End,Non-Related,Other Vehicle,Not Applicable,Not Applicable,North Of,,False,True,92762,MONTEREY RD,SENTER RD,37.27791855,-121.835128
621,712096,CR-0000101064,0,0,0,0,23-297-0189,False,False,1150,10/24/2023 7:45:00 AM,No Pedestrians Involved,Dry,No Unusual Conditions,Daylight,Violation Driver 1,Controls Functioning,Cloudy,Broadside,Non-Related,Other Vehicle,Not Applicable,Not Applicable,South Of,,False,True,92762,MONTEREY RD,SENTER RD,37.27791855,-121.835128
622,682468,CR-0000092033,0,0,0,0,22-119-0905,False,False,1249,4/29/2022 10:06:00 PM,No Pedestrians Involved,Dry,No Unusual Conditions,Dark - Street Light,Violation Driver 1,No Controls Present/Factor,Clear,Broadside,Non-Related,Other Vehicle,Not Applicable,Not Applicable,North Of,,False,False,92773,MONTEREY RD,SKYWAY DR,37.27245342,-121.8289977
623,695911,CR-0000099039,0,0,0,0,23-217-9704,False,True,0,8/4/2023 6:30:00 PM,No Pedestrians Involved,Dry,No Unusual Conditions,Daylight,Unknown,Controls Functioning,Clear,Rear End,Intersection,Other Vehicle,Not Applicable,Not Applicable,At,,False,False,92773,MONTEREY RD,SKYWAY DR,37.27245342,-121.8289977
624,696094,CR-0000099231,1,0,0,0,23-212-0278,False,False,79,7/31/2023 9:33:00 AM,No Pedestrians Involved,Dry,No Unusual Conditions,Daylight,Violation Driver 1,Controls Functioning,Clear,Sideswipe,Non-Related,Other Vehicle,Not Applicable,Not Applicable,East Of,,False,False,92773,MONTEREY RD,SKYWAY DR,37.27245342,-121.8289977
625,696302,CR-0000099458,0,0,0,0,23-136-9706,False,True,0,8/15/2023 2:00:00 PM,No Pedestrians Involved,Dry,No Unusual Conditions,Daylight,Unknown,Unknown,Clear,Sideswipe,Intersection,Other Vehicle,Not Applicable,Not Applicable,At,,False,False,92773,MONTEREY RD,SKYWAY DR,37.27245342,-121.8289977
626,694438,CR-0000098402,0,0,1,0,23-160-0516,True,False,28,6/9/2023 4:03:00 PM,No Pedestrians Involved,Dry,No Unusual Conditions,Daylight,Violation Driver 1,Controls Functioning,Clear,Hit Object,Related,Fixed Object,Not Applicable,Not Applicable,West Of,LIGHT POLE,False,False,92773,MONTEREY RD,SKYWAY DR,37.27245342,-121.8289977
627,694413,CR-0000098367,1,0,0,0,23-155-0243,False,False,35,6/4/2023 7:52:00 AM,No Pedestrians Involved,Dry,No Unusual Conditions,Daylight,Violation Driver 1,Controls Functioning,Clear,Rear End,Related,Other Vehicle,Not Applicable,Not Applicable,North Of,,True,True,92773,MONTEREY RD,SKYWAY DR,37.27245342,-121.8289977
628,699004,CR-0000100308,3,0,0,0,23-315-0025,False,False,0,11/11/2023 12:25:00 AM,No Pedestrians Involved,Dry,No Unusual Conditions,Dark - Street Light,Violation Driver 1,Controls Functioning,Clear,Sideswipe,Intersection,Other Vehicle,Not Applicable,Not Applicable,At,,False,False,92773,MONTEREY RD,SKYWAY DR,37.27245342,-121.8289977
629,689506,CR-0000095483,0,0,0,0,22-361-4008,False,True,,12/27/2022 8:00:00 PM,No Pedestrians Involved,Unknown,Unknown,Unknown,Unknown,Unknown,Unknown,Rear End,Related,Other Vehicle,Not Applicable,Not Applicable,Unknown,,False,False,92773,MONTEREY RD,SKYWAY DR,37.27245342,-121.8289977
630,689470,CR-0000095447,0,0,0,0,22-361-0736,False,False,33,12/27/2022 9:40:00 PM,No Pedestrians Involved,Wet,No Unusual Conditions,Dark - Street Light,Violation Driver 1,Controls Functioning,Rain,Rear End,Related,Other Vehicle,Not Applicable,Not Applicable,South Of,,True,True,92773,MONTEREY RD,SKYWAY DR,37.27245342,-121.8289977
631,691228,CR-0000097452,0,0,0,0,23-048-0674,False,False,23,2/17/2023 5:59:00 PM,No Pedestrians Involved,Dry,No Unusual Conditions,Dusk - Dawn,Violation Driver 1,Controls Functioning,Clear,Rear End,Related,Other Vehicle,Not Applicable,Not Applicable,North Of,,True,True,92773,MONTEREY RD,SKYWAY DR,37.27245342,-121.8289977
632,712251,CR-0000101706,0,0,0,1,24-015-0077,False,False,,1/15/2024 1:54:00 AM,In Road - Includes Shoulder,Wet,No Unusual Conditions,Dark - Street Light,Violation Driver 1,Controls Functioning,Cloudy,Vehicle/Pedestrian,Related,Pedestrian,Not Applicable,Not Applicable,South Of,,False,False,92773,MONTEREY RD,SKYWAY DR,37.27245342,-121.8289977
633,721996,CR-0000103250,0,0,0,0,24-054-0327,False,False,0,2/23/2024 10:30:00 AM,No Pedestrians Involved,Dry,No Unusual Conditions,Daylight,Violation Driver 1,Controls Functioning,Clear,Broadside,Intersection,Other Vehicle,Not Applicable,Not Applicable,At,,True,False,92773,MONTEREY RD,SKYWAY DR,37.27245342,-121.8289977
634,716346,CR-0000102379,1,0,0,0,24-049-0407,False,False,51,2/18/2024 1:00:00 PM,No Pedestrians Involved,Wet,No Unusual Conditions,Daylight,Violation Driver 1,No Controls Present/Factor,Clear,Sideswipe,Non-Related,Other Vehicle,Not Applicable,Not Applicable,North Of,,False,True,92773,MONTEREY RD,SKYWAY DR,37.27245342,-121.8289977
635,689093,CR-0000094948,0,0,0,0,22-268-0883,False,False,51,9/25/2022 10:17:00 PM,No Pedestrians Involved,Dry,No Unusual Conditions,Dark - Street Light,Violation Driver 1,No Controls Present/Factor,Clear,Sideswipe,Non-Related,Other Vehicle,Not Applicable,Not Applicable,North Of,EMERGENCY VEHICLE INVOLVED,False,False,92674,MONTEREY RD,PALMWELL WY,37.24585358,-121.7860951
636,688914,CR-0000094776,1,0,1,0,22-279-0491,False,False,698,10/6/2022 1:22:00 PM,No Pedestrians Involved,Dry,No Unusual Conditions,Daylight,Violation Driver 1,No Controls Present/Factor,Clear,Sideswipe,Non-Related,Motorcycle,Not Applicable,Not Applicable,South Of,,False,False,92784,MONTEREY RD,SOUTHSIDE DR,37.28752723,-121.8451579
637,691169,CR-0000097371,2,0,1,0,23-041-0985,False,False,204,2/10/2023 9:50:00 PM,No Pedestrians Involved,Dry,No Unusual Conditions,Dark - Street Light,Violation Driver 1,No Controls Present/Factor,Clear,Rear End,Non-Related,Motorcycle,Not Applicable,Not Applicable,South Of,,True,False,92784,MONTEREY RD,SOUTHSIDE DR,37.28752723,-121.8451579
638,690628,CR-0000096750,1,0,0,0,23-001-0168,False,False,0,1/1/2023 6:03:00 AM,No Pedestrians Involved,Wet,No Unusual Conditions,Dusk - Dawn,Violation Driver 1,No Controls Present/Factor,Cloudy,Sideswipe,Intersection,Parked Vehicle,Not Applicable,Not Applicable,At,,True,False,92784,MONTEREY RD,SOUTHSIDE DR,37.28752723,-121.8451579
639,690392,CR-0000096489,0,0,0,0,22-281-9701,False,True,0,10/7/2022 4:36:00 PM,No Pedestrians Involved,Dry,No Unusual Conditions,Daylight,Unknown,Controls Functioning,Clear,Rear End,Intersection,Other Vehicle,Not Applicable,Not Applicable,At,,False,True,92784,MONTEREY RD,SOUTHSIDE DR,37.28752723,-121.8451579
640,690353,CR-0000096447,0,0,0,0,22-229-9704,False,True,51,8/13/2022 6:35:00 PM,No Pedestrians Involved,Dry,No Unusual Conditions,Daylight,Unknown,Controls Functioning,Clear,Broadside,Non-Related,Other Vehicle,Not Applicable,Not Applicable,East Of,,False,True,92784,MONTEREY RD,SOUTHSIDE DR,37.28752723,-121.8451579
641,696085,CR-0000099220,2,0,0,0,23-120-0656,False,False,0,4/30/2023 5:30:00 PM,No Pedestrians Involved,Dry,No Unusual Conditions,Daylight,Violation Driver 1,Controls Functioning,Clear,Broadside,Intersection,Other Vehicle,Not Applicable,Not Applicable,At,,False,False,92784,MONTEREY RD,SOUTHSIDE DR,37.28752723,-121.8451579
642,722046,CR-0000103300,0,0,0,0,24-063-9703,False,True,51,2/29/2024 6:50:00 PM,No Pedestrians Involved,Wet,No Unusual Conditions,Dark - Street Light,Unknown,Unknown,Cloudy,Rear End,Non-Related,Other Vehicle,Not Applicable,Not Applicable,West Of,,False,False,92784,MONTEREY RD,SOUTHSIDE DR,37.28752723,-121.8451579
643,698749,CR-0000100001,2,0,0,0,23-262-0396,False,False,38,9/19/2023 12:20:00 PM,No Pedestrians Involved,Dry,No Unusual Conditions,Daylight,Violation Driver 1,No Controls Present/Factor,Clear,Sideswipe,Related,Other Vehicle,Not Applicable,Not Applicable,East Of,,True,False,104500,RODONOVAN DR,STEVENS CREEK BL,37.32307288,-121.9903954
644,699346,CR-0000100673,0,0,0,0,23-168-0041,False,False,19,6/17/2023 12:50:00 AM,No Pedestrians Involved,Dry,No Unusual Conditions,Dark - Street Light,Violation Driver 1,No Controls Present/Factor,Clear,Hit Object,Related,Fixed Object,Not Applicable,Not Applicable,West Of,Hydrant,True,False,104500,RODONOVAN DR,STEVENS CREEK BL,37.32307288,-121.9903954
645,689277,CR-0000095236,0,0,0,0,22-363-0770,False,False,0,10/29/2022 8:15:00 PM,No Pedestrians Involved,Wet,No Unusual Conditions,Dark - Street Light,Unknown,Controls Functioning,Cloudy,Head On,Intersection,Other Vehicle,Not Applicable,Not Applicable,At,,False,True,92322,MONROE ST,NEWHALL ST,37.33769492,-121.9435327
646,681968,CR-0000091477,0,0,0,0,22-081-0749,False,False,0,3/22/2022 5:52:00 PM,No Pedestrians Involved,Dry,No Unusual Conditions,Daylight,Violation Driver 1,Controls Functioning,Clear,Broadside,Intersection,Motorcycle,Not Applicable,Not Applicable,At,,False,False,92322,MONROE ST,NEWHALL ST,37.33769492,-121.9435327
647,699275,CR-0000100598,0,0,0,0,23-175-4004,False,True,51,6/24/2023 12:30:00 PM,No Pedestrians Involved,Unknown,Unknown,Unknown,Unknown,Unknown,Unknown,Other,Non-Related,Parked Vehicle,Not Applicable,Not Applicable,West Of,,False,False,92322,MONROE ST,NEWHALL ST,37.33769492,-121.9435327
648,697592,CR-0000099805,0,0,0,0,23-105-9802,True,False,90,3/12/2023 6:26:00 AM,No Pedestrians Involved,Dry,No Unusual Conditions,Dark - Street Light,Violation Driver 1,Controls Functioning,Cloudy,Hit Object,Non-Related,Fixed Object,Not Applicable,Not Applicable,East Of,TREE and STREETLIGHT,False,True,92322,MONROE ST,NEWHALL ST,37.33769492,-121.9435327
649,698844,CR-0000100127,4,0,0,0,23-335-0504,False,False,0,12/1/2023 4:46:00 PM,No Pedestrians Involved,Dry,No Unusual Conditions,Daylight,Violation Driver 1,Controls Functioning,Clear,Head On,Intersection,Other Vehicle,Not Applicable,Not Applicable,At,,False,False,92322,MONROE ST,NEWHALL ST,37.33769492,-121.9435327
650,696459,CR-0000099636,1,0,0,0,23-334-0297,False,False,0,11/30/2023 10:41:00 AM,No Pedestrians Involved,Dry,No Unusual Conditions,Daylight,Violation Driver 1,Controls Functioning,Clear,Rear End,Intersection,Other Vehicle,Not Applicable,Not Applicable,At,,False,False,92322,MONROE ST,NEWHALL ST,37.33769492,-121.9435327
651,689938,CR-0000095953,0,0,0,0,22-362-0826,True,False,0,12/28/2022 10:08:00 PM,No Pedestrians Involved,Dry,No Unusual Conditions,Dark - Street Light,Violation Driver 1,Unknown,Clear,Hit Object,Intersection,Fixed Object,Not Applicable,Not Applicable,At,SIGNAL POLE,False,True,92322,MONROE ST,NEWHALL ST,37.33769492,-121.9435327
652,694168,CR-0000098066,1,1,0,0,23-063-0719,False,False,288,3/4/2023 8:26:00 PM,No Pedestrians Involved,Dry,No Unusual Conditions,Dark - Street Light,Violation Driver 1,No Controls Present/Factor,Clear,Sideswipe,Non-Related,Other Vehicle,Not Applicable,Not Applicable,East Of,,False,False,92322,MONROE ST,NEWHALL ST,37.33769492,-121.9435327
653,716347,CR-0000102350,1,0,0,0,24-051-9706,False,True,0,2/19/2024 12:00:00 PM,No Pedestrians Involved,Wet,No Unusual Conditions,Unknown,Unknown,Controls Functioning,Wind,Sideswipe,Intersection,Other Vehicle,Not Applicable,Not Applicable,At,,False,False,92322,MONROE ST,NEWHALL ST,37.33769492,-121.9435327
654,688756,CR-0000094582,0,0,0,0,22-275-4003,False,True,51,10/1/2022 12:18:00 PM,No Pedestrians Involved,Unknown,Unknown,Daylight,Unknown,Unknown,Unknown,Hit Object,Non-Related,Fixed Object,Not Applicable,Not Applicable,West Of,TREE,False,False,117292,PORTO ALEGRE CT,PORTO ALEGRE DR,37.2391897,-121.8751119
655,694467,CR-0000098432,1,0,0,0,23-140-0424,False,False,150,5/20/2023 1:00:00 PM,No Pedestrians Involved,Dry,No Unusual Conditions,Daylight,Violation Driver 1,No Controls Present/Factor,Clear,Sideswipe,Non-Related,Other Vehicle,Not Applicable,Not Applicable,East Of,,False,False,39313,CICERO WY,QUIMBY RD,37.32536138,-121.7991306
656,698710,CR-0000099959,0,0,0,0,23-147-0794,False,False,0,5/27/2023 7:43:00 PM,No Pedestrians Involved,Dry,No Unusual Conditions,Dusk - Dawn,Violation Driver 1,No Controls Present/Factor,Clear,Broadside,Intersection,Motor Vehicle On Other Roadway,Not Applicable,Not Applicable,At,,True,False,39313,CICERO WY,QUIMBY RD,37.32536138,-121.7991306
657,715995,CR-0000101953,0,0,0,0,24-001-0864,False,False,159,1/1/2024 9:59:00 PM,No Pedestrians Involved,Dry,No Unusual Conditions,Dark - Street Light,Violation Driver 1,Controls Functioning,Clear,Hit Object,Non-Related,Fixed Object,Not Applicable,Not Applicable,East Of,,True,False,39313,CICERO WY,QUIMBY RD,37.32536138,-121.7991306
658,682315,CR-0000091878,0,0,0,1,22-097-0566,False,False,52,4/7/2022 2:54:00 PM,Crossing - Not In Crosswalk,Dry,No Unusual Conditions,Daylight,Pedestrian At Fault,No Controls Present/Factor,Clear,Vehicle/Pedestrian,Non-Related,Pedestrian,South,North,West Of,PEDESTRIAN,False,False,27103,BURDICK WY,QUIMBY RD,37.32555897,-121.8001299
659,694697,CR-0000098731,1,0,0,0,23-234-0137,False,False,0,8/22/2023 6:13:00 AM,No Pedestrians Involved,Dry,No Unusual Conditions,Dusk - Dawn,Violation Driver 1,Controls Functioning,Clear,Broadside,Intersection,Other Vehicle,Not Applicable,Not Applicable,At,,False,False,27103,BURDICK WY,QUIMBY RD,37.32555897,-121.8001299
660,698756,CR-0000100037,0,1,1,0,23-358-0357,False,False,0,12/24/2023 5:32:00 PM,No Pedestrians Involved,Dry,No Unusual Conditions,Daylight,Violation Driver 1,Controls Functioning,Clear,Broadside,Intersection,Other Vehicle,Not Applicable,Not Applicable,At,,True,False,102497,QUIMBY RD,SAND POINT DR,37.32472109,-121.804784
661,691226,CR-0000097449,0,0,0,0,23-049-0096,False,False,0,2/18/2023 1:58:00 AM,No Pedestrians Involved,Dry,No Unusual Conditions,Dark - Street Light,Violation Driver 1,No Controls Present/Factor,Clear,Broadside,Intersection,Other Vehicle,Not Applicable,Not Applicable,At,,True,True,102519,QUIMBY RD,SCOTTSDALE DR,37.32452453,-121.805675
662,691330,CR-0000097577,0,0,0,0,23-062-0375,False,False,0,3/3/2023 11:17:00 AM,No Pedestrians Involved,Dry,No Unusual Conditions,Daylight,Violation Driver 1,No Controls Present/Factor,Clear,Vehicle/Bike,Intersection,Bike,Not Applicable,Not Applicable,At,,False,False,102519,QUIMBY RD,SCOTTSDALE DR,37.32452453,-121.805675
663,715958,CR-0000101899,0,0,1,0,23-342-0522,False,False,0,12/8/2023 1:22:00 PM,No Pedestrians Involved,Dry,No Unusual Conditions,Daylight,Violation Driver 1,No Controls Present/Factor,Clear,Broadside,Intersection,Motorcycle,Not Applicable,Not Applicable,At,MC,False,False,102519,QUIMBY RD,SCOTTSDALE DR,37.32452453,-121.805675
664,711884,CR-0000101228,0,0,0,0,23-316-0711,False,False,0,11/12/2023 7:32:00 PM,No Pedestrians Involved,Unknown,No Unusual Conditions,Dark - Street Light,Violation Driver 1,No Controls Present/Factor,Clear,Vehicle/Bike,Intersection,Bike,Not Applicable,Not Applicable,At,BIKE,False,True,102519,QUIMBY RD,SCOTTSDALE DR,37.32452453,-121.805675
665,722267,CR-0000103561,0,0,0,0,24-086-0354,False,False,0,3/26/2024 12:00:00 PM,No Pedestrians Involved,Dry,No Unusual Conditions,Daylight,Violation Driver 1,No Controls Present/Factor,Clear,Sideswipe,Intersection,Parked Vehicle,Not Applicable,Not Applicable,At,,False,False,34286,CASA LOMA CT,LA HONDA AV,37.31983132,-121.990631
666,712241,CR-0000101687,0,0,0,0,23-329-0347,False,False,396,11/25/2023 5:30:00 AM,No Pedestrians Involved,Dry,No Unusual Conditions,Dark - Street Light,Violation Driver 1,No Controls Present/Factor,Clear,Sideswipe,Non-Related,Parked Vehicle,Not Applicable,Not Applicable,West Of,,False,True,96447,NORWALK DR,RICHFIELD DR,37.31839666,-121.9840575
667,717419,CR-0000102432,0,0,0,0,23-049-0156,False,False,320,2/18/2023 4:15:00 AM,No Pedestrians Involved,Dry,No Unusual Conditions,Dark - Street Light,Violation Driver 1,No Controls Present/Factor,Clear,Head On,Non-Related,Parked Vehicle,Not Applicable,Not Applicable,North Of,,True,False,96447,NORWALK DR,RICHFIELD DR,37.31839666,-121.9840575
668,722435,CR-0000103724,0,0,0,0,24-097-4001,False,True,51,4/6/2024 2:00:00 PM,No Pedestrians Involved,Unknown,Unknown,Unknown,Unknown,Unknown,Unknown,Sideswipe,Non-Related,Other Vehicle,Not Applicable,Not Applicable,West Of,,False,False,85216,LOS ARBOLES ST,RICHDALE AV,37.28603013,-121.8298999
669,696288,CR-0000099444,0,0,1,0,23-289-1023,False,False,19,10/16/2023 11:55:00 PM,No Pedestrians Involved,Dry,No Unusual Conditions,Dark - Street Light,Violation Driver 1,Controls Functioning,Clear,Rear End,Related,Motorcycle,Not Applicable,Not Applicable,West Of,,True,True,4190,ALMA AV,SANBORN AV,37.31520968,-121.8756919
670,690334,CR-0000096428,0,0,0,0,22-138-4005,False,True,0,5/18/2022 10:15:00 AM,No Pedestrians Involved,Unknown,Unknown,Unknown,Unknown,Unknown,Unknown,Rear End,Intersection,Other Vehicle,Not Applicable,Not Applicable,At,,False,False,18809,BIRD AV,WILLOW ST,37.31104785,-121.8957959
671,681254,CR-0000090639,1,0,0,0,22-007-0107,False,False,30,1/7/2022 5:55:00 AM,No Pedestrians Involved,Wet,No Unusual Conditions,Dark - Street Light,Violation Driver 1,Controls Functioning,Clear,Sideswipe,Related,Motorcycle,Not Applicable,Not Applicable,South Of,,False,False,18809,BIRD AV,WILLOW ST,37.31104785,-121.8957959
672,689684,CR-0000095666,0,0,0,0,22-345-0073,True,False,0,12/11/2022 1:57:00 AM,No Pedestrians Involved,Wet,Unknown,Dark - Street Light,Violation Driver 1,Controls Functioning,Rain,Hit Object,Intersection,Fixed Object,Not Applicable,Not Applicable,At,traffic signal,True,True,18809,BIRD AV,WILLOW ST,37.31104785,-121.8957959
673,688685,CR-0000094507,0,1,0,0,22-264-0914,False,False,0,9/21/2022 8:58:00 PM,Crossing In Crosswalk - At Intersection,Dry,No Unusual Conditions,Dark - Street Light,Unknown,No Controls Present/Factor,Clear,Vehicle/Pedestrian,Intersection,Pedestrian,South,North,At,PED,False,False,66516,GLEN EYRIE AV,LINCOLN AV,37.31199457,-121.9036255
674,688874,CR-0000094730,0,1,0,0,22-276-0186,False,False,0,10/3/2022 6:55:00 AM,Crossing - Not In Crosswalk,Dry,No Unusual Conditions,Daylight,Violation Driver 1,No Controls Present/Factor,Clear,Vehicle/Bike,Intersection,Bike,West,North,At,BIKE,False,False,66516,GLEN EYRIE AV,LINCOLN AV,37.31199457,-121.9036255
675,681767,CR-0000091167,1,0,0,0,22-058-0667,False,False,726,2/27/2022 5:00:00 PM,No Pedestrians Involved,Dry,No Unusual Conditions,Daylight,Violation Driver 1,No Controls Present/Factor,Clear,Rear End,Non-Related,Other Vehicle,Not Applicable,Not Applicable,West Of,,True,False,66516,GLEN EYRIE AV,LINCOLN AV,37.31199457,-121.9036255
676,689981,CR-0000096046,1,0,0,0,22-343-0583,False,False,105,12/9/2022 5:05:00 PM,No Pedestrians Involved,Dry,No Unusual Conditions,Dark - Street Light,Violation Driver 1,Controls Functioning,Clear,Broadside,Non-Related,Other Vehicle,Not Applicable,Not Applicable,South Of,,True,True,66516,GLEN EYRIE AV,LINCOLN AV,37.31199457,-121.9036255
677,722235,CR-0000103501,0,0,0,0,24-083-0087,False,False,40,3/23/2024 2:10:00 AM,No Pedestrians Involved,Dry,No Unusual Conditions,Dark - Street Light,Violation Driver 1,No Controls Present/Factor,Clear,Rear End,Related,Other Vehicle,Not Applicable,Not Applicable,South Of,,False,False,66516,GLEN EYRIE AV,LINCOLN AV,37.31199457,-121.9036255
678,681373,CR-0000090761,0,0,0,0,22-033-9707,False,False,51,1/17/2022 9:00:00 PM,No Pedestrians Involved,Dry,No Unusual Conditions,Dark - Street Light,Unknown,No Controls Present/Factor,Clear,Sideswipe,Non-Related,Parked Vehicle,Not Applicable,Not Applicable,West Of,,False,False,119701,GLEN EYRIE AV,GLEN EYRIE WY,37.31158461,-121.90454
679,683415,CR-0000093008,0,0,0,0,22-166-9704,False,True,121,4/27/2022 12:00:00 AM,No Pedestrians Involved,Dry,No Unusual Conditions,Daylight,Unknown,No Controls Present/Factor,Clear,Sideswipe,Non-Related,Parked Vehicle,Not Applicable,Not Applicable,North Of,,False,True,119701,GLEN EYRIE AV,GLEN EYRIE WY,37.31158461,-121.90454
680,696090,CR-0000099225,0,1,0,0,23-116-0707,False,False,51,4/26/2023 6:32:00 PM,No Pedestrians Involved,Dry,No Unusual Conditions,Daylight,Violation Driver 1,Unknown,Clear,Vehicle/Pedestrian,Non-Related,Fixed Object,Not Applicable,Not Applicable,South Of,AT&T POLE,False,False,78957,KEPPLER DR/CT,QUIMBY RD,37.32427497,-121.8066599
681,681677,CR-0000091074,0,0,0,0,22-074-4001,False,True,51,3/15/2022 7:37:00 PM,No Pedestrians Involved,Unknown,Unknown,Unknown,Unknown,Unknown,Unknown,Sideswipe,Non-Related,Parked Vehicle,Not Applicable,Not Applicable,South Of,,False,False,41040,COCONUT DR,GUMDROP DR,37.33376196,-121.7969644
682,696408,CR-0000099584,0,0,0,0,23-152-4002,False,True,51,5/31/2023 8:00:00 AM,No Pedestrians Involved,Unknown,Unknown,Daylight,Unknown,Unknown,Unknown,Sideswipe,Non-Related,Parked Vehicle,Not Applicable,Not Applicable,East Of,,False,False,118997,MOUNT CLARE DR,WHITE RD,37.33409969,-121.8000833
683,690643,CR-0000096765,0,1,0,0,23-027-0380,False,False,48,1/27/2023 12:00:00 PM,No Pedestrians Involved,Dry,No Unusual Conditions,Daylight,Violation Driver 1,No Controls Present/Factor,Clear,Rear End,Related,Other Vehicle,Not Applicable,Not Applicable,East Of,,True,False,76383,JACOB AV,WILLOWPARK DR,37.26365775,-121.8981495
684,690347,CR-0000096441,0,0,0,0,22-139-4001,False,True,0,5/19/2022 5:35:00 PM,No Pedestrians Involved,Unknown,Unknown,Unknown,Unknown,Unknown,Unknown,Other,Intersection,Other Vehicle,Not Applicable,Not Applicable,At,,False,True,16818,BERGER DR,GISH RD,37.3696882,-121.8970666
685,687607,CR-0000094400,4,1,0,0,22-267-0130,False,False,0,9/24/2022 2:14:00 AM,No Pedestrians Involved,Dry,No Unusual Conditions,Dark - Street Light,Violation Driver 1,Controls Functioning,Clear,Head On,Intersection,Other Vehicle,Not Applicable,Not Applicable,At,,False,False,60455,FIRST ST,MATRIX BL,37.3710765,-121.9166191
686,683280,CR-0000092856,0,0,0,0,22-202-0737,False,False,0,7/21/2022 5:49:00 PM,No Pedestrians Involved,Dry,No Unusual Conditions,Daylight,Violation Driver 1,Controls Functioning,Clear,Broadside,Intersection,Other Vehicle,Not Applicable,Not Applicable,At,,False,True,60455,FIRST ST,MATRIX BL,37.3710765,-121.9166191
687,690735,CR-0000096872,0,0,1,0,23-017-0013,False,False,0,1/17/2023 12:06:00 AM,Crossing - Not In Crosswalk,Dry,No Unusual Conditions,Dark - Street Light,Violation Driver 1,Controls Functioning,Clear,Vehicle/Pedestrian,Intersection,Pedestrian,West,East,At,PED,False,False,60455,FIRST ST,MATRIX BL,37.3710765,-121.9166191