_id,CrashFactId,Name,MinorInjuries,ModerateInjuries,SevereInjuries,FatalInjuries,TcrNumber,CityDamageFlag,ShortFormFlag,Distance,CrashDateTime,PedestrianAction,RoadwaySurface,RoadwayCondition,Lighting,PrimaryCollisionFactor,TrafficControl,Weather,CollisionType,ProximityToIntersection,VehicleInvolvedWith,PedestrianDirectionFrom,PedestrianDirectionTo,DirectionFromIntersection,Comment,SpeedingFlag,HitAndRunFlag,IntersectionNumber,AStreetName,BStreetName,Latitude,Longitude
688,689928,CR-0000095983,2,0,0,0,22-232-0859,True,False,0,8/20/2022 8:53:00 PM,No Pedestrians Involved,Dry,No Unusual Conditions,Dark - Street Light,Violation Driver 1,Unknown,Clear,Broadside,Intersection,Other Vehicle,Not Applicable,Not Applicable,At,TRAFFIC POLE,False,True,60455,FIRST ST,MATRIX BL,37.3710765,-121.9166191
689,696146,CR-0000099288,1,0,1,0,23-108-0919,False,False,0,4/18/2023 10:52:00 PM,No Pedestrians Involved,Dry,No Unusual Conditions,Dark - Street Light,Violation Driver 1,Controls Functioning,Clear,Broadside,Intersection,Other Vehicle,Not Applicable,Not Applicable,At,,False,False,60455,FIRST ST,MATRIX BL,37.3710765,-121.9166191
690,694695,CR-0000098729,1,0,0,0,23-231-0342,False,False,210,8/19/2023 11:45:00 AM,No Pedestrians Involved,Dry,No Unusual Conditions,Daylight,Violation Driver 1,No Controls Present/Factor,Clear,Broadside,Non-Related,Other Vehicle,Not Applicable,Not Applicable,West Of,,False,False,60455,FIRST ST,MATRIX BL,37.3710765,-121.9166191
691,694647,CR-0000098680,1,0,0,0,23-211-0816,False,False,0,7/30/2023 10:27:00 PM,No Pedestrians Involved,Dry,No Unusual Conditions,Daylight,Violation Driver 1,No Controls Present/Factor,Clear,Rear End,Intersection,Other Vehicle,Not Applicable,Not Applicable,At,,False,False,60455,FIRST ST,MATRIX BL,37.3710765,-121.9166191
692,698827,CR-0000100110,1,0,0,0,23-350-0777,False,False,60,12/1/2023 6:47:00 PM,No Pedestrians Involved,Dry,No Unusual Conditions,Dark - Street Light,Violation Driver 1,No Controls Present/Factor,Clear,Rear End,Non-Related,Other Vehicle,Not Applicable,Not Applicable,West Of,,False,False,60455,FIRST ST,MATRIX BL,37.3710765,-121.9166191
693,699262,CR-0000100585,0,0,0,0,23-167-9703,False,True,0,6/15/2023 9:10:00 PM,No Pedestrians Involved,Dry,No Unusual Conditions,Dark - Street Light,Unknown,Controls Functioning,Clear,Rear End,Intersection,Other Vehicle,Not Applicable,Not Applicable,At,,False,False,60455,FIRST ST,MATRIX BL,37.3710765,-121.9166191
694,699163,CR-0000100482,0,0,0,0,23-167-0192,False,False,0,6/16/2023 7:55:00 AM,No Pedestrians Involved,Dry,No Unusual Conditions,Daylight,Violation Driver 1,Controls Not Functioning,Clear,Broadside,Intersection,Other Vehicle,Not Applicable,Not Applicable,At,,False,False,60455,FIRST ST,MATRIX BL,37.3710765,-121.9166191
695,722486,CR-0000103795,0,0,0,0,24-106-0908,False,False,49,4/15/2024 10:36:00 PM,No Pedestrians Involved,Dry,No Unusual Conditions,Dark - Street Light,Violation Driver 1,Controls Functioning,Clear,Sideswipe,Related,Other Vehicle,Not Applicable,Not Applicable,North Of,,False,False,60455,FIRST ST,MATRIX BL,37.3710765,-121.9166191
696,722019,CR-0000103273,2,0,0,0,24-057-0847,False,False,0,2/26/2024 7:47:00 PM,No Pedestrians Involved,Dry,No Unusual Conditions,Dark - Street Light,Violation Driver 1,Controls Functioning,Clear,Rear End,Intersection,Other Vehicle,Not Applicable,Not Applicable,At,,False,False,60455,FIRST ST,MATRIX BL,37.3710765,-121.9166191
697,721993,CR-0000103247,0,0,0,0,24-053-4004,False,True,51,2/22/2024 4:18:00 PM,No Pedestrians Involved,Unknown,Unknown,Unknown,Unknown,Unknown,Unknown,Rear End,Non-Related,Other Vehicle,Not Applicable,Not Applicable,South Of,,False,False,60455,FIRST ST,MATRIX BL,37.3710765,-121.9166191
698,711894,CR-0000101458,0,0,0,0,23-250-4005,False,True,0,9/7/2023 9:10:00 AM,No Pedestrians Involved,Unknown,Unknown,Unknown,Unknown,Unknown,Unknown,Rear End,Intersection,Other Vehicle,Not Applicable,Not Applicable,At,,False,False,60455,FIRST ST,MATRIX BL,37.3710765,-121.9166191
699,711675,CR-0000101201,0,0,0,0,23-305-4003,False,True,0,11/1/2023 1:50:00 PM,No Pedestrians Involved,Unknown,Unknown,Unknown,Unknown,Unknown,Unknown,Rear End,Intersection,Other Vehicle,Not Applicable,Not Applicable,At,,False,False,60455,FIRST ST,MATRIX BL,37.3710765,-121.9166191
700,722193,CR-0000103459,0,0,0,0,24-077-0205,False,False,73,3/17/2024 5:52:00 AM,No Pedestrians Involved,Dry,No Unusual Conditions,Daylight,Violation Driver 1,No Controls Present/Factor,Clear,Sideswipe,Non-Related,Parked Vehicle,Not Applicable,Not Applicable,West Of,,False,True,102893,RAMISH DR,TOFTS DR,37.38839523,-121.8688577
701,685000,CR-0000093687,0,1,0,0,22-211-0044,True,False,103,7/30/2022 12:35:00 AM,No Pedestrians Involved,Dry,No Unusual Conditions,Dark - Street Light,Violation Driver 1,No Controls Present/Factor,Clear,Hit Object,Non-Related,Fixed Object,Not Applicable,Not Applicable,East Of,LIGHTPOLE,True,False,133055,HELZER RD,MACINTYPRE DR,37.28321808,-121.8645941
702,712087,CR-0000101530,0,0,0,0,23-363-0200,True,False,51,12/29/2023 8:58:00 AM,No Pedestrians Involved,Wet,No Unusual Conditions,Daylight,Violation Driver 1,No Controls Present/Factor,Rain,Hit Object,Non-Related,Fixed Object,Not Applicable,Not Applicable,East Of,LIGHTPOLE,True,False,133055,HELZER RD,MACINTYPRE DR,37.28321808,-121.8645941
703,694312,CR-0000098256,2,0,0,0,23-178-0650,False,False,0,6/27/2023 4:25:00 PM,No Pedestrians Involved,Dry,No Unusual Conditions,Daylight,Violation Driver 1,Controls Functioning,Clear,Broadside,Intersection,Other Vehicle,Not Applicable,Not Applicable,At,,True,False,30733,CAMINA ESCUELA/JUNIPERO SERRA LN,MOORPARK AV,37.315895,-121.9841955
704,712219,CR-0000101662,0,0,0,0,23-254-0915,False,False,301,9/11/2023 8:20:00 PM,No Pedestrians Involved,Dry,No Unusual Conditions,Dark - Street Light,Violation Driver 1,No Controls Present/Factor,Clear,Head On,Non-Related,Parked Vehicle,Not Applicable,Not Applicable,East Of,,False,False,30733,CAMINA ESCUELA/JUNIPERO SERRA LN,MOORPARK AV,37.315895,-121.9841955
705,722063,CR-0000103317,0,0,0,0,24-062-0850,False,False,339,3/2/2024 10:48:00 PM,No Pedestrians Involved,Wet,No Unusual Conditions,Dark - Street Light,Violation Driver 1,No Controls Present/Factor,Rain,Sideswipe,Non-Related,Parked Vehicle,Not Applicable,Not Applicable,West Of,,True,True,30733,CAMINA ESCUELA/JUNIPERO SERRA LN,MOORPARK AV,37.315895,-121.9841955
706,683035,CR-0000092667,0,0,0,0,22-140-0081,False,False,42,5/20/2022 6:43:00 AM,No Pedestrians Involved,Dry,No Unusual Conditions,Dark - Street Light,Violation Driver 1,No Controls Present/Factor,Clear,Sideswipe,Related,Parked Vehicle,Not Applicable,Not Applicable,East Of,,False,False,10119,AUBURN WY,NORWALK DR,37.31841086,-121.9820735
707,681567,CR-0000090964,1,1,0,0,22-043-0610,False,False,882,2/12/2022 4:47:00 PM,No Pedestrians Involved,Dry,No Unusual Conditions,Daylight,Violation Driver 1,No Controls Present/Factor,Clear,Broadside,Non-Related,Other Vehicle,Not Applicable,Not Applicable,East Of,,False,False,10119,AUBURN WY,NORWALK DR,37.31841086,-121.9820735
708,712122,CR-0000100877,0,0,0,0,23-206-9706,False,True,,7/22/2023 1:33:00 AM,No Pedestrians Involved,Dry,No Unusual Conditions,Dark - No Street Light,Unknown,No Controls Present/Factor,Clear,Sideswipe,Related,Parked Vehicle,Not Applicable,Not Applicable,Unknown,,False,False,10119,AUBURN WY,NORWALK DR,37.31841086,-121.9820735
709,691240,CR-0000097465,0,0,0,0,23-046-0784,False,False,0,2/15/2023 5:56:00 PM,No Pedestrians Involved,Dry,No Unusual Conditions,Dusk - Dawn,Violation Driver 1,No Controls Present/Factor,Clear,Broadside,Intersection,Other Vehicle,Not Applicable,Not Applicable,At,,True,True,68485,GREENDALE WY,NORWALK DR,37.31840404,-121.9830771
710,718487,CR-0000102575,2,0,0,0,24-062-0518,False,False,93,3/2/2024 3:27:00 PM,No Pedestrians Involved,Wet,No Unusual Conditions,Daylight,Violation Driver 1,No Controls Present/Factor,Rain,Head On,Non-Related,Other Vehicle,Not Applicable,Not Applicable,East Of,,False,False,68485,GREENDALE WY,NORWALK DR,37.31840404,-121.9830771
711,684735,CR-0000093444,1,0,0,0,22-196-0302,False,False,162,7/15/2022 10:07:00 AM,No Pedestrians Involved,Dry,No Unusual Conditions,Daylight,Violation Driver 1,Controls Functioning,Clear,Vehicle/Bike,Non-Related,Bike,Not Applicable,Not Applicable,West Of,BIKE,False,False,110824,STEVENS CREEK BL,WOODHAMS RD,37.32312251,-121.9824121
712,721991,CR-0000103245,0,0,0,0,24-054-4000,False,True,0,2/22/2024 8:38:00 AM,No Pedestrians Involved,Unknown,Unknown,Unknown,Unknown,Unknown,Unknown,Rear End,Intersection,Parked Vehicle,Not Applicable,Not Applicable,At,Parked vehicle rolled forward and hit another parked vehicle,False,False,110824,STEVENS CREEK BL,WOODHAMS RD,37.32312251,-121.9824121
713,690872,CR-0000097015,1,0,0,0,23-018-0824,False,False,0,1/18/2023 9:00:00 PM,No Pedestrians Involved,Dry,No Unusual Conditions,Dark - Street Light,Violation Driver 1,Controls Functioning,Clear,Broadside,Intersection,Motor Vehicle On Other Roadway,Not Applicable,Not Applicable,At,,False,False,84809,LOMA LINDA DR,STEVENS CREEK BL,37.32305419,-121.9920882
714,681503,CR-0000090893,0,0,0,0,22-036-0111,False,False,135,2/5/2022 2:00:00 AM,No Pedestrians Involved,Dry,No Unusual Conditions,Unknown,Violation Driver 1,No Controls Present/Factor,Clear,Rear End,Non-Related,Parked Vehicle,Not Applicable,Not Applicable,North Of,,False,False,85590,LOUPE AV,MCLAUGHLIN AV,37.30296002,-121.8247077
715,681623,CR-0000091020,1,0,0,0,22-057-0897,False,False,95,2/26/2022 10:06:00 PM,No Pedestrians Involved,Dry,No Unusual Conditions,Dark - Street Light,Violation Driver 1,No Controls Present/Factor,Clear,Rear End,Non-Related,Other Vehicle,Not Applicable,Not Applicable,North Of,,False,False,85590,LOUPE AV,MCLAUGHLIN AV,37.30296002,-121.8247077
716,681959,CR-0000091468,0,0,0,0,22-081-0638,False,False,65,3/22/2022 4:02:00 PM,No Pedestrians Involved,Dry,No Unusual Conditions,Daylight,Violation Driver 2,Controls Functioning,Clear,Rear End,Non-Related,Other Vehicle,Not Applicable,Not Applicable,North Of,,True,False,85590,LOUPE AV,MCLAUGHLIN AV,37.30296002,-121.8247077
717,682316,CR-0000091879,1,0,0,0,22-097-0908,False,False,0,4/7/2022 8:21:00 PM,No Pedestrians Involved,Unknown,No Unusual Conditions,Dark - Street Light,Violation Driver 1,Unknown,Clear,Broadside,Intersection,Other Vehicle,Not Applicable,Not Applicable,At,,False,False,85590,LOUPE AV,MCLAUGHLIN AV,37.30296002,-121.8247077
718,694318,CR-0000098262,0,1,0,0,23-181-0285,False,False,0,6/30/2023 10:46:00 AM,No Pedestrians Involved,Dry,No Unusual Conditions,Daylight,Violation Driver 1,No Controls Present/Factor,Clear,Vehicle/Bike,Intersection,Bike,Not Applicable,Not Applicable,At,BIKE,False,False,85590,LOUPE AV,MCLAUGHLIN AV,37.30296002,-121.8247077
719,698759,CR-0000100040,0,1,0,0,23-361-0584,False,False,0,12/27/2023 3:20:00 PM,No Pedestrians Involved,Dry,No Unusual Conditions,Daylight,Violation Driver 1,Controls Functioning,Cloudy,Broadside,Intersection,Other Vehicle,Not Applicable,Not Applicable,At,,False,False,85590,LOUPE AV,MCLAUGHLIN AV,37.30296002,-121.8247077
720,717474,CR-0000102498,0,1,0,0,24-079-0695,False,False,0,3/19/2024 6:50:00 PM,No Pedestrians Involved,Dry,No Unusual Conditions,Daylight,Violation Driver 1,No Controls Present/Factor,Clear,Broadside,Intersection,Motorcycle,Not Applicable,Not Applicable,At,,False,False,85590,LOUPE AV,MCLAUGHLIN AV,37.30296002,-121.8247077
721,689148,CR-0000094992,0,0,0,0,22-313-0672,False,False,0,11/9/2022 4:48:00 PM,No Pedestrians Involved,Dry,No Unusual Conditions,Dark - Street Light,Violation Driver 1,No Controls Present/Factor,Cloudy,Head On,Intersection,Other Vehicle,Not Applicable,Not Applicable,At,,False,True,127445,BRODIE DR,CLEARBROOK CT,37.29090606,-121.8257859
722,689111,CR-0000094966,1,0,0,0,22-300-0571,False,False,0,10/27/2022 10:30:00 AM,No Pedestrians Involved,Dry,No Unusual Conditions,Daylight,Violation Driver 1,Controls Functioning,Clear,Broadside,Intersection,Other Vehicle,Not Applicable,Not Applicable,East Of,,False,False,4300,ALMADEN AV,FLOYD ST,37.31473912,-121.8790923
723,682548,CR-0000092115,2,0,0,0,22-128-0435,False,False,0,5/8/2022 1:55:00 PM,No Pedestrians Involved,Dry,No Unusual Conditions,Daylight,Violation Driver 1,Controls Functioning,Clear,Broadside,Intersection,Other Vehicle,Not Applicable,Not Applicable,At,,False,False,4300,ALMADEN AV,FLOYD ST,37.31473912,-121.8790923
724,698679,CR-0000099916,2,0,0,0,23-231-0423,False,False,0,8/19/2023 2:00:00 PM,No Pedestrians Involved,Dry,Unknown,Daylight,Violation Driver 1,No Controls Present/Factor,Clear,Broadside,Intersection,Other Vehicle,Not Applicable,Not Applicable,At,,False,False,4300,ALMADEN AV,FLOYD ST,37.31473912,-121.8790923
725,717435,CR-0000102459,2,0,0,0,24-085-0279,False,False,0,3/25/2024 9:43:00 AM,No Pedestrians Involved,Dry,No Unusual Conditions,Daylight,Violation Driver 1,No Controls Present/Factor,Cloudy,Broadside,Intersection,Other Vehicle,Not Applicable,Not Applicable,At,,False,False,4300,ALMADEN AV,FLOYD ST,37.31473912,-121.8790923
726,716260,CR-0000102253,1,0,0,0,24-035-0126,False,False,173,2/4/2024 3:30:00 AM,No Pedestrians Involved,Wet,No Unusual Conditions,Dark - Street Light,Violation Driver 1,No Controls Present/Factor,Rain,Sideswipe,Non-Related,Parked Vehicle,Not Applicable,Not Applicable,North Of,,False,False,4300,ALMADEN AV,FLOYD ST,37.31473912,-121.8790923
727,711847,CR-0000101532,0,0,0,0,23-347-0577,False,False,0,12/13/2023 2:52:00 PM,No Pedestrians Involved,Dry,No Unusual Conditions,Daylight,Violation Driver 1,Controls Functioning,Clear,Broadside,Intersection,Other Vehicle,Not Applicable,Not Applicable,At,,False,False,4300,ALMADEN AV,FLOYD ST,37.31473912,-121.8790923
728,696050,CR-0000099185,0,0,0,0,23-030-0716,False,True,0,1/30/2023 6:24:00 PM,No Pedestrians Involved,Dry,No Unusual Conditions,Daylight,Unknown,Controls Functioning,Clear,Broadside,Intersection,Other Vehicle,Not Applicable,Not Applicable,West Of,,False,False,61929,FLOYD ST,VINE ST,37.314107,-121.8800444
729,690085,CR-0000096161,0,0,0,0,22-200-9710,False,True,,7/16/2022 11:30:00 PM,No Pedestrians Involved,Unknown,Other,Unknown,Unknown,Unknown,Unknown,Broadside,Related,Parked Vehicle,Not Applicable,Not Applicable,Unknown,,False,True,61929,FLOYD ST,VINE ST,37.314107,-121.8800444
730,683003,CR-0000092541,0,0,0,0,22-162-0634,False,False,275,6/11/2022 5:03:00 PM,No Pedestrians Involved,Dry,No Unusual Conditions,Daylight,Violation Driver 1,No Controls Present/Factor,Clear,Sideswipe,Non-Related,Parked Vehicle,Not Applicable,Not Applicable,North Of,,False,False,61874,FLOYD ST,LOCUST ST,37.31352282,-121.8809256
731,690845,CR-0000096986,1,0,0,0,23-020-1087,False,False,0,1/20/2023 8:56:00 PM,No Pedestrians Involved,Dry,No Unusual Conditions,Dark - Street Light,Violation Driver 1,Controls Functioning,Clear,Broadside,Intersection,Motor Vehicle On Other Roadway,Not Applicable,Not Applicable,At,,False,False,61874,FLOYD ST,LOCUST ST,37.31352282,-121.8809256
732,699213,CR-0000100534,0,0,0,0,23-160-4002,False,True,51,6/8/2023 9:30:00 PM,No Pedestrians Involved,Unknown,Unknown,Unknown,Unknown,Unknown,Unknown,Broadside,Non-Related,Other Vehicle,Not Applicable,Not Applicable,East Of,,False,False,61896,FLOYD ST,PALM ST,37.31293683,-121.8818125
733,715880,CR-0000101955,0,0,0,0,24-001-0740,False,False,0,1/1/2024 7:06:00 PM,No Pedestrians Involved,Dry,No Unusual Conditions,Dark - Street Light,Violation Driver 1,Controls Functioning,Clear,Vehicle/Bike,Intersection,Bike,Not Applicable,Not Applicable,At,,False,False,61203,FLICKINGER AV,ULSTER DR,37.38656919,-121.8744592
734,716148,CR-0000102085,1,0,0,0,24-013-0189,False,False,116,1/13/2024 6:24:00 AM,No Pedestrians Involved,Dry,No Unusual Conditions,Dusk - Dawn,Violation Driver 1,No Controls Present/Factor,Cloudy,Sideswipe,Non-Related,Other Vehicle,Not Applicable,Not Applicable,West Of,,False,False,71323,HEATHERFIELD LN,PENITENCIA CREEK RD,37.38519869,-121.8535238
735,685033,CR-0000093681,0,0,0,0,22-209-0046,False,False,104,7/28/2022 1:10:00 AM,No Pedestrians Involved,Dry,No Unusual Conditions,Dark - Street Light,Violation Driver 1,No Controls Present/Factor,Clear,Broadside,Non-Related,Parked Vehicle,Not Applicable,Not Applicable,West Of,,False,True,43405,CORLISTA DR,FRUITDALE AV,37.31070434,-121.9185412
736,685045,CR-0000093720,2,0,0,0,22-241-0566,False,False,0,8/29/2022 2:39:00 PM,No Pedestrians Involved,Dry,No Unusual Conditions,Daylight,Violation Driver 1,Controls Not Functioning,Clear,Sideswipe,Intersection,Other Vehicle,Not Applicable,Not Applicable,At,,False,False,64019,FRUITDALE AV,SOUTHWEST EX,37.3107046,-121.9174075
737,685267,CR-0000093947,0,0,0,0,22-233-9705,False,True,0,7/30/2022 11:30:00 AM,No Pedestrians Involved,Dry,No Unusual Conditions,Daylight,Unknown,Controls Functioning,Clear,Broadside,Intersection,Other Vehicle,Not Applicable,Not Applicable,At,,False,False,64019,FRUITDALE AV,SOUTHWEST EX,37.3107046,-121.9174075
738,688871,CR-0000094727,0,0,0,0,22-269-9704,False,True,20,9/23/2022 2:50:00 PM,No Pedestrians Involved,Dry,No Unusual Conditions,Daylight,Violation Driver 1,No Controls Present/Factor,Clear,Sideswipe,Related,Other Vehicle,Not Applicable,Not Applicable,East Of,,False,True,64019,FRUITDALE AV,SOUTHWEST EX,37.3107046,-121.9174075
739,696038,CR-0000099173,0,0,0,0,23-206-0295,False,False,100,7/25/2023 9:45:00 AM,No Pedestrians Involved,Dry,No Unusual Conditions,Daylight,Violation Driver 1,Controls Functioning,Clear,Rear End,Non-Related,Other Vehicle,Not Applicable,Not Applicable,West Of,,False,False,64019,FRUITDALE AV,SOUTHWEST EX,37.3107046,-121.9174075
740,696287,CR-0000099443,1,0,0,0,23-289-0630,False,False,0,10/16/2023 3:45:00 PM,No Pedestrians Involved,Dry,No Unusual Conditions,Daylight,Bike At Fault,Controls Functioning,Clear,Vehicle/Bike,Intersection,Scooter Motorized,Not Applicable,Not Applicable,At,E.SCOOTER,False,False,64019,FRUITDALE AV,SOUTHWEST EX,37.3107046,-121.9174075
741,690846,CR-0000096987,2,0,0,0,23-023-0443,False,False,0,1/23/2023 2:00:00 PM,No Pedestrians Involved,Dry,No Unusual Conditions,Daylight,Violation Driver 1,Controls Functioning,Clear,Broadside,Intersection,Other Vehicle,Not Applicable,Not Applicable,At,,False,False,64019,FRUITDALE AV,SOUTHWEST EX,37.3107046,-121.9174075
742,690955,CR-0000097125,1,0,0,0,23-041-0827,False,False,100,2/10/2023 6:50:00 PM,No Pedestrians Involved,Dry,No Unusual Conditions,Dark - Street Light,Violation Driver 1,Controls Functioning,Clear,Rear End,Non-Related,Other Vehicle,Not Applicable,Not Applicable,South Of,,True,False,64019,FRUITDALE AV,SOUTHWEST EX,37.3107046,-121.9174075
743,719625,CR-0000102784,0,0,0,0,24-004-0122,False,False,81,1/4/2024 6:30:00 AM,No Pedestrians Involved,Dry,No Unusual Conditions,Daylight,Violation Driver 1,Controls Functioning,Clear,Hit Object,Non-Related,Fixed Object,Not Applicable,Not Applicable,South Of,MEDIAN,True,False,64019,FRUITDALE AV,SOUTHWEST EX,37.3107046,-121.9174075
744,717432,CR-0000102456,2,0,0,0,24-085-0929,False,False,40,3/25/2024 9:00:00 PM,No Pedestrians Involved,Dry,No Unusual Conditions,Dark - Street Light,Violation Driver 1,Controls Functioning,Clear,Broadside,Related,Other Vehicle,Not Applicable,Not Applicable,North Of,,False,False,64019,FRUITDALE AV,SOUTHWEST EX,37.3107046,-121.9174075
745,712107,CR-0000101489,0,0,0,0,23-257-9709,False,True,,9/12/2023 5:00:00 PM,No Pedestrians Involved,Dry,No Unusual Conditions,Unknown,Unknown,Controls Functioning,Clear,Rear End,Related,Other Vehicle,Not Applicable,Not Applicable,Unknown,,False,False,64019,FRUITDALE AV,SOUTHWEST EX,37.3107046,-121.9174075
746,698696,CR-0000099944,0,1,0,0,23-295-0289,False,False,0,10/22/2023 7:10:00 AM,No Pedestrians Involved,Dry,No Unusual Conditions,Daylight,Unknown,Controls Functioning,Clear,Vehicle/Bike,Intersection,Bike,Not Applicable,Not Applicable,At,BIKE,False,False,24310,BRANHAM LN,VISTAPARK DR,37.26586386,-121.8465744
747,719672,CR-0000102843,0,0,0,0,24-008-9708,False,True,0,1/4/2024 3:45:00 PM,No Pedestrians Involved,Dry,Unknown,Daylight,Unknown,Unknown,Clear,Rear End,Intersection,Other Vehicle,Not Applicable,Not Applicable,At,,False,False,24310,BRANHAM LN,VISTAPARK DR,37.26586386,-121.8465744
748,722208,CR-0000103474,0,0,0,0,24-080-9701,False,True,51,3/19/2024 6:00:00 PM,No Pedestrians Involved,Dry,No Unusual Conditions,Daylight,Unknown,No Controls Present/Factor,Clear,Rear End,Non-Related,Other Vehicle,Not Applicable,Not Applicable,East Of,,False,False,24310,BRANHAM LN,VISTAPARK DR,37.26586386,-121.8465744
749,689309,CR-0000095269,0,0,0,0,22-353-4004,False,False,51,11/1/2022 9:50:00 PM,No Pedestrians Involved,Unknown,Unknown,Unknown,Unknown,No Controls Present/Factor,Unknown,Other,Non-Related,Non-Collision,Not Applicable,Not Applicable,South Of,,False,False,83005,LEIGH AV,STOKES ST,37.30142851,-121.922858
750,698788,CR-0000100069,1,0,0,0,23-363-0591,False,False,0,12/29/2023 5:37:00 PM,Crossing In Crosswalk - At Intersection,Wet,No Unusual Conditions,Dark - Street Light,Violation Driver 1,Controls Functioning,Rain,Vehicle/Pedestrian,Intersection,Pedestrian,East,West,At,PED,False,True,83005,LEIGH AV,STOKES ST,37.30142851,-121.922858
751,696333,CR-0000099489,0,1,0,0,23-296-0622,False,False,0,10/23/2023 3:37:00 PM,No Pedestrians Involved,Dry,No Unusual Conditions,Daylight,Unknown,Controls Functioning,Clear,Broadside,Intersection,Other Vehicle,Not Applicable,Not Applicable,At,,False,False,83005,LEIGH AV,STOKES ST,37.30142851,-121.922858
752,696049,CR-0000099184,0,0,0,0,23-033-9702,False,True,,1/27/2023 6:30:00 AM,No Pedestrians Involved,Dry,No Unusual Conditions,Dusk - Dawn,Unknown,No Controls Present/Factor,Clear,Sideswipe,Related,Parked Vehicle,Not Applicable,Not Applicable,Unknown,,False,False,83005,LEIGH AV,STOKES ST,37.30142851,-121.922858
753,694502,CR-0000098496,0,1,0,0,23-179-0513,False,False,220,6/28/2023 2:53:00 PM,No Pedestrians Involved,Dry,No Unusual Conditions,Daylight,Violation Driver 1,No Controls Present/Factor,Clear,Broadside,Non-Related,Other Vehicle,Not Applicable,Not Applicable,South Of,,False,False,83005,LEIGH AV,STOKES ST,37.30142851,-121.922858
754,694525,CR-0000098519,1,0,0,0,23-193-0894,False,False,286,7/12/2023 11:05:00 PM,No Pedestrians Involved,Dry,No Unusual Conditions,Dark - Street Light,Violation Driver 1,No Controls Present/Factor,Clear,Sideswipe,Non-Related,Other Vehicle,Not Applicable,Not Applicable,North Of,,False,False,83005,LEIGH AV,STOKES ST,37.30142851,-121.922858
755,692378,CR-0000097660,0,0,0,0,23-066-0887,False,False,0,3/7/2023 11:00:00 PM,No Pedestrians Involved,Dry,No Unusual Conditions,Dark - Street Light,Violation Driver 1,Controls Functioning,Clear,Rear End,Intersection,Parked Vehicle,Not Applicable,Not Applicable,At,,False,False,83005,LEIGH AV,STOKES ST,37.30142851,-121.922858
756,692497,CR-0000097785,2,1,0,0,23-074-0438,False,False,180,3/15/2023 12:28:00 PM,No Pedestrians Involved,Dry,Unknown,Daylight,Violation Driver 1,No Controls Present/Factor,Clear,Broadside,Non-Related,Other Vehicle,Not Applicable,Not Applicable,South Of,,False,False,83005,LEIGH AV,STOKES ST,37.30142851,-121.922858
757,699433,CR-0000100802,0,0,0,0,23-202-9702,False,True,51,7/14/2023 12:00:00 PM,No Pedestrians Involved,Dry,No Unusual Conditions,Daylight,Unknown,No Controls Present/Factor,Clear,Vehicle/Pedestrian,Non-Related,Parked Vehicle,Not Applicable,Not Applicable,Unknown,,False,False,83005,LEIGH AV,STOKES ST,37.30142851,-121.922858
758,692404,CR-0000097687,0,0,0,0,23-080-0128,True,False,0,3/21/2023 7:12:00 AM,No Pedestrians Involved,Wet,No Unusual Conditions,Dusk - Dawn,Violation Driver 1,No Controls Present/Factor,Rain,Hit Object,Intersection,Fixed Object,Not Applicable,Not Applicable,At,LIGHT POLE,True,True,54450,EDISON DR,ROUGH AND READY RD,37.37238494,-121.8416754
759,689555,CR-0000095532,1,0,0,0,22-365-0148,False,False,54,12/31/2022 3:45:00 AM,No Pedestrians Involved,Wet,No Unusual Conditions,Dark - Street Light,Violation Driver 1,No Controls Present/Factor,Rain,Sideswipe,Non-Related,Parked Vehicle,Not Applicable,Not Applicable,South Of,,True,False,5862,ALTA MIRA PL,ROSS AV,37.26856202,-121.9200522
760,681298,CR-0000090684,0,0,0,0,22-012-4004,False,True,,1/10/2022 11:42:00 PM,No Pedestrians Involved,Unknown,Unknown,Unknown,Unknown,Unknown,Unknown,Sideswipe,Related,Parked Vehicle,Not Applicable,Not Applicable,Unknown,,False,False,64602,GARDENDALE DR,REDCLIFF DR,37.27500945,-121.8829122
761,681894,CR-0000091376,0,0,0,1,22-061-0677,False,False,51,3/2/2022 4:45:00 PM,In Road - Includes Shoulder,Dry,No Unusual Conditions,Daylight,Violation Driver 1,No Controls Present/Factor,Clear,Vehicle/Pedestrian,Non-Related,Pedestrian,No Direction (Not Walking),No Direction (Not Walking),North Of,PED Fatality,False,True,111320,SYLVAN DR,WHITE RD,37.34270686,-121.8069843
762,683519,CR-0000093117,0,0,0,0,22-202-0499,True,False,24,7/21/2022 1:33:00 PM,No Pedestrians Involved,Dry,No Unusual Conditions,Daylight,Violation Driver 1,Controls Functioning,Clear,Hit Object,Related,Fixed Object,Not Applicable,Not Applicable,North Of,TRAFFIC SIGN/POLE,True,False,111320,SYLVAN DR,WHITE RD,37.34270686,-121.8069843