_id,CrashFactId,Name,MinorInjuries,ModerateInjuries,SevereInjuries,FatalInjuries,TcrNumber,CityDamageFlag,ShortFormFlag,Distance,CrashDateTime,PedestrianAction,RoadwaySurface,RoadwayCondition,Lighting,PrimaryCollisionFactor,TrafficControl,Weather,CollisionType,ProximityToIntersection,VehicleInvolvedWith,PedestrianDirectionFrom,PedestrianDirectionTo,DirectionFromIntersection,Comment,SpeedingFlag,HitAndRunFlag,IntersectionNumber,AStreetName,BStreetName,Latitude,Longitude
763,690132,CR-0000096204,0,0,0,0,22-345-0205,False,False,42,12/11/2022 10:07:00 AM,No Pedestrians Involved,Unknown,Other,Dusk - Dawn,Violation Driver 1,Controls Functioning,Unknown,Rear End,Related,Parked Vehicle,Not Applicable,Not Applicable,East Of,,True,True,111320,SYLVAN DR,WHITE RD,37.34270686,-121.8069843
764,711534,CR-0000101524,0,0,0,0,23-365-0027,False,False,243,12/31/2023 12:26:00 AM,No Pedestrians Involved,Dry,No Unusual Conditions,Dark - No Street Light,Violation Driver 1,No Controls Present/Factor,Clear,Rear End,Non-Related,Parked Vehicle,Not Applicable,Not Applicable,East Of,,False,True,111320,SYLVAN DR,WHITE RD,37.34270686,-121.8069843
765,694232,CR-0000097889,0,1,0,0,23-116-0940,False,False,278,4/26/2023 11:30:00 PM,No Pedestrians Involved,Dry,No Unusual Conditions,Dark - Street Light,Violation Driver 1,Unknown,Clear,Sideswipe,Non-Related,Parked Vehicle,Not Applicable,Not Applicable,West Of,,False,False,71136,HAYWORTH DR,SYLVAN DR,37.34462373,-121.8032441
766,685143,CR-0000093817,0,0,0,0,22-234-0651,False,False,0,8/22/2022 3:36:00 PM,No Pedestrians Involved,Dry,No Unusual Conditions,Daylight,Violation Driver 1,No Controls Present/Factor,Clear,Sideswipe,Intersection,Parked Vehicle,Not Applicable,Not Applicable,At,,False,True,61478,FLINTDALE DR,FLINTMONT DR,37.34469408,-121.8014469
767,722118,CR-0000103383,0,0,0,0,24-071-0237,False,False,87,3/10/2024 5:28:00 AM,No Pedestrians Involved,Dry,Unknown,Dark - Street Light,Violation Driver 1,Unknown,Clear,Head On,Non-Related,Parked Vehicle,Not Applicable,Not Applicable,South Of,,False,True,41250,COLDWATER DR,FLINT AV,37.34674361,-121.8010288
768,692558,CR-0000097849,1,1,0,0,23-096-0361,False,False,40,4/6/2023 11:16:00 AM,No Pedestrians Involved,Dry,No Unusual Conditions,Daylight,Violation Driver 1,No Controls Present/Factor,Clear,Broadside,Related,Other Vehicle,Not Applicable,Not Applicable,South Of,,False,False,7171,ANDORA DR,FLINT AV,37.34721607,-121.8017173
769,687449,CR-0000094228,0,1,0,0,22-252-0685,False,False,0,9/9/2022 4:26:00 PM,Crossing In Crosswalk - At Intersection,Dry,No Unusual Conditions,Daylight,Violation Driver 1,No Controls Present/Factor,Clear,Vehicle/Pedestrian,Intersection,Pedestrian,West,East,At,PED,False,False,61302,FLINT AV,MARTEN AV,37.34769258,-121.8024016
770,682137,CR-0000091652,0,0,0,0,22-061-4002,False,True,51,3/2/2022 12:00:00 PM,No Pedestrians Involved,Unknown,Unknown,Daylight,Unknown,Unknown,Unknown,Sideswipe,Non-Related,Parked Vehicle,Not Applicable,Not Applicable,West Of,,False,False,61302,FLINT AV,MARTEN AV,37.34769258,-121.8024016
771,691193,CR-0000097395,0,0,0,0,23-057-0052,False,False,48,2/26/2023 12:49:00 AM,No Pedestrians Involved,Dry,No Unusual Conditions,Dark - Street Light,Violation Driver 1,No Controls Present/Factor,Clear,Hit Object,Related,Fixed Object,Not Applicable,Not Applicable,West Of,Metal Fence,True,True,61302,FLINT AV,MARTEN AV,37.34769258,-121.8024016
772,690623,CR-0000096744,1,0,0,0,23-020-0536,False,False,415,1/20/2023 2:55:00 PM,No Pedestrians Involved,Dry,No Unusual Conditions,Daylight,Violation Driver 1,Controls Functioning,Clear,Rear End,Non-Related,Other Vehicle,Not Applicable,Not Applicable,West Of,,False,False,61302,FLINT AV,MARTEN AV,37.34769258,-121.8024016
773,679949,CR-0000089172,0,0,0,0,22-012-0159,False,False,0,1/12/2022 8:07:00 AM,No Pedestrians Involved,Dry,No Unusual Conditions,Daylight,Violation Driver 1,No Controls Present/Factor,Clear,Broadside,Intersection,Other Vehicle,Not Applicable,Not Applicable,At,,True,False,5675,ALMOND DR/GLEN COMO WY,WHITE RD,37.33342008,-121.7998646
774,689255,CR-0000095217,0,1,0,0,22-293-0208,False,False,0,10/20/2022 8:26:00 AM,No Pedestrians Involved,Dry,No Unusual Conditions,Daylight,Violation Driver 1,Controls Functioning,Clear,Head On,Intersection,Other Vehicle,Not Applicable,Not Applicable,At,,False,False,5675,ALMOND DR/GLEN COMO WY,WHITE RD,37.33342008,-121.7998646
775,691202,CR-0000097405,0,0,0,0,23-061-4003,False,True,51,2/28/2023 4:30:00 PM,No Pedestrians Involved,Unknown,Unknown,Unknown,Unknown,Unknown,Unknown,Other,Non-Related,Parked Vehicle,Not Applicable,Not Applicable,East Of,,False,False,5675,ALMOND DR/GLEN COMO WY,WHITE RD,37.33342008,-121.7998646
776,722086,CR-0000103340,0,0,0,0,24-068-4008,False,True,0,3/6/2024 5:00:00 PM,No Pedestrians Involved,Unknown,Unknown,Unknown,Unknown,Unknown,Unknown,Broadside,Intersection,Other Vehicle,Not Applicable,Not Applicable,At,,False,False,5675,ALMOND DR/GLEN COMO WY,WHITE RD,37.33342008,-121.7998646
777,687493,CR-0000094281,0,0,0,0,22-258-0027,False,False,105,9/15/2022 12:47:00 AM,No Pedestrians Involved,Dry,No Unusual Conditions,Dark - Street Light,Violation Driver 1,No Controls Present/Factor,Clear,Rear End,Non-Related,Parked Vehicle,Not Applicable,Not Applicable,South Of,,True,False,27191,BURKETTE DR/MAILBU DR,DOYLE RD,37.30299567,-121.9818859
778,717457,CR-0000102481,0,0,1,0,24-080-0465,False,False,0,3/20/2024 1:09:00 PM,No Pedestrians Involved,Dry,No Unusual Conditions,Daylight,Violation Driver 1,No Controls Present/Factor,Clear,Broadside,Intersection,Motorcycle,Not Applicable,Not Applicable,At,,False,False,27191,BURKETTE DR/MAILBU DR,DOYLE RD,37.30299567,-121.9818859
779,688982,CR-0000094841,0,0,0,0,22-251-4000,False,True,51,9/8/2022 11:20:00 AM,No Pedestrians Involved,Unknown,Unknown,Daylight,Unknown,Unknown,Unknown,Other,Non-Related,Parked Vehicle,Not Applicable,Not Applicable,South Of,,False,True,116632,SARATOGA FRONTAGE RD,SAVOY DR,37.30130239,-121.9815322
780,687621,CR-0000094414,1,0,0,0,22-272-0586,False,False,0,9/29/2022 4:06:00 PM,No Pedestrians Involved,Dry,Construction - Repair Zone,Daylight,Violation Driver 1,No Controls Present/Factor,Clear,Broadside,Intersection,Other Vehicle,Not Applicable,Not Applicable,At,,False,False,41788,COLLEGE DR,KINGMAN AV,37.31336127,-121.919376
781,682549,CR-0000092116,1,0,0,0,22-129-0168,False,False,0,5/9/2022 8:23:00 AM,Crossing - Not In Crosswalk,Dry,No Unusual Conditions,Daylight,Violation Driver 1,No Controls Present/Factor,Clear,Vehicle/Pedestrian,Intersection,Pedestrian,East,West,At,PEDESTRIAN,False,False,41788,COLLEGE DR,KINGMAN AV,37.31336127,-121.919376
782,716096,CR-0000102054,0,1,0,0,24-018-0396,False,False,616,1/18/2024 12:42:00 PM,Not In Road,Dry,No Unusual Conditions,Daylight,Violation Driver 1,No Controls Present/Factor,Clear,Broadside,Non-Related,Parked Vehicle,No Direction (Not Walking),No Direction (Not Walking),South Of,PED,True,False,137114,SILVER CREEK VALLEY PL,SILVER CREEK VALLEY RD,37.25715502,-121.7914105
783,690424,CR-0000096523,0,0,0,0,22-284-4004,False,True,51,1/11/2022 1:30:00 PM,No Pedestrians Involved,Unknown,Unknown,Unknown,Unknown,Unknown,Unknown,Broadside,Non-Related,Other Vehicle,Not Applicable,Not Applicable,North Of,,False,False,140326,CHARLOTTE DR,LEXINGTON AV,37.24974447,-121.8011764
784,685421,CR-0000094156,0,0,0,0,22-265-0285,False,False,400,9/22/2022 9:58:00 AM,No Pedestrians Involved,Dry,No Unusual Conditions,Daylight,Violation Driver 1,Controls Functioning,Clear,Sideswipe,Non-Related,Parked Vehicle,Not Applicable,Not Applicable,East Of,,False,False,140326,CHARLOTTE DR,LEXINGTON AV,37.24974447,-121.8011764
785,691283,CR-0000097528,0,0,0,0,23-037-0181,False,False,290,2/5/2023 7:00:00 PM,No Pedestrians Involved,Dry,No Unusual Conditions,Dark - Street Light,Violation Driver 1,No Controls Present/Factor,Clear,Other,Non-Related,Other Vehicle,Not Applicable,Not Applicable,East Of,,False,False,140326,CHARLOTTE DR,LEXINGTON AV,37.24974447,-121.8011764
786,689189,CR-0000095090,1,0,0,1,22-314-0631,False,False,0,11/10/2022 4:11:00 PM,No Pedestrians Involved,Dry,No Unusual Conditions,Daylight,Unknown,Controls Functioning,Clear,Head On,Intersection,Motorcycle,Not Applicable,Not Applicable,At,,False,False,140381,CORONADO AV,COTTLE RD,37.24843523,-121.8039784
787,719687,CR-0000102858,0,0,0,0,24-019-4002,False,True,51,1/19/2024 12:40:00 PM,No Pedestrians Involved,Unknown,Unknown,Unknown,Unknown,Unknown,Unknown,Other,Non-Related,Parked Vehicle,Not Applicable,Not Applicable,East Of,,False,False,140381,CORONADO AV,COTTLE RD,37.24843523,-121.8039784
788,719742,CR-0000102914,0,0,0,0,24-019-0268,False,False,150,1/19/2024 9:54:00 AM,No Pedestrians Involved,Dry,No Unusual Conditions,Daylight,Violation Driver 1,No Controls Present/Factor,Clear,Rear End,Non-Related,Other Vehicle,Not Applicable,Not Applicable,East Of,,True,True,140381,CORONADO AV,COTTLE RD,37.24843523,-121.8039784
789,688835,CR-0000094690,0,0,0,0,22-292-0092,False,False,108,10/19/2022 3:24:00 AM,No Pedestrians Involved,Dry,No Unusual Conditions,Dark - Street Light,Violation Driver 1,No Controls Present/Factor,Clear,Sideswipe,Non-Related,Parked Vehicle,Not Applicable,Not Applicable,West Of,,False,True,140370,CHARLOTTE DR,CORONADO AV,37.24845638,-121.8011566
790,689945,CR-0000095984,1,1,0,0,22-310-0746,False,False,0,11/6/2022 7:59:00 PM,No Pedestrians Involved,Dry,No Unusual Conditions,Daylight,Violation Driver 1,Controls Functioning,Clear,Broadside,Intersection,Other Vehicle,Not Applicable,Not Applicable,At,,False,False,140370,CHARLOTTE DR,CORONADO AV,37.24845638,-121.8011566
791,694379,CR-0000098323,1,1,0,0,23-166-0202,False,False,0,6/15/2023 7:11:00 AM,No Pedestrians Involved,Dry,No Unusual Conditions,Daylight,Violation Driver 1,Controls Functioning,Clear,Broadside,Intersection,Other Vehicle,Not Applicable,Not Applicable,At,,False,False,140370,CHARLOTTE DR,CORONADO AV,37.24845638,-121.8011566
792,682036,CR-0000091547,2,0,0,0,22-064-0512,True,False,198,3/5/2022 3:16:00 PM,No Pedestrians Involved,Dry,No Unusual Conditions,Daylight,Violation Driver 1,No Controls Present/Factor,Clear,Head On,Non-Related,Fixed Object,Not Applicable,Not Applicable,South Of,Light Pole,False,False,138357,CHARLOTTE DR,GREAT OAKS BL/DW,37.25163213,-121.8016014
793,682441,CR-0000092005,1,0,0,0,22-109-0298,False,False,0,4/19/2022 10:42:00 AM,Crossing In Crosswalk - At Intersection,Wet,No Unusual Conditions,Daylight,Pedestrian At Fault,Controls Functioning,Rain,Vehicle/Pedestrian,Intersection,Pedestrian,North,South,At,PEDESTRIAN,False,False,138357,CHARLOTTE DR,GREAT OAKS BL/DW,37.25163213,-121.8016014
794,690130,CR-0000096206,0,0,0,0,22-337-0311,False,False,0,12/3/2022 11:19:00 AM,No Pedestrians Involved,Wet,No Unusual Conditions,Daylight,Violation Driver 1,Controls Functioning,Rain,Sideswipe,Intersection,Other Vehicle,Not Applicable,Not Applicable,At,,False,True,138357,CHARLOTTE DR,GREAT OAKS BL/DW,37.25163213,-121.8016014
795,690006,CR-0000096031,1,0,0,0,22-241-0849,False,False,0,8/26/2022 8:45:00 PM,Crossing In Crosswalk - At Intersection,Dry,No Unusual Conditions,Dusk - Dawn,Violation Driver 1,Controls Functioning,Clear,Vehicle/Pedestrian,Intersection,Pedestrian,South,North,At,PED,False,True,138357,CHARLOTTE DR,GREAT OAKS BL/DW,37.25163213,-121.8016014
796,689490,CR-0000095467,0,0,0,0,22-337-0739,True,False,34,12/3/2022 9:35:00 PM,No Pedestrians Involved,Wet,No Unusual Conditions,Dark - Street Light,Unknown,Controls Functioning,Rain,Hit Object,Related,Fixed Object,Not Applicable,Not Applicable,North Of,CURB,False,False,138380,ENDICOTT BL,GREAT OAKS BL,37.25320199,-121.7995558
797,699261,CR-0000100584,0,0,0,0,23-169-9702,False,True,0,6/8/2023 10:30:00 PM,No Pedestrians Involved,Dry,No Unusual Conditions,Daylight,Unknown,Controls Functioning,Clear,Sideswipe,Intersection,Other Vehicle,Not Applicable,Not Applicable,At,,False,False,138380,ENDICOTT BL,GREAT OAKS BL,37.25320199,-121.7995558
798,699112,CR-0000100428,0,0,0,0,23-159-4004,False,True,0,6/8/2023 2:30:00 PM,No Pedestrians Involved,Unknown,Unknown,Unknown,Unknown,Unknown,Unknown,Rear End,Intersection,Other Vehicle,Not Applicable,Not Applicable,At,,False,False,138380,ENDICOTT BL,GREAT OAKS BL,37.25320199,-121.7995558
799,722108,CR-0000103373,0,0,0,0,24-069-0321,False,False,19,3/9/2024 9:48:00 AM,No Pedestrians Involved,Dry,Unknown,Daylight,Violation Driver 1,Controls Functioning,Clear,Hit Object,Related,Fixed Object,Not Applicable,Not Applicable,North Of,,False,False,138380,ENDICOTT BL,GREAT OAKS BL,37.25320199,-121.7995558
800,696012,CR-0000099147,0,0,0,0,23-210-0855,False,False,20,7/29/2023 9:47:00 PM,No Pedestrians Involved,Dry,No Unusual Conditions,Dark - Street Light,Violation Driver 1,No Controls Present/Factor,Clear,Rear End,Related,Parked Vehicle,Not Applicable,Not Applicable,East Of,,False,True,136510,RORTY DR,WALZER WY,37.28355184,-121.8658949
801,690968,CR-0000097139,2,0,0,0,23-034-0314,False,False,0,2/3/2023 10:38:00 AM,No Pedestrians Involved,Dry,No Unusual Conditions,Daylight,Violation Driver 1,Controls Functioning,Cloudy,Head On,Intersection,Other Vehicle,Not Applicable,Not Applicable,At,,False,False,136510,RORTY DR,WALZER WY,37.28355184,-121.8658949
802,711832,CR-0000101312,0,0,0,0,23-339-0694,False,True,0,12/5/2023 8:30:00 AM,No Pedestrians Involved,Unknown,Unknown,Unknown,Unknown,Unknown,Unknown,Vehicle/Bike,Intersection,Bike,Not Applicable,Not Applicable,At,,False,False,23650,HARWOOD RD,LITTLE BRANHAM LN,37.25027899,-121.9131189
803,691290,CR-0000097535,0,0,0,0,23-036-0488,False,False,130,2/5/2023 2:30:00 PM,No Pedestrians Involved,Wet,No Unusual Conditions,Daylight,Violation Driver 1,No Controls Present/Factor,Clear,Sideswipe,Non-Related,Parked Vehicle,Not Applicable,Not Applicable,West Of,,True,True,23957,BRANHAM LANE EAST,OSGOOD CT,37.26817765,-121.8078784
804,682369,CR-0000091932,0,0,0,0,22-104-0092,False,False,75,4/14/2022 2:58:00 AM,No Pedestrians Involved,Dry,No Unusual Conditions,Dark - Street Light,Violation Driver 1,No Controls Present/Factor,Cloudy,Rear End,Non-Related,Parked Vehicle,Not Applicable,Not Applicable,West Of,,True,False,111506,TAPER LN,TOBAGO AV,37.32189485,-121.8399183
805,681837,CR-0000091246,0,0,0,0,22-090-0374,False,False,114,3/31/2022 8:30:00 AM,No Pedestrians Involved,Dry,No Unusual Conditions,Daylight,Violation Driver 1,No Controls Present/Factor,Clear,Rear End,Non-Related,Parked Vehicle,Not Applicable,Not Applicable,West Of,,False,False,46661,CUNNINGHAM AV,GANA CT,37.34117242,-121.8070312
806,681595,CR-0000090992,0,1,0,0,22-046-0444,False,False,0,2/15/2022 12:23:00 PM,No Pedestrians Involved,Dry,No Unusual Conditions,Daylight,Violation Driver 1,Controls Functioning,Clear,Broadside,Intersection,Other Vehicle,Not Applicable,Not Applicable,At,,False,False,32779,CAPITOL EX,CUNNINGHAM AV,37.33781919,-121.8174389
807,683249,CR-0000092826,0,0,0,0,22-054-9713,False,True,0,2/22/2022 4:13:00 PM,No Pedestrians Involved,Dry,No Unusual Conditions,Daylight,Unknown,Controls Functioning,Cloudy,Rear End,Intersection,Other Vehicle,Not Applicable,Not Applicable,At,,False,False,32779,CAPITOL EX,CUNNINGHAM AV,37.33781919,-121.8174389
808,690102,CR-0000096190,0,0,0,0,22-341-4001,False,True,0,12/7/2022 7:42:00 AM,No Pedestrians Involved,Unknown,Unknown,Unknown,Unknown,Unknown,Unknown,Rear End,Intersection,Other Vehicle,Not Applicable,Not Applicable,At,,False,True,32779,CAPITOL EX,CUNNINGHAM AV,37.33781919,-121.8174389
809,689769,CR-0000095792,0,1,0,0,22-161-0768,False,False,51,6/10/2022 4:30:00 AM,No Pedestrians Involved,Dry,No Unusual Conditions,Dark - Street Light,Violation Driver 1,No Controls Present/Factor,Clear,Vehicle/Bike,Non-Related,Bike,Not Applicable,Not Applicable,North Of,BICYCLIST,False,False,32779,CAPITOL EX,CUNNINGHAM AV,37.33781919,-121.8174389
810,682288,CR-0000091814,0,0,0,0,22-123-0822,False,False,0,5/3/2022 7:44:00 PM,No Pedestrians Involved,Dry,No Unusual Conditions,Daylight,Violation Driver 1,Controls Functioning,Clear,Hit Object,Intersection,Fixed Object,Not Applicable,Not Applicable,At,PG&E POLE,False,True,79705,KING RD,WAVERLY AV,37.32575944,-121.8292428
811,681227,CR-0000090612,0,0,0,0,22-005-0291,False,False,198,1/5/2022 10:17:00 AM,No Pedestrians Involved,Dry,No Unusual Conditions,Daylight,Violation Driver 1,Controls Functioning,Clear,Rear End,Non-Related,Other Vehicle,Not Applicable,Not Applicable,North Of,,True,False,79705,KING RD,WAVERLY AV,37.32575944,-121.8292428
812,694070,CR-0000098079,2,2,0,0,23-077-0085,False,False,302,3/18/2023 2:18:00 AM,No Pedestrians Involved,Dry,No Unusual Conditions,Dark - Street Light,Violation Driver 1,Controls Functioning,Clear,Head On,Non-Related,Other Vehicle,Not Applicable,Not Applicable,South Of,,False,False,79705,KING RD,WAVERLY AV,37.32575944,-121.8292428
813,694075,CR-0000098040,1,0,0,0,23-114-0440,False,False,30,4/24/2023 1:08:00 PM,No Pedestrians Involved,Dry,No Unusual Conditions,Daylight,Violation Driver 1,No Controls Present/Factor,Clear,Broadside,Related,Other Vehicle,Not Applicable,Not Applicable,North Of,,True,False,79705,KING RD,WAVERLY AV,37.32575944,-121.8292428
814,699389,CR-0000100717,2,0,0,0,23-321-0295,False,False,0,11/17/2023 10:38:00 AM,No Pedestrians Involved,Dry,No Unusual Conditions,Daylight,Violation Driver 1,Controls Functioning,Clear,Broadside,Intersection,Other Vehicle,Not Applicable,Not Applicable,At,,True,False,79705,KING RD,WAVERLY AV,37.32575944,-121.8292428
815,722444,CR-0000103749,0,1,0,0,24-101-0370,False,False,0,4/10/2024 12:01:00 PM,No Pedestrians Involved,Dry,No Unusual Conditions,Daylight,Violation Driver 1,Controls Functioning,Clear,Broadside,Intersection,Motorcycle,Not Applicable,Not Applicable,At,,False,False,79705,KING RD,WAVERLY AV,37.32575944,-121.8292428
816,681407,CR-0000090797,0,0,0,0,22-023-0839,False,False,0,1/23/2022 10:29:00 PM,No Pedestrians Involved,Dry,No Unusual Conditions,Dark - Street Light,Violation Driver 1,No Controls Present/Factor,Clear,Sideswipe,Intersection,Parked Vehicle,Not Applicable,Not Applicable,At,EMERGENCY VEHICLE INVOLVED,True,False,46694,CUNNINGHAM AV,KING RD,37.32828686,-121.8317562
817,688948,CR-0000094807,1,0,0,0,22-284-0311,False,False,0,10/11/2022 9:56:00 AM,No Pedestrians Involved,Dry,No Unusual Conditions,Daylight,Violation Driver 2,No Controls Present/Factor,Clear,Broadside,Intersection,Other Vehicle,Not Applicable,Not Applicable,At,,False,False,46694,CUNNINGHAM AV,KING RD,37.32828686,-121.8317562
818,683130,CR-0000092683,1,1,0,0,22-164-0211,False,False,300,6/13/2022 8:33:00 AM,No Pedestrians Involved,Dry,No Unusual Conditions,Daylight,Violation Driver 1,No Controls Present/Factor,Clear,Rear End,Non-Related,Parked Vehicle,Not Applicable,Not Applicable,North Of,,True,False,46694,CUNNINGHAM AV,KING RD,37.32828686,-121.8317562
819,696118,CR-0000099259,0,0,0,0,23-232-0244,True,False,180,8/20/2023 5:21:00 AM,No Pedestrians Involved,Dry,No Unusual Conditions,Dark - Street Light,Violation Driver 1,Controls Functioning,Clear,Hit Object,Non-Related,Fixed Object,Not Applicable,Not Applicable,North Of,TREE,True,False,46694,CUNNINGHAM AV,KING RD,37.32828686,-121.8317562
820,696253,CR-0000099400,1,0,0,0,23-190-0274,False,False,0,7/9/2023 10:05:00 AM,Crossing In Crosswalk - At Intersection,Dry,No Unusual Conditions,Daylight,Violation Driver 1,Controls Functioning,Clear,Vehicle/Pedestrian,Intersection,Pedestrian,East,West,At,PEDESTRIAN,True,False,46694,CUNNINGHAM AV,KING RD,37.32828686,-121.8317562
821,722191,CR-0000103457,0,0,0,0,24-077-0079,False,False,21,3/17/2024 1:30:00 AM,No Pedestrians Involved,Dry,No Unusual Conditions,Dark - Street Light,Violation Driver 1,Controls Functioning,Clear,Hit Object,Related,Fixed Object,Not Applicable,Not Applicable,South Of,CONCRETE WALL,True,True,46694,CUNNINGHAM AV,KING RD,37.32828686,-121.8317562
822,699428,CR-0000100762,2,0,0,0,23-201-0221,False,False,0,7/20/2023 8:45:00 AM,Crossing In Crosswalk - At Intersection,Dry,No Unusual Conditions,Daylight,Violation Driver 1,Controls Functioning,Clear,Vehicle/Pedestrian,Intersection,Pedestrian,West,East,At,PED,False,False,46694,CUNNINGHAM AV,KING RD,37.32828686,-121.8317562
823,689246,CR-0000095216,2,0,0,0,22-292-0821,False,False,0,10/19/2022 7:34:00 PM,No Pedestrians Involved,Dry,No Unusual Conditions,Dark - Street Light,Violation Driver 1,No Controls Present/Factor,Clear,Sideswipe,Intersection,Other Vehicle,Not Applicable,Not Applicable,At,,False,False,126367,HILLSDALE AV,REGENCY AV/WOODMERE DR,37.28022559,-121.8582943
824,690785,CR-0000096923,0,0,0,0,23-021-0893,True,False,44,1/21/2023 11:30:00 PM,No Pedestrians Involved,Dry,No Unusual Conditions,Daylight,Violation Driver 1,No Controls Present/Factor,Clear,Hit Object,Related,Fixed Object,Not Applicable,Not Applicable,West Of,LIGHT POLE,True,False,126367,HILLSDALE AV,REGENCY AV/WOODMERE DR,37.28022559,-121.8582943
825,711800,CR-0000101328,0,0,0,0,23-338-0174,False,False,150,12/4/2023 7:33:00 AM,No Pedestrians Involved,Dry,No Unusual Conditions,Daylight,Violation Driver 1,No Controls Present/Factor,Clear,Rear End,Non-Related,Other Vehicle,Not Applicable,Not Applicable,West Of,,True,False,126367,HILLSDALE AV,REGENCY AV/WOODMERE DR,37.28022559,-121.8582943
826,712040,CR-0000101126,0,0,0,0,23-200-0399,True,False,45,10/26/2023 12:38:00 PM,No Pedestrians Involved,Dry,No Unusual Conditions,Daylight,Violation Driver 1,No Controls Present/Factor,Clear,Hit Object,Related,Fixed Object,Not Applicable,Not Applicable,South Of,LIGHTPOLE,True,False,126367,HILLSDALE AV,REGENCY AV/WOODMERE DR,37.28022559,-121.8582943
827,695976,CR-0000099111,0,0,0,0,23-219-4008,False,True,51,8/5/2023 1:15:00 AM,No Pedestrians Involved,Unknown,Unknown,Unknown,Unknown,Unknown,Unknown,Sideswipe,Non-Related,Parked Vehicle,Not Applicable,Not Applicable,South Of,,False,False,137170,REGENCY AV,TOWER HILL AV,37.2812982,-121.8579675
828,699237,CR-0000100559,0,0,0,0,23-182-4000,False,True,,6/1/2023 11:00:00 PM,No Pedestrians Involved,Unknown,Unknown,Unknown,Unknown,Unknown,Unknown,Other,Related,Parked Vehicle,Not Applicable,Not Applicable,North Of,,False,False,23660,BRANHAM LN,HEPPNER LN/JOSEPH SPECIALE DR,37.26582088,-121.8633263
829,691044,CR-0000097216,2,0,0,0,23-053-0780,False,False,0,2/22/2023 6:56:00 PM,No Pedestrians Involved,Dry,No Unusual Conditions,Dark - Street Light,Violation Driver 1,No Controls Present/Factor,Clear,Broadside,Intersection,Other Vehicle,Not Applicable,Not Applicable,At,,False,False,23660,BRANHAM LN,HEPPNER LN/JOSEPH SPECIALE DR,37.26582088,-121.8633263
830,717461,CR-0000102485,1,0,0,0,24-080-0277,False,False,0,3/20/2024 9:34:00 AM,No Pedestrians Involved,Dry,No Unusual Conditions,Daylight,Bike At Fault,Unknown,Clear,Vehicle/Bike,Intersection,Bike,Not Applicable,Not Applicable,At,BIKE,False,False,1660,ADAMO DR/CORTE DE PLATA,PEARL AV,37.26314049,-121.8648556
831,692454,CR-0000097741,0,0,0,0,23-084-0276,True,False,0,3/25/2023 11:00:00 AM,No Pedestrians Involved,Dry,No Unusual Conditions,Daylight,Violation Driver 1,Controls Functioning,Clear,Hit Object,Intersection,Fixed Object,Not Applicable,Not Applicable,At,Crosswalk Pole,True,False,20327,BLOSSOM HILL RD,PARK CREST DR,37.23772707,-121.8990076
832,719575,CR-0000102722,0,1,0,0,23-174-0374,False,False,0,6/23/2023 11:17:00 AM,No Pedestrians Involved,Dry,No Unusual Conditions,Daylight,Violation Driver 1,No Controls Present/Factor,Clear,Broadside,Intersection,Motorcycle,Not Applicable,Not Applicable,At,,True,False,108063,SEIFERT AV,WEATHERSFIELD WY,37.24249664,-121.8828001
833,684789,CR-0000093445,2,0,0,0,22-196-0844,False,False,218,7/15/2022 8:53:00 PM,No Pedestrians Involved,Dry,No Unusual Conditions,Dark - Street Light,Violation Driver 1,Controls Functioning,Clear,Broadside,Non-Related,Other Vehicle,Not Applicable,Not Applicable,North Of,,False,False,32889,CAPITOL EX,NARVAEZ AV,37.27442581,-121.8603111
834,684795,CR-0000093403,0,1,0,0,22-189-0543,False,False,0,7/8/2022 3:29:00 PM,No Pedestrians Involved,Dry,No Unusual Conditions,Daylight,Violation Driver 1,Controls Functioning,Clear,Rear End,Related,Other Vehicle,Not Applicable,Not Applicable,At,,True,False,32889,CAPITOL EX,NARVAEZ AV,37.27442581,-121.8603111
835,685389,CR-0000094125,0,0,0,0,22-232-0656,False,False,0,8/20/2022 5:30:00 PM,No Pedestrians Involved,Dry,No Unusual Conditions,Daylight,Violation Driver 1,Controls Functioning,Clear,Broadside,Intersection,Other Vehicle,Not Applicable,Not Applicable,At,,False,False,32889,CAPITOL EX,NARVAEZ AV,37.27442581,-121.8603111
836,684999,CR-0000093684,0,0,0,0,22-210-0655,False,False,0,7/29/2022 5:06:00 PM,No Pedestrians Involved,Dry,No Unusual Conditions,Daylight,Violation Driver 1,Controls Functioning,Clear,Rear End,Intersection,Other Vehicle,Not Applicable,Not Applicable,West Of,,False,True,32889,CAPITOL EX,NARVAEZ AV,37.27442581,-121.8603111
837,682044,CR-0000091555,1,0,0,0,22-025-0674,False,False,0,1/25/2022 4:55:00 PM,No Pedestrians Involved,Dry,No Unusual Conditions,Daylight,Violation Driver 1,Controls Functioning,Clear,Sideswipe,Intersection,Other Vehicle,Not Applicable,Not Applicable,At,,False,False,32889,CAPITOL EX,NARVAEZ AV,37.27442581,-121.8603111
838,681462,CR-0000090852,0,0,0,0,22-033-4003,False,True,0,1/29/2022 7:25:00 PM,No Pedestrians Involved,Unknown,Unknown,Daylight,Unknown,Unknown,Unknown,Rear End,Intersection,Other Object,Not Applicable,Not Applicable,At,,False,False,32889,CAPITOL EX,NARVAEZ AV,37.27442581,-121.8603111