_id,CrashFactId,Name,MinorInjuries,ModerateInjuries,SevereInjuries,FatalInjuries,TcrNumber,CityDamageFlag,ShortFormFlag,Distance,CrashDateTime,PedestrianAction,RoadwaySurface,RoadwayCondition,Lighting,PrimaryCollisionFactor,TrafficControl,Weather,CollisionType,ProximityToIntersection,VehicleInvolvedWith,PedestrianDirectionFrom,PedestrianDirectionTo,DirectionFromIntersection,Comment,SpeedingFlag,HitAndRunFlag,IntersectionNumber,AStreetName,BStreetName,Latitude,Longitude
839,682141,CR-0000091653,0,1,0,0,22-111-0653,False,False,0,4/21/2022 5:40:00 PM,No Pedestrians Involved,Wet,No Unusual Conditions,Daylight,Unknown,No Controls Present/Factor,Rain,Broadside,Intersection,Motor Vehicle On Other Roadway,Not Applicable,Not Applicable,At,,False,False,32889,CAPITOL EX,NARVAEZ AV,37.27442581,-121.8603111
840,682260,CR-0000091846,0,0,0,0,22-118-9701,False,True,0,4/25/2022 4:00:00 PM,No Pedestrians Involved,Dry,No Unusual Conditions,Daylight,Unknown,Controls Functioning,Clear,Rear End,Intersection,Other Vehicle,Not Applicable,Not Applicable,At,,False,False,32889,CAPITOL EX,NARVAEZ AV,37.27442581,-121.8603111
841,682454,CR-0000092018,1,0,0,0,22-117-0529,False,False,42,4/27/2022 2:20:00 PM,No Pedestrians Involved,Dry,No Unusual Conditions,Daylight,Violation Driver 1,Controls Functioning,Clear,Rear End,Related,Other Vehicle,Not Applicable,Not Applicable,North Of,,True,False,32889,CAPITOL EX,NARVAEZ AV,37.27442581,-121.8603111
842,683311,CR-0000092897,4,1,0,0,22-135-0513,True,False,0,5/15/2022 3:25:00 PM,No Pedestrians Involved,Dry,No Unusual Conditions,Daylight,Other Than Driver,Controls Functioning,Clear,Hit Object,Intersection,Fixed Object,Not Applicable,Not Applicable,At,Traffic Signal (Medical Emergency),False,False,32889,CAPITOL EX,NARVAEZ AV,37.27442581,-121.8603111
843,682802,CR-0000092372,0,0,2,0,22-169-0073,True,False,0,6/18/2022 2:00:00 AM,No Pedestrians Involved,Dry,No Unusual Conditions,Dark - Street Light,Violation Driver 1,Controls Functioning,Clear,Hit Object,Intersection,Fixed Object,Not Applicable,Not Applicable,At,TRAFFIC SIGNAL,False,False,32889,CAPITOL EX,NARVAEZ AV,37.27442581,-121.8603111
844,690749,CR-0000096886,3,0,0,0,23-004-0257,False,False,24,1/4/2023 9:28:00 AM,No Pedestrians Involved,Wet,Unknown,Daylight,Violation Driver 1,Controls Functioning,Rain,Broadside,Related,Other Vehicle,Not Applicable,Not Applicable,South Of,,False,False,32889,CAPITOL EX,NARVAEZ AV,37.27442581,-121.8603111
845,690656,CR-0000096778,0,0,0,0,23-028-0122,True,False,0,1/28/2023 2:17:00 AM,No Pedestrians Involved,Dry,No Unusual Conditions,Dark - Street Light,Violation Driver 1,Controls Functioning,Clear,Hit Object,Intersection,Fixed Object,Not Applicable,Not Applicable,At,LIGHT POLE,False,False,32889,CAPITOL EX,NARVAEZ AV,37.27442581,-121.8603111
846,690267,CR-0000096358,0,0,0,0,22-260-4003,False,True,,9/16/2022 1:47:00 PM,No Pedestrians Involved,Unknown,Unknown,Unknown,Unknown,Unknown,Unknown,Sideswipe,Related,Unknown,Not Applicable,Not Applicable,East Of,,False,False,32889,CAPITOL EX,NARVAEZ AV,37.27442581,-121.8603111
847,699186,CR-0000100506,0,0,0,0,23-180-0557,False,False,24,6/29/2023 3:32:00 PM,No Pedestrians Involved,Dry,No Unusual Conditions,Daylight,Violation Driver 1,Controls Functioning,Clear,Rear End,Related,Other Vehicle,Not Applicable,Not Applicable,South Of,,False,True,32889,CAPITOL EX,NARVAEZ AV,37.27442581,-121.8603111
848,696051,CR-0000099186,0,0,0,0,23-032-0721,False,True,0,2/1/2023 6:24:00 PM,No Pedestrians Involved,Unknown,Unknown,Unknown,Unknown,Unknown,Unknown,Rear End,Intersection,Other Vehicle,Not Applicable,Not Applicable,At,,False,False,32889,CAPITOL EX,NARVAEZ AV,37.27442581,-121.8603111
849,719626,CR-0000102785,0,0,0,0,24-004-0174,False,False,0,1/4/2024 8:02:00 AM,No Pedestrians Involved,Dry,No Unusual Conditions,Daylight,Violation Driver 1,Controls Functioning,Clear,Sideswipe,Intersection,Other Vehicle,Not Applicable,Not Applicable,At,,False,False,32889,CAPITOL EX,NARVAEZ AV,37.27442581,-121.8603111
850,717445,CR-0000102469,2,0,0,0,24-083-0423,False,False,37,3/23/2024 1:13:00 PM,No Pedestrians Involved,Wet,No Unusual Conditions,Daylight,Violation Driver 1,Controls Functioning,Rain,Overturned,Related,Other Vehicle,Not Applicable,Not Applicable,West Of,,True,False,32889,CAPITOL EX,NARVAEZ AV,37.27442581,-121.8603111
851,722079,CR-0000103333,0,0,0,0,24-065-0782,False,False,51,3/5/2024 7:00:00 PM,No Pedestrians Involved,Dry,No Unusual Conditions,Dark - Street Light,Violation Driver 1,No Controls Present/Factor,Clear,Sideswipe,Non-Related,Other Vehicle,Not Applicable,Not Applicable,East Of,,False,True,32889,CAPITOL EX,NARVAEZ AV,37.27442581,-121.8603111
852,722041,CR-0000103295,0,0,0,0,24-060-9703,False,True,51,2/28/2024 2:15:00 PM,No Pedestrians Involved,Dry,No Unusual Conditions,Daylight,Unknown,Unknown,Clear,Rear End,Non-Related,Other Vehicle,Not Applicable,Not Applicable,South Of,,False,False,32889,CAPITOL EX,NARVAEZ AV,37.27442581,-121.8603111
853,712155,CR-0000100893,1,0,0,0,23-314-0630,False,False,100,11/20/2023 5:49:00 PM,No Pedestrians Involved,Dry,No Unusual Conditions,Dusk - Dawn,Violation Driver 1,No Controls Present/Factor,Clear,Broadside,Non-Related,Other Vehicle,Not Applicable,Not Applicable,North Of,,False,False,32889,CAPITOL EX,NARVAEZ AV,37.27442581,-121.8603111
854,712246,CR-0000101692,0,0,0,0,23-327-0588,False,False,0,11/23/2023 8:19:00 PM,No Pedestrians Involved,Dry,No Unusual Conditions,Dark - Street Light,Violation Driver 1,Controls Functioning,Clear,Broadside,Intersection,Other Vehicle,Not Applicable,Not Applicable,At,,False,True,32889,CAPITOL EX,NARVAEZ AV,37.27442581,-121.8603111
855,715973,CR-0000101847,0,0,0,0,23-091-9703,False,True,0,3/30/2023 6:15:00 AM,No Pedestrians Involved,Dry,No Unusual Conditions,Dusk - Dawn,Unknown,No Controls Present/Factor,Cloudy,Rear End,Intersection,Motor Vehicle On Other Roadway,Not Applicable,Not Applicable,At,,False,False,32889,CAPITOL EX,NARVAEZ AV,37.27442581,-121.8603111
856,682239,CR-0000091774,1,0,0,0,22-066-0903,False,False,0,3/7/2022 7:26:00 PM,No Pedestrians Involved,Dry,No Unusual Conditions,Dark - Street Light,Violation Driver 1,Controls Functioning,Clear,Other,Intersection,Other Vehicle,Not Applicable,Not Applicable,At,,False,False,64184,FURLONG DR,SANTA TERESA BL,37.24386663,-121.8605936
857,696279,CR-0000099435,0,1,0,0,23-266-0196,True,False,20,9/23/2023 6:55:00 AM,No Pedestrians Involved,Dry,No Unusual Conditions,Daylight,Violation Driver 1,No Controls Present/Factor,Clear,Hit Object,Related,Fixed Object,Not Applicable,Not Applicable,North Of,"Guard Rail, Fence, Electrical Box",True,False,64184,FURLONG DR,SANTA TERESA BL,37.24386663,-121.8605936
858,689066,CR-0000094897,1,1,0,0,22-283-0421,True,False,45,10/10/2022 1:03:00 PM,No Pedestrians Involved,Dry,No Unusual Conditions,Daylight,Violation Driver 1,Controls Functioning,Clear,Broadside,Related,Other Vehicle,Not Applicable,Not Applicable,North Of,LIGHT POLE,False,False,24045,BRANHAM LN,ROSS AV,37.25167015,-121.908454
859,692502,CR-0000097791,0,0,0,0,23-074-4001,False,True,0,3/15/2023 8:10:00 AM,No Pedestrians Involved,Unknown,Unknown,Unknown,Unknown,Unknown,Unknown,Sideswipe,Related,Other Vehicle,Not Applicable,Not Applicable,At,,False,False,24045,BRANHAM LN,ROSS AV,37.25167015,-121.908454
860,698826,CR-0000100109,1,0,0,0,23-341-0666,False,False,45,12/7/2023 3:46:00 PM,No Pedestrians Involved,Wet,No Unusual Conditions,Daylight,Violation Driver 1,No Controls Present/Factor,Rain,Head On,Related,Parked Vehicle,Not Applicable,Not Applicable,North Of,,False,False,3850,ALLEN AV,PRONTO DR,37.24619387,-121.8558914
861,690233,CR-0000096323,0,0,0,0,22-251-9703,False,True,51,9/6/2022 3:40:00 PM,No Pedestrians Involved,Dry,No Unusual Conditions,Daylight,Unknown,Controls Functioning,Clear,Sideswipe,Non-Related,Other Vehicle,Not Applicable,Not Applicable,East Of,,False,False,7215,ANDOVER LN,ROSS AV,37.25556793,-121.9111612
862,687464,CR-0000094244,0,2,0,0,22-256-0200,False,False,0,9/13/2022 8:01:00 AM,No Pedestrians Involved,Dry,No Unusual Conditions,Daylight,Violation Driver 1,Controls Functioning,Other,Vehicle/Bike,Intersection,Scooter Motorized,No Direction (Not Walking),No Direction (Not Walking),At,,False,False,47519,CURTNER AV,NEWPORT AV/RICHLAND AV,37.28874983,-121.8907496
863,716335,CR-0000102299,0,1,0,0,24-060-0191,False,False,27,2/29/2024 8:20:00 AM,No Pedestrians Involved,Dry,No Unusual Conditions,Daylight,Violation Driver 1,No Controls Present/Factor,Cloudy,Vehicle/Bike,Related,Bike,Not Applicable,Not Applicable,West Of,BIKE,False,False,101672,PORTOBELO DR,RIO VERDE DR,37.25414671,-121.8962508
864,694361,CR-0000098305,0,1,0,0,23-170-0736,False,False,195,6/19/2023 6:20:00 PM,Not In Road,Dry,No Unusual Conditions,Daylight,Violation Driver 1,No Controls Present/Factor,Clear,Vehicle/Pedestrian,Non-Related,Pedestrian,East,West,East Of,PED,False,False,30491,CAMDEN AV,TRINIDAD DR,37.22075761,-121.8652512
865,716349,CR-0000102342,0,0,1,0,24-036-0988,False,False,0,2/5/2024 11:07:00 PM,No Pedestrians Involved,Wet,No Unusual Conditions,Dark - Street Light,Bike At Fault,Controls Functioning,Cloudy,Vehicle/Bike,Intersection,Bike,Not Applicable,Not Applicable,At,BIKE,False,False,30491,CAMDEN AV,TRINIDAD DR,37.22075761,-121.8652512
866,688766,CR-0000094601,0,0,0,0,22-241-4000,False,True,51,8/29/2022 2:00:00 AM,No Pedestrians Involved,Unknown,Unknown,Unknown,Unknown,Unknown,Unknown,Rear End,Non-Related,Unknown,Not Applicable,Not Applicable,South Of,,False,True,12638,BAMBI LN,COTTON TAIL AV,37.35145776,-121.8356619
867,682208,CR-0000091794,0,0,0,0,22-126-9710,False,True,0,4/29/2022 2:00:00 PM,No Pedestrians Involved,Dry,No Unusual Conditions,Daylight,Unknown,Controls Functioning,Clear,Broadside,Intersection,Other Vehicle,Not Applicable,Not Applicable,At,,False,False,51325,DOBERN AV,JACKSON AV,37.35212532,-121.8374599
868,691039,CR-0000097211,0,1,0,0,23-036-0514,False,False,0,2/5/2023 3:57:00 PM,No Pedestrians Involved,Wet,No Unusual Conditions,Daylight,Violation Driver 1,Controls Functioning,Rain,Broadside,Intersection,Other Vehicle,Not Applicable,Not Applicable,At,,True,False,51325,DOBERN AV,JACKSON AV,37.35212532,-121.8374599
869,690103,CR-0000096197,0,0,0,0,22-345-0681,False,False,0,12/11/2022 9:10:00 PM,No Pedestrians Involved,Wet,No Unusual Conditions,Dark - Street Light,Violation Driver 1,No Controls Present/Factor,Rain,Rear End,Intersection,Other Vehicle,Not Applicable,Not Applicable,At,,True,True,51325,DOBERN AV,JACKSON AV,37.35212532,-121.8374599
870,716089,CR-0000102070,0,0,0,0,24-011-0155,False,True,96,1/11/2024 8:33:00 AM,No Pedestrians Involved,Dry,No Unusual Conditions,Unknown,Violation Driver 1,Controls Functioning,Clear,Rear End,Non-Related,Other Vehicle,Not Applicable,Not Applicable,South Of,,False,False,51325,DOBERN AV,JACKSON AV,37.35212532,-121.8374599
871,690119,CR-0000096200,0,0,0,0,22-352-0259,False,False,26,12/17/2022 7:00:00 PM,No Pedestrians Involved,Dry,No Unusual Conditions,Daylight,Unknown,No Controls Present/Factor,Clear,Rear End,Related,Parked Vehicle,Not Applicable,Not Applicable,West Of,,False,True,29567,CAMAS AV,LOMBARD AV,37.35673452,-121.8322355
872,712097,CR-0000101035,0,0,0,0,23-263-0075,False,False,111,9/20/2023 1:50:00 AM,No Pedestrians Involved,Dry,No Unusual Conditions,Dark - Street Light,Violation Driver 1,No Controls Present/Factor,Clear,Rear End,Non-Related,Parked Vehicle,Not Applicable,Not Applicable,East Of,,True,True,61599,FLINTWELL WY,SILVER LEAF RD,37.25007315,-121.7870319
873,682197,CR-0000091734,2,0,0,0,22-067-0723,False,False,23,3/8/2022 4:53:00 PM,No Pedestrians Involved,Wet,No Unusual Conditions,Daylight,Violation Driver 1,Controls Functioning,Clear,Rear End,Related,Other Vehicle,Not Applicable,Not Applicable,South Of,,True,False,68331,GREAT OAKS BL,SAN IGNACIO AV,37.23546454,-121.7774946
874,698644,CR-0000099869,3,0,0,0,23-235-0332,False,False,0,8/23/2023 11:04:00 AM,No Pedestrians Involved,Dry,No Unusual Conditions,Daylight,Violation Driver 1,Controls Functioning,Clear,Broadside,Intersection,Other Vehicle,Not Applicable,Not Applicable,At,,False,False,68331,GREAT OAKS BL,SAN IGNACIO AV,37.23546454,-121.7774946
875,720871,CR-0000103074,0,0,0,0,24-026-0840,False,False,44,1/26/2024 8:15:00 PM,No Pedestrians Involved,Dry,No Unusual Conditions,Dark - Street Light,Violation Driver 1,No Controls Present/Factor,Clear,Other,Related,Parked Vehicle,Not Applicable,Not Applicable,East Of,,False,True,81620,LANFAIR DR,LUNETA DR,37.27297135,-121.8561807
876,683162,CR-0000092768,0,0,0,0,22-052-4001,False,True,0,2/21/2022 6:38:00 PM,No Pedestrians Involved,Unknown,Unknown,Unknown,Unknown,Unknown,Unknown,Broadside,Intersection,Other Vehicle,Not Applicable,Not Applicable,At,,False,False,30030,CAMDEN AV,LEIGH AV,37.2617488,-121.922321
877,687608,CR-0000094401,0,2,0,0,22-267-0359,False,False,0,9/24/2022 10:03:00 AM,No Pedestrians Involved,Dry,No Unusual Conditions,Daylight,Violation Driver 1,Controls Functioning,Clear,Broadside,Intersection,Other Vehicle,Not Applicable,Not Applicable,At,,False,False,30030,CAMDEN AV,LEIGH AV,37.2617488,-121.922321
878,685399,CR-0000094134,0,0,0,0,22-272-4000,False,True,,9/28/2022 5:15:00 PM,No Pedestrians Involved,Unknown,Unknown,Daylight,Unknown,Unknown,Unknown,Rear End,Related,Other Vehicle,Not Applicable,Not Applicable,Unknown,,False,True,30030,CAMDEN AV,LEIGH AV,37.2617488,-121.922321
879,683464,CR-0000093060,0,0,0,0,22-171-9701,False,True,,6/17/2022 1:28:00 PM,No Pedestrians Involved,Dry,No Unusual Conditions,Daylight,Unknown,Controls Functioning,Clear,Other,Related,Other Vehicle,Not Applicable,Not Applicable,North Of,,False,True,30030,CAMDEN AV,LEIGH AV,37.2617488,-121.922321
880,690204,CR-0000096294,0,0,0,0,22-259-4003,False,True,0,9/11/2022 11:15:00 AM,No Pedestrians Involved,Unknown,Unknown,Unknown,Unknown,Unknown,Unknown,Rear End,Intersection,Other Vehicle,Not Applicable,Not Applicable,At,,False,False,30030,CAMDEN AV,LEIGH AV,37.2617488,-121.922321
881,691054,CR-0000097227,0,0,0,0,23-020-9701,False,True,0,1/19/2023 2:02:00 PM,No Pedestrians Involved,Dry,No Unusual Conditions,Daylight,Unknown,Controls Functioning,Clear,Rear End,Intersection,Other Vehicle,Not Applicable,Not Applicable,At,,False,False,30030,CAMDEN AV,LEIGH AV,37.2617488,-121.922321
882,690841,CR-0000096981,1,0,0,0,23-017-0519,False,False,24,1/17/2023 2:09:00 PM,No Pedestrians Involved,Dry,Unknown,Daylight,Violation Driver 1,Controls Functioning,Clear,Sideswipe,Related,Other Vehicle,Not Applicable,Not Applicable,South Of,,True,True,30030,CAMDEN AV,LEIGH AV,37.2617488,-121.922321
883,692491,CR-0000097779,0,2,0,0,23-074-0257,False,False,0,3/15/2023 9:00:00 AM,No Pedestrians Involved,Dry,No Unusual Conditions,Daylight,Violation Driver 1,Controls Not Functioning,Clear,Broadside,Intersection,Other Vehicle,Not Applicable,Not Applicable,At,,True,False,30030,CAMDEN AV,LEIGH AV,37.2617488,-121.922321
884,719729,CR-0000102901,0,0,0,1,24-219-0580,False,False,0,8/6/2024 4:20:00 PM,Crossing In Crosswalk - At Intersection,Dry,No Unusual Conditions,Daylight,Unknown,Controls Functioning,Clear,Vehicle/Pedestrian,Intersection,Scooter Non-Motorized,South,North,At,SCOOTER (PED),False,False,30030,CAMDEN AV,LEIGH AV,37.2617488,-121.922321
885,719721,CR-0000102893,0,0,0,0,24-012-4003,False,True,,1/10/2024 7:20:00 PM,No Pedestrians Involved,Unknown,Unknown,Unknown,Unknown,Unknown,Unknown,Broadside,Related,Other Vehicle,Not Applicable,Not Applicable,Unknown,,False,False,30030,CAMDEN AV,LEIGH AV,37.2617488,-121.922321
886,683512,CR-0000093110,0,0,0,0,22-201-0102,False,False,105,7/20/2022 3:15:00 AM,No Pedestrians Involved,Dry,No Unusual Conditions,Dark - Street Light,Violation Driver 1,No Controls Present/Factor,Clear,Rear End,Non-Related,Parked Vehicle,Not Applicable,Not Applicable,South Of,,True,True,21845,BOOKSIN AV,HUSTED AV,37.27929987,-121.9005651
887,699318,CR-0000100645,1,1,0,0,23-329-0944,True,False,74,11/25/2023 8:23:00 PM,No Pedestrians Involved,Dry,No Unusual Conditions,Dark - Street Light,Violation Driver 1,No Controls Present/Factor,Clear,Hit Object,Non-Related,Fixed Object,Not Applicable,Not Applicable,East Of,TREE,False,False,103256,REDMOND AV,REDMOND CT,37.22809127,-121.8617321
888,722245,CR-0000103511,0,0,0,0,24-084-9707,False,True,0,3/23/2024 5:10:00 PM,No Pedestrians Involved,Dry,No Unusual Conditions,Daylight,Unknown,Controls Functioning,Clear,Head On,Intersection,Other Vehicle,Not Applicable,Not Applicable,At,,False,False,52986,DUMBARTON AV,POTRERO DR/VALPICO DR,37.27411957,-121.9134536
889,681760,CR-0000091160,0,0,0,0,22-053-0805,False,False,335,2/22/2022 8:00:00 PM,No Pedestrians Involved,Dry,No Unusual Conditions,Dark - Street Light,Violation Driver 1,No Controls Present/Factor,Clear,Rear End,Non-Related,Parked Vehicle,Not Applicable,Not Applicable,East Of,,False,False,15652,BEGONIA DR,BLOSSOM HILL RD,37.2363131,-121.9109229
890,719719,CR-0000102891,0,0,0,0,24-010-0707,False,False,328,1/10/2024 7:48:00 PM,No Pedestrians Involved,Wet,No Unusual Conditions,Dark - Street Light,Violation Driver 1,No Controls Present/Factor,Rain,Rear End,Non-Related,Parked Vehicle,Not Applicable,Not Applicable,East Of,,True,False,15652,BEGONIA DR,BLOSSOM HILL RD,37.2363131,-121.9109229
891,682290,CR-0000091825,0,0,0,0,22-125-1016,True,False,51,5/5/2022 10:16:00 PM,No Pedestrians Involved,Dry,No Unusual Conditions,Dark - Street Light,Violation Driver 1,Controls Functioning,Clear,Broadside,Non-Related,Parked Vehicle,Not Applicable,Not Applicable,South Of,"Signage, Tree",False,False,54207,EDENBURY LN/LEWISTON DR,PEARL AV,37.27275519,-121.8692464
892,696436,CR-0000099613,0,0,0,0,23-109-0087,False,False,133,4/19/2023 3:30:00 AM,No Pedestrians Involved,Dry,No Unusual Conditions,Dark - Street Light,Violation Driver 1,No Controls Present/Factor,Clear,Other,Non-Related,Other Vehicle,Not Applicable,Not Applicable,North Of,,False,True,54207,EDENBURY LN/LEWISTON DR,PEARL AV,37.27275519,-121.8692464
893,691369,CR-0000097618,0,0,1,0,23-061-0366,False,False,27,3/2/2023 11:34:00 AM,Crossing In Crosswalk - At Intersection,Dry,No Unusual Conditions,Daylight,Violation Driver 1,Controls Functioning,Clear,Vehicle/Pedestrian,Related,Pedestrian,West,East,North Of,,False,False,54207,EDENBURY LN/LEWISTON DR,PEARL AV,37.27275519,-121.8692464
894,690105,CR-0000096191,0,0,0,0,22-339-9704,False,True,51,12/4/2022 9:15:00 AM,No Pedestrians Involved,Dry,No Unusual Conditions,Daylight,Unknown,No Controls Present/Factor,Rain,Broadside,Non-Related,Other Vehicle,Not Applicable,Not Applicable,North Of,,False,True,38521,CHEVALIER DR/MERRILL DR,HARWOOD RD,37.24004977,-121.9130163
895,696510,CR-0000099697,0,0,0,0,23-349-0051,False,False,0,12/15/2023 1:19:00 AM,No Pedestrians Involved,Dry,No Unusual Conditions,Dark - Street Light,Violation Driver 1,No Controls Present/Factor,Clear,Sideswipe,Intersection,Parked Vehicle,Not Applicable,Not Applicable,At,,True,True,143881,HOPE ST,SOUTHSIDE DR,37.28853048,-121.8436938
896,711827,CR-0000101161,0,0,0,0,23-328-4001,False,True,,11/22/2023 12:15:00 PM,No Pedestrians Involved,Unknown,Unknown,Unknown,Unknown,Unknown,Unknown,Other,Related,Other Vehicle,Not Applicable,Not Applicable,North Of,,False,False,2859,ALBANESE CI,GIER CT,37.30795487,-121.8451248
897,689131,CR-0000094999,0,1,0,0,22-315-0886,False,False,0,11/11/2022 10:55:00 PM,No Pedestrians Involved,Dry,No Unusual Conditions,Dark - Street Light,Violation Driver 1,Unknown,Clear,Head On,Intersection,Other Object,Not Applicable,Not Applicable,At,,False,False,69410,HAGA DR,SINGLETON RD,37.28826724,-121.8363053
898,683148,CR-0000092742,0,0,0,0,22-048-9710,False,True,0,2/17/2022 12:38:00 PM,No Pedestrians Involved,Dry,No Unusual Conditions,Daylight,Unknown,Controls Functioning,Clear,Rear End,Intersection,Other Vehicle,Not Applicable,Not Applicable,At,,False,True,64822,GASSMANN DR,SHERLOCK DR,37.30863194,-121.8360324
899,690793,CR-0000096931,0,0,0,0,23-009-0572,False,False,25,1/9/2023 3:37:00 PM,No Pedestrians Involved,Wet,No Unusual Conditions,Daylight,Violation Driver 1,Controls Functioning,Cloudy,Hit Object,Related,Fixed Object,Not Applicable,Not Applicable,East Of,,True,False,30315,CAMDEN AV,PLAINVIEW CT,37.22046538,-121.8846567
900,716251,CR-0000102224,0,1,0,0,24-045-0765,True,False,0,2/14/2024 8:13:00 PM,No Pedestrians Involved,Wet,No Unusual Conditions,Dark - Street Light,Violation Driver 1,No Controls Present/Factor,Rain,Hit Object,Intersection,Fixed Object,Not Applicable,Not Applicable,At,TREE,False,False,30315,CAMDEN AV,PLAINVIEW CT,37.22046538,-121.8846567
901,689560,CR-0000095537,1,0,0,0,22-348-0859,False,False,120,12/14/2022 10:52:00 PM,No Pedestrians Involved,Dry,No Unusual Conditions,Dark - Street Light,Violation Driver 1,No Controls Present/Factor,Clear,Head On,Non-Related,Fixed Object,Not Applicable,Not Applicable,West Of,Residence,True,False,29996,CAMDEN AV,IDLEWILD CT,37.22084975,-121.8838745
902,681701,CR-0000091098,0,0,1,0,22-059-1261,False,False,0,2/28/2022 5:36:00 PM,No Pedestrians Involved,Dry,No Unusual Conditions,Daylight,Violation Driver 1,No Controls Present/Factor,Clear,Broadside,Intersection,Motorcycle,Not Applicable,Not Applicable,At,Motorycycle,False,False,47365,CURTNER AV,HICKS AV,37.28557765,-121.8996634
903,686421,CR-0000094191,1,0,0,0,22-260-0271,False,False,0,9/17/2022 10:49:00 AM,No Pedestrians Involved,Dry,No Unusual Conditions,Daylight,Violation Driver 1,No Controls Present/Factor,Clear,Broadside,Intersection,Other Vehicle,Not Applicable,Not Applicable,At,,False,False,47365,CURTNER AV,HICKS AV,37.28557765,-121.8996634
904,718498,CR-0000102604,3,0,0,0,24-071-0213,False,False,30,3/11/2024 8:10:00 AM,No Pedestrians Involved,Wet,No Unusual Conditions,Daylight,Violation Driver 1,Controls Functioning,Cloudy,Broadside,Related,Other Vehicle,Not Applicable,Not Applicable,West Of,,False,False,47365,CURTNER AV,HICKS AV,37.28557765,-121.8996634
905,682955,CR-0000092553,0,1,0,0,22-165-0636,False,False,0,6/14/2022 3:57:00 PM,No Pedestrians Involved,Dry,No Unusual Conditions,Daylight,Violation Driver 1,Controls Functioning,Clear,Vehicle/Bike,Intersection,Bike,Not Applicable,Not Applicable,At,BIKE,False,False,29699,CAMDEN AV,CIRCLE HILL DR,37.21999253,-121.8862403
906,682778,CR-0000092357,0,2,0,0,22-141-0620,False,False,39,5/21/2022 5:20:00 PM,No Pedestrians Involved,Dry,No Unusual Conditions,Daylight,Violation Driver 1,Controls Functioning,Clear,Rear End,Related,Parked Vehicle,Not Applicable,Not Applicable,South Of,,False,False,136696,RUBINO CI,RUBINO DR,37.27957803,-121.8750954
907,681524,CR-0000090920,1,1,0,0,22-037-0745,False,False,66,2/6/2022 7:43:00 PM,No Pedestrians Involved,Dry,No Unusual Conditions,Dark - Street Light,Violation Driver 1,No Controls Present/Factor,Clear,Rear End,Non-Related,Parked Vehicle,Not Applicable,Not Applicable,South Of,,False,False,45561,CRESTMONT DR,LEIGH AV,37.28064219,-121.9226126
908,685172,CR-0000093848,0,0,0,0,22-239-0112,False,False,47,8/27/2022 5:27:00 AM,No Pedestrians Involved,Dry,No Unusual Conditions,Dark - Street Light,Violation Driver 1,Controls Functioning,Clear,Sideswipe,Related,Parked Vehicle,Not Applicable,Not Applicable,North Of,,False,True,45561,CRESTMONT DR,LEIGH AV,37.28064219,-121.9226126
909,696377,CR-0000099535,1,0,0,0,23-286-0700,False,False,0,10/13/2023 6:09:00 PM,No Pedestrians Involved,Dry,No Unusual Conditions,Dark - Street Light,Violation Driver 1,Controls Functioning,Clear,Broadside,Intersection,Other Vehicle,Not Applicable,Not Applicable,At,,False,False,45561,CRESTMONT DR,LEIGH AV,37.28064219,-121.9226126
910,695941,CR-0000099073,0,0,0,0,23-230-4000,False,True,51,8/12/2023 11:55:00 AM,No Pedestrians Involved,Unknown,Unknown,Unknown,Unknown,Unknown,Unknown,Rear End,Non-Related,Unknown,Not Applicable,Not Applicable,West Of,,False,False,20492,BLOSSOM HILL RD,THURESON WY,37.23624665,-121.913898
911,688753,CR-0000094579,0,0,0,0,22-278-4000,False,True,0,10/5/2022 7:50:00 AM,No Pedestrians Involved,Unknown,Unknown,Daylight,Unknown,Unknown,Unknown,Sideswipe,Intersection,Other Vehicle,Not Applicable,Not Applicable,At,,False,False,33868,CARPENTIER WY,SENTER RD,37.29108925,-121.8308203
912,690456,CR-0000096564,0,0,0,0,22-271-4006,False,True,51,9/23/2022 7:30:00 AM,No Pedestrians Involved,Unknown,Unknown,Unknown,Unknown,Unknown,Unknown,Rear End,Non-Related,Other Vehicle,Not Applicable,Not Applicable,North Of,,False,True,33868,CARPENTIER WY,SENTER RD,37.29108925,-121.8308203
913,712148,CR-0000101234,0,0,0,0,23-331-0235,False,False,162,11/27/2023 9:30:00 AM,No Pedestrians Involved,Dry,Unknown,Daylight,Violation Driver 1,No Controls Present/Factor,Clear,Broadside,Non-Related,Other Vehicle,Not Applicable,Not Applicable,North Of,,True,False,33868,CARPENTIER WY,SENTER RD,37.29108925,-121.8308203
914,688708,CR-0000094533,0,0,0,0,22-209-4002,False,True,,7/28/2022 4:40:00 PM,No Pedestrians Involved,Unknown,Unknown,Daylight,Unknown,Unknown,Unknown,Rear End,Related,Other Vehicle,Not Applicable,Not Applicable,Unknown,,False,False,32944,CAPITOL EX,SENTER RD,37.29342064,-121.8332141
915,688951,CR-0000094804,0,1,0,0,22-282-0415,False,False,135,10/9/2022 11:55:00 AM,No Pedestrians Involved,Dry,No Unusual Conditions,Daylight,Violation Driver 1,No Controls Present/Factor,Clear,Vehicle/Bike,Non-Related,Bike,Not Applicable,Not Applicable,North Of,BICYCLIST,False,False,32944,CAPITOL EX,SENTER RD,37.29342064,-121.8332141