_id,CrashFactId,Name,MinorInjuries,ModerateInjuries,SevereInjuries,FatalInjuries,TcrNumber,CityDamageFlag,ShortFormFlag,Distance,CrashDateTime,PedestrianAction,RoadwaySurface,RoadwayCondition,Lighting,PrimaryCollisionFactor,TrafficControl,Weather,CollisionType,ProximityToIntersection,VehicleInvolvedWith,PedestrianDirectionFrom,PedestrianDirectionTo,DirectionFromIntersection,Comment,SpeedingFlag,HitAndRunFlag,IntersectionNumber,AStreetName,BStreetName,Latitude,Longitude
916,689343,CR-0000095295,1,0,0,0,22-291-0452,False,False,0,10/18/2022 12:58:00 PM,No Pedestrians Involved,Dry,No Unusual Conditions,Daylight,Violation Driver 1,Controls Functioning,Clear,Rear End,Intersection,Other Vehicle,Not Applicable,Not Applicable,At,,True,False,32944,CAPITOL EX,SENTER RD,37.29342064,-121.8332141
917,689388,CR-0000095375,1,0,0,0,22-334-0671,False,False,50,11/30/2022 5:39:00 PM,No Pedestrians Involved,Dry,No Unusual Conditions,Dark - Street Light,Violation Driver 1,Controls Functioning,Clear,Rear End,Related,Other Vehicle,Not Applicable,Not Applicable,North Of,,True,True,32944,CAPITOL EX,SENTER RD,37.29342064,-121.8332141
918,689370,CR-0000095294,2,0,0,0,22-329-0346,False,False,0,11/25/2022 12:50:00 PM,No Pedestrians Involved,Dry,Unknown,Daylight,Violation Driver 1,Controls Functioning,Other,Head On,Intersection,Other Vehicle,Not Applicable,Not Applicable,At,,False,False,32944,CAPITOL EX,SENTER RD,37.29342064,-121.8332141
919,684807,CR-0000093413,2,2,1,0,22-184-0567,False,False,0,7/3/2022 4:49:00 PM,No Pedestrians Involved,Dry,No Unusual Conditions,Daylight,Violation Driver 1,Controls Functioning,Clear,Broadside,Intersection,Other Vehicle,Not Applicable,Not Applicable,At,,False,True,32944,CAPITOL EX,SENTER RD,37.29342064,-121.8332141
920,681875,CR-0000091356,1,0,0,0,22-040-0849,False,False,570,2/9/2022 7:12:00 PM,No Pedestrians Involved,Dry,No Unusual Conditions,Dark - Street Light,Violation Driver 1,Controls Not Functioning,Clear,Broadside,Non-Related,Motor Vehicle On Other Roadway,Not Applicable,Not Applicable,South Of,,False,True,32944,CAPITOL EX,SENTER RD,37.29342064,-121.8332141
921,681896,CR-0000091378,0,0,0,1,22-007-0763,False,False,250,1/7/2022 8:30:00 PM,In Road - Includes Shoulder,Dry,No Unusual Conditions,Dark - Street Light,Pedestrian At Fault,Controls Functioning,Cloudy,Vehicle/Pedestrian,Non-Related,Pedestrian,West,East,North Of,PED,False,True,32944,CAPITOL EX,SENTER RD,37.29342064,-121.8332141
922,681742,CR-0000091142,0,0,0,0,22-103-4003,False,True,,2/20/2022 3:02:00 PM,No Pedestrians Involved,Unknown,No Unusual Conditions,Daylight,Unknown,Controls Functioning,Clear,Rear End,Related,Other Vehicle,Not Applicable,Not Applicable,Unknown,,False,False,32944,CAPITOL EX,SENTER RD,37.29342064,-121.8332141
923,682930,CR-0000092523,0,0,0,0,22-163-9704,False,True,0,6/9/2022 2:20:00 PM,No Pedestrians Involved,Dry,No Unusual Conditions,Daylight,Violation Driver 1,Controls Functioning,Clear,Rear End,Intersection,Other Vehicle,Not Applicable,Not Applicable,At,,False,False,32944,CAPITOL EX,SENTER RD,37.29342064,-121.8332141
924,690077,CR-0000096148,0,0,0,0,22-183-9703,False,True,,7/2/2022 11:09:00 AM,No Pedestrians Involved,Dry,No Unusual Conditions,Daylight,Unknown,Controls Functioning,Clear,Rear End,Non-Related,Other Vehicle,Not Applicable,Not Applicable,South Of,,False,False,32944,CAPITOL EX,SENTER RD,37.29342064,-121.8332141
925,689793,CR-0000095819,1,0,0,0,22-210-0897,False,False,0,7/29/2022 8:30:00 PM,No Pedestrians Involved,Dry,No Unusual Conditions,Dark - Street Light,Violation Driver 1,Controls Functioning,Clear,Rear End,Intersection,Motorcycle,Not Applicable,Not Applicable,At,,True,True,32944,CAPITOL EX,SENTER RD,37.29342064,-121.8332141
926,689875,CR-0000095902,1,0,0,0,22-247-9704,False,True,,9/4/2022 7:33:00 AM,No Pedestrians Involved,Dry,No Unusual Conditions,Daylight,Unknown,Controls Functioning,Clear,Rear End,Related,Other Vehicle,Not Applicable,Not Applicable,East Of,,False,False,32944,CAPITOL EX,SENTER RD,37.29342064,-121.8332141
927,689516,CR-0000095493,2,0,0,0,22-359-0141,False,False,0,12/25/2022 2:52:00 AM,No Pedestrians Involved,Dry,No Unusual Conditions,Dark - Street Light,Violation Driver 1,Controls Functioning,Clear,Rear End,Intersection,Other Vehicle,Not Applicable,Not Applicable,At,,False,False,32944,CAPITOL EX,SENTER RD,37.29342064,-121.8332141
928,691141,CR-0000097333,0,0,0,0,22-263-4001,False,True,51,9/20/2022 8:40:00 AM,No Pedestrians Involved,Unknown,Unknown,Unknown,Unknown,Unknown,Unknown,Rear End,Non-Related,Other Vehicle,Not Applicable,Not Applicable,Unknown,,False,False,32944,CAPITOL EX,SENTER RD,37.29342064,-121.8332141
929,689890,CR-0000095917,1,0,0,0,22-361-0448,False,False,0,12/27/2022 2:05:00 PM,No Pedestrians Involved,Wet,No Unusual Conditions,Daylight,Violation Driver 1,Controls Functioning,Rain,Broadside,Intersection,Other Vehicle,Not Applicable,Not Applicable,At,,True,False,32944,CAPITOL EX,SENTER RD,37.29342064,-121.8332141
930,690719,CR-0000096856,0,0,0,0,23-027-0860,False,False,0,1/27/2023 10:31:00 PM,No Pedestrians Involved,Dry,No Unusual Conditions,Dark - Street Light,Violation Driver 1,Controls Functioning,Clear,Broadside,Intersection,Other Vehicle,Not Applicable,Not Applicable,At,,False,True,32944,CAPITOL EX,SENTER RD,37.29342064,-121.8332141
931,690670,CR-0000096804,1,0,0,0,23-001-0589,False,False,120,1/1/2023 4:04:00 PM,No Pedestrians Involved,Dry,No Unusual Conditions,Daylight,Violation Driver 1,Controls Functioning,Clear,Rear End,Non-Related,Other Vehicle,Not Applicable,Not Applicable,East Of,,True,True,32944,CAPITOL EX,SENTER RD,37.29342064,-121.8332141
932,690876,CR-0000097019,0,0,0,0,23-048-9734,False,True,0,1/26/2023 7:34:00 PM,No Pedestrians Involved,Dry,No Unusual Conditions,Dark - Street Light,Unknown,Controls Functioning,Clear,Rear End,Intersection,Other Vehicle,Not Applicable,Not Applicable,At,,False,False,32944,CAPITOL EX,SENTER RD,37.29342064,-121.8332141
933,692581,CR-0000097872,0,0,0,0,23-052-0996,False,False,0,2/21/2023 9:54:00 PM,No Pedestrians Involved,Dry,No Unusual Conditions,Dark - No Street Light,Violation Driver 1,Controls Not Functioning,Clear,Sideswipe,Intersection,Other Vehicle,Not Applicable,Not Applicable,At,,False,False,32944,CAPITOL EX,SENTER RD,37.29342064,-121.8332141
934,694297,CR-0000098205,2,0,0,0,23-147-0352,False,False,0,5/27/2023 10:05:00 AM,No Pedestrians Involved,Dry,No Unusual Conditions,Daylight,Violation Driver 1,Controls Functioning,Clear,Head On,Intersection,Other Vehicle,Not Applicable,Not Applicable,At,,False,False,32944,CAPITOL EX,SENTER RD,37.29342064,-121.8332141
935,694177,CR-0000097979,1,0,0,0,23-064-0674,False,False,0,3/5/2023 8:12:00 PM,No Pedestrians Involved,Dry,No Unusual Conditions,Dark - Street Light,Violation Driver 1,Controls Functioning,Clear,Head On,Intersection,Other Vehicle,Not Applicable,Not Applicable,At,,False,True,32944,CAPITOL EX,SENTER RD,37.29342064,-121.8332141
936,696028,CR-0000099163,0,0,0,0,23-202-0920,True,False,443,7/21/2023 9:29:00 PM,No Pedestrians Involved,Dry,No Unusual Conditions,Dark - Street Light,Violation Driver 1,Controls Functioning,Clear,Hit Object,Non-Related,Fixed Object,Not Applicable,Not Applicable,South Of,MEDIAN FENCE,True,False,32944,CAPITOL EX,SENTER RD,37.29342064,-121.8332141
937,696052,CR-0000099187,0,0,0,0,23-033-4000,False,True,,2/1/2023 7:44:00 PM,No Pedestrians Involved,Unknown,Unknown,Unknown,Unknown,Unknown,Unknown,Rear End,Related,Other Vehicle,Not Applicable,Not Applicable,Unknown,,False,False,32944,CAPITOL EX,SENTER RD,37.29342064,-121.8332141
938,696149,CR-0000099289,0,0,1,0,23-118-0686,False,False,428,4/28/2023 6:06:00 PM,No Pedestrians Involved,Dry,No Unusual Conditions,Daylight,Violation Driver 1,No Controls Present/Factor,Clear,Rear End,Non-Related,Motorcycle,Not Applicable,Not Applicable,East Of,,True,False,32944,CAPITOL EX,SENTER RD,37.29342064,-121.8332141
939,696308,CR-0000099464,1,0,0,0,23-286-1029,False,False,0,10/13/2023 11:26:00 PM,No Pedestrians Involved,Dry,No Unusual Conditions,Dark - Street Light,Violation Driver 1,Controls Functioning,Clear,Broadside,Intersection,Other Vehicle,Not Applicable,Not Applicable,At,,True,True,32944,CAPITOL EX,SENTER RD,37.29342064,-121.8332141
940,694573,CR-0000098597,0,1,0,0,23-182-0605,False,False,0,7/1/2023 3:36:00 PM,No Pedestrians Involved,Dry,No Unusual Conditions,Daylight,Violation Driver 1,No Controls Present/Factor,Clear,Rear End,Intersection,Other Vehicle,Not Applicable,Not Applicable,At,,False,False,32944,CAPITOL EX,SENTER RD,37.29342064,-121.8332141
941,698640,CR-0000099865,0,1,0,0,23-238-0048,True,False,455,8/26/2023 1:00:00 AM,No Pedestrians Involved,Dry,No Unusual Conditions,Dark - Street Light,Violation Driver 1,Controls Functioning,Clear,Hit Object,Non-Related,Fixed Object,Not Applicable,Not Applicable,South Of,MEDIAN FENCE,False,True,32944,CAPITOL EX,SENTER RD,37.29342064,-121.8332141
942,697631,CR-0000099847,0,1,0,0,23-290-0608,False,False,0,10/17/2023 4:03:00 PM,Crossing In Crosswalk - At Intersection,Dry,No Unusual Conditions,Daylight,Pedestrian At Fault,Controls Functioning,Clear,Vehicle/Pedestrian,Intersection,Pedestrian,South,North,At,PED,False,False,32944,CAPITOL EX,SENTER RD,37.29342064,-121.8332141
943,698846,CR-0000100129,1,0,0,0,23-340-0621,False,False,0,12/6/2023 3:59:00 PM,No Pedestrians Involved,Wet,No Unusual Conditions,Daylight,Violation Driver 1,Unknown,Cloudy,Rear End,Intersection,Other Vehicle,Not Applicable,Not Applicable,At,,True,False,32944,CAPITOL EX,SENTER RD,37.29342064,-121.8332141
944,698938,CR-0000100240,2,0,0,0,23-333-0106,False,False,0,11/29/2023 4:55:00 AM,No Pedestrians Involved,Wet,No Unusual Conditions,Dark - Street Light,Violation Driver 1,Controls Functioning,Rain,Head On,Intersection,Other Vehicle,Not Applicable,Not Applicable,At,,False,False,32944,CAPITOL EX,SENTER RD,37.29342064,-121.8332141
945,699133,CR-0000100449,0,0,0,0,23-167-1006,False,False,0,6/16/2023 10:06:00 PM,No Pedestrians Involved,Dry,No Unusual Conditions,Dark - Street Light,Violation Driver 1,Unknown,Clear,Sideswipe,Intersection,Other Vehicle,Not Applicable,Not Applicable,At,,True,True,32944,CAPITOL EX,SENTER RD,37.29342064,-121.8332141
946,711542,CR-0000100826,0,0,0,0,23-204-0204,False,False,35,7/23/2023 3:43:00 AM,No Pedestrians Involved,Dry,No Unusual Conditions,Dark - Street Light,Violation Driver 1,Controls Functioning,Clear,Broadside,Related,Other Vehicle,Not Applicable,Not Applicable,East Of,EMERGENCY VEHICLE - COUNTY AMBULANCE,False,False,32944,CAPITOL EX,SENTER RD,37.29342064,-121.8332141
947,711594,CR-0000101426,0,0,0,0,23-354-4003,False,True,0,12/8/2023 2:35:00 PM,No Pedestrians Involved,Unknown,Unknown,Unknown,Unknown,Unknown,Unknown,Vehicle/Bike,Intersection,Bike,Not Applicable,Not Applicable,At,,False,False,32944,CAPITOL EX,SENTER RD,37.29342064,-121.8332141
948,711733,CR-0000101349,0,0,0,0,23-249-0817,True,False,460,9/6/2023 7:50:00 PM,No Pedestrians Involved,Dry,No Unusual Conditions,Dark - Street Light,Violation Driver 1,Controls Functioning,Clear,Hit Object,Non-Related,Fixed Object,Not Applicable,Not Applicable,South Of,MEDIAN FENCE,False,False,32944,CAPITOL EX,SENTER RD,37.29342064,-121.8332141
949,719533,CR-0000102662,2,0,0,0,24-084-0063,False,False,0,3/24/2024 1:10:00 AM,No Pedestrians Involved,Wet,No Unusual Conditions,Dark - Street Light,Violation Driver 1,Controls Functioning,Rain,Head On,Intersection,Motor Vehicle On Other Roadway,Not Applicable,Not Applicable,At,,False,False,32944,CAPITOL EX,SENTER RD,37.29342064,-121.8332141
950,712226,CR-0000101669,1,0,0,1,24-128-0165,False,False,0,5/7/2024 7:23:00 AM,No Pedestrians Involved,Dry,No Unusual Conditions,Daylight,Violation Driver 1,Controls Functioning,Clear,Vehicle/Bike,Intersection,Bike,Not Applicable,Not Applicable,At,BIKE,False,True,32944,CAPITOL EX,SENTER RD,37.29342064,-121.8332141
951,716162,CR-0000102106,1,0,0,0,24-027-0692,False,False,0,1/27/2024 8:27:00 PM,No Pedestrians Involved,Dry,No Unusual Conditions,Dark - Street Light,Violation Driver 1,Controls Functioning,Cloudy,Broadside,Intersection,Other Vehicle,Not Applicable,Not Applicable,At,,False,False,32944,CAPITOL EX,SENTER RD,37.29342064,-121.8332141
952,716177,CR-0000102112,0,1,0,0,24-031-0763,False,False,273,1/31/2024 2:30:00 PM,No Pedestrians Involved,Dry,No Unusual Conditions,Daylight,Violation Driver 1,No Controls Present/Factor,Clear,Vehicle/Bike,Non-Related,Bike,Not Applicable,Not Applicable,South Of,BIKE,False,True,32944,CAPITOL EX,SENTER RD,37.29342064,-121.8332141
953,716344,CR-0000102352,3,0,0,0,24-048-0351,False,False,0,2/17/2024 11:56:00 AM,No Pedestrians Involved,Wet,No Unusual Conditions,Daylight,Violation Driver 1,Controls Functioning,Rain,Broadside,Intersection,Other Vehicle,Not Applicable,Not Applicable,At,,True,False,32944,CAPITOL EX,SENTER RD,37.29342064,-121.8332141
954,719803,CR-0000102976,0,0,0,0,24-035-0938,False,False,0,2/4/2024 6:01:00 PM,No Pedestrians Involved,Wet,No Unusual Conditions,Dark - Street Light,Violation Driver 1,Unknown,Rain,Broadside,Intersection,Other Vehicle,Not Applicable,Not Applicable,At,,False,False,32944,CAPITOL EX,SENTER RD,37.29342064,-121.8332141
955,722286,CR-0000103580,0,0,0,0,24-087-0063,False,False,633,3/27/2024 12:30:00 AM,No Pedestrians Involved,Dry,No Unusual Conditions,Dark - Street Light,Unknown,No Controls Present/Factor,Clear,Hit Object,Non-Related,Other Object,Not Applicable,Not Applicable,West Of,Debris on Road,False,False,32944,CAPITOL EX,SENTER RD,37.29342064,-121.8332141
956,716020,CR-0000101769,0,0,0,0,23-014-4000,False,True,51,1/14/2023 12:44:00 PM,No Pedestrians Involved,Unknown,Unknown,Unknown,Unknown,Unknown,Unknown,Other,Non-Related,Parked Vehicle,Not Applicable,Not Applicable,South Of,,False,False,78638,KELDON DR,SHILSHONE CI,37.31263366,-121.8365217
957,696024,CR-0000099159,0,0,0,0,23-200-0865,False,False,45,7/20/2023 8:39:00 PM,No Pedestrians Involved,Dry,No Unusual Conditions,Dark - Street Light,Violation Driver 1,No Controls Present/Factor,Clear,Broadside,Related,Parked Vehicle,Not Applicable,Not Applicable,South Of,,True,True,33054,CAPITOL EX,WEEPINGCREEK WY,37.3058921,-121.8125029
958,682766,CR-0000092348,0,1,0,0,22-132-0560,False,False,320,5/12/2022 3:45:00 PM,No Pedestrians Involved,Dry,No Unusual Conditions,Daylight,Violation Driver 1,No Controls Present/Factor,Clear,Rear End,Non-Related,Other Vehicle,Not Applicable,Not Applicable,North Of,,False,False,90640,MERIDIAN AV,PASO LOS CERRITOS,37.22540646,-121.8849338
959,697586,CR-0000099799,0,0,0,0,23-145-0555,False,False,212,5/25/2023 2:57:00 PM,No Pedestrians Involved,Dry,No Unusual Conditions,Daylight,Violation Driver 1,No Controls Present/Factor,Clear,Broadside,Non-Related,Other Vehicle,Not Applicable,Not Applicable,South Of,,False,False,90903,MERIDIAN AV,WOODRUFF DR,37.23066642,-121.8841391
960,690517,CR-0000096628,0,0,0,1,23-156-0066,True,False,77,6/5/2023 1:26:00 AM,No Pedestrians Involved,Dry,No Unusual Conditions,Dark - Street Light,Unknown,No Controls Present/Factor,Clear,Hit Object,Non-Related,Fixed Object,Not Applicable,Not Applicable,South Of,TREE,False,True,90903,MERIDIAN AV,WOODRUFF DR,37.23066642,-121.8841391
961,689630,CR-0000095611,0,0,0,0,22-365-0267,True,False,217,12/31/2022 9:54:00 AM,No Pedestrians Involved,Wet,No Unusual Conditions,Dusk - Dawn,Violation Driver 1,Controls Functioning,Rain,Hit Object,Non-Related,Fixed Object,Not Applicable,Not Applicable,West Of,light pole,True,True,64844,GATES DR,LENCAR DR,37.25549698,-121.9185747
962,698979,CR-0000100281,2,0,0,0,23-271-0874,False,False,73,9/28/2023 8:54:00 PM,No Pedestrians Involved,Dry,No Unusual Conditions,Dark - Street Light,Violation Driver 1,Controls Functioning,Clear,Rear End,Non-Related,Other Vehicle,Not Applicable,Not Applicable,East Of,,True,False,20404,BLOSSOM HILL RD,RUSSO DR,37.24985363,-121.8795509
963,719615,CR-0000102773,0,0,0,0,23-072-4007,False,True,0,3/13/2023 7:18:00 PM,No Pedestrians Involved,Unknown,Unknown,Unknown,Unknown,Unknown,Unknown,Broadside,Intersection,Other Vehicle,Not Applicable,Not Applicable,At,,False,False,20404,BLOSSOM HILL RD,RUSSO DR,37.24985363,-121.8795509
964,715983,CR-0000101911,0,0,0,0,23-232-1082,True,False,0,8/20/2023 11:47:00 PM,No Pedestrians Involved,Dry,No Unusual Conditions,Dusk - Dawn,Violation Driver 1,Controls Functioning,Clear,Sideswipe,Intersection,Other Vehicle,Not Applicable,Not Applicable,At,SJPD EMERGENCY VEHICLE,True,False,5279,ALMADEN FRONT RD,PEMBRIDGE DR,37.27231534,-121.8790006
965,682950,CR-0000092516,0,0,0,0,22-160-0620,False,False,19,6/9/2022 4:33:00 PM,No Pedestrians Involved,Dry,No Unusual Conditions,Daylight,Violation Driver 1,No Controls Present/Factor,Clear,Sideswipe,Related,Other Vehicle,Not Applicable,Not Applicable,West Of,,False,True,37839,CHERRY AV,RUSSO DR,37.25780616,-121.8829336
966,685111,CR-0000093783,2,0,0,0,22-230-0569,False,False,66,8/18/2022 2:30:00 PM,No Pedestrians Involved,Dry,No Unusual Conditions,Daylight,Violation Driver 1,No Controls Present/Factor,Clear,Broadside,Non-Related,Other Vehicle,Not Applicable,Not Applicable,East Of,,False,False,37839,CHERRY AV,RUSSO DR,37.25780616,-121.8829336
967,716302,CR-0000102267,1,0,0,0,24-055-0757,False,False,0,2/24/2024 6:30:00 PM,Crossing In Crosswalk - At Intersection,Dry,No Unusual Conditions,Daylight,Violation Driver 1,Controls Not Functioning,Clear,Vehicle/Bike,Intersection,Pedestrian,West,East,At,PED,False,False,37839,CHERRY AV,RUSSO DR,37.25780616,-121.8829336
968,716263,CR-0000102223,2,0,0,0,24-045-0483,False,False,37,2/14/2024 2:03:00 PM,No Pedestrians Involved,Dry,No Unusual Conditions,Daylight,Violation Driver 1,No Controls Present/Factor,Cloudy,Broadside,Related,Other Vehicle,Not Applicable,Not Applicable,West Of,,False,False,37839,CHERRY AV,RUSSO DR,37.25780616,-121.8829336
969,720885,CR-0000103088,0,0,0,0,24-028-0745,True,False,26,1/28/2024 8:32:00 PM,No Pedestrians Involved,Dry,No Unusual Conditions,Dark - Street Light,Violation Driver 1,No Controls Present/Factor,Clear,Hit Object,Related,Fixed Object,Not Applicable,Not Applicable,West Of,X-Walk Sign,False,False,37839,CHERRY AV,RUSSO DR,37.25780616,-121.8829336
970,687422,CR-0000094200,0,1,0,0,22-249-0882,False,False,60,9/6/2022 6:27:00 PM,No Pedestrians Involved,Dry,No Unusual Conditions,Daylight,Violation Driver 1,No Controls Present/Factor,Clear,Rear End,Non-Related,Parked Vehicle,Not Applicable,Not Applicable,West Of,,False,False,64767,GARRISON CI,HAYES AV,37.25644207,-121.8080107
971,683421,CR-0000093016,0,0,0,0,22-181-0394,False,False,42,6/30/2022 11:36:00 AM,No Pedestrians Involved,Dry,No Unusual Conditions,Daylight,Violation Driver 1,No Controls Present/Factor,Clear,Rear End,Related,Other Vehicle,Not Applicable,Not Applicable,West Of,,False,False,44780,COYOTE RD,LA TORRE AV,37.27934206,-121.8173406
972,711627,CR-0000101399,0,0,0,0,23-321-0918,False,False,270,11/17/2023 10:35:00 PM,No Pedestrians Involved,Wet,No Unusual Conditions,Dark - Street Light,Violation Driver 1,No Controls Present/Factor,Cloudy,Sideswipe,Non-Related,Parked Vehicle,Not Applicable,Not Applicable,East Of,,True,False,44879,COYOTE RD,SYMPHONY LN,37.2792979,-121.8163137
973,689044,CR-0000094930,2,1,0,0,22-289-0393,False,False,0,10/16/2022 12:08:00 PM,No Pedestrians Involved,Dry,No Unusual Conditions,Daylight,Violation Driver 1,No Controls Present/Factor,Clear,Head On,Intersection,Other Vehicle,Not Applicable,Not Applicable,At,,False,False,103718,RHAPSODY WY,SERENADE WY,37.27870015,-121.819036
974,722313,CR-0000103607,0,0,0,0,24-090-0190,False,False,107,3/30/2024 7:02:00 AM,No Pedestrians Involved,Wet,No Unusual Conditions,Daylight,Violation Driver 1,Controls Functioning,Clear,Sideswipe,Non-Related,Parked Vehicle,Not Applicable,Not Applicable,East Of,,True,True,22560,BOURGEOIS WY,STROUD PL,37.28960531,-121.8352781
975,699302,CR-0000100627,0,0,0,0,23-157-4001,False,True,51,3/7/2023 12:00:00 AM,No Pedestrians Involved,Unknown,Unknown,Unknown,Unknown,Unknown,Unknown,Other,Non-Related,Parked Vehicle,Not Applicable,Not Applicable,West Of,,False,False,48047,DAKOTA DR,LONE BLUFF WY,37.29736062,-121.8307981
976,683319,CR-0000092905,1,0,0,0,22-138-0267,False,False,0,5/18/2022 9:34:00 AM,Crossing In Crosswalk - At Intersection,Dry,No Unusual Conditions,Daylight,Violation Driver 1,No Controls Present/Factor,Clear,Vehicle/Pedestrian,Intersection,Pedestrian,South,North,At,PED,False,True,7920,APOLLO DR,GASSMANN DR,37.30814553,-121.8367899
977,682818,CR-0000092402,0,1,0,0,22-135-0263,False,False,0,5/15/2022 9:26:00 AM,No Pedestrians Involved,Dry,No Unusual Conditions,Daylight,Violation Driver 1,Controls Functioning,Clear,Vehicle/Bike,Intersection,Bike,Not Applicable,Not Applicable,East Of,BIKE,True,False,32955,CAPITOL EX,SEVEN TREES BL,37.28392601,-121.8341384
978,681848,CR-0000091302,0,0,0,0,22-072-9705,False,True,,3/13/2022 12:45:00 AM,No Pedestrians Involved,Dry,No Unusual Conditions,Dark - Street Light,Unknown,Controls Functioning,Clear,Head On,Related,Other Vehicle,Not Applicable,Not Applicable,West Of,,False,False,32955,CAPITOL EX,SEVEN TREES BL,37.28392601,-121.8341384
979,681285,CR-0000090671,0,0,0,0,22-009-0673,False,False,12,1/9/2022 8:09:00 PM,No Pedestrians Involved,Dry,No Unusual Conditions,Dark - Street Light,Violation Driver 1,Controls Functioning,Clear,Rear End,Related,Motor Vehicle On Other Roadway,Not Applicable,Not Applicable,South Of,,True,False,32955,CAPITOL EX,SEVEN TREES BL,37.28392601,-121.8341384
980,687582,CR-0000094375,1,0,0,0,22-262-0684,False,False,29,9/19/2022 5:42:00 PM,No Pedestrians Involved,Dry,No Unusual Conditions,Daylight,Violation Driver 1,Controls Functioning,Cloudy,Rear End,Related,Other Vehicle,Not Applicable,Not Applicable,South Of,,True,False,32955,CAPITOL EX,SEVEN TREES BL,37.28392601,-121.8341384
981,683347,CR-0000092935,0,0,0,0,22-176-0040,False,False,0,6/25/2022 12:36:00 AM,No Pedestrians Involved,Dry,No Unusual Conditions,Dark - Street Light,Violation Driver 1,Controls Functioning,Clear,Broadside,Intersection,Other Vehicle,Not Applicable,Not Applicable,At,,False,False,32955,CAPITOL EX,SEVEN TREES BL,37.28392601,-121.8341384
982,685412,CR-0000094147,0,0,0,0,22-261-0933,False,False,0,9/18/2022 11:50:00 PM,No Pedestrians Involved,Wet,No Unusual Conditions,Dark - Street Light,Violation Driver 1,Controls Functioning,Clear,Sideswipe,Intersection,Non-Collision,Not Applicable,Not Applicable,At,,False,True,32955,CAPITOL EX,SEVEN TREES BL,37.28392601,-121.8341384
983,699404,CR-0000100735,0,0,0,0,23-190-0041,False,False,0,7/9/2023 12:43:00 AM,No Pedestrians Involved,Dry,Other,Dark - Street Light,Violation Driver 1,Controls Functioning,Clear,Broadside,Intersection,Parked Vehicle,Not Applicable,Not Applicable,At,,False,False,32955,CAPITOL EX,SEVEN TREES BL,37.28392601,-121.8341384
984,696524,CR-0000099711,1,0,0,0,23-343-0941,False,False,28,12/9/2023 10:15:00 PM,No Pedestrians Involved,Dry,No Unusual Conditions,Dark - Street Light,Violation Driver 1,Controls Functioning,Clear,Broadside,Related,Other Vehicle,Not Applicable,Not Applicable,West Of,,False,False,32955,CAPITOL EX,SEVEN TREES BL,37.28392601,-121.8341384
985,698701,CR-0000099950,1,0,0,0,23-332-0727,False,False,0,11/28/2023 5:00:00 PM,No Pedestrians Involved,Dry,No Unusual Conditions,Dusk - Dawn,Violation Driver 1,Controls Functioning,Clear,Rear End,Intersection,Other Vehicle,Not Applicable,Not Applicable,At,,True,False,32955,CAPITOL EX,SEVEN TREES BL,37.28392601,-121.8341384
986,696378,CR-0000099536,1,0,0,0,23-286-0927,False,False,0,10/13/2023 9:51:00 PM,Crossing In Crosswalk - At Intersection,Dry,No Unusual Conditions,Dark - Street Light,Violation Driver 1,Controls Functioning,Clear,Vehicle/Pedestrian,Intersection,Pedestrian,East,West,At,PEDESTRIAN,False,False,32955,CAPITOL EX,SEVEN TREES BL,37.28392601,-121.8341384
987,694378,CR-0000098322,1,0,0,0,23-166-0451,True,False,32,6/15/2023 12:55:00 PM,No Pedestrians Involved,Dry,No Unusual Conditions,Daylight,Violation Driver 1,Unknown,Clear,Head On,Related,Other Vehicle,Not Applicable,Not Applicable,East Of,STOP SIGN,True,False,32955,CAPITOL EX,SEVEN TREES BL,37.28392601,-121.8341384
988,694439,CR-0000098404,0,0,0,0,22-360-9702,False,True,51,12/23/2022 6:42:00 PM,No Pedestrians Involved,Unknown,No Unusual Conditions,Dark - Street Light,Unknown,No Controls Present/Factor,Clear,Sideswipe,Non-Related,Other Vehicle,Not Applicable,Not Applicable,Unknown,,False,False,32955,CAPITOL EX,SEVEN TREES BL,37.28392601,-121.8341384
989,694775,CR-0000098812,1,0,0,0,23-269-9705,False,True,0,8/18/2023 9:30:00 PM,No Pedestrians Involved,Dry,No Unusual Conditions,Dark - Street Light,Unknown,Controls Functioning,Clear,Sideswipe,Intersection,Other Vehicle,Not Applicable,Not Applicable,At,,False,False,32955,CAPITOL EX,SEVEN TREES BL,37.28392601,-121.8341384
990,694764,CR-0000098801,1,0,0,0,23-230-0928,False,False,81,8/18/2023 9:39:00 PM,No Pedestrians Involved,Dry,No Unusual Conditions,Dark - Street Light,Violation Driver 1,Controls Functioning,Clear,Sideswipe,Non-Related,Other Vehicle,Not Applicable,Not Applicable,South Of,,True,True,32955,CAPITOL EX,SEVEN TREES BL,37.28392601,-121.8341384
991,688860,CR-0000094716,0,0,0,1,22-348-0049,True,False,382,12/14/2022 1:59:00 AM,No Pedestrians Involved,Dry,No Unusual Conditions,Dark - Street Light,Violation Driver 1,No Controls Present/Factor,Clear,Hit Object,Non-Related,Fixed Object,Not Applicable,Not Applicable,South Of,TREE,False,False,32955,CAPITOL EX,SEVEN TREES BL,37.28392601,-121.8341384