_id,CrashFactId,Name,MinorInjuries,ModerateInjuries,SevereInjuries,FatalInjuries,TcrNumber,CityDamageFlag,ShortFormFlag,Distance,CrashDateTime,PedestrianAction,RoadwaySurface,RoadwayCondition,Lighting,PrimaryCollisionFactor,TrafficControl,Weather,CollisionType,ProximityToIntersection,VehicleInvolvedWith,PedestrianDirectionFrom,PedestrianDirectionTo,DirectionFromIntersection,Comment,SpeedingFlag,HitAndRunFlag,IntersectionNumber,AStreetName,BStreetName,Latitude,Longitude
992,689857,CR-0000095883,0,0,0,0,22-261-0705,False,False,0,9/18/2022 6:32:00 PM,No Pedestrians Involved,Wet,No Unusual Conditions,Daylight,Violation Driver 1,Controls Not Functioning,Rain,Broadside,Intersection,Other Vehicle,Not Applicable,Not Applicable,At,,False,True,32955,CAPITOL EX,SEVEN TREES BL,37.28392601,-121.8341384
993,690460,CR-0000096569,0,0,0,0,22-254-0934,False,False,62,9/11/2022 10:18:00 PM,No Pedestrians Involved,Dry,No Unusual Conditions,Dark - Street Light,Violation Driver 1,Unknown,Clear,Sideswipe,Non-Related,Other Vehicle,Not Applicable,Not Applicable,West Of,,False,False,32955,CAPITOL EX,SEVEN TREES BL,37.28392601,-121.8341384
994,690412,CR-0000096510,0,0,0,0,22-279-4001,False,True,50,10/4/2022 10:55:00 AM,No Pedestrians Involved,Unknown,Unknown,Unknown,Unknown,Unknown,Unknown,Sideswipe,Related,Unknown,Not Applicable,Not Applicable,Unknown,,False,True,32955,CAPITOL EX,SEVEN TREES BL,37.28392601,-121.8341384
995,690315,CR-0000096409,0,0,0,0,22-239-9701,False,True,,8/27/2022 12:00:00 AM,No Pedestrians Involved,Dry,No Unusual Conditions,Dusk - Dawn,Unknown,No Controls Present/Factor,Clear,Rear End,Related,Parked Vehicle,Not Applicable,Not Applicable,Unknown,,False,True,32955,CAPITOL EX,SEVEN TREES BL,37.28392601,-121.8341384
996,690364,CR-0000096459,0,0,0,0,22-231-9703,False,True,,8/19/2022 7:20:00 AM,No Pedestrians Involved,Dry,No Unusual Conditions,Daylight,Unknown,Controls Functioning,Clear,Sideswipe,Related,Other Vehicle,Not Applicable,Not Applicable,South Of,,False,True,32955,CAPITOL EX,SEVEN TREES BL,37.28392601,-121.8341384
997,692431,CR-0000097715,0,1,0,0,23-080-0138,False,False,0,3/21/2023 7:38:00 AM,Crossing In Crosswalk - At Intersection,Wet,No Unusual Conditions,Daylight,Pedestrian At Fault,Controls Functioning,Rain,Vehicle/Pedestrian,Intersection,Pedestrian,East,West,At,PED,False,False,32955,CAPITOL EX,SEVEN TREES BL,37.28392601,-121.8341384
998,691135,CR-0000097331,0,0,1,0,23-058-0342,True,False,660,2/27/2023 11:21:00 AM,No Pedestrians Involved,Wet,No Unusual Conditions,Daylight,Violation Driver 1,Controls Functioning,Rain,Hit Object,Non-Related,Fixed Object,Not Applicable,Not Applicable,South Of,TREE,True,False,32955,CAPITOL EX,SEVEN TREES BL,37.28392601,-121.8341384
999,683398,CR-0000092991,0,1,0,0,22-180-0586,False,False,50,6/29/2022 4:46:00 PM,No Pedestrians Involved,Dry,No Unusual Conditions,Daylight,Violation Driver 1,No Controls Present/Factor,Clear,Head On,Related,Parked Vehicle,Not Applicable,Not Applicable,East Of,,False,False,104994,ROTHERHAVEN WY,VALLEYHAVEN WY,37.27051534,-121.8251391
1000,691179,CR-0000097381,0,0,0,0,23-053-0110,False,False,66,2/22/2023 5:25:00 AM,No Pedestrians Involved,Dry,No Unusual Conditions,Dark - Street Light,Violation Driver 1,No Controls Present/Factor,Clear,Sideswipe,Non-Related,Parked Vehicle,Not Applicable,Not Applicable,East Of,,False,False,74337,HOUNDSHAVEN WY,VALLEYHAVEN WY,37.27198903,-121.8241553
1001,695986,CR-0000099121,0,0,0,0,23-225-4001,False,True,,8/12/2023 10:15:00 PM,No Pedestrians Involved,Unknown,Unknown,Unknown,Unknown,Unknown,Unknown,Rear End,Related,Parked Vehicle,Not Applicable,Not Applicable,South Of,,False,False,12870,BANGOR AV,HERMA ST,37.24803227,-121.8239366
1002,689815,CR-0000095842,1,0,0,0,22-351-0936,False,False,37,12/17/2022 11:35:00 PM,No Pedestrians Involved,Dry,No Unusual Conditions,Dark - Street Light,Violation Driver 1,No Controls Present/Factor,Clear,Rear End,Related,Parked Vehicle,Not Applicable,Not Applicable,West Of,,False,False,64350,GALLANT FOX AV,KAYAK DR,37.26299529,-121.806729
1003,685377,CR-0000094101,0,0,0,0,22-270-0114,False,False,152,9/27/2022 3:44:00 AM,No Pedestrians Involved,Dry,No Unusual Conditions,Dark - Street Light,Violation Driver 1,No Controls Present/Factor,Clear,Rear End,Non-Related,Parked Vehicle,Not Applicable,Not Applicable,East Of,,True,True,11692,AZUCAR AV/VERA LN,ROEDER RD,37.26158249,-121.809981
1004,690834,CR-0000096973,0,0,0,0,23-029-0703,False,False,1000,1/29/2023 6:44:00 PM,No Pedestrians Involved,Dry,No Unusual Conditions,Dark - Street Light,Violation Driver 1,No Controls Present/Factor,Clear,Broadside,Non-Related,Parked Vehicle,Not Applicable,Not Applicable,South Of,,False,False,101210,PITCAIRN WY,SINGLETON RD,37.29112524,-121.8296134
1005,689732,CR-0000095744,0,1,0,0,22-350-0615,False,False,38,12/16/2022 5:06:00 PM,No Pedestrians Involved,Dry,No Unusual Conditions,Dusk - Dawn,Violation Driver 1,Controls Functioning,Clear,Broadside,Related,Motorcycle,Not Applicable,Not Applicable,North Of,,True,False,76845,JENNINGS DR,VERDI DR,37.2910126,-121.8284147
1006,685199,CR-0000093877,0,0,0,0,22-243-0932,False,False,202,8/31/2022 11:13:00 PM,No Pedestrians Involved,Dry,No Unusual Conditions,Dark - Street Light,Violation Driver 1,No Controls Present/Factor,Clear,Sideswipe,Non-Related,Parked Vehicle,Not Applicable,Not Applicable,South Of,,False,False,78385,KAUAI DR,SEABROOK CT,37.28950049,-121.8216691
1007,720867,CR-0000103070,0,0,0,0,24-026-4005,False,True,51,1/25/2024 7:05:00 PM,No Pedestrians Involved,Unknown,Unknown,Unknown,Unknown,Unknown,Unknown,Other,Non-Related,Parked Vehicle,Not Applicable,Not Applicable,East Of,,False,False,78374,KAUAI DR,ROYALBROOK CT,37.29022463,-121.8216971
1008,682294,CR-0000091844,0,0,0,0,22-116-4002,False,True,,4/25/2022 5:00:00 AM,No Pedestrians Involved,Unknown,Unknown,Unknown,Unknown,Unknown,Unknown,Other,Related,Parked Vehicle,Not Applicable,Not Applicable,North Of,,False,False,19183,BLAIRBETH DR,HEATON MOOR DR,37.22328774,-121.7880362
1009,681517,CR-0000090913,0,0,0,0,22-030-0143,False,False,0,1/30/2022 2:36:00 AM,No Pedestrians Involved,Dry,No Unusual Conditions,Dark - Street Light,Violation Driver 1,No Controls Present/Factor,Clear,Head On,Intersection,Parked Vehicle,Not Applicable,Not Applicable,At,,True,True,42646,CONCERTO DR,LULLABY LN,37.27755605,-121.8200698
1010,720863,CR-0000103066,0,0,0,0,24-057-4012,False,True,51,2/13/2024 7:30:00 PM,No Pedestrians Involved,Unknown,Unknown,Unknown,Unknown,Unknown,Unknown,Other,Non-Related,Parked Vehicle,Not Applicable,Not Applicable,East Of,,False,False,42635,CONCERTO DR,CONCERTO WY,37.27782685,-121.8211438
1011,694536,CR-0000098530,2,0,0,0,23-196-0969,False,False,165,7/15/2023 11:02:00 PM,No Pedestrians Involved,Dry,No Unusual Conditions,Dark - Street Light,Violation Driver 1,No Controls Present/Factor,Clear,Head On,Non-Related,Parked Vehicle,Not Applicable,Not Applicable,East Of,,False,False,42657,CONCERTO DR,SERENADE WY,37.27880577,-121.8215282
1012,699207,CR-0000100528,0,0,0,0,23-161-0174,False,False,115,6/10/2023 5:05:00 AM,No Pedestrians Involved,Dry,No Unusual Conditions,Dark - Street Light,Violation Driver 1,No Controls Present/Factor,Clear,Head On,Non-Related,Parked Vehicle,Not Applicable,Not Applicable,East Of,,True,True,42657,CONCERTO DR,SERENADE WY,37.27880577,-121.8215282
1013,716072,CR-0000102011,1,0,0,0,24-008-0139,False,False,0,1/8/2024 6:31:00 AM,No Pedestrians Involved,Dry,No Unusual Conditions,Dark - Street Light,Violation Driver 1,No Controls Present/Factor,Clear,Rear End,Intersection,Parked Vehicle,Not Applicable,Not Applicable,At,,False,False,42657,CONCERTO DR,SERENADE WY,37.27880577,-121.8215282
1014,722469,CR-0000103775,0,0,0,0,24-105-4000,False,True,51,4/13/2024 10:50:00 PM,No Pedestrians Involved,Unknown,Unknown,Unknown,Unknown,Unknown,Unknown,Sideswipe,Non-Related,Parked Vehicle,Not Applicable,Not Applicable,East Of,,False,False,42657,CONCERTO DR,SERENADE WY,37.27880577,-121.8215282
1015,695958,CR-0000099091,0,0,0,0,23-231-0106,False,False,118,8/19/2023 2:54:00 AM,No Pedestrians Involved,Dry,No Unusual Conditions,Dark - Street Light,Violation Driver 1,No Controls Present/Factor,Clear,Head On,Non-Related,Parked Vehicle,Not Applicable,Not Applicable,North Of,,False,False,12803,BANGOR AV,BESWICK DR,37.24854635,-121.8087431
1016,712054,CR-0000100836,0,0,0,0,23-185-0647,False,False,72,7/4/2023 6:25:00 PM,No Pedestrians Involved,Dry,No Unusual Conditions,Dusk - Dawn,Violation Driver 1,No Controls Present/Factor,Clear,Rear End,Non-Related,Parked Vehicle,Not Applicable,Not Applicable,West Of,,False,True,12803,BANGOR AV,BESWICK DR,37.24854635,-121.8087431
1017,716272,CR-0000102244,0,0,1,0,24-054-0802,False,False,684,2/23/2024 8:53:00 PM,No Pedestrians Involved,Dry,No Unusual Conditions,Dark - Street Light,Violation Driver 1,No Controls Present/Factor,Clear,Sideswipe,Non-Related,Parked Vehicle,Not Applicable,Not Applicable,South Of,,True,False,70498,HARMONY LN,SERENADE WY,37.27884107,-121.8224328
1018,711596,CR-0000100911,0,0,0,0,23-189-4001,False,True,0,7/7/2023 10:00:00 PM,No Pedestrians Involved,Unknown,Unknown,Unknown,Unknown,Unknown,Unknown,Rear End,Intersection,Other Vehicle,Not Applicable,Not Applicable,At,,False,False,83478,LEXANN AV,TOWERS LN,37.3075667,-121.8146913
1019,685444,CR-0000094188,0,0,0,0,22-267-0263,False,False,51,9/24/2022 3:00:00 AM,No Pedestrians Involved,Dry,No Unusual Conditions,Dark - Street Light,Violation Driver 1,Unknown,Clear,Sideswipe,Non-Related,Parked Vehicle,Not Applicable,Not Applicable,East Of,,False,True,16202,BELLINGHAM DR,EULALIE DR,37.30929591,-121.8261845
1020,722053,CR-0000103307,0,0,0,0,24-062-4001,False,True,0,3/1/2024 11:45:00 AM,No Pedestrians Involved,Unknown,Unknown,Unknown,Unknown,Unknown,Unknown,Sideswipe,Intersection,Parked Vehicle,Not Applicable,Not Applicable,At,,False,False,57640,EULALIE DR,QUAMME DR,37.31010806,-121.830381
1021,716350,CR-0000102338,2,1,0,0,24-037-1013,False,False,0,2/6/2024 11:21:00 PM,No Pedestrians Involved,Wet,No Unusual Conditions,Dark - Street Light,Violation Driver 1,No Controls Present/Factor,Cloudy,Sideswipe,Intersection,Other Vehicle,Not Applicable,Not Applicable,At,,False,False,89869,MCLAUGHLIN AV,QUAMME DR,37.30962301,-121.831148
1022,711561,CR-0000101513,0,0,0,0,23-134-4000,False,True,51,5/13/2023 10:42:00 PM,No Pedestrians Involved,Unknown,Unknown,Unknown,Unknown,Unknown,Unknown,Other,Non-Related,Parked Vehicle,Not Applicable,Not Applicable,North Of,,False,True,89869,MCLAUGHLIN AV,QUAMME DR,37.30962301,-121.831148
1023,711826,CR-0000101461,0,0,0,0,23-258-4004,False,True,51,9/15/2023 3:00:00 AM,No Pedestrians Involved,Unknown,Unknown,Unknown,Unknown,Unknown,Unknown,Sideswipe,Non-Related,Other Vehicle,Not Applicable,Not Applicable,West Of,,False,False,99857,PELLIER DR,TILTON CT,37.31173624,-121.8296395
1024,681891,CR-0000091373,0,0,0,0,22-054-0001,False,False,0,2/23/2022 12:01:00 AM,No Pedestrians Involved,Dry,No Unusual Conditions,Dark - Street Light,Violation Driver 1,No Controls Present/Factor,Clear,Broadside,Intersection,Other Vehicle,Not Applicable,Not Applicable,At,,True,True,33824,CARPENTIER WY,COLUMN CT,37.29019799,-121.8321001
1025,689476,CR-0000095453,0,0,0,0,22-345-0293,False,False,51,12/11/2022 11:09:00 AM,No Pedestrians Involved,Wet,No Unusual Conditions,Daylight,Unknown,No Controls Present/Factor,Clear,Sideswipe,Non-Related,Parked Vehicle,Not Applicable,Not Applicable,North Of,,False,False,6269,ALVERNAZ DR,LIGHTFARE CT,37.2976187,-121.8139464
1026,716016,CR-0000101921,0,0,0,0,23-360-0170,True,False,55,12/26/2023 8:44:00 AM,No Pedestrians Involved,Dry,No Unusual Conditions,Daylight,Violation Driver 1,No Controls Present/Factor,Cloudy,Hit Object,Non-Related,Fixed Object,Not Applicable,Not Applicable,East Of,LIGHTPOLE,True,False,10867,AVENIDA ALMENDROS,ENTRADA CEDROS,37.25635221,-121.836278
1027,691002,CR-0000097173,0,0,0,0,23-049-4003,False,True,0,2/18/2023 7:55:00 PM,No Pedestrians Involved,Unknown,Unknown,Unknown,Unknown,Unknown,Unknown,Head On,Intersection,Other Vehicle,Not Applicable,Not Applicable,At,,False,False,25277,BRIDAL PLACE CT/MEADOW GLEN WY,COLT WY,37.29966486,-121.8120922
1028,681218,CR-0000090603,0,0,0,0,22-004-0385,False,False,89,1/4/2022 11:30:00 AM,No Pedestrians Involved,Dry,No Unusual Conditions,Daylight,Violation Driver 1,Controls Functioning,Clear,Rear End,Non-Related,Parked Vehicle,Not Applicable,Not Applicable,North Of,,False,False,16521,BENDMILL WY,MCLAUGHLIN AV,37.30554409,-121.8272033
1029,682574,CR-0000092141,0,0,0,0,22-127-0368,False,False,45,5/7/2022 11:20:00 AM,No Pedestrians Involved,Dry,No Unusual Conditions,Daylight,Unknown,Controls Functioning,Clear,Hit Object,Related,Fixed Object,Not Applicable,Not Applicable,South Of,LIGHT POLE,False,False,16521,BENDMILL WY,MCLAUGHLIN AV,37.30554409,-121.8272033
1030,683344,CR-0000092932,0,1,0,0,22-142-0981,False,False,265,5/22/2022 10:52:00 PM,No Pedestrians Involved,Dry,No Unusual Conditions,Dark - Street Light,Violation Driver 1,Controls Functioning,Clear,Sideswipe,Non-Related,Motorcycle,Not Applicable,Not Applicable,South Of,,True,False,83380,LEWIS RD,MONTEREY RD,37.29043188,-121.8481507
1031,681523,CR-0000090919,1,0,0,0,22-037-0692,False,False,0,2/6/2022 6:29:00 PM,No Pedestrians Involved,Dry,No Unusual Conditions,Dark - Street Light,Violation Driver 1,Controls Functioning,Clear,Rear End,Intersection,Other Vehicle,Not Applicable,Not Applicable,At,,True,False,83380,LEWIS RD,MONTEREY RD,37.29043188,-121.8481507
1032,695991,CR-0000099126,0,0,0,0,23-219-0513,False,False,127,8/7/2023 12:50:00 PM,No Pedestrians Involved,Dry,No Unusual Conditions,Daylight,Violation Driver 1,No Controls Present/Factor,Clear,Broadside,Non-Related,Other Vehicle,Not Applicable,Not Applicable,East Of,,False,True,83380,LEWIS RD,MONTEREY RD,37.29043188,-121.8481507
1033,699253,CR-0000100575,0,0,0,0,23-151-9702,False,True,0,5/28/2023 6:30:00 PM,No Pedestrians Involved,Dry,Unknown,Daylight,Unknown,Controls Functioning,Clear,Sideswipe,Intersection,Other Vehicle,Not Applicable,Not Applicable,At,,False,False,83380,LEWIS RD,MONTEREY RD,37.29043188,-121.8481507
1034,698984,CR-0000100288,0,0,0,0,23-151-9802,False,True,0,5/28/2023 6:30:00 PM,No Pedestrians Involved,Dry,Unknown,Daylight,Unknown,Controls Functioning,Clear,Sideswipe,Intersection,Other Vehicle,Not Applicable,Not Applicable,At,,False,False,83380,LEWIS RD,MONTEREY RD,37.29043188,-121.8481507
1035,681425,CR-0000090815,1,2,0,0,22-026-0527,False,False,0,1/26/2022 2:09:00 PM,No Pedestrians Involved,Dry,Unknown,Daylight,Violation Driver 1,No Controls Present/Factor,Clear,Other,Related,Other Vehicle,Not Applicable,Not Applicable,At,,False,False,90067,MCLAUGHLIN AV,UMBARGER RD,37.30633973,-121.8279798
1036,699356,CR-0000100683,0,0,0,0,23-186-4000,False,True,51,7/5/2023 12:01:00 PM,No Pedestrians Involved,Unknown,Unknown,Unknown,Unknown,Unknown,Unknown,Other,Non-Related,Parked Vehicle,Not Applicable,Not Applicable,West Of,,False,False,90067,MCLAUGHLIN AV,UMBARGER RD,37.30633973,-121.8279798
1037,684818,CR-0000093380,0,0,0,0,22-225-0987,True,False,23,8/13/2022 11:36:00 PM,No Pedestrians Involved,Dry,No Unusual Conditions,Dark - Street Light,Violation Driver 1,Controls Functioning,Clear,Hit Object,Related,Fixed Object,Not Applicable,Not Applicable,South Of,Light Pole,False,False,134672,EVERGREEN COMMONS,TULLY RD,37.33271634,-121.8105775
1038,689567,CR-0000095544,1,0,0,0,22-355-0076,True,False,143,12/21/2022 3:34:00 AM,No Pedestrians Involved,Dry,No Unusual Conditions,Dark - Street Light,Violation Driver 1,Controls Functioning,Clear,Hit Object,Non-Related,Fixed Object,Not Applicable,Not Applicable,West Of,2 Trees,True,False,134672,EVERGREEN COMMONS,TULLY RD,37.33271634,-121.8105775
1039,681327,CR-0000090714,0,0,1,0,22-010-0491,False,False,300,1/10/2022 2:17:00 PM,No Pedestrians Involved,Dry,No Unusual Conditions,Daylight,Violation Driver 1,No Controls Present/Factor,Clear,Rear End,Non-Related,Motorcycle,Not Applicable,Not Applicable,East Of,,True,False,36563,CHANTILLEY LN,SANTA TERESA BL,37.22507155,-121.7727987
1040,684935,CR-0000093622,0,0,0,0,22-218-1076,False,False,51,8/6/2022 11:32:00 PM,No Pedestrians Involved,Slippery (Muddy Oily etc.),No Unusual Conditions,Dark - Street Light,Violation Driver 1,No Controls Present/Factor,Clear,Sideswipe,Non-Related,Parked Vehicle,Not Applicable,Not Applicable,South Of,,True,True,53206,DURANT AV,HAGA DR,37.28944226,-121.8375173
1041,683526,CR-0000093124,0,0,0,0,22-203-1020,False,False,190,7/22/2022 11:15:00 PM,No Pedestrians Involved,Dry,No Unusual Conditions,Dark - Street Light,Violation Driver 1,No Controls Present/Factor,Clear,Sideswipe,Non-Related,Parked Vehicle,Not Applicable,Not Applicable,North Of,,False,True,53261,DURANT AV,RODEO DR,37.29148462,-121.836547
1042,689513,CR-0000095490,0,0,0,0,22-359-0034,False,False,48,12/25/2022 5:28:00 AM,No Pedestrians Involved,Dry,No Unusual Conditions,Dark - Street Light,Violation Driver 1,No Controls Present/Factor,Clear,Sideswipe,Related,Parked Vehicle,Not Applicable,Not Applicable,North Of,,True,False,53261,DURANT AV,RODEO DR,37.29148462,-121.836547
1043,682159,CR-0000091695,0,0,0,0,22-087-4000,False,True,51,3/26/2022 6:20:00 PM,No Pedestrians Involved,Unknown,Unknown,Unknown,Unknown,Unknown,Unknown,Sideswipe,Non-Related,Other Vehicle,Not Applicable,Not Applicable,South Of,,False,False,69420,HAGA DR,SOUTHSIDE DR,37.29263669,-121.8389259
1044,690206,CR-0000096296,0,0,0,0,22-253-9703,False,True,0,9/9/2022 5:18:00 PM,No Pedestrians Involved,Dry,No Unusual Conditions,Daylight,Unknown,No Controls Present/Factor,Clear,Broadside,Intersection,Other Vehicle,Not Applicable,Not Applicable,At,,False,False,53228,DURANT AV,JACKIE DR,37.29204001,-121.8371177
1045,691343,CR-0000097590,0,0,0,0,23-064-9703,False,True,51,3/3/2023 3:19:00 PM,No Pedestrians Involved,Dry,No Unusual Conditions,Daylight,Unknown,Controls Functioning,Clear,Rear End,Non-Related,Other Vehicle,Not Applicable,Not Applicable,East Of,,False,False,53228,DURANT AV,JACKIE DR,37.29204001,-121.8371177
1046,699333,CR-0000100660,0,0,0,0,23-175-4007,False,True,,6/24/2023 10:30:00 AM,No Pedestrians Involved,Unknown,Unknown,Unknown,Unknown,Unknown,Unknown,Other,Related,Unknown,Not Applicable,Not Applicable,Unknown,,False,False,53228,DURANT AV,JACKIE DR,37.29204001,-121.8371177
1047,722473,CR-0000103776,0,0,0,0,24-105-4001,False,True,0,4/13/2024 7:57:00 PM,No Pedestrians Involved,Unknown,Unknown,Unknown,Unknown,Unknown,Unknown,Broadside,Intersection,Other Vehicle,Not Applicable,Not Applicable,At,,False,False,53228,DURANT AV,JACKIE DR,37.29204001,-121.8371177
1048,683174,CR-0000092759,0,0,0,0,22-042-4003,False,True,0,2/11/2022 11:13:00 AM,No Pedestrians Involved,Unknown,Unknown,Daylight,Unknown,Unknown,Unknown,Hit Object,Intersection,Fixed Object,Not Applicable,Not Applicable,At,Power Lines,False,False,53272,DURANT AV,SOUTHSIDE DR,37.29313054,-121.8382422
1049,690926,CR-0000097091,0,0,0,0,23-044-0047,True,False,21,2/13/2023 1:31:00 AM,No Pedestrians Involved,Dry,No Unusual Conditions,Dark - Street Light,Violation Driver 1,No Controls Present/Factor,Clear,Hit Object,Related,Fixed Object,Not Applicable,Not Applicable,South Of,TREE,False,False,11087,AVENIDA ESPANA,MIDDLEBURY WY,37.23058601,-121.7641771
1050,694642,CR-0000098675,0,1,2,0,23-210-0658,True,False,0,7/29/2023 5:57:00 PM,No Pedestrians Involved,Dry,No Unusual Conditions,Daylight,Violation Driver 1,No Controls Present/Factor,Clear,Hit Object,Intersection,Fixed Object,Not Applicable,Not Applicable,At,TREE,True,False,128248,FARNSWORTH DR,SILVER RIDGE DR,37.28447816,-121.7678648
1051,685246,CR-0000093927,0,1,0,0,22-244-0153,False,False,0,9/1/2022 7:52:00 AM,Crossing In Crosswalk - At Intersection,Dry,No Unusual Conditions,Daylight,Violation Driver 1,Controls Functioning,Clear,Vehicle/Pedestrian,Intersection,Pedestrian,South,North,At,PEDESTRIAN,False,False,17753,BERRYESSA RD,FARRAGUT WY/VINCI PARK WY,37.37802923,-121.8689902
1052,694419,CR-0000098382,1,0,0,0,23-156-0264,False,False,315,6/5/2023 9:00:00 AM,No Pedestrians Involved,Dry,No Unusual Conditions,Daylight,Violation Driver 1,No Controls Present/Factor,Clear,Rear End,Non-Related,Other Vehicle,Not Applicable,Not Applicable,East Of,,True,False,17753,BERRYESSA RD,FARRAGUT WY/VINCI PARK WY,37.37802923,-121.8689902
1053,720907,CR-0000103133,0,0,0,0,24-031-9701,False,True,50,1/30/2024 9:12:00 PM,No Pedestrians Involved,Dry,No Unusual Conditions,Dark - Street Light,Unknown,Controls Functioning,Clear,Rear End,Related,Other Vehicle,Not Applicable,Not Applicable,North Of,,False,True,17753,BERRYESSA RD,FARRAGUT WY/VINCI PARK WY,37.37802923,-121.8689902
1054,681331,CR-0000090718,1,0,0,0,22-013-0131,False,False,0,1/13/2022 5:22:00 AM,No Pedestrians Involved,Dry,No Unusual Conditions,Dark - Street Light,Violation Driver 1,Controls Functioning,Clear,Head On,Intersection,Motor Vehicle On Other Roadway,Not Applicable,Not Applicable,At,,False,False,16851,BERING DR,BROKAW RD,37.37558941,-121.915604
1055,682012,CR-0000091521,1,0,0,0,22-076-0140,False,False,0,3/17/2022 6:10:00 AM,Crossing - Not In Crosswalk,Dry,No Unusual Conditions,Dark - Street Light,Pedestrian At Fault,Controls Functioning,Clear,Vehicle/Pedestrian,Intersection,Pedestrian,West,East,At,PEDESTRIAN,False,False,16851,BERING DR,BROKAW RD,37.37558941,-121.915604
1056,690164,CR-0000096253,0,0,0,0,22-163-4002,False,True,0,6/1/2022 7:05:00 AM,No Pedestrians Involved,Unknown,Unknown,Unknown,Unknown,Unknown,Unknown,Rear End,Intersection,Other Vehicle,Not Applicable,Not Applicable,At,,False,True,16851,BERING DR,BROKAW RD,37.37558941,-121.915604
1057,694377,CR-0000098321,1,1,0,0,23-166-0560,False,False,0,6/15/2023 2:50:00 PM,No Pedestrians Involved,Dry,No Unusual Conditions,Daylight,Violation Driver 1,Controls Functioning,Clear,Broadside,Intersection,Other Vehicle,Not Applicable,Not Applicable,At,,False,False,16851,BERING DR,BROKAW RD,37.37558941,-121.915604
1058,715969,CR-0000101796,0,0,0,0,23-139-0091,True,False,57,5/19/2023 2:46:00 AM,No Pedestrians Involved,Dry,No Unusual Conditions,Dark - Street Light,Violation Driver 1,No Controls Present/Factor,Clear,Hit Object,Non-Related,Fixed Object,Not Applicable,Not Applicable,East Of,LIGHTPOLE,True,False,16851,BERING DR,BROKAW RD,37.37558941,-121.915604
1059,682569,CR-0000092136,1,0,0,0,22-151-0917,False,False,0,5/31/2022 7:07:00 PM,No Pedestrians Involved,Dry,No Unusual Conditions,Daylight,Violation Driver 1,Controls Functioning,Clear,Broadside,Intersection,Other Vehicle,Not Applicable,Not Applicable,At,,False,False,25937,BROKAW RD,ZANKER RD,37.37735628,-121.9131353
1060,684983,CR-0000093639,0,0,1,0,22-217-0138,False,False,315,8/5/2022 5:08:00 AM,Crossing - Not In Crosswalk,Dry,No Unusual Conditions,Dark - Street Light,Pedestrian At Fault,Controls Functioning,Clear,Vehicle/Pedestrian,Non-Related,Pedestrian,Unknown,Unknown,East Of,PEDESTRIAN,False,False,25937,BROKAW RD,ZANKER RD,37.37735628,-121.9131353
1061,688770,CR-0000094605,0,0,0,0,22-244-4000,False,True,,8/31/2022 5:30:00 AM,No Pedestrians Involved,Unknown,Unknown,Unknown,Unknown,Unknown,Unknown,Other,Related,Other Vehicle,Not Applicable,Not Applicable,Unknown,,False,False,25937,BROKAW RD,ZANKER RD,37.37735628,-121.9131353
1062,694057,CR-0000097962,0,0,0,0,23-087-4004,False,True,0,3/28/2023 1:35:00 PM,No Pedestrians Involved,Unknown,Unknown,Unknown,Unknown,Unknown,Unknown,Rear End,Intersection,Other Vehicle,Not Applicable,Not Applicable,At,,False,False,25937,BROKAW RD,ZANKER RD,37.37735628,-121.9131353
1063,689480,CR-0000095457,0,0,0,0,22-348-0632,False,False,0,12/14/2022 5:13:00 PM,No Pedestrians Involved,Dry,No Unusual Conditions,Daylight,Violation Driver 1,Controls Functioning,Clear,Broadside,Intersection,Other Vehicle,Not Applicable,Not Applicable,At,,False,False,25937,BROKAW RD,ZANKER RD,37.37735628,-121.9131353
1064,716035,CR-0000101795,2,0,0,0,23-138-0204,False,False,0,5/18/2023 7:35:00 AM,No Pedestrians Involved,Dry,No Unusual Conditions,Daylight,Violation Driver 1,Controls Functioning,Cloudy,Head On,Intersection,Other Vehicle,Not Applicable,Not Applicable,At,,False,False,25937,BROKAW RD,ZANKER RD,37.37735628,-121.9131353
1065,712270,CR-0000101726,0,0,0,0,23-011-4002,False,True,,1/11/2023 10:55:00 AM,No Pedestrians Involved,Unknown,Unknown,Unknown,Unknown,Unknown,Unknown,Vehicle/Bike,Related,Bike,Not Applicable,Not Applicable,West Of,BIKE,False,False,25937,BROKAW RD,ZANKER RD,37.37735628,-121.9131353
1066,722085,CR-0000103339,0,0,0,0,24-067-4000,False,True,0,3/6/2024 9:58:00 PM,No Pedestrians Involved,Unknown,Unknown,Unknown,Unknown,Unknown,Unknown,Hit Object,Intersection,Other Object,Not Applicable,Not Applicable,At,Manhole cover missing,False,False,25937,BROKAW RD,ZANKER RD,37.37735628,-121.9131353
1067,716357,CR-0000102337,1,0,0,0,24-042-0385,False,False,0,2/11/2024 12:42:00 PM,No Pedestrians Involved,Dry,No Unusual Conditions,Daylight,Violation Driver 1,Controls Functioning,Clear,Broadside,Intersection,Other Vehicle,Not Applicable,Not Applicable,At,,False,False,25937,BROKAW RD,ZANKER RD,37.37735628,-121.9131353
1068,716188,CR-0000102155,2,0,0,0,24-030-0146,False,False,0,1/30/2024 6:47:00 AM,No Pedestrians Involved,Dry,No Unusual Conditions,Daylight,Violation Driver 1,Controls Functioning,Clear,Head On,Intersection,Other Vehicle,Not Applicable,Not Applicable,At,,False,False,25937,BROKAW RD,ZANKER RD,37.37735628,-121.9131353