_id,CrashFactId,Name,MinorInjuries,ModerateInjuries,SevereInjuries,FatalInjuries,TcrNumber,CityDamageFlag,ShortFormFlag,Distance,CrashDateTime,PedestrianAction,RoadwaySurface,RoadwayCondition,Lighting,PrimaryCollisionFactor,TrafficControl,Weather,CollisionType,ProximityToIntersection,VehicleInvolvedWith,PedestrianDirectionFrom,PedestrianDirectionTo,DirectionFromIntersection,Comment,SpeedingFlag,HitAndRunFlag,IntersectionNumber,AStreetName,BStreetName,Latitude,Longitude
1069,689074,CR-0000094939,1,0,0,0,22-301-0749,False,False,0,10/28/2022 6:47:00 PM,No Pedestrians Involved,Dry,No Unusual Conditions,Dark - Street Light,Violation Driver 1,Controls Functioning,Clear,Broadside,Intersection,Other Vehicle,Not Applicable,Not Applicable,At,,False,False,25860,BROKAW RD,FIRST ST,37.37325246,-121.9182198
1070,682582,CR-0000092149,2,0,0,0,22-138-0678,False,False,0,5/18/2022 5:21:00 PM,No Pedestrians Involved,Dry,No Unusual Conditions,Daylight,Violation Driver 1,Controls Functioning,Clear,Broadside,Intersection,Other Vehicle,Not Applicable,Not Applicable,At,,False,False,25860,BROKAW RD,FIRST ST,37.37325246,-121.9182198
1071,694025,CR-0000098161,0,1,0,0,23-142-0260,False,False,0,5/22/2023 9:09:00 AM,No Pedestrians Involved,Dry,No Unusual Conditions,Daylight,Violation Driver 1,Controls Functioning,Clear,Broadside,Intersection,Other Vehicle,Not Applicable,Not Applicable,At,,False,False,25860,BROKAW RD,FIRST ST,37.37325246,-121.9182198
1072,694802,CR-0000098840,1,1,0,0,23-215-0469,True,False,32,8/3/2023 1:40:00 PM,No Pedestrians Involved,Dry,No Unusual Conditions,Daylight,Violation Driver 1,Controls Functioning,Clear,Hit Object,Related,Fixed Object,Not Applicable,Not Applicable,North Of,LIGHT POLE X2,False,False,25860,BROKAW RD,FIRST ST,37.37325246,-121.9182198
1073,696135,CR-0000099277,0,0,0,0,23-240-0713,False,False,0,8/28/2023 5:13:00 PM,No Pedestrians Involved,Dry,No Unusual Conditions,Daylight,Violation Driver 1,Controls Functioning,Clear,Rear End,Intersection,Other Vehicle,Not Applicable,Not Applicable,At,,False,False,25860,BROKAW RD,FIRST ST,37.37325246,-121.9182198
1074,696239,CR-0000099385,1,0,0,0,23-152-0652,False,False,0,6/1/2023 4:36:00 PM,No Pedestrians Involved,Dry,No Unusual Conditions,Daylight,Violation Driver 1,Controls Functioning,Clear,Broadside,Intersection,Other Vehicle,Not Applicable,Not Applicable,At,,False,False,25860,BROKAW RD,FIRST ST,37.37325246,-121.9182198
1075,698801,CR-0000100082,2,0,0,0,23-354-0730,False,False,45,12/20/2023 7:07:00 PM,No Pedestrians Involved,Dry,No Unusual Conditions,Dark - Street Light,Violation Driver 1,Controls Functioning,Clear,Rear End,Related,Other Vehicle,Not Applicable,Not Applicable,North Of,,True,True,25860,BROKAW RD,FIRST ST,37.37325246,-121.9182198
1076,712083,CR-0000101143,0,0,0,0,23-305-4004,False,True,51,10/31/2023 5:15:00 PM,No Pedestrians Involved,Unknown,Unknown,Unknown,Unknown,Unknown,Unknown,Other,Non-Related,Motorcycle,Not Applicable,Not Applicable,North Of,,False,False,25860,BROKAW RD,FIRST ST,37.37325246,-121.9182198
1077,682237,CR-0000091785,0,0,1,0,22-120-0353,False,False,180,4/30/2022 11:26:00 AM,No Pedestrians Involved,Dry,Holes Deep Rut,Daylight,Violation Driver 1,No Controls Present/Factor,Clear,Other,Non-Related,Non-Collision,Not Applicable,Not Applicable,North Of,curb,True,False,32670,CAPITOL AV,SINCLAIR FR,37.39942573,-121.8760167
1078,681691,CR-0000091088,1,0,0,0,22-059-1159,False,False,51,2/28/2022 3:30:00 PM,No Pedestrians Involved,Dry,No Unusual Conditions,Daylight,Violation Driver 1,No Controls Present/Factor,Clear,Rear End,Non-Related,Other Vehicle,Not Applicable,Not Applicable,North Of,,True,True,32670,CAPITOL AV,SINCLAIR FR,37.39942573,-121.8760167
1079,681427,CR-0000090817,1,0,0,0,22-026-0787,False,False,0,1/26/2022 6:03:00 PM,No Pedestrians Involved,Dry,No Unusual Conditions,Dark - Street Light,Violation Driver 1,No Controls Present/Factor,Clear,Vehicle/Bike,Intersection,Bike,Not Applicable,Not Applicable,At,BIKE,False,False,32670,CAPITOL AV,SINCLAIR FR,37.39942573,-121.8760167
1080,685080,CR-0000093746,1,0,0,0,22-216-0708,False,False,51,8/4/2022 4:58:00 PM,No Pedestrians Involved,Dry,No Unusual Conditions,Daylight,Violation Driver 1,No Controls Present/Factor,Clear,Rear End,Non-Related,Other Vehicle,Not Applicable,Not Applicable,South Of,,False,False,32670,CAPITOL AV,SINCLAIR FR,37.39942573,-121.8760167
1081,683425,CR-0000093021,2,0,0,0,22-159-0531,False,False,0,6/8/2022 2:01:00 PM,No Pedestrians Involved,Dry,No Unusual Conditions,Daylight,Violation Driver 1,Controls Functioning,Clear,Sideswipe,Intersection,Other Vehicle,Not Applicable,Not Applicable,At,,False,False,32670,CAPITOL AV,SINCLAIR FR,37.39942573,-121.8760167
1082,719800,CR-0000102973,0,0,0,0,24-025-4013,False,True,51,1/24/2024 5:38:00 PM,No Pedestrians Involved,Unknown,Unknown,Unknown,Unknown,Unknown,Unknown,Rear End,Non-Related,Other Vehicle,Not Applicable,Not Applicable,North Of,,False,False,100682,PIEDMONT RD,PINE CREEK DR,37.40929695,-121.8521343
1083,683491,CR-0000093090,0,0,0,0,22-188-0074,False,False,550,7/7/2022 2:02:00 AM,No Pedestrians Involved,Dry,No Unusual Conditions,Dark - Street Light,Violation Driver 1,No Controls Present/Factor,Clear,Sideswipe,Non-Related,Parked Vehicle,Not Applicable,Not Applicable,North Of,,True,True,79320,KIMLEE DR,SHAFFER DR,37.40468413,-121.8521024
1084,685194,CR-0000093872,0,0,0,0,22-243-0169,False,False,270,8/31/2022 7:43:00 AM,No Pedestrians Involved,Dry,No Unusual Conditions,Daylight,Violation Driver 1,No Controls Present/Factor,Clear,Sideswipe,Non-Related,Parked Vehicle,Not Applicable,Not Applicable,North Of,,True,True,79320,KIMLEE DR,SHAFFER DR,37.40468413,-121.8521024
1085,692516,CR-0000097806,1,0,0,0,23-073-0711,False,False,149,3/14/2023 4:40:00 PM,No Pedestrians Involved,Dry,No Unusual Conditions,Daylight,Violation Driver 1,Controls Functioning,Clear,Rear End,Non-Related,Other Vehicle,Not Applicable,Not Applicable,North Of,,False,False,105423,RUE PARIS,SNELL AV,37.26419526,-121.8309939
1086,681375,CR-0000090763,2,0,0,0,22-018-0241,False,False,43,1/18/2022 8:50:00 AM,No Pedestrians Involved,Dry,No Unusual Conditions,Daylight,Violation Driver 1,Controls Functioning,Clear,Sideswipe,Related,Other Vehicle,Not Applicable,Not Applicable,South Of,,False,False,72830,HILLCAP AV,SNELL AV,37.27843088,-121.8432883
1087,681590,CR-0000090987,0,0,0,0,22-044-0605,True,False,172,2/13/2022 5:08:00 PM,No Pedestrians Involved,Dry,No Unusual Conditions,Daylight,Violation Driver 1,No Controls Present/Factor,Clear,Head On,Non-Related,Fixed Object,Not Applicable,Not Applicable,East Of,LIGHT POLE (16O159),True,False,72830,HILLCAP AV,SNELL AV,37.27843088,-121.8432883
1088,683215,CR-0000092795,1,0,0,0,22-105-0312,False,False,35,4/15/2022 11:28:00 AM,No Pedestrians Involved,Dry,No Unusual Conditions,Daylight,Violation Driver 1,Controls Functioning,Clear,Rear End,Related,Other Vehicle,Not Applicable,Not Applicable,North Of,,False,False,72830,HILLCAP AV,SNELL AV,37.27843088,-121.8432883
1089,722016,CR-0000103270,0,0,0,0,24-058-4004,False,True,51,2/25/2024 3:20:00 PM,No Pedestrians Involved,Unknown,Unknown,Unknown,Unknown,Unknown,Unknown,Sideswipe,Non-Related,Other Vehicle,Not Applicable,Not Applicable,South Of,,False,False,72830,HILLCAP AV,SNELL AV,37.27843088,-121.8432883
1090,696046,CR-0000099181,0,0,0,0,23-209-1006,False,False,100,7/28/2023 10:58:00 PM,No Pedestrians Involved,Dry,No Unusual Conditions,Dark - Street Light,Violation Driver 1,No Controls Present/Factor,Clear,Sideswipe,Non-Related,Other Vehicle,Not Applicable,Not Applicable,East Of,,False,False,2342,AKRON WY,NORTHLAKE DR,37.31666616,-121.9683254
1091,681814,CR-0000091223,0,0,1,0,22-081-0813,False,False,0,3/22/2022 7:00:00 PM,No Pedestrians Involved,Dry,No Unusual Conditions,Daylight,Violation Driver 1,Controls Functioning,Clear,Vehicle/Bike,Intersection,Scooter Motorized,Not Applicable,Not Applicable,At,BIKE (E-SCOOTER),False,False,21570,BOLTON CT/GREENMEADOW WY,MOORPARK AV,37.31591223,-121.9798738
1092,689194,CR-0000095101,0,0,0,1,22-225-0142,True,False,37,8/13/2022 3:18:00 AM,No Pedestrians Involved,Dry,No Unusual Conditions,Dark - Street Light,Violation Driver 1,Controls Functioning,Clear,Hit Object,Related,Fixed Object,Not Applicable,Not Applicable,East Of,TREE,True,False,27433,BURRELL CT,HEDDING ST,37.33641354,-121.9285649
1093,699058,CR-0000100364,1,0,0,0,23-201-0636,False,False,75,7/20/2023 5:19:00 PM,No Pedestrians Involved,Dry,No Unusual Conditions,Daylight,Violation Driver 1,Controls Functioning,Clear,Rear End,Non-Related,Other Vehicle,Not Applicable,Not Applicable,West Of,,True,False,27433,BURRELL CT,HEDDING ST,37.33641354,-121.9285649
1094,682602,CR-0000092169,0,0,0,0,22-128-4004,False,False,51,5/1/2022 4:30:00 PM,No Pedestrians Involved,Unknown,Unknown,Daylight,Unknown,No Controls Present/Factor,Unknown,Sideswipe,Non-Related,Parked Vehicle,Not Applicable,Not Applicable,East Of,,False,False,78352,KATHERINE CT,MCKENDRIE ST,37.3364438,-121.9310468
1095,694712,CR-0000098762,0,0,1,0,23-236-0750,False,False,0,8/24/2023 5:43:00 PM,No Pedestrians Involved,Dry,No Unusual Conditions,Daylight,Violation Driver 1,No Controls Present/Factor,Clear,Head On,Intersection,Other Vehicle,Not Applicable,Not Applicable,At,,True,False,18072,BEVANS DR,MITTY AV,37.31583043,-121.9941017
1096,699215,CR-0000100536,0,0,0,0,23-172-0220,True,False,200,6/21/2023 8:14:00 AM,No Pedestrians Involved,Dry,No Unusual Conditions,Daylight,Violation Driver 1,No Controls Present/Factor,Clear,Hit Object,Non-Related,Fixed Object,Not Applicable,Not Applicable,East Of,SIGN,True,False,29336,CALVERT DR,JUNIPERO SERRA FR,37.32232517,-121.9998774
1097,694065,CR-0000098142,1,0,0,0,23-125-1090,False,False,51,5/5/2023 10:32:00 PM,No Pedestrians Involved,Wet,No Unusual Conditions,Dark - Street Light,Violation Driver 1,No Controls Present/Factor,Rain,Sideswipe,Non-Related,Other Vehicle,Not Applicable,Not Applicable,South Of,,False,False,14035,BASCOM AV,REDBUSH TR,37.33682121,-121.9372827
1098,689685,CR-0000095667,1,2,0,0,22-345-0065,False,False,91,12/11/2022 1:48:00 AM,No Pedestrians Involved,Wet,No Unusual Conditions,Dark - Street Light,Violation Driver 1,No Controls Present/Factor,Rain,Rear End,Non-Related,Parked Vehicle,Not Applicable,Not Applicable,South Of,,False,False,13860,BASCOM AV,HEATHERDALE AV,37.33737644,-121.9375921
1099,691165,CR-0000097367,0,1,1,0,23-055-0005,False,False,51,2/24/2023 12:08:00 AM,No Pedestrians Involved,Wet,No Unusual Conditions,Dark - Street Light,Violation Driver 1,No Controls Present/Factor,Rain,Head On,Non-Related,Other Vehicle,Not Applicable,Not Applicable,North Of,,False,False,13860,BASCOM AV,HEATHERDALE AV,37.33737644,-121.9375921
1100,690139,CR-0000096226,0,0,0,0,22-319-0900,False,False,164,11/15/2022 9:09:00 PM,No Pedestrians Involved,Dry,No Unusual Conditions,Dark - Street Light,Violation Driver 1,No Controls Present/Factor,Clear,Rear End,Non-Related,Parked Vehicle,Not Applicable,Not Applicable,South Of,,False,False,13860,BASCOM AV,HEATHERDALE AV,37.33737644,-121.9375921
1101,687565,CR-0000094351,1,0,0,0,22-260-0636,False,False,51,9/17/2022 6:09:00 PM,No Pedestrians Involved,Dry,No Unusual Conditions,Daylight,Violation Driver 1,Controls Functioning,Clear,Rear End,Non-Related,Other Vehicle,Not Applicable,Not Applicable,North Of,,False,False,41304,COLEMAN AV,AVIATION AV/FMC DW,37.35469806,-121.9285708
1102,684804,CR-0000093397,0,0,0,0,22-187-0839,False,False,1009,7/6/2022 8:07:00 PM,No Pedestrians Involved,Dry,No Unusual Conditions,Dark - Street Light,Violation Driver 1,Controls Functioning,Clear,Rear End,Non-Related,Other Vehicle,Not Applicable,Not Applicable,North Of,,False,False,41304,COLEMAN AV,AVIATION AV/FMC DW,37.35469806,-121.9285708
1103,682730,CR-0000092310,1,0,0,0,22-154-0400,False,False,630,6/3/2022 2:34:00 PM,No Pedestrians Involved,Dry,No Unusual Conditions,Daylight,Violation Driver 1,No Controls Present/Factor,Clear,Broadside,Non-Related,Other Vehicle,Not Applicable,Not Applicable,South Of,,False,False,41304,COLEMAN AV,AVIATION AV/FMC DW,37.35469806,-121.9285708
1104,683279,CR-0000092861,2,0,0,0,22-131-0654,False,False,1114,5/11/2022 4:49:00 PM,No Pedestrians Involved,Dry,No Unusual Conditions,Daylight,Violation Driver 1,No Controls Present/Factor,Clear,Rear End,Non-Related,Other Vehicle,Not Applicable,Not Applicable,North Of,,False,False,41304,COLEMAN AV,AVIATION AV/FMC DW,37.35469806,-121.9285708
1105,690423,CR-0000096522,0,0,0,0,22-283-4003,False,True,51,10/10/2022 5:45:00 AM,No Pedestrians Involved,Unknown,Unknown,Unknown,Unknown,Unknown,Unknown,Rear End,Non-Related,Other Vehicle,Not Applicable,Not Applicable,South Of,,False,False,41304,COLEMAN AV,AVIATION AV/FMC DW,37.35469806,-121.9285708
1106,689892,CR-0000095920,0,0,0,0,22-356-0295,False,False,51,12/22/2022 9:42:00 AM,No Pedestrians Involved,Dry,No Unusual Conditions,Daylight,Violation Driver 1,No Controls Present/Factor,Clear,Broadside,Non-Related,Other Vehicle,Not Applicable,Not Applicable,North Of,,False,True,41304,COLEMAN AV,AVIATION AV/FMC DW,37.35469806,-121.9285708
1107,711788,CR-0000101220,0,0,0,0,23-331-4001,False,True,51,11/24/2023 7:00:00 AM,No Pedestrians Involved,Unknown,Unknown,Unknown,Unknown,Unknown,Unknown,Other,Non-Related,Parked Vehicle,Not Applicable,Not Applicable,South Of,,False,False,93444,MORRIS CT,SHERWOOD AV,37.34537706,-121.9299369
1108,682438,CR-0000092002,0,0,0,0,22-110-9702,False,True,0,4/18/2022 3:00:00 PM,No Pedestrians Involved,Dry,Reduced Roadway Width,Dusk - Dawn,Unknown,Controls Functioning,Clear,Sideswipe,Intersection,Other Vehicle,Not Applicable,Not Applicable,At,,False,False,143838,ESFAHAN DR,MONTEREY RD,37.29376949,-121.8515605
1109,691245,CR-0000097470,0,0,0,0,23-033-0080,True,False,0,2/2/2023 3:22:00 AM,No Pedestrians Involved,Dry,No Unusual Conditions,Dark - Street Light,Violation Driver 1,Controls Functioning,Clear,Hit Object,Intersection,Fixed Object,Not Applicable,Not Applicable,At,LIGHT POLE (2),False,False,143838,ESFAHAN DR,MONTEREY RD,37.29376949,-121.8515605
1110,681341,CR-0000090730,0,1,0,0,22-014-0610,False,False,0,1/14/2022 6:13:00 PM,No Pedestrians Involved,Dry,No Unusual Conditions,Dark - Street Light,Violation Driver 1,Controls Functioning,Clear,Other,Intersection,Non-Collision,Not Applicable,Not Applicable,At,,False,False,137719,AUTUMN ST,COLEMAN AV,37.34095175,-121.9035035
1111,689228,CR-0000095164,1,0,0,0,22-284-0721,True,False,315,10/11/2022 4:15:00 PM,No Pedestrians Involved,Dry,Holes Deep Rut,Daylight,Unknown,No Controls Present/Factor,Clear,Rear End,Non-Related,Other Vehicle,Not Applicable,Not Applicable,West Of,,False,False,137719,AUTUMN ST,COLEMAN AV,37.34095175,-121.9035035
1112,690917,CR-0000097080,0,0,1,0,23-039-0838,False,False,,2/8/2023 8:58:00 PM,No Pedestrians Involved,Dry,No Unusual Conditions,Daylight,Unknown,Controls Functioning,Clear,Other,Related,Non-Collision,Not Applicable,Not Applicable,Unknown,,False,False,137719,AUTUMN ST,COLEMAN AV,37.34095175,-121.9035035
1113,699100,CR-0000100411,0,0,0,0,23-161-0169,True,False,545,6/10/2023 5:15:00 AM,No Pedestrians Involved,Dry,No Unusual Conditions,Dark - Street Light,Violation Driver 1,No Controls Present/Factor,Clear,Hit Object,Non-Related,Fixed Object,Not Applicable,Not Applicable,South Of,LIGHTPOLE,False,True,137719,AUTUMN ST,COLEMAN AV,37.34095175,-121.9035035
1114,694729,CR-0000098783,2,0,0,0,23-233-0442,False,False,37,8/21/2023 12:15:00 PM,No Pedestrians Involved,Dry,No Unusual Conditions,Daylight,Violation Driver 1,Controls Functioning,Unknown,Rear End,Related,Other Vehicle,Not Applicable,Not Applicable,East Of,,True,False,137719,AUTUMN ST,COLEMAN AV,37.34095175,-121.9035035
1115,712153,CR-0000101163,0,0,0,0,23-328-4004,False,True,0,11/18/2023 8:20:00 PM,No Pedestrians Involved,Unknown,Unknown,Unknown,Unknown,Unknown,Unknown,Rear End,Intersection,Other Vehicle,Not Applicable,Not Applicable,At,,False,False,137719,AUTUMN ST,COLEMAN AV,37.34095175,-121.9035035
1116,715886,CR-0000101902,0,0,0,0,23-318-0483,False,False,0,11/14/2023 2:15:00 PM,No Pedestrians Involved,Dry,No Unusual Conditions,Daylight,Violation Driver 1,Controls Functioning,Clear,Sideswipe,Intersection,Other Vehicle,Not Applicable,Not Applicable,At,,False,True,137719,AUTUMN ST,COLEMAN AV,37.34095175,-121.9035035
1117,716144,CR-0000102122,0,1,0,0,24-024-0860,False,False,20,1/24/2024 9:38:00 PM,No Pedestrians Involved,Wet,No Unusual Conditions,Dark - Street Light,Violation Driver 1,Controls Functioning,Clear,Vehicle/Bike,Related,Bike,Not Applicable,Not Applicable,South Of,BIKE,False,False,137719,AUTUMN ST,COLEMAN AV,37.34095175,-121.9035035
1118,711798,CR-0000101077,0,0,0,0,23-259-0469,False,False,0,10/22/2023 2:30:00 PM,No Pedestrians Involved,Dry,No Unusual Conditions,Daylight,Unknown,No Controls Present/Factor,Clear,Rear End,Intersection,Other Vehicle,Not Applicable,Not Applicable,At,,False,True,143830,ADELINE AV,GRASSINA ST,37.28644256,-121.8614897
1119,682784,CR-0000092363,0,0,1,0,22-132-0694,False,False,250,5/12/2022 5:55:00 PM,No Pedestrians Involved,Dry,No Unusual Conditions,Daylight,Violation Driver 1,No Controls Present/Factor,Clear,Vehicle/Bike,Non-Related,Bike,Not Applicable,Not Applicable,East Of,BIKE,False,False,82532,LAWRENCE EX,STEVENS CREEK BL,37.32303471,-121.9952752
1120,683025,CR-0000092616,0,0,0,0,22-115-9703,False,True,500,4/25/2022 9:40:00 AM,No Pedestrians Involved,Dry,No Unusual Conditions,Daylight,Unknown,Controls Functioning,Clear,Sideswipe,Non-Related,Other Vehicle,Not Applicable,Not Applicable,West Of,,False,True,82532,LAWRENCE EX,STEVENS CREEK BL,37.32303471,-121.9952752
1121,694653,CR-0000098686,1,0,0,0,23-223-9704,False,True,0,7/30/2023 11:35:00 AM,No Pedestrians Involved,Dry,No Unusual Conditions,Daylight,Unknown,Controls Functioning,Clear,Broadside,Intersection,Motorcycle,Not Applicable,Not Applicable,At,,False,False,82532,LAWRENCE EX,STEVENS CREEK BL,37.32303471,-121.9952752
1122,695932,CR-0000099061,0,0,0,0,23-243-4007,False,True,51,8/2/2023 2:45:00 PM,No Pedestrians Involved,Unknown,Unknown,Unknown,Unknown,Unknown,Unknown,Sideswipe,Non-Related,Unknown,Not Applicable,Not Applicable,Unknown,,False,False,82532,LAWRENCE EX,STEVENS CREEK BL,37.32303471,-121.9952752
1123,691185,CR-0000097387,0,0,0,0,23-055-0766,False,False,0,2/24/2023 7:45:00 PM,No Pedestrians Involved,Dry,No Unusual Conditions,Dark - Street Light,Violation Driver 1,Controls Functioning,Clear,Broadside,Intersection,Other Vehicle,Not Applicable,Not Applicable,At,,False,False,82532,LAWRENCE EX,STEVENS CREEK BL,37.32303471,-121.9952752
1124,694120,CR-0000098022,1,0,0,0,23-104-0972,True,False,0,4/14/2023 11:44:00 PM,No Pedestrians Involved,Dry,No Unusual Conditions,Dark - Street Light,Violation Driver 1,Controls Functioning,Clear,Broadside,Intersection,Other Vehicle,Not Applicable,Not Applicable,At,TREE/LIGHTPOLE,True,False,82532,LAWRENCE EX,STEVENS CREEK BL,37.32303471,-121.9952752
1125,690666,CR-0000096799,1,0,0,0,23-006-0926,False,False,80,1/6/2023 10:03:00 PM,No Pedestrians Involved,Dry,No Unusual Conditions,Dark - Street Light,Violation Driver 1,Controls Functioning,Clear,Rear End,Non-Related,Other Vehicle,Not Applicable,Not Applicable,South Of,,False,False,82532,LAWRENCE EX,STEVENS CREEK BL,37.32303471,-121.9952752
1126,711570,CR-0000100907,0,0,0,0,23-200-4000,False,True,0,7/18/2023 10:20:00 PM,No Pedestrians Involved,Unknown,Unknown,Unknown,Unknown,Unknown,Unknown,Other,Intersection,Other Vehicle,Not Applicable,Not Applicable,At,,False,False,82532,LAWRENCE EX,STEVENS CREEK BL,37.32303471,-121.9952752
1127,722028,CR-0000103282,0,0,0,0,24-059-4002,False,True,0,2/27/2024 3:45:00 PM,No Pedestrians Involved,Unknown,Unknown,Unknown,Unknown,Unknown,Unknown,Broadside,Intersection,Other Vehicle,Not Applicable,Not Applicable,At,,False,False,82532,LAWRENCE EX,STEVENS CREEK BL,37.32303471,-121.9952752
1128,681736,CR-0000091136,2,0,0,0,22-051-0412,False,False,18,2/20/2022 12:23:00 PM,No Pedestrians Involved,Dry,No Unusual Conditions,Daylight,Violation Driver 1,No Controls Present/Factor,Clear,Rear End,Related,Motor Vehicle On Other Roadway,Not Applicable,Not Applicable,West Of,,False,False,74051,HOSTETTER RD,RUE AVATI,37.38897358,-121.8811095
1129,682017,CR-0000091527,1,0,0,0,22-077-0529,False,False,36,3/18/2022 2:27:00 PM,No Pedestrians Involved,Dry,No Unusual Conditions,Daylight,Violation Driver 1,Controls Functioning,Clear,Rear End,Related,Other Vehicle,Not Applicable,Not Applicable,South Of,,True,False,61071,FLICKINGER AV,HOSTETTER RD,37.3909811,-121.8791607
1130,681410,CR-0000090800,3,0,0,0,22-024-0199,False,False,0,1/24/2022 7:50:00 AM,No Pedestrians Involved,Dry,No Unusual Conditions,Daylight,Violation Driver 1,Controls Functioning,Clear,Broadside,Intersection,Other Vehicle,Not Applicable,Not Applicable,At,,False,False,61071,FLICKINGER AV,HOSTETTER RD,37.3909811,-121.8791607
1131,688762,CR-0000094597,0,0,0,0,22-238-4008,False,True,51,8/26/2022 12:10:00 PM,No Pedestrians Involved,Unknown,Unknown,Daylight,Unknown,Unknown,Unknown,Sideswipe,Non-Related,Other Vehicle,Not Applicable,Not Applicable,Unknown,,False,False,61071,FLICKINGER AV,HOSTETTER RD,37.3909811,-121.8791607
1132,689038,CR-0000094899,0,0,0,0,22-287-0312,False,False,225,10/13/2022 10:00:00 PM,No Pedestrians Involved,Dry,No Unusual Conditions,Dark - Street Light,Unknown,No Controls Present/Factor,Unknown,Hit Object,Non-Related,Fixed Object,Not Applicable,Not Applicable,West Of,,False,True,61071,FLICKINGER AV,HOSTETTER RD,37.3909811,-121.8791607
1133,685351,CR-0000094077,3,1,0,0,22-268-0493,False,False,47,9/25/2022 1:10:00 PM,No Pedestrians Involved,Dry,No Unusual Conditions,Daylight,Violation Driver 1,Controls Functioning,Unknown,Head On,Related,Other Vehicle,Not Applicable,Not Applicable,North Of,,False,False,61071,FLICKINGER AV,HOSTETTER RD,37.3909811,-121.8791607
1134,690109,CR-0000096188,0,0,0,0,22-342-4003,False,True,,12/2/2022 2:35:00 PM,No Pedestrians Involved,Unknown,Unknown,Unknown,Unknown,Unknown,Unknown,Sideswipe,Related,Parked Vehicle,Not Applicable,Not Applicable,Unknown,,False,True,61071,FLICKINGER AV,HOSTETTER RD,37.3909811,-121.8791607
1135,694178,CR-0000098110,1,0,0,0,23-122-0254,False,False,55,5/2/2023 10:04:00 AM,No Pedestrians Involved,Dry,No Unusual Conditions,Daylight,Violation Driver 1,Controls Functioning,Clear,Hit Object,Non-Related,Fixed Object,Not Applicable,Not Applicable,West Of,,True,False,61071,FLICKINGER AV,HOSTETTER RD,37.3909811,-121.8791607
1136,696363,CR-0000099520,0,0,0,0,23-146-9707,False,True,,5/18/2023 12:45:00 PM,No Pedestrians Involved,Dry,No Unusual Conditions,Daylight,Unknown,Controls Functioning,Clear,Rear End,Related,Other Vehicle,Not Applicable,Not Applicable,Unknown,,False,False,61071,FLICKINGER AV,HOSTETTER RD,37.3909811,-121.8791607
1137,719812,CR-0000102985,0,0,0,0,24-051-4005,False,True,51,2/5/2024 10:30:00 PM,No Pedestrians Involved,Unknown,Unknown,Unknown,Unknown,Unknown,Unknown,Sideswipe,Non-Related,Other Vehicle,Not Applicable,Not Applicable,Unknown,,False,False,61071,FLICKINGER AV,HOSTETTER RD,37.3909811,-121.8791607
1138,698978,CR-0000100280,1,0,0,0,23-272-0392,False,False,0,9/29/2023 12:11:00 PM,No Pedestrians Involved,Dry,No Unusual Conditions,Daylight,Violation Driver 1,Controls Functioning,Clear,Broadside,Intersection,Other Vehicle,Not Applicable,Not Applicable,At,,False,False,61126,FLICKINGER AV,NUNES DR,37.38980984,-121.8779026
1139,685086,CR-0000093760,1,0,0,0,22-220-0728,False,False,0,8/8/2022 6:00:00 PM,No Pedestrians Involved,Dry,No Unusual Conditions,Daylight,Violation Driver 1,Unknown,Clear,Rear End,Intersection,Other Vehicle,Not Applicable,Not Applicable,At,,True,False,92487,MONTAGUE EX,OTOOLE AV,37.39810304,-121.9129285
1140,687620,CR-0000094413,1,0,0,0,22-272-0631,False,False,0,9/29/2022 3:56:00 PM,No Pedestrians Involved,Dry,No Unusual Conditions,Daylight,Violation Driver 1,Controls Functioning,Clear,Rear End,Intersection,Other Vehicle,Not Applicable,Not Applicable,At,,True,False,92487,MONTAGUE EX,OTOOLE AV,37.39810304,-121.9129285
1141,681943,CR-0000091452,1,0,0,0,22-088-0862,False,False,138,3/29/2022 6:53:00 PM,No Pedestrians Involved,Dry,No Unusual Conditions,Dusk - Dawn,Violation Driver 1,No Controls Present/Factor,Clear,Head On,Non-Related,Other Vehicle,Not Applicable,Not Applicable,South Of,,False,False,92487,MONTAGUE EX,OTOOLE AV,37.39810304,-121.9129285
1142,682883,CR-0000092479,0,0,0,0,22-044-0899,False,False,54,2/13/2022 10:50:00 PM,No Pedestrians Involved,Dry,No Unusual Conditions,Dark - Street Light,Violation Driver 1,Controls Functioning,Clear,Sideswipe,Non-Related,Other Vehicle,Not Applicable,Not Applicable,West Of,,False,True,92487,MONTAGUE EX,OTOOLE AV,37.39810304,-121.9129285
1143,682902,CR-0000092490,1,0,0,0,22-051-9707,False,True,0,2/15/2022 4:20:00 PM,No Pedestrians Involved,Dry,No Unusual Conditions,Daylight,Unknown,Controls Functioning,Clear,Rear End,Intersection,Other Vehicle,Not Applicable,Not Applicable,At,,False,False,92487,MONTAGUE EX,OTOOLE AV,37.39810304,-121.9129285
1144,698819,CR-0000100101,1,0,0,0,23-345-0559,False,False,23,12/11/2023 2:38:00 PM,No Pedestrians Involved,Dry,No Unusual Conditions,Daylight,Unknown,Controls Functioning,Clear,Broadside,Related,Other Vehicle,Not Applicable,Not Applicable,West Of,,False,False,92487,MONTAGUE EX,OTOOLE AV,37.39810304,-121.9129285