_id,CrashFactId,Name,MinorInjuries,ModerateInjuries,SevereInjuries,FatalInjuries,TcrNumber,CityDamageFlag,ShortFormFlag,Distance,CrashDateTime,PedestrianAction,RoadwaySurface,RoadwayCondition,Lighting,PrimaryCollisionFactor,TrafficControl,Weather,CollisionType,ProximityToIntersection,VehicleInvolvedWith,PedestrianDirectionFrom,PedestrianDirectionTo,DirectionFromIntersection,Comment,SpeedingFlag,HitAndRunFlag,IntersectionNumber,AStreetName,BStreetName,Latitude,Longitude
1145,698655,CR-0000099881,1,0,0,0,23-226-0737,False,False,35,8/14/2023 5:42:00 PM,No Pedestrians Involved,Dry,No Unusual Conditions,Daylight,Violation Driver 1,No Controls Present/Factor,Clear,Rear End,Related,Other Vehicle,Not Applicable,Not Applicable,East Of,,True,False,92487,MONTAGUE EX,OTOOLE AV,37.39810304,-121.9129285
1146,696315,CR-0000099471,1,1,0,0,23-275-0653,False,False,26,10/2/2023 5:49:00 PM,No Pedestrians Involved,Dry,No Unusual Conditions,Daylight,Violation Driver 1,No Controls Present/Factor,Clear,Rear End,Related,Other Vehicle,Not Applicable,Not Applicable,East Of,,True,False,92487,MONTAGUE EX,OTOOLE AV,37.39810304,-121.9129285
1147,694443,CR-0000098408,1,0,0,0,23-162-0305,False,False,,6/11/2023 10:11:00 AM,No Pedestrians Involved,Dry,No Unusual Conditions,Daylight,Violation Driver 1,Controls Functioning,Clear,Rear End,Related,Other Vehicle,Not Applicable,Not Applicable,East Of,,True,False,92487,MONTAGUE EX,OTOOLE AV,37.39810304,-121.9129285
1148,689990,CR-0000096021,2,0,0,0,22-243-0397,False,False,400,8/31/2022 12:26:00 PM,No Pedestrians Involved,Dry,No Unusual Conditions,Daylight,Violation Driver 1,Unknown,Clear,Rear End,Non-Related,Other Vehicle,Not Applicable,Not Applicable,West Of,,True,True,92487,MONTAGUE EX,OTOOLE AV,37.39810304,-121.9129285
1149,689742,CR-0000095754,2,0,0,0,22-325-0129,False,False,0,11/21/2022 4:47:00 AM,No Pedestrians Involved,Dry,No Unusual Conditions,Dark - Street Light,Violation Driver 1,Controls Functioning,Clear,Broadside,Intersection,Other Vehicle,Not Applicable,Not Applicable,At,,False,False,92487,MONTAGUE EX,OTOOLE AV,37.39810304,-121.9129285
1150,690308,CR-0000096401,0,0,0,0,22-326-9702,False,True,0,11/21/2022 5:30:00 PM,No Pedestrians Involved,Dry,No Unusual Conditions,Dark - Street Light,Unknown,No Controls Present/Factor,Clear,Rear End,Intersection,Other Vehicle,Not Applicable,Not Applicable,At,,False,True,92487,MONTAGUE EX,OTOOLE AV,37.39810304,-121.9129285
1151,716094,CR-0000102073,0,0,0,1,24-148-0453,False,False,,5/27/2024 1:52:00 PM,No Pedestrians Involved,Dry,No Unusual Conditions,Daylight,Unknown,Controls Functioning,Clear,Rear End,Related,Other Vehicle,Not Applicable,Not Applicable,East Of,,False,False,92487,MONTAGUE EX,OTOOLE AV,37.39810304,-121.9129285
1152,711525,CR-0000101142,0,0,0,0,23-301-9703,False,True,51,10/27/2023 8:30:00 AM,No Pedestrians Involved,Dry,No Unusual Conditions,Daylight,Unknown,Controls Functioning,Clear,Sideswipe,Non-Related,Other Vehicle,Not Applicable,Not Applicable,East Of,,False,False,92487,MONTAGUE EX,OTOOLE AV,37.39810304,-121.9129285
1153,722508,CR-0000103822,4,0,0,0,24-108-0723,False,False,400,4/17/2024 6:19:00 PM,No Pedestrians Involved,Dry,No Unusual Conditions,Daylight,Violation Driver 1,No Controls Present/Factor,Clear,Sideswipe,Non-Related,Other Vehicle,Not Applicable,Not Applicable,East Of,,False,False,92487,MONTAGUE EX,OTOOLE AV,37.39810304,-121.9129285
1154,722468,CR-0000103735,0,0,0,0,24-100-0493,False,False,19,4/9/2024 2:22:00 PM,No Pedestrians Involved,Dry,No Unusual Conditions,Daylight,Violation Driver 1,Controls Functioning,Clear,Broadside,Related,Other Vehicle,Not Applicable,Not Applicable,South Of,,False,False,79507,KING RD,NICKEL AV,37.31537292,-121.8192241
1155,719580,CR-0000102736,0,0,0,0,24-001-0219,False,False,30,1/1/2024 3:40:00 AM,No Pedestrians Involved,Dry,No Unusual Conditions,Dark - Street Light,Violation Driver 1,No Controls Present/Factor,Clear,Hit Object,Related,Fixed Object,Not Applicable,Not Applicable,South Of,HYDRANT,True,False,45165,CRAY CT,MCLAUGHLIN AV,37.30240791,-121.8239674
1156,699304,CR-0000100629,0,0,0,0,23-155-4003,False,True,,6/3/2023 8:45:00 PM,No Pedestrians Involved,Unknown,Unknown,Unknown,Unknown,Unknown,Unknown,Other,Related,Unknown,Not Applicable,Not Applicable,Unknown,,False,False,53822,ECHO VALLEY DR,WOODED LAKE DR,37.20640145,-121.8669913
1157,696554,CR-0000099751,1,0,0,0,23-340-0944,False,False,120,12/6/2023 11:25:00 PM,In Road - Includes Shoulder,Wet,No Unusual Conditions,Dark - Street Light,Violation Driver 1,No Controls Present/Factor,Clear,Vehicle/Pedestrian,Non-Related,Pedestrian,No Direction (Not Walking),No Direction (Not Walking),South Of,PED,False,True,38444,CHESTNUT PARK CT/STRATFORD PARK CT,WINDSOR PARK DR,37.26800778,-121.8499724
1158,684677,CR-0000093305,0,2,0,0,22-166-0476,False,False,0,6/15/2022 3:00:00 PM,No Pedestrians Involved,Dry,No Unusual Conditions,Daylight,Violation Driver 1,No Controls Present/Factor,Clear,Broadside,Intersection,Other Vehicle,Not Applicable,Not Applicable,At,,False,False,49301,DEANS PLACE WY,RAVENS PLACE WY,37.29792158,-121.8092005
1159,712085,CR-0000101352,0,0,0,0,23-248-0251,False,False,0,9/5/2023 9:10:00 AM,Crossing - Not In Crosswalk,Dry,No Unusual Conditions,Daylight,Violation Driver 1,No Controls Present/Factor,Clear,Vehicle/Pedestrian,Intersection,Pedestrian,South,North,At,PED,False,True,85612,LOUPE AV,TUERS RD,37.30176436,-121.8266317
1160,681640,CR-0000091037,0,0,0,0,22-053-9711,False,False,76,1/29/2022 7:00:00 PM,No Pedestrians Involved,Dry,No Unusual Conditions,Dark - Street Light,Unknown,No Controls Present/Factor,Clear,Rear End,Non-Related,Parked Vehicle,Not Applicable,Not Applicable,East Of,,False,False,59014,FEDERATION CT,HAYES AV,37.25645104,-121.8072201
1161,691213,CR-0000097434,0,0,0,0,22-351-0299,False,False,125,12/17/2022 1:00:00 AM,No Pedestrians Involved,Dry,No Unusual Conditions,Dark - Street Light,Violation Driver 1,Controls Functioning,Clear,Head On,Non-Related,Parked Vehicle,Not Applicable,Not Applicable,South Of,,True,True,21339,BOLERO DR,RIVER VIEW DR,37.27552209,-121.8175057
1162,681356,CR-0000090743,0,0,0,0,22-016-0363,False,False,200,1/16/2022 12:30:00 PM,No Pedestrians Involved,Dry,No Unusual Conditions,Daylight,Violation Driver 1,Unknown,Clear,Rear End,Non-Related,Parked Vehicle,Not Applicable,Not Applicable,North Of,,False,False,58684,FALLINGTREE DR,FLICKINGER AV,37.39645757,-121.883403
1163,682146,CR-0000091699,1,0,0,0,22-074-0154,False,False,0,3/15/2022 7:20:00 AM,No Pedestrians Involved,Wet,No Unusual Conditions,Daylight,Unknown,Controls Functioning,Cloudy,Sideswipe,Intersection,Other Vehicle,Not Applicable,Not Applicable,At,,False,False,122242,COLEMAN AV,GUADALUPE PW,37.34205978,-121.9001655
1164,682747,CR-0000092330,1,0,0,0,22-156-0505,False,False,0,6/5/2022 2:56:00 PM,No Pedestrians Involved,Dry,No Unusual Conditions,Daylight,Violation Driver 1,No Controls Present/Factor,Clear,Vehicle/Bike,Intersection,Bike,Not Applicable,Not Applicable,At,,False,False,137720,COLEMAN AV,SAN JOSE MARKET DW,37.34078272,-121.9066075
1165,691094,CR-0000097267,1,0,0,0,23-037-0607,True,False,200,2/6/2023 4:20:00 PM,No Pedestrians Involved,Dry,No Unusual Conditions,Daylight,Violation Driver 1,No Controls Present/Factor,Clear,Rear End,Non-Related,Other Vehicle,Not Applicable,Not Applicable,East Of,,True,False,137720,COLEMAN AV,SAN JOSE MARKET DW,37.34078272,-121.9066075
1166,690017,CR-0000096063,1,0,0,0,22-274-0601,False,False,306,10/1/2022 3:43:00 PM,No Pedestrians Involved,Dry,No Unusual Conditions,Daylight,Violation Driver 1,No Controls Present/Factor,Clear,Vehicle/Bike,Non-Related,Scooter Motorized,Not Applicable,Not Applicable,East Of,BIKE (Moto.Scooter),False,False,137720,COLEMAN AV,SAN JOSE MARKET DW,37.34078272,-121.9066075
1167,685135,CR-0000093808,1,0,0,0,22-235-1021,False,False,0,8/23/2022 8:40:00 PM,No Pedestrians Involved,Dry,No Unusual Conditions,Dark - Street Light,Bike At Fault,Controls Functioning,Clear,Vehicle/Bike,Intersection,Bike,Not Applicable,Not Applicable,At,,False,False,40501,CLIFTON AV,SAN CARLOS ST,37.32336786,-121.9249319
1168,698648,CR-0000099873,0,1,0,0,23-229-0588,False,False,0,8/17/2023 4:21:00 PM,No Pedestrians Involved,Dry,No Unusual Conditions,Daylight,Violation Driver 1,No Controls Present/Factor,Clear,Broadside,Intersection,Motorcycle,Not Applicable,Not Applicable,At,,False,False,40501,CLIFTON AV,SAN CARLOS ST,37.32336786,-121.9249319
1169,687455,CR-0000094234,0,0,0,0,22-254-0233,False,False,425,9/11/2022 3:25:00 AM,No Pedestrians Involved,Dry,No Unusual Conditions,Dark - Street Light,Unknown,No Controls Present/Factor,Clear,Rear End,Non-Related,Other Vehicle,Not Applicable,Not Applicable,South Of,,False,False,38664,CHIECHI AV,PAGE ST,37.31866508,-121.9154979
1170,688960,CR-0000094818,0,0,0,0,22-249-4002,False,True,51,9/6/2022 4:50:00 PM,No Pedestrians Involved,Unknown,Unknown,Daylight,Unknown,Unknown,Unknown,Other,Non-Related,Unknown,Not Applicable,Not Applicable,North Of,,False,True,38664,CHIECHI AV,PAGE ST,37.31866508,-121.9154979
1171,719838,CR-0000103011,0,0,0,0,24-039-0261,True,False,0,2/8/2024 9:45:00 AM,No Pedestrians Involved,Dry,No Unusual Conditions,Daylight,Violation Driver 1,No Controls Present/Factor,Clear,Hit Object,Intersection,Fixed Object,Not Applicable,Not Applicable,At,TRAFFIC SIGNAL,False,False,38411,CHESTNUT ST,TAYLOR ST,37.34198261,-121.9118423
1172,683497,CR-0000093094,0,0,0,0,22-192-0046,False,False,195,7/11/2022 12:40:00 AM,No Pedestrians Involved,Dry,No Unusual Conditions,Dark - Street Light,Violation Driver 1,No Controls Present/Factor,Clear,Sideswipe,Non-Related,Parked Vehicle,Not Applicable,Not Applicable,West Of,,True,True,78341,KARL ST,SULLIVAN AV,37.34067096,-121.8301585
1173,682787,CR-0000092366,0,0,0,0,22-133-0123,False,False,63,5/13/2022 6:26:00 AM,No Pedestrians Involved,Dry,No Unusual Conditions,Daylight,Violation Driver 1,No Controls Present/Factor,Clear,Overturned,Non-Related,Parked Vehicle,Not Applicable,Not Applicable,East Of,,False,False,78341,KARL ST,SULLIVAN AV,37.34067096,-121.8301585
1174,682147,CR-0000091704,0,0,0,0,22-075-0936,False,False,,3/16/2022 10:15:00 PM,No Pedestrians Involved,Dry,No Unusual Conditions,Dark - Street Light,Violation Driver 1,Unknown,Clear,Rear End,Related,Other Vehicle,Not Applicable,Not Applicable,South Of,,True,True,32724,CAPITOL AV,WESTBORO DR,37.35676903,-121.8311075
1175,719544,CR-0000102691,0,0,1,0,24-070-0087,False,False,25,3/10/2024 1:20:00 AM,No Pedestrians Involved,Dry,No Unusual Conditions,Dark - Street Light,Violation Driver 1,No Controls Present/Factor,Clear,Hit Object,Related,Fixed Object,Not Applicable,Not Applicable,South Of,FENCE/STONE WALL,True,False,32724,CAPITOL AV,WESTBORO DR,37.35676903,-121.8311075
1176,681806,CR-0000091215,1,1,0,0,22-077-0941,False,False,0,3/18/2022 9:40:00 PM,No Pedestrians Involved,Dry,No Unusual Conditions,Dark - Street Light,Violation Driver 1,Controls Functioning,Clear,Head On,Intersection,Other Vehicle,Not Applicable,Not Applicable,At,,False,False,79419,KING RD,LIDO WY,37.34149909,-121.8446935
1177,682729,CR-0000092309,0,0,0,0,22-129-4001,False,True,51,5/9/2022 8:24:00 AM,No Pedestrians Involved,Unknown,Unknown,Unknown,Unknown,Unknown,Unknown,Other,Non-Related,Other Vehicle,Not Applicable,Not Applicable,East Of,,False,False,79419,KING RD,LIDO WY,37.34149909,-121.8446935
1178,683379,CR-0000092972,0,0,0,0,22-179-0330,False,False,,6/28/2022 10:34:00 AM,No Pedestrians Involved,Dry,No Unusual Conditions,Daylight,Violation Driver 1,Controls Functioning,Clear,Rear End,Related,Other Vehicle,Not Applicable,Not Applicable,South Of,,True,True,79419,KING RD,LIDO WY,37.34149909,-121.8446935
1179,684729,CR-0000093361,0,0,0,0,22-182-4004,False,True,0,7/1/2022 4:45:00 PM,No Pedestrians Involved,Unknown,Unknown,Daylight,Unknown,Unknown,Unknown,Rear End,Intersection,Other Vehicle,Not Applicable,Not Applicable,At,,False,False,79419,KING RD,LIDO WY,37.34149909,-121.8446935
1180,685395,CR-0000094130,2,0,0,0,22-273-0189,False,False,0,9/30/2022 7:15:00 AM,No Pedestrians Involved,Dry,No Unusual Conditions,Daylight,Violation Driver 1,Controls Functioning,Clear,Head On,Intersection,Other Vehicle,Not Applicable,Not Applicable,At,,False,False,79419,KING RD,LIDO WY,37.34149909,-121.8446935
1181,694489,CR-0000098482,1,0,0,0,23-181-0730,False,False,24,6/30/2023 7:35:00 PM,No Pedestrians Involved,Dry,No Unusual Conditions,Daylight,Violation Driver 1,Controls Functioning,Clear,Rear End,Related,Motor Vehicle On Other Roadway,Not Applicable,Not Applicable,North Of,,True,False,79419,KING RD,LIDO WY,37.34149909,-121.8446935
1182,691025,CR-0000097197,1,0,0,0,23-058-0236,False,False,0,2/27/2023 8:58:00 AM,No Pedestrians Involved,Wet,Unknown,Daylight,Violation Driver 1,Controls Functioning,Cloudy,Sideswipe,Intersection,Motor Vehicle On Other Roadway,Not Applicable,Not Applicable,At,,False,False,79419,KING RD,LIDO WY,37.34149909,-121.8446935
1183,691091,CR-0000097264,0,0,0,0,23-032-0855,False,False,0,2/1/2023 10:04:00 PM,No Pedestrians Involved,Dry,No Unusual Conditions,Dark - Street Light,Violation Driver 1,No Controls Present/Factor,Clear,Sideswipe,Intersection,Other Vehicle,Not Applicable,Not Applicable,At,,False,False,79419,KING RD,LIDO WY,37.34149909,-121.8446935
1184,694042,CR-0000097892,0,0,0,0,23-118-0499,False,False,0,4/28/2023 2:52:00 PM,No Pedestrians Involved,Dry,No Unusual Conditions,Daylight,Violation Driver 1,Controls Functioning,Clear,Broadside,Intersection,Other Vehicle,Not Applicable,Not Applicable,At,,False,False,79419,KING RD,LIDO WY,37.34149909,-121.8446935
1185,684769,CR-0000093429,0,0,0,0,22-185-0166,True,False,65,7/4/2022 3:09:00 AM,No Pedestrians Involved,Dry,No Unusual Conditions,Dark - Street Light,Violation Driver 1,No Controls Present/Factor,Clear,Hit Object,Non-Related,Fixed Object,Not Applicable,Not Applicable,West Of,Tree,True,False,84996,LONE BLUFF WY,PINTO DR,37.29494669,-121.8328105
1186,722307,CR-0000103601,0,0,0,0,24-090-4001,False,True,51,3/29/2024 7:02:00 PM,No Pedestrians Involved,Unknown,Unknown,Unknown,Unknown,Unknown,Unknown,Other,Non-Related,Other Vehicle,Not Applicable,Not Applicable,East Of,,False,False,84996,LONE BLUFF WY,PINTO DR,37.29494669,-121.8328105
1187,681315,CR-0000090702,0,0,0,0,22-012-0567,False,False,850,1/12/2022 3:31:00 PM,No Pedestrians Involved,Dry,No Unusual Conditions,Dusk - Dawn,Violation Driver 1,No Controls Present/Factor,Clear,Broadside,Non-Related,Parked Vehicle,Not Applicable,Not Applicable,North Of,,False,False,14651,BAYHAVEN DR,WAVERLY AV,37.33095339,-121.8214968
1188,681638,CR-0000091035,0,0,0,0,22-036-0504,False,False,,2/5/2022 3:21:00 PM,No Pedestrians Involved,Dry,No Unusual Conditions,Daylight,Unknown,No Controls Present/Factor,Clear,Broadside,Related,Parked Vehicle,Not Applicable,Not Applicable,West Of,,False,False,14651,BAYHAVEN DR,WAVERLY AV,37.33095339,-121.8214968
1189,681386,CR-0000090776,0,0,0,0,22-019-0765,False,False,25,1/19/2022 5:42:00 AM,No Pedestrians Involved,Dry,Unknown,Dusk - Dawn,Violation Driver 1,No Controls Present/Factor,Clear,Other,Related,Other Vehicle,Not Applicable,Not Applicable,West Of,,False,False,79617,KING RD,STORY RD,37.33990368,-121.843109
1190,681805,CR-0000091214,0,0,0,0,22-077-0634,False,False,405,3/18/2022 4:30:00 PM,No Pedestrians Involved,Dry,No Unusual Conditions,Daylight,Violation Driver 1,Controls Functioning,Clear,Rear End,Non-Related,Other Vehicle,Not Applicable,Not Applicable,East Of,,True,False,79617,KING RD,STORY RD,37.33990368,-121.843109
1191,682097,CR-0000091608,0,0,0,0,22-063-9703,False,True,0,3/2/2022 9:30:00 AM,No Pedestrians Involved,Dry,No Unusual Conditions,Daylight,Unknown,Controls Functioning,Clear,Broadside,Intersection,Other Vehicle,Not Applicable,Not Applicable,At,,False,False,79617,KING RD,STORY RD,37.33990368,-121.843109
1192,681841,CR-0000091259,0,0,0,0,22-070-9708,False,True,20,3/11/2022 12:05:00 PM,No Pedestrians Involved,Dry,No Unusual Conditions,Daylight,Unknown,Controls Functioning,Clear,Rear End,Related,Other Vehicle,Not Applicable,Not Applicable,West Of,,False,False,79617,KING RD,STORY RD,37.33990368,-121.843109
1193,681858,CR-0000091339,1,1,0,0,22-069-0912,False,False,0,3/10/2022 2:18:00 PM,No Pedestrians Involved,Dry,No Unusual Conditions,Daylight,Violation Driver 1,Controls Functioning,Clear,Head On,Intersection,Other Vehicle,Not Applicable,Not Applicable,At,,False,False,79617,KING RD,STORY RD,37.33990368,-121.843109
1194,682630,CR-0000092206,1,0,0,0,22-152-0715,False,False,338,6/1/2022 5:16:00 PM,No Pedestrians Involved,Dry,No Unusual Conditions,Daylight,Violation Driver 1,No Controls Present/Factor,Clear,Rear End,Non-Related,Other Vehicle,Not Applicable,Not Applicable,North Of,,True,False,79617,KING RD,STORY RD,37.33990368,-121.843109
1195,682382,CR-0000091945,3,0,0,0,22-105-0568,False,False,61,4/14/2022 4:25:00 PM,No Pedestrians Involved,Dry,No Unusual Conditions,Daylight,Violation Driver 1,No Controls Present/Factor,Cloudy,Hit Object,Non-Related,Fixed Object,Not Applicable,Not Applicable,West Of,PG&E POLE,False,False,79617,KING RD,STORY RD,37.33990368,-121.843109
1196,682964,CR-0000092569,0,0,0,0,22-098-0949,True,False,20,4/8/2022 9:30:00 PM,No Pedestrians Involved,Dry,No Unusual Conditions,Dark - Street Light,Unknown,Controls Functioning,Clear,Hit Object,Related,Fixed Object,Not Applicable,Not Applicable,South Of,MEDIAN,False,False,79617,KING RD,STORY RD,37.33990368,-121.843109
1197,690454,CR-0000096561,0,0,0,0,22-095-0428,False,True,51,4/5/2022 12:00:00 AM,No Pedestrians Involved,Unknown,Unknown,Unknown,Unknown,Unknown,Unknown,Other,Non-Related,Other Vehicle,Not Applicable,Not Applicable,West Of,,False,False,79617,KING RD,STORY RD,37.33990368,-121.843109
1198,682940,CR-0000092558,0,0,0,0,22-171-0655,False,False,0,6/20/2022 4:40:00 PM,No Pedestrians Involved,Dry,No Unusual Conditions,Daylight,Violation Driver 1,Controls Functioning,Clear,Rear End,Intersection,Other Vehicle,Not Applicable,Not Applicable,At,,True,True,79617,KING RD,STORY RD,37.33990368,-121.843109
1199,682884,CR-0000092483,0,0,0,0,22-168-0371,False,False,23,6/17/2022 11:58:00 AM,No Pedestrians Involved,Dry,Unknown,Daylight,Violation Driver 1,Controls Functioning,Clear,Broadside,Related,Other Vehicle,Not Applicable,Not Applicable,West Of,,False,False,79617,KING RD,STORY RD,37.33990368,-121.843109
1200,684731,CR-0000093349,1,1,0,0,22-182-0071,False,False,0,7/1/2022 1:47:00 AM,No Pedestrians Involved,Dry,No Unusual Conditions,Dark - Street Light,Violation Driver 1,Controls Functioning,Clear,Broadside,Intersection,Other Vehicle,Not Applicable,Not Applicable,At,,False,False,79617,KING RD,STORY RD,37.33990368,-121.843109
1201,684912,CR-0000093584,0,0,0,0,22-232-0885,False,False,0,8/20/2022 9:14:00 PM,No Pedestrians Involved,Dry,No Unusual Conditions,Dark - Street Light,Violation Driver 1,Controls Functioning,Clear,Sideswipe,Intersection,Other Vehicle,Not Applicable,Not Applicable,At,,True,True,79617,KING RD,STORY RD,37.33990368,-121.843109
1202,684855,CR-0000093500,0,0,0,0,22-194-0530,False,False,0,7/13/2022 1:46:00 PM,No Pedestrians Involved,Dry,No Unusual Conditions,Daylight,Violation Driver 1,Controls Functioning,Clear,Sideswipe,Intersection,Other Vehicle,Not Applicable,Not Applicable,At,,False,True,79617,KING RD,STORY RD,37.33990368,-121.843109
1203,684673,CR-0000093300,0,0,0,0,22-199-9704,False,True,0,6/7/2022 3:00:00 PM,No Pedestrians Involved,Dry,No Unusual Conditions,Daylight,Unknown,Controls Functioning,Clear,Rear End,Intersection,Other Vehicle,Not Applicable,Not Applicable,At,,False,False,79617,KING RD,STORY RD,37.33990368,-121.843109
1204,683548,CR-0000093145,1,0,0,0,22-209-0796,False,False,0,7/28/2022 7:39:00 PM,No Pedestrians Involved,Dry,No Unusual Conditions,Daylight,Unknown,Controls Functioning,Clear,Rear End,Intersection,Other Vehicle,Not Applicable,Not Applicable,At,,False,True,79617,KING RD,STORY RD,37.33990368,-121.843109
1205,683258,CR-0000092846,0,0,0,0,22-198-0705,False,False,0,7/17/2022 6:28:00 PM,No Pedestrians Involved,Dry,No Unusual Conditions,Daylight,Violation Driver 1,Controls Functioning,Clear,Rear End,Intersection,Other Vehicle,Not Applicable,Not Applicable,At,,False,True,79617,KING RD,STORY RD,37.33990368,-121.843109
1206,685269,CR-0000093949,0,0,0,0,22-214-9711,False,True,0,7/30/2022 3:45:00 AM,No Pedestrians Involved,Dry,No Unusual Conditions,Daylight,Unknown,Controls Functioning,Clear,Rear End,Intersection,Other Vehicle,Not Applicable,Not Applicable,At,,False,False,79617,KING RD,STORY RD,37.33990368,-121.843109
1207,694193,CR-0000098030,0,0,0,0,23-107-0550,False,False,236,4/17/2023 3:35:00 PM,Crossing - Not In Crosswalk,Dry,No Unusual Conditions,Daylight,Pedestrian At Fault,Controls Functioning,Clear,Vehicle/Pedestrian,Non-Related,Pedestrian,South,North,South Of,PEDESTRIAN,False,False,79617,KING RD,STORY RD,37.33990368,-121.843109
1208,694268,CR-0000097967,1,0,0,0,23-067-0344,False,False,36,3/8/2023 12:09:00 PM,No Pedestrians Involved,Dry,No Unusual Conditions,Daylight,Violation Driver 1,Controls Functioning,Clear,Rear End,Related,Other Vehicle,Not Applicable,Not Applicable,West Of,,True,False,79617,KING RD,STORY RD,37.33990368,-121.843109
1209,691086,CR-0000097259,4,0,0,0,23-043-0660,False,False,40,2/12/2023 8:02:00 PM,No Pedestrians Involved,Dry,No Unusual Conditions,Dark - Street Light,Violation Driver 1,Controls Functioning,Clear,Rear End,Related,Other Vehicle,Not Applicable,Not Applicable,West Of,,True,True,79617,KING RD,STORY RD,37.33990368,-121.843109
1210,690853,CR-0000096994,0,0,0,0,23-019-0457,False,False,0,1/19/2023 2:17:00 PM,No Pedestrians Involved,Dry,No Unusual Conditions,Daylight,Violation Driver 1,Controls Functioning,Clear,Sideswipe,Intersection,Other Vehicle,Not Applicable,Not Applicable,At,,False,True,79617,KING RD,STORY RD,37.33990368,-121.843109
1211,691149,CR-0000097350,0,0,0,0,23-037-9706,False,True,0,2/4/2023 5:20:00 PM,No Pedestrians Involved,Wet,No Unusual Conditions,Daylight,Unknown,Unknown,Rain,Sideswipe,Intersection,Other Vehicle,Not Applicable,Not Applicable,At,,False,False,79617,KING RD,STORY RD,37.33990368,-121.843109
1212,691333,CR-0000097580,1,0,0,0,23-071-0827,False,False,28,3/12/2023 10:44:00 PM,No Pedestrians Involved,Dry,No Unusual Conditions,Dark - Street Light,Violation Driver 1,Controls Functioning,Cloudy,Broadside,Related,Other Vehicle,Not Applicable,Not Applicable,North Of,,True,True,79617,KING RD,STORY RD,37.33990368,-121.843109
1213,691295,CR-0000097540,1,0,0,0,23-060-0255,False,False,251,3/1/2023 9:43:00 AM,Crossing In Crosswalk - Not At Intersection,Dry,No Unusual Conditions,Daylight,Violation Driver 1,No Controls Present/Factor,Clear,Vehicle/Pedestrian,Non-Related,Pedestrian,North,South,North Of,,True,True,79617,KING RD,STORY RD,37.33990368,-121.843109
1214,690025,CR-0000096074,1,0,0,0,22-279-1014,False,False,0,10/6/2022 10:15:00 PM,No Pedestrians Involved,Dry,No Unusual Conditions,Dark - Street Light,Violation Driver 1,Controls Functioning,Clear,Sideswipe,Intersection,Other Vehicle,Not Applicable,Not Applicable,At,,True,True,79617,KING RD,STORY RD,37.33990368,-121.843109
1215,690415,CR-0000096512,0,0,0,0,22-281-9708,False,True,0,10/8/2022 11:04:00 AM,No Pedestrians Involved,Dry,No Unusual Conditions,Daylight,Unknown,Controls Functioning,Clear,Rear End,Intersection,Other Vehicle,Unknown,Unknown,At,,False,False,79617,KING RD,STORY RD,37.33990368,-121.843109
1216,690474,CR-0000096575,0,0,0,0,22-244-1002,False,False,0,9/1/2022 8:49:00 PM,No Pedestrians Involved,Dry,No Unusual Conditions,Dusk - Dawn,Violation Driver 1,Unknown,Clear,Sideswipe,Intersection,Other Vehicle,Not Applicable,Not Applicable,At,,False,True,79617,KING RD,STORY RD,37.33990368,-121.843109
1217,690169,CR-0000096258,0,0,0,0,22-157-4000,False,True,0,6/4/2022 10:45:00 PM,No Pedestrians Involved,Unknown,Unknown,Unknown,Unknown,Unknown,Unknown,Other,Intersection,Other Vehicle,Not Applicable,Not Applicable,At,,False,True,79617,KING RD,STORY RD,37.33990368,-121.843109
1218,690239,CR-0000096329,0,0,0,0,22-270-9707,False,True,0,9/26/2022 6:00:00 PM,No Pedestrians Involved,Dry,No Unusual Conditions,Daylight,Unknown,No Controls Present/Factor,Clear,Rear End,Intersection,Other Vehicle,Not Applicable,Not Applicable,At,,False,False,79617,KING RD,STORY RD,37.33990368,-121.843109
1219,690483,CR-0000096593,0,0,0,0,22-361-9708,False,True,0,12/22/2022 7:18:00 AM,No Pedestrians Involved,Dry,No Unusual Conditions,Dark - Street Light,Unknown,Controls Functioning,Clear,Sideswipe,Intersection,Other Vehicle,Not Applicable,Not Applicable,At,,False,False,79617,KING RD,STORY RD,37.33990368,-121.843109
1220,689495,CR-0000095472,1,0,0,0,22-348-0676,False,False,170,12/14/2022 6:07:00 PM,No Pedestrians Involved,Dry,No Unusual Conditions,Dark - Street Light,Violation Driver 1,Controls Functioning,Clear,Rear End,Non-Related,Other Vehicle,Not Applicable,Not Applicable,North Of,,True,False,79617,KING RD,STORY RD,37.33990368,-121.843109
1221,690496,CR-0000096605,0,0,0,0,22-297-9713,False,True,0,10/23/2022 1:20:00 PM,No Pedestrians Involved,Dry,No Unusual Conditions,Daylight,Unknown,Controls Functioning,Clear,Rear End,Intersection,Other Vehicle,Not Applicable,Not Applicable,At,,False,True,79617,KING RD,STORY RD,37.33990368,-121.843109
1222,690491,CR-0000096613,0,0,0,0,22-303-9705,False,True,50,10/29/2022 6:58:00 PM,No Pedestrians Involved,Dry,No Unusual Conditions,Dark - Street Light,Unknown,Controls Functioning,Clear,Rear End,Related,Other Vehicle,Not Applicable,Not Applicable,South Of,,False,True,79617,KING RD,STORY RD,37.33990368,-121.843109