_id,CrashFactId,Name,MinorInjuries,ModerateInjuries,SevereInjuries,FatalInjuries,TcrNumber,CityDamageFlag,ShortFormFlag,Distance,CrashDateTime,PedestrianAction,RoadwaySurface,RoadwayCondition,Lighting,PrimaryCollisionFactor,TrafficControl,Weather,CollisionType,ProximityToIntersection,VehicleInvolvedWith,PedestrianDirectionFrom,PedestrianDirectionTo,DirectionFromIntersection,Comment,SpeedingFlag,HitAndRunFlag,IntersectionNumber,AStreetName,BStreetName,Latitude,Longitude
1223,689515,CR-0000095492,1,0,1,0,22-359-0344,False,False,0,12/25/2022 12:26:00 PM,No Pedestrians Involved,Dry,No Unusual Conditions,Daylight,Violation Driver 1,Controls Functioning,Clear,Broadside,Intersection,Motorcycle,Not Applicable,Not Applicable,At,,False,False,79617,KING RD,STORY RD,37.33990368,-121.843109
1224,689531,CR-0000095508,0,1,0,0,22-357-0724,False,False,0,12/23/2022 6:45:00 PM,No Pedestrians Involved,Dry,No Unusual Conditions,Dark - Street Light,Unknown,No Controls Present/Factor,Clear,Vehicle/Bike,Intersection,Bike,Not Applicable,Not Applicable,At,BIKE,False,True,79617,KING RD,STORY RD,37.33990368,-121.843109
1225,694446,CR-0000098411,1,0,0,0,23-160-0428,False,False,331,6/9/2023 1:33:00 PM,No Pedestrians Involved,Dry,No Unusual Conditions,Daylight,Violation Driver 1,No Controls Present/Factor,Clear,Vehicle/Bike,Non-Related,Bike,Not Applicable,Not Applicable,West Of,BIKE,True,False,79617,KING RD,STORY RD,37.33990368,-121.843109
1226,694581,CR-0000098605,2,0,0,0,23-186-0773,False,False,217,7/5/2023 6:51:00 PM,No Pedestrians Involved,Dry,No Unusual Conditions,Daylight,Violation Driver 1,Controls Functioning,Clear,Rear End,Non-Related,Other Vehicle,Not Applicable,Not Applicable,North Of,,False,True,79617,KING RD,STORY RD,37.33990368,-121.843109
1227,696173,CR-0000099316,1,0,0,0,23-153-9708,False,True,0,5/13/2023 1:35:00 PM,No Pedestrians Involved,Dry,No Unusual Conditions,Daylight,Unknown,Controls Functioning,Clear,Rear End,Intersection,Other Vehicle,Not Applicable,Not Applicable,At,,False,False,79617,KING RD,STORY RD,37.33990368,-121.843109
1228,696550,CR-0000099747,0,1,0,0,23-344-0821,False,False,0,12/10/2023 10:52:00 PM,No Pedestrians Involved,Dry,No Unusual Conditions,Dark - Street Light,Violation Driver 1,Controls Not Functioning,Clear,Vehicle/Bike,Intersection,Bike,Not Applicable,Not Applicable,At,BIKE,True,True,79617,KING RD,STORY RD,37.33990368,-121.843109
1229,696534,CR-0000099721,0,2,0,0,23-350-0040,False,False,0,12/16/2023 12:39:00 AM,No Pedestrians Involved,Dry,No Unusual Conditions,Dark - Street Light,Violation Driver 1,Controls Functioning,Clear,Head On,Intersection,Other Vehicle,Not Applicable,Not Applicable,At,,False,False,79617,KING RD,STORY RD,37.33990368,-121.843109
1230,696531,CR-0000099718,1,0,0,0,23-349-0621,False,False,0,12/15/2023 7:16:00 PM,Crossing In Crosswalk - At Intersection,Dry,No Unusual Conditions,Daylight,Violation Driver 1,Unknown,Clear,Vehicle/Pedestrian,Intersection,Pedestrian,West,East,At,PED,False,False,79617,KING RD,STORY RD,37.33990368,-121.843109
1231,696571,CR-0000099770,1,0,0,0,23-260-0561,False,False,52,9/17/2023 4:20:00 PM,Crossing In Crosswalk - At Intersection,Dry,No Unusual Conditions,Daylight,Violation Driver 1,Controls Functioning,Clear,Vehicle/Pedestrian,Non-Related,Pedestrian,South,North,East Of,PED,True,True,79617,KING RD,STORY RD,37.33990368,-121.843109
1232,698993,CR-0000100297,0,1,0,0,23-320-0410,False,False,0,11/16/2023 1:06:00 PM,No Pedestrians Involved,Dry,No Unusual Conditions,Daylight,Bike At Fault,Controls Functioning,Cloudy,Vehicle/Bike,Intersection,Bike,Not Applicable,Not Applicable,At,BIKE,False,False,79617,KING RD,STORY RD,37.33990368,-121.843109
1233,699128,CR-0000100444,0,0,0,0,23-176-0900,False,False,0,6/25/2023 10:08:00 PM,No Pedestrians Involved,Dry,No Unusual Conditions,Dark - Street Light,Violation Driver 1,Controls Functioning,Clear,Rear End,Intersection,Other Vehicle,Not Applicable,Not Applicable,At,,True,True,79617,KING RD,STORY RD,37.33990368,-121.843109
1234,722260,CR-0000103527,0,0,0,0,24-085-4004,False,True,51,3/24/2024 1:30:00 AM,No Pedestrians Involved,Unknown,Unknown,Unknown,Unknown,Unknown,Unknown,Rear End,Non-Related,Other Vehicle,Not Applicable,Not Applicable,Unknown,,False,False,79617,KING RD,STORY RD,37.33990368,-121.843109
1235,722490,CR-0000103792,0,0,0,0,24-106-0631,False,False,50,4/15/2024 4:52:00 PM,No Pedestrians Involved,Dry,No Unusual Conditions,Daylight,Violation Driver 2,Controls Functioning,Clear,Sideswipe,Related,Other Vehicle,Not Applicable,Not Applicable,West Of,,False,True,79617,KING RD,STORY RD,37.33990368,-121.843109
1236,716397,CR-0000102396,1,0,0,0,24-062-9706,False,True,0,2/29/2024 12:48:00 PM,No Pedestrians Involved,Wet,No Unusual Conditions,Daylight,Unknown,Controls Functioning,Cloudy,Sideswipe,Intersection,Other Vehicle,Not Applicable,Not Applicable,At,,False,False,79617,KING RD,STORY RD,37.33990368,-121.843109
1237,721997,CR-0000103251,0,0,0,0,24-054-0368,False,False,0,2/23/2024 10:15:00 AM,No Pedestrians Involved,Dry,Unknown,Daylight,Violation Driver 1,Controls Functioning,Clear,Rear End,Intersection,Other Vehicle,Not Applicable,Not Applicable,At,,False,True,79617,KING RD,STORY RD,37.33990368,-121.843109
1238,719772,CR-0000102945,0,0,0,0,24-029-4008,False,True,,1/27/2024 7:25:00 PM,No Pedestrians Involved,Unknown,Unknown,Unknown,Unknown,Unknown,Unknown,Rear End,Related,Other Vehicle,Not Applicable,Not Applicable,Unknown,,False,False,79617,KING RD,STORY RD,37.33990368,-121.843109
1239,716062,CR-0000102019,3,0,0,0,24-010-0255,False,False,0,1/10/2024 10:04:00 AM,No Pedestrians Involved,Wet,No Unusual Conditions,Daylight,Violation Driver 1,Unknown,Rain,Broadside,Intersection,Other Vehicle,Not Applicable,Not Applicable,At,,False,False,79617,KING RD,STORY RD,37.33990368,-121.843109
1240,711619,CR-0000101049,0,0,0,0,23-295-4002,False,True,0,10/21/2023 11:33:00 AM,No Pedestrians Involved,Unknown,Unknown,Unknown,Unknown,Unknown,Unknown,Other,Intersection,Other Vehicle,Not Applicable,Not Applicable,At,,False,False,79617,KING RD,STORY RD,37.33990368,-121.843109
1241,716387,CR-0000102386,0,1,0,0,24-040-0568,True,False,623,2/9/2024 4:08:00 PM,No Pedestrians Involved,Dry,No Unusual Conditions,Daylight,Violation Driver 1,No Controls Present/Factor,Clear,Head On,Non-Related,Other Vehicle,Not Applicable,Not Applicable,South Of,TREE,False,False,70620,HARRY RD,MCKEAN CT/MCKEAN RD,37.20160154,-121.8286468
1242,682452,CR-0000092016,1,0,0,0,22-117-0182,False,False,0,4/27/2022 8:10:00 AM,No Pedestrians Involved,Unknown,No Unusual Conditions,Daylight,Violation Driver 1,Controls Functioning,Clear,Vehicle/Bike,Intersection,Bike,Not Applicable,Not Applicable,At,BIKE,False,False,71103,HAYES AV,WALNUT BLOSSOM DR,37.25640078,-121.8146079
1243,682154,CR-0000091687,1,0,0,0,22-083-0208,False,False,0,3/24/2022 8:19:00 AM,No Pedestrians Involved,Dry,No Unusual Conditions,Daylight,Bike At Fault,Controls Functioning,Clear,Vehicle/Bike,Intersection,Bike,Not Applicable,Not Applicable,At,,False,False,71103,HAYES AV,WALNUT BLOSSOM DR,37.25640078,-121.8146079
1244,683054,CR-0000092639,0,0,0,0,22-168-0937,False,False,40,6/17/2022 10:21:00 PM,No Pedestrians Involved,Dry,No Unusual Conditions,Dark - Street Light,Violation Driver 1,No Controls Present/Factor,Clear,Hit Object,Related,Parked Vehicle,Not Applicable,Not Applicable,East Of,,True,True,109361,SINGLETON RD,VERDI DR,37.29159376,-121.8289347
1245,691379,CR-0000097628,0,0,0,0,23-067-0185,False,False,127,3/8/2023 8:15:00 AM,No Pedestrians Involved,Wet,No Unusual Conditions,Daylight,Violation Driver 1,No Controls Present/Factor,Cloudy,Broadside,Non-Related,Motor Vehicle On Other Roadway,Not Applicable,Not Applicable,East Of,,True,True,109361,SINGLETON RD,VERDI DR,37.29159376,-121.8289347
1246,688897,CR-0000094757,0,0,0,0,22-276-1016,False,False,36,10/3/2022 11:40:00 PM,No Pedestrians Involved,Dry,No Unusual Conditions,Dark - Street Light,Violation Driver 1,Controls Functioning,Clear,Rear End,Related,Parked Vehicle,Not Applicable,Not Applicable,East Of,,True,False,107502,SANTA TERESA BL,UTE DR,37.23685186,-121.8338351
1247,681536,CR-0000090932,0,2,0,0,22-038-0550,False,False,0,2/7/2022 2:33:00 PM,No Pedestrians Involved,Dry,No Unusual Conditions,Daylight,Violation Driver 1,Controls Functioning,Clear,Head On,Intersection,Other Vehicle,Not Applicable,Not Applicable,At,,False,False,32372,CAPITOL AV,CAPITOL SQUARE,37.37183747,-121.8447367
1248,682708,CR-0000092286,0,0,0,0,22-136-0482,False,False,134,5/16/2022 12:36:00 PM,No Pedestrians Involved,Dry,No Unusual Conditions,Daylight,Violation Driver 1,Controls Functioning,Clear,Sideswipe,Non-Related,Other Vehicle,Not Applicable,Not Applicable,South Of,,False,False,32372,CAPITOL AV,CAPITOL SQUARE,37.37183747,-121.8447367
1249,716079,CR-0000102005,1,0,0,0,24-007-0687,False,False,0,1/7/2024 7:44:00 PM,Crossing - Not In Crosswalk,Dry,No Unusual Conditions,Dark - Street Light,Pedestrian At Fault,Controls Functioning,Clear,Vehicle/Pedestrian,Intersection,Pedestrian,West,East,At,SCOOTER,False,False,32372,CAPITOL AV,CAPITOL SQUARE,37.37183747,-121.8447367
1250,689067,CR-0000094915,1,0,0,0,22-293-0160,False,False,98,10/20/2022 7:57:00 AM,No Pedestrians Involved,Dry,No Unusual Conditions,Daylight,Violation Driver 1,No Controls Present/Factor,Clear,Head On,Non-Related,Fixed Object,Not Applicable,Not Applicable,North Of,TREE,False,False,32900,CAPITOL EX,OLD ALMADEN RD,37.27575609,-121.8772875
1251,711554,CR-0000101377,0,0,0,0,23-309-0179,True,False,42,11/5/2023 3:12:00 AM,No Pedestrians Involved,Dry,No Unusual Conditions,Dark - Street Light,Violation Driver 1,No Controls Present/Factor,Clear,Hit Object,Related,Fixed Object,Not Applicable,Not Applicable,North Of,TREE,False,True,32900,CAPITOL EX,OLD ALMADEN RD,37.27575609,-121.8772875
1252,711911,CR-0000101581,0,0,0,0,23-354-4000,False,True,,12/17/2023 3:08:00 PM,No Pedestrians Involved,Unknown,Unknown,Unknown,Unknown,Unknown,Unknown,Sideswipe,Related,Parked Vehicle,Not Applicable,Not Applicable,Unknown,,False,False,1396,ABORN RD,STANHOPE DR,37.30747865,-121.817629
1253,715956,CR-0000101758,0,0,0,0,23-018-9707,False,True,0,1/18/2023 8:11:00 AM,No Pedestrians Involved,Dry,No Unusual Conditions,Daylight,Violation Driver 1,Controls Functioning,Clear,Sideswipe,Intersection,Other Vehicle,Not Applicable,Not Applicable,At,,False,True,123771,ABORN RD,STALLION WY,37.30796734,-121.8168639
1254,712239,CR-0000101684,0,0,0,0,23-018-9709,False,True,0,1/18/2023 8:11:00 AM,No Pedestrians Involved,Dry,No Unusual Conditions,Daylight,Unknown,Controls Functioning,Clear,Sideswipe,Intersection,Other Vehicle,Not Applicable,Not Applicable,At,,False,False,123771,ABORN RD,STALLION WY,37.30796734,-121.8168639
1255,681981,CR-0000091490,0,1,0,0,22-080-0115,False,False,405,3/19/2022 3:15:00 AM,No Pedestrians Involved,Dry,No Unusual Conditions,Dark - Street Light,Violation Driver 1,Controls Functioning,Clear,Hit Object,Non-Related,Fixed Object,Not Applicable,Not Applicable,East Of,,False,False,1407,ABORN RD,TOWERS LN,37.30866015,-121.8157824
1256,698695,CR-0000099943,1,0,0,0,23-296-0031,True,False,0,10/23/2023 12:39:00 AM,No Pedestrians Involved,Wet,No Unusual Conditions,Dark - Street Light,Violation Driver 1,No Controls Present/Factor,Rain,Hit Object,Intersection,Fixed Object,Not Applicable,Not Applicable,At,TREE,True,False,89870,MCLAUGHLIN AV,RAPOSA DR,37.29963058,-121.82003
1257,689657,CR-0000095639,1,0,0,0,22-341-0754,False,False,0,12/7/2022 7:15:00 PM,Crossing - Not In Crosswalk,Dry,No Unusual Conditions,Dark - Street Light,Pedestrian At Fault,No Controls Present/Factor,Clear,Vehicle/Pedestrian,Intersection,Pedestrian,East,West,At,,False,False,103586,REMINGTON WY,SIMBERLAN DR,37.32652247,-121.7868966
1258,691053,CR-0000097226,0,0,0,0,23-037-0828,False,False,913,2/6/2023 8:50:00 PM,No Pedestrians Involved,Dry,No Unusual Conditions,Dark - No Street Light,Violation Driver 1,No Controls Present/Factor,Clear,Sideswipe,Non-Related,Other Vehicle,Not Applicable,Not Applicable,North Of,,False,True,100308,PERIE LN,SUNCREST AV,37.40197769,-121.827036
1259,722355,CR-0000103649,0,0,0,0,24-094-0998,False,False,18,4/3/2024 11:56:00 PM,No Pedestrians Involved,Dry,No Unusual Conditions,Dark - Street Light,Violation Driver 1,No Controls Present/Factor,Clear,Hit Object,Related,Fixed Object,Not Applicable,Not Applicable,North Of,,False,False,100308,PERIE LN,SUNCREST AV,37.40197769,-121.827036
1260,683448,CR-0000093044,0,0,0,0,22-080-0200,False,False,33,3/21/2022 8:12:00 AM,No Pedestrians Involved,Dry,No Unusual Conditions,Daylight,Violation Driver 1,No Controls Present/Factor,Clear,Head On,Related,Parked Vehicle,Not Applicable,Not Applicable,South Of,,True,True,60037,FIJI DR,SALEM DR,37.38801941,-121.8413978
1261,690320,CR-0000096414,0,0,0,0,22-218-9706,False,True,0,8/5/2022 1:30:00 PM,No Pedestrians Involved,Dry,No Unusual Conditions,Daylight,Unknown,Controls Functioning,Clear,Rear End,Intersection,Other Vehicle,Not Applicable,Not Applicable,At,,False,False,17577,BERRYESSA RD,MORRILL AV/SUMMERPARK CT,37.3896842,-121.8562068
1262,716074,CR-0000102028,0,1,0,0,24-013-0607,False,False,245,1/13/2024 6:01:00 PM,No Pedestrians Involved,Wet,No Unusual Conditions,Dark - Street Light,Violation Driver 1,No Controls Present/Factor,Cloudy,Rear End,Non-Related,Parked Vehicle,Not Applicable,Not Applicable,East Of,,False,False,17577,BERRYESSA RD,MORRILL AV/SUMMERPARK CT,37.3896842,-121.8562068
1263,716058,CR-0000102030,1,0,0,0,24-014-0624,False,False,0,1/14/2024 5:48:00 PM,No Pedestrians Involved,Dry,No Unusual Conditions,Dark - Street Light,Violation Driver 1,Controls Functioning,Clear,Broadside,Intersection,Other Vehicle,Not Applicable,Not Applicable,At,,False,False,17577,BERRYESSA RD,MORRILL AV/SUMMERPARK CT,37.3896842,-121.8562068
1264,682686,CR-0000092262,0,0,0,0,22-179-9707,False,True,0,5/13/2022 6:30:00 PM,Crossing In Crosswalk - At Intersection,Dry,No Unusual Conditions,Daylight,Unknown,No Controls Present/Factor,Clear,Vehicle/Pedestrian,Intersection,Pedestrian,Unknown,Unknown,At,PEDESTRIAN,False,True,17632,BERRYESSA RD,SANDSTONE LN,37.38803585,-121.8591274
1265,681464,CR-0000090854,1,0,0,0,22-032-0695,False,False,0,2/1/2022 3:48:00 PM,Crossing In Crosswalk - At Intersection,Dry,No Unusual Conditions,Daylight,Violation Driver 1,Controls Functioning,Clear,Vehicle/Pedestrian,Intersection,Pedestrian,North,South,At,PEDESTRIAN,False,False,17632,BERRYESSA RD,SANDSTONE LN,37.38803585,-121.8591274
1266,690530,CR-0000096650,0,0,0,0,22-361-9712,False,True,0,12/26/2022 1:05:00 PM,No Pedestrians Involved,Dry,No Unusual Conditions,Daylight,Unknown,Controls Functioning,Cloudy,Sideswipe,Intersection,Other Vehicle,Unknown,Unknown,At,,False,False,17632,BERRYESSA RD,SANDSTONE LN,37.38803585,-121.8591274
1267,718490,CR-0000102596,0,1,0,1,24-118-0546,False,False,480,4/27/2024 4:39:00 PM,No Pedestrians Involved,Dry,No Unusual Conditions,Daylight,Violation Driver 1,Controls Functioning,Clear,Broadside,Non-Related,Other Vehicle,Not Applicable,Not Applicable,East Of,Passenger Fatality of V1,False,False,17632,BERRYESSA RD,SANDSTONE LN,37.38803585,-121.8591274
1268,699117,CR-0000100433,0,0,0,0,23-157-0206,False,False,93,6/6/2023 8:26:00 AM,No Pedestrians Involved,Dry,No Unusual Conditions,Daylight,Violation Driver 1,No Controls Present/Factor,Clear,Sideswipe,Non-Related,Other Vehicle,Not Applicable,Not Applicable,North Of,,False,True,71873,HELMSLEY DR,SUMMERDALE DR,37.38886536,-121.8517942
1269,699395,CR-0000100722,1,0,0,0,23-311-0924,False,False,0,11/7/2023 10:22:00 PM,No Pedestrians Involved,Dry,No Unusual Conditions,Dark - Street Light,Violation Driver 1,Controls Functioning,Clear,Rear End,Intersection,Other Vehicle,Not Applicable,Not Applicable,At,,True,True,13859,BASCOM AV,HAMILTON AV,37.29433327,-121.9316738
1270,715947,CR-0000101870,0,0,0,0,23-334-0473,False,False,0,11/26/2023 4:00:00 PM,No Pedestrians Involved,Dry,No Unusual Conditions,Daylight,Violation Driver 1,No Controls Present/Factor,Clear,Rear End,Intersection,Other Vehicle,Not Applicable,Not Applicable,At,,False,True,13859,BASCOM AV,HAMILTON AV,37.29433327,-121.9316738
1271,711573,CR-0000101056,0,0,0,0,23-296-4008,False,True,,10/23/2023 11:01:00 AM,No Pedestrians Involved,Unknown,Unknown,Unknown,Unknown,Unknown,Unknown,Other,Related,Other Vehicle,Not Applicable,Not Applicable,Unknown,,False,False,132857,BASCOM AV,SCOTT ST,37.31985704,-121.931868
1272,694798,CR-0000098836,1,0,0,0,23-213-0771,True,False,174,8/1/2023 6:08:00 PM,No Pedestrians Involved,Dry,No Unusual Conditions,Daylight,Violation Driver 1,Unknown,Clear,Rear End,Non-Related,Other Vehicle,Not Applicable,Not Applicable,South Of,LIGHT POLELIGHTPOLE,False,False,13970,BASCOM AV/WASHINGTON ST,NEWHALL ST,37.33850156,-121.9382344
1273,681545,CR-0000090941,0,0,0,0,22-039-9708,False,True,0,2/7/2022 11:40:00 PM,No Pedestrians Involved,Dry,No Unusual Conditions,Dark - Street Light,Unknown,Controls Functioning,Clear,Broadside,Intersection,Other Vehicle,Not Applicable,Not Applicable,At,,False,False,125300,BAYSHORE FR,CAPITOL EX,37.30233151,-121.8179326
1274,681261,CR-0000090647,0,0,0,0,22-007-0474,False,False,16,1/7/2022 3:25:00 PM,No Pedestrians Involved,Dry,No Unusual Conditions,Daylight,Violation Driver 1,Controls Functioning,Clear,Head On,Related,Other Vehicle,Not Applicable,Not Applicable,West Of,,True,False,125300,BAYSHORE FR,CAPITOL EX,37.30233151,-121.8179326
1275,681910,CR-0000091402,1,0,0,0,22-047-0324,False,False,0,2/16/2022 11:36:00 AM,No Pedestrians Involved,Dry,No Unusual Conditions,Daylight,Violation Driver 1,Controls Functioning,Clear,Broadside,Intersection,Other Vehicle,Not Applicable,Not Applicable,At,,False,False,125300,BAYSHORE FR,CAPITOL EX,37.30233151,-121.8179326
1276,689606,CR-0000095587,1,0,0,0,22-121-0419,False,False,33,5/1/2022 1:25:00 PM,No Pedestrians Involved,Dry,No Unusual Conditions,Daylight,Violation Driver 1,Controls Functioning,Clear,Rear End,Related,Other Vehicle,Not Applicable,Not Applicable,East Of,,False,True,125300,BAYSHORE FR,CAPITOL EX,37.30233151,-121.8179326
1277,688785,CR-0000094629,0,0,0,0,22-297-4007,False,True,51,10/23/2022 4:35:00 PM,No Pedestrians Involved,Unknown,Unknown,Daylight,Unknown,Unknown,Unknown,Sideswipe,Non-Related,Other Vehicle,Not Applicable,Not Applicable,North Of,,False,True,125300,BAYSHORE FR,CAPITOL EX,37.30233151,-121.8179326
1278,688744,CR-0000094570,0,0,0,0,22-236-4005,False,True,51,8/24/2022 9:04:00 PM,No Pedestrians Involved,Unknown,Unknown,Unknown,Unknown,Unknown,Unknown,Rear End,Non-Related,Other Vehicle,Not Applicable,Not Applicable,East Of,,False,True,125300,BAYSHORE FR,CAPITOL EX,37.30233151,-121.8179326
1279,684805,CR-0000093379,1,0,0,0,22-226-1022,False,False,461,8/14/2022 10:53:00 PM,No Pedestrians Involved,Dry,No Unusual Conditions,Dark - Street Light,Violation Driver 1,No Controls Present/Factor,Clear,Sideswipe,Non-Related,Other Vehicle,Not Applicable,Not Applicable,West Of,Street Sweeper,False,False,125300,BAYSHORE FR,CAPITOL EX,37.30233151,-121.8179326
1280,694567,CR-0000098591,1,3,0,0,23-201-0531,False,False,0,7/20/2023 2:59:00 PM,No Pedestrians Involved,Dry,No Unusual Conditions,Daylight,Violation Driver 1,Controls Functioning,Clear,Broadside,Intersection,Other Vehicle,Not Applicable,Not Applicable,At,,False,False,125300,BAYSHORE FR,CAPITOL EX,37.30233151,-121.8179326
1281,697581,CR-0000099793,0,1,0,0,23-246-0129,False,False,0,9/3/2023 3:18:00 AM,No Pedestrians Involved,Dry,No Unusual Conditions,Dark - Street Light,Violation Driver 1,Unknown,Clear,Broadside,Intersection,Other Vehicle,Not Applicable,Not Applicable,At,,False,True,125300,BAYSHORE FR,CAPITOL EX,37.30233151,-121.8179326
1282,698886,CR-0000100184,2,0,0,0,23-333-9708,False,True,50,11/26/2023 9:20:00 PM,No Pedestrians Involved,Dry,Unknown,Dark - Street Light,Unknown,Unknown,Clear,Sideswipe,Related,Other Vehicle,Not Applicable,Not Applicable,West Of,,False,False,125300,BAYSHORE FR,CAPITOL EX,37.30233151,-121.8179326
1283,694302,CR-0000098210,2,0,0,0,23-151-0712,False,False,0,5/31/2023 6:17:00 PM,No Pedestrians Involved,Dry,No Unusual Conditions,Daylight,Violation Driver 1,Controls Functioning,Clear,Sideswipe,Intersection,Other Vehicle,Not Applicable,Not Applicable,At,,False,False,125300,BAYSHORE FR,CAPITOL EX,37.30233151,-121.8179326
1284,694303,CR-0000098211,1,1,0,0,23-141-0638,False,False,0,5/21/2023 5:56:00 PM,No Pedestrians Involved,Dry,No Unusual Conditions,Daylight,Violation Driver 1,Controls Functioning,Clear,Broadside,Intersection,Motor Vehicle On Other Roadway,Not Applicable,Not Applicable,At,,True,True,125300,BAYSHORE FR,CAPITOL EX,37.30233151,-121.8179326
1285,694220,CR-0000098091,1,0,0,0,23-111-0457,False,False,0,4/21/2023 2:28:00 PM,No Pedestrians Involved,Dry,No Unusual Conditions,Daylight,Violation Driver 1,Unknown,Clear,Broadside,Intersection,Motorcycle,Not Applicable,Not Applicable,At,,False,False,125300,BAYSHORE FR,CAPITOL EX,37.30233151,-121.8179326
1286,699416,CR-0000100747,0,0,0,0,23-195-0497,False,False,0,7/14/2023 2:34:00 PM,No Pedestrians Involved,Dry,No Unusual Conditions,Daylight,Violation Driver 1,Controls Functioning,Clear,Sideswipe,Intersection,Other Vehicle,Not Applicable,Not Applicable,At,,False,True,125300,BAYSHORE FR,CAPITOL EX,37.30233151,-121.8179326
1287,711728,CR-0000101297,0,0,0,0,23-211-4000,False,True,0,7/30/2023 12:25:00 PM,No Pedestrians Involved,Unknown,Unknown,Unknown,Unknown,Unknown,Unknown,Sideswipe,Intersection,Other Vehicle,Not Applicable,Not Applicable,At,,False,False,125300,BAYSHORE FR,CAPITOL EX,37.30233151,-121.8179326
1288,716343,CR-0000102326,3,0,0,0,24-042-0840,False,False,25,2/11/2024 11:20:00 PM,No Pedestrians Involved,Dry,Unknown,Dark - Street Light,Violation Driver 1,Controls Functioning,Clear,Rear End,Related,Other Vehicle,Not Applicable,Not Applicable,West Of,,True,False,125300,BAYSHORE FR,CAPITOL EX,37.30233151,-121.8179326
1289,690943,CR-0000097113,1,0,0,0,23-037-0157,False,False,525,2/6/2023 7:09:00 AM,No Pedestrians Involved,Dry,No Unusual Conditions,Daylight,Violation Driver 1,No Controls Present/Factor,Clear,Broadside,Non-Related,Other Vehicle,Not Applicable,Not Applicable,South Of,,False,False,91079,MIAMI DR,MIDFIELD AV,37.33047845,-121.8420982
1290,719494,CR-0000102614,1,0,0,0,24-068-0988,False,False,0,3/8/2024 11:12:00 PM,No Pedestrians Involved,Dry,No Unusual Conditions,Dark - Street Light,Violation Driver 1,Controls Functioning,Clear,Broadside,Intersection,Other Vehicle,Not Applicable,Not Applicable,At,,False,False,91090,MIAMI DR,TERILYN AV,37.33090992,-121.8413903
1291,697588,CR-0000099801,0,0,0,0,23-146-4002,False,True,51,5/25/2023 11:50:00 AM,No Pedestrians Involved,Unknown,Unknown,Daylight,Unknown,Unknown,Unknown,Sideswipe,Non-Related,Other Vehicle,Not Applicable,Not Applicable,South Of,,False,False,61940,FOLEY AV,MIAMI DR,37.33134983,-121.8406873
1292,711665,CR-0000101065,0,0,0,0,23-292-0107,False,False,56,10/19/2023 8:41:00 AM,No Pedestrians Involved,Dry,No Unusual Conditions,Dark - Street Light,Violation Driver 1,Controls Functioning,Clear,Rear End,Non-Related,Parked Vehicle,Not Applicable,Not Applicable,West Of,,False,True,61940,FOLEY AV,MIAMI DR,37.33134983,-121.8406873
1293,683437,CR-0000093033,0,0,0,0,22-078-0705,False,False,0,3/19/2022 7:47:00 PM,No Pedestrians Involved,Dry,No Unusual Conditions,Dark - Street Light,Violation Driver 1,No Controls Present/Factor,Clear,Head On,Intersection,Other Vehicle,Not Applicable,Not Applicable,At,,False,True,12044,BAHAMA WY,FLORIDA AV,37.33478287,-121.840538
1294,681775,CR-0000091175,0,0,0,0,22-034-0777,False,False,297,2/2/2022 11:23:00 PM,No Pedestrians Involved,Dry,No Unusual Conditions,Dark - Street Light,Violation Driver 1,No Controls Present/Factor,Clear,Rear End,Non-Related,Parked Vehicle,Not Applicable,Not Applicable,South Of,,True,True,61753,FLORIDA AV,TAMPA WY,37.3320797,-121.8379041
1295,685018,CR-0000093666,1,0,0,0,22-237-0433,False,False,0,8/25/2022 12:35:00 PM,No Pedestrians Involved,Dry,No Unusual Conditions,Daylight,Violation Driver 1,No Controls Present/Factor,Clear,Broadside,Intersection,Other Vehicle,Not Applicable,Not Applicable,At,,False,True,61753,FLORIDA AV,TAMPA WY,37.3320797,-121.8379041
1296,684720,CR-0000093469,1,0,0,0,22-189-0258,False,False,0,7/8/2022 9:25:00 AM,No Pedestrians Involved,Dry,No Unusual Conditions,Daylight,Violation Driver 1,Controls Functioning,Clear,Broadside,Intersection,Other Vehicle,Not Applicable,Not Applicable,At,,False,False,32922,CAPITOL EX,QUIMBY RD,37.3238552,-121.8084406
1297,684830,CR-0000093406,1,0,0,0,22-190-0326,False,False,0,7/9/2022 1:52:00 PM,No Pedestrians Involved,Dry,Unknown,Daylight,Violation Driver 1,Controls Functioning,Clear,Head On,Intersection,Other Vehicle,Not Applicable,Not Applicable,At,,False,False,32922,CAPITOL EX,QUIMBY RD,37.3238552,-121.8084406
1298,684938,CR-0000093642,0,0,1,0,22-219-0488,False,False,0,8/7/2022 1:05:00 PM,No Pedestrians Involved,Dry,No Unusual Conditions,Daylight,Violation Driver 1,Controls Functioning,Clear,Rear End,Intersection,Other Vehicle,Not Applicable,Not Applicable,At,,True,False,32922,CAPITOL EX,QUIMBY RD,37.3238552,-121.8084406