_id,CrashFactId,Name,MinorInjuries,ModerateInjuries,SevereInjuries,FatalInjuries,TcrNumber,CityDamageFlag,ShortFormFlag,Distance,CrashDateTime,PedestrianAction,RoadwaySurface,RoadwayCondition,Lighting,PrimaryCollisionFactor,TrafficControl,Weather,CollisionType,ProximityToIntersection,VehicleInvolvedWith,PedestrianDirectionFrom,PedestrianDirectionTo,DirectionFromIntersection,Comment,SpeedingFlag,HitAndRunFlag,IntersectionNumber,AStreetName,BStreetName,Latitude,Longitude
1299,689089,CR-0000094944,1,0,0,0,22-287-0483,False,False,0,10/14/2022 1:37:00 PM,No Pedestrians Involved,Dry,No Unusual Conditions,Daylight,Violation Driver 1,Controls Functioning,Clear,Rear End,Intersection,Other Vehicle,Not Applicable,Not Applicable,At,,True,False,32922,CAPITOL EX,QUIMBY RD,37.3238552,-121.8084406
1300,689330,CR-0000095298,2,0,0,0,22-291-0917,False,False,22,10/18/2022 9:28:00 PM,No Pedestrians Involved,Dry,No Unusual Conditions,Daylight,Violation Driver 1,Controls Functioning,Clear,Rear End,Related,Other Vehicle,Not Applicable,Not Applicable,North Of,,True,False,32922,CAPITOL EX,QUIMBY RD,37.3238552,-121.8084406
1301,681290,CR-0000090677,0,1,0,0,22-010-0150,False,False,0,1/10/2022 6:50:00 AM,No Pedestrians Involved,Dry,No Unusual Conditions,Daylight,Violation Driver 1,Controls Functioning,Clear,Broadside,Intersection,Motor Vehicle On Other Roadway,Not Applicable,Not Applicable,At,,False,False,32922,CAPITOL EX,QUIMBY RD,37.3238552,-121.8084406
1302,690372,CR-0000096468,0,0,0,0,22-146-9707,False,True,51,5/16/2022 3:20:00 PM,No Pedestrians Involved,Dry,No Unusual Conditions,Daylight,Unknown,Controls Functioning,Clear,Sideswipe,Non-Related,Other Vehicle,Not Applicable,Not Applicable,Unknown,,False,True,32922,CAPITOL EX,QUIMBY RD,37.3238552,-121.8084406
1303,682735,CR-0000092316,1,1,0,0,22-098-0895,False,False,1188,4/8/2022 8:50:00 PM,No Pedestrians Involved,Dry,No Unusual Conditions,Dark - Street Light,Violation Driver 1,Controls Functioning,Clear,Other,Non-Related,Other Vehicle,Not Applicable,Not Applicable,South Of,,True,False,32922,CAPITOL EX,QUIMBY RD,37.3238552,-121.8084406
1304,698638,CR-0000099862,3,0,0,0,23-238-0997,False,False,0,8/26/2023 11:04:00 PM,No Pedestrians Involved,Dry,No Unusual Conditions,Dark - Street Light,Violation Driver 1,Unknown,Clear,Broadside,Intersection,Other Vehicle,Not Applicable,Not Applicable,At,,True,True,32922,CAPITOL EX,QUIMBY RD,37.3238552,-121.8084406
1305,698828,CR-0000100111,1,1,0,0,23-350-0721,True,False,0,12/16/2023 7:12:00 PM,No Pedestrians Involved,Dry,No Unusual Conditions,Dark - Street Light,Violation Driver 1,Controls Functioning,Clear,Head On,Intersection,Other Vehicle,Not Applicable,Not Applicable,At,LIGHTPOLE,True,False,32922,CAPITOL EX,QUIMBY RD,37.3238552,-121.8084406
1306,698763,CR-0000100044,0,0,1,0,23-353-0143,False,False,0,12/19/2023 6:31:00 AM,Crossing In Crosswalk - At Intersection,Wet,No Unusual Conditions,Dark - Street Light,Pedestrian At Fault,Controls Functioning,Rain,Vehicle/Pedestrian,Intersection,Pedestrian,West,East,At,PED,False,False,32922,CAPITOL EX,QUIMBY RD,37.3238552,-121.8084406
1307,699035,CR-0000100341,1,0,0,0,23-198-0486,False,False,0,7/16/2023 1:54:00 PM,No Pedestrians Involved,Dry,No Unusual Conditions,Daylight,Violation Driver 1,Controls Functioning,Clear,Head On,Intersection,Other Vehicle,Not Applicable,Not Applicable,At,,False,True,32922,CAPITOL EX,QUIMBY RD,37.3238552,-121.8084406
1308,699307,CR-0000100632,0,0,0,0,23-183-4000,False,True,0,6/21/2023 2:02:00 PM,No Pedestrians Involved,Unknown,Unknown,Unknown,Unknown,Unknown,Unknown,Other,Intersection,Other Vehicle,Not Applicable,Not Applicable,At,,False,False,32922,CAPITOL EX,QUIMBY RD,37.3238552,-121.8084406
1309,694585,CR-0000098609,2,0,1,0,23-198-0839,False,False,0,7/17/2023 9:01:00 PM,No Pedestrians Involved,Dry,No Unusual Conditions,Dark - Street Light,Violation Driver 1,Controls Functioning,Clear,Broadside,Intersection,Other Vehicle,Not Applicable,Not Applicable,At,,False,False,32922,CAPITOL EX,QUIMBY RD,37.3238552,-121.8084406
1310,695863,CR-0000098928,0,0,0,0,23-093-0495,False,False,0,4/3/2023 2:51:00 PM,No Pedestrians Involved,Dry,No Unusual Conditions,Daylight,Violation Driver 1,Controls Functioning,Clear,Rear End,Intersection,Other Vehicle,Not Applicable,Not Applicable,At,,False,True,32922,CAPITOL EX,QUIMBY RD,37.3238552,-121.8084406
1311,696059,CR-0000099194,0,0,0,0,23-024-4005,False,True,,1/24/2023 8:15:00 AM,No Pedestrians Involved,Unknown,Unknown,Unknown,Unknown,Unknown,Unknown,Rear End,Related,Other Vehicle,Not Applicable,Not Applicable,Unknown,,False,False,32922,CAPITOL EX,QUIMBY RD,37.3238552,-121.8084406
1312,696025,CR-0000099160,0,0,0,0,23-195-0406,False,False,0,7/14/2023 12:39:00 PM,No Pedestrians Involved,Dry,No Unusual Conditions,Daylight,Violation Driver 1,Controls Functioning,Clear,Rear End,Intersection,Other Vehicle,Not Applicable,Not Applicable,At,,False,False,32922,CAPITOL EX,QUIMBY RD,37.3238552,-121.8084406
1313,696272,CR-0000099419,1,0,0,0,23-117-0244,False,False,0,4/27/2023 9:09:00 AM,No Pedestrians Involved,Dry,No Unusual Conditions,Daylight,Violation Driver 1,Controls Functioning,Clear,Broadside,Intersection,Other Vehicle,Not Applicable,Not Applicable,At,,False,False,32922,CAPITOL EX,QUIMBY RD,37.3238552,-121.8084406
1314,691300,CR-0000097545,1,1,0,0,23-011-0340,False,False,0,1/11/2023 11:56:00 AM,No Pedestrians Involved,Wet,No Unusual Conditions,Daylight,Violation Driver 1,Controls Functioning,Rain,Broadside,Intersection,Other Vehicle,Not Applicable,Not Applicable,At,,False,False,32922,CAPITOL EX,QUIMBY RD,37.3238552,-121.8084406
1315,690601,CR-0000096722,2,0,0,0,23-031-0935,False,False,0,1/31/2023 9:37:00 PM,No Pedestrians Involved,Dry,No Unusual Conditions,Dark - Street Light,Violation Driver 1,Controls Functioning,Clear,Head On,Intersection,Other Vehicle,Not Applicable,Not Applicable,At,,False,False,32922,CAPITOL EX,QUIMBY RD,37.3238552,-121.8084406
1316,689623,CR-0000095604,0,1,0,0,22-363-0819,False,False,0,12/29/2022 9:39:00 PM,Crossing In Crosswalk - At Intersection,Wet,No Unusual Conditions,Dark - Street Light,Violation Driver 1,Controls Functioning,Rain,Vehicle/Pedestrian,Intersection,Pedestrian,North,South,At,,True,True,32922,CAPITOL EX,QUIMBY RD,37.3238552,-121.8084406
1317,689880,CR-0000095907,1,0,0,0,22-274-0212,False,False,,9/30/2022 11:00:00 PM,Crossing - Not In Crosswalk,Unknown,Unknown,Unknown,Unknown,Unknown,Unknown,Vehicle/Pedestrian,Related,Pedestrian,Unknown,Unknown,Unknown,PED,False,True,32922,CAPITOL EX,QUIMBY RD,37.3238552,-121.8084406
1318,711748,CR-0000101484,0,0,0,0,23-248-9702,False,True,51,9/5/2023 9:00:00 PM,No Pedestrians Involved,Dry,No Unusual Conditions,Dark - Street Light,Unknown,Unknown,Clear,Rear End,Non-Related,Other Vehicle,Not Applicable,Not Applicable,Unknown,,False,False,32922,CAPITOL EX,QUIMBY RD,37.3238552,-121.8084406
1319,719573,CR-0000102720,3,0,0,0,24-078-0462,False,False,0,3/18/2024 12:50:00 PM,No Pedestrians Involved,Dry,No Unusual Conditions,Daylight,Violation Driver 1,Controls Functioning,Clear,Head On,Intersection,Other Vehicle,Not Applicable,Not Applicable,At,,True,True,32922,CAPITOL EX,QUIMBY RD,37.3238552,-121.8084406
1320,720933,CR-0000103168,1,0,0,0,24-047-0372,False,False,0,2/16/2024 11:00:00 AM,No Pedestrians Involved,Dry,No Unusual Conditions,Daylight,Violation Driver 1,Controls Functioning,Clear,Rear End,Intersection,Other Vehicle,Not Applicable,Not Applicable,At,,False,True,32922,CAPITOL EX,QUIMBY RD,37.3238552,-121.8084406
1321,719746,CR-0000102918,0,0,0,0,24-021-4001,False,True,,1/19/2024 5:44:00 PM,No Pedestrians Involved,Unknown,Unknown,Unknown,Unknown,Unknown,Unknown,Sideswipe,Related,Other Vehicle,Not Applicable,Not Applicable,East Of,,False,False,32922,CAPITOL EX,QUIMBY RD,37.3238552,-121.8084406
1322,719754,CR-0000102927,0,0,0,0,24-020-4003,False,True,0,1/20/2024 7:45:00 AM,No Pedestrians Involved,Unknown,Unknown,Unknown,Unknown,Unknown,Unknown,Sideswipe,Intersection,Other Vehicle,Not Applicable,Not Applicable,At,,False,False,32922,CAPITOL EX,QUIMBY RD,37.3238552,-121.8084406
1323,722296,CR-0000103590,0,0,0,0,24-088-0083,True,False,222,3/28/2024 3:50:00 AM,No Pedestrians Involved,Wet,No Unusual Conditions,Dark - Street Light,Violation Driver 1,Unknown,Rain,Hit Object,Non-Related,Fixed Object,Not Applicable,Not Applicable,East Of,Street Sign,False,False,32922,CAPITOL EX,QUIMBY RD,37.3238552,-121.8084406
1324,722253,CR-0000103520,0,0,0,0,24-084-0325,False,False,0,3/24/2024 11:10:00 AM,No Pedestrians Involved,Dry,No Unusual Conditions,Daylight,Violation Driver 1,Controls Functioning,Clear,Rear End,Intersection,Other Vehicle,Not Applicable,Not Applicable,At,,False,True,32922,CAPITOL EX,QUIMBY RD,37.3238552,-121.8084406
1325,716299,CR-0000102291,2,0,0,0,24-040-0217,False,False,26,2/9/2024 8:45:00 AM,No Pedestrians Involved,Dry,No Unusual Conditions,Daylight,Violation Driver 1,Controls Functioning,Clear,Rear End,Related,Other Vehicle,Not Applicable,Not Applicable,South Of,,False,False,32780,CAPITOL EX,EASTRIDGE LP,37.32662397,-121.8095913
1326,682434,CR-0000091997,0,0,0,0,22-116-0763,False,False,156,4/26/2022 7:35:00 PM,No Pedestrians Involved,Dry,No Unusual Conditions,Dusk - Dawn,Violation Driver 1,No Controls Present/Factor,Clear,Sideswipe,Non-Related,Parked Vehicle,Not Applicable,Not Applicable,North Of,,False,True,77967,JUNE AV,MIAMI DR,37.33224686,-121.8392444
1327,689164,CR-0000095023,0,0,0,0,22-297-0697,False,False,45,10/24/2022 5:06:00 PM,No Pedestrians Involved,Dry,No Unusual Conditions,Daylight,Violation Driver 1,No Controls Present/Factor,Clear,Sideswipe,Related,Parked Vehicle,Not Applicable,Not Applicable,East Of,,True,False,77967,JUNE AV,MIAMI DR,37.33224686,-121.8392444
1328,691168,CR-0000097370,0,0,0,0,23-038-0881,False,False,95,2/7/2023 10:50:00 PM,No Pedestrians Involved,Dry,No Unusual Conditions,Dark - Street Light,Violation Driver 1,No Controls Present/Factor,Clear,Head On,Non-Related,Parked Vehicle,Not Applicable,Not Applicable,East Of,,False,True,77967,JUNE AV,MIAMI DR,37.33224686,-121.8392444
1329,681913,CR-0000091407,0,0,0,0,22-072-0122,False,False,0,3/13/2022 3:50:00 AM,No Pedestrians Involved,Dry,No Unusual Conditions,Dark - Street Light,Violation Driver 1,No Controls Present/Factor,Clear,Hit Object,Intersection,Fixed Object,Not Applicable,Not Applicable,At,Chain Link Fence,True,False,61731,FLORIDA AV,MIAMI DR,37.33266265,-121.8384739
1330,690717,CR-0000096854,0,0,0,0,23-024-0646,False,False,16,1/24/2023 3:50:00 PM,No Pedestrians Involved,Dry,No Unusual Conditions,Daylight,Violation Driver 1,Controls Functioning,Clear,Head On,Related,Parked Vehicle,Not Applicable,Not Applicable,West Of,,True,True,112166,TRADEWINDS CT,TRADEWINDS DR,37.25372552,-121.8248927
1331,681010,CR-0000090340,0,0,0,0,22-102-4006,False,True,,4/12/2022 3:10:00 PM,No Pedestrians Involved,Unknown,Unknown,Daylight,Unknown,Unknown,Unknown,Rear End,Related,Other Vehicle,Not Applicable,Not Applicable,West Of,,False,False,44747,COYOTE RD,BLOSSOM HILL RD/SILVER CREEK,37.25717433,-121.7931136
1332,682213,CR-0000091767,0,0,0,0,22-066-0652,False,False,0,3/7/2022 2:30:00 PM,No Pedestrians Involved,Dry,No Unusual Conditions,Daylight,Violation Driver 1,Controls Functioning,Clear,Sideswipe,Intersection,Other Vehicle,Not Applicable,Not Applicable,At,,False,False,44747,COYOTE RD,BLOSSOM HILL RD/SILVER CREEK,37.25717433,-121.7931136
1333,683072,CR-0000092615,0,0,0,0,22-163-0593,False,False,590,6/12/2022 4:00:00 PM,No Pedestrians Involved,Dry,No Unusual Conditions,Daylight,Violation Driver 1,No Controls Present/Factor,Clear,Broadside,Non-Related,Other Vehicle,Not Applicable,Not Applicable,West Of,,False,True,44747,COYOTE RD,BLOSSOM HILL RD/SILVER CREEK,37.25717433,-121.7931136
1334,690131,CR-0000096217,0,0,0,0,22-309-0837,True,False,135,11/5/2022 10:38:00 PM,No Pedestrians Involved,Dry,No Unusual Conditions,Dark - Street Light,Violation Driver 1,Controls Functioning,Clear,Hit Object,Non-Related,Fixed Object,Not Applicable,Not Applicable,West Of,fence,True,False,44747,COYOTE RD,BLOSSOM HILL RD/SILVER CREEK,37.25717433,-121.7931136
1335,691031,CR-0000097203,1,0,1,0,23-052-0551,False,False,0,2/21/2023 3:00:00 PM,No Pedestrians Involved,Dry,No Unusual Conditions,Daylight,Violation Driver 1,Unknown,Wind,Broadside,Intersection,Other Vehicle,Not Applicable,Not Applicable,At,,False,False,44747,COYOTE RD,BLOSSOM HILL RD/SILVER CREEK,37.25717433,-121.7931136
1336,699036,CR-0000100342,1,1,0,0,23-192-0982,False,False,51,7/11/2023 10:46:00 PM,No Pedestrians Involved,Dry,No Unusual Conditions,Dark - Street Light,Violation Driver 1,No Controls Present/Factor,Clear,Rear End,Non-Related,Other Vehicle,Not Applicable,Not Applicable,West Of,,False,True,44747,COYOTE RD,BLOSSOM HILL RD/SILVER CREEK,37.25717433,-121.7931136
1337,699037,CR-0000100343,3,0,0,0,23-199-0917,False,False,0,7/18/2023 9:48:00 PM,No Pedestrians Involved,Dry,No Unusual Conditions,Dark - Street Light,Violation Driver 1,Controls Functioning,Clear,Broadside,Intersection,Other Vehicle,Not Applicable,Not Applicable,At,,True,True,44747,COYOTE RD,BLOSSOM HILL RD/SILVER CREEK,37.25717433,-121.7931136
1338,712001,CR-0000100976,0,0,0,0,23-246-4000,False,True,0,9/1/2023 2:15:00 PM,No Pedestrians Involved,Unknown,Unknown,Unknown,Unknown,Unknown,Unknown,Rear End,Intersection,Other Vehicle,Not Applicable,Not Applicable,At,,False,False,44747,COYOTE RD,BLOSSOM HILL RD/SILVER CREEK,37.25717433,-121.7931136
1339,715831,CR-0000101797,0,0,0,0,23-139-0461,True,False,0,5/19/2023 12:39:00 PM,No Pedestrians Involved,Dry,No Unusual Conditions,Daylight,Violation Driver 1,Controls Functioning,Clear,Hit Object,Intersection,Fixed Object,Not Applicable,Not Applicable,At,SIGN,True,False,44747,COYOTE RD,BLOSSOM HILL RD/SILVER CREEK,37.25717433,-121.7931136
1340,682190,CR-0000091745,1,0,0,0,22-062-0560,False,False,300,3/3/2022 2:03:00 PM,No Pedestrians Involved,Wet,Construction - Repair Zone,Daylight,Violation Driver 1,No Controls Present/Factor,Rain,Sideswipe,Non-Related,Other Vehicle,Not Applicable,Not Applicable,West Of,,False,False,116676,BLOSSOM HILL RD,SOUTH VALLEY FR,37.25722948,-121.7988896
1341,696422,CR-0000099599,1,0,0,0,23-282-0167,False,False,0,10/9/2023 7:21:00 AM,No Pedestrians Involved,Dry,No Unusual Conditions,Daylight,Violation Driver 1,Controls Functioning,Cloudy,Broadside,Intersection,Other Vehicle,Not Applicable,Not Applicable,At,,False,False,116676,BLOSSOM HILL RD,SOUTH VALLEY FR,37.25722948,-121.7988896
1342,690888,CR-0000097032,0,0,0,0,23-021-9703,False,True,51,1/21/2023 10:15:00 AM,No Pedestrians Involved,Dry,No Unusual Conditions,Daylight,Unknown,Controls Functioning,Clear,Rear End,Non-Related,Other Vehicle,Not Applicable,Not Applicable,North Of,,False,False,116676,BLOSSOM HILL RD,SOUTH VALLEY FR,37.25722948,-121.7988896
1343,694236,CR-0000097923,0,0,0,0,23-069-4000,False,True,51,3/8/2023 10:00:00 PM,No Pedestrians Involved,Unknown,Unknown,Unknown,Unknown,Unknown,Unknown,Sideswipe,Non-Related,Other Vehicle,Not Applicable,Not Applicable,West Of,,False,False,116676,BLOSSOM HILL RD,SOUTH VALLEY FR,37.25722948,-121.7988896
1344,711790,CR-0000101268,0,0,0,0,23-332-4001,False,True,0,11/22/2023 4:30:00 PM,No Pedestrians Involved,Unknown,Unknown,Unknown,Unknown,Unknown,Unknown,Sideswipe,Intersection,Other Vehicle,Not Applicable,Not Applicable,At,,False,False,116676,BLOSSOM HILL RD,SOUTH VALLEY FR,37.25722948,-121.7988896
1345,682045,CR-0000091556,2,0,0,0,22-014-0390,False,False,35,1/14/2022 1:42:00 PM,No Pedestrians Involved,Dry,No Unusual Conditions,Daylight,Violation Driver 1,No Controls Present/Factor,Clear,Sideswipe,Related,Other Vehicle,Not Applicable,Not Applicable,West Of,,False,False,36970,CHARTER PARK DR,HILLSDALE AV,37.28055295,-121.8491247
1346,684682,CR-0000093310,1,0,0,0,22-168-0516,False,False,52,6/17/2022 4:22:00 PM,No Pedestrians Involved,Dry,No Unusual Conditions,Daylight,Violation Driver 1,Controls Functioning,Clear,Hit Object,Non-Related,Fixed Object,Not Applicable,Not Applicable,South Of,Hydrant,True,False,36970,CHARTER PARK DR,HILLSDALE AV,37.28055295,-121.8491247
1347,692451,CR-0000097738,0,0,0,0,23-083-0004,False,False,0,3/24/2023 12:15:00 AM,No Pedestrians Involved,Dry,No Unusual Conditions,Dark - Street Light,Violation Driver 1,No Controls Present/Factor,Clear,Rear End,Intersection,Parked Vehicle,Not Applicable,Not Applicable,At,,False,True,36970,CHARTER PARK DR,HILLSDALE AV,37.28055295,-121.8491247
1348,684817,CR-0000093446,0,1,0,0,22-197-0330,False,False,0,7/16/2022 9:26:00 AM,Crossing In Crosswalk - At Intersection,Dry,Other,Daylight,Violation Driver 1,Controls Functioning,Clear,Vehicle/Pedestrian,Intersection,Pedestrian,Unknown,Unknown,At,PED,False,False,78396,KAUAI DR,SYLVANDALE AV,37.28806641,-121.8214889
1349,696007,CR-0000099142,0,0,0,0,23-240-4007,False,True,0,8/28/2023 8:25:00 AM,No Pedestrians Involved,Unknown,Unknown,Unknown,Unknown,Unknown,Unknown,Broadside,Intersection,Other Vehicle,Not Applicable,Not Applicable,At,,False,False,78396,KAUAI DR,SYLVANDALE AV,37.28806641,-121.8214889
1350,684796,CR-0000093467,0,0,0,0,22-187-0202,False,False,0,7/6/2022 9:29:00 AM,No Pedestrians Involved,Dry,Unknown,Daylight,Violation Driver 1,Controls Functioning,Clear,Broadside,Intersection,Other Vehicle,Not Applicable,Not Applicable,At,,False,False,122066,CAPITOL EX,NIEMAN BL,37.31619116,-121.8079511
1351,685097,CR-0000093768,0,0,0,0,22-224-0365,False,False,0,8/12/2022 11:48:00 AM,No Pedestrians Involved,Dry,No Unusual Conditions,Daylight,Violation Driver 1,Controls Functioning,Clear,Rear End,Intersection,Other Vehicle,Not Applicable,Not Applicable,At,,False,False,122066,CAPITOL EX,NIEMAN BL,37.31619116,-121.8079511
1352,688757,CR-0000094592,0,0,0,0,22-279-4006,False,True,,10/6/2022 4:30:00 PM,No Pedestrians Involved,Unknown,Unknown,Daylight,Unknown,Unknown,Unknown,Rear End,Related,Other Vehicle,Not Applicable,Not Applicable,East Of,,False,False,122066,CAPITOL EX,NIEMAN BL,37.31619116,-121.8079511
1353,689353,CR-0000095326,0,0,1,0,22-323-0662,False,False,0,11/19/2022 5:39:00 PM,No Pedestrians Involved,Dry,No Unusual Conditions,Dark - Street Light,Bike At Fault,Controls Functioning,Clear,Vehicle/Bike,Intersection,Bike,Not Applicable,Not Applicable,At,BIKE,False,False,122066,CAPITOL EX,NIEMAN BL,37.31619116,-121.8079511
1354,689267,CR-0000095234,0,0,0,0,22-310-0767,False,False,1250,11/6/2022 8:36:00 PM,No Pedestrians Involved,Dry,No Unusual Conditions,Dark - Street Light,Violation Driver 1,Controls Functioning,Clear,Head On,Non-Related,Other Vehicle,Not Applicable,Not Applicable,North Of,,False,False,122066,CAPITOL EX,NIEMAN BL,37.31619116,-121.8079511
1355,690330,CR-0000096424,0,0,0,0,22-144-4003,False,True,0,5/24/2022 6:50:00 AM,No Pedestrians Involved,Unknown,Unknown,Unknown,Unknown,Unknown,Unknown,Rear End,Intersection,Other Vehicle,Not Applicable,Not Applicable,At,,False,False,122066,CAPITOL EX,NIEMAN BL,37.31619116,-121.8079511
1356,682924,CR-0000092484,1,0,0,0,22-168-0468,False,False,51,6/17/2022 2:06:00 PM,No Pedestrians Involved,Dry,No Unusual Conditions,Daylight,Violation Driver 1,Controls Functioning,Clear,Rear End,Non-Related,Other Vehicle,Not Applicable,Not Applicable,East Of,,False,False,122066,CAPITOL EX,NIEMAN BL,37.31619116,-121.8079511
1357,683238,CR-0000092863,0,0,0,0,22-132-0015,True,False,1260,5/12/2022 1:19:00 AM,No Pedestrians Involved,Dry,No Unusual Conditions,Dark - Street Light,Violation Driver 1,Controls Functioning,Clear,Hit Object,Non-Related,Fixed Object,Not Applicable,Not Applicable,North Of,Trees x3,True,True,122066,CAPITOL EX,NIEMAN BL,37.31619116,-121.8079511
1358,696462,CR-0000099639,1,0,0,0,23-311-0649,False,False,0,11/9/2023 5:29:00 PM,No Pedestrians Involved,Dry,No Unusual Conditions,Daylight,Violation Driver 1,Controls Functioning,Clear,Rear End,Intersection,Other Vehicle,Not Applicable,Not Applicable,At,,True,False,122066,CAPITOL EX,NIEMAN BL,37.31619116,-121.8079511
1359,694682,CR-0000098716,1,0,0,0,23-217-0717,False,False,0,8/5/2023 8:36:00 PM,No Pedestrians Involved,Dry,No Unusual Conditions,Dusk - Dawn,Violation Driver 1,Unknown,Clear,Rear End,Intersection,Other Vehicle,Not Applicable,Not Applicable,At,,False,True,122066,CAPITOL EX,NIEMAN BL,37.31619116,-121.8079511
1360,698990,CR-0000100294,2,0,0,0,23-312-0288,False,False,0,11/8/2023 10:12:00 AM,No Pedestrians Involved,Dry,No Unusual Conditions,Daylight,Unknown,Controls Functioning,Clear,Broadside,Intersection,Other Vehicle,Not Applicable,Not Applicable,At,,False,False,122066,CAPITOL EX,NIEMAN BL,37.31619116,-121.8079511
1361,698851,CR-0000100134,1,0,0,0,23-339-0534,False,False,0,12/5/2023 3:20:00 PM,No Pedestrians Involved,Dry,No Unusual Conditions,Daylight,Violation Driver 1,Controls Functioning,Clear,Rear End,Intersection,Other Vehicle,Not Applicable,Not Applicable,At,,True,False,122066,CAPITOL EX,NIEMAN BL,37.31619116,-121.8079511
1362,698672,CR-0000099909,1,0,0,0,23-221-0362,False,False,18,8/9/2023 12:08:00 PM,No Pedestrians Involved,Dry,No Unusual Conditions,Daylight,Violation Driver 1,Controls Functioning,Clear,Rear End,Related,Other Vehicle,Not Applicable,Not Applicable,North Of,,False,False,122066,CAPITOL EX,NIEMAN BL,37.31619116,-121.8079511
1363,696532,CR-0000099719,1,0,0,0,23-346-0832,False,False,0,12/12/2023 7:17:00 PM,No Pedestrians Involved,Dry,No Unusual Conditions,Dark - Street Light,Violation Driver 1,Controls Functioning,Clear,Broadside,Intersection,Other Vehicle,Not Applicable,Not Applicable,At,,True,False,122066,CAPITOL EX,NIEMAN BL,37.31619116,-121.8079511
1364,694210,CR-0000098160,1,0,0,0,23-138-0305,False,False,,5/18/2023 9:36:00 AM,No Pedestrians Involved,Dry,Reduced Roadway Width,Daylight,Violation Driver 1,Controls Functioning,Clear,Rear End,Related,Other Vehicle,Not Applicable,Not Applicable,North Of,,True,False,122066,CAPITOL EX,NIEMAN BL,37.31619116,-121.8079511
1365,689894,CR-0000095922,0,1,1,0,22-356-0709,False,False,0,12/22/2022 6:16:00 PM,No Pedestrians Involved,Dry,No Unusual Conditions,Dark - Street Light,Violation Driver 1,Controls Functioning,Clear,Broadside,Intersection,Other Vehicle,Not Applicable,Not Applicable,At,,False,False,122066,CAPITOL EX,NIEMAN BL,37.31619116,-121.8079511
1366,699417,CR-0000100749,1,1,0,0,23-333-0339,False,False,0,11/29/2023 10:47:00 AM,No Pedestrians Involved,Dry,No Unusual Conditions,Daylight,Unknown,Controls Functioning,Clear,Broadside,Intersection,Other Vehicle,Not Applicable,Not Applicable,At,,False,False,122066,CAPITOL EX,NIEMAN BL,37.31619116,-121.8079511
1367,699415,CR-0000100748,0,1,0,0,23-333-0394,False,False,0,11/29/2023 11:55:00 AM,No Pedestrians Involved,Dry,No Unusual Conditions,Daylight,Violation Driver 1,Controls Functioning,Clear,Head On,Intersection,Other Vehicle,Not Applicable,Not Applicable,At,,False,False,122066,CAPITOL EX,NIEMAN BL,37.31619116,-121.8079511
1368,716128,CR-0000102123,1,0,0,0,24-025-0141,False,False,0,1/25/2024 7:31:00 AM,No Pedestrians Involved,Dry,No Unusual Conditions,Daylight,Violation Driver 1,Controls Functioning,Clear,Rear End,Intersection,Other Vehicle,Not Applicable,Not Applicable,At,,True,False,122066,CAPITOL EX,NIEMAN BL,37.31619116,-121.8079511
1369,716160,CR-0000102102,1,1,0,0,24-027-0466,False,False,0,1/27/2024 3:25:00 PM,No Pedestrians Involved,Dry,No Unusual Conditions,Daylight,Violation Driver 1,Controls Functioning,Clear,Head On,Intersection,Other Vehicle,Not Applicable,Not Applicable,At,,False,False,122066,CAPITOL EX,NIEMAN BL,37.31619116,-121.8079511
1370,717431,CR-0000102455,2,0,0,0,24-085-0457,False,False,0,3/25/2024 1:01:00 PM,No Pedestrians Involved,Dry,No Unusual Conditions,Daylight,Violation Driver 1,Controls Functioning,Clear,Broadside,Intersection,Motor Vehicle On Other Roadway,Not Applicable,Not Applicable,At,,False,False,122066,CAPITOL EX,NIEMAN BL,37.31619116,-121.8079511
1371,717471,CR-0000102495,2,0,0,0,24-085-0527,False,False,0,3/25/2024 12:53:00 PM,No Pedestrians Involved,Dry,No Unusual Conditions,Daylight,Violation Driver 1,Controls Functioning,Clear,Head On,Intersection,Other Vehicle,Not Applicable,Not Applicable,At,,False,False,122066,CAPITOL EX,NIEMAN BL,37.31619116,-121.8079511
1372,681902,CR-0000091393,2,0,0,0,22-054-0536,False,False,0,2/23/2022 1:57:00 PM,No Pedestrians Involved,Dry,No Unusual Conditions,Daylight,Violation Driver 1,No Controls Present/Factor,Clear,Broadside,Intersection,Other Vehicle,Not Applicable,Not Applicable,At,,False,False,106666,SAN PABLO AV,TOYON AV,37.38998962,-121.8324471
1373,689076,CR-0000094901,1,1,0,0,22-307-0541,False,False,0,11/3/2022 2:39:00 PM,No Pedestrians Involved,Dry,No Unusual Conditions,Daylight,Violation Driver 1,No Controls Present/Factor,Clear,Broadside,Intersection,Other Vehicle,Not Applicable,Not Applicable,At,BRICK WALL,False,False,106666,SAN PABLO AV,TOYON AV,37.38998962,-121.8324471
1374,687581,CR-0000094373,1,0,0,0,22-262-0697,False,False,330,9/19/2022 5:57:00 PM,No Pedestrians Involved,Dry,No Unusual Conditions,Daylight,Violation Driver 1,Controls Functioning,Clear,Rear End,Non-Related,Other Vehicle,Not Applicable,Not Applicable,West Of,,True,False,20536,BLOSSOM HILL RD,WALNUT BLOSSOM DR,37.25148376,-121.814564
1375,688855,CR-0000094711,0,0,1,0,22-275-0168,False,False,320,10/2/2022 3:11:00 AM,No Pedestrians Involved,Dry,No Unusual Conditions,Dark - Street Light,Violation Driver 1,No Controls Present/Factor,Clear,Sideswipe,Non-Related,Parked Vehicle,Not Applicable,Not Applicable,West Of,,False,False,20536,BLOSSOM HILL RD,WALNUT BLOSSOM DR,37.25148376,-121.814564