_id,CrashFactId,Name,MinorInjuries,ModerateInjuries,SevereInjuries,FatalInjuries,TcrNumber,CityDamageFlag,ShortFormFlag,Distance,CrashDateTime,PedestrianAction,RoadwaySurface,RoadwayCondition,Lighting,PrimaryCollisionFactor,TrafficControl,Weather,CollisionType,ProximityToIntersection,VehicleInvolvedWith,PedestrianDirectionFrom,PedestrianDirectionTo,DirectionFromIntersection,Comment,SpeedingFlag,HitAndRunFlag,IntersectionNumber,AStreetName,BStreetName,Latitude,Longitude
1376,694784,CR-0000098821,0,0,0,0,23-215-0368,True,False,53,8/3/2023 11:39:00 AM,No Pedestrians Involved,Dry,No Unusual Conditions,Daylight,Unknown,Unknown,Clear,Hit Object,Non-Related,Fixed Object,Not Applicable,Not Applicable,East Of,TREE,False,False,20536,BLOSSOM HILL RD,WALNUT BLOSSOM DR,37.25148376,-121.814564
1377,682077,CR-0000091592,0,0,0,0,22-069-0633,False,False,51,3/10/2022 5:10:00 PM,No Pedestrians Involved,Dry,No Unusual Conditions,Daylight,Violation Driver 1,No Controls Present/Factor,Clear,Rear End,Non-Related,Other Vehicle,Not Applicable,Not Applicable,South Of,,True,True,108130,SENTER RD,SINGLETON RD,37.29062186,-121.8303277
1378,696232,CR-0000099378,0,0,0,0,23-091-9701,False,True,0,4/1/2023 8:45:00 AM,No Pedestrians Involved,Dry,No Unusual Conditions,Daylight,Unknown,Controls Functioning,Clear,Rear End,Intersection,Other Vehicle,Not Applicable,Not Applicable,At,,False,False,108130,SENTER RD,SINGLETON RD,37.29062186,-121.8303277
1379,689735,CR-0000095747,1,0,0,0,22-351-0825,False,False,0,12/17/2022 9:43:00 PM,No Pedestrians Involved,Dry,No Unusual Conditions,Dark - Street Light,Violation Driver 1,Controls Functioning,Clear,Sideswipe,Intersection,Other Vehicle,Not Applicable,Not Applicable,At,,False,False,108130,SENTER RD,SINGLETON RD,37.29062186,-121.8303277
1380,690575,CR-0000096696,1,0,0,0,23-022-0502,False,False,0,1/22/2023 3:34:00 PM,No Pedestrians Involved,Dry,No Unusual Conditions,Daylight,Violation Driver 1,Controls Functioning,Clear,Vehicle/Bike,Intersection,Bike,Not Applicable,Not Applicable,At,BIKE,False,False,108130,SENTER RD,SINGLETON RD,37.29062186,-121.8303277
1381,690166,CR-0000096255,0,0,0,0,22-245-0942,True,False,0,9/2/2022 8:36:00 PM,No Pedestrians Involved,Dry,No Unusual Conditions,Dark - Street Light,Violation Driver 1,Controls Functioning,Clear,Hit Object,Intersection,Fixed Object,Not Applicable,Not Applicable,At,Light Pole,False,False,108130,SENTER RD,SINGLETON RD,37.29062186,-121.8303277
1382,691282,CR-0000097527,2,0,0,0,23-058-0546,False,False,0,2/27/2023 5:44:00 PM,No Pedestrians Involved,Wet,No Unusual Conditions,Daylight,Violation Driver 1,Controls Functioning,Cloudy,Head On,Intersection,Other Vehicle,Not Applicable,Not Applicable,At,,False,False,108130,SENTER RD,SINGLETON RD,37.29062186,-121.8303277
1383,716304,CR-0000102316,0,0,1,0,24-041-1003,False,False,,2/10/2024 10:41:00 PM,In Road - Includes Shoulder,Dry,No Unusual Conditions,Dark - Street Light,Pedestrian At Fault,Controls Functioning,Clear,Vehicle/Pedestrian,Related,Pedestrian,North,South,Unknown,PEDESTRIAN,False,False,108130,SENTER RD,SINGLETON RD,37.29062186,-121.8303277
1384,682437,CR-0000092001,2,0,0,0,22-108-0596,True,False,406,4/18/2022 3:23:00 PM,No Pedestrians Involved,Dry,No Unusual Conditions,Daylight,Violation Driver 1,No Controls Present/Factor,Clear,Sideswipe,Non-Related,Parked Vehicle,Not Applicable,Not Applicable,West Of,TREE,False,False,71807,HELLYER AV,RIDGEBROOK WY,37.28440455,-121.8200473
1385,685435,CR-0000094179,0,0,0,0,22-246-0192,False,False,187,9/3/2022 3:05:00 AM,No Pedestrians Involved,Dry,No Unusual Conditions,Dark - Street Light,Violation Driver 1,No Controls Present/Factor,Clear,Sideswipe,Non-Related,Parked Vehicle,Not Applicable,Not Applicable,West Of,REFER TO 22-246-0132(Fatality) Driver of this crash was the fatal victim of the referred report,True,False,71807,HELLYER AV,RIDGEBROOK WY,37.28440455,-121.8200473
1386,684793,CR-0000093368,0,0,0,1,22-246-0132,False,False,130,9/3/2022 3:34:00 AM,In Road - Includes Shoulder,Dry,No Unusual Conditions,Dark - Street Light,Violation Driver 1,No Controls Present/Factor,Clear,Vehicle/Pedestrian,Non-Related,Pedestrian,No Direction (Not Walking),No Direction (Not Walking),West Of,PED Refer to 22-246-0192 which occurred before the Fatality. Victim was the the victim of referred report.,False,False,71807,HELLYER AV,RIDGEBROOK WY,37.28440455,-121.8200473
1387,692415,CR-0000097698,0,0,0,0,23-080-4009,False,True,51,3/21/2023 7:40:00 PM,No Pedestrians Involved,Unknown,Unknown,Dark - Street Light,Unknown,Unknown,Unknown,Rear End,Non-Related,Parked Vehicle,Not Applicable,Not Applicable,East Of,,False,False,144073,KING RD,NEWBURY PARK DR,37.36548921,-121.8680668
1388,696205,CR-0000099349,1,0,0,0,23-101-0787,False,False,0,4/11/2023 7:48:00 PM,No Pedestrians Involved,Dry,No Unusual Conditions,Dusk - Dawn,Unknown,No Controls Present/Factor,Clear,Vehicle/Bike,Intersection,Bike,Not Applicable,Not Applicable,At,BIKE,False,False,144073,KING RD,NEWBURY PARK DR,37.36548921,-121.8680668
1389,682351,CR-0000091914,0,0,0,0,22-100-0110,False,False,46,4/10/2022 2:58:00 AM,No Pedestrians Involved,Dry,No Unusual Conditions,Dark - Street Light,Violation Driver 1,Controls Functioning,Clear,Other,Related,Parked Vehicle,Not Applicable,Not Applicable,West Of,,False,True,143918,STONEHEDGE WY/CT,STONEHEDGE WY,37.35784539,-121.8222325
1390,699269,CR-0000100592,0,0,0,0,23-181-4001,False,True,0,6/30/2023 10:45:00 AM,No Pedestrians Involved,Unknown,Unknown,Unknown,Unknown,Unknown,Unknown,Other,Intersection,Other Vehicle,Not Applicable,Not Applicable,At,,False,False,143826,CORSICA CT/LA CASTELLET CT,MOSHER DR,37.31845437,-121.7669874
1391,684698,CR-0000093327,1,0,0,0,22-175-0744,False,False,63,6/24/2022 4:50:00 PM,No Pedestrians Involved,Dry,No Unusual Conditions,Daylight,Violation Driver 1,No Controls Present/Factor,Clear,Head On,Non-Related,Other Vehicle,Not Applicable,Not Applicable,South Of,,False,False,84149,LINDA VISTA ST,PENITENCIA CREEK RD,37.3917397,-121.8364113
1392,682433,CR-0000091996,0,0,0,0,22-108-0592,True,False,0,4/18/2022 3:03:00 PM,No Pedestrians Involved,Dry,No Unusual Conditions,Daylight,Violation Driver 1,No Controls Present/Factor,Clear,Hit Object,Intersection,Fixed Object,Not Applicable,Not Applicable,At,STOP SIGN,False,True,35881,CENTRAL AV,WESTFIELD AV,37.30520211,-121.9432894
1393,681868,CR-0000091349,1,0,0,0,22-062-0880,False,False,348,3/3/2022 7:46:00 PM,No Pedestrians Involved,Dry,No Unusual Conditions,Dark - Street Light,Violation Driver 1,Controls Functioning,Cloudy,Rear End,Non-Related,Other Vehicle,Not Applicable,Not Applicable,West Of,,True,False,74161,HOSTETTER EAST RD,SINCLAIR FR,37.39454769,-121.8748439
1394,685053,CR-0000093730,1,0,0,0,22-238-0505,False,False,0,8/26/2022 2:35:00 PM,No Pedestrians Involved,Dry,No Unusual Conditions,Daylight,Violation Driver 1,Controls Functioning,Clear,Broadside,Intersection,Other Vehicle,Not Applicable,Not Applicable,At,,False,False,74161,HOSTETTER EAST RD,SINCLAIR FR,37.39454769,-121.8748439
1395,694718,CR-0000098778,1,0,0,0,23-230-0484,True,False,0,8/18/2023 2:04:00 PM,No Pedestrians Involved,Dry,No Unusual Conditions,Daylight,Violation Driver 1,Unknown,Clear,Head On,Intersection,Other Vehicle,Not Applicable,Not Applicable,At,LIGHT POLE,False,False,74161,HOSTETTER EAST RD,SINCLAIR FR,37.39454769,-121.8748439
1396,694549,CR-0000098543,1,0,0,0,23-198-0677,False,False,0,7/17/2023 5:53:00 PM,No Pedestrians Involved,Dry,No Unusual Conditions,Daylight,Violation Driver 1,Controls Functioning,Clear,Broadside,Intersection,Other Vehicle,Not Applicable,Not Applicable,At,,False,False,74161,HOSTETTER EAST RD,SINCLAIR FR,37.39454769,-121.8748439
1397,694622,CR-0000098655,1,0,0,0,23-207-0735,False,False,0,7/26/2023 5:57:00 PM,No Pedestrians Involved,Dry,No Unusual Conditions,Daylight,Violation Driver 1,Controls Functioning,Clear,Head On,Intersection,Other Vehicle,Not Applicable,Not Applicable,At,,False,False,74161,HOSTETTER EAST RD,SINCLAIR FR,37.39454769,-121.8748439
1398,690603,CR-0000096724,1,0,0,0,23-025-0666,False,False,0,1/25/2023 4:30:00 PM,No Pedestrians Involved,Dry,No Unusual Conditions,Daylight,Violation Driver 1,Controls Functioning,Clear,Broadside,Intersection,Other Vehicle,Not Applicable,Not Applicable,At,,False,False,74161,HOSTETTER EAST RD,SINCLAIR FR,37.39454769,-121.8748439
1399,690619,CR-0000096740,1,1,0,0,23-024-0555,False,False,0,1/24/2023 2:42:00 PM,No Pedestrians Involved,Dry,No Unusual Conditions,Daylight,Unknown,Controls Functioning,Clear,Broadside,Intersection,Other Vehicle,Not Applicable,Not Applicable,At,,False,False,74161,HOSTETTER EAST RD,SINCLAIR FR,37.39454769,-121.8748439
1400,717468,CR-0000102492,1,0,0,0,24-083-0317,False,False,0,3/23/2024 11:17:00 AM,No Pedestrians Involved,Wet,No Unusual Conditions,Daylight,Violation Driver 1,Controls Functioning,Rain,Broadside,Intersection,Other Vehicle,Not Applicable,Not Applicable,At,,False,False,74161,HOSTETTER EAST RD,SINCLAIR FR,37.39454769,-121.8748439
1401,712222,CR-0000101665,0,0,0,0,23-253-0173,False,False,0,9/10/2023 3:01:00 AM,No Pedestrians Involved,Dry,No Unusual Conditions,Dark - Street Light,Violation Driver 1,Controls Functioning,Clear,Hit Object,Intersection,Fixed Object,Not Applicable,Not Applicable,At,Curb and Bush,True,False,74161,HOSTETTER EAST RD,SINCLAIR FR,37.39454769,-121.8748439
1402,687497,CR-0000094287,1,0,0,0,22-258-0682,False,False,0,9/15/2022 4:47:00 PM,No Pedestrians Involved,Dry,No Unusual Conditions,Daylight,Violation Driver 1,No Controls Present/Factor,Clear,Broadside,Intersection,Other Vehicle,Not Applicable,Not Applicable,At,,False,False,137235,CHEN ST,LUNDY AV,37.37555223,-121.8746368
1403,690075,CR-0000096157,0,0,0,0,22-204-9701,False,True,0,7/14/2022 4:00:00 PM,No Pedestrians Involved,Dry,No Unusual Conditions,Daylight,Unknown,Controls Functioning,Clear,Broadside,Intersection,Parked Vehicle,Not Applicable,Not Applicable,At,,False,True,113300,WARM SPRINGS DR,WHITE RD,37.3723302,-121.8334112
1404,689996,CR-0000096052,1,0,0,0,22-295-0001,False,False,0,10/22/2022 6:53:00 AM,No Pedestrians Involved,Dry,No Unusual Conditions,Dark - Street Light,Violation Driver 1,Controls Functioning,Clear,Head On,Intersection,Other Vehicle,Not Applicable,Not Applicable,At,,False,False,113300,WARM SPRINGS DR,WHITE RD,37.3723302,-121.8334112
1405,696248,CR-0000099395,1,0,0,0,23-188-1003,False,False,112,7/7/2023 11:10:00 PM,No Pedestrians Involved,Dry,No Unusual Conditions,Dark - Street Light,Violation Driver 1,No Controls Present/Factor,Clear,Sideswipe,Non-Related,Other Vehicle,Not Applicable,Not Applicable,South Of,,True,False,113300,WARM SPRINGS DR,WHITE RD,37.3723302,-121.8334112
1406,711764,CR-0000101381,0,0,0,0,23-313-0041,False,False,0,11/9/2023 1:10:00 AM,No Pedestrians Involved,Dry,No Unusual Conditions,Dusk - Dawn,Violation Driver 1,Controls Functioning,Clear,Overturned,Intersection,Non-Collision,Not Applicable,Not Applicable,At,,False,False,14574,BATTAGLIA CI,CAPITOL AV,37.38929563,-121.863386
1407,711901,CR-0000101390,0,0,0,0,23-307-0584,False,False,45,11/3/2023 3:30:00 PM,No Pedestrians Involved,Dry,No Unusual Conditions,Daylight,Violation Driver 1,No Controls Present/Factor,Clear,Sideswipe,Related,Parked Vehicle,Not Applicable,Not Applicable,West Of,,False,True,14574,BATTAGLIA CI,CAPITOL AV,37.38929563,-121.863386
1408,681335,CR-0000090724,0,0,0,0,22-019-9701,False,True,,1/13/2022 4:23:00 PM,No Pedestrians Involved,Dry,No Unusual Conditions,Daylight,Unknown,Controls Functioning,Clear,Rear End,Related,Other Vehicle,Not Applicable,Not Applicable,East Of,,False,False,61577,FLINTWELL WY,MONTEREY RD,37.24753731,-121.7888988
1409,689629,CR-0000095610,1,0,0,0,22-365-0370,True,False,912,12/31/2022 1:36:00 PM,No Pedestrians Involved,Wet,Other,Daylight,Violation Driver 1,No Controls Present/Factor,Rain,Hit Object,Non-Related,Fixed Object,Not Applicable,Not Applicable,North Of,guardrail,True,False,61577,FLINTWELL WY,MONTEREY RD,37.24753731,-121.7888988
1410,691376,CR-0000097625,3,0,0,0,23-067-0166,False,False,0,3/8/2023 8:21:00 AM,No Pedestrians Involved,Wet,No Unusual Conditions,Daylight,Violation Driver 1,Controls Functioning,Rain,Broadside,Intersection,Other Vehicle,Not Applicable,Not Applicable,At,,False,False,10911,AVENIDA ARBOLES,SNELL AV,37.25626233,-121.8308289
1411,683441,CR-0000093038,0,0,0,0,22-078-0815,False,False,100,3/19/2022 10:05:00 PM,No Pedestrians Involved,Wet,No Unusual Conditions,Dark - Street Light,Violation Driver 1,No Controls Present/Factor,Rain,Rear End,Non-Related,Parked Vehicle,Not Applicable,Not Applicable,North Of,,False,True,101232,PITCH PINE CT,SKYWAY DR,37.27011955,-121.8317183
1412,681394,CR-0000090783,0,0,2,0,22-019-0847,False,False,0,1/19/2022 7:09:00 PM,No Pedestrians Involved,Dry,No Unusual Conditions,Dark - Street Light,Violation Driver 1,Controls Functioning,Clear,Broadside,Intersection,Other Vehicle,Not Applicable,Not Applicable,At,,False,False,71500,HEDDING ST,PARK AV,37.33714487,-121.9279069
1413,690013,CR-0000096066,1,0,0,0,22-293-0564,False,False,0,10/20/2022 2:15:00 PM,No Pedestrians Involved,Dry,No Unusual Conditions,Daylight,Violation Driver 1,Controls Functioning,Clear,Head On,Intersection,Other Vehicle,Not Applicable,Not Applicable,At,,False,True,71500,HEDDING ST,PARK AV,37.33714487,-121.9279069
1414,719807,CR-0000102980,0,0,0,0,24-035-4004,False,True,51,2/4/2024 6:30:00 PM,No Pedestrians Involved,Unknown,Unknown,Unknown,Unknown,Unknown,Unknown,Rear End,Non-Related,Other Vehicle,Not Applicable,Not Applicable,South Of,,False,False,71500,HEDDING ST,PARK AV,37.33714487,-121.9279069
1415,694206,CR-0000098149,0,1,0,0,23-132-0372,False,False,0,5/12/2023 12:25:00 PM,No Pedestrians Involved,Dry,No Unusual Conditions,Daylight,Violation Driver 1,Controls Functioning,Clear,Head On,Intersection,Other Vehicle,Not Applicable,Not Applicable,At,,False,False,13870,BASCOM AV,HEDDING ST,37.33196477,-121.9345602
1416,694587,CR-0000098611,0,1,0,0,23-202-0257,False,False,45,7/21/2023 7:52:00 AM,No Pedestrians Involved,Dry,No Unusual Conditions,Daylight,Violation Driver 1,Controls Functioning,Clear,Rear End,Related,Motorcycle,Not Applicable,Not Applicable,East Of,,False,True,13870,BASCOM AV,HEDDING ST,37.33196477,-121.9345602
1417,698907,CR-0000100207,1,0,0,0,23-318-0420,False,False,0,11/14/2023 12:55:00 PM,No Pedestrians Involved,Dry,No Unusual Conditions,Daylight,Violation Driver 1,Controls Functioning,Clear,Rear End,Intersection,Other Vehicle,Not Applicable,Not Applicable,At,,False,True,13870,BASCOM AV,HEDDING ST,37.33196477,-121.9345602
1418,716328,CR-0000102273,3,0,0,0,24-058-0179,False,False,244,2/27/2024 7:45:00 AM,No Pedestrians Involved,Dry,No Unusual Conditions,Daylight,Violation Driver 1,Controls Functioning,Unknown,Broadside,Non-Related,Other Vehicle,Not Applicable,Not Applicable,East Of,,False,False,13870,BASCOM AV,HEDDING ST,37.33196477,-121.9345602
1419,691232,CR-0000097456,0,0,0,0,23-045-0240,False,False,0,2/14/2023 9:33:00 AM,No Pedestrians Involved,Dry,No Unusual Conditions,Daylight,Violation Driver 1,Controls Functioning,Cloudy,Broadside,Intersection,Other Object,Not Applicable,Not Applicable,At,,False,False,95446,NEWHALL ST,PARK AV,37.33989949,-121.9312423
1420,690934,CR-0000097099,1,0,0,0,23-049-0795,False,False,51,2/18/2023 7:29:00 PM,No Pedestrians Involved,Dry,No Unusual Conditions,Dark - Street Light,Violation Driver 1,No Controls Present/Factor,Clear,Vehicle/Bike,Non-Related,Bike,Not Applicable,Not Applicable,North Of,BIKE,False,True,124200,SNELL AV,SNELL WY,37.24577935,-121.830451
1421,694037,CR-0000097932,1,0,0,0,23-109-0217,False,False,218,4/19/2023 9:54:00 AM,No Pedestrians Involved,Dry,No Unusual Conditions,Daylight,Violation Driver 1,No Controls Present/Factor,Clear,Hit Object,Non-Related,Fixed Object,Not Applicable,Not Applicable,North Of,LIGHPOLE AND RAILING,False,False,124200,SNELL AV,SNELL WY,37.24577935,-121.830451
1422,711772,CR-0000101198,0,0,0,0,23-307-9707,False,True,0,11/3/2023 1:07:00 PM,No Pedestrians Involved,Dry,No Unusual Conditions,Unknown,Unknown,Unknown,Clear,Sideswipe,Intersection,Other Vehicle,Not Applicable,Not Applicable,At,,False,False,124200,SNELL AV,SNELL WY,37.24577935,-121.830451
1423,683320,CR-0000092906,1,1,0,0,22-138-0717,False,False,45,5/18/2022 5:00:00 PM,No Pedestrians Involved,Dry,No Unusual Conditions,Daylight,Violation Driver 1,No Controls Present/Factor,Clear,Head On,Related,Other Vehicle,Not Applicable,Not Applicable,South Of,,False,False,108107,SENTER RD,SERENADE WY,37.27888379,-121.8233532
1424,716316,CR-0000102306,2,0,0,0,24-052-0536,False,False,364,2/21/2024 2:31:00 PM,No Pedestrians Involved,Dry,No Unusual Conditions,Daylight,Violation Driver 1,No Controls Present/Factor,Clear,Broadside,Non-Related,Other Vehicle,Not Applicable,Not Applicable,West Of,,False,False,125003,DIAMOND HEIGHTS DR,SENTER RD,37.27817372,-121.8241923
1425,690336,CR-0000096430,0,0,0,0,22-140-4003,False,True,51,5/19/2022 8:15:00 AM,No Pedestrians Involved,Unknown,Unknown,Unknown,Unknown,Unknown,Unknown,Rear End,Non-Related,Other Vehicle,Not Applicable,Not Applicable,West Of,,False,True,92476,MONTAGUE EX,ORCHARD DR,37.39643035,-121.9386351
1426,698700,CR-0000099949,1,0,0,0,23-333-0521,False,False,30,11/19/2023 2:21:00 PM,No Pedestrians Involved,Dry,No Unusual Conditions,Daylight,Unknown,Controls Functioning,Clear,Rear End,Related,Other Vehicle,Not Applicable,Not Applicable,South Of,,False,True,92498,MONTAGUE EX,PLUMERIA DRRIVER OAKS PW,37.39709378,-121.9242377
1427,694480,CR-0000098474,0,2,0,0,23-184-0722,False,False,0,7/4/2023 5:32:00 PM,No Pedestrians Involved,Dry,No Unusual Conditions,Daylight,Violation Driver 1,Controls Functioning,Clear,Broadside,Intersection,Other Vehicle,Not Applicable,Not Applicable,At,,False,False,92498,MONTAGUE EX,PLUMERIA DRRIVER OAKS PW,37.39709378,-121.9242377
1428,716372,CR-0000102353,1,0,0,0,24-048-0501,True,False,29,2/17/2024 3:56:00 PM,No Pedestrians Involved,Wet,No Unusual Conditions,Daylight,Violation Driver 1,Unknown,Rain,Hit Object,Related,Fixed Object,Not Applicable,Not Applicable,East Of,SIGN & TREE,False,False,92498,MONTAGUE EX,PLUMERIA DRRIVER OAKS PW,37.39709378,-121.9242377
1429,717450,CR-0000102474,1,0,0,0,24-087-0239,False,False,0,3/27/2024 9:05:00 AM,No Pedestrians Involved,Dry,No Unusual Conditions,Daylight,Unknown,Controls Functioning,Clear,Broadside,Intersection,Motor Vehicle On Other Roadway,Not Applicable,Not Applicable,At,,False,False,92498,MONTAGUE EX,PLUMERIA DRRIVER OAKS PW,37.39709378,-121.9242377
1430,682377,CR-0000091940,0,1,0,0,22-105-0100,False,False,330,4/15/2022 3:51:00 AM,No Pedestrians Involved,Dry,No Unusual Conditions,Dark - Street Light,Violation Driver 1,No Controls Present/Factor,Clear,Other,Non-Related,Fixed Object,Not Applicable,Not Applicable,East Of,CURB,True,False,77945,JUNCTION AV,TRIMBLE RD,37.39116747,-121.9209257
1431,684897,CR-0000093527,0,1,0,0,22-193-0109,False,False,625,7/12/2022 3:42:00 AM,No Pedestrians Involved,Dry,No Unusual Conditions,Dark - No Street Light,Bike At Fault,No Controls Present/Factor,Clear,Vehicle/Bike,Non-Related,Bike,Not Applicable,Not Applicable,West Of,BIKE,True,False,77945,JUNCTION AV,TRIMBLE RD,37.39116747,-121.9209257
1432,688892,CR-0000094750,2,0,0,0,22-278-0557,False,False,0,10/5/2022 2:31:00 PM,No Pedestrians Involved,Dry,No Unusual Conditions,Daylight,Violation Driver 1,Controls Functioning,Clear,Broadside,Intersection,Other Vehicle,Not Applicable,Not Applicable,At,,False,False,77945,JUNCTION AV,TRIMBLE RD,37.39116747,-121.9209257
1433,696466,CR-0000099643,1,0,0,0,23-311-0248,False,False,0,11/7/2023 8:58:00 AM,No Pedestrians Involved,Dry,No Unusual Conditions,Daylight,Violation Driver 1,Controls Functioning,Clear,Head On,Intersection,Other Vehicle,Not Applicable,Not Applicable,At,,False,False,77945,JUNCTION AV,TRIMBLE RD,37.39116747,-121.9209257
1434,692542,CR-0000097833,1,0,0,0,23-094-0536,False,False,30,4/4/2023 1:46:00 PM,No Pedestrians Involved,Dry,No Unusual Conditions,Daylight,Violation Driver 1,No Controls Present/Factor,Clear,Broadside,Related,Other Vehicle,Not Applicable,Not Applicable,West Of,,False,False,108679,SHENADO PL,WIGWAM CT,37.25891936,-121.8101969
1435,682374,CR-0000091937,1,0,0,0,22-104-0883,False,False,0,4/14/2022 11:15:00 PM,No Pedestrians Involved,Dry,No Unusual Conditions,Dark - Street Light,Violation Driver 1,Controls Functioning,Clear,Head On,Intersection,Other Vehicle,Not Applicable,Not Applicable,At,,False,True,62138,FORD RD,MONTEREY RD,37.25252041,-121.7972053
1436,695873,CR-0000098938,0,0,0,0,23-106-0132,False,False,126,4/16/2023 2:29:00 AM,No Pedestrians Involved,Dry,No Unusual Conditions,Dark - Street Light,Violation Driver 1,Controls Functioning,Clear,Sideswipe,Non-Related,Parked Vehicle,Not Applicable,Not Applicable,South Of,,False,True,19689,BLOSSOM AV,MOHICAN DR,37.24302226,-121.8397176
1437,716113,CR-0000102068,2,0,0,0,24-010-0078,False,False,0,1/10/2024 3:51:00 AM,No Pedestrians Involved,Dry,No Unusual Conditions,Dark - Street Light,Violation Driver 1,No Controls Present/Factor,Clear,Rear End,Intersection,Parked Vehicle,Not Applicable,Not Applicable,At,,True,False,19689,BLOSSOM AV,MOHICAN DR,37.24302226,-121.8397176
1438,690299,CR-0000096391,0,0,0,0,22-325-9704,False,True,0,11/2/2022 12:00:00 AM,No Pedestrians Involved,Dry,No Unusual Conditions,Unknown,Unknown,Unknown,Clear,Rear End,Intersection,Parked Vehicle,Not Applicable,Not Applicable,At,,False,True,79771,KINGFIELD WY,KINGRIDGE DR,37.24922491,-121.9495955
1439,684815,CR-0000093468,0,1,0,0,22-188-0391,False,False,0,7/7/2022 12:29:00 PM,No Pedestrians Involved,Dry,No Unusual Conditions,Daylight,Violation Driver 1,No Controls Present/Factor,Clear,Vehicle/Bike,Intersection,Bike,Not Applicable,Not Applicable,At,BIKE,False,False,127610,STORY RD,TERILYN AV,37.33693242,-121.8465166
1440,683540,CR-0000093138,0,0,0,0,22-207-9710,False,True,0,7/26/2022 12:30:00 PM,No Pedestrians Involved,Dry,No Unusual Conditions,Daylight,Unknown,No Controls Present/Factor,Clear,Sideswipe,Intersection,Other Vehicle,Not Applicable,Not Applicable,At,,False,True,138159,STORY RD,TARGET DW,37.34099922,-121.8414875
1441,681720,CR-0000091117,0,0,0,0,22-074-1044,True,False,56,3/15/2022 10:28:00 PM,No Pedestrians Involved,Dry,No Unusual Conditions,Dark - Street Light,Violation Driver 1,Controls Functioning,Clear,Hit Object,Non-Related,Fixed Object,Not Applicable,Not Applicable,East Of,CENTER MEDIAN,True,False,138159,STORY RD,TARGET DW,37.34099922,-121.8414875
1442,689985,CR-0000096023,1,0,0,0,22-232-0399,False,False,0,8/20/2022 12:18:00 PM,Crossing In Crosswalk - At Intersection,Dry,No Unusual Conditions,Daylight,Violation Driver 1,Controls Not Functioning,Clear,Vehicle/Pedestrian,Intersection,Pedestrian,North,South,At,PED (WALKING BIKE),True,True,138159,STORY RD,TARGET DW,37.34099922,-121.8414875
1443,689929,CR-0000095970,1,0,0,0,22-323-0515,False,False,209,11/19/2022 3:12:00 PM,No Pedestrians Involved,Dry,Unknown,Daylight,Violation Driver 1,Controls Functioning,Clear,Rear End,Non-Related,Other Vehicle,Not Applicable,Not Applicable,West Of,,True,False,138159,STORY RD,TARGET DW,37.34099922,-121.8414875
1444,715989,CR-0000101997,2,0,0,0,24-009-0326,False,False,161,1/9/2024 11:44:00 AM,No Pedestrians Involved,Dry,No Unusual Conditions,Daylight,Violation Driver 1,No Controls Present/Factor,Clear,Rear End,Non-Related,Other Vehicle,Not Applicable,Not Applicable,West Of,,True,False,138159,STORY RD,TARGET DW,37.34099922,-121.8414875
1445,692538,CR-0000097829,0,2,0,0,23-094-0239,False,False,51,4/4/2023 8:45:00 AM,Not In Road,Dry,No Unusual Conditions,Daylight,Violation Driver 1,No Controls Present/Factor,Clear,Vehicle/Pedestrian,Non-Related,Pedestrian,Unknown,Unknown,Unknown,,True,True,106259,SAN FELIPE RD,SILVER CREEK RD,37.27297999,-121.744347
1446,696367,CR-0000099524,0,0,0,0,23-141-0913,False,False,185,5/21/2023 10:54:00 PM,No Pedestrians Involved,Dry,Other,Dark - Street Light,Violation Driver 1,No Controls Present/Factor,Clear,Sideswipe,Non-Related,Parked Vehicle,Not Applicable,Not Applicable,East Of,,True,False,98977,PARK PAXTON PL,PARK VILLAGE PL,37.27022024,-121.8294728
1447,694099,CR-0000098034,0,1,0,0,23-109-0097,False,False,0,4/18/2023 5:03:00 AM,No Pedestrians Involved,Wet,No Unusual Conditions,Dark - Street Light,Violation Driver 1,No Controls Present/Factor,Clear,Sideswipe,Intersection,Parked Vehicle,Not Applicable,Not Applicable,At,,True,False,98856,PARK ESSEX PL,PARK PAXTON PL,37.26975112,-121.828827
1448,690331,CR-0000096425,0,0,0,0,22-144-4002,False,True,0,5/24/2022 3:09:00 PM,No Pedestrians Involved,Unknown,Unknown,Unknown,Unknown,Unknown,Unknown,Rear End,Intersection,Unknown,Not Applicable,Not Applicable,At,,False,False,19580,BLOSSOM AV,CALERO AV,37.24204221,-121.8397063
1449,684961,CR-0000093633,1,0,0,0,22-234-0305,False,False,0,8/22/2022 9:57:00 AM,No Pedestrians Involved,Dry,No Unusual Conditions,Daylight,Violation Driver 1,Controls Functioning,Clear,Broadside,Intersection,Other Vehicle,Not Applicable,Not Applicable,At,,False,False,19580,BLOSSOM AV,CALERO AV,37.24204221,-121.8397063
1450,690445,CR-0000096550,0,0,0,0,23-068-0424,False,False,0,10/13/2022 8:00:00 AM,No Pedestrians Involved,Dry,No Unusual Conditions,Daylight,Violation Driver 1,Controls Functioning,Clear,Head On,Intersection,Other Vehicle,Not Applicable,Not Applicable,At,,False,False,19580,BLOSSOM AV,CALERO AV,37.24204221,-121.8397063