_id,CrashFactId,Name,MinorInjuries,ModerateInjuries,SevereInjuries,FatalInjuries,TcrNumber,CityDamageFlag,ShortFormFlag,Distance,CrashDateTime,PedestrianAction,RoadwaySurface,RoadwayCondition,Lighting,PrimaryCollisionFactor,TrafficControl,Weather,CollisionType,ProximityToIntersection,VehicleInvolvedWith,PedestrianDirectionFrom,PedestrianDirectionTo,DirectionFromIntersection,Comment,SpeedingFlag,HitAndRunFlag,IntersectionNumber,AStreetName,BStreetName,Latitude,Longitude
1451,695982,CR-0000099117,0,0,0,0,23-219-4000,False,True,0,8/6/2023 12:45:00 PM,No Pedestrians Involved,Unknown,Unknown,Unknown,Unknown,Unknown,Unknown,Rear End,Intersection,Other Vehicle,Not Applicable,Not Applicable,At,,False,False,19580,BLOSSOM AV,CALERO AV,37.24204221,-121.8397063
1452,698683,CR-0000099921,0,1,1,0,23-240-1008,False,False,0,8/28/2023 10:56:00 PM,Crossing - Not In Crosswalk,Dry,No Unusual Conditions,Dark - Street Light,Pedestrian At Fault,Unknown,Clear,Vehicle/Pedestrian,Intersection,Pedestrian,West,East,At,PED,False,False,94710,MURTHA DR,WHITE RD,37.3527347,-121.8160412
1453,712217,CR-0000101660,0,0,0,0,23-255-0075,False,False,45,9/23/2023 2:13:00 AM,No Pedestrians Involved,Dry,No Unusual Conditions,Dark - Street Light,Violation Driver 1,Unknown,Clear,Head On,Related,Parked Vehicle,Not Applicable,Not Applicable,East Of,,False,False,94710,MURTHA DR,WHITE RD,37.3527347,-121.8160412
1454,688755,CR-0000094581,0,0,0,0,22-279-4002,False,True,51,10/6/2022 9:35:00 AM,No Pedestrians Involved,Unknown,Unknown,Daylight,Unknown,Unknown,Unknown,Sideswipe,Non-Related,Other Vehicle,Not Applicable,Not Applicable,West Of,,False,False,67572,GOLF DR,PELLEAS LN,37.38448506,-121.8371339
1455,682667,CR-0000092243,0,0,0,0,22-132-4006,False,True,51,5/7/2022 1:03:00 PM,No Pedestrians Involved,Unknown,Unknown,Daylight,Unknown,Unknown,Unknown,Other,Non-Related,Parked Vehicle,Not Applicable,Not Applicable,West Of,,False,False,67572,GOLF DR,PELLEAS LN,37.38448506,-121.8371339
1456,699423,CR-0000100756,0,0,0,0,23-193-0883,False,False,115,7/12/2023 9:38:00 PM,No Pedestrians Involved,Dry,No Unusual Conditions,Dark - Street Light,Violation Driver 1,No Controls Present/Factor,Clear,Sideswipe,Non-Related,Parked Vehicle,Not Applicable,Not Applicable,North Of,,True,True,10889,AVENIDA ALMENDROS,ENTRADA OLMOS,37.25593562,-121.8395339
1457,685004,CR-0000093679,2,0,0,0,22-208-0318,False,False,0,7/27/2022 10:22:00 AM,No Pedestrians Involved,Dry,No Unusual Conditions,Daylight,Violation Driver 1,Controls Functioning,Clear,Rear End,Intersection,Other Vehicle,Not Applicable,Not Applicable,At,,False,False,101188,PINON PL/PARK SOMMERS WY,SKYWAY DR,37.27055932,-121.8310571
1458,691029,CR-0000097201,0,0,1,0,23-058-0153,False,False,0,2/27/2023 9:36:00 AM,No Pedestrians Involved,Wet,No Unusual Conditions,Unknown,Violation Driver 1,No Controls Present/Factor,Rain,Sideswipe,Intersection,Other Vehicle,Not Applicable,Not Applicable,At,,False,False,101188,PINON PL/PARK SOMMERS WY,SKYWAY DR,37.27055932,-121.8310571
1459,682501,CR-0000092068,0,0,1,0,22-093-0238,True,False,390,4/3/2022 5:18:00 AM,No Pedestrians Involved,Dry,No Unusual Conditions,Dark - Street Light,Unknown,Unknown,Clear,Hit Object,Non-Related,Fixed Object,Not Applicable,Not Applicable,South Of,Guard Rail,False,False,44835,COYOTE RD,SCARLETT WY,37.27542453,-121.8003013
1460,711778,CR-0000101444,0,0,0,0,23-337-0873,False,False,0,12/3/2023 11:32:00 PM,No Pedestrians Involved,Dry,No Unusual Conditions,Dark - Street Light,Violation Driver 1,No Controls Present/Factor,Clear,Broadside,Intersection,Other Vehicle,Not Applicable,Not Applicable,At,,False,False,38499,CHESWICK DR,TUERS RD,37.30498728,-121.8351916
1461,681718,CR-0000091114,0,0,0,0,22-074-1001,False,False,90,3/15/2022 10:00:00 PM,No Pedestrians Involved,Dry,No Unusual Conditions,Dark - Street Light,Violation Driver 1,No Controls Present/Factor,Clear,Rear End,Non-Related,Parked Vehicle,Not Applicable,Not Applicable,South Of,,False,False,79265,KIMBALL DR,SHERLOCK DR,37.30768287,-121.8347424
1462,722285,CR-0000103579,0,0,0,0,24-085-4005,False,True,51,3/25/2024 3:30:00 AM,No Pedestrians Involved,Unknown,Unknown,Unknown,Unknown,Unknown,Unknown,Sideswipe,Non-Related,Parked Vehicle,Not Applicable,Not Applicable,East Of,,False,False,87229,MALOTT DR,SHERLOCK DR,37.30709885,-121.8341809
1463,699468,CR-0000100773,0,0,0,0,23-184-0057,False,False,505,7/3/2023 1:00:00 AM,No Pedestrians Involved,Dry,No Unusual Conditions,Dark - Street Light,Violation Driver 1,No Controls Present/Factor,Clear,Rear End,Non-Related,Parked Vehicle,Not Applicable,Not Applicable,West Of,SJPD,True,False,64470,GARDEN AV,HAGA DR,37.28891047,-121.8369083
1464,697567,CR-0000099778,0,0,0,0,23-144-0215,False,False,186,5/23/2023 1:00:00 PM,No Pedestrians Involved,Dry,No Unusual Conditions,Dark - Street Light,Violation Driver 1,Controls Functioning,Clear,Sideswipe,Non-Related,Parked Vehicle,Not Applicable,Not Applicable,East Of,,False,True,60906,FLANIGAN DR,MELISSA CT,37.31630581,-121.8270497
1465,696257,CR-0000099404,0,0,0,0,23-114-0567,False,False,300,4/22/2023 3:00:00 PM,No Pedestrians Involved,Dry,No Unusual Conditions,Dark - Street Light,Violation Driver 1,No Controls Present/Factor,Clear,Head On,Non-Related,Parked Vehicle,Not Applicable,Not Applicable,East Of,,True,True,60906,FLANIGAN DR,MELISSA CT,37.31630581,-121.8270497
1466,683473,CR-0000093069,0,0,0,0,22-219-4001,False,True,,8/6/2022 11:00:00 PM,No Pedestrians Involved,Unknown,Unknown,Unknown,Unknown,Unknown,Unknown,Rear End,Related,Parked Vehicle,Not Applicable,Not Applicable,South Of,,False,True,40149,CLAYTON RD,MEADOW LN/STORY RD,37.36088477,-121.8121746
1467,696225,CR-0000099370,0,0,0,0,23-112-4002,False,True,51,4/21/2023 11:30:00 PM,No Pedestrians Involved,Unknown,Unknown,Unknown,Unknown,Unknown,Unknown,Other,Non-Related,Parked Vehicle,Not Applicable,Not Applicable,Unknown,,False,False,40149,CLAYTON RD,MEADOW LN/STORY RD,37.36088477,-121.8121746
1468,691225,CR-0000097448,0,1,0,0,23-050-0047,True,False,0,2/19/2023 1:00:00 AM,No Pedestrians Involved,Dry,No Unusual Conditions,Dark - Street Light,Violation Driver 1,Controls Functioning,Clear,Hit Object,Intersection,Fixed Object,Not Applicable,Not Applicable,At,TREE,False,False,40149,CLAYTON RD,MEADOW LN/STORY RD,37.36088477,-121.8121746
1469,699440,CR-0000100807,0,0,0,0,23-198-0708,False,False,0,7/17/2023 5:54:00 PM,No Pedestrians Involved,Dry,No Unusual Conditions,Daylight,Violation Driver 1,No Controls Present/Factor,Clear,Sideswipe,Intersection,Parked Vehicle,Not Applicable,Not Applicable,At,,False,True,40149,CLAYTON RD,MEADOW LN/STORY RD,37.36088477,-121.8121746
1470,690739,CR-0000096876,0,0,0,0,23-020-0955,True,False,465,1/20/2023 6:49:00 PM,No Pedestrians Involved,Dry,No Unusual Conditions,Dark - Street Light,Violation Driver 1,No Controls Present/Factor,Clear,Hit Object,Non-Related,Fixed Object,Not Applicable,Not Applicable,West Of,TREE,True,False,46683,CUNNINGHAM AV,JOHN MONTGOMERY DR/SWIFT AV,37.33742712,-121.8182595
1471,681851,CR-0000091305,0,0,0,0,22-084-0084,False,False,79,3/25/2022 2:53:00 AM,No Pedestrians Involved,Dry,No Unusual Conditions,Dark - Street Light,Violation Driver 1,Controls Functioning,Clear,Rear End,Non-Related,Other Vehicle,Not Applicable,Not Applicable,East Of,,False,False,23286,BRAHMS AV/KENESTA WY,TULLY RD,37.32478137,-121.8223266
1472,694568,CR-0000098592,0,0,0,0,23-201-0507,False,False,0,7/20/2023 2:20:00 PM,No Pedestrians Involved,Dry,No Unusual Conditions,Daylight,Unknown,Controls Functioning,Clear,Sideswipe,Intersection,Other Vehicle,Not Applicable,Not Applicable,At,,False,True,23286,BRAHMS AV/KENESTA WY,TULLY RD,37.32478137,-121.8223266
1473,716292,CR-0000102257,0,1,0,0,24-039-0350,False,False,0,2/8/2024 11:04:00 AM,No Pedestrians Involved,Dry,No Unusual Conditions,Daylight,Bike At Fault,No Controls Present/Factor,Cloudy,Vehicle/Bike,Intersection,Bike,Not Applicable,Not Applicable,At,BIKE,False,False,23286,BRAHMS AV/KENESTA WY,TULLY RD,37.32478137,-121.8223266
1474,681784,CR-0000091184,0,0,0,0,22-056-0935,False,False,0,2/25/2022 9:10:00 PM,No Pedestrians Involved,Dry,No Unusual Conditions,Dark - Street Light,Violation Driver 1,Controls Functioning,Clear,Sideswipe,Intersection,Other Vehicle,Not Applicable,Not Applicable,At,,False,True,53591,EASTRIDGE LN,TULLY RD,37.3291926,-121.8157859
1475,681340,CR-0000090729,4,1,0,0,22-014-0490,False,False,0,1/14/2022 3:52:00 PM,No Pedestrians Involved,Dry,No Unusual Conditions,Daylight,Violation Driver 1,Controls Functioning,Clear,Broadside,Intersection,Other Vehicle,Not Applicable,Not Applicable,At,,False,False,53591,EASTRIDGE LN,TULLY RD,37.3291926,-121.8157859
1476,682370,CR-0000091933,0,0,0,0,22-104-0203,False,False,0,4/14/2022 9:10:00 AM,No Pedestrians Involved,Dry,No Unusual Conditions,Daylight,Violation Driver 1,Controls Functioning,Cloudy,Broadside,Intersection,Other Vehicle,Not Applicable,Not Applicable,At,,False,False,53591,EASTRIDGE LN,TULLY RD,37.3291926,-121.8157859
1477,682810,CR-0000092383,2,0,0,0,22-137-0710,False,False,0,5/17/2022 5:26:00 PM,No Pedestrians Involved,Dry,No Unusual Conditions,Daylight,Violation Driver 1,Controls Functioning,Clear,Broadside,Intersection,Other Vehicle,Not Applicable,Not Applicable,At,,False,False,53591,EASTRIDGE LN,TULLY RD,37.3291926,-121.8157859
1478,716201,CR-0000102193,2,0,0,0,24-045-0533,False,False,0,2/14/2024 2:28:00 PM,No Pedestrians Involved,Wet,No Unusual Conditions,Daylight,Violation Driver 1,Controls Functioning,Cloudy,Head On,Related,Other Vehicle,Not Applicable,Not Applicable,At,,False,False,53591,EASTRIDGE LN,TULLY RD,37.3291926,-121.8157859
1479,718477,CR-0000102565,1,0,0,0,24-087-0565,False,False,101,3/27/2024 3:30:00 PM,No Pedestrians Involved,Wet,No Unusual Conditions,Daylight,Violation Driver 1,No Controls Present/Factor,Rain,Sideswipe,Non-Related,Other Vehicle,Not Applicable,Not Applicable,East Of,,False,False,53591,EASTRIDGE LN,TULLY RD,37.3291926,-121.8157859
1480,682485,CR-0000092053,0,0,0,1,22-179-0376,True,False,392,6/28/2022 11:45:00 AM,No Pedestrians Involved,Dry,No Unusual Conditions,Daylight,Violation Driver 1,No Controls Present/Factor,Clear,Hit Object,Non-Related,Fixed Object,Not Applicable,Not Applicable,North Of,TREE,False,False,123639,PARK & RIDE LOT,SANTA TERESA BL,37.23464261,-121.7898757
1481,722376,CR-0000103670,0,0,0,0,24-095-0519,False,False,150,4/4/2024 3:02:00 PM,No Pedestrians Involved,Wet,No Unusual Conditions,Daylight,Violation Driver 1,Unknown,Clear,Hit Object,Non-Related,Fixed Object,Not Applicable,Not Applicable,North Of,FENCE,False,False,123639,PARK & RIDE LOT,SANTA TERESA BL,37.23464261,-121.7898757
1482,717429,CR-0000102453,1,0,0,0,24-086-0752,False,False,127,3/26/2024 7:30:00 PM,No Pedestrians Involved,Dry,No Unusual Conditions,Daylight,Violation Driver 1,Controls Functioning,Clear,Broadside,Non-Related,Parked Vehicle,Not Applicable,Not Applicable,North Of,,True,False,42789,CONESTOGA WY,LEAN AV,37.23874028,-121.8168556
1483,681810,CR-0000091219,0,0,0,0,22-079-0225,False,False,0,3/20/2022 2:00:00 AM,No Pedestrians Involved,Dry,No Unusual Conditions,Daylight,Violation Driver 1,Controls Functioning,Clear,Rear End,Intersection,Parked Vehicle,Not Applicable,Not Applicable,At,,True,False,94225,MT MCKINLEY DR,WHITE RD,37.34788891,-121.8116294
1484,690824,CR-0000096963,0,0,0,0,23-003-0880,True,False,352,1/3/2023 10:21:00 PM,No Pedestrians Involved,Dry,No Unusual Conditions,Dark - Street Light,Violation Driver 1,Controls Functioning,Clear,Hit Object,Non-Related,Fixed Object,Not Applicable,Not Applicable,North Of,TREE,True,False,94225,MT MCKINLEY DR,WHITE RD,37.34788891,-121.8116294
1485,694442,CR-0000098407,1,0,0,0,23-161-0667,False,False,160,6/10/2023 6:23:00 PM,Crossing - Not In Crosswalk,Dry,No Unusual Conditions,Daylight,Pedestrian At Fault,No Controls Present/Factor,Clear,Vehicle/Pedestrian,Non-Related,Pedestrian,East,West,South Of,PED,False,False,100671,PICARDY PLACE CT,YERBA BUENA RD,37.29811155,-121.8053454
1486,722291,CR-0000103585,3,0,0,0,24-087-0575,False,False,0,3/27/2024 3:11:00 PM,No Pedestrians Involved,Unknown,No Unusual Conditions,Daylight,Violation Driver 1,No Controls Present/Factor,Unknown,Rear End,Intersection,Other Vehicle,Not Applicable,Not Applicable,At,,True,False,64680,GARDIE PLACE WY,YERBA BUENA RD,37.29872793,-121.8045087
1487,716050,CR-0000102015,1,0,0,0,24-016-9704,False,True,51,1/9/2024 10:00:00 AM,No Pedestrians Involved,Dry,No Unusual Conditions,Daylight,Unknown,Unknown,Cloudy,Vehicle/Bike,Non-Related,Bike,Not Applicable,Not Applicable,East Of,BIKE,False,False,120658,SIERRA RD,VARNER CT,37.40237083,-121.8413445
1488,689617,CR-0000095599,1,0,0,0,22-149-0720,False,False,0,5/29/2022 5:58:00 PM,No Pedestrians Involved,Dry,No Unusual Conditions,Daylight,Violation Driver 1,Controls Functioning,Clear,Broadside,Intersection,Other Vehicle,Not Applicable,Not Applicable,At,,False,False,81531,LANDESS AV,PIEDMONT RD,37.42201713,-121.861097
1489,690847,CR-0000096988,0,1,0,0,23-020-0892,False,False,51,1/20/2023 5:55:00 PM,No Pedestrians Involved,Dry,No Unusual Conditions,Dusk - Dawn,Violation Driver 1,No Controls Present/Factor,Clear,Rear End,Non-Related,Other Vehicle,Not Applicable,Not Applicable,West Of,,True,False,81531,LANDESS AV,PIEDMONT RD,37.42201713,-121.861097
1490,691021,CR-0000097192,0,0,0,0,23-035-0762,False,False,78,2/4/2023 11:38:00 PM,No Pedestrians Involved,Wet,No Unusual Conditions,Dark - Street Light,Violation Driver 1,No Controls Present/Factor,Rain,Rear End,Non-Related,Parked Vehicle,Not Applicable,Not Applicable,South Of,,True,True,81531,LANDESS AV,PIEDMONT RD,37.42201713,-121.861097
1491,689572,CR-0000095549,0,0,0,0,22-355-0066,True,False,0,12/21/2022 2:39:00 AM,No Pedestrians Involved,Dry,No Unusual Conditions,Dark - Street Light,Violation Driver 1,No Controls Present/Factor,Cloudy,Hit Object,Intersection,Fixed Object,Not Applicable,Not Applicable,At,"Curb, Traffic Sign",False,True,81531,LANDESS AV,PIEDMONT RD,37.42201713,-121.861097
1492,683502,CR-0000093099,0,0,0,0,22-194-0464,False,False,90,7/13/2022 2:29:00 PM,No Pedestrians Involved,Dry,No Unusual Conditions,Daylight,Violation Driver 1,No Controls Present/Factor,Clear,Hit Object,Non-Related,Parked Vehicle,Not Applicable,Not Applicable,West Of,,True,True,26410,BRUSHGLEN WY,RIDGEGLEN WY,37.37215259,-121.8519104
1493,684754,CR-0000093364,0,0,0,0,22-183-0146,True,False,40,7/2/2022 3:56:00 AM,No Pedestrians Involved,Dry,No Unusual Conditions,Dark - Street Light,Violation Driver 1,No Controls Present/Factor,Clear,Head On,Related,Fixed Object,Not Applicable,Not Applicable,West Of,Stop Sign,False,False,110186,MURILLO AV,SPRINGBROOK AV,37.33013122,-121.7705089
1494,696476,CR-0000099653,1,0,0,0,23-319-0367,False,False,50,11/14/2023 12:00:00 PM,No Pedestrians Involved,Dry,No Unusual Conditions,Daylight,Violation Driver 1,Unknown,Clear,Rear End,Related,Other Vehicle,Not Applicable,Not Applicable,West Of,,True,True,108900,SIERRA RD,SIERRAVILLE AV,37.39518581,-121.8570093
1495,689238,CR-0000095192,0,0,0,0,22-298-0949,False,False,85,10/25/2022 9:07:00 PM,No Pedestrians Involved,Dry,No Unusual Conditions,Dark - Street Light,Violation Driver 1,No Controls Present/Factor,Clear,Broadside,Non-Related,Other Vehicle,Not Applicable,Not Applicable,North Of,,False,False,61192,FLICKINGER AV,TURRETT DR,37.3848347,-121.8726146
1496,689395,CR-0000095378,3,0,0,0,22-317-0489,False,False,0,11/13/2022 4:38:00 PM,No Pedestrians Involved,Dry,No Unusual Conditions,Daylight,Violation Driver 1,No Controls Present/Factor,Clear,Broadside,Intersection,Other Vehicle,Not Applicable,Not Applicable,At,,False,False,61192,FLICKINGER AV,TURRETT DR,37.3848347,-121.8726146
1497,681836,CR-0000091245,0,0,0,0,22-089-0326,False,False,201,3/30/2022 11:24:00 AM,No Pedestrians Involved,Dry,No Unusual Conditions,Daylight,Violation Driver 1,No Controls Present/Factor,Clear,Rear End,Non-Related,Parked Vehicle,Not Applicable,Not Applicable,East Of,,False,False,121571,LINDSAY ANN TR/NEW BEDFORD CT,WILLIAMSPORT DR,37.38425482,-121.8826166
1498,690907,CR-0000097070,0,0,0,0,23-045-0273,False,False,50,2/14/2023 4:50:00 AM,No Pedestrians Involved,Dry,No Unusual Conditions,Dark - Street Light,Violation Driver 1,No Controls Present/Factor,Clear,Other,Related,Parked Vehicle,Not Applicable,Not Applicable,South Of,,True,True,121571,LINDSAY ANN TR/NEW BEDFORD CT,WILLIAMSPORT DR,37.38425482,-121.8826166
1499,692467,CR-0000097755,0,0,0,0,23-072-0774,False,False,190,3/13/2023 5:36:00 PM,No Pedestrians Involved,Dry,No Unusual Conditions,Daylight,Violation Driver 1,Unknown,Clear,Hit Object,Non-Related,Fixed Object,Not Applicable,Not Applicable,West Of,,False,False,42350,COMMERCE DR,QUME DR,37.3945137,-121.8884233
1500,681735,CR-0000091135,0,0,0,0,22-051-0107,False,False,51,2/20/2022 2:22:00 AM,No Pedestrians Involved,Dry,No Unusual Conditions,Dark - Street Light,Violation Driver 1,No Controls Present/Factor,Clear,Sideswipe,Non-Related,Parked Vehicle,Not Applicable,Not Applicable,North Of,,False,True,111121,SUMMERDAYS CT,SUMMERVIEW DR,37.38675949,-121.8536104
1501,681172,CR-0000090558,1,0,0,0,22-022-0675,True,False,147,1/22/2022 7:11:00 PM,No Pedestrians Involved,Dry,No Unusual Conditions,Dark - Street Light,Violation Driver 1,No Controls Present/Factor,Clear,Head On,Non-Related,Fixed Object,Not Applicable,Not Applicable,West Of,LIGHT POLE,False,False,62930,FOURTH ST,MATRIX BL,37.36970967,-121.9112278
1502,685426,CR-0000094161,1,0,0,0,22-244-0417,False,False,460,9/1/2022 12:14:00 PM,No Pedestrians Involved,Dry,No Unusual Conditions,Daylight,Violation Driver 1,No Controls Present/Factor,Clear,Broadside,Non-Related,Motorcycle,Not Applicable,Not Applicable,South Of,,False,False,62930,FOURTH ST,MATRIX BL,37.36970967,-121.9112278
1503,690019,CR-0000096070,2,0,0,0,22-296-0579,False,False,51,10/23/2022 4:23:00 PM,No Pedestrians Involved,Dry,No Unusual Conditions,Daylight,Violation Driver 1,No Controls Present/Factor,Clear,Broadside,Non-Related,Other Vehicle,Not Applicable,Not Applicable,South Of,,False,True,62930,FOURTH ST,MATRIX BL,37.36970967,-121.9112278
1504,692490,CR-0000097778,0,0,0,0,23-074-0338,False,False,200,3/15/2023 10:34:00 AM,No Pedestrians Involved,Dry,No Unusual Conditions,Daylight,Violation Driver 1,No Controls Present/Factor,Clear,Other,Non-Related,Parked Vehicle,Not Applicable,Not Applicable,East Of,,False,False,114333,FAULSTICH CT,OAKLAND RD,37.36952861,-121.892777
1505,696522,CR-0000099709,1,0,0,0,23-343-0239,False,False,111,12/9/2023 8:07:00 AM,No Pedestrians Involved,Dry,No Unusual Conditions,Daylight,Violation Driver 1,Unknown,Clear,Sideswipe,Non-Related,Other Vehicle,Not Applicable,Not Applicable,South Of,,True,False,114333,FAULSTICH CT,OAKLAND RD,37.36952861,-121.892777
1506,716124,CR-0000102150,2,0,0,0,24-024-0218,False,False,0,1/24/2024 6:38:00 AM,No Pedestrians Involved,Wet,No Unusual Conditions,Dark - Street Light,Violation Driver 1,Unknown,Rain,Broadside,Intersection,Other Vehicle,Not Applicable,Not Applicable,At,,False,False,114333,FAULSTICH CT,OAKLAND RD,37.36952861,-121.892777
1507,717469,CR-0000102493,0,1,0,0,24-081-0736,False,False,182,3/21/2024 5:07:00 PM,No Pedestrians Involved,Dry,No Unusual Conditions,Daylight,Bike At Fault,No Controls Present/Factor,Clear,Vehicle/Bike,Non-Related,Bike,Not Applicable,Not Applicable,South Of,BIKE,False,False,114333,FAULSTICH CT,OAKLAND RD,37.36952861,-121.892777
1508,722001,CR-0000103255,0,0,0,0,24-055-4000,False,True,51,2/23/2024 12:30:00 AM,No Pedestrians Involved,Unknown,Unknown,Unknown,Unknown,Unknown,Unknown,Hit Object,Non-Related,Fixed Object,Not Applicable,Not Applicable,West Of,TREE,False,False,72489,HIBISCUS LN,MANZANITA DR,37.31148337,-121.9720989
1509,685300,CR-0000093981,0,0,0,0,22-245-0816,False,False,48,9/2/2022 6:30:00 PM,No Pedestrians Involved,Dry,No Unusual Conditions,Daylight,Violation Driver 1,Unknown,Clear,Broadside,Related,Parked Vehicle,Not Applicable,Not Applicable,South Of,,True,False,3695,ALFRED WY,VISTA GLEN DR,37.34130546,-121.8237992
1510,690884,CR-0000097028,0,0,0,0,23-017-9703,False,False,51,1/10/2023 12:30:00 AM,No Pedestrians Involved,Wet,No Unusual Conditions,Dark - Street Light,Unknown,No Controls Present/Factor,Rain,Sideswipe,Non-Related,Other Vehicle,Not Applicable,Not Applicable,West Of,,False,False,13012,BARBARA WY,KOCH LN,37.28245579,-121.8834384
1511,712267,CR-0000101723,0,0,0,0,23-010-4001,False,True,51,1/10/2023 12:10:00 PM,No Pedestrians Involved,Unknown,Unknown,Unknown,Unknown,Unknown,Unknown,Other,Non-Related,Parked Vehicle,Not Applicable,Not Applicable,West Of,,False,False,13012,BARBARA WY,KOCH LN,37.28245579,-121.8834384
1512,683080,CR-0000092636,1,1,0,0,22-168-0621,False,False,19,6/17/2022 5:05:00 PM,No Pedestrians Involved,Dry,No Unusual Conditions,Daylight,Violation Driver 1,Controls Functioning,Clear,Broadside,Related,Other Vehicle,Not Applicable,Not Applicable,East Of,,False,False,17600,BERRYESSA RD/SUNCREST AV,PIEDMONT RD,37.39657295,-121.845405
1513,680157,CR-0000089379,0,0,0,1,22-036-0791,True,False,0,2/5/2022 8:20:00 PM,No Pedestrians Involved,Dry,No Unusual Conditions,Dark - Street Light,Violation Driver 1,Controls Functioning,Clear,Broadside,Intersection,Other Vehicle,Not Applicable,Not Applicable,At,Tree,True,False,17600,BERRYESSA RD/SUNCREST AV,PIEDMONT RD,37.39657295,-121.845405
1514,682293,CR-0000091830,1,0,0,0,22-127-0275,False,False,105,5/7/2022 9:29:00 AM,No Pedestrians Involved,Dry,No Unusual Conditions,Daylight,Violation Driver 1,Controls Functioning,Clear,Rear End,Non-Related,Other Vehicle,Not Applicable,Not Applicable,North Of,,True,False,17600,BERRYESSA RD/SUNCREST AV,PIEDMONT RD,37.39657295,-121.845405
1515,694171,CR-0000098102,2,0,1,0,23-113-0008,False,False,0,4/23/2023 12:03:00 AM,No Pedestrians Involved,Dry,No Unusual Conditions,Dark - Street Light,Violation Driver 1,Controls Functioning,Clear,Broadside,Intersection,Other Vehicle,Not Applicable,Not Applicable,At,,True,True,17600,BERRYESSA RD/SUNCREST AV,PIEDMONT RD,37.39657295,-121.845405
1516,694552,CR-0000098546,0,1,0,0,23-198-0755,True,False,40,7/17/2023 7:15:00 PM,No Pedestrians Involved,Dry,No Unusual Conditions,Daylight,Violation Driver 1,Controls Functioning,Clear,Hit Object,Related,Fixed Object,Not Applicable,Not Applicable,West Of,CURB,False,False,109746,SOMERSET DR,SUNCREST AV,37.3968812,-121.8444383
1517,690839,CR-0000096978,0,1,0,0,23-017-0321,False,False,0,1/17/2023 10:46:00 AM,No Pedestrians Involved,Dry,No Unusual Conditions,Daylight,Violation Driver 1,Controls Functioning,Clear,Vehicle/Bike,Intersection,Bike,Not Applicable,Not Applicable,At,BIKE,False,False,47860,CYPRESS AV,STEVENS CREEK BL,37.32327333,-121.9598033
1518,711741,CR-0000101011,0,0,0,0,23-246-0418,False,False,195,9/3/2023 1:26:00 PM,No Pedestrians Involved,Dry,No Unusual Conditions,Daylight,Violation Driver 1,Controls Functioning,Clear,Sideswipe,Non-Related,Other Vehicle,Not Applicable,Not Applicable,West Of,,False,False,47860,CYPRESS AV,STEVENS CREEK BL,37.32327333,-121.9598033
1519,698997,CR-0000100301,1,0,0,0,23-317-0617,False,False,200,11/13/2023 4:10:00 PM,No Pedestrians Involved,Dry,No Unusual Conditions,Daylight,Violation Driver 1,No Controls Present/Factor,Clear,Broadside,Non-Related,Other Vehicle,Not Applicable,Not Applicable,North Of,,False,False,14112,BASCOM AV,STOKES ST,37.30152341,-121.9317111
1520,699077,CR-0000100383,0,0,0,0,23-238-9707,False,True,0,8/26/2023 10:30:00 AM,No Pedestrians Involved,Dry,Construction - Repair Zone,Daylight,Unknown,Unknown,Clear,Other,Intersection,Non-Collision,Not Applicable,Not Applicable,At,,False,False,14112,BASCOM AV,STOKES ST,37.30152341,-121.9317111
1521,712023,CR-0000101460,0,0,0,0,23-259-4000,False,True,51,8/16/2023 12:15:00 PM,No Pedestrians Involved,Unknown,Unknown,Unknown,Unknown,Unknown,Unknown,Other,Non-Related,Other Vehicle,Not Applicable,Not Applicable,East Of,,False,False,14112,BASCOM AV,STOKES ST,37.30152341,-121.9317111
1522,683052,CR-0000092611,0,0,0,0,22-163-0488,True,False,0,6/12/2022 1:40:00 PM,No Pedestrians Involved,Dry,No Unusual Conditions,Daylight,Violation Driver 1,Controls Functioning,Cloudy,Hit Object,Intersection,Fixed Object,Not Applicable,Not Applicable,At,TWO CITY POLES,False,False,89132,MCABEE RD,PERALTA DR,37.22510328,-121.8764804
1523,697568,CR-0000099779,0,0,0,0,23-144-0667,False,False,71,5/23/2023 3:30:00 PM,No Pedestrians Involved,Dry,No Unusual Conditions,Daylight,Violation Driver 1,No Controls Present/Factor,Clear,Hit Object,Non-Related,Other Object,Not Applicable,Not Applicable,South Of,Garbage Cans,True,True,131053,BENTLEY RIDGE DR,WOOD HOLLOW CT,37.28621988,-121.7747157
1524,711882,CR-0000101366,0,0,0,0,23-324-0106,True,False,534,11/20/2023 2:50:00 AM,No Pedestrians Involved,Dry,No Unusual Conditions,Dark - Street Light,Violation Driver 1,No Controls Present/Factor,Clear,Hit Object,Non-Related,Fixed Object,Not Applicable,Not Applicable,West Of,FENCE,False,False,137741,CALLE DE ESTRELLA,PETTIGREW DR,37.31779644,-121.8053154
1525,682466,CR-0000092031,0,0,0,0,22-118-1001,False,False,0,4/28/2022 9:35:00 PM,No Pedestrians Involved,Dry,No Unusual Conditions,Dark - Street Light,Violation Driver 1,No Controls Present/Factor,Clear,Sideswipe,Intersection,Parked Vehicle,Not Applicable,Not Applicable,At,,False,True,48586,DARBY'S CT,POMONA AV,37.31201952,-121.8746932