_id,CrashFactId,Name,MinorInjuries,ModerateInjuries,SevereInjuries,FatalInjuries,TcrNumber,CityDamageFlag,ShortFormFlag,Distance,CrashDateTime,PedestrianAction,RoadwaySurface,RoadwayCondition,Lighting,PrimaryCollisionFactor,TrafficControl,Weather,CollisionType,ProximityToIntersection,VehicleInvolvedWith,PedestrianDirectionFrom,PedestrianDirectionTo,DirectionFromIntersection,Comment,SpeedingFlag,HitAndRunFlag,IntersectionNumber,AStreetName,BStreetName,Latitude,Longitude
1526,682517,CR-0000092084,0,0,0,0,22-094-0627,False,False,0,4/4/2022 4:12:00 PM,No Pedestrians Involved,Dry,No Unusual Conditions,Daylight,Violation Driver 1,Controls Functioning,Clear,Rear End,Intersection,Other Vehicle,Not Applicable,Not Applicable,At,,True,False,123672,ALMA AV,LELONG AV,37.30959012,-121.8846722
1527,682978,CR-0000092533,0,1,0,0,22-170-0790,False,False,25,6/19/2022 8:48:00 PM,Crossing In Crosswalk - At Intersection,Dry,No Unusual Conditions,Dark - Street Light,Violation Driver 1,Controls Functioning,Clear,Vehicle/Pedestrian,Related,Pedestrian,East,West,North Of,PED,False,False,123672,ALMA AV,LELONG AV,37.30959012,-121.8846722
1528,683118,CR-0000092740,0,0,0,0,22-048-0734,False,False,0,2/17/2022 5:16:00 PM,No Pedestrians Involved,Dry,Construction - Repair Zone,Daylight,Unknown,Controls Functioning,Clear,Sideswipe,Intersection,Other Vehicle,Not Applicable,Not Applicable,At,,False,False,123672,ALMA AV,LELONG AV,37.30959012,-121.8846722
1529,696432,CR-0000099609,0,0,0,0,23-108-0873,False,False,54,4/18/2023 11:46:00 PM,No Pedestrians Involved,Dry,No Unusual Conditions,Dark - Street Light,Violation Driver 1,Controls Functioning,Clear,Rear End,Non-Related,Other Vehicle,Not Applicable,Not Applicable,West Of,,False,True,123672,ALMA AV,LELONG AV,37.30959012,-121.8846722
1530,720859,CR-0000103062,0,0,0,0,24-044-1025,False,False,0,2/13/2024 11:28:00 PM,No Pedestrians Involved,Dry,No Unusual Conditions,Dark - Street Light,Violation Driver 1,Controls Functioning,Unknown,Rear End,Intersection,Other Vehicle,Not Applicable,Not Applicable,At,,True,True,123672,ALMA AV,LELONG AV,37.30959012,-121.8846722
1531,684919,CR-0000093581,1,0,0,0,22-232-0614,False,False,24,8/20/2022 4:33:00 PM,No Pedestrians Involved,Dry,No Unusual Conditions,Daylight,Violation Driver 1,No Controls Present/Factor,Clear,Broadside,Related,Other Vehicle,Not Applicable,Not Applicable,South Of,,False,False,101573,POMONA AV,SAN JOSE AV,37.3105583,-121.8732756
1532,689439,CR-0000095414,0,1,0,0,22-314-0862,False,False,167,11/10/2022 7:56:00 PM,In Road - Includes Shoulder,Dry,No Unusual Conditions,Dark - Street Light,Violation Driver 1,No Controls Present/Factor,Clear,Vehicle/Pedestrian,Non-Related,Pedestrian,West,East,East Of,PED,False,False,101573,POMONA AV,SAN JOSE AV,37.3105583,-121.8732756
1533,685009,CR-0000093677,0,0,0,0,22-208-0141,False,False,51,7/27/2022 5:29:00 AM,No Pedestrians Involved,Dry,No Unusual Conditions,Dark - Street Light,Violation Driver 1,No Controls Present/Factor,Clear,Broadside,Non-Related,Parked Vehicle,Not Applicable,Not Applicable,East Of,,False,True,43977,COTTAGE GROVE AV,POMONA AV,37.31246138,-121.8751198
1534,711730,CR-0000100843,0,0,0,0,23-184-0037,False,False,353,7/3/2023 12:37:00 AM,No Pedestrians Involved,Dry,No Unusual Conditions,Dark - Street Light,Violation Driver 1,No Controls Present/Factor,Clear,Head On,Non-Related,Parked Vehicle,Not Applicable,Not Applicable,West Of,,False,False,50049,DELLWOOD WY,RIDGEWOOD DR,37.2479197,-121.8883129
1535,688925,CR-0000094784,0,0,0,0,22-281-0530,False,False,53,10/7/2022 1:48:00 PM,No Pedestrians Involved,Dry,No Unusual Conditions,Daylight,Violation Driver 1,No Controls Present/Factor,Clear,Rear End,Non-Related,Parked Vehicle,Not Applicable,Not Applicable,South Of,,False,True,60873,FLANDERS DR,PIEDMONT RD,37.39414709,-121.84423
1536,685100,CR-0000093771,0,0,0,1,22-271-0250,False,False,350,9/28/2022 9:00:00 AM,No Pedestrians Involved,Dry,No Unusual Conditions,Daylight,Violation Driver 1,No Controls Present/Factor,Clear,Hit Object,Non-Related,Fixed Object,Not Applicable,Not Applicable,South Of,MC,False,False,120053,FONTANOSO WY,SILVER CREEK VALLEY RD,37.2583896,-121.7858636
1537,682323,CR-0000091886,0,0,0,0,22-098-0465,False,False,0,4/8/2022 1:31:00 PM,No Pedestrians Involved,Dry,No Unusual Conditions,Daylight,Violation Driver 1,No Controls Present/Factor,Clear,Rear End,Intersection,Other Vehicle,Not Applicable,Not Applicable,At,,False,True,109482,SIXTH ST,VIRGINIA ST,37.32659429,-121.8762239
1538,689574,CR-0000095551,0,0,0,0,22-352-0559,False,False,0,12/18/2022 5:23:00 PM,No Pedestrians Involved,Dry,No Unusual Conditions,Dark - Street Light,Violation Driver 1,Controls Functioning,Clear,Head On,Intersection,Other Vehicle,Not Applicable,Not Applicable,At,,False,True,109482,SIXTH ST,VIRGINIA ST,37.32659429,-121.8762239
1539,715834,CR-0000101759,0,0,0,0,23-013-9706,False,True,51,1/6/2023 8:55:00 AM,No Pedestrians Involved,Dry,Other,Daylight,Unknown,Controls Functioning,Clear,Rear End,Non-Related,Other Vehicle,Not Applicable,Not Applicable,South Of,,False,False,109482,SIXTH ST,VIRGINIA ST,37.32659429,-121.8762239
1540,694741,CR-0000098742,1,0,0,0,23-240-0715,False,False,22,8/30/2023 4:33:00 PM,Crossing In Crosswalk - Not At Intersection,Dry,No Unusual Conditions,Daylight,Violation Driver 1,No Controls Present/Factor,Clear,Vehicle/Pedestrian,Related,Pedestrian,North,South,East Of,PED,False,False,88373,MARTHA ST,SIXTH ST,37.32514831,-121.8751516
1541,697605,CR-0000099814,0,0,0,0,23-252-0744,False,False,267,9/9/2023 7:28:00 PM,No Pedestrians Involved,Dry,No Unusual Conditions,Dusk - Dawn,Violation Driver 1,No Controls Present/Factor,Clear,Rear End,Non-Related,Parked Vehicle,Not Applicable,Not Applicable,South Of,,False,False,88373,MARTHA ST,SIXTH ST,37.32514831,-121.8751516
1542,689082,CR-0000094956,1,0,0,0,22-320-0514,False,False,84,11/16/2022 2:34:00 PM,No Pedestrians Involved,Dry,No Unusual Conditions,Daylight,Violation Driver 1,No Controls Present/Factor,Clear,Broadside,Non-Related,Other Vehicle,Not Applicable,Not Applicable,North Of,,False,False,59839,FIFTH ST,MARTHA ST,37.32463003,-121.8762341
1543,695969,CR-0000099103,0,0,0,0,23-227-0501,False,False,68,8/15/2023 1:53:00 PM,No Pedestrians Involved,Dry,No Unusual Conditions,Daylight,Violation Driver 1,No Controls Present/Factor,Clear,Sideswipe,Non-Related,Parked Vehicle,Not Applicable,Not Applicable,South Of,,False,True,59839,FIFTH ST,MARTHA ST,37.32463003,-121.8762341
1544,682167,CR-0000091742,2,1,0,0,22-062-0418,False,False,0,3/3/2022 11:38:00 AM,No Pedestrians Involved,Dry,No Unusual Conditions,Daylight,Violation Driver 1,Controls Functioning,Clear,Head On,Intersection,Motor Vehicle On Other Roadway,Not Applicable,Not Applicable,At,,False,False,60356,FIRST ST,MARTHA ST,37.32270574,-121.8802893
1545,694609,CR-0000098642,3,1,0,0,23-205-0332,False,False,0,7/24/2023 10:55:00 AM,No Pedestrians Involved,Dry,No Unusual Conditions,Daylight,Violation Driver 1,Unknown,Clear,Head On,Intersection,Other Vehicle,Not Applicable,Not Applicable,At,,False,False,60356,FIRST ST,MARTHA ST,37.32270574,-121.8802893
1546,694366,CR-0000098310,0,1,1,0,23-164-0644,False,False,0,6/13/2023 5:05:00 PM,No Pedestrians Involved,Dry,No Unusual Conditions,Daylight,Violation Driver 1,Controls Functioning,Clear,Broadside,Intersection,Motorcycle,Not Applicable,Not Applicable,At,,False,False,60356,FIRST ST,MARTHA ST,37.32270574,-121.8802893
1547,690979,CR-0000097150,1,0,0,0,23-034-0384,False,False,0,2/3/2023 12:19:00 PM,No Pedestrians Involved,Dry,No Unusual Conditions,Daylight,Violation Driver 1,Controls Functioning,Cloudy,Broadside,Intersection,Other Vehicle,Not Applicable,Not Applicable,At,,False,False,60356,FIRST ST,MARTHA ST,37.32270574,-121.8802893
1548,694233,CR-0000098130,1,0,0,0,23-128-0179,False,False,0,5/8/2023 8:08:00 AM,Crossing In Crosswalk - At Intersection,Dry,No Unusual Conditions,Daylight,Violation Driver 1,Controls Functioning,Cloudy,Vehicle/Pedestrian,Intersection,Pedestrian,West,East,At,PED,False,False,60356,FIRST ST,MARTHA ST,37.32270574,-121.8802893
1549,694071,CR-0000097931,0,0,0,0,23-109-0639,False,False,0,4/19/2023 5:18:00 PM,No Pedestrians Involved,Dry,No Unusual Conditions,Daylight,Violation Driver 1,No Controls Present/Factor,Clear,Sideswipe,Intersection,Parked Vehicle,Not Applicable,Not Applicable,At,,False,True,60356,FIRST ST,MARTHA ST,37.32270574,-121.8802893
1550,681603,CR-0000091000,1,0,0,0,22-047-0208,False,False,26,2/16/2022 7:44:00 AM,No Pedestrians Involved,Dry,No Unusual Conditions,Daylight,Violation Driver 1,Controls Functioning,Clear,Sideswipe,Related,Other Vehicle,Not Applicable,Not Applicable,West Of,,False,False,111781,THIRD ST,VIRGINIA ST,37.32506462,-121.8794469
1551,681781,CR-0000091181,1,0,0,0,22-056-0599,False,False,0,2/25/2022 4:11:00 PM,No Pedestrians Involved,Dry,No Unusual Conditions,Daylight,Violation Driver 1,Controls Functioning,Clear,Broadside,Intersection,Motor Vehicle On Other Roadway,Not Applicable,Not Applicable,At,,False,False,111781,THIRD ST,VIRGINIA ST,37.32506462,-121.8794469
1552,682349,CR-0000091912,0,0,0,0,22-100-9702,False,True,0,4/9/2022 4:30:00 PM,No Pedestrians Involved,Dry,No Unusual Conditions,Daylight,Violation Driver 1,Controls Functioning,Clear,Broadside,Intersection,Other Vehicle,Not Applicable,Not Applicable,At,,False,False,111781,THIRD ST,VIRGINIA ST,37.32506462,-121.8794469
1553,689135,CR-0000095012,0,1,0,0,22-200-0887,False,False,0,7/19/2022 12:39:00 AM,No Pedestrians Involved,Dry,No Unusual Conditions,Dusk - Dawn,Violation Driver 1,Controls Functioning,Clear,Vehicle/Bike,Intersection,Bike,Not Applicable,Not Applicable,At,BICYCLIST,False,True,111781,THIRD ST,VIRGINIA ST,37.32506462,-121.8794469
1554,689311,CR-0000095280,1,0,0,0,22-291-0325,False,False,25,10/18/2022 10:32:00 AM,No Pedestrians Involved,Dry,No Unusual Conditions,Daylight,Violation Driver 1,Controls Functioning,Clear,Vehicle/Bike,Related,Bike,Not Applicable,Not Applicable,North Of,,False,False,111781,THIRD ST,VIRGINIA ST,37.32506462,-121.8794469
1555,690794,CR-0000096932,0,0,0,0,23-005-0660,True,False,0,1/5/2023 5:15:00 PM,No Pedestrians Involved,Wet,No Unusual Conditions,Dark - Street Light,Violation Driver 1,Controls Functioning,Rain,Hit Object,Intersection,Fixed Object,Not Applicable,Not Applicable,At,Traffic Sign,True,False,111781,THIRD ST,VIRGINIA ST,37.32506462,-121.8794469
1556,694466,CR-0000098431,1,1,0,0,23-145-0417,False,False,0,5/25/2023 12:29:00 PM,No Pedestrians Involved,Dry,Unknown,Daylight,Violation Driver 1,No Controls Present/Factor,Clear,Broadside,Intersection,Other Vehicle,Not Applicable,Not Applicable,At,,False,False,111781,THIRD ST,VIRGINIA ST,37.32506462,-121.8794469
1557,716117,CR-0000102086,2,0,0,0,23-013-0340,False,False,0,1/13/2024 11:21:00 AM,No Pedestrians Involved,Wet,No Unusual Conditions,Daylight,Violation Driver 1,Controls Functioning,Cloudy,Broadside,Intersection,Other Vehicle,Not Applicable,Not Applicable,At,,False,False,111781,THIRD ST,VIRGINIA ST,37.32506462,-121.8794469
1558,711694,CR-0000101130,0,0,0,0,23-298-0482,False,False,0,10/25/2023 1:40:00 PM,No Pedestrians Involved,Dry,No Unusual Conditions,Daylight,Violation Driver 1,Controls Functioning,Clear,Broadside,Intersection,Other Vehicle,Not Applicable,Not Applicable,At,,False,False,111781,THIRD ST,VIRGINIA ST,37.32506462,-121.8794469
1559,711617,CR-0000101272,0,0,0,0,23-204-9707,False,True,0,7/23/2023 2:55:00 PM,No Pedestrians Involved,Dry,No Unusual Conditions,Daylight,Unknown,Controls Functioning,Clear,Sideswipe,Intersection,Other Vehicle,Not Applicable,Not Applicable,At,,False,False,111781,THIRD ST,VIRGINIA ST,37.32506462,-121.8794469
1560,685328,CR-0000094009,0,0,0,0,22-253-0972,True,False,38,9/10/2022 9:30:00 PM,No Pedestrians Involved,Dry,No Unusual Conditions,Dark - Street Light,Violation Driver 1,Controls Functioning,Clear,Rear End,Related,Fixed Object,Not Applicable,Not Applicable,South Of,SIGNAL POLE AND TRASH CAN,False,True,60642,FIRST ST,ST JAMES ST,37.33910179,-121.892753
1561,682391,CR-0000091954,0,0,0,0,22-106-0290,False,False,162,4/16/2022 10:23:00 AM,No Pedestrians Involved,Wet,No Unusual Conditions,Daylight,Violation Driver 1,Unknown,Clear,Sideswipe,Non-Related,Other Vehicle,Not Applicable,Not Applicable,West Of,,False,False,60642,FIRST ST,ST JAMES ST,37.33910179,-121.892753
1562,698994,CR-0000100298,3,0,0,0,23-329-0378,False,False,0,11/25/2023 12:06:00 PM,No Pedestrians Involved,Dry,No Unusual Conditions,Daylight,Violation Driver 1,Controls Functioning,Clear,Head On,Intersection,Other Vehicle,Not Applicable,Not Applicable,At,,False,False,60642,FIRST ST,ST JAMES ST,37.33910179,-121.892753
1563,690878,CR-0000097022,0,0,0,0,23-002-9708,False,True,0,1/1/2023 8:11:00 PM,No Pedestrians Involved,Dry,No Unusual Conditions,Dark - Street Light,Unknown,No Controls Present/Factor,Clear,Sideswipe,Intersection,Other Vehicle,Not Applicable,Not Applicable,At,,False,False,60642,FIRST ST,ST JAMES ST,37.33910179,-121.892753
1564,681734,CR-0000091134,1,0,0,0,22-050-0941,False,False,0,2/19/2022 11:49:00 PM,No Pedestrians Involved,Dry,No Unusual Conditions,Dark - Street Light,Violation Driver 1,Controls Functioning,Clear,Broadside,Intersection,Other Vehicle,Not Applicable,Not Applicable,At,,False,False,87988,MARKET ST,SANTA CLARA ST,37.33546553,-121.8920544
1565,681237,CR-0000090622,0,0,0,0,22-034-4003,False,True,,1/28/2022 11:20:00 PM,No Pedestrians Involved,Unknown,Unknown,Unknown,Unknown,Unknown,Unknown,Sideswipe,Related,Other Vehicle,Not Applicable,Not Applicable,North Of,,False,False,87988,MARKET ST,SANTA CLARA ST,37.33546553,-121.8920544
1566,681364,CR-0000090751,0,0,0,0,22-017-0014,False,False,33,1/17/2022 12:15:00 AM,No Pedestrians Involved,Dry,No Unusual Conditions,Dark - Street Light,Violation Driver 1,Unknown,Clear,Rear End,Related,Other Vehicle,Not Applicable,Not Applicable,West Of,,False,False,87988,MARKET ST,SANTA CLARA ST,37.33546553,-121.8920544
1567,685060,CR-0000093723,1,0,0,0,22-242-0399,False,False,110,8/30/2022 11:20:00 AM,In Road - Includes Shoulder,Dry,No Unusual Conditions,Daylight,Pedestrian At Fault,No Controls Present/Factor,Clear,Vehicle/Pedestrian,Non-Related,Pedestrian,West,East,North Of,PEDESTRIANS (2) (ADULT & BABY),False,False,87988,MARKET ST,SANTA CLARA ST,37.33546553,-121.8920544
1568,685023,CR-0000093699,1,0,0,0,22-187-0626,False,False,24,7/6/2022 4:15:00 PM,No Pedestrians Involved,Dry,No Unusual Conditions,Daylight,Violation Driver 1,Controls Functioning,Clear,Rear End,Related,Other Vehicle,Not Applicable,Not Applicable,West Of,,True,False,87988,MARKET ST,SANTA CLARA ST,37.33546553,-121.8920544
1569,683495,CR-0000093086,0,0,0,0,22-184-4002,False,False,51,7/3/2022 10:00:00 AM,No Pedestrians Involved,Unknown,Unknown,Unknown,Unknown,Unknown,Unknown,Other,Non-Related,Unknown,Not Applicable,Not Applicable,West Of,,False,True,87988,MARKET ST,SANTA CLARA ST,37.33546553,-121.8920544
1570,688843,CR-0000094698,1,0,0,0,22-295-0119,False,False,277,10/22/2022 2:21:00 AM,No Pedestrians Involved,Dry,No Unusual Conditions,Dark - Street Light,Violation Driver 1,Controls Functioning,Clear,Vehicle/Bike,Non-Related,Bike,Not Applicable,Not Applicable,North Of,BIKE,False,True,87988,MARKET ST,SANTA CLARA ST,37.33546553,-121.8920544
1571,690253,CR-0000096344,0,0,0,0,22-284-4003,False,True,51,9/26/2022 5:05:00 AM,No Pedestrians Involved,Unknown,Unknown,Unknown,Unknown,Unknown,Unknown,Rear End,Non-Related,Parked Vehicle,Not Applicable,Not Applicable,Unknown,,False,False,87988,MARKET ST,SANTA CLARA ST,37.33546553,-121.8920544
1572,698685,CR-0000099925,1,0,0,0,23-217-9705,False,True,0,8/3/2023 8:43:00 PM,No Pedestrians Involved,Dry,No Unusual Conditions,Dark - Street Light,Unknown,Controls Functioning,Clear,Sideswipe,Intersection,Motorcycle,Not Applicable,Not Applicable,At,,False,False,87988,MARKET ST,SANTA CLARA ST,37.33546553,-121.8920544
1573,699151,CR-0000100468,0,0,0,0,23-162-0129,False,False,0,6/11/2023 2:27:00 AM,No Pedestrians Involved,Dry,No Unusual Conditions,Dark - Street Light,Violation Driver 1,Controls Functioning,Clear,Rear End,Intersection,Other Vehicle,Not Applicable,Not Applicable,At,,False,False,87988,MARKET ST,SANTA CLARA ST,37.33546553,-121.8920544
1574,699407,CR-0000100739,0,0,0,0,23-141-0831,False,False,105,5/21/2023 9:25:00 PM,No Pedestrians Involved,Dry,No Unusual Conditions,Dark - Street Light,Violation Driver 1,Controls Functioning,Clear,Rear End,Non-Related,Parked Vehicle,Not Applicable,Not Applicable,North Of,,False,True,87988,MARKET ST,SANTA CLARA ST,37.33546553,-121.8920544
1575,694749,CR-0000098795,0,1,0,0,23-243-0628,False,False,257,8/31/2023 3:30:00 PM,No Pedestrians Involved,Dry,No Unusual Conditions,Daylight,Violation Driver 1,No Controls Present/Factor,Clear,Sideswipe,Non-Related,Parked Vehicle,Not Applicable,Not Applicable,North Of,,True,False,87988,MARKET ST,SANTA CLARA ST,37.33546553,-121.8920544
1576,694790,CR-0000098828,1,0,0,0,23-217-0716,False,False,0,8/5/2023 8:01:00 PM,No Pedestrians Involved,Dry,No Unusual Conditions,Dark - Street Light,Unknown,Controls Functioning,Clear,Rear End,Intersection,Other Vehicle,Not Applicable,Not Applicable,At,,False,False,87988,MARKET ST,SANTA CLARA ST,37.33546553,-121.8920544
1577,696438,CR-0000099615,0,0,0,0,23-109-0382,False,False,10,4/19/2023 12:30:00 PM,No Pedestrians Involved,Dry,No Unusual Conditions,Daylight,Violation Driver 1,No Controls Present/Factor,Clear,Sideswipe,Related,Other Vehicle,Not Applicable,Not Applicable,East Of,,False,False,87988,MARKET ST,SANTA CLARA ST,37.33546553,-121.8920544
1578,711635,CR-0000101175,0,0,0,0,23-318-9704,False,True,0,11/14/2023 10:30:00 AM,No Pedestrians Involved,Dry,No Unusual Conditions,Daylight,Unknown,No Controls Present/Factor,Clear,Rear End,Intersection,Other Vehicle,Not Applicable,Not Applicable,At,,False,False,87988,MARKET ST,SANTA CLARA ST,37.33546553,-121.8920544
1579,711914,CR-0000101362,0,0,0,0,23-331-0471,False,False,44,11/27/2023 12:49:00 PM,No Pedestrians Involved,Dry,No Unusual Conditions,Daylight,Violation Driver 1,No Controls Present/Factor,Clear,Sideswipe,Related,Parked Vehicle,Not Applicable,Not Applicable,North Of,,False,False,87988,MARKET ST,SANTA CLARA ST,37.33546553,-121.8920544
1580,715941,CR-0000101940,0,0,0,0,23-241-1047,False,False,0,8/29/2023 10:06:00 PM,No Pedestrians Involved,Dry,No Unusual Conditions,Dark - Street Light,Violation Driver 1,Controls Functioning,Clear,Sideswipe,Intersection,Other Vehicle,Not Applicable,Not Applicable,At,,False,True,87988,MARKET ST,SANTA CLARA ST,37.33546553,-121.8920544
1581,712018,CR-0000101042,0,0,0,0,23-268-0005,False,False,98,9/25/2023 12:09:00 AM,No Pedestrians Involved,Dry,No Unusual Conditions,Dark - Street Light,Unknown,Controls Functioning,Clear,Sideswipe,Non-Related,Parked Vehicle,Not Applicable,Not Applicable,South Of,,False,True,87988,MARKET ST,SANTA CLARA ST,37.33546553,-121.8920544
1582,722324,CR-0000103618,0,0,0,0,24-091-0089,False,False,0,3/31/2024 2:24:00 AM,No Pedestrians Involved,Dry,No Unusual Conditions,Dark - Street Light,Violation Driver 1,Controls Functioning,Clear,Sideswipe,Intersection,Other Vehicle,Not Applicable,Not Applicable,At,,False,True,87988,MARKET ST,SANTA CLARA ST,37.33546553,-121.8920544
1583,683006,CR-0000092524,0,0,0,0,22-171-0364,False,False,0,6/19/2022 6:33:00 PM,No Pedestrians Involved,Dry,No Unusual Conditions,Dark - Street Light,Violation Driver 1,No Controls Present/Factor,Clear,Other,Intersection,Parked Vehicle,Not Applicable,Not Applicable,At,,False,True,87933,MARKET ST,POST ST,37.33459071,-121.8914045
1584,712264,CR-0000101719,0,0,0,0,23-006-4001,False,True,51,1/6/2023 2:10:00 PM,No Pedestrians Involved,Unknown,Unknown,Unknown,Unknown,Unknown,Unknown,Sideswipe,Non-Related,Other Vehicle,Not Applicable,Not Applicable,Unknown,,False,False,87933,MARKET ST,POST ST,37.33459071,-121.8914045
1585,711948,CR-0000100892,0,0,0,0,23-205-9707,False,True,51,7/22/2023 9:16:00 PM,No Pedestrians Involved,Unknown,Unknown,Unknown,Unknown,Unknown,Unknown,Other,Non-Related,Parked Vehicle,Not Applicable,Not Applicable,North Of,,False,False,87933,MARKET ST,POST ST,37.33459071,-121.8914045
1586,716227,CR-0000102181,0,0,0,0,24-057-9709,False,True,0,2/25/2024 12:05:00 AM,No Pedestrians Involved,Dry,No Unusual Conditions,Dark - Street Light,Unknown,Controls Functioning,Clear,Rear End,Intersection,Other Vehicle,Not Applicable,Not Applicable,At,,False,True,87933,MARKET ST,POST ST,37.33459071,-121.8914045
1587,716241,CR-0000102211,2,0,0,0,24-042-0071,False,False,0,2/11/2024 1:47:00 AM,No Pedestrians Involved,Dry,No Unusual Conditions,Dark - Street Light,Violation Driver 1,Controls Functioning,Clear,Broadside,Intersection,Other Vehicle,Not Applicable,Not Applicable,At,,False,True,87933,MARKET ST,POST ST,37.33459071,-121.8914045
1588,688946,CR-0000094805,1,0,0,0,22-283-0619,False,False,20,10/10/2022 3:45:00 PM,No Pedestrians Involved,Dry,No Unusual Conditions,Daylight,Violation Driver 1,Controls Functioning,Clear,Rear End,Related,Other Vehicle,Not Applicable,Not Applicable,South Of,,True,False,77758,JULIAN ST,THIRD ST,37.34154945,-121.8917189
1589,699051,CR-0000100357,1,0,0,0,23-214-9704,False,True,0,7/31/2023 7:38:00 PM,No Pedestrians Involved,Dry,No Unusual Conditions,Daylight,Unknown,Controls Functioning,Clear,Broadside,Intersection,Other Vehicle,Not Applicable,Not Applicable,At,,False,False,77758,JULIAN ST,THIRD ST,37.34154945,-121.8917189
1590,692471,CR-0000097759,0,0,0,0,23-073-0901,False,True,0,3/14/2023 8:30:00 PM,No Pedestrians Involved,Unknown,Unknown,Unknown,Unknown,Unknown,Unknown,Broadside,Intersection,Other Vehicle,Not Applicable,Not Applicable,At,,False,False,77758,JULIAN ST,THIRD ST,37.34154945,-121.8917189
1591,717412,CR-0000102425,0,0,0,0,24-001-4007,False,True,51,12/31/2023 10:30:00 PM,No Pedestrians Involved,Unknown,Unknown,Unknown,Unknown,Unknown,Unknown,Other,Non-Related,Parked Vehicle,Not Applicable,Not Applicable,South Of,,False,False,77758,JULIAN ST,THIRD ST,37.34154945,-121.8917189
1592,719590,CR-0000102746,0,0,0,0,24-001-0884,False,False,100,1/1/2024 10:32:00 PM,No Pedestrians Involved,Dry,No Unusual Conditions,Dark - Street Light,Unknown,No Controls Present/Factor,Clear,Sideswipe,Non-Related,Parked Vehicle,Not Applicable,Not Applicable,East Of,,False,False,77758,JULIAN ST,THIRD ST,37.34154945,-121.8917189
1593,688921,CR-0000094780,1,0,0,0,22-279-1060,False,False,0,10/6/2022 11:20:00 PM,No Pedestrians Involved,Dry,No Unusual Conditions,Dark - Street Light,Violation Driver 1,Controls Functioning,Clear,Head On,Intersection,Other Vehicle,Not Applicable,Not Applicable,At,,False,True,60708,FIRST ST,VIRGINIA ST,37.32405739,-121.8815439
1594,683517,CR-0000093114,0,0,0,0,22-201-0883,False,False,0,7/20/2022 8:45:00 PM,No Pedestrians Involved,Dry,No Unusual Conditions,Dark - Street Light,Violation Driver 1,Controls Functioning,Clear,Broadside,Intersection,Other Vehicle,Not Applicable,Not Applicable,At,,False,True,60708,FIRST ST,VIRGINIA ST,37.32405739,-121.8815439
1595,683566,CR-0000093172,2,0,0,0,22-206-1002,False,False,0,7/25/2022 11:00:00 PM,No Pedestrians Involved,Dry,No Unusual Conditions,Dark - Street Light,Violation Driver 1,Controls Functioning,Clear,Broadside,Intersection,Other Vehicle,Not Applicable,Not Applicable,At,TREE,False,True,60708,FIRST ST,VIRGINIA ST,37.32405739,-121.8815439
1596,685059,CR-0000093728,1,1,0,0,22-242-1083,False,False,0,8/30/2022 11:40:00 PM,No Pedestrians Involved,Dry,No Unusual Conditions,Dark - Street Light,Violation Driver 1,Controls Functioning,Clear,Broadside,Intersection,Other Vehicle,Not Applicable,Not Applicable,At,,False,False,60708,FIRST ST,VIRGINIA ST,37.32405739,-121.8815439
1597,685226,CR-0000093905,1,0,0,0,22-248-0196,False,False,0,9/5/2022 5:36:00 AM,No Pedestrians Involved,Dry,No Unusual Conditions,Dark - Street Light,Violation Driver 1,Controls Functioning,Clear,Broadside,Intersection,Other Vehicle,Not Applicable,Not Applicable,At,,False,False,60708,FIRST ST,VIRGINIA ST,37.32405739,-121.8815439
1598,681507,CR-0000090897,0,1,0,0,22-036-0545,False,False,0,2/5/2022 4:00:00 PM,No Pedestrians Involved,Dry,No Unusual Conditions,Daylight,Violation Driver 1,Controls Functioning,Clear,Head On,Intersection,Other Vehicle,Not Applicable,Not Applicable,At,,False,False,60708,FIRST ST,VIRGINIA ST,37.32405739,-121.8815439
1599,681579,CR-0000090976,0,0,0,0,22-043-0569,True,False,0,2/12/2022 4:00:00 PM,No Pedestrians Involved,Dry,No Unusual Conditions,Daylight,Violation Driver 1,Controls Functioning,Clear,Sideswipe,Intersection,Fixed Object,Not Applicable,Not Applicable,At,TRAFFIC SIGNAL,False,False,60708,FIRST ST,VIRGINIA ST,37.32405739,-121.8815439
1600,681738,CR-0000091138,1,0,0,0,22-051-0757,False,False,0,2/20/2022 7:49:00 PM,No Pedestrians Involved,Dry,No Unusual Conditions,Dark - Street Light,Violation Driver 1,Controls Functioning,Clear,Broadside,Intersection,Other Vehicle,Not Applicable,Not Applicable,At,,False,False,60708,FIRST ST,VIRGINIA ST,37.32405739,-121.8815439
1601,681964,CR-0000091473,1,0,0,0,22-060-0261,False,False,0,3/1/2022 9:26:00 AM,No Pedestrians Involved,Dry,No Unusual Conditions,Daylight,Unknown,Controls Functioning,Clear,Vehicle/Bike,Intersection,Bike,Not Applicable,Not Applicable,At,Bike,False,False,60708,FIRST ST,VIRGINIA ST,37.32405739,-121.8815439