_id,CrashFactId,Name,MinorInjuries,ModerateInjuries,SevereInjuries,FatalInjuries,TcrNumber,CityDamageFlag,ShortFormFlag,Distance,CrashDateTime,PedestrianAction,RoadwaySurface,RoadwayCondition,Lighting,PrimaryCollisionFactor,TrafficControl,Weather,CollisionType,ProximityToIntersection,VehicleInvolvedWith,PedestrianDirectionFrom,PedestrianDirectionTo,DirectionFromIntersection,Comment,SpeedingFlag,HitAndRunFlag,IntersectionNumber,AStreetName,BStreetName,Latitude,Longitude
1679,698810,CR-0000100092,2,0,0,0,23-343-0574,False,False,0,12/9/2023 4:03:00 PM,No Pedestrians Involved,Dry,No Unusual Conditions,Daylight,Violation Driver 1,Controls Functioning,Clear,Broadside,Intersection,Other Vehicle,Not Applicable,Not Applicable,At,,False,False,74513,HULL AV,PREVOST ST,37.31682177,-121.890816
1680,716104,CR-0000102071,2,0,0,0,24-011-0484,False,False,104,1/11/2024 2:55:00 PM,No Pedestrians Involved,Dry,No Unusual Conditions,Daylight,Violation Driver 1,No Controls Present/Factor,Clear,Broadside,Non-Related,Other Vehicle,Not Applicable,Not Applicable,West Of,,False,False,11494,AVONDALE ST,BOLLINGER RD,37.31151916,-122.0288916
1681,715836,CR-0000101809,0,0,0,0,23-140-4000,False,True,,5/20/2023 12:00:00 AM,No Pedestrians Involved,Unknown,Unknown,Unknown,Unknown,Unknown,Unknown,Sideswipe,Related,Parked Vehicle,Not Applicable,Not Applicable,Unknown,,False,False,41910,COLOMBO DR,LAMORE DR,37.29660961,-121.9780407
1682,699244,CR-0000100566,0,0,0,0,23-166-0266,False,False,0,6/15/2023 8:45:00 AM,No Pedestrians Involved,Dry,No Unusual Conditions,Daylight,Violation Driver 1,Controls Functioning,Clear,Broadside,Intersection,Other Vehicle,Not Applicable,Not Applicable,At,,False,False,83313,LEO DR,WILLIAMS RD,37.30848608,-121.9811619
1683,681354,CR-0000090741,0,0,0,0,22-016-0162,False,False,46,1/16/2022 6:31:00 AM,No Pedestrians Involved,Unknown,No Unusual Conditions,Dark - Street Light,Violation Driver 1,No Controls Present/Factor,Unknown,Rear End,Related,Parked Vehicle,Not Applicable,Not Applicable,South Of,,False,False,4289,ALMADEN AV,DUANE ST,37.32387271,-121.8858948
1684,685334,CR-0000094060,0,0,0,0,22-286-9710,False,True,,9/23/2022 5:30:00 PM,No Pedestrians Involved,Dry,No Unusual Conditions,Daylight,Violation Driver 1,No Controls Present/Factor,Clear,Rear End,Related,Parked Vehicle,Not Applicable,Not Applicable,Unknown,,False,True,4289,ALMADEN AV,DUANE ST,37.32387271,-121.8858948
1685,685381,CR-0000094116,0,0,0,0,22-231-0896,False,False,18,8/19/2022 8:00:00 PM,No Pedestrians Involved,Dry,No Unusual Conditions,Dark - Street Light,Violation Driver 1,No Controls Present/Factor,Clear,Head On,Related,Parked Vehicle,Not Applicable,Not Applicable,North Of,,False,True,4289,ALMADEN AV,DUANE ST,37.32387271,-121.8858948
1686,692387,CR-0000097670,0,2,0,0,23-071-0321,False,False,0,3/12/2023 11:54:00 AM,No Pedestrians Involved,Wet,No Unusual Conditions,Daylight,Violation Driver 1,Controls Functioning,Rain,Broadside,Intersection,Other Vehicle,Not Applicable,Not Applicable,At,,False,False,18743,BIRD AV,SINCLAIR FR (NB),37.32289116,-121.8988715
1687,694234,CR-0000098178,1,0,0,0,23-137-0796,False,False,0,5/17/2023 6:25:00 PM,No Pedestrians Involved,Dry,No Unusual Conditions,Daylight,Violation Driver 1,Controls Functioning,Clear,Broadside,Intersection,Other Vehicle,Not Applicable,Not Applicable,At,,False,False,18743,BIRD AV,SINCLAIR FR (NB),37.32289116,-121.8988715
1688,694275,CR-0000097959,0,0,0,0,23-095-4003,False,True,0,3/30/2023 10:00:00 PM,No Pedestrians Involved,Unknown,Unknown,Unknown,Unknown,Unknown,Unknown,Broadside,Intersection,Other Vehicle,Not Applicable,Not Applicable,At,,False,False,18743,BIRD AV,SINCLAIR FR (NB),37.32289116,-121.8988715
1689,712137,CR-0000101419,0,0,0,0,23-349-0925,False,False,22,12/15/2023 8:54:00 PM,No Pedestrians Involved,Dry,No Unusual Conditions,Dark - Street Light,Violation Driver 1,Controls Functioning,Clear,Hit Object,Related,Fixed Object,Not Applicable,Not Applicable,North Of,,False,False,18743,BIRD AV,SINCLAIR FR (NB),37.32289116,-121.8988715
1690,716092,CR-0000102048,1,0,0,0,24-017-0373,False,True,0,1/17/2024 1:00:00 PM,No Pedestrians Involved,Dry,No Unusual Conditions,Daylight,Unknown,Controls Functioning,Clear,Broadside,Intersection,Other Vehicle,Not Applicable,Not Applicable,At,,False,False,18743,BIRD AV,SINCLAIR FR (NB),37.32289116,-121.8988715
1691,719747,CR-0000102920,0,0,0,0,24-019-4005,False,True,0,1/19/2024 4:15:00 PM,No Pedestrians Involved,Unknown,Unknown,Unknown,Unknown,Unknown,Unknown,Other,Intersection,Other Vehicle,Not Applicable,Not Applicable,At,,False,False,18743,BIRD AV,SINCLAIR FR (NB),37.32289116,-121.8988715
1692,720917,CR-0000103144,0,0,0,0,24-040-9701,False,True,0,1/31/2024 10:20:00 PM,No Pedestrians Involved,Wet,No Unusual Conditions,Dark - Street Light,Unknown,Controls Functioning,Rain,Broadside,Intersection,Other Vehicle,Not Applicable,Not Applicable,At,,False,True,18743,BIRD AV,SINCLAIR FR (NB),37.32289116,-121.8988715
1693,722397,CR-0000103691,0,0,0,0,24-098-0838,False,False,50,4/7/2024 10:14:00 PM,No Pedestrians Involved,Dry,No Unusual Conditions,Dark - Street Light,Violation Driver 1,No Controls Present/Factor,Clear,Sideswipe,Related,Parked Vehicle,Not Applicable,Not Applicable,East Of,,True,True,10581,AUZERAIS AV,MINOR AV,37.32552773,-121.8954349
1694,683400,CR-0000092993,0,0,0,0,22-152-9708,False,True,440,5/24/2022 9:00:00 AM,No Pedestrians Involved,Unknown,Unknown,Unknown,Unknown,Unknown,Unknown,Sideswipe,Non-Related,Parked Vehicle,Not Applicable,Not Applicable,East Of,,False,False,51523,DON ENRICO CT,VELASCO DR,37.25300677,-121.8402424
1695,698721,CR-0000099970,0,0,0,0,23-149-4003,False,True,51,5/28/2023 5:00:00 PM,No Pedestrians Involved,Unknown,Unknown,Unknown,Unknown,Unknown,Unknown,Sideswipe,Non-Related,Parked Vehicle,Not Applicable,Not Applicable,South Of,,False,False,51523,DON ENRICO CT,VELASCO DR,37.25300677,-121.8402424
1696,698669,CR-0000099904,0,1,0,0,23-226-0037,False,False,124,8/14/2023 1:00:00 AM,No Pedestrians Involved,Dry,No Unusual Conditions,Dark - Street Light,Violation Driver 1,No Controls Present/Factor,Clear,Sideswipe,Non-Related,Parked Vehicle,Not Applicable,Not Applicable,South Of,,False,False,51523,DON ENRICO CT,VELASCO DR,37.25300677,-121.8402424
1697,683498,CR-0000093095,0,0,0,0,22-193-0544,False,False,32,7/12/2022 3:05:00 PM,No Pedestrians Involved,Dry,No Unusual Conditions,Daylight,Unknown,Controls Functioning,Clear,Rear End,Related,Parked Vehicle,Not Applicable,Not Applicable,West Of,,False,False,77307,JOSEFA ST,SAN CARLOS ST,37.32576133,-121.8985
1698,696570,CR-0000099769,1,0,0,0,23-259-0978,False,False,0,9/16/2023 11:35:00 PM,No Pedestrians Involved,Dry,No Unusual Conditions,Dark - Street Light,Violation Driver 1,Controls Functioning,Clear,Broadside,Intersection,Other Vehicle,Not Applicable,Not Applicable,At,,False,True,77307,JOSEFA ST,SAN CARLOS ST,37.32576133,-121.8985
1699,694024,CR-0000098171,0,0,1,0,23-133-0880,False,False,78,5/13/2023 10:17:00 PM,No Pedestrians Involved,Dry,No Unusual Conditions,Dark - Street Light,Violation Driver 1,No Controls Present/Factor,Clear,Rear End,Non-Related,Parked Vehicle,Not Applicable,Not Applicable,West Of,,False,False,77307,JOSEFA ST,SAN CARLOS ST,37.32576133,-121.8985
1700,719785,CR-0000102959,0,0,0,0,24-094-4001,False,True,51,2/3/2024 6:30:00 PM,No Pedestrians Involved,Unknown,Unknown,Unknown,Unknown,Unknown,Unknown,Other,Non-Related,Parked Vehicle,Not Applicable,Not Applicable,Unknown,,False,False,42118,COLUMBIA AV,JOSEFA ST,37.32512258,-121.8979165
1701,690249,CR-0000096340,0,0,0,0,22-279-9705,False,True,51,9/30/2022 9:09:00 AM,No Pedestrians Involved,Dry,Unknown,Daylight,Unknown,No Controls Present/Factor,Clear,Other,Non-Related,Parked Vehicle,Not Applicable,Not Applicable,North Of,,False,False,95754,NIKULINA CT,WILHELMINA WY,37.20805773,-121.854809
1702,682732,CR-0000092312,1,0,0,0,22-154-0505,False,False,75,6/3/2022 2:20:00 PM,No Pedestrians Involved,Dry,No Unusual Conditions,Daylight,Violation Driver 1,No Controls Present/Factor,Clear,Other,Non-Related,Other Vehicle,Not Applicable,Not Applicable,South Of,,False,False,90551,MERIDIAN AV,MOROCCO DR,37.2793935,-121.9116717
1703,711990,CR-0000101060,0,0,0,0,23-296-4001,False,True,51,10/23/2023 7:00:00 AM,No Pedestrians Involved,Unknown,Unknown,Unknown,Unknown,Unknown,Unknown,Other,Non-Related,Parked Vehicle,Not Applicable,Not Applicable,East Of,,False,False,25134,BRIARWOOD DR,FAIRORCHARD AV,37.27887501,-121.9058384
1704,720881,CR-0000103084,0,0,0,0,24-027-4008,False,True,51,1/27/2024 10:00:00 PM,No Pedestrians Involved,Unknown,Unknown,Unknown,Unknown,Unknown,Unknown,Sideswipe,Non-Related,Parked Vehicle,Not Applicable,Not Applicable,East Of,,False,False,3706,ALGIERS AV,CLEMENCE AV,37.32645719,-121.8506509
1705,692493,CR-0000097781,0,2,0,0,23-074-0727,False,False,183,3/15/2023 5:05:00 PM,No Pedestrians Involved,Dry,No Unusual Conditions,Daylight,Violation Driver 1,No Controls Present/Factor,Clear,Rear End,Non-Related,Motor Vehicle On Other Roadway,Not Applicable,Not Applicable,East Of,,False,False,10120,AUDUBON DR,CLEMENCE AV,37.32587974,-121.8500194
1706,689230,CR-0000095191,0,0,0,0,22-298-0151,False,False,28,10/25/2022 6:08:00 AM,No Pedestrians Involved,Dry,No Unusual Conditions,Daylight,Violation Driver 1,Controls Functioning,Clear,Hit Object,Related,Fixed Object,Not Applicable,Not Applicable,North Of,TELEPHONE POLE,True,True,58167,FAIR AV,MCLAUGHLIN AV,37.32587857,-121.8469657
1707,690995,CR-0000097166,0,0,0,0,23-045-4000,False,True,51,2/14/2023 8:25:00 AM,No Pedestrians Involved,Unknown,Unknown,Daylight,Unknown,Unknown,Unknown,Rear End,Non-Related,Other Vehicle,Not Applicable,Not Applicable,Unknown,,False,False,58167,FAIR AV,MCLAUGHLIN AV,37.32587857,-121.8469657
1708,684780,CR-0000093465,0,0,0,0,22-186-0777,False,False,180,7/5/2022 4:45:00 PM,No Pedestrians Involved,Dry,No Unusual Conditions,Daylight,Violation Driver 1,No Controls Present/Factor,Clear,Sideswipe,Non-Related,Motorcycle,Not Applicable,Not Applicable,North Of,,False,False,4542,ALMADEN BL/NOTRE DAME AV,SANTA CLARA ST,37.33423954,-121.8946343
1709,684962,CR-0000093600,0,0,0,0,22-192-9701,False,False,51,7/8/2022 9:25:00 AM,No Pedestrians Involved,Dry,No Unusual Conditions,Daylight,Unknown,No Controls Present/Factor,Clear,Rear End,Non-Related,Parked Vehicle,Not Applicable,Not Applicable,North Of,,False,False,4542,ALMADEN BL/NOTRE DAME AV,SANTA CLARA ST,37.33423954,-121.8946343
1710,696541,CR-0000099728,1,0,0,0,23-343-0619,False,False,30,12/9/2023 5:20:00 PM,No Pedestrians Involved,Dry,No Unusual Conditions,Dark - Street Light,Violation Driver 1,Controls Functioning,Clear,Sideswipe,Related,Other Vehicle,Not Applicable,Not Applicable,East Of,,False,True,4542,ALMADEN BL/NOTRE DAME AV,SANTA CLARA ST,37.33423954,-121.8946343
1711,698747,CR-0000099999,1,0,0,0,23-260-0838,False,False,0,9/17/2023 9:56:00 PM,No Pedestrians Involved,Dry,No Unusual Conditions,Dark - Street Light,Violation Driver 1,Controls Functioning,Clear,Broadside,Intersection,Other Vehicle,Not Applicable,Not Applicable,At,,False,False,4542,ALMADEN BL/NOTRE DAME AV,SANTA CLARA ST,37.33423954,-121.8946343
1712,696130,CR-0000099272,0,0,0,0,23-233-0085,True,False,27,8/21/2023 2:40:00 AM,No Pedestrians Involved,Dry,No Unusual Conditions,Dark - Street Light,Violation Driver 1,Controls Functioning,Clear,Hit Object,Related,Fixed Object,Not Applicable,Not Applicable,North Of,TREE,True,False,4542,ALMADEN BL/NOTRE DAME AV,SANTA CLARA ST,37.33423954,-121.8946343
1713,694190,CR-0000097939,0,0,0,0,23-086-4002,False,True,51,3/26/2023 10:00:00 AM,No Pedestrians Involved,Unknown,Unknown,Daylight,Unknown,Unknown,Unknown,Rear End,Non-Related,Parked Vehicle,Not Applicable,Not Applicable,Unknown,,False,False,4290,ALMADEN AV,EDWARDS AV,37.3197329,-121.8828134
1714,684911,CR-0000093588,1,0,0,0,22-231-0304,False,False,0,8/19/2022 10:36:00 AM,No Pedestrians Involved,Dry,No Unusual Conditions,Daylight,Violation Driver 1,Controls Functioning,Clear,Sideswipe,Intersection,Other Vehicle,Not Applicable,Not Applicable,At,,False,False,4498,ALMADEN AV,WILLOW ST,37.31892515,-121.8822107
1715,685157,CR-0000093832,0,0,0,0,22-245-0912,False,False,124,8/24/2022 11:53:00 PM,No Pedestrians Involved,Dry,No Unusual Conditions,Dark - Street Light,Violation Driver 1,No Controls Present/Factor,Clear,Rear End,Non-Related,Parked Vehicle,Not Applicable,Not Applicable,East Of,,False,True,4498,ALMADEN AV,WILLOW ST,37.31892515,-121.8822107
1716,682328,CR-0000091891,0,0,0,0,22-098-4000,False,True,,4/8/2022 4:53:00 PM,No Pedestrians Involved,Unknown,Unknown,Daylight,Unknown,Unknown,Unknown,Rear End,Related,Other Vehicle,Not Applicable,Not Applicable,South Of,,False,False,4498,ALMADEN AV,WILLOW ST,37.31892515,-121.8822107
1717,681759,CR-0000091159,0,0,0,0,22-053-0717,False,False,123,2/22/2022 5:45:00 PM,No Pedestrians Involved,Dry,No Unusual Conditions,Daylight,Violation Driver 1,Controls Functioning,Clear,Sideswipe,Non-Related,Other Vehicle,Not Applicable,Not Applicable,North Of,,False,False,4498,ALMADEN AV,WILLOW ST,37.31892515,-121.8822107
1718,694050,CR-0000097937,0,0,0,0,23-086-0051,True,False,137,3/27/2023 1:38:00 AM,No Pedestrians Involved,Dry,No Unusual Conditions,Dark - Street Light,Violation Driver 1,Controls Functioning,Clear,Sideswipe,Non-Related,Parked Vehicle,Not Applicable,Not Applicable,North Of,LIGHT POLE,False,False,4498,ALMADEN AV,WILLOW ST,37.31892515,-121.8822107
1719,690959,CR-0000097129,1,0,0,0,23-041-0219,False,False,0,2/10/2023 8:30:00 AM,No Pedestrians Involved,Dry,No Unusual Conditions,Daylight,Violation Driver 1,Controls Functioning,Clear,Sideswipe,Intersection,Other Vehicle,Not Applicable,Not Applicable,At,,False,False,4498,ALMADEN AV,WILLOW ST,37.31892515,-121.8822107
1720,690272,CR-0000096364,0,0,0,0,22-263-9706,False,True,0,9/17/2022 12:00:00 PM,No Pedestrians Involved,Dry,No Unusual Conditions,Daylight,Unknown,Controls Functioning,Clear,Sideswipe,Intersection,Other Vehicle,Not Applicable,Not Applicable,At,,False,False,4498,ALMADEN AV,WILLOW ST,37.31892515,-121.8822107
1721,689983,CR-0000096054,1,0,0,0,22-282-0479,False,False,114,10/9/2022 1:36:00 PM,No Pedestrians Involved,Dry,No Unusual Conditions,Daylight,Violation Driver 2,No Controls Present/Factor,Clear,Sideswipe,Non-Related,Other Vehicle,Not Applicable,Not Applicable,West Of,,False,True,4498,ALMADEN AV,WILLOW ST,37.31892515,-121.8822107
1722,690715,CR-0000096852,0,0,0,0,23-027-0445,False,False,88,1/27/2023 1:34:00 PM,No Pedestrians Involved,Dry,No Unusual Conditions,Daylight,Violation Driver 1,Controls Functioning,Clear,Sideswipe,Non-Related,Other Vehicle,Not Applicable,Not Applicable,South Of,,False,True,4498,ALMADEN AV,WILLOW ST,37.31892515,-121.8822107
1723,696178,CR-0000099321,1,0,0,0,23-127-0783,False,False,0,5/7/2023 7:00:00 PM,No Pedestrians Involved,Dry,No Unusual Conditions,Dark - Street Light,Violation Driver 1,No Controls Present/Factor,Clear,Vehicle/Bike,Intersection,Bike,Not Applicable,Not Applicable,At,BIKE,False,True,4498,ALMADEN AV,WILLOW ST,37.31892515,-121.8822107
1724,694505,CR-0000098499,0,1,0,0,23-175-0575,False,False,20,6/25/2023 1:18:00 AM,Crossing In Crosswalk - At Intersection,Dry,No Unusual Conditions,Daylight,Violation Driver 1,Controls Functioning,Clear,Vehicle/Bike,Related,Bike,Not Applicable,Not Applicable,North Of,BIKE,False,True,4498,ALMADEN AV,WILLOW ST,37.31892515,-121.8822107
1725,717433,CR-0000102457,1,1,0,0,24-085-0877,False,False,0,3/25/2024 7:48:00 PM,Crossing In Crosswalk - At Intersection,Dry,No Unusual Conditions,Dark - Street Light,Violation Driver 1,Controls Functioning,Cloudy,Vehicle/Pedestrian,Intersection,Pedestrian,North,South,At,PEDX2,False,False,4498,ALMADEN AV,WILLOW ST,37.31892515,-121.8822107
1726,722176,CR-0000103442,0,0,0,0,24-076-9702,False,True,51,3/15/2024 7:10:00 PM,No Pedestrians Involved,Dry,No Unusual Conditions,Dusk - Dawn,Unknown,Controls Functioning,Clear,Sideswipe,Non-Related,Other Vehicle,Not Applicable,Not Applicable,East Of,,False,False,4498,ALMADEN AV,WILLOW ST,37.31892515,-121.8822107
1727,699431,CR-0000100776,0,0,0,0,23-198-0706,False,False,0,7/17/2023 6:19:00 PM,No Pedestrians Involved,Dry,No Unusual Conditions,Daylight,Violation Driver 1,Controls Functioning,Clear,Sideswipe,Intersection,Other Vehicle,Not Applicable,Not Applicable,At,,False,True,4498,ALMADEN AV,WILLOW ST,37.31892515,-121.8822107
1728,712019,CR-0000101283,0,0,0,0,23-210-9709,False,True,0,7/28/2023 5:28:00 PM,No Pedestrians Involved,Dry,No Unusual Conditions,Daylight,Unknown,Controls Functioning,Clear,Sideswipe,Intersection,Other Vehicle,Not Applicable,Not Applicable,At,,False,False,4498,ALMADEN AV,WILLOW ST,37.31892515,-121.8822107
1729,712048,CR-0000101457,0,0,0,0,23-251-4002,False,True,0,9/7/2023 12:10:00 PM,No Pedestrians Involved,Unknown,Unknown,Unknown,Unknown,Unknown,Unknown,Broadside,Intersection,Other Vehicle,Not Applicable,Not Applicable,At,,False,False,4498,ALMADEN AV,WILLOW ST,37.31892515,-121.8822107
1730,681998,CR-0000091507,0,0,0,0,22-078-0554,False,False,0,3/19/2022 4:56:00 PM,No Pedestrians Involved,Wet,No Unusual Conditions,Daylight,Violation Driver 1,Controls Functioning,Rain,Rear End,Intersection,Other Vehicle,Not Applicable,Not Applicable,At,,False,False,113189,VINE ST,WILLOW ST,37.31835214,-121.8832047
1731,682477,CR-0000092042,0,0,0,0,22-120-0811,False,False,80,4/30/2022 9:00:00 PM,No Pedestrians Involved,Dry,Unknown,Dusk - Dawn,Violation Driver 1,Controls Functioning,Clear,Rear End,Non-Related,Other Vehicle,Not Applicable,Not Applicable,West Of,,False,True,113189,VINE ST,WILLOW ST,37.31835214,-121.8832047
1732,682854,CR-0000092438,1,0,0,0,22-161-0890,False,False,0,6/10/2022 7:26:00 PM,No Pedestrians Involved,Dry,No Unusual Conditions,Daylight,Violation Driver 1,Controls Not Functioning,Clear,Broadside,Intersection,Other Vehicle,Not Applicable,Not Applicable,At,,False,False,113189,VINE ST,WILLOW ST,37.31835214,-121.8832047
1733,688876,CR-0000094732,1,0,0,0,22-276-0758,False,False,30,10/3/2022 5:52:00 PM,No Pedestrians Involved,Dry,No Unusual Conditions,Daylight,Violation Driver 1,Unknown,Clear,Vehicle/Bike,Related,Bike,Not Applicable,Not Applicable,South Of,PEDESTRIAN,False,False,113189,VINE ST,WILLOW ST,37.31835214,-121.8832047
1734,698771,CR-0000100052,0,1,0,0,23-356-0517,False,False,0,12/22/2023 2:29:00 PM,No Pedestrians Involved,Dry,No Unusual Conditions,Daylight,Violation Driver 1,Controls Functioning,Clear,Broadside,Intersection,Other Vehicle,Not Applicable,Not Applicable,At,,False,False,113189,VINE ST,WILLOW ST,37.31835214,-121.8832047
1735,699250,CR-0000100572,0,0,0,0,23-156-9705,False,True,0,6/9/2023 11:24:00 AM,No Pedestrians Involved,Unknown,Unknown,Unknown,Unknown,Controls Functioning,Clear,Head On,Intersection,Other Vehicle,Not Applicable,Not Applicable,At,,False,False,113189,VINE ST,WILLOW ST,37.31835214,-121.8832047
1736,690113,CR-0000096187,0,0,0,0,22-353-9711,False,True,0,12/19/2022 2:30:00 PM,No Pedestrians Involved,Dry,No Unusual Conditions,Daylight,Unknown,Controls Functioning,Clear,Sideswipe,Intersection,Other Vehicle,Not Applicable,Not Applicable,At,,False,True,113189,VINE ST,WILLOW ST,37.31835214,-121.8832047
1737,715813,CR-0000101968,2,0,0,0,24-003-0983,False,False,0,1/3/2024 11:54:00 PM,No Pedestrians Involved,Dry,No Unusual Conditions,Dark - Street Light,Violation Driver 1,Controls Functioning,Clear,Head On,Intersection,Other Vehicle,Not Applicable,Not Applicable,At,,False,False,113189,VINE ST,WILLOW ST,37.31835214,-121.8832047
1738,718489,CR-0000102577,1,0,0,0,24-063-0581,False,False,82,3/3/2024 4:33:00 PM,No Pedestrians Involved,Wet,No Unusual Conditions,Daylight,Violation Driver 1,No Controls Present/Factor,Rain,Broadside,Non-Related,Other Vehicle,Not Applicable,Not Applicable,East Of,,False,False,113189,VINE ST,WILLOW ST,37.31835214,-121.8832047
1739,716287,CR-0000102260,1,0,0,0,24-051-0790,False,False,0,2/20/2024 7:51:00 PM,No Pedestrians Involved,Wet,No Unusual Conditions,Dark - Street Light,Violation Driver 1,Controls Functioning,Clear,Sideswipe,Intersection,Other Vehicle,Not Applicable,Not Applicable,At,,False,False,113189,VINE ST,WILLOW ST,37.31835214,-121.8832047
1740,711645,CR-0000101468,0,0,0,0,23-256-0453,False,True,,9/13/2023 1:21:00 PM,No Pedestrians Involved,Dry,No Unusual Conditions,Daylight,Unknown,No Controls Present/Factor,Clear,Rear End,Related,Other Vehicle,Not Applicable,Not Applicable,South Of,,False,False,67858,GRAHAM AV,MASTIC ST,37.31913293,-121.8798399
1741,694612,CR-0000098645,2,0,0,0,23-205-0161,False,False,0,7/24/2023 7:00:00 AM,No Pedestrians Involved,Dry,No Unusual Conditions,Daylight,Violation Driver 1,Controls Functioning,Clear,Broadside,Intersection,Other Vehicle,Not Applicable,Not Applicable,At,,False,False,4311,ALMADEN AV,GOODYEAR ST,37.31759915,-121.8812229
1742,715890,CR-0000101912,1,0,0,0,23-328-0489,False,False,30,11/24/2023 4:07:00 PM,No Pedestrians Involved,Dry,No Unusual Conditions,Daylight,Violation Driver 1,Controls Functioning,Clear,Sideswipe,Related,Other Vehicle,Not Applicable,Not Applicable,South Of,,False,False,4311,ALMADEN AV,GOODYEAR ST,37.31759915,-121.8812229
1743,716202,CR-0000102176,0,2,0,0,24-039-0473,True,False,0,2/8/2024 1:07:00 PM,No Pedestrians Involved,Dry,No Unusual Conditions,Daylight,Violation Driver 1,Controls Functioning,Clear,Head On,Intersection,Fixed Object,Not Applicable,Not Applicable,At,SIGNAL POLE,False,False,4311,ALMADEN AV,GOODYEAR ST,37.31759915,-121.8812229
1744,722200,CR-0000103466,0,2,0,0,24-078-0284,True,False,0,3/18/2024 9:33:00 AM,No Pedestrians Involved,Dry,No Unusual Conditions,Daylight,Violation Driver 1,Unknown,Clear,Broadside,Intersection,Other Vehicle,Not Applicable,Not Applicable,At,LIGHTPOLE,False,False,4311,ALMADEN AV,GOODYEAR ST,37.31759915,-121.8812229
1745,712220,CR-0000101663,0,0,0,0,23-254-0263,False,False,0,9/11/2023 9:14:00 AM,No Pedestrians Involved,Dry,No Unusual Conditions,Daylight,Violation Driver 1,Controls Functioning,Clear,Broadside,Intersection,Other Vehicle,Not Applicable,Not Applicable,At,,False,True,67792,GOODYEAR ST,PLUM ST,37.31802647,-121.880577
1746,711540,CR-0000101026,0,0,0,0,23-266-0902,False,False,0,9/23/2023 11:13:00 PM,No Pedestrians Involved,Dry,No Unusual Conditions,Dark - Street Light,Violation Driver 1,No Controls Present/Factor,Clear,Sideswipe,Intersection,Parked Vehicle,Not Applicable,Not Applicable,At,,False,False,67792,GOODYEAR ST,PLUM ST,37.31802647,-121.880577
1747,683510,CR-0000093108,0,1,0,0,22-198-0614,False,False,150,7/17/2022 4:55:00 PM,No Pedestrians Involved,Dry,No Unusual Conditions,Daylight,Violation Driver 1,No Controls Present/Factor,Clear,Overturned,Non-Related,Other Vehicle,Not Applicable,Not Applicable,South Of,,False,False,87999,MARKET ST,ST JAMES ST,37.33840063,-121.8942427
1748,682896,CR-0000092497,1,0,0,0,22-174-0037,False,False,0,6/23/2022 1:09:00 AM,No Pedestrians Involved,Dry,No Unusual Conditions,Dark - Street Light,Violation Driver 1,Controls Functioning,Clear,Broadside,Intersection,Other Vehicle,Not Applicable,Not Applicable,At,,False,True,87999,MARKET ST,ST JAMES ST,37.33840063,-121.8942427
1749,682381,CR-0000091944,2,0,0,0,22-105-0533,False,False,0,4/15/2022 3:54:00 PM,No Pedestrians Involved,Dry,No Unusual Conditions,Daylight,Violation Driver 1,Controls Functioning,Clear,Broadside,Intersection,Other Vehicle,Not Applicable,Not Applicable,At,,False,False,87999,MARKET ST,ST JAMES ST,37.33840063,-121.8942427
1750,681921,CR-0000091415,1,0,0,0,22-070-0048,False,False,0,3/11/2022 12:55:00 AM,No Pedestrians Involved,Dry,No Unusual Conditions,Dark - Street Light,Violation Driver 1,Controls Functioning,Clear,Broadside,Intersection,Other Vehicle,Not Applicable,Not Applicable,At,,False,False,87999,MARKET ST,ST JAMES ST,37.33840063,-121.8942427
1751,682061,CR-0000091595,2,0,0,0,22-069-0899,False,False,0,3/10/2022 9:45:00 PM,No Pedestrians Involved,Dry,No Unusual Conditions,Dark - Street Light,Violation Driver 1,Controls Functioning,Clear,Sideswipe,Intersection,Other Vehicle,Not Applicable,Not Applicable,At,,False,False,87999,MARKET ST,ST JAMES ST,37.33840063,-121.8942427
1752,681880,CR-0000091361,0,1,0,0,22-036-0323,False,False,0,2/5/2022 10:31:00 AM,No Pedestrians Involved,Dry,No Unusual Conditions,Daylight,Violation Driver 1,Unknown,Clear,Sideswipe,Intersection,Other Vehicle,Not Applicable,Not Applicable,East Of,,False,False,87999,MARKET ST,ST JAMES ST,37.33840063,-121.8942427
1753,696137,CR-0000099279,0,0,0,0,23-242-1043,False,False,35,8/30/2023 10:56:00 PM,No Pedestrians Involved,Dry,No Unusual Conditions,Dark - Street Light,Violation Driver 1,Controls Functioning,Clear,Broadside,Related,Other Vehicle,Not Applicable,Not Applicable,East Of,,False,True,87999,MARKET ST,ST JAMES ST,37.33840063,-121.8942427
1754,711647,CR-0000101459,0,0,0,0,23-260-9701,False,True,0,9/16/2023 4:15:00 PM,No Pedestrians Involved,Dry,No Unusual Conditions,Daylight,Unknown,Controls Functioning,Clear,Sideswipe,Intersection,Other Vehicle,Not Applicable,Not Applicable,At,,False,False,87999,MARKET ST,ST JAMES ST,37.33840063,-121.8942427
1755,720894,CR-0000103111,0,0,0,0,24-045-4004,False,True,0,2/14/2024 12:45:00 PM,No Pedestrians Involved,Unknown,Unknown,Unknown,Unknown,Unknown,Unknown,Rear End,Intersection,Other Vehicle,Not Applicable,Not Applicable,At,,False,False,87999,MARKET ST,ST JAMES ST,37.33840063,-121.8942427