_id,CrashFactId,Name,MinorInjuries,ModerateInjuries,SevereInjuries,FatalInjuries,TcrNumber,CityDamageFlag,ShortFormFlag,Distance,CrashDateTime,PedestrianAction,RoadwaySurface,RoadwayCondition,Lighting,PrimaryCollisionFactor,TrafficControl,Weather,CollisionType,ProximityToIntersection,VehicleInvolvedWith,PedestrianDirectionFrom,PedestrianDirectionTo,DirectionFromIntersection,Comment,SpeedingFlag,HitAndRunFlag,IntersectionNumber,AStreetName,BStreetName,Latitude,Longitude
1756,689413,CR-0000095368,1,0,0,0,22-319-0314,False,False,32,11/15/2022 10:27:00 AM,Crossing In Crosswalk - At Intersection,Dry,No Unusual Conditions,Daylight,Violation Driver 1,Controls Functioning,Clear,Vehicle/Pedestrian,Related,Pedestrian,West,East,South Of,PED,False,True,10130,AUDUBON DR,MCLAUGHLIN AV,37.32704713,-121.8481158
1757,699282,CR-0000100606,0,0,0,0,23-154-4001,False,True,51,6/3/2023 2:30:00 AM,No Pedestrians Involved,Unknown,Unknown,Unknown,Unknown,Unknown,Unknown,Other,Non-Related,Parked Vehicle,Not Applicable,Not Applicable,West Of,,False,False,10130,AUDUBON DR,MCLAUGHLIN AV,37.32704713,-121.8481158
1758,689883,CR-0000095910,0,2,0,0,22-254-0448,False,False,0,9/11/2022 12:25:00 PM,No Pedestrians Involved,Dry,No Unusual Conditions,Daylight,Violation Driver 1,Controls Functioning,Clear,Broadside,Intersection,Other Vehicle,Not Applicable,Not Applicable,At,,False,False,114872,MCKAY DR,OAKLAND RD,37.38578523,-121.8979066
1759,711970,CR-0000101454,0,0,0,0,23-251-4006,False,True,0,9/8/2023 3:30:00 PM,No Pedestrians Involved,Unknown,Unknown,Unknown,Unknown,Unknown,Unknown,Other,Intersection,Other Vehicle,Not Applicable,Not Applicable,At,,False,False,114872,MCKAY DR,OAKLAND RD,37.38578523,-121.8979066
1760,688949,CR-0000094808,2,0,0,0,22-285-0625,False,False,0,10/12/2022 4:06:00 PM,No Pedestrians Involved,Dry,No Unusual Conditions,Daylight,Violation Driver 1,No Controls Present/Factor,Clear,Rear End,Intersection,Other Vehicle,Not Applicable,Not Applicable,At,,True,False,121351,DELUCA DR,MURPHY AV,37.38609147,-121.8881507
1761,712250,CR-0000101696,0,0,0,0,23-143-9702,False,True,,5/23/2023 8:30:00 AM,No Pedestrians Involved,Dry,No Unusual Conditions,Daylight,Unknown,No Controls Present/Factor,Clear,Sideswipe,Related,Other Vehicle,Not Applicable,Not Applicable,Unknown,,False,False,65240,GAY AV,PLEASANTRIDGE AV,37.36840733,-121.8363181
1762,721971,CR-0000103225,0,0,0,0,24-050-0129,True,False,0,2/19/2024 5:23:00 AM,No Pedestrians Involved,Wet,No Unusual Conditions,Dark - Street Light,Violation Driver 1,No Controls Present/Factor,Cloudy,Hit Object,Intersection,Fixed Object,Not Applicable,Not Applicable,At,SIGNS,True,True,65240,GAY AV,PLEASANTRIDGE AV,37.36840733,-121.8363181
1763,719783,CR-0000102957,0,0,0,0,24-034-0620,False,False,105,2/3/2024 5:17:00 PM,No Pedestrians Involved,Wet,No Unusual Conditions,Dark - Street Light,Violation Driver 1,No Controls Present/Factor,Rain,Sideswipe,Non-Related,Parked Vehicle,Not Applicable,Not Applicable,South Of,,False,True,4454,ALMADEN AV,SUTTER ST,37.32140968,-121.8840613
1764,691068,CR-0000097241,1,0,0,0,23-038-0731,False,False,0,2/7/2023 6:30:00 PM,No Pedestrians Involved,Dry,No Unusual Conditions,Dark - Street Light,Violation Driver 1,Controls Functioning,Clear,Broadside,Intersection,Motorcycle,Not Applicable,Not Applicable,At,,False,False,54658,EDWARDS AV,VINE ST,37.31923919,-121.8838671
1765,682409,CR-0000091972,2,0,0,0,22-106-0838,False,False,540,4/16/2022 11:12:00 PM,No Pedestrians Involved,Dry,No Unusual Conditions,Dark - Street Light,Violation Driver 1,Controls Functioning,Clear,Sideswipe,Non-Related,Other Vehicle,Not Applicable,Not Applicable,South Of,,False,True,86833,MADELINE DR,WHITE RD,37.3700358,-121.8316406
1766,699136,CR-0000100452,0,0,0,0,23-163-0683,True,False,0,6/12/2023 4:00:00 PM,No Pedestrians Involved,Dry,No Unusual Conditions,Daylight,Violation Driver 1,Controls Functioning,Clear,Hit Object,Intersection,Other Object,Not Applicable,Not Applicable,At,SINGAL POLE,False,True,86833,MADELINE DR,WHITE RD,37.3700358,-121.8316406
1767,685074,CR-0000093752,1,0,0,0,22-217-0561,False,False,0,8/5/2022 3:48:00 PM,No Pedestrians Involved,Dry,No Unusual Conditions,Daylight,Violation Driver 1,No Controls Present/Factor,Clear,Sideswipe,Intersection,Other Vehicle,Not Applicable,Not Applicable,At,,False,False,30425,CAMDEN AV,SKYFARM DR/CT,37.2201335,-121.8854209
1768,699380,CR-0000100707,0,1,0,0,23-208-0828,False,False,24,7/27/2023 7:18:00 PM,Crossing - Not In Crosswalk,Dry,No Unusual Conditions,Dusk - Dawn,Pedestrian At Fault,No Controls Present/Factor,Clear,Vehicle/Pedestrian,Related,Pedestrian,North,South,West Of,PED,False,False,30425,CAMDEN AV,SKYFARM DR/CT,37.2201335,-121.8854209
1769,689632,CR-0000095613,0,0,0,0,22-365-0542,True,False,114,12/31/2022 5:10:00 PM,No Pedestrians Involved,Wet,No Unusual Conditions,Dark - Street Light,Violation Driver 1,No Controls Present/Factor,Rain,Hit Object,Non-Related,Fixed Object,Not Applicable,Not Applicable,West Of,light pole,False,False,30425,CAMDEN AV,SKYFARM DR/CT,37.2201335,-121.8854209
1770,716081,CR-0000102008,0,1,0,0,24-007-0012,False,False,25,1/7/2024 12:14:00 AM,No Pedestrians Involved,Dry,No Unusual Conditions,Dark - Street Light,Violation Driver 1,Controls Functioning,Clear,Sideswipe,Related,Parked Vehicle,Not Applicable,Not Applicable,East Of,,False,False,18479,BIRCH LN,GAY AV,37.36794519,-121.8372934
1771,688923,CR-0000094782,0,0,0,0,22-280-0155,False,False,160,10/7/2022 6:35:00 AM,No Pedestrians Involved,Dry,No Unusual Conditions,Dark - No Street Light,Unknown,No Controls Present/Factor,Clear,Rear End,Non-Related,Parked Vehicle,Not Applicable,Not Applicable,South Of,,False,True,143961,AVENUE B,PALA AV,37.36523225,-121.8367617
1772,712025,CR-0000101507,0,0,0,0,23-270-4001,False,True,0,9/26/2023 5:50:00 PM,No Pedestrians Involved,Unknown,Unknown,Unknown,Unknown,Unknown,Unknown,Broadside,Intersection,Other Vehicle,Not Applicable,Not Applicable,At,,False,False,143961,AVENUE B,PALA AV,37.36523225,-121.8367617
1773,712112,CR-0000101475,0,0,0,0,23-255-4006,False,True,51,9/11/2023 6:10:00 PM,No Pedestrians Involved,Unknown,Unknown,Unknown,Unknown,Unknown,Unknown,Head On,Non-Related,Other Vehicle,Not Applicable,Not Applicable,South Of,,False,False,143961,AVENUE B,PALA AV,37.36523225,-121.8367617
1774,690042,CR-0000096112,0,0,0,0,22-203-9702,False,True,0,7/21/2022 5:30:00 PM,No Pedestrians Involved,Dry,No Unusual Conditions,Daylight,Unknown,Controls Functioning,Clear,Rear End,Related,Other Vehicle,Not Applicable,Not Applicable,At,,False,True,73798,HOPKINS DR,OCALA AV,37.33487831,-121.8290379
1775,694471,CR-0000098436,2,1,0,0,23-143-0082,False,False,30,5/23/2023 1:30:00 AM,No Pedestrians Involved,Dry,No Unusual Conditions,Dark - Street Light,Violation Driver 1,Controls Functioning,Clear,Hit Object,Related,Fixed Object,Not Applicable,Not Applicable,West Of,,True,False,73798,HOPKINS DR,OCALA AV,37.33487831,-121.8290379
1776,715833,CR-0000101836,2,0,0,0,23-352-0316,False,False,0,12/18/2023 10:54:00 AM,No Pedestrians Involved,Wet,No Unusual Conditions,Daylight,Violation Driver 1,Controls Functioning,Rain,Sideswipe,Intersection,Other Vehicle,Not Applicable,Not Applicable,At,,False,False,35221,CATHAY DR,OCALA AV,37.33441763,-121.8297179
1777,689706,CR-0000095690,1,0,0,0,22-311-0844,False,False,24,11/7/2022 8:26:00 PM,In Road - Includes Shoulder,Dry,No Unusual Conditions,Dark - Street Light,Pedestrian At Fault,No Controls Present/Factor,Cloudy,Vehicle/Pedestrian,Related,Wheelchair,West,East,West Of,PED (WHEELCHAIR),False,False,61434,FLINTCREST DR,FLINTHAVEN DR,37.34317041,-121.8044437
1778,720889,CR-0000103092,0,0,0,0,24-028-4003,False,True,51,1/28/2024 8:50:00 AM,No Pedestrians Involved,Unknown,Unknown,Unknown,Unknown,Unknown,Unknown,Broadside,Non-Related,Other Vehicle,Not Applicable,Not Applicable,West Of,,False,False,61500,FLINTHAVEN DR,HAYWORTH DR,37.34418952,-121.8028025
1779,682525,CR-0000092092,1,0,0,0,22-095-0376,True,False,40,4/5/2022 11:30:00 AM,No Pedestrians Involved,Dry,No Unusual Conditions,Daylight,Violation Driver 1,No Controls Present/Factor,Clear,Hit Object,Related,Fixed Object,Not Applicable,Not Applicable,East Of,LIGHT POLE #11R123,True,False,61291,FLINT AV,KOHLER RD,37.34342851,-121.7960911
1780,690328,CR-0000096422,0,0,0,0,22-138-4000,False,True,51,5/16/2022 11:15:00 AM,No Pedestrians Involved,Unknown,Unknown,Unknown,Unknown,Unknown,Unknown,Sideswipe,Non-Related,Unknown,Not Applicable,Not Applicable,West Of,,False,True,112760,UPTON WY,WESSEX DR,37.26952819,-121.8663437
1781,689681,CR-0000095663,0,1,0,0,22-352-0573,False,False,108,12/18/2022 5:41:00 PM,No Pedestrians Involved,Dry,No Unusual Conditions,Dark - Street Light,Violation Driver 1,No Controls Present/Factor,Clear,Vehicle/Bike,Non-Related,Bike,Not Applicable,Not Applicable,South Of,,False,False,37630,CHERRY AV,JOPLIN DR,37.25909073,-121.8846609
1782,696479,CR-0000099657,1,0,0,0,23-340-0735,False,False,0,11/30/2023 6:21:00 PM,No Pedestrians Involved,Dry,No Unusual Conditions,Dark - Street Light,Violation Driver 1,No Controls Present/Factor,Clear,Vehicle/Bike,Intersection,Bike,Not Applicable,Not Applicable,At,BIKE,False,False,22494,BOURET DR,CHERRY AV,37.25845553,-121.8843394
1783,696304,CR-0000099460,0,1,0,0,23-287-0463,False,False,0,10/14/2023 1:23:00 PM,No Pedestrians Involved,Dry,No Unusual Conditions,Daylight,Violation Driver 1,No Controls Present/Factor,Clear,Vehicle/Bike,Intersection,Bike,Not Applicable,Not Applicable,At,BIKE,True,False,22494,BOURET DR,CHERRY AV,37.25845553,-121.8843394
1784,682670,CR-0000092246,0,0,0,0,22-129-0681,False,False,0,5/9/2022 5:30:00 PM,No Pedestrians Involved,Dry,No Unusual Conditions,Daylight,Violation Driver 1,Controls Functioning,Clear,Rear End,Intersection,Other Vehicle,Not Applicable,Not Applicable,At,,True,False,124300,SANTA TERESA BL,WEST VALLEY FR,37.25480037,-121.8588992
1785,685066,CR-0000093736,1,0,0,0,22-215-0672,False,False,46,8/3/2022 5:17:00 PM,No Pedestrians Involved,Dry,No Unusual Conditions,Daylight,Violation Driver 1,Controls Functioning,Clear,Broadside,Related,Other Vehicle,Not Applicable,Not Applicable,North Of,,False,False,124300,SANTA TERESA BL,WEST VALLEY FR,37.25480037,-121.8588992
1786,685379,CR-0000094106,0,0,0,0,22-231-0725,False,False,51,8/19/2022 6:00:00 PM,No Pedestrians Involved,Dry,No Unusual Conditions,Daylight,Violation Driver 1,Controls Functioning,Clear,Sideswipe,Non-Related,Other Vehicle,Not Applicable,Not Applicable,South Of,,False,True,124300,SANTA TERESA BL,WEST VALLEY FR,37.25480037,-121.8588992
1787,683503,CR-0000093100,0,0,0,0,22-194-0634,False,False,0,7/13/2022 4:47:00 PM,No Pedestrians Involved,Dry,No Unusual Conditions,Daylight,Violation Driver 1,Controls Functioning,Clear,Sideswipe,Intersection,Other Vehicle,Not Applicable,Not Applicable,At,,False,True,124300,SANTA TERESA BL,WEST VALLEY FR,37.25480037,-121.8588992
1788,696186,CR-0000099330,0,0,0,0,23-120-0019,True,False,0,4/30/2023 12:19:00 AM,No Pedestrians Involved,Dry,No Unusual Conditions,Dark - Street Light,Violation Driver 1,Controls Functioning,Clear,Hit Object,Intersection,Fixed Object,Not Applicable,Not Applicable,At,Crosswalk Pole,False,False,124300,SANTA TERESA BL,WEST VALLEY FR,37.25480037,-121.8588992
1789,699377,CR-0000100704,0,0,0,0,23-194-4006,False,True,0,7/13/2023 6:32:00 PM,No Pedestrians Involved,Unknown,Unknown,Unknown,Unknown,Unknown,Unknown,Other,Intersection,Other Vehicle,Not Applicable,Not Applicable,At,,False,False,124300,SANTA TERESA BL,WEST VALLEY FR,37.25480037,-121.8588992
1790,694084,CR-0000098143,0,1,0,0,23-125-0478,False,False,0,5/5/2023 2:00:00 PM,No Pedestrians Involved,Dry,No Unusual Conditions,Daylight,Violation Driver 1,Controls Functioning,Cloudy,Broadside,Intersection,Other Vehicle,Not Applicable,Not Applicable,At,,False,False,124300,SANTA TERESA BL,WEST VALLEY FR,37.25480037,-121.8588992
1791,716374,CR-0000102343,2,0,0,0,24-055-0640,False,False,0,2/24/2024 4:45:00 PM,No Pedestrians Involved,Dry,No Unusual Conditions,Daylight,Violation Driver 1,Controls Functioning,Clear,Head On,Intersection,Other Vehicle,Not Applicable,Not Applicable,At,,False,False,124300,SANTA TERESA BL,WEST VALLEY FR,37.25480037,-121.8588992
1792,685366,CR-0000094092,0,1,0,0,22-229-0069,False,False,137,8/17/2022 12:57:00 AM,No Pedestrians Involved,Dry,No Unusual Conditions,Dark - Street Light,Violation Driver 1,No Controls Present/Factor,Clear,Sideswipe,Non-Related,Parked Vehicle,Not Applicable,Not Applicable,West Of,,False,False,96920,OAKMONT DR,RHODA DR,37.30466235,-121.9711775
1793,694661,CR-0000098694,0,0,1,0,23-235-0824,False,False,330,8/23/2023 4:00:00 PM,No Pedestrians Involved,Dry,No Unusual Conditions,Daylight,Violation Driver 1,No Controls Present/Factor,Clear,Vehicle/Bike,Non-Related,Scooter Motorized,Not Applicable,Not Applicable,North Of,E.SCOOTER(BIKE),False,False,96920,OAKMONT DR,RHODA DR,37.30466235,-121.9711775
1794,689717,CR-0000095729,0,0,0,0,22-309-0867,False,False,166,11/5/2022 11:07:00 PM,No Pedestrians Involved,Dry,No Unusual Conditions,Dark - Street Light,Violation Driver 1,Controls Functioning,Clear,Rear End,Non-Related,Parked Vehicle,Not Applicable,Not Applicable,North Of,,True,False,103751,RHODA DR,TOPAZ AV,37.3046509,-121.9698386
1795,699124,CR-0000100440,0,0,0,0,23-176-0011,False,False,148,6/25/2023 12:09:00 AM,No Pedestrians Involved,Dry,No Unusual Conditions,Dark - No Street Light,Violation Driver 1,Unknown,Clear,Head On,Non-Related,Parked Vehicle,Not Applicable,Not Applicable,North Of,,False,False,103751,RHODA DR,TOPAZ AV,37.3046509,-121.9698386
1796,720918,CR-0000103136,0,0,0,0,24-031-4000,False,True,50,1/30/2024 6:15:00 PM,No Pedestrians Involved,Unknown,Unknown,Unknown,Unknown,Unknown,Unknown,Sideswipe,Related,Parked Vehicle,Not Applicable,Not Applicable,Unknown,,False,True,103751,RHODA DR,TOPAZ AV,37.3046509,-121.9698386
1797,711709,CR-0000100999,0,0,0,0,23-265-0833,False,False,0,9/22/2023 7:27:00 PM,No Pedestrians Involved,Dry,No Unusual Conditions,Dusk - Dawn,Violation Driver 1,Controls Not Functioning,Clear,Sideswipe,Intersection,Other Vehicle,Not Applicable,Not Applicable,At,,False,False,103751,RHODA DR,TOPAZ AV,37.3046509,-121.9698386
1798,687502,CR-0000094292,0,1,0,0,22-260-0179,False,False,0,9/17/2022 7:39:00 AM,No Pedestrians Involved,Dry,No Unusual Conditions,Daylight,Violation Driver 1,No Controls Present/Factor,Clear,Broadside,Intersection,Other Vehicle,Not Applicable,Not Applicable,At,,False,False,96623,NOTTINGHAM PL,WILLIAMS RD,37.30832738,-121.9687732
1799,698904,CR-0000100204,1,0,0,0,23-315-0722,False,False,57,11/11/2023 8:15:00 PM,Crossing - Not In Crosswalk,Dry,No Unusual Conditions,Dark - Street Light,Violation Driver 1,No Controls Present/Factor,Clear,Vehicle/Pedestrian,Non-Related,Pedestrian,North,South,East Of,PED,False,True,96623,NOTTINGHAM PL,WILLIAMS RD,37.30832738,-121.9687732
1800,716136,CR-0000102127,3,0,0,0,24-028-0734,False,False,0,1/28/2024 8:33:00 PM,No Pedestrians Involved,Dry,No Unusual Conditions,Dark - Street Light,Violation Driver 1,Controls Not Functioning,Clear,Broadside,Intersection,Other Vehicle,Not Applicable,Not Applicable,At,,False,False,96623,NOTTINGHAM PL,WILLIAMS RD,37.30832738,-121.9687732
1801,695959,CR-0000099092,0,0,0,0,23-231-0861,False,False,48,8/19/2023 10:40:00 PM,No Pedestrians Involved,Dry,No Unusual Conditions,Dark - Street Light,Violation Driver 1,No Controls Present/Factor,Clear,Sideswipe,Related,Parked Vehicle,Not Applicable,Not Applicable,East Of,,False,False,96612,NOTTINGHAM PL,RHODA DR,37.30474285,-121.9687706
1802,682699,CR-0000092277,0,0,0,0,22-151-9714,False,True,51,5/29/2022 10:00:00 AM,No Pedestrians Involved,Dry,No Unusual Conditions,Daylight,Unknown,No Controls Present/Factor,Clear,Sideswipe,Non-Related,Parked Vehicle,Not Applicable,Not Applicable,South Of,,False,True,67132,GLENTREE DR,RAINTREE CT,37.31153271,-121.9949597
1803,683290,CR-0000092876,0,0,0,0,22-144-9707,False,True,51,5/19/2022 7:00:00 PM,No Pedestrians Involved,Dry,No Unusual Conditions,Daylight,Unknown,Unknown,Clear,Vehicle/Bike,Non-Related,Bike,Not Applicable,Not Applicable,North Of,BIKE,False,True,52271,DOYLE RD,GLENTREE DR,37.31153159,-121.9952538
1804,716236,CR-0000102201,0,1,0,0,24-045-0227,False,False,790,2/14/2024 9:22:00 AM,In Road - Includes Shoulder,Dry,No Unusual Conditions,Daylight,Pedestrian At Fault,No Controls Present/Factor,Cloudy,Vehicle/Pedestrian,Non-Related,Pedestrian,West,East,North Of,PED,False,False,52271,DOYLE RD,GLENTREE DR,37.31153159,-121.9952538
1805,688810,CR-0000094656,0,0,0,0,22-248-4002,False,True,0,9/3/2022 3:20:00 PM,No Pedestrians Involved,Unknown,Unknown,Daylight,Unknown,Unknown,Unknown,Broadside,Intersection,Other Vehicle,Not Applicable,Not Applicable,At,,False,False,36398,CHALLENGER AV,WARM SPRINGS DR,37.37157442,-121.8350292
1806,687420,CR-0000094198,0,1,0,0,22-249-0419,False,False,70,9/6/2022 11:24:00 AM,No Pedestrians Involved,Dry,No Unusual Conditions,Daylight,Violation Driver 1,No Controls Present/Factor,Clear,Rear End,Non-Related,Parked Vehicle,Not Applicable,Not Applicable,West Of,,False,False,37674,CHERRY AV,KOCH LN,37.27885237,-121.8929488
1807,682244,CR-0000091831,1,1,0,0,22-127-0288,False,False,0,5/7/2022 11:01:00 AM,No Pedestrians Involved,Dry,No Unusual Conditions,Daylight,Violation Driver 1,Controls Functioning,Clear,Broadside,Intersection,Other Vehicle,Not Applicable,Not Applicable,At,,True,False,97470,OLIN ST,WINCHESTER BL,37.32050864,-121.9501548
1808,682037,CR-0000091548,0,0,0,0,22-065-0567,False,False,51,3/6/2022 2:05:00 PM,No Pedestrians Involved,Dry,No Unusual Conditions,Daylight,Violation Driver 1,Controls Functioning,Clear,Rear End,Non-Related,Other Vehicle,Not Applicable,Not Applicable,South Of,,True,False,97470,OLIN ST,WINCHESTER BL,37.32050864,-121.9501548
1809,699303,CR-0000100628,0,0,0,0,23-155-4001,False,True,,6/3/2023 7:00:00 PM,No Pedestrians Involved,Unknown,Unknown,Unknown,Unknown,Unknown,Unknown,Rear End,Related,Unknown,Not Applicable,Not Applicable,Unknown,,False,False,97470,OLIN ST,WINCHESTER BL,37.32050864,-121.9501548
1810,694093,CR-0000097890,0,0,0,0,23-116-0217,False,False,300,4/26/2023 9:24:00 AM,No Pedestrians Involved,Dry,No Unusual Conditions,Daylight,Violation Driver 1,No Controls Present/Factor,Clear,Rear End,Non-Related,Other Vehicle,Not Applicable,Not Applicable,North Of,,False,True,97470,OLIN ST,WINCHESTER BL,37.32050864,-121.9501548
1811,691111,CR-0000097304,0,0,0,0,23-043-0677,True,False,,2/12/2023 8:22:00 PM,No Pedestrians Involved,Dry,No Unusual Conditions,Dark - Street Light,Violation Driver 1,Controls Functioning,Clear,Rear End,Non-Related,Other Vehicle,Not Applicable,Not Applicable,North Of,,False,False,97470,OLIN ST,WINCHESTER BL,37.32050864,-121.9501548
1812,721995,CR-0000103249,0,0,0,0,24-054-9703,False,True,51,2/22/2024 6:16:00 PM,No Pedestrians Involved,Dry,No Unusual Conditions,Dark - Street Light,Unknown,Controls Functioning,Clear,Rear End,Non-Related,Other Vehicle,Not Applicable,Not Applicable,North Of,,False,False,97470,OLIN ST,WINCHESTER BL,37.32050864,-121.9501548
1813,689451,CR-0000095426,0,1,0,0,22-306-0080,False,False,238,11/2/2022 2:30:00 AM,No Pedestrians Involved,Dry,No Unusual Conditions,Dark - Street Light,Violation Driver 1,No Controls Present/Factor,Clear,Rear End,Non-Related,Parked Vehicle,Not Applicable,Not Applicable,South Of,,False,False,13837,BASCOM AV,FOREST AV,37.32691251,-121.931987
1814,699426,CR-0000100758,0,0,0,0,23-192-0871,True,False,787,7/11/2023 8:15:00 PM,No Pedestrians Involved,Dry,No Unusual Conditions,Dusk - Dawn,Violation Driver 1,No Controls Present/Factor,Clear,Hit Object,Non-Related,Fixed Object,Not Applicable,Not Applicable,South Of,LIGHTPOLE,True,False,137257,SAN FELIPE RD,SILVER OAK ST,37.28672948,-121.7635196
1815,682372,CR-0000091935,2,0,0,0,22-104-0547,False,False,160,4/14/2022 4:20:00 PM,No Pedestrians Involved,Wet,No Unusual Conditions,Daylight,Violation Driver 1,Controls Functioning,Rain,Rear End,Non-Related,Other Vehicle,Not Applicable,Not Applicable,South Of,,False,False,97547,OLSEN DR,WINCHESTER BL,37.31920125,-121.9501321
1816,690088,CR-0000096149,0,0,0,0,22-189-0511,False,True,51,7/8/2022 2:51:00 PM,No Pedestrians Involved,Dry,Construction - Repair Zone,Daylight,Unknown,Controls Functioning,Clear,Sideswipe,Non-Related,Other Vehicle,Not Applicable,Not Applicable,South Of,,False,False,97547,OLSEN DR,WINCHESTER BL,37.31920125,-121.9501321
1817,698860,CR-0000100143,1,0,0,0,23-364-0318,False,False,208,12/30/2023 11:59:00 AM,No Pedestrians Involved,Wet,No Unusual Conditions,Daylight,Violation Driver 1,Controls Functioning,Cloudy,Rear End,Non-Related,Other Vehicle,Not Applicable,Not Applicable,South Of,,False,False,97547,OLSEN DR,WINCHESTER BL,37.31920125,-121.9501321
1818,716345,CR-0000102367,1,0,0,0,24-045-0877,False,False,0,2/14/2024 9:58:00 AM,No Pedestrians Involved,Wet,Unknown,Dark - Street Light,Violation Driver 1,Controls Functioning,Cloudy,Vehicle/Bike,Intersection,Bike,Not Applicable,Not Applicable,At,BIKE,True,False,97547,OLSEN DR,WINCHESTER BL,37.31920125,-121.9501321
1819,690100,CR-0000096196,0,0,0,0,22-338-0746,False,False,29,12/4/2022 8:39:00 PM,No Pedestrians Involved,Wet,No Unusual Conditions,Dark - Street Light,Violation Driver 1,Controls Functioning,Clear,Rear End,Related,Other Vehicle,Not Applicable,Not Applicable,West Of,,True,False,78088,JUNIPERO SERRA FR,MOORPARK AV,37.31612483,-121.9514146
1820,690287,CR-0000096379,0,0,0,0,22-309-4005,False,False,0,11/5/2022 6:45:00 AM,No Pedestrians Involved,Unknown,Unknown,Unknown,Unknown,Unknown,Unknown,Broadside,Intersection,Other Vehicle,Not Applicable,Not Applicable,At,,False,True,78088,JUNIPERO SERRA FR,MOORPARK AV,37.31612483,-121.9514146
1821,716194,CR-0000102132,0,0,0,0,24-029-0454,False,False,34,1/29/2024 1:22:00 PM,No Pedestrians Involved,Dry,No Unusual Conditions,Daylight,Violation Driver 1,Controls Functioning,Clear,Sideswipe,Related,Other Vehicle,Not Applicable,Not Applicable,East Of,,False,False,78088,JUNIPERO SERRA FR,MOORPARK AV,37.31612483,-121.9514146
1822,699466,CR-0000100771,0,0,0,0,23-191-0642,True,False,53,7/10/2023 3:40:00 PM,No Pedestrians Involved,Dry,No Unusual Conditions,Daylight,Violation Driver 1,Controls Functioning,Clear,Hit Object,Non-Related,Fixed Object,Not Applicable,Not Applicable,North Of,SIGN,True,True,92399,MONROE ST,TISCH WY,37.31757597,-121.9433113
1823,716198,CR-0000102173,3,0,0,0,24-036-0581,False,False,106,2/5/2024 3:30:00 PM,No Pedestrians Involved,Dry,No Unusual Conditions,Daylight,Violation Driver 1,Controls Functioning,Clear,Rear End,Non-Related,Other Vehicle,Not Applicable,Not Applicable,West Of,,True,False,97789,ORCHID WY,WILLIAMS RD,37.30820954,-121.9739718
1824,694610,CR-0000098643,1,0,0,0,23-205-0437,False,False,0,7/24/2023 12:35:00 PM,No Pedestrians Involved,Dry,No Unusual Conditions,Daylight,Violation Driver 1,No Controls Present/Factor,Clear,Rear End,Intersection,Other Vehicle,Not Applicable,Not Applicable,At,,True,False,50710,DESERT ISLE DR,OLGA DR,37.31065597,-121.974938
1825,690011,CR-0000096059,0,0,0,0,22-283-0892,False,False,50,10/10/2022 9:10:00 PM,No Pedestrians Involved,Dry,No Unusual Conditions,Dark - Street Light,Violation Driver 1,Controls Functioning,Clear,Head On,Related,Other Vehicle,Not Applicable,Not Applicable,East Of,,False,False,73743,HOPETON AV,MIDPINE AV,37.31752029,-121.837618
1826,698629,CR-0000099853,0,0,0,0,23-146-0456,False,False,49,5/26/2023 1:50:00 PM,No Pedestrians Involved,Dry,No Unusual Conditions,Daylight,Violation Driver 1,No Controls Present/Factor,Clear,Sideswipe,Related,Other Vehicle,Not Applicable,Not Applicable,East Of,,True,True,7677,ANNONA AV,WAVERLY AV,37.32922048,-121.8239902
1827,699096,CR-0000100413,0,0,0,0,23-156-0054,False,False,,6/6/2023 1:16:00 AM,No Pedestrians Involved,Unknown,Unknown,Unknown,Unknown,Unknown,Unknown,Sideswipe,Related,Parked Vehicle,Not Applicable,Not Applicable,Unknown,,False,True,97833,ORLANDO DR,PALMIRA WY,37.32563194,-121.8278954
1828,681561,CR-0000090958,0,0,0,0,22-041-0386,False,False,374,2/10/2022 11:06:00 AM,No Pedestrians Involved,Dry,No Unusual Conditions,Daylight,Violation Driver 1,No Controls Present/Factor,Clear,Head On,Non-Related,Other Vehicle,Not Applicable,Not Applicable,North Of,,False,False,95150,NEEDLES DR,SENTER RD,37.31621307,-121.8565639
1829,680495,CR-0000089737,0,0,0,1,22-040-0779,False,False,188,2/9/2022 5:53:00 PM,In Road - Includes Shoulder,Dry,No Unusual Conditions,Daylight,Pedestrian At Fault,No Controls Present/Factor,Clear,Vehicle/Pedestrian,Non-Related,Pedestrian,No Direction (Not Walking),No Direction (Not Walking),South Of,Delayed Fatal 02/20/2022,False,False,95150,NEEDLES DR,SENTER RD,37.31621307,-121.8565639
1830,685116,CR-0000093789,0,1,0,0,22-233-0484,False,False,285,8/21/2022 1:19:00 PM,No Pedestrians Involved,Dry,No Unusual Conditions,Daylight,Bike At Fault,No Controls Present/Factor,Clear,Vehicle/Bike,Non-Related,Scooter Motorized,Not Applicable,Not Applicable,South Of,Moto Scooter,True,False,95150,NEEDLES DR,SENTER RD,37.31621307,-121.8565639
1831,698765,CR-0000100046,1,0,0,0,23-361-0618,False,False,0,12/27/2023 4:08:00 PM,No Pedestrians Involved,Dry,No Unusual Conditions,Daylight,Bike At Fault,Controls Functioning,Cloudy,Vehicle/Bike,Intersection,Bike,Not Applicable,Not Applicable,At,BIKE,False,False,95150,NEEDLES DR,SENTER RD,37.31621307,-121.8565639