_id,CrashFactId,Name,MinorInjuries,ModerateInjuries,SevereInjuries,FatalInjuries,TcrNumber,CityDamageFlag,ShortFormFlag,Distance,CrashDateTime,PedestrianAction,RoadwaySurface,RoadwayCondition,Lighting,PrimaryCollisionFactor,TrafficControl,Weather,CollisionType,ProximityToIntersection,VehicleInvolvedWith,PedestrianDirectionFrom,PedestrianDirectionTo,DirectionFromIntersection,Comment,SpeedingFlag,HitAndRunFlag,IntersectionNumber,AStreetName,BStreetName,Latitude,Longitude
1909,712016,CR-0000101151,0,0,0,0,23-286-4003,False,True,0,10/31/2023 3:10:00 PM,No Pedestrians Involved,Unknown,Unknown,Unknown,Unknown,Unknown,Unknown,Rear End,Intersection,Other Vehicle,Not Applicable,Not Applicable,At,,False,False,13991,BASCOM AV,NIMITZ FR,37.33339908,-121.9355173
1910,719767,CR-0000102940,0,0,0,0,24-022-4001,False,True,51,1/22/2024 6:50:00 AM,No Pedestrians Involved,Unknown,Unknown,Daylight,Unknown,Unknown,Unknown,Rear End,Non-Related,Other Vehicle,Not Applicable,Not Applicable,South Of,,False,False,13991,BASCOM AV,NIMITZ FR,37.33339908,-121.9355173
1911,722433,CR-0000103763,0,0,0,0,24-101-4009,False,True,51,4/10/2024 5:24:00 PM,No Pedestrians Involved,Unknown,Unknown,Unknown,Unknown,Unknown,Unknown,Rear End,Non-Related,Other Vehicle,Not Applicable,Not Applicable,North Of,,False,False,13991,BASCOM AV,NIMITZ FR,37.33339908,-121.9355173
1912,722117,CR-0000103382,0,0,0,0,24-072-9702,False,True,51,3/9/2024 10:20:00 AM,No Pedestrians Involved,Unknown,Unknown,Daylight,Unknown,Unknown,Unknown,Sideswipe,Non-Related,Other Vehicle,Not Applicable,Not Applicable,North Of,,False,False,96953,OAKMONT PL,WILL ROGERS DR,37.30736763,-121.9705723
1913,689106,CR-0000094969,1,0,0,0,22-278-0553,False,False,84,10/5/2022 2:27:00 PM,No Pedestrians Involved,Dry,No Unusual Conditions,Daylight,Unknown,Controls Functioning,Clear,Rear End,Non-Related,Other Vehicle,Not Applicable,Not Applicable,East Of,,False,False,53602,EASTRIDGE WY,TULLY RD,37.32761519,-121.8181404
1914,689182,CR-0000095016,1,1,0,0,22-290-0494,True,False,0,10/17/2022 1:20:00 PM,No Pedestrians Involved,Dry,No Unusual Conditions,Daylight,Violation Driver 1,Controls Functioning,Clear,Rear End,Intersection,Other Vehicle,Not Applicable,Not Applicable,At,LIGHT POLE,True,False,53602,EASTRIDGE WY,TULLY RD,37.32761519,-121.8181404
1915,699030,CR-0000100336,1,0,0,0,23-302-0434,False,False,195,10/29/2023 10:50:00 AM,No Pedestrians Involved,Dry,No Unusual Conditions,Daylight,Violation Driver 1,Controls Functioning,Clear,Rear End,Non-Related,Other Vehicle,Not Applicable,Not Applicable,East Of,,True,True,53602,EASTRIDGE WY,TULLY RD,37.32761519,-121.8181404
1916,699382,CR-0000100709,0,0,0,0,23-192-0512,True,False,0,7/11/2023 2:40:00 PM,No Pedestrians Involved,Dry,No Unusual Conditions,Daylight,Violation Driver 1,Controls Functioning,Clear,Hit Object,Intersection,Fixed Object,Not Applicable,Not Applicable,At,TRAFFIC SIGNAL,True,False,53602,EASTRIDGE WY,TULLY RD,37.32761519,-121.8181404
1917,689641,CR-0000095623,1,0,0,0,22-333-0190,False,False,0,11/29/2022 8:03:00 AM,Crossing In Crosswalk - At Intersection,Dry,No Unusual Conditions,Daylight,Violation Driver 1,Controls Functioning,Clear,Vehicle/Pedestrian,Intersection,Pedestrian,South,North,At,PED,False,False,39764,CLARICE DR,HURAN DR,37.32447596,-121.8244109
1918,689924,CR-0000095996,2,0,0,0,22-221-0991,False,False,0,8/9/2022 9:47:00 PM,No Pedestrians Involved,Dry,No Unusual Conditions,Dark - Street Light,Violation Driver 1,No Controls Present/Factor,Clear,Rear End,Intersection,Other Vehicle,Not Applicable,Not Applicable,At,,False,False,57958,EVERWOOD CT,OCALA AV,37.34131999,-121.8187048
1919,712063,CR-0000100995,0,0,0,0,23-264-0111,False,False,108,9/21/2023 6:00:00 AM,No Pedestrians Involved,Dry,No Unusual Conditions,Dark - Street Light,Violation Driver 1,Controls Functioning,Clear,Sideswipe,Non-Related,Parked Vehicle,Not Applicable,Not Applicable,South Of,,False,True,57111,ENESCO AV,OPHELIA AV,37.31782415,-121.8179736
1920,690046,CR-0000096114,0,0,0,0,22-189-0183,False,True,51,7/8/2022 9:20:00 AM,No Pedestrians Involved,Dry,No Unusual Conditions,Daylight,Violation Driver 1,No Controls Present/Factor,Clear,Sideswipe,Non-Related,Other Vehicle,Not Applicable,Not Applicable,North Of,,False,True,39786,CLARICE DR,ORLANDO DR,37.32360762,-121.8257873
1921,682247,CR-0000091850,0,0,0,0,22-103-0077,False,False,99,4/13/2022 2:18:00 AM,No Pedestrians Involved,Dry,No Unusual Conditions,Dark - Street Light,Violation Driver 1,No Controls Present/Factor,Clear,Rear End,Non-Related,Parked Vehicle,Not Applicable,Not Applicable,East Of,,False,True,39797,CLARICE DR,PALMIRA WY,37.32400648,-121.8251089
1922,682780,CR-0000092359,3,0,0,0,22-142-0344,False,False,0,5/22/2022 9:50:00 AM,No Pedestrians Involved,Dry,Unknown,Daylight,Violation Driver 1,No Controls Present/Factor,Clear,Sideswipe,Intersection,Other Vehicle,Not Applicable,Not Applicable,At,,False,False,39775,CLARICE DR,KENESTA WY,37.32543101,-121.8230153
1923,681554,CR-0000090950,0,0,0,0,22-040-0324,False,False,28,2/9/2022 10:28:00 AM,No Pedestrians Involved,Dry,No Unusual Conditions,Daylight,Violation Driver 1,Controls Functioning,Clear,Head On,Related,Other Vehicle,Not Applicable,Not Applicable,East Of,,False,False,102530,QUIMBY RD,TULLY RD,37.32613945,-121.8203313
1924,681303,CR-0000090689,1,0,0,0,22-011-0463,False,False,32,1/11/2022 1:12:00 PM,No Pedestrians Involved,Dry,No Unusual Conditions,Daylight,Violation Driver 1,Controls Functioning,Clear,Rear End,Related,Other Vehicle,Not Applicable,Not Applicable,West Of,,True,False,102530,QUIMBY RD,TULLY RD,37.32613945,-121.8203313
1925,689590,CR-0000095567,2,0,0,0,22-316-0742,False,False,100,11/12/2022 8:14:00 PM,No Pedestrians Involved,Dry,No Unusual Conditions,Dark - Street Light,Violation Driver 1,Unknown,Clear,Broadside,Non-Related,Other Vehicle,Not Applicable,Not Applicable,South Of,,False,False,102530,QUIMBY RD,TULLY RD,37.32613945,-121.8203313
1926,689374,CR-0000095324,2,1,0,0,22-323-0509,False,False,355,11/19/2022 7:57:00 PM,No Pedestrians Involved,Dry,No Unusual Conditions,Daylight,Violation Driver 1,Unknown,Clear,Rear End,Non-Related,Other Vehicle,Not Applicable,Not Applicable,East Of,,True,False,102530,QUIMBY RD,TULLY RD,37.32613945,-121.8203313
1927,683005,CR-0000092528,1,0,0,0,22-162-0198,False,False,0,6/11/2022 6:06:00 AM,No Pedestrians Involved,Dry,No Unusual Conditions,Daylight,Violation Driver 1,Controls Functioning,Clear,Broadside,Intersection,Other Vehicle,Not Applicable,Not Applicable,At,,False,False,102530,QUIMBY RD,TULLY RD,37.32613945,-121.8203313
1928,684812,CR-0000093393,1,0,0,0,22-187-0423,False,False,200,7/6/2022 12:57:00 PM,No Pedestrians Involved,Dry,No Unusual Conditions,Daylight,Violation Driver 1,Controls Functioning,Clear,Vehicle/Bike,Non-Related,Bike,Not Applicable,Not Applicable,West Of,BIKE,False,False,102530,QUIMBY RD,TULLY RD,37.32613945,-121.8203313
1929,685330,CR-0000094011,3,1,0,0,22-249-1082,False,False,33,9/6/2022 10:30:00 PM,No Pedestrians Involved,Dry,No Unusual Conditions,Dark - Street Light Not Functioning,Violation Driver 1,Controls Not Functioning,Clear,Rear End,Related,Other Vehicle,Not Applicable,Not Applicable,West Of,POWER OUTAGE,True,False,102530,QUIMBY RD,TULLY RD,37.32613945,-121.8203313
1930,685314,CR-0000093995,3,1,0,0,22-249-0108,False,False,33,9/6/2022 10:30:00 PM,No Pedestrians Involved,Dry,No Unusual Conditions,Dark - Street Light Not Functioning,Violation Driver 1,Controls Not Functioning,Clear,Rear End,Related,Other Vehicle,Not Applicable,Not Applicable,West Of,POWER OUTAGE,True,False,102530,QUIMBY RD,TULLY RD,37.32613945,-121.8203313
1931,690476,CR-0000096566,0,0,0,0,22-245-0451,False,False,19,9/2/2022 12:38:00 PM,No Pedestrians Involved,Dry,No Unusual Conditions,Daylight,Violation Driver 1,Controls Functioning,Clear,Rear End,Related,Other Vehicle,Not Applicable,Not Applicable,East Of,,True,True,102530,QUIMBY RD,TULLY RD,37.32613945,-121.8203313
1932,690230,CR-0000096319,0,0,0,0,22-266-9705,False,True,51,9/22/2022 4:08:00 PM,No Pedestrians Involved,Dry,No Unusual Conditions,Daylight,Unknown,Controls Functioning,Clear,Sideswipe,Non-Related,Other Vehicle,Not Applicable,Not Applicable,East Of,,False,False,102530,QUIMBY RD,TULLY RD,37.32613945,-121.8203313
1933,694051,CR-0000097989,0,0,0,0,23-079-0937,False,False,0,3/20/2023 11:06:00 PM,No Pedestrians Involved,Dry,No Unusual Conditions,Dark - Street Light,Violation Driver 1,No Controls Present/Factor,Clear,Sideswipe,Intersection,Other Vehicle,Not Applicable,Not Applicable,At,,False,False,102530,QUIMBY RD,TULLY RD,37.32613945,-121.8203313
1934,690894,CR-0000097038,0,0,0,0,23-017-4009,False,True,0,1/17/2023 5:01:00 PM,No Pedestrians Involved,Unknown,Unknown,Unknown,Unknown,Unknown,Unknown,Broadside,Intersection,Other Vehicle,Not Applicable,Not Applicable,At,,False,False,102530,QUIMBY RD,TULLY RD,37.32613945,-121.8203313
1935,699227,CR-0000100548,0,0,0,0,23-165-4004,False,True,51,6/13/2023 5:10:00 PM,No Pedestrians Involved,Unknown,Unknown,Unknown,Unknown,Unknown,Unknown,Broadside,Non-Related,Other Vehicle,Not Applicable,Not Applicable,Unknown,,False,False,102530,QUIMBY RD,TULLY RD,37.32613945,-121.8203313
1936,699202,CR-0000100523,0,0,0,0,23-152-0666,False,False,382,6/1/2023 3:20:00 PM,No Pedestrians Involved,Dry,No Unusual Conditions,Daylight,Other Than Driver,Controls Functioning,Clear,Broadside,Non-Related,Other Vehicle,Not Applicable,Not Applicable,South Of,,False,False,102530,QUIMBY RD,TULLY RD,37.32613945,-121.8203313
1937,697562,CR-0000099773,0,0,0,0,23-140-0161,False,False,70,5/20/2023 3:58:00 AM,No Pedestrians Involved,Dry,No Unusual Conditions,Dark - Street Light,Violation Driver 1,No Controls Present/Factor,Clear,Hit Object,Non-Related,Fixed Object,Not Applicable,Not Applicable,South Of,Curb,False,False,102530,QUIMBY RD,TULLY RD,37.32613945,-121.8203313
1938,716238,CR-0000102207,1,0,0,0,24-043-0131,False,False,0,2/12/2024 6:24:00 AM,No Pedestrians Involved,Dry,No Unusual Conditions,Daylight,Violation Driver 1,No Controls Present/Factor,Clear,Broadside,Intersection,Other Vehicle,Not Applicable,Not Applicable,At,,False,False,102530,QUIMBY RD,TULLY RD,37.32613945,-121.8203313
1939,688873,CR-0000094729,0,1,0,0,22-275-0589,False,False,0,10/2/2022 4:59:00 PM,No Pedestrians Involved,Dry,No Unusual Conditions,Daylight,Violation Driver 1,No Controls Present/Factor,Clear,Head On,Intersection,Other Vehicle,Not Applicable,Not Applicable,At,,False,False,2166,AIDA AV,ENESCO AV,37.3169444,-121.8194771
1940,711760,CR-0000101379,0,1,0,0,23-309-0087,False,False,50,11/5/2023 1:19:00 AM,No Pedestrians Involved,Dry,No Unusual Conditions,Dark - Street Light,Violation Driver 1,No Controls Present/Factor,Clear,Sideswipe,Related,Parked Vehicle,Not Applicable,Not Applicable,East Of,,True,False,2166,AIDA AV,ENESCO AV,37.3169444,-121.8194771
1941,689147,CR-0000095003,0,0,0,0,22-320-9701,False,True,0,11/12/2022 10:30:00 PM,No Pedestrians Involved,Unknown,Unknown,Unknown,Unknown,Unknown,Unknown,Sideswipe,Intersection,Parked Vehicle,Not Applicable,Not Applicable,At,,False,True,45320,CREEKFIELD CT,SUMMERCREEK DR,37.28120502,-121.8663543
1942,699042,CR-0000100348,1,0,0,0,23-189-0009,False,False,0,7/8/2023 12:05:00 AM,No Pedestrians Involved,Dry,No Unusual Conditions,Dark - Street Light,Violation Driver 1,No Controls Present/Factor,Clear,Broadside,Intersection,Other Vehicle,Not Applicable,Not Applicable,At,,False,True,82147,LATIMER AV,SARATOGA AV,37.29865743,-121.9840704
1943,690802,CR-0000096940,0,0,0,0,23-012-0594,False,False,0,1/12/2023 4:36:00 PM,No Pedestrians Involved,Dry,No Unusual Conditions,Daylight,Violation Driver 1,Unknown,Clear,Hit Object,Intersection,Fixed Object,Not Applicable,Not Applicable,At,HYDRANT,False,False,82147,LATIMER AV,SARATOGA AV,37.29865743,-121.9840704
1944,690780,CR-0000096918,0,0,0,0,23-019-0313,True,False,182,1/19/2023 6:58:00 PM,No Pedestrians Involved,Dry,No Unusual Conditions,Daylight,Other Than Driver,No Controls Present/Factor,Clear,Hit Object,Non-Related,Fixed Object,Not Applicable,Not Applicable,North Of,LIGHT POLE,False,False,82147,LATIMER AV,SARATOGA AV,37.29865743,-121.9840704
1945,698950,CR-0000100252,1,0,0,0,23-314-0629,False,False,0,11/10/2023 5:48:00 PM,No Pedestrians Involved,Dry,No Unusual Conditions,Dark - No Street Light,Violation Driver 1,No Controls Present/Factor,Clear,Vehicle/Bike,Intersection,Bike,Not Applicable,Not Applicable,At,,False,False,41931,COLOMBO DR,SARATOGA AV,37.29990892,-121.9826445
1946,722512,CR-0000103827,0,0,0,0,24-108-4011,False,True,51,4/17/2024 6:40:00 PM,No Pedestrians Involved,Unknown,Unknown,Unknown,Unknown,Unknown,Unknown,Broadside,Non-Related,Other Vehicle,Not Applicable,Not Applicable,North Of,,False,False,41931,COLOMBO DR,SARATOGA AV,37.29990892,-121.9826445
1947,689060,CR-0000094926,5,0,0,0,22-280-0235,False,False,20,10/7/2022 8:21:00 AM,No Pedestrians Involved,Dry,No Unusual Conditions,Daylight,Violation Driver 1,Controls Functioning,Clear,Rear End,Related,Other Vehicle,Not Applicable,Not Applicable,North Of,,False,False,32977,CAPITOL EX,SINCLAIR FR,37.35552843,-121.8359087
1948,688942,CR-0000094800,0,2,0,0,22-281-0372,False,False,418,10/8/2022 11:57:00 AM,No Pedestrians Involved,Dry,No Unusual Conditions,Daylight,Violation Driver 1,Controls Functioning,Clear,Rear End,Non-Related,Other Vehicle,Not Applicable,Not Applicable,South Of,,False,False,32977,CAPITOL EX,SINCLAIR FR,37.35552843,-121.8359087
1949,687494,CR-0000094282,0,0,0,0,22-258-0207,False,False,200,9/15/2022 8:30:00 AM,No Pedestrians Involved,Dry,No Unusual Conditions,Daylight,Violation Driver 1,No Controls Present/Factor,Clear,Rear End,Non-Related,Other Vehicle,Not Applicable,Not Applicable,North Of,,False,True,32977,CAPITOL EX,SINCLAIR FR,37.35552843,-121.8359087
1950,681908,CR-0000091399,0,0,0,0,22-054-9704,False,True,,2/23/2022 6:45:00 AM,No Pedestrians Involved,Dry,No Unusual Conditions,Daylight,Unknown,Controls Functioning,Clear,Rear End,Related,Other Vehicle,Not Applicable,Not Applicable,Unknown,,False,False,32977,CAPITOL EX,SINCLAIR FR,37.35552843,-121.8359087
1951,685032,CR-0000093693,0,0,0,0,22-120-0860,False,False,0,7/31/2022 9:40:00 PM,No Pedestrians Involved,Dry,No Unusual Conditions,Dark - Street Light,Violation Driver 1,Controls Functioning,Clear,Rear End,Intersection,Other Vehicle,Not Applicable,Not Applicable,At,,True,False,37036,CHAUCER DR,KING RD,37.34244884,-121.8456172
1952,683110,CR-0000092678,0,1,0,0,22-160-0571,False,False,48,6/9/2022 3:47:00 PM,No Pedestrians Involved,Dry,No Unusual Conditions,Daylight,Violation Driver 1,No Controls Present/Factor,Clear,Rear End,Related,Other Vehicle,Not Applicable,Not Applicable,South Of,,True,False,37036,CHAUCER DR,KING RD,37.34244884,-121.8456172
1953,689839,CR-0000095865,0,0,0,0,22-338-0701,False,False,0,12/4/2022 7:45:00 PM,No Pedestrians Involved,Dry,No Unusual Conditions,Dark - Street Light,Violation Driver 1,Controls Functioning,Clear,Rear End,Intersection,Other Vehicle,Not Applicable,Not Applicable,At,,True,True,37036,CHAUCER DR,KING RD,37.34244884,-121.8456172
1954,689446,CR-0000095421,1,0,0,0,22-318-0442,False,False,331,11/14/2022 12:30:00 PM,No Pedestrians Involved,Dry,No Unusual Conditions,Daylight,Violation Driver 1,Controls Functioning,Clear,Vehicle/Bike,Non-Related,Bike,Not Applicable,Not Applicable,North Of,BIKE,True,False,76053,JACKSON AV,MCKEE RD,37.36525882,-121.85012
1955,682527,CR-0000092094,0,0,0,0,22-095-0541,False,False,1584,4/5/2022 2:00:00 PM,No Pedestrians Involved,Dry,No Unusual Conditions,Daylight,Violation Driver 1,No Controls Present/Factor,Clear,Sideswipe,Non-Related,Other Vehicle,Not Applicable,Not Applicable,East Of,,False,True,76053,JACKSON AV,MCKEE RD,37.36525882,-121.85012
1956,682515,CR-0000092082,0,0,0,0,22-094-0455,False,False,0,4/4/2022 1:00:00 PM,No Pedestrians Involved,Dry,No Unusual Conditions,Daylight,Violation Driver 1,Controls Functioning,Clear,Broadside,Intersection,Other Vehicle,Not Applicable,Not Applicable,At,,True,True,76053,JACKSON AV,MCKEE RD,37.36525882,-121.85012
1957,690115,CR-0000096210,0,0,0,0,22-339-0498,False,False,,12/5/2022 2:00:00 PM,No Pedestrians Involved,Dry,No Unusual Conditions,Daylight,Violation Driver 1,Controls Functioning,Clear,Rear End,Related,Other Vehicle,Not Applicable,Not Applicable,South Of,,True,True,76053,JACKSON AV,MCKEE RD,37.36525882,-121.85012
1958,690322,CR-0000096416,0,0,0,0,22-215-9707,False,True,0,8/3/2022 1:00:00 PM,No Pedestrians Involved,Dry,No Unusual Conditions,Daylight,Unknown,No Controls Present/Factor,Clear,Broadside,Intersection,Other Vehicle,Not Applicable,Not Applicable,At,,False,True,76053,JACKSON AV,MCKEE RD,37.36525882,-121.85012
1959,689656,CR-0000095638,0,1,0,0,22-350-0516,False,False,428,12/16/2022 3:28:00 PM,No Pedestrians Involved,Dry,No Unusual Conditions,Daylight,Violation Driver 1,Controls Functioning,Clear,Vehicle/Bike,Non-Related,Bike,Not Applicable,Not Applicable,South Of,,False,False,76053,JACKSON AV,MCKEE RD,37.36525882,-121.85012
1960,698986,CR-0000100290,1,0,0,0,23-358-0308,False,False,382,12/24/2023 11:10:00 AM,No Pedestrians Involved,Dry,No Unusual Conditions,Daylight,Bike At Fault,No Controls Present/Factor,Clear,Vehicle/Bike,Non-Related,Bike,Not Applicable,Not Applicable,East Of,BIKE,False,False,76053,JACKSON AV,MCKEE RD,37.36525882,-121.85012
1961,698744,CR-0000099996,2,0,0,0,23-260-0014,False,False,55,9/17/2023 12:18:00 AM,No Pedestrians Involved,Dry,No Unusual Conditions,Dark - Street Light,Violation Driver 1,Controls Functioning,Clear,Rear End,Non-Related,Other Vehicle,Not Applicable,Not Applicable,East Of,,True,False,76053,JACKSON AV,MCKEE RD,37.36525882,-121.85012
1962,699332,CR-0000100659,0,0,0,0,23-178-4000,False,True,51,6/26/2023 3:00:00 PM,No Pedestrians Involved,Unknown,Unknown,Unknown,Unknown,Unknown,Unknown,Other,Non-Related,Other Vehicle,Not Applicable,Not Applicable,Unknown,,False,False,76053,JACKSON AV,MCKEE RD,37.36525882,-121.85012
1963,699361,CR-0000100688,0,0,0,0,23-199-9708,False,True,0,7/17/2023 8:04:00 PM,No Pedestrians Involved,Dry,No Unusual Conditions,Daylight,Unknown,Controls Functioning,Clear,Sideswipe,Intersection,Other Vehicle,Not Applicable,Not Applicable,At,,False,False,76053,JACKSON AV,MCKEE RD,37.36525882,-121.85012
1964,695793,CR-0000098858,1,0,0,0,23-266-0873,False,False,,9/23/2023 10:44:00 PM,No Pedestrians Involved,Dry,No Unusual Conditions,Dark - Street Light,Violation Driver 1,Controls Functioning,Clear,Rear End,Related,Other Vehicle,Not Applicable,Not Applicable,East Of,,True,True,76053,JACKSON AV,MCKEE RD,37.36525882,-121.85012
1965,696078,CR-0000099213,0,0,0,0,23-025-4003,False,True,,1/25/2023 2:10:00 PM,No Pedestrians Involved,Unknown,Unknown,Unknown,Unknown,Unknown,Unknown,Rear End,Related,Other Vehicle,Not Applicable,Not Applicable,East Of,,False,False,76053,JACKSON AV,MCKEE RD,37.36525882,-121.85012
1966,711762,CR-0000101017,0,0,0,0,23-250-0392,False,False,375,9/7/2023 11:56:00 AM,No Pedestrians Involved,Dry,No Unusual Conditions,Daylight,Violation Driver 1,No Controls Present/Factor,Clear,Sideswipe,Non-Related,Other Vehicle,Not Applicable,Not Applicable,East Of,,False,False,76053,JACKSON AV,MCKEE RD,37.36525882,-121.85012
1967,711578,CR-0000101522,0,0,0,0,23-338-0298,False,False,102,12/4/2023 10:07:00 AM,No Pedestrians Involved,Dry,No Unusual Conditions,Daylight,Violation Driver 1,Controls Functioning,Clear,Sideswipe,Non-Related,Other Vehicle,Not Applicable,Not Applicable,East Of,,False,False,76053,JACKSON AV,MCKEE RD,37.36525882,-121.85012
1968,699475,CR-0000100772,1,0,0,0,23-202-0565,False,False,0,7/21/2023 2:00:00 PM,No Pedestrians Involved,Dry,No Unusual Conditions,Daylight,Violation Driver 1,Controls Functioning,Clear,Head On,Intersection,Other Vehicle,Not Applicable,Not Applicable,At,,False,False,76053,JACKSON AV,MCKEE RD,37.36525882,-121.85012
1969,699437,CR-0000100794,0,0,0,0,23-207-0389,False,False,0,7/26/2023 11:53:00 AM,No Pedestrians Involved,Dry,No Unusual Conditions,Daylight,Unknown,No Controls Present/Factor,Clear,Hit Object,Intersection,Fixed Object,Not Applicable,Not Applicable,At,GAS MAIN,False,False,76053,JACKSON AV,MCKEE RD,37.36525882,-121.85012
1970,716108,CR-0000102066,0,0,0,0,24-017-9703,False,True,51,1/10/2024 6:20:00 PM,No Pedestrians Involved,Wet,No Unusual Conditions,Dark - Street Light,Unknown,Controls Functioning,Rain,Sideswipe,Non-Related,Other Vehicle,Not Applicable,Not Applicable,East Of,,False,False,76053,JACKSON AV,MCKEE RD,37.36525882,-121.85012
1971,717413,CR-0000102426,0,0,0,0,24-012-9703,False,True,0,12/28/2023 8:40:00 PM,No Pedestrians Involved,Dry,No Unusual Conditions,Dark - Street Light,Unknown,Controls Functioning,Clear,Sideswipe,Intersection,Other Vehicle,Not Applicable,Not Applicable,At,,False,False,76053,JACKSON AV,MCKEE RD,37.36525882,-121.85012
1972,719690,CR-0000102861,0,0,0,0,24-012-0118,False,False,40,1/12/2024 7:28:00 AM,No Pedestrians Involved,Dry,No Unusual Conditions,Dark - Street Light,Violation Driver 1,Controls Functioning,Clear,Head On,Related,Other Vehicle,Not Applicable,Not Applicable,North Of,,False,True,76053,JACKSON AV,MCKEE RD,37.36525882,-121.85012
1973,722153,CR-0000103419,0,0,0,0,24-073-9706,False,True,51,3/13/2024 1:16:00 PM,No Pedestrians Involved,Dry,No Unusual Conditions,Daylight,Unknown,No Controls Present/Factor,Clear,Rear End,Non-Related,Other Vehicle,Not Applicable,Not Applicable,West Of,,False,False,76053,JACKSON AV,MCKEE RD,37.36525882,-121.85012
1974,698737,CR-0000099989,0,1,0,0,23-267-0513,False,False,471,9/24/2023 4:39:00 PM,No Pedestrians Involved,Dry,No Unusual Conditions,Daylight,Violation Driver 1,No Controls Present/Factor,Clear,Sideswipe,Non-Related,Parked Vehicle,Not Applicable,Not Applicable,North Of,,False,False,83522,LEXINGTON DR,VALLEY FORGE WY,37.29740532,-121.9554749
1975,682164,CR-0000091746,0,0,0,0,22-062-0609,False,False,98,3/3/2022 3:01:00 PM,No Pedestrians Involved,Dry,No Unusual Conditions,Dusk - Dawn,Violation Driver 1,No Controls Present/Factor,Cloudy,Rear End,Non-Related,Parked Vehicle,Not Applicable,Not Applicable,East Of,,False,True,27741,CADILLAC DR,LEXINGTON DR,37.29666202,-121.9553634
1976,689674,CR-0000095656,0,0,1,0,22-321-0297,False,False,0,11/17/2022 10:24:00 AM,Crossing - Not In Crosswalk,Dry,Construction - Repair Zone,Daylight,Pedestrian At Fault,No Controls Present/Factor,Clear,Vehicle/Pedestrian,Intersection,Pedestrian,West,East,At,PED,False,False,52470,DRIFTWOOD DR,WINCHESTER BL,37.29839749,-121.9499199
1977,694572,CR-0000098596,0,1,0,0,23-201-0673,False,False,0,7/20/2023 5:50:00 PM,No Pedestrians Involved,Dry,No Unusual Conditions,Daylight,Bike At Fault,No Controls Present/Factor,Clear,Vehicle/Bike,Intersection,Bike,Not Applicable,Not Applicable,At,BIKE,False,False,52470,DRIFTWOOD DR,WINCHESTER BL,37.29839749,-121.9499199
1978,689817,CR-0000095840,0,1,0,0,22-349-0725,False,False,154,12/15/2022 6:10:00 PM,No Pedestrians Involved,Dry,No Unusual Conditions,Dark - Street Light,Violation Driver 1,No Controls Present/Factor,Clear,Sideswipe,Non-Related,Parked Vehicle,Not Applicable,Not Applicable,South Of,,False,False,68617,GREENOAK DR,WUNDERLICH DR,37.30835321,-121.9983091
1979,683002,CR-0000092540,0,0,0,0,22-171-0007,False,False,108,6/20/2022 12:07:00 AM,No Pedestrians Involved,Dry,No Unusual Conditions,Dark - Street Light,Violation Driver 1,No Controls Present/Factor,Clear,Rear End,Non-Related,Parked Vehicle,Not Applicable,Not Applicable,West Of,,False,True,55208,EL LISA DR,HILLVIEW AV,37.24748929,-121.8622161
1980,681009,CR-0000090339,0,0,0,2,22-097-0825,False,False,0,4/7/2022 6:26:00 PM,Crossing In Crosswalk - At Intersection,Dry,No Unusual Conditions,Daylight,Violation Driver 1,Controls Functioning,Clear,Vehicle/Pedestrian,Intersection,Pedestrian,North,South,At,2 pedestrian fatalities.,False,True,96964,OAKTON CT,OCALA AV,37.34232084,-121.8156027
1981,683431,CR-0000093027,0,0,0,0,22-162-9701,False,True,0,6/10/2022 3:00:00 PM,No Pedestrians Involved,Dry,No Unusual Conditions,Daylight,Unknown,No Controls Present/Factor,Clear,Sideswipe,Intersection,Other Vehicle,Not Applicable,Not Applicable,At,,False,True,132076,FOXWORTHY AV/PEARL AV,HILLSDALE AV,37.27781416,-121.8717913
1982,690563,CR-0000096684,0,1,0,0,23-021-0339,False,False,432,1/21/2023 12:11:00 PM,No Pedestrians Involved,Dry,No Unusual Conditions,Daylight,Violation Driver 1,Controls Functioning,Clear,Sideswipe,Non-Related,Other Vehicle,Not Applicable,Not Applicable,North Of,,False,False,132076,FOXWORTHY AV/PEARL AV,HILLSDALE AV,37.27781416,-121.8717913
1983,697577,CR-0000099788,0,2,0,0,23-257-0974,True,False,45,9/14/2023 10:31:00 PM,No Pedestrians Involved,Unknown,No Unusual Conditions,Dark - Street Light,Violation Driver 1,Controls Functioning,Clear,Hit Object,Related,Fixed Object,Not Applicable,Not Applicable,East Of,SIGN,True,False,132076,FOXWORTHY AV/PEARL AV,HILLSDALE AV,37.27781416,-121.8717913
1984,712115,CR-0000100909,0,0,0,0,23-198-4006,False,True,51,7/15/2023 3:50:00 AM,No Pedestrians Involved,Unknown,Unknown,Unknown,Unknown,Unknown,Unknown,Other,Non-Related,Other Vehicle,Not Applicable,Not Applicable,Unknown,,False,False,132076,FOXWORTHY AV/PEARL AV,HILLSDALE AV,37.27781416,-121.8717913