_id,CrashFactId,Name,MinorInjuries,ModerateInjuries,SevereInjuries,FatalInjuries,TcrNumber,CityDamageFlag,ShortFormFlag,Distance,CrashDateTime,PedestrianAction,RoadwaySurface,RoadwayCondition,Lighting,PrimaryCollisionFactor,TrafficControl,Weather,CollisionType,ProximityToIntersection,VehicleInvolvedWith,PedestrianDirectionFrom,PedestrianDirectionTo,DirectionFromIntersection,Comment,SpeedingFlag,HitAndRunFlag,IntersectionNumber,AStreetName,BStreetName,Latitude,Longitude
1985,682638,CR-0000092214,0,0,0,0,22-154-0603,False,False,51,6/3/2022 3:59:00 PM,No Pedestrians Involved,Dry,No Unusual Conditions,Daylight,Violation Driver 1,Controls Functioning,Clear,Rear End,Non-Related,Other Vehicle,Not Applicable,Not Applicable,South Of,,False,True,90683,MERIDIAN AV,PORTOBELO DR,37.25374905,-121.8970344
1986,690281,CR-0000096373,0,0,0,0,22-314-0922,False,False,30,11/10/2022 9:00:00 PM,No Pedestrians Involved,Dry,No Unusual Conditions,Dark - Street Light,Violation Driver 1,No Controls Present/Factor,Clear,Rear End,Related,Parked Vehicle,Not Applicable,Not Applicable,North Of,,False,True,89726,MCKINLEY AV,ST ELIZABETH DR,37.30714564,-121.9164282
1987,699185,CR-0000100505,0,0,0,0,23-180-0886,False,False,197,6/29/2023 10:00:00 AM,No Pedestrians Involved,Dry,No Unusual Conditions,Dark - Street Light,Violation Driver 1,No Controls Present/Factor,Clear,Sideswipe,Non-Related,Parked Vehicle,Not Applicable,Not Applicable,West Of,,True,False,89495,MCGINNESS AV,TANGLEWOOD DR,37.34557409,-121.8194506
1988,681170,CR-0000090545,0,0,0,0,22-016-0004,False,False,0,1/16/2022 12:04:00 AM,No Pedestrians Involved,Dry,No Unusual Conditions,Dark - Street Light,Violation Driver 1,No Controls Present/Factor,Clear,Rear End,Intersection,Parked Vehicle,Not Applicable,Not Applicable,At,,False,False,55241,EL MONTE WY,MCGINNESS AV,37.34391259,-121.81708
1989,715934,CR-0000101761,0,0,0,0,23-230-0214,False,False,268,8/15/2023 8:32:00 AM,No Pedestrians Involved,Dry,No Unusual Conditions,Daylight,Violation Driver 1,Controls Functioning,Clear,Sideswipe,Non-Related,Parked Vehicle,Not Applicable,Not Applicable,North Of,,True,True,55241,EL MONTE WY,MCGINNESS AV,37.34391259,-121.81708
1990,684691,CR-0000093319,0,0,1,0,22-172-0972,True,False,54,6/22/2022 9:53:00 PM,No Pedestrians Involved,Dry,No Unusual Conditions,Dark - Street Light,Violation Driver 1,No Controls Present/Factor,Clear,Hit Object,Non-Related,Fixed Object,Not Applicable,Not Applicable,North Of,TREE,True,False,25288,BRIDGET DR,NARVAEZ AV,37.27266511,-121.8611167
1991,690544,CR-0000096665,0,0,1,0,23-018-0969,True,False,22,1/18/2023 10:49:00 PM,No Pedestrians Involved,Dry,No Unusual Conditions,Dark - Street Light,Violation Driver 1,No Controls Present/Factor,Cloudy,Hit Object,Related,Fixed Object,Not Applicable,Not Applicable,North Of,,True,False,25288,BRIDGET DR,NARVAEZ AV,37.27266511,-121.8611167
1992,691278,CR-0000097523,0,0,0,0,23-046-9705,False,True,240,2/10/2023 8:54:00 AM,No Pedestrians Involved,Dry,No Unusual Conditions,Daylight,Unknown,No Controls Present/Factor,Clear,Other,Non-Related,Parked Vehicle,Not Applicable,Not Applicable,East Of,,False,False,28742,CALIFORNIA AV,LINCOLN AV,37.30222517,-121.8956061
1993,694164,CR-0000098076,1,0,0,0,23-076-0154,True,False,27,3/17/2023 6:42:00 AM,No Pedestrians Involved,Dry,No Unusual Conditions,Dusk - Dawn,Violation Driver 1,Controls Functioning,Fog,Hit Object,Related,Fixed Object,Not Applicable,Not Applicable,West Of,,False,False,37465,CHERRY AV,CURTNER AV,37.28619303,-121.8979308
1994,694570,CR-0000098594,0,0,0,0,23-201-0252,False,False,0,7/20/2023 9:15:00 AM,No Pedestrians Involved,Dry,No Unusual Conditions,Daylight,Bike At Fault,Controls Functioning,Clear,Vehicle/Bike,Intersection,Bike,Not Applicable,Not Applicable,At,BIKE,False,False,37465,CHERRY AV,CURTNER AV,37.28619303,-121.8979308
1995,695943,CR-0000099076,0,0,0,0,23-219-9707,False,True,,8/6/2023 7:30:00 AM,No Pedestrians Involved,Dry,No Unusual Conditions,Daylight,Unknown,Unknown,Clear,Sideswipe,Related,Other Vehicle,Not Applicable,Not Applicable,North Of,,False,False,37465,CHERRY AV,CURTNER AV,37.28619303,-121.8979308
1996,717459,CR-0000102483,1,0,0,0,24-080-0770,True,False,89,3/20/2024 6:31:00 PM,No Pedestrians Involved,Dry,No Unusual Conditions,Daylight,Violation Driver 1,No Controls Present/Factor,Clear,Hit Object,Non-Related,Fixed Object,Not Applicable,Not Applicable,West Of,SIGN,True,False,37465,CHERRY AV,CURTNER AV,37.28619303,-121.8979308
1997,719620,CR-0000102780,0,0,0,0,23-078-4004,False,False,51,3/19/2023 4:17:00 AM,No Pedestrians Involved,Unknown,Unknown,Unknown,Unknown,Unknown,Unknown,Other,Non-Related,Parked Vehicle,Not Applicable,Not Applicable,Unknown,,False,False,23231,BRAHMS AV,EDGEFORT CT,37.3213856,-121.819344
1998,719607,CR-0000102764,0,0,0,0,23-072-4009,False,True,51,3/13/2023 7:45:00 PM,No Pedestrians Involved,Unknown,Unknown,Unknown,Unknown,Unknown,Unknown,Rear End,Non-Related,Parked Vehicle,Not Applicable,Not Applicable,West Of,,False,False,23231,BRAHMS AV,EDGEFORT CT,37.3213856,-121.819344
1999,697622,CR-0000099835,0,1,0,0,23-295-0568,False,False,384,10/22/2022 3:05:00 PM,No Pedestrians Involved,Wet,No Unusual Conditions,Daylight,Violation Driver 1,No Controls Present/Factor,Rain,Broadside,Non-Related,Other Vehicle,Not Applicable,Not Applicable,North Of,,False,False,54328,EDGEBANK DR,QUIMBY RD,37.32424697,-121.8183579
2000,712147,CR-0000101438,0,0,0,0,23-346-0096,True,False,37,12/13/2023 8:02:00 AM,No Pedestrians Involved,Dry,No Unusual Conditions,Dark - Street Light,Violation Driver 1,No Controls Present/Factor,Clear,Hit Object,Related,Fixed Object,Not Applicable,Not Applicable,North Of,LIGHTPOLE,True,False,54328,EDGEBANK DR,QUIMBY RD,37.32424697,-121.8183579
2001,688780,CR-0000094624,0,0,0,0,22-293-4000,False,True,0,10/7/2022 5:00:00 AM,No Pedestrians Involved,Unknown,Unknown,Unknown,Unknown,Unknown,Unknown,Sideswipe,Intersection,Other Vehicle,Not Applicable,Not Applicable,At,,False,False,72995,HILLSDALE AV,JULIO AV,37.26598476,-121.9107455
2002,689547,CR-0000095524,1,0,0,0,22-349-0169,False,False,0,12/15/2022 8:00:00 AM,No Pedestrians Involved,Dry,No Unusual Conditions,Daylight,Violation Driver 1,Controls Functioning,Clear,Vehicle/Bike,Intersection,Bike,Not Applicable,Not Applicable,At,BIKE,False,False,5719,ALMOND BLOSSOM LN,LILAC BLOSSOM LN,37.23344203,-121.9069888
2003,690141,CR-0000096232,0,0,0,0,22-326-0487,False,False,60,11/22/2022 2:19:00 PM,No Pedestrians Involved,Dry,No Unusual Conditions,Daylight,Violation Driver 1,No Controls Present/Factor,Clear,Head On,Non-Related,Parked Vehicle,Not Applicable,Not Applicable,East Of,,False,False,29820,CAMDEN AV,DONNA LN,37.26108546,-121.9189201
2004,689282,CR-0000095229,2,1,0,0,22-312-0675,False,False,360,11/8/2022 5:56:00 PM,No Pedestrians Involved,Wet,No Unusual Conditions,Dark - Street Light,Violation Driver 1,Controls Functioning,Cloudy,Rear End,Non-Related,Other Vehicle,Not Applicable,Not Applicable,West Of,,True,False,20569,BLOSSOM HILL RD,WINFIELD BL,37.25040965,-121.8665501
2005,684866,CR-0000093575,0,1,0,0,22-198-0904,False,False,510,7/17/2022 10:05:00 PM,No Pedestrians Involved,Dry,No Unusual Conditions,Dark - Street Light,Violation Driver 1,No Controls Present/Factor,Clear,Head On,Non-Related,Other Vehicle,Not Applicable,Not Applicable,South Of,,False,False,20569,BLOSSOM HILL RD,WINFIELD BL,37.25040965,-121.8665501
2006,685017,CR-0000093686,0,1,0,0,22-210-0874,False,False,970,7/29/2022 8:14:00 PM,No Pedestrians Involved,Dry,No Unusual Conditions,Daylight,Bike At Fault,No Controls Present/Factor,Cloudy,Vehicle/Bike,Non-Related,Bike,Not Applicable,Not Applicable,South Of,BIKE,False,False,20569,BLOSSOM HILL RD,WINFIELD BL,37.25040965,-121.8665501
2007,682707,CR-0000092285,0,0,0,0,22-149-9702,False,True,,5/28/2022 6:53:00 PM,No Pedestrians Involved,Dry,No Unusual Conditions,Daylight,Unknown,Controls Functioning,Clear,Sideswipe,Related,Other Vehicle,Not Applicable,Not Applicable,East Of,,False,False,20569,BLOSSOM HILL RD,WINFIELD BL,37.25040965,-121.8665501
2008,689942,CR-0000095955,0,0,1,0,22-362-0882,True,False,450,12/28/2022 11:40:00 PM,No Pedestrians Involved,Wet,No Unusual Conditions,Dark - Street Light,Violation Driver 1,Controls Functioning,Rain,Hit Object,Non-Related,Fixed Object,Not Applicable,Not Applicable,East Of,"Tree, Median",True,False,20569,BLOSSOM HILL RD,WINFIELD BL,37.25040965,-121.8665501
2009,694528,CR-0000098522,4,0,0,0,23-193-0866,False,False,329,7/12/2023 9:05:00 PM,No Pedestrians Involved,Dry,No Unusual Conditions,Dark - Street Light,Violation Driver 1,Controls Functioning,Clear,Broadside,Non-Related,Other Vehicle,Not Applicable,Not Applicable,West Of,,False,False,20569,BLOSSOM HILL RD,WINFIELD BL,37.25040965,-121.8665501
2010,694463,CR-0000098428,1,0,0,0,23-152-0977,False,False,0,6/1/2023 10:07:00 PM,No Pedestrians Involved,Dry,No Unusual Conditions,Dark - Street Light,Violation Driver 1,Controls Functioning,Clear,Head On,Intersection,Other Vehicle,Not Applicable,Not Applicable,At,,False,False,20569,BLOSSOM HILL RD,WINFIELD BL,37.25040965,-121.8665501
2011,695814,CR-0000098879,1,0,0,0,23-257-0082,False,False,0,9/14/2023 2:45:00 AM,No Pedestrians Involved,Dry,No Unusual Conditions,Dark - Street Light,Violation Driver 1,No Controls Present/Factor,Clear,Vehicle/Bike,Intersection,Bike,Not Applicable,Not Applicable,At,,False,True,20569,BLOSSOM HILL RD,WINFIELD BL,37.25040965,-121.8665501
2012,698725,CR-0000099974,0,0,0,2,23-297-0817,False,False,0,10/24/2023 8:42:00 PM,No Pedestrians Involved,Dry,No Unusual Conditions,Dark - Street Light,Unknown,Controls Functioning,Clear,Other,Intersection,Other Vehicle,Not Applicable,Not Applicable,At,,False,True,20569,BLOSSOM HILL RD,WINFIELD BL,37.25040965,-121.8665501
2013,698729,CR-0000099978,0,1,0,0,23-252-0539,False,False,,9/9/2023 3:20:00 PM,No Pedestrians Involved,Dry,No Unusual Conditions,Daylight,Violation Driver 1,No Controls Present/Factor,Clear,Other,Related,Motorcycle,Not Applicable,Not Applicable,South Of,,True,False,20569,BLOSSOM HILL RD,WINFIELD BL,37.25040965,-121.8665501
2014,722404,CR-0000103698,0,0,0,0,24-099-9708,False,True,51,4/8/2024 10:45:00 AM,No Pedestrians Involved,Dry,Construction - Repair Zone,Daylight,Unknown,Controls Functioning,Clear,Sideswipe,Non-Related,Other Vehicle,Not Applicable,Not Applicable,West Of,,False,False,20569,BLOSSOM HILL RD,WINFIELD BL,37.25040965,-121.8665501
2015,682459,CR-0000092024,0,0,0,0,22-117-0737,False,False,0,4/27/2022 5:58:00 PM,No Pedestrians Involved,Dry,No Unusual Conditions,Daylight,Violation Driver 1,No Controls Present/Factor,Clear,Broadside,Intersection,Parked Vehicle,Not Applicable,Not Applicable,At,Apartment,True,False,135772,SANDPEBBLE DR,TIMBERLOOP DR,37.27625176,-121.8564748
2016,690366,CR-0000096462,0,0,0,0,22-311-4005,False,True,51,11/6/2022 8:30:00 PM,No Pedestrians Involved,Unknown,Unknown,Unknown,Unknown,Unknown,Unknown,Other,Non-Related,Animal,Not Applicable,Not Applicable,West Of,,False,False,30216,CAMDEN AV,MT FOREST DR,37.22246525,-121.8540531
2017,690524,CR-0000096648,1,0,0,0,23-028-0674,False,False,145,1/28/2023 6:58:00 PM,No Pedestrians Involved,Dry,No Unusual Conditions,Dark - Street Light,Violation Driver 1,No Controls Present/Factor,Clear,Sideswipe,Non-Related,Parked Vehicle,Not Applicable,Not Applicable,North Of,,True,False,127566,SANDPEBBLE DR,WOODMERE DR,37.27826168,-121.856541
2018,691161,CR-0000097363,0,0,1,0,23-046-0632,False,False,0,2/15/2023 3:17:00 PM,No Pedestrians Involved,Dry,No Unusual Conditions,Daylight,Violation Driver 1,No Controls Present/Factor,Clear,Hit Object,Intersection,Fixed Object,Not Applicable,Not Applicable,At,,False,False,127566,SANDPEBBLE DR,WOODMERE DR,37.27826168,-121.856541
2019,682631,CR-0000092207,0,0,0,0,22-152-0574,False,False,20,6/1/2022 2:49:00 PM,No Pedestrians Involved,Dry,No Unusual Conditions,Daylight,Violation Driver 1,Controls Functioning,Clear,Broadside,Related,Other Vehicle,Not Applicable,Not Applicable,North Of,,False,True,137510,ALMADEN FRONTAGE RD,IRONWOOD DR,37.28888382,-121.881093
2020,690129,CR-0000096201,0,0,0,0,22-346-0210,True,False,0,12/12/2022 8:13:00 AM,No Pedestrians Involved,Wet,No Unusual Conditions,Daylight,Violation Driver 1,Controls Functioning,Cloudy,Hit Object,Intersection,Fixed Object,Not Applicable,Not Applicable,At,light pole,False,False,137510,ALMADEN FRONTAGE RD,IRONWOOD DR,37.28888382,-121.881093
2021,694679,CR-0000098713,1,0,0,0,23-243-0092,False,False,117,8/31/2023 3:03:00 AM,No Pedestrians Involved,Dry,No Unusual Conditions,Dark - Street Light,Violation Driver 1,Controls Functioning,Clear,Head On,Non-Related,Other Vehicle,Not Applicable,Not Applicable,South Of,,False,True,137510,ALMADEN FRONTAGE RD,IRONWOOD DR,37.28888382,-121.881093
2022,691016,CR-0000097188,0,0,0,0,23-034-0513,False,False,182,2/3/2023 2:50:00 PM,No Pedestrians Involved,Wet,No Unusual Conditions,Daylight,Violation Driver 1,No Controls Present/Factor,Rain,Sideswipe,Non-Related,Parked Vehicle,Not Applicable,Not Applicable,South Of,,True,True,144108,ALTAMARA AV,VIA BORGHESE,37.31521757,-121.7732313
2023,692392,CR-0000097675,0,0,0,0,23-082-0324,False,False,48,3/23/2023 11:00:00 AM,No Pedestrians Involved,Dry,No Unusual Conditions,Daylight,Unknown,No Controls Present/Factor,Clear,Sideswipe,Related,Parked Vehicle,Not Applicable,Not Applicable,West Of,,False,True,83951,LINCOLN AV,NEVADA AV,37.30161772,-121.8950341
2024,695799,CR-0000098864,1,0,0,0,23-251-0805,False,False,0,9/9/2023 12:51:00 AM,No Pedestrians Involved,Dry,No Unusual Conditions,Daylight,Violation Driver 1,Controls Functioning,Clear,Rear End,Intersection,Other Vehicle,Not Applicable,Not Applicable,At,,True,False,90815,MERIDIAN AV,WILLOW ST,37.30388311,-121.9136023
2025,696354,CR-0000099511,0,0,0,1,23-268-0140,False,False,0,9/25/2023 6:21:00 AM,Crossing In Crosswalk - At Intersection,Dry,No Unusual Conditions,Dusk - Dawn,Pedestrian At Fault,Controls Functioning,Clear,Vehicle/Pedestrian,Intersection,Pedestrian,East,West,At,PED,False,False,90815,MERIDIAN AV,WILLOW ST,37.30388311,-121.9136023
2026,698751,CR-0000100003,0,1,0,0,23-263-0706,False,False,0,9/20/2023 5:54:00 PM,No Pedestrians Involved,Dry,No Unusual Conditions,Dusk - Dawn,Bike At Fault,No Controls Present/Factor,Cloudy,Vehicle/Bike,Intersection,Bike,Not Applicable,Not Applicable,At,BIKE,False,False,90815,MERIDIAN AV,WILLOW ST,37.30388311,-121.9136023
2027,719789,CR-0000102955,0,0,0,0,24-034-0121,False,False,35,2/3/2024 3:02:00 AM,No Pedestrians Involved,Wet,No Unusual Conditions,Dark - Street Light,Violation Driver 1,Controls Functioning,Clear,Hit Object,Related,Fixed Object,Not Applicable,Not Applicable,North Of,BUILDING,True,False,90815,MERIDIAN AV,WILLOW ST,37.30388311,-121.9136023
2028,689520,CR-0000095497,0,0,0,0,22-357-0249,False,False,0,12/23/2022 10:32:00 AM,No Pedestrians Involved,Dry,No Unusual Conditions,Daylight,Violation Driver 1,No Controls Present/Factor,Clear,Sideswipe,Intersection,Parked Vehicle,Not Applicable,Not Applicable,At,,False,False,90672,MERIDIAN WY,PEDRO ST,37.31286382,-121.9136426
2029,683261,CR-0000092862,0,0,0,0,22-131-0949,False,False,18,5/11/2022 11:30:00 PM,No Pedestrians Involved,Dry,No Unusual Conditions,Dark - Street Light,Violation Driver 1,No Controls Present/Factor,Clear,Sideswipe,Related,Parked Vehicle,Not Applicable,Not Applicable,South Of,,False,True,13287,BARLOW AV,LEEWARD DR,37.34465826,-121.826755
2030,694285,CR-0000098127,0,1,0,0,23-127-0998,False,False,16,5/7/2023 11:29:00 PM,No Pedestrians Involved,Dry,Unknown,Dark - Street Light,Violation Driver 1,Controls Functioning,Clear,Vehicle/Bike,Related,Bike,Not Applicable,Not Applicable,South Of,BIKE,True,True,13287,BARLOW AV,LEEWARD DR,37.34465826,-121.826755
2031,685415,CR-0000094150,1,0,0,0,22-263-0853,False,False,47,9/20/2022 7:46:00 PM,No Pedestrians Involved,Dry,No Unusual Conditions,Dark - Street Light,Violation Driver 1,No Controls Present/Factor,Cloudy,Sideswipe,Related,Parked Vehicle,Not Applicable,Not Applicable,South Of,,True,False,82829,LEEWARD DR,POPLAR DR,37.34433663,-121.8258799
2032,685417,CR-0000094152,0,1,0,0,22-264-0542,False,False,0,9/21/2022 2:19:00 PM,Crossing In Crosswalk - At Intersection,Dry,No Unusual Conditions,Daylight,Violation Driver 1,No Controls Present/Factor,Clear,Vehicle/Pedestrian,Intersection,Pedestrian,East,West,At,PEDESTRIAN (SKATEBOARD),False,False,63172,FOXDALE DR,LEEWARD DR,37.34383475,-121.8250822
2033,690806,CR-0000096945,0,0,0,0,23-010-1053,False,False,142,1/10/2023 10:32:00 PM,No Pedestrians Involved,Wet,No Unusual Conditions,Dark - Street Light,Violation Driver 1,No Controls Present/Factor,Clear,Broadside,Non-Related,Other Vehicle,Not Applicable,Not Applicable,South Of,,True,True,63172,FOXDALE DR,LEEWARD DR,37.34383475,-121.8250822
2034,685294,CR-0000093974,0,0,0,0,22-263-0140,True,False,198,9/20/2022 5:45:00 AM,No Pedestrians Involved,Dry,No Unusual Conditions,Dusk - Dawn,Violation Driver 1,No Controls Present/Factor,Clear,Hit Object,Non-Related,Fixed Object,Not Applicable,Not Applicable,West Of,LIGHT POLE (12R396),True,False,114344,LAKE CUNNINGHAM,TULLY RD,37.3331481,-121.8072725
2035,694441,CR-0000098406,0,0,1,0,23-160-0635,False,False,488,6/9/2023 5:59:00 PM,No Pedestrians Involved,Dry,No Unusual Conditions,Daylight,Violation Driver 1,No Controls Present/Factor,Clear,Hit Object,Non-Related,Fixed Object,Not Applicable,Not Applicable,East Of,CURB,True,False,114344,LAKE CUNNINGHAM,TULLY RD,37.3331481,-121.8072725
2036,696560,CR-0000099757,0,0,0,1,23-188-0487,False,False,250,7/7/2023 2:26:00 PM,Crossing - Not In Crosswalk,Dry,No Unusual Conditions,Daylight,Violation Driver 1,Controls Functioning,Clear,Vehicle/Pedestrian,Non-Related,Pedestrian,West,East,South Of,PED,False,True,26861,BUCKNER DR,WHITE RD,37.35857591,-121.8213407
2037,698925,CR-0000100227,3,0,0,0,23-330-0450,False,False,43,11/26/2023 2:30:00 PM,No Pedestrians Involved,Dry,No Unusual Conditions,Daylight,Unknown,No Controls Present/Factor,Clear,Broadside,Related,Other Vehicle,Not Applicable,Not Applicable,South Of,,False,False,26861,BUCKNER DR,WHITE RD,37.35857591,-121.8213407
2038,699217,CR-0000100538,0,0,0,0,23-176-9703,False,True,0,6/24/2023 1:30:00 PM,No Pedestrians Involved,Dry,Unknown,Daylight,Violation Driver 1,Controls Functioning,Clear,Sideswipe,Intersection,Other Vehicle,Not Applicable,Not Applicable,At,,False,False,26861,BUCKNER DR,WHITE RD,37.35857591,-121.8213407
2039,699126,CR-0000100442,0,0,0,0,23-178-0427,True,False,28,6/27/2023 12:36:00 PM,No Pedestrians Involved,Dry,No Unusual Conditions,Daylight,Violation Driver 1,No Controls Present/Factor,Clear,Hit Object,Related,Other Object,Not Applicable,Not Applicable,West Of,TREE,False,False,26861,BUCKNER DR,WHITE RD,37.35857591,-121.8213407
2040,716073,CR-0000102039,0,1,0,0,24-015-0354,False,False,0,1/15/2024 11:29:00 AM,No Pedestrians Involved,Dry,No Unusual Conditions,Daylight,Violation Driver 1,No Controls Present/Factor,Clear,Broadside,Intersection,Fixed Object,Not Applicable,Not Applicable,At,,False,False,26861,BUCKNER DR,WHITE RD,37.35857591,-121.8213407
2041,684993,CR-0000093660,0,1,1,0,22-224-0966,False,False,80,8/12/2022 9:57:00 PM,No Pedestrians Involved,Dry,No Unusual Conditions,Dusk - Dawn,Unknown,Controls Functioning,Clear,Head On,Non-Related,Motorcycle,Not Applicable,Not Applicable,South Of,,False,False,113398,WESTBORO DR,WHITE RD,37.3598091,-121.8224947
2042,687573,CR-0000094364,0,1,0,0,22-252-0273,False,False,67,9/9/2022 9:18:00 AM,No Pedestrians Involved,Dry,No Unusual Conditions,Daylight,Violation Driver 1,Unknown,Clear,Other,Non-Related,Other Vehicle,Not Applicable,Not Applicable,North Of,,False,False,113398,WESTBORO DR,WHITE RD,37.3598091,-121.8224947
2043,682815,CR-0000092378,1,0,0,0,22-169-0499,False,False,428,6/18/2022 2:16:00 PM,No Pedestrians Involved,Dry,No Unusual Conditions,Daylight,Violation Driver 1,No Controls Present/Factor,Clear,Rear End,Non-Related,Other Vehicle,Not Applicable,Not Applicable,North Of,,True,False,113398,WESTBORO DR,WHITE RD,37.3598091,-121.8224947
2044,696338,CR-0000099494,0,1,0,0,23-292-0305,True,False,35,10/19/2023 10:35:00 AM,No Pedestrians Involved,Dry,No Unusual Conditions,Daylight,Violation Driver 1,No Controls Present/Factor,Clear,Hit Object,Related,Fixed Object,Not Applicable,Not Applicable,East Of,TREE/CURB,True,False,113398,WESTBORO DR,WHITE RD,37.3598091,-121.8224947
2045,691247,CR-0000097472,0,0,0,0,23-050-0126,False,False,87,2/19/2023 3:02:00 AM,No Pedestrians Involved,Dry,No Unusual Conditions,Dark - Street Light,Violation Driver 1,Controls Functioning,Clear,Hit Object,Non-Related,Fixed Object,Not Applicable,Not Applicable,North Of,Telephone Pole,False,False,113398,WESTBORO DR,WHITE RD,37.3598091,-121.8224947
2046,691325,CR-0000097572,0,1,0,0,23-062-0582,False,False,0,3/3/2023 5:27:00 PM,No Pedestrians Involved,Dry,No Unusual Conditions,Daylight,Violation Driver 1,Controls Functioning,Clear,Head On,Intersection,Other Vehicle,Not Applicable,Not Applicable,At,,False,False,113398,WESTBORO DR,WHITE RD,37.3598091,-121.8224947
2047,719855,CR-0000103028,0,0,0,0,24-042-9702,False,True,51,2/10/2024 8:10:00 PM,No Pedestrians Involved,Dry,No Unusual Conditions,Dark - Street Light,Unknown,No Controls Present/Factor,Clear,Sideswipe,Non-Related,Other Vehicle,Not Applicable,Not Applicable,North Of,,False,False,113398,WESTBORO DR,WHITE RD,37.3598091,-121.8224947
2048,685295,CR-0000093976,0,0,0,0,22-263-0196,False,False,0,9/20/2022 8:30:00 AM,No Pedestrians Involved,Dry,Unknown,Daylight,Violation Driver 1,Controls Functioning,Cloudy,Broadside,Intersection,Other Vehicle,Not Applicable,Not Applicable,At,,False,False,9460,ARTHUR AV,LANCELOT LN,37.35785025,-121.8144487
2049,719630,CR-0000102789,0,0,0,0,24-004-0644,False,False,0,1/4/2024 5:22:00 PM,No Pedestrians Involved,Dry,No Unusual Conditions,Dark - Street Light,Violation Driver 1,No Controls Present/Factor,Clear,Sideswipe,Intersection,Motorcycle,Not Applicable,Not Applicable,At,,False,True,143915,LYNDALE AV,WILBUR AV,37.36004311,-121.8268466
2050,719631,CR-0000102790,0,0,0,0,24-004-0768,False,False,120,1/4/2024 7:50:00 PM,No Pedestrians Involved,Dry,No Unusual Conditions,Dark - Street Light,Violation Driver 1,No Controls Present/Factor,Clear,Sideswipe,Non-Related,Other Vehicle,Not Applicable,Not Applicable,North Of,,False,True,143915,LYNDALE AV,WILBUR AV,37.36004311,-121.8268466
2051,690553,CR-0000096675,0,0,0,0,23-002-0371,False,False,0,1/2/2023 12:20:00 PM,No Pedestrians Involved,Dry,No Unusual Conditions,Daylight,Violation Driver 1,Controls Functioning,Cloudy,Rear End,Intersection,Other Vehicle,Not Applicable,Not Applicable,At,,True,True,32735,CAPITOL AV,WILBUR AV,37.35795267,-121.8319245
2052,696281,CR-0000099437,1,0,0,0,23-262-0700,False,False,0,9/19/2023 6:00:00 PM,No Pedestrians Involved,Dry,Unknown,Unknown,Bike At Fault,Controls Functioning,Clear,Vehicle/Bike,Intersection,Bike,Not Applicable,Not Applicable,At,BIKE,False,False,32735,CAPITOL AV,WILBUR AV,37.35795267,-121.8319245
2053,696144,CR-0000099286,0,0,0,0,23-239-0185,False,False,288,8/27/2023 3:14:00 AM,No Pedestrians Involved,Dry,No Unusual Conditions,Dark - No Street Light,Unknown,Controls Functioning,Clear,Sideswipe,Non-Related,Parked Vehicle,Not Applicable,Not Applicable,East Of,,False,True,32735,CAPITOL AV,WILBUR AV,37.35795267,-121.8319245
2054,721954,CR-0000103208,0,0,0,0,24-032-0746,False,False,23,2/1/2024 6:12:00 PM,No Pedestrians Involved,Wet,No Unusual Conditions,Dark - Street Light,Violation Driver 1,Controls Functioning,Clear,Rear End,Related,Other Vehicle,Not Applicable,Not Applicable,North Of,,True,False,32735,CAPITOL AV,WILBUR AV,37.35795267,-121.8319245
2055,683291,CR-0000092877,0,0,0,0,22-139-0259,True,False,912,5/19/2022 11:53:00 AM,No Pedestrians Involved,Dry,No Unusual Conditions,Daylight,Violation Driver 1,No Controls Present/Factor,Clear,Hit Object,Non-Related,Fixed Object,Not Applicable,Not Applicable,East Of,"SJFD EMERGENCY VEHICLE, CURB",False,False,85810,LUCHESSI DR,SPEAK LN,37.25913614,-121.8782407
2056,712106,CR-0000101595,0,0,0,0,23-350-4000,False,True,51,12/16/2023 4:45:00 AM,No Pedestrians Involved,Unknown,Unknown,Unknown,Unknown,Unknown,Unknown,Other,Non-Related,Parked Vehicle,Not Applicable,Not Applicable,West Of,,False,False,89451,MCGINNESS AV/GRANITE CREEK PL,MERVYNS WY,37.35437373,-121.8266857
2057,682267,CR-0000091799,1,0,0,0,22-121-0663,False,False,0,5/1/2022 6:25:00 PM,No Pedestrians Involved,Dry,No Unusual Conditions,Daylight,Violation Driver 1,Controls Functioning,Clear,Head On,Intersection,Other Vehicle,Not Applicable,Not Applicable,At,,False,False,143923,DOVER WY,MARMONT WY,37.35655338,-121.8299004
2058,681409,CR-0000090799,0,0,0,0,22-024-0116,False,False,51,1/23/2022 4:05:00 AM,No Pedestrians Involved,Dry,No Unusual Conditions,Dark - Street Light,Violation Driver 1,Unknown,Clear,Sideswipe,Non-Related,Parked Vehicle,Not Applicable,Not Applicable,North Of,,True,False,32405,CAPITOL AV,HIGHWOOD DR,37.35565162,-121.830215
2059,716165,CR-0000102091,0,1,0,0,24-019-0695,False,False,0,1/19/2024 6:24:00 PM,No Pedestrians Involved,Dry,No Unusual Conditions,Dark - Street Light,Bike At Fault,No Controls Present/Factor,Clear,Vehicle/Bike,Intersection,Bike,Not Applicable,Not Applicable,At,BIKE,False,False,32405,CAPITOL AV,HIGHWOOD DR,37.35565162,-121.830215