_id,CrashFactId,Name,MinorInjuries,ModerateInjuries,SevereInjuries,FatalInjuries,TcrNumber,CityDamageFlag,ShortFormFlag,Distance,CrashDateTime,PedestrianAction,RoadwaySurface,RoadwayCondition,Lighting,PrimaryCollisionFactor,TrafficControl,Weather,CollisionType,ProximityToIntersection,VehicleInvolvedWith,PedestrianDirectionFrom,PedestrianDirectionTo,DirectionFromIntersection,Comment,SpeedingFlag,HitAndRunFlag,IntersectionNumber,AStreetName,BStreetName,Latitude,Longitude
2060,682089,CR-0000091594,0,0,0,0,22-069-0704,False,False,60,3/10/2022 6:16:00 PM,No Pedestrians Involved,Dry,No Unusual Conditions,Daylight,Violation Driver 1,Controls Functioning,Clear,Other,Non-Related,Animal,Not Applicable,Not Applicable,West Of,Dog,False,False,12627,BAMBI LN,CAPITOL FRONT AV,37.35346575,-121.8289329
2061,682521,CR-0000092088,1,0,0,0,22-094-0762,False,False,360,4/4/2022 6:58:00 PM,No Pedestrians Involved,Dry,No Unusual Conditions,Daylight,Violation Driver 1,No Controls Present/Factor,Clear,Vehicle/Bike,Non-Related,Bike,Not Applicable,Not Applicable,North Of,BIKE,False,False,12627,BAMBI LN,CAPITOL FRONT AV,37.35346575,-121.8289329
2062,682862,CR-0000092432,0,0,0,0,22-162-0247,False,False,350,6/10/2022 6:00:00 PM,No Pedestrians Involved,Dry,No Unusual Conditions,Daylight,Violation Driver 1,No Controls Present/Factor,Clear,Head On,Non-Related,Parked Vehicle,Not Applicable,Not Applicable,South Of,,True,True,12627,BAMBI LN,CAPITOL FRONT AV,37.35346575,-121.8289329
2063,689028,CR-0000094888,0,0,0,0,22-288-0753,False,False,810,10/15/2022 8:35:00 PM,No Pedestrians Involved,Dry,No Unusual Conditions,Dark - Street Light,Violation Driver 1,Controls Functioning,Clear,Rear End,Non-Related,Parked Vehicle,Not Applicable,Not Applicable,South Of,,False,False,12627,BAMBI LN,CAPITOL FRONT AV,37.35346575,-121.8289329
2064,690111,CR-0000096195,0,0,0,0,22-364-0965,False,False,152,12/30/2022 11:21:00 PM,No Pedestrians Involved,Wet,No Unusual Conditions,Dark - Street Light,Violation Driver 1,No Controls Present/Factor,Cloudy,Head On,Non-Related,Parked Vehicle,Not Applicable,Not Applicable,South Of,,True,True,12627,BAMBI LN,CAPITOL FRONT AV,37.35346575,-121.8289329
2065,695883,CR-0000099002,0,0,0,0,23-217-0702,False,True,,8/3/2023 8:20:00 AM,No Pedestrians Involved,Dry,No Unusual Conditions,Daylight,Unknown,No Controls Present/Factor,Clear,Rear End,Related,Other Vehicle,Not Applicable,Not Applicable,South Of,,False,False,32856,CAPITOL EX,MERVYNS WY,37.35388778,-121.8288486
2066,682826,CR-0000092405,0,0,0,0,22-133-4000,False,False,0,5/13/2022 10:10:00 AM,No Pedestrians Involved,Unknown,Unknown,Daylight,Violation Driver 1,Unknown,Unknown,Broadside,Intersection,Unknown,Not Applicable,Not Applicable,At,,False,False,25541,BRITTON AV,GLENN AV,37.30453881,-121.9045098
2067,696542,CR-0000099729,0,0,0,0,23-349-4001,False,True,0,12/13/2023 1:00:00 PM,No Pedestrians Involved,Unknown,Unknown,Unknown,Unknown,Unknown,Unknown,Vehicle/Bike,Intersection,Bike,Not Applicable,Not Applicable,At,BIKE,False,False,45308,CREEK DR,PINE AV,37.30169961,-121.8824179
2068,682739,CR-0000092321,0,0,0,0,22-131-4000,False,True,0,5/10/2022 3:36:00 AM,No Pedestrians Involved,Unknown,Unknown,Unknown,Unknown,Unknown,Unknown,Broadside,Intersection,Other Vehicle,Not Applicable,Not Applicable,At,,False,False,18710,BIRD AV,PINE AV,37.30171943,-121.8856712
2069,685283,CR-0000093963,1,0,0,0,22-255-0468,False,False,0,9/12/2022 12:50:00 PM,No Pedestrians Involved,Dry,No Unusual Conditions,Daylight,Violation Driver 1,Controls Functioning,Clear,Broadside,Intersection,Motor Vehicle On Other Roadway,Not Applicable,Not Applicable,At,,False,False,18710,BIRD AV,PINE AV,37.30171943,-121.8856712
2070,715990,CR-0000102000,1,0,0,0,24-007-0580,False,False,0,1/7/2024 6:33:00 PM,No Pedestrians Involved,Dry,No Unusual Conditions,Dark - Street Light,Violation Driver 1,No Controls Present/Factor,Clear,Broadside,Intersection,Other Vehicle,Not Applicable,Not Applicable,At,,False,False,18710,BIRD AV,PINE AV,37.30171943,-121.8856712
2071,689454,CR-0000095430,1,0,0,0,22-307-0247,False,False,0,11/3/2022 8:54:00 AM,No Pedestrians Involved,Dry,No Unusual Conditions,Daylight,Violation Driver 1,Controls Functioning,Clear,Vehicle/Bike,Intersection,Bike,Not Applicable,Not Applicable,At,BIKE,False,False,8513,ARBOR DR/BYERLEY AV,BIRD AV,37.29936332,-121.8838622
2072,682992,CR-0000092515,0,0,0,0,22-160-0358,False,False,130,6/9/2022 11:59:00 AM,No Pedestrians Involved,Dry,No Unusual Conditions,Daylight,Violation Driver 1,No Controls Present/Factor,Clear,Rear End,Non-Related,Parked Vehicle,Not Applicable,Not Applicable,East Of,,False,False,12649,BAMBI LN,GALAHAD AV,37.35280476,-121.831896
2073,681530,CR-0000090926,0,0,0,0,22-038-0003,False,False,298,2/7/2022 12:04:00 AM,No Pedestrians Involved,Dry,No Unusual Conditions,Dark - Street Light,Violation Driver 1,No Controls Present/Factor,Clear,Rear End,Non-Related,Parked Vehicle,Not Applicable,Not Applicable,East Of,,False,False,12649,BAMBI LN,GALAHAD AV,37.35280476,-121.831896
2074,722426,CR-0000103721,0,0,0,0,24-117-0874,False,False,95,4/26/2024 10:05:00 PM,No Pedestrians Involved,Dry,No Unusual Conditions,Dark - Street Light,Violation Driver 1,No Controls Present/Factor,Clear,Rear End,Non-Related,Parked Vehicle,Not Applicable,Not Applicable,West Of,,False,False,12649,BAMBI LN,GALAHAD AV,37.35280476,-121.831896
2075,682741,CR-0000092323,0,0,0,0,22-156-0011,True,False,36,6/5/2022 12:05:00 AM,No Pedestrians Involved,Dry,No Unusual Conditions,Dark - Street Light,Violation Driver 1,Controls Functioning,Clear,Head On,Related,Fixed Object,Not Applicable,Not Applicable,South Of,"SIGN, WALL",True,True,4894,ALMADEN EX,TRINIDAD DR,37.21568266,-121.8539467
2076,691113,CR-0000097307,0,0,0,0,23-045-4002,False,True,51,2/14/2023 4:00:00 PM,No Pedestrians Involved,Unknown,Unknown,Unknown,Unknown,Unknown,Unknown,Rear End,Non-Related,Other Vehicle,Not Applicable,Not Applicable,Unknown,,False,False,4894,ALMADEN EX,TRINIDAD DR,37.21568266,-121.8539467
2077,720910,CR-0000103137,0,0,0,0,24-031-0429,False,False,24,1/31/2024 1:00:00 PM,No Pedestrians Involved,Dry,No Unusual Conditions,Daylight,Violation Driver 1,Controls Functioning,Clear,Rear End,Related,Other Vehicle,Not Applicable,Not Applicable,North Of,,True,True,4894,ALMADEN EX,TRINIDAD DR,37.21568266,-121.8539467
2078,711840,CR-0000101324,0,0,0,0,23-344-0552,False,False,41,12/8/2023 10:30:00 PM,No Pedestrians Involved,Dry,No Unusual Conditions,Dark - Street Light,Violation Driver 1,No Controls Present/Factor,Clear,Other,Related,Parked Vehicle,Not Applicable,Not Applicable,Unknown,,False,True,79848,KINGMAN AV,MENKER AV,37.31335371,-121.9214388
2079,696507,CR-0000099694,0,0,0,0,23-204-0549,False,False,121,7/23/2023 2:37:00 PM,No Pedestrians Involved,Dry,No Unusual Conditions,Daylight,Violation Driver 1,No Controls Present/Factor,Clear,Broadside,Non-Related,Other Vehicle,Not Applicable,Not Applicable,North Of,,False,True,121813,N. ALMADEN BL,PLEASANT ST,37.33529483,-121.8965375
2080,716341,CR-0000102378,2,0,0,0,24-048-0777,False,False,36,2/17/2024 9:51:00 PM,No Pedestrians Involved,Wet,No Unusual Conditions,Dark - Street Light,Violation Driver 1,Controls Functioning,Rain,Sideswipe,Related,Other Vehicle,Not Applicable,Not Applicable,South Of,,False,True,121813,N. ALMADEN BL,PLEASANT ST,37.33529483,-121.8965375
2081,681925,CR-0000091419,1,0,0,0,22-049-0443,False,False,87,2/18/2022 12:41:00 PM,No Pedestrians Involved,Dry,No Unusual Conditions,Daylight,Violation Driver 1,Controls Functioning,Clear,Rear End,Non-Related,Other Vehicle,Not Applicable,Not Applicable,East Of,,False,True,60290,FIRST ST,JULIAN ST,37.34054785,-121.8938281
2082,689554,CR-0000095531,2,0,0,0,22-339-0521,False,False,0,12/5/2022 2:34:00 PM,No Pedestrians Involved,Dry,No Unusual Conditions,Daylight,Violation Driver 1,Controls Functioning,Clear,Broadside,Intersection,Other Vehicle,Not Applicable,Not Applicable,At,,False,False,60290,FIRST ST,JULIAN ST,37.34054785,-121.8938281
2083,685340,CR-0000094066,0,0,0,0,22-225-0198,False,False,91,8/13/2022 6:16:00 AM,No Pedestrians Involved,Dry,No Unusual Conditions,Daylight,Violation Driver 1,No Controls Present/Factor,Clear,Rear End,Non-Related,Parked Vehicle,Not Applicable,Not Applicable,West Of,,False,True,60290,FIRST ST,JULIAN ST,37.34054785,-121.8938281
2084,696200,CR-0000099344,0,0,0,0,23-120-0124,False,False,0,4/30/2023 2:21:00 AM,No Pedestrians Involved,Dry,No Unusual Conditions,Dark - Street Light,Violation Driver 1,Controls Functioning,Clear,Broadside,Intersection,Other Vehicle,Not Applicable,Not Applicable,At,,False,False,60290,FIRST ST,JULIAN ST,37.34054785,-121.8938281
2085,690083,CR-0000096160,0,0,0,0,22-262-9707,False,True,0,9/13/2022 7:00:00 PM,No Pedestrians Involved,Dry,No Unusual Conditions,Daylight,Unknown,Controls Functioning,Clear,Rear End,Intersection,Other Vehicle,Not Applicable,Not Applicable,At,,False,True,60290,FIRST ST,JULIAN ST,37.34054785,-121.8938281
2086,716258,CR-0000102210,1,0,0,0,24-042-0112,False,False,0,2/11/2024 2:45:00 AM,No Pedestrians Involved,Dry,No Unusual Conditions,Dark - Street Light,Violation Driver 1,Controls Functioning,Clear,Rear End,Intersection,Other Vehicle,Not Applicable,Not Applicable,At,,True,True,60290,FIRST ST,JULIAN ST,37.34054785,-121.8938281
2087,712261,CR-0000101716,0,0,0,0,23-017-4004,False,True,0,1/17/2023 8:10:00 AM,No Pedestrians Involved,Unknown,Unknown,Unknown,Unknown,Unknown,Unknown,Broadside,Intersection,Other Vehicle,Not Applicable,Not Applicable,At,,False,False,60290,FIRST ST,JULIAN ST,37.34054785,-121.8938281
2088,682266,CR-0000091798,0,0,0,0,22-121-0188,True,False,150,5/1/2022 6:19:00 AM,No Pedestrians Involved,Dry,No Unusual Conditions,Daylight,Violation Driver 1,No Controls Present/Factor,Clear,Hit Object,Non-Related,Fixed Object,Not Applicable,Not Applicable,East Of,Guard Rail,False,True,89440,MCEVOY ST,SAN CARLOS ST,37.32387547,-121.9042793
2089,692409,CR-0000097692,0,1,0,0,23-080-0513,False,False,0,3/21/2023 5:53:00 PM,No Pedestrians Involved,Wet,No Unusual Conditions,Daylight,Violation Driver 1,Controls Functioning,Rain,Rear End,Intersection,Other Vehicle,Not Applicable,Not Applicable,At,,True,False,89440,MCEVOY ST,SAN CARLOS ST,37.32387547,-121.9042793
2090,696056,CR-0000099191,0,0,0,0,23-033-4006,False,True,0,2/1/2023 10:33:00 PM,No Pedestrians Involved,Unknown,Unknown,Unknown,Unknown,Unknown,Unknown,Sideswipe,Intersection,Other Vehicle,Not Applicable,Not Applicable,At,,False,False,89440,MCEVOY ST,SAN CARLOS ST,37.32387547,-121.9042793
2091,689511,CR-0000095488,0,0,0,0,22-358-0546,False,False,54,12/24/2022 5:00:00 PM,No Pedestrians Involved,Dry,No Unusual Conditions,Dark - Street Light,Violation Driver 1,No Controls Present/Factor,Clear,Head On,Non-Related,Parked Vehicle,Not Applicable,Not Applicable,East Of,,False,False,6885,AMELIA DR,TOBIAS DR,37.2472925,-121.8978384
2092,722434,CR-0000103734,0,1,0,0,24-100-0303,False,False,0,4/9/2024 10:33:00 AM,No Pedestrians Involved,Dry,No Unusual Conditions,Daylight,Violation Driver 1,Controls Functioning,Clear,Broadside,Intersection,Other Vehicle,Not Applicable,Not Applicable,At,,False,False,76340,JACOB AV,MERIDIAN AV,37.26256698,-121.9021682
2093,689963,CR-0000095950,1,0,0,0,22-099-0096,False,False,0,4/9/2022 2:09:00 AM,No Pedestrians Involved,Dry,No Unusual Conditions,Dark - Street Light,Violation Driver 1,Controls Functioning,Clear,Rear End,Intersection,Other Vehicle,Not Applicable,Not Applicable,South Of,,False,True,77660,GUADALUPE FR,JULIAN ST/ST JAMES ST,37.33728149,-121.8968856
2094,684694,CR-0000093322,1,0,0,0,22-174-0776,False,False,30,6/23/2022 7:44:00 PM,No Pedestrians Involved,Dry,No Unusual Conditions,Daylight,Violation Driver 1,Controls Functioning,Clear,Sideswipe,Related,Motorcycle,Not Applicable,Not Applicable,East Of,,False,False,77660,GUADALUPE FR,JULIAN ST/ST JAMES ST,37.33728149,-121.8968856
2095,683097,CR-0000092690,1,0,0,0,22-179-0496,False,False,0,6/28/2022 1:44:00 PM,No Pedestrians Involved,Dry,No Unusual Conditions,Daylight,Unknown,Controls Functioning,Clear,Head On,Intersection,Other Vehicle,Not Applicable,Not Applicable,At,,False,False,77660,GUADALUPE FR,JULIAN ST/ST JAMES ST,37.33728149,-121.8968856
2096,689620,CR-0000095601,0,0,0,0,22-343-0357,False,False,41,12/9/2022 12:47:00 PM,No Pedestrians Involved,Dry,No Unusual Conditions,Daylight,Violation Driver 1,Controls Functioning,Cloudy,Rear End,Related,Other Vehicle,Not Applicable,Not Applicable,East Of,,True,False,77660,GUADALUPE FR,JULIAN ST/ST JAMES ST,37.33728149,-121.8968856
2097,690552,CR-0000096674,1,0,0,0,23-004-0698,False,False,0,1/4/2023 6:54:00 PM,No Pedestrians Involved,Wet,No Unusual Conditions,Dark - Street Light,Violation Driver 1,Controls Functioning,Rain,Broadside,Intersection,Other Vehicle,Not Applicable,Not Applicable,At,,False,True,77660,GUADALUPE FR,JULIAN ST/ST JAMES ST,37.33728149,-121.8968856
2098,695973,CR-0000099108,0,0,0,0,23-231-0035,False,False,57,8/19/2023 12:49:00 AM,No Pedestrians Involved,Dry,No Unusual Conditions,Dark - Street Light,Violation Driver 1,Controls Functioning,Clear,Rear End,Non-Related,Other Vehicle,Not Applicable,Not Applicable,South Of,,True,False,77660,GUADALUPE FR,JULIAN ST/ST JAMES ST,37.33728149,-121.8968856
2099,719656,CR-0000102827,0,0,0,0,24-006-4002,False,True,51,1/6/2024 12:00:00 PM,No Pedestrians Involved,Unknown,Unknown,Unknown,Unknown,Unknown,Unknown,Other,Non-Related,Other Vehicle,Not Applicable,Not Applicable,Unknown,,False,False,77660,GUADALUPE FR,JULIAN ST/ST JAMES ST,37.33728149,-121.8968856
2100,681203,CR-0000090588,0,0,0,0,22-003-0106,False,False,0,1/3/2022 3:50:00 AM,No Pedestrians Involved,Dry,No Unusual Conditions,Dark - Street Light,Violation Driver 1,Controls Functioning,Clear,Head On,Intersection,Parked Vehicle,Not Applicable,Not Applicable,At,,False,False,96403,NORTHRUP ST,PARKMOOR AV,37.31678955,-121.908185
2101,698943,CR-0000100245,1,0,0,0,23-320-0630,False,False,0,11/16/2023 5:15:00 PM,No Pedestrians Involved,Unknown,No Unusual Conditions,Dark - Street Light,Violation Driver 1,Controls Functioning,Clear,Broadside,Intersection,Other Vehicle,Not Applicable,Not Applicable,At,,False,False,96403,NORTHRUP ST,PARKMOOR AV,37.31678955,-121.908185
2102,722495,CR-0000103799,0,0,0,0,24-106-4007,False,True,250,4/15/2024 1:17:00 PM,No Pedestrians Involved,Unknown,Unknown,Unknown,Unknown,Unknown,Unknown,Other,Non-Related,Parked Vehicle,Not Applicable,Not Applicable,South Of,,False,False,96403,NORTHRUP ST,PARKMOOR AV,37.31678955,-121.908185
2103,699256,CR-0000100578,0,0,0,0,23-173-4001,False,True,51,6/21/2023 2:30:00 PM,No Pedestrians Involved,Unknown,Unknown,Unknown,Unknown,Unknown,Unknown,Other,Non-Related,Parked Vehicle,Not Applicable,Not Applicable,East Of,,False,False,10625,AUZERAIS AV,SUNOL ST,37.32112815,-121.9058586
2104,694768,CR-0000098805,1,0,0,0,23-233-9712,False,True,0,8/15/2023 1:00:00 PM,No Pedestrians Involved,Dry,Unknown,Daylight,Unknown,Unknown,Clear,Vehicle/Bike,Intersection,Bike,Not Applicable,Not Applicable,At,BIKE,False,False,10625,AUZERAIS AV,SUNOL ST,37.32112815,-121.9058586
2105,690125,CR-0000096216,0,0,0,0,22-325-0203,False,False,257,11/20/2022 3:00:00 PM,No Pedestrians Involved,Dry,No Unusual Conditions,Dark - Street Light,Violation Driver 1,No Controls Present/Factor,Clear,Rear End,Non-Related,Parked Vehicle,Not Applicable,Not Applicable,North Of,,True,True,10625,AUZERAIS AV,SUNOL ST,37.32112815,-121.9058586
2106,691177,CR-0000097379,0,0,0,0,23-060-4001,False,True,51,2/21/2023 2:30:00 PM,No Pedestrians Involved,Unknown,Unknown,Daylight,Unknown,Unknown,Unknown,Hit Object,Non-Related,Other Object,Not Applicable,Not Applicable,East Of,Soccer ball hit windshield,False,False,10625,AUZERAIS AV,SUNOL ST,37.32112815,-121.9058586
2107,722320,CR-0000103614,0,0,0,0,24-090-9708,False,True,51,3/30/2024 12:00:00 PM,No Pedestrians Involved,Unknown,No Unusual Conditions,Unknown,Unknown,Unknown,Unknown,Sideswipe,Non-Related,Parked Vehicle,Not Applicable,Not Applicable,North Of,,False,False,10625,AUZERAIS AV,SUNOL ST,37.32112815,-121.9058586
2108,681940,CR-0000091449,1,0,0,0,22-089-0227,False,False,0,3/30/2022 9:35:00 AM,No Pedestrians Involved,Dry,No Unusual Conditions,Daylight,Violation Driver 1,Controls Functioning,Cloudy,Head On,Intersection,Other Vehicle,Not Applicable,Not Applicable,At,,False,False,10559,AUZERAIS AV,LINCOLN AV,37.32101837,-121.9084996
2109,682853,CR-0000092412,1,0,0,0,22-144-0627,False,False,0,5/24/2022 3:33:00 PM,No Pedestrians Involved,Dry,No Unusual Conditions,Daylight,Violation Driver 1,Unknown,Clear,Broadside,Intersection,Other Vehicle,Not Applicable,Not Applicable,At,,False,False,10559,AUZERAIS AV,LINCOLN AV,37.32101837,-121.9084996
2110,682676,CR-0000092252,0,0,0,0,22-147-4000,False,True,51,5/26/2022 10:00:00 PM,No Pedestrians Involved,Unknown,Unknown,Unknown,Unknown,Unknown,Unknown,Other,Non-Related,Other Vehicle,Not Applicable,Not Applicable,West Of,,False,False,10559,AUZERAIS AV,LINCOLN AV,37.32101837,-121.9084996
2111,691184,CR-0000097386,0,0,0,0,23-055-0679,False,False,257,2/24/2023 6:15:00 PM,No Pedestrians Involved,Wet,No Unusual Conditions,Dark - No Street Light,Violation Driver 1,No Controls Present/Factor,Clear,Head On,Non-Related,Parked Vehicle,Not Applicable,Not Applicable,North Of,,False,False,10559,AUZERAIS AV,LINCOLN AV,37.32101837,-121.9084996
2112,689757,CR-0000095776,0,0,1,0,22-165-0945,False,False,0,6/14/2022 9:31:00 PM,No Pedestrians Involved,Dry,No Unusual Conditions,Dark - Street Light,Violation Driver 1,Controls Functioning,Clear,Broadside,Intersection,Other Vehicle,Not Applicable,Not Applicable,At,,False,True,10559,AUZERAIS AV,LINCOLN AV,37.32101837,-121.9084996
2113,698698,CR-0000099947,0,1,0,0,23-326-0519,False,False,0,11/22/2023 2:06:00 PM,No Pedestrians Involved,Dry,No Unusual Conditions,Daylight,Violation Driver 1,Controls Functioning,Clear,Vehicle/Bike,Intersection,Bike,Not Applicable,Not Applicable,At,BIKE,False,True,10559,AUZERAIS AV,LINCOLN AV,37.32101837,-121.9084996
2114,698650,CR-0000099875,0,1,0,0,23-228-0248,False,False,0,8/16/2023 9:46:00 AM,No Pedestrians Involved,Dry,No Unusual Conditions,Daylight,Violation Driver 1,Controls Functioning,Clear,Head On,Intersection,Other Vehicle,Not Applicable,Not Applicable,At,,False,False,10559,AUZERAIS AV,LINCOLN AV,37.32101837,-121.9084996
2115,715897,CR-0000101938,0,0,0,0,23-239-0364,False,False,205,8/27/2023 11:05:00 AM,No Pedestrians Involved,Dry,No Unusual Conditions,Daylight,Violation Driver 1,No Controls Present/Factor,Clear,Broadside,Non-Related,Other Vehicle,Not Applicable,Not Applicable,East Of,,False,True,10559,AUZERAIS AV,LINCOLN AV,37.32101837,-121.9084996
2116,711552,CR-0000101420,0,0,0,0,23-346-0613,False,False,0,12/12/2023 8:23:00 PM,No Pedestrians Involved,Dry,No Unusual Conditions,Dusk - Dawn,Violation Driver 1,Controls Functioning,Clear,Broadside,Intersection,Other Vehicle,Not Applicable,Not Applicable,At,,False,False,10559,AUZERAIS AV,LINCOLN AV,37.32101837,-121.9084996
2117,689178,CR-0000095032,0,0,0,1,22-365-0645,False,False,0,12/31/2022 7:30:00 PM,Crossing - Not In Crosswalk,Wet,No Unusual Conditions,Dark - Street Light,Unknown,No Controls Present/Factor,Rain,Vehicle/Pedestrian,Intersection,Pedestrian,North,South,At,PED,False,False,120328,FOREST AV,TRANSIT MALL DR,37.32696742,-121.9474471
2118,695913,CR-0000099041,0,0,0,0,23-230-9711,False,True,51,8/17/2023 6:42:00 PM,No Pedestrians Involved,Dry,No Unusual Conditions,Daylight,Unknown,No Controls Present/Factor,Clear,Sideswipe,Non-Related,Parked Vehicle,Not Applicable,Not Applicable,East Of,,False,False,21768,BOOKSIN AV,DRY CREEK RD,37.28864684,-121.9073979
2119,682192,CR-0000091747,1,0,0,0,22-115-0680,False,False,50,4/25/2022 6:07:00 PM,No Pedestrians Involved,Dry,No Unusual Conditions,Daylight,Violation Driver 1,Controls Functioning,Clear,Rear End,Related,Parked Vehicle,Not Applicable,Not Applicable,North Of,,False,False,94280,MT PLEASANT CT,MT PLEASANT RD,37.35161761,-121.7984897
2120,689307,CR-0000095249,0,0,0,0,22-305-0041,False,False,258,11/1/2022 12:41:00 AM,No Pedestrians Involved,Dry,No Unusual Conditions,Dark - Street Light,Violation Driver 1,No Controls Present/Factor,Cloudy,Overturned,Non-Related,Parked Vehicle,Not Applicable,Not Applicable,North Of,,False,False,63854,FRITZEN ST,KENNEDY AV,37.342189,-121.8350098
2121,682287,CR-0000091840,0,0,0,0,22-116-0511,False,False,85,4/25/2022 2:10:00 AM,No Pedestrians Involved,Dry,No Unusual Conditions,Dark - Street Light,Violation Driver 1,No Controls Present/Factor,Clear,Rear End,Non-Related,Parked Vehicle,Not Applicable,Not Applicable,East Of,,False,True,91464,MILLICENT CT,MT PLEASANT RD,37.35236819,-121.7995894
2122,682104,CR-0000091628,0,0,0,0,22-103-0847,False,False,42,4/13/2022 9:55:00 PM,No Pedestrians Involved,Dry,No Unusual Conditions,Dark - Street Light,Violation Driver 1,No Controls Present/Factor,Clear,Sideswipe,Related,Parked Vehicle,Not Applicable,Not Applicable,North Of,,False,False,58607,FALL AV,OAKLEAF DR,37.35470195,-121.7986893
2123,687512,CR-0000094301,0,0,0,0,22-267-0829,False,False,195,9/24/2022 7:09:00 PM,No Pedestrians Involved,Dry,No Unusual Conditions,Daylight,Violation Driver 1,No Controls Present/Factor,Clear,Head On,Non-Related,Parked Vehicle,Not Applicable,Not Applicable,West Of,,True,True,100979,PINE RIDGE CT,PINE RIDGE WY,37.35634067,-121.8002704
2124,716211,CR-0000102195,0,1,0,0,24-046-0410,False,False,173,2/15/2024 12:30:00 PM,No Pedestrians Involved,Dry,No Unusual Conditions,Daylight,Violation Driver 1,No Controls Present/Factor,Clear,Hit Object,Non-Related,Fixed Object,Not Applicable,Not Applicable,East Of,,False,False,105710,SALMON CREEK CT,SQUERI DR,37.35874515,-121.7997035
2125,698843,CR-0000100126,0,1,0,0,23-365-0695,False,False,72,12/31/2023 8:37:00 PM,No Pedestrians Involved,Dry,No Unusual Conditions,Dark - Street Light,Violation Driver 1,Controls Functioning,Clear,Rear End,Non-Related,Motorcycle,Not Applicable,Not Applicable,South Of,ATV,True,False,107887,SCOTTSDALE DR,STURLA DR,37.32155745,-121.8043672
2126,691156,CR-0000097357,0,0,0,0,23-044-0924,False,False,30,2/13/2023 11:40:00 AM,No Pedestrians Involved,Dry,No Unusual Conditions,Dark - Street Light,Violation Driver 1,No Controls Present/Factor,Clear,Hit Object,Related,Fixed Object,Not Applicable,Not Applicable,East Of,"Curb, fence",True,True,107887,SCOTTSDALE DR,STURLA DR,37.32155745,-121.8043672
2127,699201,CR-0000100522,0,0,0,0,23-168-0732,False,False,106,6/17/2023 8:00:00 PM,No Pedestrians Involved,Dry,No Unusual Conditions,Dusk - Dawn,Violation Driver 1,No Controls Present/Factor,Clear,Rear End,Non-Related,Parked Vehicle,Not Applicable,Not Applicable,North Of,,False,False,106985,SAND POINT DR,SMITHERS DR,37.32259908,-121.8025738
2128,690929,CR-0000097092,0,0,0,0,23-043-9704,False,True,,2/12/2023 2:00:00 AM,No Pedestrians Involved,Dry,Unknown,Dark - Street Light,Unknown,No Controls Present/Factor,Clear,Other,Related,Parked Vehicle,Not Applicable,Not Applicable,North Of,,False,False,46749,CUNNINGHAM AV,ORLANDO DR,37.32884926,-121.8309295
2129,694224,CR-0000098100,1,0,0,0,23-112-0929,False,False,556,4/22/2023 11:35:00 PM,No Pedestrians Involved,Dry,No Unusual Conditions,Dark - No Street Light,Violation Driver 1,No Controls Present/Factor,Clear,Head On,Non-Related,Other Vehicle,Not Applicable,Not Applicable,North Of,,True,True,46826,CUNNINGHAM AV,TAMPA WY,37.32776015,-121.8324466
2130,690634,CR-0000096756,0,0,0,0,23-022-0480,False,False,0,1/22/2023 2:57:00 PM,No Pedestrians Involved,Dry,No Unusual Conditions,Daylight,Violation Driver 1,No Controls Present/Factor,Clear,Broadside,Intersection,Other Vehicle,Not Applicable,Not Applicable,At,,False,True,46826,CUNNINGHAM AV,TAMPA WY,37.32776015,-121.8324466
2131,698665,CR-0000099891,1,0,0,0,23-225-0028,False,False,16,8/13/2023 12:19:00 AM,No Pedestrians Involved,Dry,No Unusual Conditions,Dark - Street Light,Violation Driver 1,Controls Functioning,Clear,Broadside,Related,Motor Vehicle On Other Roadway,Not Applicable,Not Applicable,West Of,,False,False,46826,CUNNINGHAM AV,TAMPA WY,37.32776015,-121.8324466
2132,719773,CR-0000102946,0,0,0,0,24-023-4010,False,True,0,1/23/2024 7:52:00 AM,No Pedestrians Involved,Unknown,Unknown,Unknown,Unknown,Unknown,Unknown,Broadside,Intersection,Other Vehicle,Not Applicable,Not Applicable,At,,False,False,46826,CUNNINGHAM AV,TAMPA WY,37.32776015,-121.8324466
2133,685256,CR-0000093936,0,0,0,0,22-162-0228,False,False,337,6/10/2022 5:56:00 PM,No Pedestrians Involved,Dry,No Unusual Conditions,Daylight,Violation Driver 1,No Controls Present/Factor,Clear,Sideswipe,Non-Related,Parked Vehicle,Not Applicable,Not Applicable,North Of,,False,False,70971,HAVANA DR,TERILYN AV,37.32824882,-121.8388024
2134,684922,CR-0000093576,0,0,0,0,22-232-0100,False,False,180,8/20/2022 2:03:00 AM,No Pedestrians Involved,Dry,No Unusual Conditions,Daylight,Violation Driver 1,No Controls Present/Factor,Clear,Sideswipe,Non-Related,Parked Vehicle,Not Applicable,Not Applicable,North Of,,True,False,70971,HAVANA DR,TERILYN AV,37.32824882,-121.8388024
2135,688743,CR-0000094569,0,0,0,0,22-237-4003,False,True,,8/24/2022 7:30:00 AM,No Pedestrians Involved,Unknown,Unknown,Daylight,Unknown,Unknown,Unknown,Other,Related,Unknown,Not Applicable,Not Applicable,Unknown,,False,True,70971,HAVANA DR,TERILYN AV,37.32824882,-121.8388024
2136,699131,CR-0000100447,0,0,0,0,23-172-0378,False,False,475,6/23/2023 11:24:00 AM,No Pedestrians Involved,Dry,No Unusual Conditions,Daylight,Violation Driver 1,No Controls Present/Factor,Clear,Rear End,Non-Related,Parked Vehicle,Not Applicable,Not Applicable,North Of,,False,True,70971,HAVANA DR,TERILYN AV,37.32824882,-121.8388024