_id,CrashFactId,Name,MinorInjuries,ModerateInjuries,SevereInjuries,FatalInjuries,TcrNumber,CityDamageFlag,ShortFormFlag,Distance,CrashDateTime,PedestrianAction,RoadwaySurface,RoadwayCondition,Lighting,PrimaryCollisionFactor,TrafficControl,Weather,CollisionType,ProximityToIntersection,VehicleInvolvedWith,PedestrianDirectionFrom,PedestrianDirectionTo,DirectionFromIntersection,Comment,SpeedingFlag,HitAndRunFlag,IntersectionNumber,AStreetName,BStreetName,Latitude,Longitude
2137,712244,CR-0000101690,0,0,0,0,23-335-0180,False,False,103,12/1/2023 12:06:00 AM,No Pedestrians Involved,Dry,No Unusual Conditions,Dark - Street Light,Unknown,No Controls Present/Factor,Clear,Head On,Non-Related,Parked Vehicle,Not Applicable,Not Applicable,West Of,,False,True,56616,EMILIE DR,WILBUR AV,37.35900519,-121.8297014
2138,699092,CR-0000100407,0,0,0,0,23-165-0364,False,False,,6/14/2023 12:01:00 PM,No Pedestrians Involved,Dry,No Unusual Conditions,Daylight,Unknown,No Controls Present/Factor,Clear,Vehicle/Bike,Related,Bike,Not Applicable,Not Applicable,East Of,"BIKE
Dog involved?",False,False,143919,DORIS AV,HIGHWOOD DR,37.35676081,-121.8252633
2139,698628,CR-0000099852,0,0,0,0,23-146-0454,True,False,0,5/26/2023 1:50:00 PM,No Pedestrians Involved,Dry,No Unusual Conditions,Daylight,Violation Driver 1,No Controls Present/Factor,Clear,Hit Object,Intersection,Fixed Object,Not Applicable,Not Applicable,At,Signage,True,True,143927,LAYTON WY,WESTBORO DR,37.35749722,-121.8287321
2140,690073,CR-0000096154,0,0,0,0,22-211-9505,False,True,0,7/29/2022 5:21:00 PM,No Pedestrians Involved,Dry,No Unusual Conditions,Daylight,Unknown,Controls Functioning,Clear,Broadside,Intersection,Other Vehicle,Not Applicable,Not Applicable,At,,False,True,23264,BRAHMS AV,EDGEVIEW DR,37.32222196,-121.8203997
2141,691050,CR-0000097223,0,0,0,0,23-059-0305,False,False,0,2/28/2023 10:50:00 AM,No Pedestrians Involved,Wet,No Unusual Conditions,Daylight,Violation Driver 1,No Controls Present/Factor,Rain,Broadside,Intersection,Other Vehicle,Not Applicable,Not Applicable,At,,True,False,23264,BRAHMS AV,EDGEVIEW DR,37.32222196,-121.8203997
2142,683051,CR-0000092671,0,0,0,0,22-142-0161,False,False,320,5/22/2022 2:40:00 AM,No Pedestrians Involved,Dry,No Unusual Conditions,Dark - Street Light,Violation Driver 1,No Controls Present/Factor,Clear,Sideswipe,Non-Related,Parked Vehicle,Not Applicable,Not Applicable,South Of,,False,True,112199,TRENARY WY,WAYLAND AV,37.25692238,-121.8834869
2143,698716,CR-0000099965,0,0,0,0,23-148-0124,False,False,21,5/28/2023 2:08:00 AM,No Pedestrians Involved,Dry,No Unusual Conditions,Dark - Street Light,Violation Driver 1,No Controls Present/Factor,Clear,Rear End,Related,Parked Vehicle,Not Applicable,Not Applicable,North Of,,True,False,112199,TRENARY WY,WAYLAND AV,37.25692238,-121.8834869
2144,689247,CR-0000095219,0,0,0,0,22-294-0041,False,False,0,10/21/2022 1:15:00 AM,No Pedestrians Involved,Dry,No Unusual Conditions,Dark - Street Light,Violation Driver 1,No Controls Present/Factor,Clear,Head On,Intersection,Parked Vehicle,Not Applicable,Not Applicable,At,,False,True,20954,BLUEFIELD DR,LANFAIR CL/LANFAIR DR,37.27296342,-121.854602
2145,682519,CR-0000092086,1,1,0,0,22-094-0711,True,False,72,4/4/2022 5:50:00 PM,No Pedestrians Involved,Dry,No Unusual Conditions,Daylight,Violation Driver 1,No Controls Present/Factor,Clear,Hit Object,Non-Related,Fixed Object,Not Applicable,Not Applicable,West Of,Stop Sign and Light Pole,False,False,30238,CAMDEN AV,NEW JERSEY AV,37.26174329,-121.925342
2146,681739,CR-0000091139,0,0,0,0,22-051-0760,False,False,0,2/20/2022 8:00:00 PM,No Pedestrians Involved,Dry,No Unusual Conditions,Dark - Street Light,Violation Driver 1,No Controls Present/Factor,Clear,Rear End,Intersection,Other Vehicle,Not Applicable,Not Applicable,At,,False,True,30238,CAMDEN AV,NEW JERSEY AV,37.26174329,-121.925342
2147,719644,CR-0000102815,0,0,0,0,24-005-0021,False,False,130,1/5/2024 12:35:00 AM,No Pedestrians Involved,Dry,No Unusual Conditions,Dark - Street Light,Violation Driver 1,No Controls Present/Factor,Clear,Sideswipe,Non-Related,Other Vehicle,Not Applicable,Not Applicable,East Of,,True,True,30238,CAMDEN AV,NEW JERSEY AV,37.26174329,-121.925342
2148,689129,CR-0000095004,1,0,0,0,22-317-0251,False,False,102,11/13/2022 9:15:00 AM,No Pedestrians Involved,Dry,No Unusual Conditions,Daylight,Violation Driver 1,No Controls Present/Factor,Clear,Sideswipe,Non-Related,Parked Vehicle,Not Applicable,Not Applicable,West Of,,True,False,81443,LANAI DR,WAYWORD DR,37.32746966,-121.8357497
2149,690711,CR-0000096848,2,1,0,0,23-017-0246,False,False,0,1/17/2023 9:07:00 AM,No Pedestrians Involved,Dry,No Unusual Conditions,Daylight,Violation Driver 1,Controls Functioning,Unknown,Broadside,Intersection,Other Vehicle,Not Applicable,Not Applicable,At,,False,False,70938,HAVANA DR,LANAI DR,37.32917215,-121.8374372
2150,692545,CR-0000097836,0,2,0,0,23-095-0166,False,False,0,4/5/2023 7:30:00 AM,Crossing - Not In Crosswalk,Dry,No Unusual Conditions,Daylight,Violation Driver 1,Controls Functioning,Clear,Vehicle/Pedestrian,Intersection,Pedestrian,West,East,At,,True,False,70950,HAVANA DR,PANAMA AV,37.32963466,-121.8367046
2151,689914,CR-0000095944,0,1,0,0,22-346-9702,False,True,51,11/24/2022 5:15:00 PM,No Pedestrians Involved,Dry,No Unusual Conditions,Dark - No Street Light,Unknown,No Controls Present/Factor,Clear,Vehicle/Bike,Non-Related,Bike,Not Applicable,Not Applicable,South Of,BIKE,False,False,85348,LOS GATOS ALMADEN RD,RUCKER DR,37.24353158,-121.9167953
2152,722301,CR-0000103595,0,1,0,0,24-088-0521,False,False,0,3/28/2024 2:59:00 PM,No Pedestrians Involved,Dry,No Unusual Conditions,Daylight,Violation Driver 1,No Controls Present/Factor,Clear,Broadside,Intersection,Other Vehicle,Not Applicable,Not Applicable,At,,False,False,29886,CAMDEN AV,FIREFLY DR,37.22196753,-121.8793216
2153,682495,CR-0000092062,0,0,0,0,22-092-0545,False,False,0,4/2/2022 4:24:00 PM,No Pedestrians Involved,Dry,No Unusual Conditions,Daylight,Violation Driver 1,No Controls Present/Factor,Clear,Rear End,Intersection,Parked Vehicle,Not Applicable,Not Applicable,At,,False,True,75591,INVERNESS CI,SHERBOURNE DR,37.25497648,-121.9008681
2154,687427,CR-0000094206,1,0,0,0,22-250-0785,False,False,0,9/7/2022 5:22:00 PM,Crossing In Crosswalk - At Intersection,Dry,No Unusual Conditions,Daylight,Violation Driver 1,Controls Functioning,Clear,Vehicle/Pedestrian,Intersection,Pedestrian,North,South,At,PED,False,False,60587,FIRST ST,SAN SALVADOR ST,37.33002344,-121.885984
2155,685394,CR-0000094129,0,0,0,0,22-272-0733,True,False,0,9/29/2022 5:19:00 PM,No Pedestrians Involved,Dry,No Unusual Conditions,Daylight,Violation Driver 1,Controls Functioning,Clear,Hit Object,Intersection,Fixed Object,Not Applicable,Not Applicable,At,SIGNAL LIGHT,False,False,60587,FIRST ST,SAN SALVADOR ST,37.33002344,-121.885984
2156,696556,CR-0000099753,0,1,0,0,23-340-0903,False,False,18,12/6/2023 10:35:00 PM,No Pedestrians Involved,Wet,No Unusual Conditions,Dark - Street Light,Violation Driver 1,Controls Functioning,Rain,Vehicle/Bike,Related,Bike,Not Applicable,Not Applicable,West Of,BIKE,False,True,60587,FIRST ST,SAN SALVADOR ST,37.33002344,-121.885984
2157,685208,CR-0000093887,0,0,0,0,22-253-9706,False,True,0,9/10/2022 3:12:00 PM,No Pedestrians Involved,Dry,No Unusual Conditions,Daylight,Unknown,Controls Functioning,Clear,Rear End,Intersection,Other Vehicle,Not Applicable,Not Applicable,At,,False,True,106842,SAN SALVADOR ST,THIRD ST,37.3310179,-121.8838815
2158,681999,CR-0000091508,0,0,0,0,22-078-0685,False,False,91,3/19/2022 7:00:00 PM,No Pedestrians Involved,Dry,No Unusual Conditions,Daylight,Violation Driver 1,No Controls Present/Factor,Clear,Broadside,Non-Related,Parked Vehicle,Not Applicable,Not Applicable,North Of,,False,False,106842,SAN SALVADOR ST,THIRD ST,37.3310179,-121.8838815
2159,698898,CR-0000100197,0,1,0,0,23-314-0770,False,False,116,11/10/2023 7:45:00 PM,No Pedestrians Involved,Dry,No Unusual Conditions,Dark - Street Light,Unknown,No Controls Present/Factor,Clear,Vehicle/Bike,Non-Related,Bike,Not Applicable,Not Applicable,East Of,BIKE,True,True,106842,SAN SALVADOR ST,THIRD ST,37.3310179,-121.8838815
2160,695975,CR-0000099110,0,0,0,0,23-219-4007,False,True,51,8/4/2023 7:19:00 PM,No Pedestrians Involved,Unknown,Unknown,Unknown,Unknown,Unknown,Unknown,Other,Non-Related,Non-Collision,Not Applicable,Not Applicable,Unknown,,False,False,106842,SAN SALVADOR ST,THIRD ST,37.3310179,-121.8838815
2161,696428,CR-0000099605,0,0,1,0,23-279-0960,False,False,135,10/6/2023 10:26:00 PM,No Pedestrians Involved,Dry,No Unusual Conditions,Dark - Street Light,Violation Driver 1,No Controls Present/Factor,Clear,Vehicle/Bike,Non-Related,Bike,Not Applicable,Not Applicable,East Of,BIKE,False,True,106842,SAN SALVADOR ST,THIRD ST,37.3310179,-121.8838815
2162,694694,CR-0000098728,0,1,0,0,23-234-0605,False,False,0,8/22/2023 4:30:00 PM,No Pedestrians Involved,Dry,No Unusual Conditions,Daylight,Violation Driver 1,Controls Functioning,Clear,Broadside,Intersection,Other Vehicle,Not Applicable,Not Applicable,At,,False,False,106842,SAN SALVADOR ST,THIRD ST,37.3310179,-121.8838815
2163,690721,CR-0000096858,1,0,0,0,23-019-0216,False,False,0,1/19/2023 9:21:00 AM,No Pedestrians Involved,Dry,No Unusual Conditions,Daylight,Violation Driver 1,Controls Functioning,Clear,Head On,Intersection,Other Vehicle,Not Applicable,Not Applicable,At,,False,False,106842,SAN SALVADOR ST,THIRD ST,37.3310179,-121.8838815
2164,722205,CR-0000103471,0,0,0,0,24-088-4001,False,True,51,3/19/2024 7:00:00 PM,No Pedestrians Involved,Unknown,Unknown,Unknown,Unknown,Unknown,Unknown,Other,Non-Related,Parked Vehicle,Not Applicable,Not Applicable,West Of,,False,False,12308,BALBACH ST,MARKET ST,37.32893678,-121.8860496
2165,711586,CR-0000101343,0,0,0,0,23-273-0581,False,False,51,9/30/2023 5:28:00 PM,No Pedestrians Involved,Dry,No Unusual Conditions,Daylight,Violation Driver 1,No Controls Present/Factor,Cloudy,Sideswipe,Non-Related,Other Vehicle,Not Applicable,Not Applicable,West Of,,False,True,12308,BALBACH ST,MARKET ST,37.32893678,-121.8860496
2166,683207,CR-0000092772,0,0,0,0,22-059-4002,False,True,,2/2/2022 5:25:00 PM,No Pedestrians Involved,Unknown,Unknown,Daylight,Unknown,Unknown,Unknown,Rear End,Related,Other Vehicle,Not Applicable,Not Applicable,Unknown,,False,False,41777,COLLEGE DR,FRUITDALE AV,37.31070169,-121.9194218
2167,698942,CR-0000100244,1,0,0,0,23-330-0845,False,False,52,11/26/2023 10:50:00 PM,No Pedestrians Involved,Dry,No Unusual Conditions,Dark - Street Light,Violation Driver 1,Unknown,Clear,Rear End,Non-Related,Parked Vehicle,Not Applicable,Not Applicable,West Of,,False,False,41777,COLLEGE DR,FRUITDALE AV,37.31070169,-121.9194218
2168,715872,CR-0000101931,0,0,0,0,23-239-0553,False,False,51,8/26/2023 3:32:00 PM,No Pedestrians Involved,Dry,No Unusual Conditions,Daylight,Unknown,No Controls Present/Factor,Clear,Broadside,Non-Related,Parked Vehicle,Not Applicable,Not Applicable,South Of,,False,True,41777,COLLEGE DR,FRUITDALE AV,37.31070169,-121.9194218
2169,720938,CR-0000103173,0,0,0,0,24-047-0932,True,False,0,2/16/2024 10:17:00 PM,No Pedestrians Involved,Dry,No Unusual Conditions,Dark - Street Light,Violation Driver 1,Controls Functioning,Clear,Hit Object,Intersection,Fixed Object,Not Applicable,Not Applicable,At,PED WALK SIGNAL,True,False,41777,COLLEGE DR,FRUITDALE AV,37.31070169,-121.9194218
2170,715987,CR-0000101742,0,0,0,0,23-011-9707,False,True,,7/9/2023 1:40:00 PM,No Pedestrians Involved,Dry,No Unusual Conditions,Daylight,Unknown,Controls Functioning,Cloudy,Head On,Related,Parked Vehicle,Not Applicable,Not Applicable,Unknown,,False,False,49202,DE ROSE WY,SOUTHWEST EX,37.30483702,-121.9238553
2171,682139,CR-0000091638,0,0,0,0,22-031-9709,False,True,51,1/30/2022 10:00:00 PM,No Pedestrians Involved,Dry,No Unusual Conditions,Dark - Street Light,Unknown,Controls Functioning,Clear,Sideswipe,Non-Related,Parked Vehicle,Not Applicable,Not Applicable,West Of,,False,False,96722,OAK ST,VINE ST,37.32019352,-121.8845799
2172,682428,CR-0000091991,0,0,0,0,22-116-0570,False,False,48,4/26/2022 2:52:00 PM,No Pedestrians Involved,Dry,No Unusual Conditions,Daylight,Violation Driver 1,No Controls Present/Factor,Clear,Other,Related,Parked Vehicle,Not Applicable,Not Applicable,South Of,,False,False,96722,OAK ST,VINE ST,37.32019352,-121.8845799
2173,718479,CR-0000102567,1,0,0,0,24-080-0722,False,False,51,3/20/2024 5:55:00 PM,No Pedestrians Involved,Dry,No Unusual Conditions,Daylight,Violation Driver 1,Controls Functioning,Clear,Sideswipe,Non-Related,Other Vehicle,Not Applicable,Not Applicable,South Of,,False,False,96722,OAK ST,VINE ST,37.32019352,-121.8845799
2174,699337,CR-0000100664,0,0,0,0,23-179-4005,False,True,,6/28/2023 9:10:00 PM,No Pedestrians Involved,Unknown,Unknown,Unknown,Unknown,Unknown,Unknown,Other,Related,Parked Vehicle,Not Applicable,Not Applicable,Unknown,,False,False,74546,HUMBOLDT ST,MASTIC ST,37.31730827,-121.8785009
2175,722259,CR-0000103526,0,0,0,0,24-084-4004,False,True,51,3/24/2024 12:05:00 PM,No Pedestrians Involved,Unknown,Unknown,Unknown,Unknown,Unknown,Unknown,Rear End,Non-Related,Parked Vehicle,Not Applicable,Not Applicable,South Of,,False,False,74546,HUMBOLDT ST,MASTIC ST,37.31730827,-121.8785009
2176,684957,CR-0000093598,0,0,0,0,22-233-0961,False,False,51,8/21/2022 10:31:00 PM,No Pedestrians Involved,Dry,No Unusual Conditions,Dark - Street Light,Violation Driver 1,Controls Functioning,Clear,Hit Object,Non-Related,Fixed Object,Not Applicable,Not Applicable,East Of,PD - EMERGENCY VEHICLE INVOLVED,False,False,14310,BASSETT ST,TERRAINE ST,37.34001438,-121.897958
2177,716007,CR-0000101774,0,0,0,0,23-223-9710,False,False,0,8/8/2023 12:00:00 AM,No Pedestrians Involved,Dry,No Unusual Conditions,Dark - Street Light,Violation Driver 1,No Controls Present/Factor,Clear,Sideswipe,Intersection,Parked Vehicle,Not Applicable,Not Applicable,At,,False,True,14310,BASSETT ST,TERRAINE ST,37.34001438,-121.897958
2178,711649,CR-0000101280,0,0,0,0,23-223-9720,False,True,0,8/8/2023 12:00:00 AM,No Pedestrians Involved,Dry,No Unusual Conditions,Dark - Street Light,Unknown,No Controls Present/Factor,Clear,Sideswipe,Intersection,Parked Vehicle,Not Applicable,Not Applicable,East Of,,False,True,14310,BASSETT ST,TERRAINE ST,37.34001438,-121.897958
2179,692456,CR-0000097743,3,0,0,0,23-085-0413,False,False,202,3/26/2023 12:40:00 PM,No Pedestrians Involved,Dry,No Unusual Conditions,Daylight,Violation Driver 1,Controls Functioning,Clear,Rear End,Non-Related,Other Vehicle,Not Applicable,Not Applicable,East Of,,False,False,105830,SAN ANTONIO ST,ACCESS ST,37.35473153,-121.8424253
2180,681357,CR-0000090745,0,0,0,0,22-016-0622,False,False,243,1/16/2022 6:00:00 PM,No Pedestrians Involved,Dry,No Unusual Conditions,Dark - Street Light,Violation Driver 1,Unknown,Clear,Broadside,Non-Related,Other Vehicle,Not Applicable,Not Applicable,South Of,,False,False,16939,BERKELEY WY,JACKSON AV,37.35357459,-121.838824
2181,719571,CR-0000102718,0,1,0,0,24-078-0371,False,False,0,3/18/2024 11:14:00 AM,Crossing In Crosswalk - At Intersection,Dry,No Unusual Conditions,Daylight,Violation Driver 1,No Controls Present/Factor,Clear,Vehicle/Pedestrian,Intersection,Wheelchair,South,North,At,PED(WC),False,False,16939,BERKELEY WY,JACKSON AV,37.35357459,-121.838824
2182,681514,CR-0000090906,0,1,0,0,22-037-0439,False,False,0,2/6/2022 6:44:00 PM,Crossing - Not In Crosswalk,Dry,No Unusual Conditions,Daylight,Violation Driver 1,No Controls Present/Factor,Clear,Vehicle/Pedestrian,Intersection,Pedestrian,South,North,At,PEDESTRIAN,False,False,49180,DE ROSE WY,LEIGH AV,37.30385017,-121.9225267
2183,682129,CR-0000091650,0,0,0,0,22-067-9704,False,True,,3/1/2022 9:15:00 PM,No Pedestrians Involved,Dry,No Unusual Conditions,Dark - Street Light,Unknown,No Controls Present/Factor,Clear,Sideswipe,Related,Parked Vehicle,Not Applicable,Not Applicable,East Of,,False,False,49180,DE ROSE WY,LEIGH AV,37.30385017,-121.9225267
2184,688939,CR-0000094797,0,0,0,0,22-267-0581,False,True,0,9/24/2022 3:20:00 PM,No Pedestrians Involved,Unknown,Unknown,Unknown,Unknown,Unknown,Unknown,Broadside,Intersection,Other Vehicle,Not Applicable,Not Applicable,At,,False,False,49180,DE ROSE WY,LEIGH AV,37.30385017,-121.9225267
2185,694063,CR-0000098133,0,1,0,0,23-128-0471,False,False,510,5/8/2023 2:17:00 PM,No Pedestrians Involved,Dry,No Unusual Conditions,Daylight,Bike At Fault,No Controls Present/Factor,Clear,Vehicle/Bike,Non-Related,Bike,Not Applicable,Not Applicable,South Of,BIKE,False,False,49180,DE ROSE WY,LEIGH AV,37.30385017,-121.9225267
2186,689882,CR-0000095909,1,0,0,0,22-253-0722,False,False,200,9/10/2022 5:53:00 PM,No Pedestrians Involved,Dry,No Unusual Conditions,Daylight,Violation Driver 1,No Controls Present/Factor,Clear,Sideswipe,Non-Related,Other Vehicle,Not Applicable,Not Applicable,North Of,,False,False,49180,DE ROSE WY,LEIGH AV,37.30385017,-121.9225267
2187,699383,CR-0000100710,0,0,0,0,23-188-0782,False,False,228,7/7/2023 7:36:00 PM,No Pedestrians Involved,Dry,No Unusual Conditions,Daylight,Violation Driver 1,No Controls Present/Factor,Clear,Rear End,Non-Related,Other Vehicle,Not Applicable,Not Applicable,North Of,,False,True,49180,DE ROSE WY,LEIGH AV,37.30385017,-121.9225267
2188,698681,CR-0000099919,0,1,0,0,23-214-0948,False,False,311,8/2/2023 9:50:00 PM,No Pedestrians Involved,Dry,No Unusual Conditions,Dark - Street Light,Violation Driver 1,No Controls Present/Factor,Clear,Vehicle/Bike,Non-Related,Bike,Not Applicable,Not Applicable,North Of,BIKE,True,False,49180,DE ROSE WY,LEIGH AV,37.30385017,-121.9225267
2189,694459,CR-0000098424,3,0,1,0,23-161-0786,False,False,160,6/10/2023 8:13:00 PM,No Pedestrians Involved,Dry,No Unusual Conditions,Daylight,Violation Driver 1,Controls Functioning,Clear,Sideswipe,Non-Related,Other Vehicle,Not Applicable,Not Applicable,West Of,,False,False,49180,DE ROSE WY,LEIGH AV,37.30385017,-121.9225267
2190,717423,CR-0000102438,0,0,0,0,23-048-9740,False,True,0,2/15/2023 1:00:00 PM,No Pedestrians Involved,Dry,No Unusual Conditions,Daylight,Unknown,Unknown,Clear,Broadside,Intersection,Other Vehicle,Not Applicable,Not Applicable,At,,False,False,49180,DE ROSE WY,LEIGH AV,37.30385017,-121.9225267
2191,711565,CR-0000100876,1,0,0,0,23-312-0290,False,False,46,11/8/2023 10:12:00 AM,No Pedestrians Involved,Dry,No Unusual Conditions,Daylight,Violation Driver 1,Unknown,Clear,Head On,Related,Other Vehicle,Not Applicable,Not Applicable,North Of,,False,False,49180,DE ROSE WY,LEIGH AV,37.30385017,-121.9225267
2192,688761,CR-0000094596,0,0,0,0,22-242-4000,False,True,51,8/25/2022 11:00:00 PM,No Pedestrians Involved,Unknown,Unknown,Unknown,Unknown,Unknown,Unknown,Sideswipe,Non-Related,Unknown,Not Applicable,Not Applicable,West Of,,False,True,113630,WILLOW OAKS DR,WILLOWBRAE AV,37.29771894,-121.9103293
2193,682935,CR-0000092562,2,1,0,0,22-166-0575,False,False,0,6/15/2022 4:30:00 PM,No Pedestrians Involved,Dry,No Unusual Conditions,Daylight,Violation Driver 1,No Controls Present/Factor,Clear,Head On,Intersection,Other Vehicle,Not Applicable,Not Applicable,At,,False,False,90837,MERIDIAN AV,WILLOW OAKS DR,37.29856821,-121.9135772
2194,681534,CR-0000090930,0,0,0,0,22-038-0463,False,False,0,2/7/2022 3:11:00 PM,No Pedestrians Involved,Dry,No Unusual Conditions,Daylight,Violation Driver 1,Unknown,Clear,Head On,Intersection,Other Vehicle,Not Applicable,Not Applicable,At,,True,False,1980,ADRIAN WY,OCALA AV,37.33719241,-121.8256353
2195,698742,CR-0000099994,0,1,0,0,23-273-0071,False,False,195,9/30/2023 1:34:00 AM,No Pedestrians Involved,Wet,No Unusual Conditions,Dark - Street Light,Violation Driver 1,No Controls Present/Factor,Rain,Rear End,Non-Related,Other Vehicle,Not Applicable,Not Applicable,North Of,,False,True,17346,BERONA WY,VISTAGLEN DR,37.33936073,-121.8238998
2196,694064,CR-0000098103,5,0,0,0,23-113-0433,False,False,400,4/23/2023 2:37:00 PM,No Pedestrians Involved,Dry,No Unusual Conditions,Daylight,Violation Driver 1,No Controls Present/Factor,Clear,Broadside,Non-Related,Other Vehicle,Not Applicable,Not Applicable,South Of,,False,False,2012,ADRIAN WY,SULLIVAN AV,37.34111665,-121.8294464
2197,683008,CR-0000092529,1,0,0,0,22-170-0481,False,False,490,6/19/2022 1:47:00 PM,No Pedestrians Involved,Dry,No Unusual Conditions,Daylight,Violation Driver 1,No Controls Present/Factor,Clear,Head On,Non-Related,Other Vehicle,Not Applicable,Not Applicable,West Of,,False,False,122627,CUNNINGHAM AV,CUNNINGHAM CT,37.33978891,-121.8112955
2198,722332,CR-0000103626,0,0,0,0,24-088-9700,False,True,,3/27/2024 1:00:00 PM,No Pedestrians Involved,Dry,No Unusual Conditions,Daylight,Unknown,Unknown,Clear,Vehicle/Bike,Related,Bike,Not Applicable,Not Applicable,West Of,BIKE,False,False,46760,CUNNINGHAM AV,RIDGEMONT DR,37.34031759,-121.8096904
2199,722233,CR-0000103499,0,0,0,0,24-082-9706,False,True,51,3/22/2024 8:30:00 AM,No Pedestrians Involved,Dry,No Unusual Conditions,Daylight,Unknown,Unknown,Clear,Rear End,Non-Related,Parked Vehicle,Not Applicable,Not Applicable,East Of,,False,False,80387,KNIGHTS ESTATES,QUEENS ESTATES CT,37.2922732,-121.7621793
2200,722155,CR-0000103421,0,0,0,0,24-074-0051,False,False,63,3/14/2024 1:30:00 AM,No Pedestrians Involved,Dry,No Unusual Conditions,Dark - Street Light,Violation Driver 1,No Controls Present/Factor,Clear,Rear End,Non-Related,Parked Vehicle,Not Applicable,Not Applicable,North Of,,True,False,80376,KNIGHTS ESTATES,LYON ESTATES CT,37.29299275,-121.7623562
2201,699088,CR-0000100403,0,0,0,0,23-162-4002,False,True,51,6/11/2023 12:55:00 PM,No Pedestrians Involved,Unknown,Unknown,Unknown,Unknown,Unknown,Unknown,Other,Non-Related,Parked Vehicle,Not Applicable,Not Applicable,South Of,,False,False,64965,GATON DR,LENN AV,37.29107841,-121.909935
2202,722099,CR-0000103354,0,0,0,0,24-069-0284,False,False,270,3/8/2024 4:00:00 PM,No Pedestrians Involved,Dry,No Unusual Conditions,Dark - Street Light,Violation Driver 1,No Controls Present/Factor,Clear,Rear End,Non-Related,Motor Vehicle On Other Roadway,Not Applicable,Not Applicable,West Of,,False,True,26465,BRYAN AV,GARDENDALE DR,37.26771532,-121.8814588
2203,685301,CR-0000093982,1,0,0,0,22-246-0370,False,False,0,9/3/2022 11:32:00 AM,No Pedestrians Involved,Dry,No Unusual Conditions,Daylight,Violation Driver 1,Controls Functioning,Clear,Head On,Intersection,Other Vehicle,Not Applicable,Not Applicable,At,,False,False,84699,LOCUST ST,WILLOW ST,37.31783367,-121.8840972
2204,688733,CR-0000094559,0,0,0,0,22-234-4003,False,False,,8/14/2022 4:50:00 PM,No Pedestrians Involved,Unknown,Unknown,Daylight,Unknown,Unknown,Unknown,Sideswipe,Related,Other Vehicle,Not Applicable,Not Applicable,North Of,,False,False,84699,LOCUST ST,WILLOW ST,37.31783367,-121.8840972
2205,682542,CR-0000092109,0,1,0,0,22-125-0766,False,False,0,5/6/2022 2:32:00 AM,No Pedestrians Involved,Dry,No Unusual Conditions,Daylight,Violation Driver 1,No Controls Present/Factor,Clear,Broadside,Intersection,Other Vehicle,Not Applicable,Not Applicable,At,,False,False,84699,LOCUST ST,WILLOW ST,37.31783367,-121.8840972
2206,694651,CR-0000098684,0,2,0,0,23-211-0509,False,False,0,7/30/2023 2:18:00 PM,No Pedestrians Involved,Dry,Unknown,Daylight,Violation Driver 1,No Controls Present/Factor,Clear,Head On,Intersection,Other Vehicle,Not Applicable,Not Applicable,At,,False,False,84699,LOCUST ST,WILLOW ST,37.31783367,-121.8840972
2207,694728,CR-0000098759,0,1,0,0,23-235-0325,False,False,0,8/2/2023 10:57:00 AM,No Pedestrians Involved,Dry,No Unusual Conditions,Daylight,Violation Driver 1,Controls Functioning,Clear,Broadside,Intersection,Other Vehicle,Not Applicable,Not Applicable,At,,False,False,84699,LOCUST ST,WILLOW ST,37.31783367,-121.8840972
2208,716265,CR-0000102218,0,1,0,0,24-035-0324,False,False,0,2/4/2024 8:27:00 AM,Crossing - Not In Crosswalk,Slippery (Muddy Oily etc.),Other,Daylight,Violation Driver 1,No Controls Present/Factor,Rain,Vehicle/Pedestrian,Intersection,Pedestrian,South,North,At,PED,True,True,84699,LOCUST ST,WILLOW ST,37.31783367,-121.8840972
2209,712051,CR-0000101555,0,0,0,0,23-355-0947,False,False,51,12/21/2023 9:30:00 PM,No Pedestrians Involved,Dry,Unknown,Dark - Street Light,Unknown,No Controls Present/Factor,Clear,Broadside,Non-Related,Parked Vehicle,Not Applicable,Not Applicable,West Of,,False,True,84699,LOCUST ST,WILLOW ST,37.31783367,-121.8840972
2210,685348,CR-0000094074,1,1,0,0,22-268-0141,False,False,0,9/25/2022 2:23:00 AM,No Pedestrians Involved,Dry,No Unusual Conditions,Dark - Street Light,Violation Driver 1,Controls Functioning,Clear,Head On,Intersection,Other Vehicle,Not Applicable,Not Applicable,At,,False,False,110307,ST JAMES ST,TERRAINE ST,37.33750923,-121.8961105
2211,698707,CR-0000099956,1,0,0,0,23-147-0088,True,False,38,5/27/2023 1:25:00 AM,No Pedestrians Involved,Dry,No Unusual Conditions,Dark - Street Light Not Functioning,Violation Driver 1,Unknown,Clear,Hit Object,Related,Fixed Object,Not Applicable,Not Applicable,West Of,2 traffic poles,False,True,110307,ST JAMES ST,TERRAINE ST,37.33750923,-121.8961105
2212,692429,CR-0000097713,1,0,0,0,23-082-0686,False,False,0,3/23/2023 5:18:00 PM,No Pedestrians Involved,Dry,No Unusual Conditions,Daylight,Violation Driver 1,Controls Functioning,Clear,Rear End,Intersection,Other Vehicle,Not Applicable,Not Applicable,At,,True,False,110307,ST JAMES ST,TERRAINE ST,37.33750923,-121.8961105