_id,CrashFactId,Name,MinorInjuries,ModerateInjuries,SevereInjuries,FatalInjuries,TcrNumber,CityDamageFlag,ShortFormFlag,Distance,CrashDateTime,PedestrianAction,RoadwaySurface,RoadwayCondition,Lighting,PrimaryCollisionFactor,TrafficControl,Weather,CollisionType,ProximityToIntersection,VehicleInvolvedWith,PedestrianDirectionFrom,PedestrianDirectionTo,DirectionFromIntersection,Comment,SpeedingFlag,HitAndRunFlag,IntersectionNumber,AStreetName,BStreetName,Latitude,Longitude
2213,691003,CR-0000097174,0,0,0,0,23-056-0081,True,False,57,2/25/2023 2:08:00 AM,No Pedestrians Involved,Dry,No Unusual Conditions,Dark - Street Light,Violation Driver 1,Controls Functioning,Clear,Hit Object,Non-Related,Fixed Object,Not Applicable,Not Applicable,West Of,Traffic signal,False,False,110307,ST JAMES ST,TERRAINE ST,37.33750923,-121.8961105
2214,690099,CR-0000096192,0,0,0,0,22-338-4005,False,True,51,12/4/2022 12:45:00 PM,No Pedestrians Involved,Unknown,Unknown,Unknown,Unknown,Unknown,Unknown,Broadside,Non-Related,Other Vehicle,Not Applicable,Not Applicable,South Of,,False,False,110307,ST JAMES ST,TERRAINE ST,37.33750923,-121.8961105
2215,711908,CR-0000101354,0,0,0,0,23-250-0063,False,False,0,9/7/2023 1:41:00 AM,No Pedestrians Involved,Dry,No Unusual Conditions,Dark - Street Light,Violation Driver 1,Controls Functioning,Clear,Hit Object,Intersection,Fixed Object,Not Applicable,Not Applicable,At,Center Divider,False,True,110307,ST JAMES ST,TERRAINE ST,37.33750923,-121.8961105
2216,681453,CR-0000090843,0,0,0,0,22-028-0938,False,False,0,1/28/2022 9:36:00 PM,No Pedestrians Involved,Dry,No Unusual Conditions,Dark - Street Light,Violation Driver 1,No Controls Present/Factor,Clear,Rear End,Intersection,Parked Vehicle,Not Applicable,Not Applicable,At,,False,False,98317,PALM ST,WILLOW ST,37.31731268,-121.8850026
2217,711695,CR-0000101564,0,0,0,0,23-361-0095,True,False,0,12/27/2023 3:48:00 AM,No Pedestrians Involved,Dry,No Unusual Conditions,Dark - Street Light,Violation Driver 1,Controls Functioning,Clear,Hit Object,Intersection,Fixed Object,Not Applicable,Not Applicable,At,LIGHT POLE,True,False,98317,PALM ST,WILLOW ST,37.31731268,-121.8850026
2218,716056,CR-0000102038,0,0,0,0,24-015-0464,False,False,44,1/15/2024 1:17:00 PM,No Pedestrians Involved,Dry,No Unusual Conditions,Daylight,Violation Driver 1,No Controls Present/Factor,Clear,Sideswipe,Related,Parked Vehicle,Not Applicable,Not Applicable,South Of,,True,False,29644,CAMDEN AV,CAMELIA DR,37.22208817,-121.8725752
2219,681477,CR-0000090867,0,0,0,0,22-034-4006,False,True,51,2/2/2022 7:57:00 AM,No Pedestrians Involved,Unknown,Unknown,Unknown,Unknown,Unknown,Unknown,Rear End,Non-Related,Other Vehicle,Not Applicable,Not Applicable,East Of,,False,False,19909,BLOSSOM HILL RD,CAMDEN AV,37.2363626,-121.9035229
2220,682610,CR-0000092177,0,0,0,0,22-154-9708,False,True,200,5/4/2022 10:00:00 PM,No Pedestrians Involved,Dry,No Unusual Conditions,Dark - Street Light,Unknown,No Controls Present/Factor,Clear,Rear End,Non-Related,Parked Vehicle,Not Applicable,Not Applicable,East Of,,False,False,19909,BLOSSOM HILL RD,CAMDEN AV,37.2363626,-121.9035229
2221,683189,CR-0000092771,0,0,0,0,22-059-4001,False,True,0,2/26/2022 12:25:00 PM,No Pedestrians Involved,Unknown,Unknown,Daylight,Unknown,Unknown,Unknown,Broadside,Intersection,Other Vehicle,Not Applicable,Not Applicable,At,,False,False,19909,BLOSSOM HILL RD,CAMDEN AV,37.2363626,-121.9035229
2222,690172,CR-0000096261,0,0,0,0,22-264-9701,False,True,0,9/18/2022 4:15:00 PM,No Pedestrians Involved,Wet,No Unusual Conditions,Daylight,Unknown,No Controls Present/Factor,Rain,Broadside,Intersection,Other Vehicle,Not Applicable,Not Applicable,At,,False,False,19909,BLOSSOM HILL RD,CAMDEN AV,37.2363626,-121.9035229
2223,690653,CR-0000096775,0,0,1,0,23-030-0196,False,False,0,1/30/2023 8:10:00 AM,Crossing - Not In Crosswalk,Dry,No Unusual Conditions,Daylight,Pedestrian At Fault,Controls Functioning,Clear,Vehicle/Pedestrian,Intersection,Pedestrian,East,West,At,PED,False,False,19909,BLOSSOM HILL RD,CAMDEN AV,37.2363626,-121.9035229
2224,694517,CR-0000098511,2,0,0,0,23-161-0233,False,False,0,6/10/2023 7:32:00 AM,No Pedestrians Involved,Dry,No Unusual Conditions,Daylight,Violation Driver 1,Controls Functioning,Clear,Broadside,Intersection,Other Vehicle,Not Applicable,Not Applicable,At,,False,False,19909,BLOSSOM HILL RD,CAMDEN AV,37.2363626,-121.9035229
2225,716000,CR-0000101731,0,0,0,0,23-223-9714,False,True,0,8/10/2023 4:00:00 PM,No Pedestrians Involved,Dry,No Unusual Conditions,Daylight,Violation Driver 1,Controls Functioning,Clear,Rear End,Intersection,Other Vehicle,Not Applicable,Not Applicable,North Of,,False,True,19909,BLOSSOM HILL RD,CAMDEN AV,37.2363626,-121.9035229
2226,719793,CR-0000102966,0,0,0,0,24-024-9705,False,True,,1/24/2024 12:15:00 PM,No Pedestrians Involved,Wet,No Unusual Conditions,Daylight,Unknown,Controls Functioning,Clear,Sideswipe,Related,Other Vehicle,Not Applicable,Not Applicable,North Of,,False,False,19909,BLOSSOM HILL RD,CAMDEN AV,37.2363626,-121.9035229
2227,719735,CR-0000102907,0,0,0,0,24-018-0751,False,False,0,1/18/2024 6:46:00 PM,No Pedestrians Involved,Wet,Unknown,Dark - Street Light,Violation Driver 1,Controls Functioning,Rain,Broadside,Intersection,Other Vehicle,Not Applicable,Not Applicable,At,,False,False,19909,BLOSSOM HILL RD,CAMDEN AV,37.2363626,-121.9035229
2228,719840,CR-0000103013,0,0,0,0,24-042-4005,False,True,,2/8/2024 8:11:00 AM,No Pedestrians Involved,Unknown,Unknown,Unknown,Unknown,Unknown,Unknown,Sideswipe,Related,Other Vehicle,Not Applicable,Not Applicable,Unknown,,False,False,19909,BLOSSOM HILL RD,CAMDEN AV,37.2363626,-121.9035229
2229,720853,CR-0000103056,0,0,0,0,24-043-4009,False,True,51,2/12/2024 4:40:00 PM,No Pedestrians Involved,Unknown,Unknown,Unknown,Unknown,Unknown,Unknown,Sideswipe,Non-Related,Other Vehicle,Not Applicable,Not Applicable,Unknown,,False,False,19909,BLOSSOM HILL RD,CAMDEN AV,37.2363626,-121.9035229
2230,722500,CR-0000103794,1,0,0,0,24-106-0800,False,False,0,4/15/2024 7:58:00 PM,No Pedestrians Involved,Dry,No Unusual Conditions,Dusk - Dawn,Violation Driver 1,Controls Functioning,Clear,Sideswipe,Intersection,Other Vehicle,Not Applicable,Not Applicable,At,,False,False,19909,BLOSSOM HILL RD,CAMDEN AV,37.2363626,-121.9035229
2231,695824,CR-0000098889,0,0,0,0,23-094-0392,False,False,51,4/3/2023 11:30:00 PM,No Pedestrians Involved,Dry,No Unusual Conditions,Dark - Street Light,Violation Driver 1,No Controls Present/Factor,Clear,Sideswipe,Non-Related,Parked Vehicle,Not Applicable,Not Applicable,South Of,,True,True,63470,FOXWORTHY AV,ROSS AV,37.26731422,-121.9192858
2232,699376,CR-0000100703,0,0,0,0,23-205-4000,False,True,51,7/23/2023 8:55:00 AM,No Pedestrians Involved,Unknown,Unknown,Unknown,Unknown,Unknown,Unknown,Other,Non-Related,Parked Vehicle,Not Applicable,Not Applicable,West Of,,False,False,63470,FOXWORTHY AV,ROSS AV,37.26731422,-121.9192858
2233,682492,CR-0000092059,1,1,0,0,22-091-1075,False,False,400,4/1/2022 11:45:00 PM,No Pedestrians Involved,Dry,No Unusual Conditions,Dark - Street Light,Violation Driver 1,Controls Functioning,Clear,Broadside,Non-Related,Other Vehicle,Not Applicable,Not Applicable,North Of,,False,False,69860,HAMILTON PL,LEIGH AV,37.29759604,-121.9226885
2234,699099,CR-0000100416,0,0,0,0,23-155-0852,False,False,100,6/4/2023 9:45:00 PM,No Pedestrians Involved,Dry,No Unusual Conditions,Dark - Street Light,Violation Driver 1,No Controls Present/Factor,Clear,Rear End,Non-Related,Parked Vehicle,Not Applicable,Not Applicable,West Of,,True,True,69860,HAMILTON PL,LEIGH AV,37.29759604,-121.9226885
2235,722479,CR-0000103772,0,0,1,0,24-104-0768,False,False,43,4/13/2024 10:57:00 PM,No Pedestrians Involved,Wet,No Unusual Conditions,Dark - Street Light,Violation Driver 1,Controls Functioning,Rain,Rear End,Related,Other Vehicle,Not Applicable,Not Applicable,South Of,,True,False,69860,HAMILTON PL,LEIGH AV,37.29759604,-121.9226885
2236,715915,CR-0000101752,0,0,0,0,23-013-9711,False,True,0,1/10/2023 3:27:00 PM,No Pedestrians Involved,Wet,No Unusual Conditions,Daylight,Unknown,Unknown,Cloudy,Rear End,Intersection,Other Vehicle,Not Applicable,Not Applicable,At,,False,False,69860,HAMILTON PL,LEIGH AV,37.29759604,-121.9226885
2237,683022,CR-0000092609,0,0,0,0,22-110-9704,False,True,51,4/19/2022 3:00:00 AM,No Pedestrians Involved,Dry,No Unusual Conditions,Dark - Street Light,Unknown,No Controls Present/Factor,Clear,Sideswipe,Non-Related,Unknown,Not Applicable,Not Applicable,West Of,,False,True,106787,SAN SALVADOR ST,SECOND ST,37.33051989,-121.8849343
2238,681572,CR-0000090969,3,0,0,0,22-042-0807,False,False,0,2/11/2022 7:08:00 PM,No Pedestrians Involved,Dry,No Unusual Conditions,Dark - Street Light,Violation Driver 1,Controls Functioning,Clear,Head On,Intersection,Other Vehicle,Not Applicable,Not Applicable,At,,True,False,106787,SAN SALVADOR ST,SECOND ST,37.33051989,-121.8849343
2239,695979,CR-0000099114,0,0,0,0,23-217-4000,False,True,,8/4/2023 5:30:00 PM,No Pedestrians Involved,Unknown,Unknown,Unknown,Unknown,Unknown,Unknown,Hit Object,Related,Fixed Object,Not Applicable,Not Applicable,West Of,,False,False,106787,SAN SALVADOR ST,SECOND ST,37.33051989,-121.8849343
2240,696084,CR-0000099219,0,0,0,0,23-056-0056,False,False,0,2/25/2023 1:31:00 AM,No Pedestrians Involved,Dry,No Unusual Conditions,Dark - Street Light,Violation Driver 1,Controls Functioning,Clear,Sideswipe,Intersection,Other Vehicle,Not Applicable,Not Applicable,At,,False,False,106787,SAN SALVADOR ST,SECOND ST,37.33051989,-121.8849343
2241,696134,CR-0000099276,0,0,0,0,23-239-0050,False,False,135,8/27/2023 12:52:00 AM,No Pedestrians Involved,Dry,No Unusual Conditions,Dark - Street Light,Violation Driver 1,No Controls Present/Factor,Clear,Head On,Non-Related,Other Vehicle,Not Applicable,Not Applicable,West Of,,False,True,106787,SAN SALVADOR ST,SECOND ST,37.33051989,-121.8849343
2242,722221,CR-0000103487,0,0,0,0,24-082-9702,False,False,51,3/21/2024 11:45:00 PM,No Pedestrians Involved,Dry,No Unusual Conditions,Dark - Street Light,Violation Driver 1,Unknown,Other,Rear End,Non-Related,Other Vehicle,Not Applicable,Not Applicable,North Of,,False,False,4366,ALMADEN AV,PIERCE AV,37.32617159,-121.8876063
2243,722159,CR-0000103425,0,0,0,0,24-075-4001,False,True,51,3/14/2024 6:25:00 PM,No Pedestrians Involved,Unknown,Unknown,Unknown,Unknown,Unknown,Unknown,Rear End,Non-Related,Other Vehicle,Not Applicable,Not Applicable,West Of,,False,False,4267,ALMADEN AV,BALBACH ST,37.3271589,-121.8883447
2244,681946,CR-0000091455,0,0,0,0,22-087-0108,True,False,0,3/28/2022 4:28:00 AM,No Pedestrians Involved,Wet,No Unusual Conditions,Dark - Street Light,Violation Driver 1,Controls Functioning,Rain,Hit Object,Intersection,Fixed Object,Not Applicable,Not Applicable,At,TRAFFIC SIGNAL,False,False,121329,GUADALUPE FR,SANTA CLARA ST,37.33332032,-121.8965664
2245,681845,CR-0000091298,0,0,0,0,22-093-9704,False,True,51,3/3/2022 1:00:00 PM,No Pedestrians Involved,Dry,No Unusual Conditions,Daylight,Unknown,No Controls Present/Factor,Clear,Vehicle/Bike,Non-Related,Bike,Not Applicable,Not Applicable,West Of,BIKE,False,False,121329,GUADALUPE FR,SANTA CLARA ST,37.33332032,-121.8965664
2246,682216,CR-0000091756,0,0,0,0,22-062-1048,False,False,0,3/3/2022 11:44:00 PM,No Pedestrians Involved,Wet,No Unusual Conditions,Dark - Street Light,Violation Driver 1,Controls Functioning,Clear,Rear End,Intersection,Other Vehicle,Not Applicable,Not Applicable,At,,False,True,121329,GUADALUPE FR,SANTA CLARA ST,37.33332032,-121.8965664
2247,684801,CR-0000093411,0,0,0,0,22-184-0353,True,False,60,7/3/2022 12:25:00 PM,No Pedestrians Involved,Dry,No Unusual Conditions,Daylight,Violation Driver 1,Controls Functioning,Clear,Hit Object,Non-Related,Fixed Object,Not Applicable,Not Applicable,West Of,Control Box (Light),True,False,121329,GUADALUPE FR,SANTA CLARA ST,37.33332032,-121.8965664
2248,688774,CR-0000094618,0,0,0,0,22-290-4002,False,True,51,10/14/2022 8:30:00 PM,No Pedestrians Involved,Unknown,Unknown,Unknown,Unknown,Unknown,Unknown,Rear End,Non-Related,Other Vehicle,Not Applicable,Not Applicable,South Of,,False,False,121329,GUADALUPE FR,SANTA CLARA ST,37.33332032,-121.8965664
2249,689517,CR-0000095494,1,0,0,0,22-358-0532,True,False,20,12/24/2022 4:44:00 PM,No Pedestrians Involved,Dry,No Unusual Conditions,Daylight,Violation Driver 1,Controls Functioning,Clear,Hit Object,Related,Fixed Object,Not Applicable,Not Applicable,West Of,Traffic Signal/Electric Box,True,False,121329,GUADALUPE FR,SANTA CLARA ST,37.33332032,-121.8965664
2250,694155,CR-0000098172,1,0,0,0,23-133-0301,False,False,362,5/13/2023 10:14:00 AM,No Pedestrians Involved,Dry,No Unusual Conditions,Daylight,Violation Driver 1,No Controls Present/Factor,Clear,Sideswipe,Non-Related,Other Vehicle,Not Applicable,Not Applicable,West Of,,False,False,121329,GUADALUPE FR,SANTA CLARA ST,37.33332032,-121.8965664
2251,719569,CR-0000102716,1,1,0,0,24-077-0858,False,False,20,3/17/2024 10:36:00 PM,No Pedestrians Involved,Dry,No Unusual Conditions,Dark - Street Light,Violation Driver 1,Controls Functioning,Clear,Vehicle/Bike,Related,Scooter Motorized,Not Applicable,Not Applicable,West Of,M.SCOOTER,False,True,121329,GUADALUPE FR,SANTA CLARA ST,37.33332032,-121.8965664
2252,711879,CR-0000101152,0,0,0,0,23-286-4000,False,True,,10/8/2023 12:00:00 PM,No Pedestrians Involved,Unknown,Unknown,Unknown,Unknown,Unknown,Unknown,Rear End,Related,Other Vehicle,Not Applicable,Not Applicable,South Of,,False,False,121329,GUADALUPE FR,SANTA CLARA ST,37.33332032,-121.8965664
2253,687453,CR-0000094232,0,1,0,0,22-253-0320,False,False,109,9/10/2022 9:20:00 AM,No Pedestrians Involved,Dry,No Unusual Conditions,Daylight,Violation Driver 1,No Controls Present/Factor,Clear,Sideswipe,Non-Related,Parked Vehicle,Not Applicable,Not Applicable,North Of,,True,False,111792,THIRD ST,WILLIAM ST,37.32957937,-121.88281
2254,711925,CR-0000101014,0,0,0,0,23-249-0570,False,False,54,9/6/2023 3:53:00 PM,No Pedestrians Involved,Dry,No Unusual Conditions,Daylight,Violation Driver 1,No Controls Present/Factor,Clear,Sideswipe,Non-Related,Other Vehicle,Not Applicable,Not Applicable,North Of,,False,False,111792,THIRD ST,WILLIAM ST,37.32957937,-121.88281
2255,720872,CR-0000103075,0,0,0,0,24-027-4000,False,True,0,1/26/2024 9:40:00 PM,No Pedestrians Involved,Unknown,Unknown,Unknown,Unknown,Unknown,Unknown,Vehicle/Bike,Intersection,Bike,Not Applicable,Not Applicable,At,BIKE,False,False,111792,THIRD ST,WILLIAM ST,37.32957937,-121.88281
2256,716226,CR-0000102187,2,0,0,0,24-043-0179,False,False,0,2/12/2024 8:03:00 AM,No Pedestrians Involved,Dry,No Unusual Conditions,Daylight,Violation Driver 1,Controls Functioning,Clear,Head On,Intersection,Other Vehicle,Not Applicable,Not Applicable,At,,True,False,111792,THIRD ST,WILLIAM ST,37.32957937,-121.88281
2257,688716,CR-0000094541,0,0,0,0,22-196-4001,False,True,51,7/14/2022 10:45:00 AM,No Pedestrians Involved,Unknown,Unknown,Daylight,Unknown,Unknown,Unknown,Hit Object,Non-Related,Fixed Object,Not Applicable,Not Applicable,West Of,,False,True,28896,CALLE DE FARRAR,CASA DE PONSELLE,37.2589982,-121.8943156
2258,681792,CR-0000091192,1,0,0,0,22-032-2295,False,False,36,2/1/2022 1:41:00 AM,No Pedestrians Involved,Dry,Other,Dark - Street Light,Violation Driver 1,Unknown,Clear,Head On,Related,Parked Vehicle,Not Applicable,Not Applicable,West Of,,True,False,37883,CHERRY AV,TWIN BROOK DR,37.31019286,-121.9104625
2259,690416,CR-0000096513,0,0,0,0,22-350-0924,False,False,200,12/16/2022 9:44:00 PM,No Pedestrians Involved,Dry,No Unusual Conditions,Dark - Street Light,Violation Driver 1,No Controls Present/Factor,Clear,Head On,Non-Related,Parked Vehicle,Not Applicable,Not Applicable,South Of,,False,False,67814,GOODYEAR ST,VINE ST,37.31696715,-121.8821753
2260,690692,CR-0000096827,0,0,0,0,23-008-0281,False,False,33,1/8/2023 10:42:00 AM,No Pedestrians Involved,Unknown,No Unusual Conditions,Daylight,Violation Driver 1,Controls Functioning,Cloudy,Rear End,Related,Parked Vehicle,Not Applicable,Not Applicable,East Of,,True,True,67814,GOODYEAR ST,VINE ST,37.31696715,-121.8821753
2261,698792,CR-0000100072,0,1,0,0,23-351-0578,False,False,0,12/17/2023 4:43:00 PM,No Pedestrians Involved,Wet,No Unusual Conditions,Daylight,Violation Driver 1,Controls Functioning,Cloudy,Broadside,Intersection,Motorcycle,Not Applicable,Not Applicable,At,,False,True,67814,GOODYEAR ST,VINE ST,37.31696715,-121.8821753
2262,719776,CR-0000102949,1,0,0,0,24-033-0149,False,False,210,2/2/2024 7:05:00 AM,No Pedestrians Involved,Dry,No Unusual Conditions,Daylight,Violation Driver 1,No Controls Present/Factor,Clear,Vehicle/Bike,Non-Related,Bike,Not Applicable,Not Applicable,South Of,BIKE,False,False,67814,GOODYEAR ST,VINE ST,37.31696715,-121.8821753
2263,684774,CR-0000093449,2,0,0,0,22-199-0286,False,False,0,7/18/2022 8:41:00 AM,No Pedestrians Involved,Dry,No Unusual Conditions,Daylight,Violation Driver 1,Unknown,Clear,Sideswipe,Intersection,Other Vehicle,Not Applicable,Not Applicable,At,,False,False,80761,KOZERA DR,PEARL AV,37.26126525,-121.863999
2264,698998,CR-0000100302,0,1,0,0,23-318-0639,False,False,0,11/14/2023 4:57:00 PM,No Pedestrians Involved,Dry,No Unusual Conditions,Daylight,Other Than Driver,Controls Functioning,Clear,Vehicle/Bike,Intersection,Bike,Not Applicable,Not Applicable,At,BIKE,False,False,80761,KOZERA DR,PEARL AV,37.26126525,-121.863999
2265,694248,CR-0000097956,3,0,0,0,23-089-0559,False,False,380,3/30/2023 3:27:00 PM,No Pedestrians Involved,Dry,No Unusual Conditions,Daylight,Violation Driver 1,Controls Functioning,Clear,Rear End,Non-Related,Other Vehicle,Not Applicable,Not Applicable,North Of,,True,False,80761,KOZERA DR,PEARL AV,37.26126525,-121.863999
2266,711609,CR-0000101515,0,0,0,0,23-135-4009,False,True,,5/14/2023 8:40:00 PM,No Pedestrians Involved,Unknown,Unknown,Unknown,Unknown,Unknown,Unknown,Sideswipe,Non-Related,Parked Vehicle,Not Applicable,Not Applicable,North Of,,False,True,78209,KAMMERER AV,MCCREERY AV,37.34898046,-121.8469437
2267,698712,CR-0000099961,0,0,0,0,23-147-9701,False,True,,5/27/2023 6:00:00 AM,No Pedestrians Involved,Dry,No Unusual Conditions,Daylight,Unknown,No Controls Present/Factor,Clear,Rear End,Related,Parked Vehicle,Not Applicable,Not Applicable,North Of,,False,False,24507,BRENFORD DR,WENLOCK DR,37.34680294,-121.8270195
2268,699115,CR-0000100431,0,0,0,0,23-147-0325,False,False,94,5/27/2023 7:00:00 AM,No Pedestrians Involved,Dry,Unknown,Daylight,Violation Driver 1,No Controls Present/Factor,Clear,Hit Object,Non-Related,Fixed Object,Not Applicable,Not Applicable,West Of,FENCE,True,True,24507,BRENFORD DR,WENLOCK DR,37.34680294,-121.8270195
2269,712213,CR-0000101656,0,0,0,0,23-258-0163,False,False,36,9/15/2023 6:38:00 AM,No Pedestrians Involved,Dry,No Unusual Conditions,Daylight,Violation Driver 1,No Controls Present/Factor,Clear,Sideswipe,Related,Parked Vehicle,Not Applicable,Not Applicable,South Of,,False,False,32284,CAPITOL AV,DUBLIN DR,37.34661227,-121.8238179
2270,682065,CR-0000091583,0,0,0,0,22-065-0859,True,False,0,3/6/2022 7:58:00 PM,No Pedestrians Involved,Dry,No Unusual Conditions,Dark - Street Light,Violation Driver 1,No Controls Present/Factor,Clear,Broadside,Intersection,Parked Vehicle,Not Applicable,Not Applicable,At,City parking Sign and Pole,True,False,36520,CHANT CT,WENLOCK DR,37.34779806,-121.8278952
2271,687466,CR-0000094246,0,0,0,0,22-256-0753,False,False,57,9/13/2022 5:16:00 PM,No Pedestrians Involved,Dry,No Unusual Conditions,Daylight,Violation Driver 1,Unknown,Clear,Sideswipe,Non-Related,Other Vehicle,Not Applicable,Not Applicable,South Of,,False,True,53020,DUMONT CI,LEEWARD DR,37.34746606,-121.8297293
2272,681646,CR-0000091043,0,0,0,0,22-030-0840,False,False,51,1/30/2022 10:10:00 PM,No Pedestrians Involved,Dry,No Unusual Conditions,Dark - Street Light,Violation Driver 1,Controls Functioning,Clear,Rear End,Non-Related,Other Vehicle,Not Applicable,Not Applicable,South Of,,True,True,124299,SANTA TERESA BL,WEST VALLEY FR,37.25662762,-121.8589877
2273,719530,CR-0000102659,0,1,0,0,24-063-0067,False,False,0,3/3/2024 12:50:00 AM,In Road - Includes Shoulder,Wet,No Unusual Conditions,Dark - Street Light Not Functioning,Violation Driver 1,Controls Functioning,Rain,Vehicle/Pedestrian,Intersection,Pedestrian,No Direction (Not Walking),No Direction (Not Walking),At,PED,False,False,124299,SANTA TERESA BL,WEST VALLEY FR,37.25662762,-121.8589877
2274,681706,CR-0000091103,0,0,0,0,22-059-1504,False,False,26,2/28/2022 11:00:00 PM,No Pedestrians Involved,Dry,No Unusual Conditions,Dark - Street Light,Violation Driver 1,No Controls Present/Factor,Clear,Head On,Related,Parked Vehicle,Not Applicable,Not Applicable,North Of,,True,True,44593,COVE CT,CUNNINGHAM AV,37.34058157,-121.8088725
2275,690608,CR-0000096729,2,0,0,0,23-024-0657,False,False,0,1/24/2023 4:07:00 PM,No Pedestrians Involved,Dry,No Unusual Conditions,Daylight,Violation Driver 1,No Controls Present/Factor,Clear,Head On,Intersection,Other Vehicle,Not Applicable,Not Applicable,At,,False,False,44593,COVE CT,CUNNINGHAM AV,37.34058157,-121.8088725
2276,699028,CR-0000100334,1,0,0,0,23-304-0268,False,False,0,10/31/2023 8:40:00 AM,Crossing - Not In Crosswalk,Dry,No Unusual Conditions,Daylight,Violation Driver 1,No Controls Present/Factor,Unknown,Vehicle/Pedestrian,Intersection,Pedestrian,West,East,At,PED,False,True,7369,ANGIE AV,JACKSON AV,37.34766683,-121.8332852
2277,690399,CR-0000096495,0,0,0,0,22-123-0127,False,False,34,5/3/2022 12:30:00 PM,No Pedestrians Involved,Dry,No Unusual Conditions,Daylight,Unknown,No Controls Present/Factor,Clear,Rear End,Related,Parked Vehicle,Not Applicable,Not Applicable,North Of,,False,False,64240,GALAHAD AV,LILLIPUT LN,37.351914,-121.831363
2278,691289,CR-0000097534,0,0,0,0,23-036-0385,False,False,177,2/3/2023 6:30:00 AM,No Pedestrians Involved,Dry,No Unusual Conditions,Daylight,Violation Driver 1,No Controls Present/Factor,Fog,Sideswipe,Non-Related,Parked Vehicle,Not Applicable,Not Applicable,North Of,,False,True,64240,GALAHAD AV,LILLIPUT LN,37.351914,-121.831363
2279,719622,CR-0000102781,0,0,0,0,23-078-4003,False,True,51,3/19/2023 12:10:00 PM,No Pedestrians Involved,Unknown,Unknown,Unknown,Unknown,Unknown,Unknown,Other,Non-Related,Parked Vehicle,Not Applicable,Not Applicable,South Of,,False,False,64240,GALAHAD AV,LILLIPUT LN,37.351914,-121.831363
2280,690813,CR-0000096952,0,0,0,0,23-004-0024,False,False,77,1/4/2023 12:00:00 AM,No Pedestrians Involved,Wet,No Unusual Conditions,Dark - Street Light,Violation Driver 1,No Controls Present/Factor,Rain,Rear End,Non-Related,Parked Vehicle,Not Applicable,Not Applicable,East Of,,False,True,39478,CINDERELLA LN,STEITZ CT,37.34666781,-121.8378442
2281,696373,CR-0000099531,0,0,0,0,23-135-9707,False,True,51,5/14/2023 5:00:00 AM,No Pedestrians Involved,Unknown,Unknown,Dark - Street Light,Unknown,No Controls Present/Factor,Unknown,Sideswipe,Non-Related,Parked Vehicle,Not Applicable,Not Applicable,South Of,,False,False,62688,FOURIER DR,MARCHANT DR,37.36869403,-121.8030151
2282,695895,CR-0000099023,0,0,0,0,23-238-4002,False,True,0,8/26/2023 8:40:00 PM,No Pedestrians Involved,Unknown,Unknown,Unknown,Unknown,Unknown,Unknown,Broadside,Intersection,Other Vehicle,Not Applicable,Not Applicable,At,,False,False,88307,MARTEN AV,MT PLEASANT RD,37.3505941,-121.7970302
2283,694711,CR-0000098750,2,0,0,0,23-222-0207,False,False,0,8/10/2023 8:26:00 AM,No Pedestrians Involved,Dry,No Unusual Conditions,Daylight,Violation Driver 1,Controls Functioning,Clear,Head On,Intersection,Other Vehicle,Not Applicable,Not Applicable,At,,False,False,88307,MARTEN AV,MT PLEASANT RD,37.3505941,-121.7970302
2284,689849,CR-0000095875,0,0,1,0,22-256-0835,False,False,0,9/13/2022 6:32:00 PM,No Pedestrians Involved,Dry,No Unusual Conditions,Daylight,Violation Driver 1,No Controls Present/Factor,Clear,Vehicle/Bike,Intersection,Bike,Not Applicable,Not Applicable,At,BIKE,True,True,39445,CINDERELLA LN,MOSS DR,37.34431797,-121.841664
2285,696076,CR-0000099211,0,0,0,0,23-035-4002,False,True,35,2/4/2023 2:05:00 AM,No Pedestrians Involved,Unknown,Unknown,Unknown,Unknown,Unknown,Unknown,Sideswipe,Related,Parked Vehicle,Not Applicable,Not Applicable,Unknown,,False,False,50951,DIADEM DR,LYONS DR,37.34946927,-121.8361542
2286,684895,CR-0000093521,1,0,0,0,22-182-0314,False,False,0,7/1/2022 2:41:00 PM,No Pedestrians Involved,Dry,No Unusual Conditions,Daylight,Violation Driver 1,Controls Functioning,Clear,Rear End,Intersection,Other Vehicle,Not Applicable,Not Applicable,At,,True,False,102475,QUIMBY RD,RIGOLETTO DR,37.32256134,-121.8159103
2287,694743,CR-0000098781,1,0,0,0,23-226-0978,False,False,0,8/14/2023 10:57:00 PM,No Pedestrians Involved,Dry,No Unusual Conditions,Dark - Street Light,Violation Driver 1,Controls Functioning,Clear,Broadside,Intersection,Motor Vehicle On Other Roadway,Not Applicable,Not Applicable,At,,False,False,102475,QUIMBY RD,RIGOLETTO DR,37.32256134,-121.8159103
2288,699075,CR-0000100381,0,0,0,0,23-233-9711,False,True,0,8/19/2023 10:03:00 AM,No Pedestrians Involved,Dry,No Unusual Conditions,Daylight,Unknown,Unknown,Clear,Rear End,Intersection,Other Vehicle,Not Applicable,Not Applicable,At,,False,False,102475,QUIMBY RD,RIGOLETTO DR,37.32256134,-121.8159103