_id,CrashFactId,Name,MinorInjuries,ModerateInjuries,SevereInjuries,FatalInjuries,TcrNumber,CityDamageFlag,ShortFormFlag,Distance,CrashDateTime,PedestrianAction,RoadwaySurface,RoadwayCondition,Lighting,PrimaryCollisionFactor,TrafficControl,Weather,CollisionType,ProximityToIntersection,VehicleInvolvedWith,PedestrianDirectionFrom,PedestrianDirectionTo,DirectionFromIntersection,Comment,SpeedingFlag,HitAndRunFlag,IntersectionNumber,AStreetName,BStreetName,Latitude,Longitude
2289,691065,CR-0000097238,0,0,0,0,23-055-4000,False,True,0,2/23/2023 10:20:00 AM,No Pedestrians Involved,Unknown,Unknown,Unknown,Unknown,Unknown,Unknown,Broadside,Intersection,Other Vehicle,Not Applicable,Not Applicable,At,,False,False,102475,QUIMBY RD,RIGOLETTO DR,37.32256134,-121.8159103
2290,684724,CR-0000093374,0,0,0,0,22-213-0565,True,False,51,8/1/2022 2:50:00 PM,No Pedestrians Involved,Dry,No Unusual Conditions,Daylight,Violation Driver 1,No Controls Present/Factor,Clear,Hit Object,Non-Related,Fixed Object,Not Applicable,Not Applicable,Unknown,K-RAILS/MEDIAN,False,False,92652,MONTEREY RD,OGIER AV,37.17715414,-121.6987718
2291,690049,CR-0000096123,0,0,0,0,22-333-0099,False,False,307,11/29/2022 2:52:00 AM,No Pedestrians Involved,Dry,No Unusual Conditions,Dark - Street Light,Violation Driver 1,No Controls Present/Factor,Clear,Hit Object,Non-Related,Fixed Object,Not Applicable,Not Applicable,South Of,Power Line,True,False,92652,MONTEREY RD,OGIER AV,37.17715414,-121.6987718
2292,682295,CR-0000091810,0,0,0,0,22-123-0328,True,False,178,5/3/2022 6:00:00 AM,No Pedestrians Involved,Dry,No Unusual Conditions,Dark - Street Light,Violation Driver 1,No Controls Present/Factor,Clear,Hit Object,Non-Related,Fixed Object,Not Applicable,Not Applicable,South Of,Light Pole,False,True,120427,MEADOWLANDS LN (N),SAN FELIPE RD,37.27910673,-121.7537299
2293,682952,CR-0000092534,0,2,0,0,22-162-0250,False,False,0,6/11/2022 8:06:00 AM,No Pedestrians Involved,Dry,No Unusual Conditions,Daylight,Violation Driver 1,Controls Functioning,Clear,Overturned,Intersection,Parked Vehicle,Not Applicable,Not Applicable,At,,True,False,100176,PEPPER TREE LN,TOYON AV,37.38862164,-121.8315054
2294,711838,CR-0000101337,0,0,0,0,23-344-0274,True,False,20,12/10/2023 8:49:00 AM,No Pedestrians Involved,Dry,No Unusual Conditions,Daylight,Violation Driver 1,No Controls Present/Factor,Clear,Broadside,Related,Other Vehicle,Not Applicable,Not Applicable,East Of,TREE,True,False,3453,ALDRICH WY,ALVIN AV,37.31288914,-121.8215228
2295,682166,CR-0000091719,2,0,0,0,22-066-0552,False,False,82,3/7/2022 1:20:00 PM,No Pedestrians Involved,Dry,No Unusual Conditions,Daylight,Violation Driver 1,Controls Functioning,Clear,Rear End,Non-Related,Other Vehicle,Not Applicable,Not Applicable,South Of,,False,False,3497,ALDRICH WY,KING RD,37.31480447,-121.8186855
2296,692400,CR-0000097683,0,0,0,0,23-080-0781,False,False,0,3/21/2023 7:53:00 PM,No Pedestrians Involved,Wet,No Unusual Conditions,Dark - Street Light,Violation Driver 1,No Controls Present/Factor,Rain,Broadside,Intersection,Other Vehicle,Not Applicable,Not Applicable,At,,False,False,3497,ALDRICH WY,KING RD,37.31480447,-121.8186855
2297,694588,CR-0000098612,0,2,0,0,23-202-0806,False,False,70,7/21/2023 7:27:00 PM,No Pedestrians Involved,Dry,No Unusual Conditions,Dark - Street Light,Violation Driver 1,No Controls Present/Factor,Clear,Broadside,Non-Related,Other Vehicle,Not Applicable,Not Applicable,North Of,,False,False,3497,ALDRICH WY,KING RD,37.31480447,-121.8186855
2298,690901,CR-0000097055,0,0,0,0,23-050-0578,True,False,26,2/19/2023 4:43:00 PM,No Pedestrians Involved,Dry,No Unusual Conditions,Daylight,Violation Driver 1,No Controls Present/Factor,Clear,Hit Object,Related,Fixed Object,Not Applicable,Not Applicable,South Of,TREE,True,False,3486,ALDRICH WY,GALENA DR,37.31253643,-121.8218032
2299,682318,CR-0000091881,0,0,0,0,22-097-1081,False,False,124,4/7/2022 11:13:00 PM,No Pedestrians Involved,Dry,No Unusual Conditions,Dark - Street Light,Violation Driver 1,Controls Functioning,Clear,Rear End,Non-Related,Parked Vehicle,Not Applicable,Not Applicable,West Of,,False,True,35716,CEDRO ST,SENTER RD,37.28972745,-121.8295424
2300,690727,CR-0000096864,0,1,0,0,23-059-0079,False,False,0,2/28/2023 3:29:00 AM,No Pedestrians Involved,Wet,No Unusual Conditions,Dark - Street Light,Violation Driver 1,No Controls Present/Factor,Rain,Broadside,Intersection,Parked Vehicle,Not Applicable,Not Applicable,At,,True,True,35716,CEDRO ST,SENTER RD,37.28972745,-121.8295424
2301,682198,CR-0000091751,0,0,0,0,22-062-0793,True,False,200,3/3/2022 6:10:00 PM,No Pedestrians Involved,Wet,No Unusual Conditions,Dusk - Dawn,Violation Driver 1,No Controls Present/Factor,Other,Hit Object,Non-Related,Fixed Object,Not Applicable,Not Applicable,South Of,Light Pole,False,False,27862,CADWALLADER AV,LOS ALTOS DR,37.30785386,-121.7879663
2302,681601,CR-0000090998,0,0,0,0,22-047-0014,True,False,18,2/16/2022 12:10:00 AM,No Pedestrians Involved,Dry,No Unusual Conditions,Dark - Street Light,Violation Driver 1,No Controls Present/Factor,Clear,Other,Related,Fixed Object,Not Applicable,Not Applicable,South Of,CURB,False,False,131273,SILVER CREEK VALLEY RD,WHITETAIL LN,37.29214825,-121.7829403
2303,698718,CR-0000099967,2,0,0,0,23-148-0630,False,False,0,5/28/2023 5:40:00 PM,No Pedestrians Involved,Dry,No Unusual Conditions,Daylight,Violation Driver 1,No Controls Present/Factor,Clear,Head On,Intersection,Other Vehicle,Not Applicable,Not Applicable,At,,False,False,143933,NANCY LN,WILBUR AV,37.35926122,-121.8287046
2304,689639,CR-0000095621,1,0,0,0,22-315-0793,False,False,84,11/11/2022 9:16:00 PM,No Pedestrians Involved,Dry,No Unusual Conditions,Dark - Street Light,Violation Driver 1,No Controls Present/Factor,Clear,Hit Object,Non-Related,Fixed Object,Not Applicable,Not Applicable,East Of,MEDIAN,True,False,97041,OCALA AV,OCALA CT,37.34363017,-121.8115099
2305,716356,CR-0000102361,0,1,0,0,24-038-0173,False,False,83,2/7/2024 8:08:00 AM,No Pedestrians Involved,Wet,Unknown,Daylight,Violation Driver 1,Unknown,Rain,Rear End,Non-Related,Other Vehicle,Not Applicable,Not Applicable,East Of,,False,False,97041,OCALA AV,OCALA CT,37.34363017,-121.8115099
2306,689278,CR-0000095226,0,0,0,0,22-299-1023,True,False,167,10/26/2022 11:26:00 PM,No Pedestrians Involved,Dry,No Unusual Conditions,Dark - Street Light,Violation Driver 1,Unknown,Clear,Hit Object,Non-Related,Fixed Object,Not Applicable,Not Applicable,South Of,LIGHTPOLE,False,False,30337,CAMDEN AV,PRESTON DR,37.23309446,-121.9034648
2307,696247,CR-0000099394,2,0,0,0,23-176-0920,False,False,153,6/25/2023 10:35:00 PM,No Pedestrians Involved,Dry,No Unusual Conditions,Dark - Street Light,Violation Driver 1,Unknown,Clear,Other,Non-Related,Motorcycle,Not Applicable,Not Applicable,North Of,,False,False,30337,CAMDEN AV,PRESTON DR,37.23309446,-121.9034648
2308,684885,CR-0000093517,1,1,0,0,22-183-0931,False,False,45,7/2/2022 10:39:00 PM,No Pedestrians Involved,Dry,No Unusual Conditions,Dark - Street Light,Violation Driver 1,No Controls Present/Factor,Clear,Broadside,Related,Other Vehicle,Not Applicable,Not Applicable,West Of,,False,True,9349,ARROBA WY,HILLSDALE AV,37.26885467,-121.9013158
2309,682608,CR-0000092175,1,0,0,0,22-123-0647,False,False,22,5/3/2022 4:40:00 PM,No Pedestrians Involved,Dry,No Unusual Conditions,Daylight,Violation Driver 1,Controls Functioning,Clear,Broadside,Related,Other Vehicle,Not Applicable,Not Applicable,West Of,,False,False,9349,ARROBA WY,HILLSDALE AV,37.26885467,-121.9013158
2310,690743,CR-0000096880,2,0,0,0,23-021-0053,False,False,116,1/21/2023 1:13:00 AM,No Pedestrians Involved,Dry,No Unusual Conditions,Dark - Street Light,Violation Driver 1,No Controls Present/Factor,Clear,Rear End,Non-Related,Parked Vehicle,Not Applicable,Not Applicable,East Of,,False,False,54141,EDENBANK DR,STEVENS LN,37.3208329,-121.7905496
2311,687555,CR-0000094345,1,0,0,0,22-260-0590,False,False,25,9/17/2022 5:28:00 PM,Crossing - Not In Crosswalk,Dry,Unknown,Daylight,Violation Driver 1,Controls Functioning,Clear,Vehicle/Pedestrian,Related,Pedestrian,South,North,West Of,PEDESTRIAN,False,False,84952,LONE BLUFF WY,PLATTE RIVER CT,37.29832648,-121.8327654
2312,711871,CR-0000101006,0,0,0,0,23-272-0968,False,False,0,9/29/2023 10:12:00 PM,No Pedestrians Involved,Dry,No Unusual Conditions,Dark - No Street Light,Violation Driver 1,No Controls Present/Factor,Clear,Sideswipe,Intersection,Parked Vehicle,Not Applicable,Not Applicable,At,,False,True,60884,FLANIGAN DR,FONTAINE RD,37.31561618,-121.8280733
2313,722256,CR-0000103523,0,0,0,0,24-084-0815,True,False,26,3/24/2024 9:40:00 PM,No Pedestrians Involved,Dry,No Unusual Conditions,Dark - Street Light,Violation Driver 1,No Controls Present/Factor,Clear,Hit Object,Related,Fixed Object,Not Applicable,Not Applicable,East Of,LIGHTPOLE,False,False,60884,FLANIGAN DR,FONTAINE RD,37.31561618,-121.8280733
2314,683384,CR-0000092977,0,0,0,0,22-179-0675,True,False,206,6/28/2022 5:10:00 PM,No Pedestrians Involved,Dry,No Unusual Conditions,Daylight,Violation Driver 1,Controls Functioning,Clear,Hit Object,Non-Related,Fixed Object,Not Applicable,Not Applicable,South Of,Guardrail. See also 22-179-0703,True,False,44813,COYOTE RD,NICOLE CT,37.27581948,-121.8027531
2315,690693,CR-0000096828,0,0,1,0,23-007-0380,False,False,159,1/7/2023 11:13:00 PM,No Pedestrians Involved,Wet,No Unusual Conditions,Dark - Street Light,Violation Driver 1,Controls Functioning,Rain,Hit Object,Non-Related,Fixed Object,Not Applicable,Not Applicable,North Of,TREE,True,False,122033,HAMPSWOOD WY,O GRADY DR,37.20506284,-121.8398597
2316,685193,CR-0000093871,0,0,0,0,22-243-0078,False,False,0,8/31/2022 2:52:00 AM,No Pedestrians Involved,Dry,No Unusual Conditions,Dark - Street Light,Violation Driver 1,Controls Functioning,Clear,Sideswipe,Intersection,Parked Vehicle,Not Applicable,Not Applicable,At,,False,True,12187,BAL HARBOR WY,CORTEZ AV,37.33892535,-121.8377089
2317,722365,CR-0000103659,1,0,0,0,24-111-0621,False,False,35,4/20/2024 6:39:00 PM,No Pedestrians Involved,Dry,No Unusual Conditions,Daylight,Violation Driver 1,No Controls Present/Factor,Clear,Rear End,Related,Parked Vehicle,Not Applicable,Not Applicable,South Of,,True,False,12187,BAL HARBOR WY,CORTEZ AV,37.33892535,-121.8377089
2318,699453,CR-0000100781,0,0,0,0,23-197-0917,False,False,337,7/16/2023 10:31:00 PM,No Pedestrians Involved,Dry,No Unusual Conditions,Dark - No Street Light,Violation Driver 1,Controls Functioning,Clear,Rear End,Non-Related,Other Vehicle,Not Applicable,Not Applicable,South Of,,True,False,12209,BAL HARBOR WY,EVERGLADE AV,37.33831957,-121.8369492
2319,681348,CR-0000090722,0,0,0,0,22-014-4000,False,True,,1/13/2022 11:11:00 PM,No Pedestrians Involved,Unknown,Unknown,Unknown,Unknown,Unknown,Unknown,Rear End,Related,Parked Vehicle,Not Applicable,Not Applicable,East Of,,False,False,40446,CLIFFWOOD DR,EVERGLADE AV,37.33797879,-121.8377552
2320,692418,CR-0000097701,0,0,0,0,23-081-0739,False,False,51,3/22/2023 7:56:00 PM,No Pedestrians Involved,Dry,No Unusual Conditions,Dark - Street Light,Violation Driver 1,No Controls Present/Factor,Clear,Sideswipe,Non-Related,Other Vehicle,Not Applicable,Not Applicable,Unknown,,False,True,40446,CLIFFWOOD DR,EVERGLADE AV,37.33797879,-121.8377552
2321,683433,CR-0000093029,1,0,0,0,22-162-0730,False,False,0,6/11/2022 4:00:00 PM,No Pedestrians Involved,Dry,No Unusual Conditions,Daylight,Violation Driver 1,Controls Functioning,Clear,Broadside,Intersection,Other Vehicle,Not Applicable,Not Applicable,At,,False,False,57860,EVERGLADE AV,KING RD,37.33669208,-121.8399902
2322,684936,CR-0000093615,0,0,0,0,22-199-0260,False,False,120,7/18/2022 8:00:00 AM,No Pedestrians Involved,Dry,No Unusual Conditions,Daylight,Violation Driver 1,Unknown,Clear,Sideswipe,Non-Related,Parked Vehicle,Not Applicable,Not Applicable,West Of,,True,True,57860,EVERGLADE AV,KING RD,37.33669208,-121.8399902
2323,692419,CR-0000097702,1,0,0,0,23-081-0197,False,False,0,3/22/2023 7:00:00 AM,No Pedestrians Involved,Wet,No Unusual Conditions,Daylight,Violation Driver 1,Controls Functioning,Cloudy,Head On,Intersection,Other Vehicle,Not Applicable,Not Applicable,At,,False,False,57860,EVERGLADE AV,KING RD,37.33669208,-121.8399902
2324,694118,CR-0000098152,1,0,0,0,23-126-1145,False,False,,5/6/2023 11:30:00 PM,Crossing - Not In Crosswalk,Dry,Unknown,Dark - Street Light,Violation Driver 1,Controls Functioning,Clear,Vehicle/Pedestrian,Related,Pedestrian,Unknown,Unknown,North Of,PED,True,True,57860,EVERGLADE AV,KING RD,37.33669208,-121.8399902
2325,691370,CR-0000097619,1,0,0,0,23-061-0984,True,False,0,3/2/2023 11:52:00 PM,No Pedestrians Involved,Dry,No Unusual Conditions,Dark - Street Light,Violation Driver 1,Controls Functioning,Clear,Hit Object,Intersection,Fixed Object,Not Applicable,Not Applicable,At,"Traffic sign, light pole",False,False,57860,EVERGLADE AV,KING RD,37.33669208,-121.8399902
2326,689862,CR-0000095888,2,0,0,0,22-344-0643,False,False,0,12/10/2022 5:34:00 PM,No Pedestrians Involved,Wet,No Unusual Conditions,Dark - Street Light,Violation Driver 1,No Controls Present/Factor,Rain,Broadside,Intersection,Other Vehicle,Not Applicable,Not Applicable,At,,False,False,57860,EVERGLADE AV,KING RD,37.33669208,-121.8399902
2327,711984,CR-0000101028,0,0,0,0,23-251-0616,False,False,0,9/8/2023 4:33:00 PM,No Pedestrians Involved,Dry,No Unusual Conditions,Daylight,Violation Driver 1,Controls Functioning,Clear,Broadside,Intersection,Other Vehicle,Not Applicable,Not Applicable,At,,False,False,57860,EVERGLADE AV,KING RD,37.33669208,-121.8399902
2328,694151,CR-0000097908,1,0,0,0,23-114-0169,False,False,0,4/24/2023 7:57:00 AM,Crossing In Crosswalk - At Intersection,Dry,No Unusual Conditions,Daylight,Violation Driver 1,No Controls Present/Factor,Clear,Vehicle/Pedestrian,Intersection,Pedestrian,North,South,At,,True,True,57870,EVERGLADE AV,ORLANDO DR,37.33709786,-121.8391612
2329,683057,CR-0000092617,0,0,0,0,22-163-0926,False,False,294,6/12/2022 10:40:00 PM,No Pedestrians Involved,Dry,No Unusual Conditions,Dark - Street Light,Violation Driver 1,Controls Functioning,Clear,Sideswipe,Non-Related,Parked Vehicle,Not Applicable,Not Applicable,East Of,,False,False,38730,CHIPLAY DR,EVERGLADE AV,37.33753028,-121.8384544
2330,682804,CR-0000092403,0,0,0,0,22-135-0400,True,False,32,5/15/2022 12:31:00 PM,No Pedestrians Involved,Dry,No Unusual Conditions,Daylight,Violation Driver 1,No Controls Present/Factor,Clear,Sideswipe,Related,Parked Vehicle,Not Applicable,Not Applicable,West Of,FENCE,True,False,38730,CHIPLAY DR,EVERGLADE AV,37.33753028,-121.8384544
2331,712154,CR-0000101446,0,0,0,0,23-262-4004,False,True,0,9/7/2023 6:35:00 PM,No Pedestrians Involved,Unknown,Unknown,Unknown,Unknown,Unknown,Unknown,Broadside,Intersection,Other Vehicle,No Direction (Not Walking),Not Applicable,At,,False,False,38730,CHIPLAY DR,EVERGLADE AV,37.33753028,-121.8384544
2332,689368,CR-0000095302,0,0,0,0,22-310-0614,False,False,0,11/6/2022 5:20:00 PM,No Pedestrians Involved,Dry,No Unusual Conditions,Dark - Street Light,Violation Driver 1,No Controls Present/Factor,Clear,Sideswipe,Intersection,Parked Vehicle,Not Applicable,Not Applicable,At,,False,False,57892,EVERGLADE AV,PALMWOOD DR,37.33913155,-121.8354593
2333,690825,CR-0000096964,0,0,0,0,23-028-0584,False,False,49,1/28/2023 4:52:00 PM,No Pedestrians Involved,Dry,No Unusual Conditions,Daylight,Violation Driver 1,No Controls Present/Factor,Clear,Head On,Related,Parked Vehicle,Not Applicable,Not Applicable,West Of,,True,True,35177,CATHAY DR,EVERGLADE AV,37.33958112,-121.8347374
2334,689503,CR-0000095480,0,0,0,0,22-361-0754,True,False,22,12/27/2022 8:43:00 PM,No Pedestrians Involved,Wet,No Unusual Conditions,Dark - No Street Light,Violation Driver 1,No Controls Present/Factor,Clear,Rear End,Related,Parked Vehicle,Not Applicable,Not Applicable,South Of,SJPD,True,False,35177,CATHAY DR,EVERGLADE AV,37.33958112,-121.8347374
2335,696553,CR-0000099750,1,0,0,0,23-347-0997,False,False,,12/13/2023 10:50:00 PM,No Pedestrians Involved,Dry,No Unusual Conditions,Dark - Street Light,Violation Driver 1,No Controls Present/Factor,Clear,Vehicle/Bike,Related,Scooter Motorized,Not Applicable,Not Applicable,East Of,M.SCOOTER,False,True,35243,CATHAY DR,SULLIVAN AV,37.33849374,-121.8336804
2336,689582,CR-0000095559,0,0,0,0,22-343-0770,False,False,23,12/9/2022 8:09:00 PM,No Pedestrians Involved,Dry,No Unusual Conditions,Dusk - Dawn,Unknown,No Controls Present/Factor,Cloudy,Hit Object,Related,Fixed Object,Not Applicable,Not Applicable,North Of,,False,True,63414,FOXWORTHY AV,NEW JERSEY AV,37.2673037,-121.9253994
2337,695939,CR-0000099071,0,0,0,0,23-227-4003,False,True,,8/9/2023 4:07:00 PM,No Pedestrians Involved,Unknown,Unknown,Unknown,Unknown,Unknown,Unknown,Other,Related,Non-Collision,Not Applicable,Not Applicable,West Of,,False,False,63414,FOXWORTHY AV,NEW JERSEY AV,37.2673037,-121.9253994
2338,690767,CR-0000096905,0,1,0,0,23-020-0427,False,False,0,1/20/2023 1:06:00 PM,Crossing In Crosswalk - At Intersection,Dry,No Unusual Conditions,Daylight,Violation Driver 1,No Controls Present/Factor,Clear,Vehicle/Pedestrian,Intersection,Scooter Non-Motorized,South,North,At,PED (scooter),False,True,63414,FOXWORTHY AV,NEW JERSEY AV,37.2673037,-121.9253994
2339,722463,CR-0000103740,0,0,0,0,24-114-4003,False,True,0,4/9/2024 4:00:00 PM,No Pedestrians Involved,Unknown,Unknown,Unknown,Unknown,Unknown,Unknown,Broadside,Intersection,Other Vehicle,Not Applicable,Not Applicable,At,,False,False,63414,FOXWORTHY AV,NEW JERSEY AV,37.2673037,-121.9253994
2340,696231,CR-0000099377,1,0,0,0,23-107-9705,False,True,0,4/17/2023 8:51:00 AM,No Pedestrians Involved,Dry,No Unusual Conditions,Daylight,Unknown,Unknown,Clear,Vehicle/Bike,Intersection,Bike,Not Applicable,Not Applicable,At,BIKE,False,False,109449,SIXTEENTH ST,WILLIAM ST,37.33582996,-121.8696333
2341,688737,CR-0000094563,0,0,0,0,22-235-4004,False,True,,8/22/2022 5:55:00 PM,No Pedestrians Involved,Unknown,Unknown,Daylight,Unknown,Unknown,Unknown,Sideswipe,Related,Other Vehicle,Not Applicable,Not Applicable,South Of,,False,False,106138,SAN CARLOS ST,TENTH ST,37.33598463,-121.8775288
2342,687586,CR-0000094378,0,1,0,0,22-265-0565,False,False,0,9/22/2022 2:40:00 PM,Crossing In Crosswalk - At Intersection,Dry,No Unusual Conditions,Daylight,Violation Driver 1,Controls Functioning,Clear,Vehicle/Pedestrian,Intersection,Pedestrian,West,East,At,PED,False,False,106138,SAN CARLOS ST,TENTH ST,37.33598463,-121.8775288
2343,684987,CR-0000093661,0,1,0,0,22-225-0069,False,False,162,8/13/2022 1:26:00 AM,No Pedestrians Involved,Dry,No Unusual Conditions,Dark - Street Light,Violation Driver 1,Controls Functioning,Clear,Sideswipe,Non-Related,Parked Vehicle,Not Applicable,Not Applicable,North Of,,False,False,106138,SAN CARLOS ST,TENTH ST,37.33598463,-121.8775288
2344,682269,CR-0000091836,0,0,0,0,22-115-0025,False,False,149,4/25/2022 12:25:00 AM,No Pedestrians Involved,Dry,No Unusual Conditions,Dark - Street Light,Violation Driver 1,Controls Functioning,Clear,Rear End,Non-Related,Parked Vehicle,Not Applicable,Not Applicable,South Of,,False,True,106138,SAN CARLOS ST,TENTH ST,37.33598463,-121.8775288
2345,682426,CR-0000091989,1,0,0,0,22-116-0418,False,False,0,4/26/2022 2:03:00 PM,No Pedestrians Involved,Dry,No Unusual Conditions,Daylight,Violation Driver 1,Controls Functioning,Clear,Sideswipe,Intersection,Other Vehicle,Not Applicable,Not Applicable,At,,False,False,106138,SAN CARLOS ST,TENTH ST,37.33598463,-121.8775288
2346,682435,CR-0000091998,1,0,0,0,22-116-0803,False,False,64,4/26/2022 8:37:00 PM,No Pedestrians Involved,Dry,No Unusual Conditions,Dark - Street Light,Violation Driver 1,Controls Functioning,Clear,Sideswipe,Non-Related,Other Vehicle,Not Applicable,Not Applicable,North Of,,False,False,106138,SAN CARLOS ST,TENTH ST,37.33598463,-121.8775288
2347,696384,CR-0000099542,0,0,0,0,23-139-4003,False,True,51,5/18/2023 1:40:00 PM,No Pedestrians Involved,Unknown,Unknown,Daylight,Unknown,Unknown,Unknown,Rear End,Non-Related,Other Vehicle,Not Applicable,Not Applicable,South Of,,False,False,106138,SAN CARLOS ST,TENTH ST,37.33598463,-121.8775288
2348,699229,CR-0000100550,0,0,0,0,23-167-4002,False,True,51,6/16/2023 1:08:00 PM,No Pedestrians Involved,Unknown,Unknown,Unknown,Unknown,Unknown,Unknown,Other,Non-Related,Parked Vehicle,Not Applicable,Not Applicable,South Of,,False,False,106138,SAN CARLOS ST,TENTH ST,37.33598463,-121.8775288
2349,694156,CR-0000098071,1,0,0,0,23-077-0282,False,False,0,3/18/2023 11:15:00 AM,No Pedestrians Involved,Dry,No Unusual Conditions,Daylight,Violation Driver 1,Controls Functioning,Clear,Sideswipe,Intersection,Other Vehicle,Not Applicable,Not Applicable,At,,False,False,106138,SAN CARLOS ST,TENTH ST,37.33598463,-121.8775288
2350,694031,CR-0000098151,1,0,0,0,23-133-0630,False,False,0,5/13/2023 6:03:00 PM,No Pedestrians Involved,Dry,No Unusual Conditions,Daylight,Violation Driver 1,Controls Functioning,Clear,Sideswipe,Intersection,Other Vehicle,Not Applicable,Not Applicable,At,,False,False,106138,SAN CARLOS ST,TENTH ST,37.33598463,-121.8775288
2351,716370,CR-0000102322,0,1,0,0,24-046-0951,False,False,55,2/15/2024 9:55:00 PM,No Pedestrians Involved,Dry,No Unusual Conditions,Dark - Street Light,Violation Driver 1,Controls Functioning,Cloudy,Rear End,Non-Related,Other Vehicle,Not Applicable,Not Applicable,North Of,,True,True,106138,SAN CARLOS ST,TENTH ST,37.33598463,-121.8775288
2352,689877,CR-0000095904,1,0,0,0,22-273-0809,False,False,255,9/30/2022 5:27:00 PM,No Pedestrians Involved,Dry,No Unusual Conditions,Daylight,Unknown,No Controls Present/Factor,Clear,Rear End,Non-Related,Other Vehicle,Not Applicable,Not Applicable,South Of,,False,True,55813,ELEVENTH ST,SAN CARLOS ST,37.33649044,-121.8764777
2353,695783,CR-0000098848,0,0,0,0,23-054-0035,False,True,0,2/23/2023 1:15:00 AM,No Pedestrians Involved,Wet,No Unusual Conditions,Dark - Street Light,Unknown,No Controls Present/Factor,Cloudy,Sideswipe,Intersection,Parked Vehicle,Not Applicable,Not Applicable,At,,False,False,55813,ELEVENTH ST,SAN CARLOS ST,37.33649044,-121.8764777
2354,694757,CR-0000098792,1,1,0,0,23-217-0565,True,False,39,8/5/2023 5:00:00 PM,No Pedestrians Involved,Dry,No Unusual Conditions,Dusk - Dawn,Violation Driver 1,No Controls Present/Factor,Clear,Hit Object,Related,Fixed Object,Not Applicable,Not Applicable,West Of,TREE,True,False,106171,SAN CARLOS ST,TWELFTH ST,37.33694556,-121.8755154
2355,690852,CR-0000096993,0,0,0,0,23-020-0050,False,False,51,1/20/2023 1:30:00 AM,No Pedestrians Involved,Dry,Unknown,Dark - Street Light,Violation Driver 1,No Controls Present/Factor,Clear,Rear End,Non-Related,Parked Vehicle,Not Applicable,Not Applicable,East Of,,True,True,106171,SAN CARLOS ST,TWELFTH ST,37.33694556,-121.8755154
2356,690197,CR-0000096287,0,0,0,0,22-168-0057,False,False,120,7/17/2022 1:55:00 AM,No Pedestrians Involved,Dry,No Unusual Conditions,Dark - Street Light,Violation Driver 1,No Controls Present/Factor,Clear,Sideswipe,Non-Related,Parked Vehicle,Not Applicable,Not Applicable,West Of,,True,True,106150,SAN CARLOS ST,THIRTEENTH ST,37.33738624,-121.874585
2357,681525,CR-0000090921,0,0,0,0,22-037-4001,False,True,51,2/6/2022 7:10:00 PM,No Pedestrians Involved,Unknown,Unknown,Unknown,Unknown,Unknown,Unknown,Other,Non-Related,Parked Vehicle,Not Applicable,Not Applicable,South Of,,False,False,32614,CAPITOL AV,RIVERRUN DR,37.36830276,-121.8412902
2358,692455,CR-0000097742,1,0,0,0,23-084-0469,False,False,300,3/25/2023 3:32:00 PM,No Pedestrians Involved,Dry,No Unusual Conditions,Daylight,Violation Driver 1,No Controls Present/Factor,Clear,Rear End,Non-Related,Motorcycle,Not Applicable,Not Applicable,West Of,,True,False,51094,DIANA AV,STORY RD,37.34519475,-121.8352885
2359,697610,CR-0000099824,1,0,0,0,23-301-0218,False,False,0,10/28/2023 2:00:00 AM,No Pedestrians Involved,Dry,No Unusual Conditions,Dark - Street Light,Unknown,No Controls Present/Factor,Clear,Other,Intersection,Unknown,Not Applicable,Not Applicable,At,,False,False,51094,DIANA AV,STORY RD,37.34519475,-121.8352885
2360,719555,CR-0000102702,1,0,0,0,24-064-0814,False,False,63,3/4/2024 7:29:00 PM,No Pedestrians Involved,Dry,No Unusual Conditions,Dark - No Street Light,Violation Driver 1,Controls Functioning,Clear,Sideswipe,Non-Related,Other Vehicle,Not Applicable,Not Applicable,East Of,,False,True,51094,DIANA AV,STORY RD,37.34519475,-121.8352885
2361,716025,CR-0000101956,1,0,0,0,24-002-0618,False,False,0,1/2/2024 5:35:00 PM,No Pedestrians Involved,Wet,No Unusual Conditions,Dusk - Dawn,Violation Driver 1,No Controls Present/Factor,Rain,Vehicle/Bike,Intersection,Bike,Not Applicable,Not Applicable,At,BIKE,False,False,51094,DIANA AV,STORY RD,37.34519475,-121.8352885
2362,689166,CR-0000095030,1,0,0,0,22-303-0852,True,False,200,10/30/2022 9:32:00 PM,No Pedestrians Involved,Dry,No Unusual Conditions,Dark - Street Light,Violation Driver 1,No Controls Present/Factor,Clear,Sideswipe,Non-Related,Fixed Object,Not Applicable,Not Applicable,South Of,METAL CRASH GUARD,True,False,40138,CLAYTON RD,STORY LN,37.3563744,-121.8058881
2363,691103,CR-0000097285,1,0,0,0,23-046-0783,False,False,36,2/15/2023 5:56:00 PM,No Pedestrians Involved,Dry,No Unusual Conditions,Dark - No Street Light,Violation Driver 1,No Controls Present/Factor,Clear,Rear End,Related,Other Vehicle,Not Applicable,Not Applicable,North Of,,True,False,40138,CLAYTON RD,STORY LN,37.3563744,-121.8058881
2364,718493,CR-0000102599,1,0,0,0,24-072-0372,False,False,0,3/12/2024 11:40:00 AM,No Pedestrians Involved,Wet,No Unusual Conditions,Daylight,Violation Driver 1,No Controls Present/Factor,Rain,Rear End,Intersection,Other Vehicle,Not Applicable,Not Applicable,At,,False,False,40138,CLAYTON RD,STORY LN,37.3563744,-121.8058881