_id,CrashFactId,Name,MinorInjuries,ModerateInjuries,SevereInjuries,FatalInjuries,TcrNumber,CityDamageFlag,ShortFormFlag,Distance,CrashDateTime,PedestrianAction,RoadwaySurface,RoadwayCondition,Lighting,PrimaryCollisionFactor,TrafficControl,Weather,CollisionType,ProximityToIntersection,VehicleInvolvedWith,PedestrianDirectionFrom,PedestrianDirectionTo,DirectionFromIntersection,Comment,SpeedingFlag,HitAndRunFlag,IntersectionNumber,AStreetName,BStreetName,Latitude,Longitude
2365,689236,CR-0000095193,0,1,0,0,22-298-0270,True,False,0,10/25/2022 9:23:00 AM,No Pedestrians Involved,Dry,No Unusual Conditions,Daylight,Violation Driver 1,No Controls Present/Factor,Clear,Broadside,Intersection,Fixed Object,Not Applicable,Not Applicable,At,LIGHT POLE,True,True,110990,STORY RD,WATTERS DR,37.36383869,-121.8093423
2366,685221,CR-0000093900,0,0,0,0,22-268-0837,False,False,39,9/25/2022 9:13:00 PM,No Pedestrians Involved,Dry,No Unusual Conditions,Dark - Street Light,Violation Driver 2,No Controls Present/Factor,Clear,Sideswipe,Related,Other Vehicle,Not Applicable,Not Applicable,South Of,,True,True,14431,BATON ROUGE DR,EASTON CT/DR,37.37507326,-121.8520898
2367,689434,CR-0000095408,0,0,0,0,22-318-0620,True,False,0,11/14/2022 3:57:00 PM,No Pedestrians Involved,Dry,No Unusual Conditions,Daylight,Violation Driver 1,Controls Functioning,Clear,Rear End,Intersection,Other Vehicle,Not Applicable,Not Applicable,At,LIGHTPOLE,True,False,35628,CEDARVILLE LN,MABURY RD,37.37775677,-121.853315
2368,689101,CR-0000094961,0,0,0,0,22-334-0185,False,False,51,11/30/2022 8:45:00 AM,No Pedestrians Involved,Dry,No Unusual Conditions,Daylight,Violation Driver 1,Controls Functioning,Clear,Sideswipe,Non-Related,Other Vehicle,Not Applicable,Not Applicable,West Of,,False,True,35628,CEDARVILLE LN,MABURY RD,37.37775677,-121.853315
2369,695950,CR-0000099083,0,0,0,0,23-221-0908,False,False,58,8/9/2023 10:50:00 PM,No Pedestrians Involved,Dry,No Unusual Conditions,Dark - Street Light,Violation Driver 1,No Controls Present/Factor,Clear,Sideswipe,Non-Related,Parked Vehicle,Not Applicable,Not Applicable,West Of,,False,True,94214,MT MCKINLEY DR,MT WHITNEY DR,37.35073995,-121.807924
2370,689002,CR-0000094862,1,0,0,0,22-294-9714,False,True,0,10/9/2022 11:00:00 PM,No Pedestrians Involved,Dry,No Unusual Conditions,Dark - Street Light,Unknown,Controls Functioning,Clear,Broadside,Intersection,Other Vehicle,Not Applicable,Not Applicable,At,,False,False,88330,MARTEN AV/OCALA AV,WHITE RD,37.34454857,-121.8085852
2371,689345,CR-0000095289,1,1,0,0,22-305-0076,True,False,0,11/1/2022 1:38:00 AM,No Pedestrians Involved,Dry,No Unusual Conditions,Dark - Street Light,Violation Driver 1,Controls Functioning,Clear,Broadside,Intersection,Motor Vehicle On Other Roadway,Not Applicable,Not Applicable,At,Lightpole,True,False,88330,MARTEN AV/OCALA AV,WHITE RD,37.34454857,-121.8085852
2372,681180,CR-0000090579,0,0,0,0,22-002-0628,False,False,0,1/2/2022 6:15:00 PM,No Pedestrians Involved,Dry,No Unusual Conditions,Dark - Street Light,Violation Driver 1,No Controls Present/Factor,Clear,Rear End,Intersection,Other Vehicle,Not Applicable,Not Applicable,At,,True,False,88330,MARTEN AV/OCALA AV,WHITE RD,37.34454857,-121.8085852
2373,682016,CR-0000091526,1,0,0,0,22-077-0167,False,False,570,3/18/2022 7:30:00 AM,No Pedestrians Involved,Dry,No Unusual Conditions,Daylight,Violation Driver 1,No Controls Present/Factor,Clear,Rear End,Non-Related,Other Vehicle,Not Applicable,Not Applicable,East Of,,True,False,88330,MARTEN AV/OCALA AV,WHITE RD,37.34454857,-121.8085852
2374,682306,CR-0000091869,2,0,0,0,22-096-0613,False,False,51,4/6/2022 2:06:00 PM,No Pedestrians Involved,Dry,No Unusual Conditions,Daylight,Violation Driver 1,No Controls Present/Factor,Clear,Rear End,Non-Related,Other Vehicle,Not Applicable,Not Applicable,West Of,,True,False,88330,MARTEN AV/OCALA AV,WHITE RD,37.34454857,-121.8085852
2375,689613,CR-0000095594,0,0,1,0,22-143-0562,False,False,0,5/23/2022 1:56:00 PM,Crossing In Crosswalk - At Intersection,Dry,No Unusual Conditions,Daylight,Unknown,Controls Functioning,Clear,Vehicle/Pedestrian,Intersection,Pedestrian,West,East,At,,False,True,88330,MARTEN AV/OCALA AV,WHITE RD,37.34454857,-121.8085852
2376,699397,CR-0000100727,0,0,0,0,23-191-0889,False,False,0,7/10/2023 8:56:00 PM,No Pedestrians Involved,Dry,No Unusual Conditions,Dark - Street Light,Violation Driver 1,Controls Functioning,Clear,Broadside,Intersection,Other Vehicle,Not Applicable,Not Applicable,At,,True,False,88330,MARTEN AV/OCALA AV,WHITE RD,37.34454857,-121.8085852
2377,690393,CR-0000096490,0,0,0,0,22-275-9702,False,True,51,10/1/2022 11:27:00 AM,No Pedestrians Involved,Dry,No Unusual Conditions,Daylight,Unknown,Controls Functioning,Clear,Rear End,Non-Related,Other Vehicle,Not Applicable,Not Applicable,South Of,,False,True,88330,MARTEN AV/OCALA AV,WHITE RD,37.34454857,-121.8085852
2378,690533,CR-0000096644,1,0,0,0,23-023-0435,False,False,0,1/23/2023 11:27:00 AM,No Pedestrians Involved,Dry,No Unusual Conditions,Daylight,Violation Driver 1,Controls Functioning,Clear,Broadside,Intersection,Other Vehicle,Not Applicable,Not Applicable,At,,False,False,88330,MARTEN AV/OCALA AV,WHITE RD,37.34454857,-121.8085852
2379,689563,CR-0000095540,0,0,0,0,22-364-0096,False,False,300,12/30/2022 4:28:00 AM,No Pedestrians Involved,Wet,No Unusual Conditions,Dark - Street Light,Violation Driver 1,Controls Functioning,Rain,Hit Object,Non-Related,Fixed Object,Not Applicable,Not Applicable,North Of,Telephone Pole,False,True,88330,MARTEN AV/OCALA AV,WHITE RD,37.34454857,-121.8085852
2380,689692,CR-0000095675,1,0,0,0,22-353-0168,False,False,,12/19/2022 7:35:00 AM,No Pedestrians Involved,Dry,No Unusual Conditions,Daylight,Violation Driver 1,Controls Functioning,Clear,Rear End,Related,Other Vehicle,Not Applicable,Not Applicable,East Of,,True,True,88330,MARTEN AV/OCALA AV,WHITE RD,37.34454857,-121.8085852
2381,716214,CR-0000102194,1,0,0,0,24-045-0739,False,False,0,2/14/2024 7:18:00 PM,No Pedestrians Involved,Wet,No Unusual Conditions,Dark - Street Light,Violation Driver 1,Controls Functioning,Rain,Rear End,Intersection,Other Vehicle,Not Applicable,Not Applicable,At,,True,False,88330,MARTEN AV/OCALA AV,WHITE RD,37.34454857,-121.8085852
2382,712072,CR-0000101423,0,0,0,0,23-346-4008,False,True,0,12/11/2023 5:03:00 PM,No Pedestrians Involved,Unknown,Unknown,Unknown,Unknown,Unknown,Unknown,Other,Intersection,Other Vehicle,Not Applicable,Not Applicable,At,,False,False,88330,MARTEN AV/OCALA AV,WHITE RD,37.34454857,-121.8085852
2383,722388,CR-0000103682,1,0,0,0,24-098-0038,False,False,270,4/7/2024 12:42:00 AM,No Pedestrians Involved,Dry,No Unusual Conditions,Dark - Street Light,Violation Driver 1,Controls Functioning,Clear,Broadside,Non-Related,Parked Vehicle,Not Applicable,Not Applicable,North Of,,True,False,88330,MARTEN AV/OCALA AV,WHITE RD,37.34454857,-121.8085852
2384,689146,CR-0000095000,0,0,0,0,22-316-0068,True,False,18,11/12/2022 1:33:00 AM,No Pedestrians Involved,Dry,No Unusual Conditions,Dark - Street Light,Violation Driver 1,No Controls Present/Factor,Clear,Hit Object,Related,Fixed Object,Not Applicable,Not Applicable,North Of,CURB (FENCE),True,True,72863,HILLMONT AV,MOSS POINT DR,37.34511708,-121.8171738
2385,689893,CR-0000095921,0,0,0,0,22-364-0934,False,False,69,12/30/2022 10:57:00 PM,No Pedestrians Involved,Dry,No Unusual Conditions,Dark - Street Light,Violation Driver 1,No Controls Present/Factor,Cloudy,Head On,Non-Related,Parked Vehicle,Not Applicable,Not Applicable,North Of,,False,True,72863,HILLMONT AV,MOSS POINT DR,37.34511708,-121.8171738
2386,691261,CR-0000097505,0,0,0,0,23-001-0103,False,False,22,1/1/2023 1:23:00 AM,No Pedestrians Involved,Wet,No Unusual Conditions,Dark - Street Light,Violation Driver 1,No Controls Present/Factor,Rain,Broadside,Related,Parked Vehicle,Not Applicable,Not Applicable,South Of,,True,False,43471,CORNWALL DR,SUNDOWN LN,37.34706704,-121.8181712
2387,720940,CR-0000103175,0,0,0,0,24-048-0058,False,False,92,2/17/2024 1:29:00 AM,No Pedestrians Involved,Dry,No Unusual Conditions,Dark - Street Light,Violation Driver 1,No Controls Present/Factor,Clear,Sideswipe,Non-Related,Parked Vehicle,Not Applicable,Not Applicable,North Of,,False,False,29193,CALMOR AV,PLAYA DEL REY,37.24689036,-121.8548097
2388,694130,CR-0000098068,0,0,0,0,23-063-0569,True,False,0,3/4/2023 5:15:00 PM,No Pedestrians Involved,Dry,No Unusual Conditions,Daylight,Violation Driver 1,No Controls Present/Factor,Clear,Hit Object,Intersection,Fixed Object,Not Applicable,Not Applicable,At,TREE,False,False,106072,SAN CARLOS ST,SEVENTEENTH ST,37.3391608,-121.8708506
2389,694724,CR-0000098782,0,1,0,0,23-215-0558,False,False,0,8/3/2023 3:19:00 PM,No Pedestrians Involved,Dry,No Unusual Conditions,Daylight,Violation Driver 1,Unknown,Clear,Vehicle/Bike,Intersection,Scooter Motorized,Not Applicable,Not Applicable,At,E.SCOOTER,False,False,106072,SAN CARLOS ST,SEVENTEENTH ST,37.3391608,-121.8708506
2390,719698,CR-0000102870,0,0,0,0,24-013-0139,False,False,47,1/13/2024 3:44:00 AM,No Pedestrians Involved,Dry,No Unusual Conditions,Dark - Street Light,Violation Driver 1,Controls Functioning,Clear,Broadside,Related,Parked Vehicle,Not Applicable,Not Applicable,South Of,,True,False,106072,SAN CARLOS ST,SEVENTEENTH ST,37.3391608,-121.8708506
2391,681288,CR-0000090674,0,0,0,0,22-010-4002,False,False,,1/9/2022 11:30:00 PM,No Pedestrians Involved,Unknown,Unknown,Unknown,Unknown,Unknown,Unknown,Sideswipe,Related,Other Vehicle,Not Applicable,Not Applicable,Unknown,,False,False,40996,COASTLAND AV,MALONE RD,37.29609285,-121.8840268
2392,696211,CR-0000099355,1,0,0,0,23-101-0875,False,False,24,4/11/2023 9:50:00 PM,No Pedestrians Involved,Dry,No Unusual Conditions,Dark - Street Light,Violation Driver 1,Controls Functioning,Clear,Rear End,Related,Other Vehicle,Not Applicable,Not Applicable,West Of,,True,True,82961,LEIGH AV/SHASTA AV,SAN CARLOS ST,37.32342761,-121.9238054
2393,698842,CR-0000100125,0,1,0,0,23-354-0634,False,False,0,12/20/2023 5:15:00 PM,No Pedestrians Involved,Wet,No Unusual Conditions,Dark - Street Light,Violation Driver 1,Controls Functioning,Rain,Vehicle/Bike,Intersection,Bike,Not Applicable,Not Applicable,At,BIKE,True,False,82961,LEIGH AV/SHASTA AV,SAN CARLOS ST,37.32342761,-121.9238054
2394,690650,CR-0000096772,0,0,0,0,23-029-0160,True,False,0,1/29/2023 5:56:00 AM,No Pedestrians Involved,Dry,No Unusual Conditions,Dark - Street Light,Violation Driver 1,Controls Functioning,Clear,Hit Object,Intersection,Fixed Object,Not Applicable,Not Applicable,At,Light Pole,True,False,82961,LEIGH AV/SHASTA AV,SAN CARLOS ST,37.32342761,-121.9238054
2395,719737,CR-0000102909,0,0,0,0,24-017-0114,False,False,0,1/17/2024 6:08:00 AM,No Pedestrians Involved,Dry,No Unusual Conditions,Dark - Street Light,Violation Driver 1,Controls Functioning,Cloudy,Head On,Intersection,Other Vehicle,Not Applicable,Not Applicable,At,,False,False,82961,LEIGH AV/SHASTA AV,SAN CARLOS ST,37.32342761,-121.9238054
2396,716173,CR-0000102101,2,0,1,0,24-020-0638,False,False,0,1/20/2024 6:58:00 PM,No Pedestrians Involved,Wet,No Unusual Conditions,Dark - Street Light,Violation Driver 1,Controls Functioning,Rain,Sideswipe,Intersection,Other Vehicle,Not Applicable,Not Applicable,At,,True,False,82961,LEIGH AV/SHASTA AV,SAN CARLOS ST,37.32342761,-121.9238054
2397,681932,CR-0000091437,1,0,0,0,22-090-0330,False,False,0,3/31/2022 10:38:00 AM,No Pedestrians Involved,Dry,No Unusual Conditions,Daylight,Violation Driver 1,Controls Functioning,Clear,Rear End,Intersection,Other Vehicle,Not Applicable,Not Applicable,At,,True,False,90485,MENKER AV,SAN CARLOS ST,37.32344084,-121.9216753
2398,683171,CR-0000092763,0,0,0,0,22-050-4003,False,True,51,2/19/2022 12:05:00 PM,No Pedestrians Involved,Unknown,Unknown,Daylight,Unknown,Unknown,Unknown,Other,Non-Related,Parked Vehicle,Not Applicable,Not Applicable,South Of,,False,False,90485,MENKER AV,SAN CARLOS ST,37.32344084,-121.9216753
2399,682691,CR-0000092267,2,0,0,0,22-149-0364,False,False,63,5/29/2022 10:30:00 AM,No Pedestrians Involved,Dry,No Unusual Conditions,Daylight,Violation Driver 1,Controls Functioning,Clear,Rear End,Non-Related,Other Vehicle,Not Applicable,Not Applicable,East Of,,True,False,90485,MENKER AV,SAN CARLOS ST,37.32344084,-121.9216753
2400,685296,CR-0000093977,0,0,1,0,22-263-0882,False,False,0,9/20/2022 8:20:00 PM,Crossing In Crosswalk - At Intersection,Dry,No Unusual Conditions,Dark - Street Light,Violation Driver 1,No Controls Present/Factor,Clear,Vehicle/Pedestrian,Intersection,Pedestrian,Unknown,Unknown,At,PEDESTRIAN,False,False,90485,MENKER AV,SAN CARLOS ST,37.32344084,-121.9216753
2401,698912,CR-0000100212,0,1,0,0,23-315-0160,False,False,615,11/11/2023 5:20:00 AM,No Pedestrians Involved,Dry,No Unusual Conditions,Dark - Street Light,Violation Driver 1,No Controls Present/Factor,Clear,Head On,Non-Related,Parked Vehicle,Not Applicable,Not Applicable,South Of,,True,False,90485,MENKER AV,SAN CARLOS ST,37.32344084,-121.9216753
2402,699085,CR-0000100400,0,0,0,0,23-167-0529,False,False,174,6/16/2023 2:14:00 PM,No Pedestrians Involved,Dry,No Unusual Conditions,Daylight,Violation Driver 1,Controls Functioning,Clear,Rear End,Non-Related,Parked Vehicle,Not Applicable,Not Applicable,North Of,,False,False,90485,MENKER AV,SAN CARLOS ST,37.32344084,-121.9216753
2403,688954,CR-0000094812,0,0,0,0,22-253-4002,False,True,51,9/10/2022 10:40:00 AM,No Pedestrians Involved,Unknown,Unknown,Daylight,Unknown,Unknown,Unknown,Other,Non-Related,Other Vehicle,Not Applicable,Not Applicable,South Of,,False,False,102640,RACE ST,SAN CARLOS ST,37.3235005,-121.9114077
2404,688746,CR-0000094572,0,0,0,0,22-237-4002,False,True,51,8/25/2022 11:30:00 AM,No Pedestrians Involved,Unknown,Unknown,Daylight,Unknown,Unknown,Unknown,Sideswipe,Non-Related,Other Vehicle,Not Applicable,Not Applicable,West Of,,False,True,102640,RACE ST,SAN CARLOS ST,37.3235005,-121.9114077
2405,682043,CR-0000091554,0,1,0,0,22-029-0142,False,False,51,1/28/2022 11:53:00 PM,No Pedestrians Involved,Dry,No Unusual Conditions,Dark - Street Light,Violation Driver 1,No Controls Present/Factor,Clear,Vehicle/Bike,Non-Related,Bike,Not Applicable,Not Applicable,East Of,BIKE,False,False,102640,RACE ST,SAN CARLOS ST,37.3235005,-121.9114077
2406,696504,CR-0000099691,1,0,0,0,23-334-0678,False,False,40,11/30/2023 5:24:00 PM,No Pedestrians Involved,Dry,No Unusual Conditions,Dark - Street Light,Violation Driver 1,Controls Functioning,Clear,Rear End,Related,Other Vehicle,Not Applicable,Not Applicable,East Of,,True,True,102640,RACE ST,SAN CARLOS ST,37.3235005,-121.9114077
2407,696128,CR-0000099270,0,0,0,0,23-229-0166,False,False,0,8/16/2023 8:33:00 AM,No Pedestrians Involved,Dry,No Unusual Conditions,Daylight,Violation Driver 1,Controls Functioning,Clear,Sideswipe,Intersection,Other Vehicle,Not Applicable,Not Applicable,At,,False,False,102640,RACE ST,SAN CARLOS ST,37.3235005,-121.9114077
2408,694523,CR-0000098517,1,0,0,0,23-192-0223,False,False,377,7/11/2023 8:52:00 AM,No Pedestrians Involved,Dry,No Unusual Conditions,Daylight,Violation Driver 1,Controls Functioning,Clear,Vehicle/Bike,Non-Related,Bike,Not Applicable,Not Applicable,South Of,BIKE,False,False,102640,RACE ST,SAN CARLOS ST,37.3235005,-121.9114077
2409,690971,CR-0000097142,0,2,0,0,23-049-0101,True,False,128,2/18/2023 2:30:00 AM,No Pedestrians Involved,Dry,No Unusual Conditions,Dark - Street Light,Violation Driver 1,Controls Functioning,Clear,Hit Object,Non-Related,Fixed Object,Not Applicable,Not Applicable,West Of,TREE,False,False,102640,RACE ST,SAN CARLOS ST,37.3235005,-121.9114077
2410,719810,CR-0000102983,0,0,0,0,24-036-4004,False,True,51,2/5/2024 8:04:00 AM,No Pedestrians Involved,Unknown,Unknown,Unknown,Unknown,Unknown,Unknown,Broadside,Non-Related,Other Vehicle,Not Applicable,Not Applicable,South Of,,False,False,102640,RACE ST,SAN CARLOS ST,37.3235005,-121.9114077
2411,699154,CR-0000100472,0,0,0,0,23-155-0917,False,False,51,6/4/2023 10:41:00 PM,No Pedestrians Involved,Dry,No Unusual Conditions,Dark - Street Light,Violation Driver 1,No Controls Present/Factor,Clear,Head On,Non-Related,Parked Vehicle,Not Applicable,Not Applicable,South Of,,True,True,120768,FARGATE CI,VALLEY CREST DR,37.37440206,-121.8808798
2412,699181,CR-0000100501,0,0,0,0,23-174-0029,False,False,62,6/23/2023 12:30:00 AM,No Pedestrians Involved,Dry,No Unusual Conditions,Dark - Street Light,Violation Driver 1,No Controls Present/Factor,Clear,Broadside,Non-Related,Parked Vehicle,Not Applicable,Not Applicable,West Of,,False,False,120768,FARGATE CI,VALLEY CREST DR,37.37440206,-121.8808798
2413,712030,CR-0000101586,0,0,0,0,23-352-4010,False,True,51,12/18/2023 1:00:00 AM,No Pedestrians Involved,Unknown,Unknown,Unknown,Unknown,Unknown,Unknown,Rear End,Non-Related,Parked Vehicle,Not Applicable,Not Applicable,South Of,,False,False,97668,ORA ST,WUNDERLICH DR,37.30506557,-121.999073
2414,694368,CR-0000098312,1,0,0,0,23-164-0648,True,False,260,6/13/2023 5:08:00 PM,No Pedestrians Involved,Dry,No Unusual Conditions,Daylight,Violation Driver 1,Unknown,Clear,Hit Object,Non-Related,Fixed Object,Not Applicable,Not Applicable,West Of,TREE,False,False,51017,DIAL WY,TARTARIAN WY,37.29884454,-122.009516
2415,698635,CR-0000099859,0,0,0,0,23-146-9703,False,True,,5/26/2023 8:20:00 AM,No Pedestrians Involved,Dry,No Unusual Conditions,Daylight,Unknown,Controls Functioning,Clear,Sideswipe,Related,Other Vehicle,Not Applicable,Not Applicable,East Of,,False,False,86162,LYLE DR,PROSPECT RD,37.29277974,-122.0009414
2416,682713,CR-0000092291,0,0,1,0,22-151-0781,False,False,0,5/29/2022 8:47:00 AM,Crossing In Crosswalk - At Intersection,Dry,No Unusual Conditions,Daylight,Violation Driver 1,No Controls Present/Factor,Clear,Vehicle/Pedestrian,Intersection,Pedestrian,North,South,At,PEDESTRIAN,False,False,77142,JOHNSON AV,ROYAL ANN DR,37.2980518,-122.0072081
2417,691123,CR-0000097319,0,1,1,0,23-045-0368,False,False,0,2/14/2023 12:07:00 PM,No Pedestrians Involved,Dry,No Unusual Conditions,Daylight,Violation Driver 1,No Controls Present/Factor,Clear,Rear End,Intersection,Other Vehicle,Not Applicable,Not Applicable,At,,True,False,95105,NAZARENE WY,WILLIAMS RD,37.30882135,-121.9561665
2418,682168,CR-0000091740,2,0,0,0,22-062-0202,False,False,16,3/3/2022 8:12:00 AM,No Pedestrians Involved,Dry,No Unusual Conditions,Daylight,Violation Driver 1,No Controls Present/Factor,Clear,Sideswipe,Related,Other Vehicle,Not Applicable,Not Applicable,South Of,,False,False,8073,APPLETON DR,CYPRESS AV,37.31009052,-121.959757
2419,711650,CR-0000101371,0,0,0,0,23-308-0089,True,False,198,11/4/2023 2:08:00 AM,No Pedestrians Involved,Dry,No Unusual Conditions,Dark - Street Light,Violation Driver 1,No Controls Present/Factor,Cloudy,Hit Object,Non-Related,Fixed Object,Not Applicable,Not Applicable,North Of,LIGHTPOLE,True,False,97635,OPAL DR,WILLIAMS RD,37.30882424,-121.9522363
2420,682560,CR-0000092127,1,0,0,0,22-142-0979,False,False,0,5/22/2022 10:52:00 PM,No Pedestrians Involved,Dry,No Unusual Conditions,Dark - Street Light,Violation Driver 1,Controls Functioning,Clear,Broadside,Intersection,Other Vehicle,Not Applicable,Not Applicable,At,,False,False,90727,MERIDIAN AV,SAN CARLOS ST,37.32348887,-121.9137468
2421,682274,CR-0000091801,0,0,0,0,22-098-9703,False,True,,4/6/2022 3:40:00 PM,No Pedestrians Involved,Dry,Unknown,Daylight,Unknown,Unknown,Clear,Rear End,Related,Other Vehicle,Not Applicable,Not Applicable,West Of,,False,False,90727,MERIDIAN AV,SAN CARLOS ST,37.32348887,-121.9137468
2422,687467,CR-0000094247,0,0,0,0,22-257-9704,False,True,51,9/13/2022 6:35:00 PM,No Pedestrians Involved,Dry,Unknown,Daylight,Unknown,No Controls Present/Factor,Clear,Sideswipe,Non-Related,Parked Vehicle,Not Applicable,Not Applicable,West Of,,False,False,90727,MERIDIAN AV,SAN CARLOS ST,37.32348887,-121.9137468
2423,683010,CR-0000092514,0,0,0,0,22-160-0283,False,False,0,6/9/2022 10:20:00 AM,No Pedestrians Involved,Dry,No Unusual Conditions,Daylight,Violation Driver 1,No Controls Present/Factor,Clear,Vehicle/Bike,Intersection,Bike,Not Applicable,Not Applicable,At,BIKE,False,True,90727,MERIDIAN AV,SAN CARLOS ST,37.32348887,-121.9137468
2424,692573,CR-0000097864,0,0,0,0,23-045-0183,False,False,68,2/14/2023 8:23:00 AM,No Pedestrians Involved,Dry,No Unusual Conditions,Daylight,Violation Driver 1,Controls Functioning,Cloudy,Sideswipe,Non-Related,Other Vehicle,Not Applicable,Not Applicable,West Of,,False,False,90727,MERIDIAN AV,SAN CARLOS ST,37.32348887,-121.9137468
2425,690546,CR-0000096667,0,0,0,0,23-006-0748,False,False,0,1/6/2023 6:43:00 PM,No Pedestrians Involved,Dry,No Unusual Conditions,Dark - Street Light,Violation Driver 1,Controls Functioning,Clear,Broadside,Intersection,Other Vehicle,Not Applicable,Not Applicable,At,,True,True,90727,MERIDIAN AV,SAN CARLOS ST,37.32348887,-121.9137468
2426,689994,CR-0000096015,1,0,0,0,22-216-0694,False,False,0,8/4/2022 4:30:00 PM,No Pedestrians Involved,Dry,No Unusual Conditions,Daylight,Violation Driver 1,Controls Functioning,Clear,Rear End,Intersection,Other Vehicle,Not Applicable,Not Applicable,At,,True,True,90727,MERIDIAN AV,SAN CARLOS ST,37.32348887,-121.9137468
2427,696487,CR-0000099665,0,1,0,0,23-319-0191,False,False,0,11/15/2023 9:07:00 AM,No Pedestrians Involved,Dry,No Unusual Conditions,Daylight,Violation Driver 1,Controls Functioning,Clear,Sideswipe,Intersection,Other Vehicle,Not Applicable,Not Applicable,At,,False,False,90727,MERIDIAN AV,SAN CARLOS ST,37.32348887,-121.9137468
2428,698922,CR-0000100224,2,0,0,0,23-333-0323,True,False,0,11/29/2023 10:31:00 AM,No Pedestrians Involved,Dry,No Unusual Conditions,Daylight,Violation Driver 1,Controls Functioning,Clear,Broadside,Intersection,Other Vehicle,Not Applicable,Not Applicable,At,SIGN,False,False,90727,MERIDIAN AV,SAN CARLOS ST,37.32348887,-121.9137468
2429,694808,CR-0000098846,1,0,0,0,23-223-0471,False,False,70,8/11/2023 1:29:00 PM,No Pedestrians Involved,Dry,No Unusual Conditions,Daylight,Violation Driver 1,Controls Functioning,Clear,Rear End,Non-Related,Other Vehicle,Not Applicable,Not Applicable,West Of,,False,False,90727,MERIDIAN AV,SAN CARLOS ST,37.32348887,-121.9137468
2430,711742,CR-0000101184,0,0,0,0,23-325-9702,False,True,0,11/19/2023 12:00:00 PM,No Pedestrians Involved,Dry,No Unusual Conditions,Daylight,Unknown,Controls Functioning,Clear,Rear End,Intersection,Other Vehicle,Not Applicable,Not Applicable,At,,False,False,90727,MERIDIAN AV,SAN CARLOS ST,37.32348887,-121.9137468
2431,716051,CR-0000102041,0,1,0,0,24-016-0150,False,False,0,1/16/2024 7:40:00 AM,Crossing In Crosswalk - At Intersection,Dry,No Unusual Conditions,Daylight,Violation Driver 1,Controls Functioning,Clear,Vehicle/Pedestrian,Intersection,Pedestrian,East,West,At,PEDESTRIAN,False,False,90727,MERIDIAN AV,SAN CARLOS ST,37.32348887,-121.9137468
2432,696152,CR-0000099294,0,0,0,0,23-098-1216,False,False,73,4/8/2023 7:15:00 AM,No Pedestrians Involved,Dry,No Unusual Conditions,Daylight,Violation Driver 1,Controls Functioning,Clear,Rear End,Non-Related,Other Vehicle,Not Applicable,Not Applicable,East Of,,True,True,98218,PAGE ST,SAN CARLOS ST,37.32347885,-121.9154956
2433,711839,CR-0000100848,0,0,0,0,23-183-9706,False,True,51,7/2/2023 8:00:00 AM,No Pedestrians Involved,Dry,No Unusual Conditions,Daylight,Unknown,No Controls Present/Factor,Clear,Sideswipe,Non-Related,Parked Vehicle,Not Applicable,Not Applicable,South Of,,False,True,98218,PAGE ST,SAN CARLOS ST,37.32347885,-121.9154956
2434,722036,CR-0000103290,0,0,0,0,24-059-4004,False,True,51,2/28/2024 11:15:00 AM,No Pedestrians Involved,Unknown,Unknown,Unknown,Unknown,Unknown,Unknown,Sideswipe,Non-Related,Parked Vehicle,Not Applicable,Not Applicable,East Of,,False,False,98218,PAGE ST,SAN CARLOS ST,37.32347885,-121.9154956
2435,722038,CR-0000103292,0,0,0,0,24-059-4006,False,True,51,2/28/2024 11:45:00 AM,No Pedestrians Involved,Unknown,Unknown,Unknown,Unknown,Unknown,Unknown,Sideswipe,Non-Related,Parked Vehicle,Not Applicable,Not Applicable,East Of,,False,False,98218,PAGE ST,SAN CARLOS ST,37.32347885,-121.9154956
2436,699043,CR-0000100349,1,1,0,0,23-185-0892,False,False,,7/4/2023 9:53:00 PM,No Pedestrians Involved,Dry,No Unusual Conditions,Dark - Street Light,Violation Driver 1,Unknown,Clear,Sideswipe,Related,Other Vehicle,Not Applicable,Not Applicable,West Of,,False,True,88912,MAYELLEN AV,SAN CARLOS ST,37.32344457,-121.9205209
2437,681438,CR-0000090828,0,0,0,0,22-028-0598,False,False,60,1/27/2022 4:30:00 PM,No Pedestrians Involved,Dry,No Unusual Conditions,Daylight,Violation Driver 1,Unknown,Clear,Rear End,Non-Related,Other Vehicle,Not Applicable,Not Applicable,North Of,,True,False,48234,DANA AV,SAN CARLOS ST,37.32344855,-121.919977
2438,681178,CR-0000090574,0,0,0,0,22-002-0373,False,False,535,1/2/2022 1:27:00 PM,No Pedestrians Involved,Dry,No Unusual Conditions,Daylight,Violation Driver 1,Controls Functioning,Clear,Hit Object,Non-Related,Fixed Object,Not Applicable,Not Applicable,West Of,,False,False,48234,DANA AV,SAN CARLOS ST,37.32344855,-121.919977
2439,682816,CR-0000092375,0,0,0,0,22-169-0181,False,False,,6/18/2022 4:35:00 AM,No Pedestrians Involved,Dry,No Unusual Conditions,Dark - Street Light,Violation Driver 1,No Controls Present/Factor,Clear,Rear End,Non-Related,Parked Vehicle,Not Applicable,Not Applicable,East Of,,False,True,26916,BUENA VISTA AV,SAN CARLOS ST,37.32345338,-121.9189756