_id,CrashFactId,Name,MinorInjuries,ModerateInjuries,SevereInjuries,FatalInjuries,TcrNumber,CityDamageFlag,ShortFormFlag,Distance,CrashDateTime,PedestrianAction,RoadwaySurface,RoadwayCondition,Lighting,PrimaryCollisionFactor,TrafficControl,Weather,CollisionType,ProximityToIntersection,VehicleInvolvedWith,PedestrianDirectionFrom,PedestrianDirectionTo,DirectionFromIntersection,Comment,SpeedingFlag,HitAndRunFlag,IntersectionNumber,AStreetName,BStreetName,Latitude,Longitude
2440,699357,CR-0000100684,0,0,0,0,23-188-0655,False,False,126,7/7/2023 5:41:00 PM,No Pedestrians Involved,Dry,No Unusual Conditions,Daylight,Unknown,Controls Functioning,Clear,Broadside,Non-Related,Other Vehicle,Not Applicable,Not Applicable,West Of,,False,False,26916,BUENA VISTA AV,SAN CARLOS ST,37.32345338,-121.9189756
2441,698974,CR-0000100276,1,0,0,0,23-268-0197,False,False,587,9/25/2023 8:23:00 AM,No Pedestrians Involved,Dry,No Unusual Conditions,Daylight,Violation Driver 1,No Controls Present/Factor,Clear,Broadside,Non-Related,Motor Vehicle On Other Roadway,Not Applicable,Not Applicable,East Of,,True,False,26916,BUENA VISTA AV,SAN CARLOS ST,37.32345338,-121.9189756
2442,690652,CR-0000096774,0,0,0,0,23-031-0744,False,False,75,1/31/2023 5:54:00 PM,No Pedestrians Involved,Dry,No Unusual Conditions,Dark - Street Light,Violation Driver 1,Unknown,Clear,Sideswipe,Non-Related,Other Vehicle,Not Applicable,Not Applicable,West Of,,True,True,26916,BUENA VISTA AV,SAN CARLOS ST,37.32345338,-121.9189756
2443,694278,CR-0000098169,1,0,0,0,23-131-0549,False,False,90,5/11/2023 3:12:00 PM,No Pedestrians Involved,Dry,No Unusual Conditions,Daylight,Violation Driver 1,Controls Functioning,Clear,Rear End,Non-Related,Other Vehicle,Not Applicable,Not Applicable,East Of,,True,False,26916,BUENA VISTA AV,SAN CARLOS ST,37.32345338,-121.9189756
2444,685393,CR-0000094128,0,0,0,0,22-271-0256,False,False,20,9/28/2022 8:10:00 AM,No Pedestrians Involved,Dry,No Unusual Conditions,Daylight,Violation Driver 1,Controls Functioning,Clear,Vehicle/Bike,Related,Bike,Not Applicable,Not Applicable,North Of,BIKE,False,True,26091,BROOKLYN AV,DANA AV,37.33002357,-121.9246797
2445,684854,CR-0000093510,0,0,0,0,22-201-4000,False,True,51,7/20/2022 12:00:00 AM,No Pedestrians Involved,Unknown,Unknown,Unknown,Unknown,Unknown,Unknown,Sideswipe,Non-Related,Parked Vehicle,Not Applicable,Not Applicable,West Of,,False,True,91937,MISSION ST,THIRD ST,37.35223645,-121.8996833
2446,685420,CR-0000094155,0,0,0,0,22-265-0237,False,False,,9/22/2022 8:15:00 AM,No Pedestrians Involved,Dry,No Unusual Conditions,Daylight,Violation Driver 1,Controls Functioning,Clear,Sideswipe,Related,Other Vehicle,Not Applicable,Not Applicable,East Of,,False,True,62920,FOURTH ST,MISSION ST,37.35273467,-121.8986331
2447,682368,CR-0000091931,0,0,0,0,22-104-0058,False,True,200,4/14/2022 1:19:00 AM,No Pedestrians Involved,Dry,No Unusual Conditions,Dark - Street Light,Unknown,No Controls Present/Factor,Clear,Sideswipe,Non-Related,Other Vehicle,Not Applicable,Not Applicable,South Of,,False,False,62920,FOURTH ST,MISSION ST,37.35273467,-121.8986331
2448,694408,CR-0000098362,2,0,0,0,23-171-0334,False,False,396,6/20/2023 10:27:00 AM,No Pedestrians Involved,Dry,No Unusual Conditions,Daylight,Violation Driver 1,No Controls Present/Factor,Clear,Rear End,Non-Related,Parked Vehicle,Not Applicable,Not Applicable,South Of,,True,False,62920,FOURTH ST,MISSION ST,37.35273467,-121.8986331
2449,716026,CR-0000102003,1,0,1,0,24-007-0545,False,False,37,1/7/2024 5:47:00 PM,Crossing In Crosswalk - At Intersection,Dry,No Unusual Conditions,Dark - Street Light,Violation Driver 1,Controls Functioning,Clear,Vehicle/Pedestrian,Related,Pedestrian,West,East,South Of,PEDX2,False,False,62920,FOURTH ST,MISSION ST,37.35273467,-121.8986331
2450,722195,CR-0000103461,0,0,0,0,24-077-0831,False,False,210,3/17/2024 9:29:00 PM,No Pedestrians Involved,Dry,No Unusual Conditions,Daylight,Violation Driver 1,Controls Functioning,Clear,Rear End,Non-Related,Parked Vehicle,Not Applicable,Not Applicable,North Of,,False,False,62920,FOURTH ST,MISSION ST,37.35273467,-121.8986331
2451,694092,CR-0000098184,1,0,0,0,23-138-0669,False,False,0,5/18/2023 3:39:00 PM,No Pedestrians Involved,Dry,No Unusual Conditions,Daylight,Violation Driver 1,No Controls Present/Factor,Clear,Broadside,Intersection,Other Vehicle,Not Applicable,Not Applicable,At,,False,False,111550,TAYLOR ST,THIRD ST,37.35009385,-121.8980886
2452,690815,CR-0000096954,0,0,0,0,23-021-0130,True,False,0,1/21/2023 4:00:00 AM,No Pedestrians Involved,Dry,No Unusual Conditions,Dark - Street Light,Violation Driver 1,No Controls Present/Factor,Clear,Hit Object,Intersection,Fixed Object,Not Applicable,Not Applicable,At,ROAD SIGN,False,False,111550,TAYLOR ST,THIRD ST,37.35009385,-121.8980886
2453,696064,CR-0000099199,0,0,0,0,23-032-4002,False,True,51,6/30/2022 4:25:00 PM,No Pedestrians Involved,Unknown,Unknown,Unknown,Unknown,Unknown,Unknown,Hit Object,Non-Related,Fixed Object,Not Applicable,Not Applicable,North Of,,False,False,111550,TAYLOR ST,THIRD ST,37.35009385,-121.8980886
2454,712124,CR-0000101486,0,0,0,0,23-258-9706,False,True,51,9/14/2023 3:45:00 PM,No Pedestrians Involved,Dry,No Unusual Conditions,Daylight,Unknown,No Controls Present/Factor,Clear,Rear End,Non-Related,Other Vehicle,Not Applicable,Not Applicable,Unknown,,False,False,111550,TAYLOR ST,THIRD ST,37.35009385,-121.8980886
2455,716250,CR-0000102208,1,0,0,0,24-042-0582,False,False,0,2/11/2024 6:26:00 PM,No Pedestrians Involved,Dry,No Unusual Conditions,Dark - Street Light,Violation Driver 1,Controls Functioning,Clear,Rear End,Intersection,Other Vehicle,Not Applicable,Not Applicable,At,,False,True,111550,TAYLOR ST,THIRD ST,37.35009385,-121.8980886
2456,715902,CR-0000101740,0,0,0,0,23-012-9705,False,True,51,1/3/2023 9:30:00 PM,No Pedestrians Involved,Dry,No Unusual Conditions,Unknown,Unknown,No Controls Present/Factor,Unknown,Rear End,Non-Related,Parked Vehicle,Not Applicable,Not Applicable,South Of,,False,False,15553,BEEBE CI/LORIE CT,FOWLER RD,37.31130372,-121.7733107
2457,685364,CR-0000094089,0,1,0,0,22-228-0743,False,False,32,8/16/2022 4:54:00 PM,No Pedestrians Involved,Dry,No Unusual Conditions,Daylight,Violation Driver 1,No Controls Present/Factor,Clear,Rear End,Related,Parked Vehicle,Not Applicable,Not Applicable,At,,True,False,36662,CHAPMAN ST,HEDDING ST,37.33823615,-121.9263797
2458,685016,CR-0000093703,2,0,0,0,22-202-0710,False,False,0,7/21/2022 5:18:00 PM,No Pedestrians Involved,Dry,No Unusual Conditions,Daylight,Violation Driver 1,Controls Functioning,Clear,Broadside,Intersection,Other Vehicle,Not Applicable,Not Applicable,At,,False,False,83291,LEO AV,SEVENTH ST,37.3117847,-121.8631011
2459,688853,CR-0000094709,0,0,0,0,22-274-0350,True,False,473,10/1/2022 2:11:00 PM,No Pedestrians Involved,Dry,No Unusual Conditions,Daylight,Bike At Fault,No Controls Present/Factor,Clear,Vehicle/Bike,Non-Related,Scooter Motorized,Not Applicable,Not Applicable,South Of,(M.Scooter) PD,True,True,83291,LEO AV,SEVENTH ST,37.3117847,-121.8631011
2460,688854,CR-0000094710,0,1,0,0,22-274-0347,True,False,540,10/1/2022 9:20:00 AM,No Pedestrians Involved,Dry,No Unusual Conditions,Daylight,Violation Driver 1,No Controls Present/Factor,Clear,Sideswipe,Non-Related,Other Vehicle,Not Applicable,Not Applicable,South Of,PD,False,False,83291,LEO AV,SEVENTH ST,37.3117847,-121.8631011
2461,690988,CR-0000097159,2,0,0,0,23-032-0214,False,False,695,2/1/2023 8:18:00 AM,No Pedestrians Involved,Dry,No Unusual Conditions,Daylight,Violation Driver 1,No Controls Present/Factor,Clear,Broadside,Non-Related,Other Vehicle,Not Applicable,Not Applicable,South Of,,False,False,83291,LEO AV,SEVENTH ST,37.3117847,-121.8631011
2462,694136,CR-0000097957,1,0,0,0,23-088-0271,False,False,0,3/29/2023 10:00:00 AM,No Pedestrians Involved,Wet,No Unusual Conditions,Daylight,Violation Driver 1,No Controls Present/Factor,Rain,Rear End,Intersection,Other Vehicle,Not Applicable,Not Applicable,At,,False,False,83291,LEO AV,SEVENTH ST,37.3117847,-121.8631011
2463,719519,CR-0000102648,0,1,0,0,24-067-0124,False,False,107,3/7/2024 5:51:00 AM,No Pedestrians Involved,Dry,No Unusual Conditions,Dark - Street Light,Violation Driver 1,No Controls Present/Factor,Clear,Sideswipe,Non-Related,Other Vehicle,Not Applicable,Not Applicable,North Of,,False,False,83291,LEO AV,SEVENTH ST,37.3117847,-121.8631011
2464,694030,CR-0000097885,0,0,0,0,23-098-0446,False,False,51,4/8/2023 1:16:00 PM,No Pedestrians Involved,Dry,No Unusual Conditions,Daylight,Violation Driver 1,No Controls Present/Factor,Clear,Broadside,Non-Related,Other Vehicle,Not Applicable,Not Applicable,East Of,,False,False,47321,CURTNER AV,GENERAL ELECTRIC DW,37.30153937,-121.8642648
2465,698760,CR-0000100041,1,0,0,0,23-358-0580,False,False,328,12/24/2023 6:59:00 PM,No Pedestrians Involved,Dry,No Unusual Conditions,Dark - Street Light,Violation Driver 1,No Controls Present/Factor,Clear,Head On,Non-Related,Other Vehicle,Not Applicable,Not Applicable,East Of,,True,False,47321,CURTNER AV,GENERAL ELECTRIC DW,37.30153937,-121.8642648
2466,699187,CR-0000100507,0,0,0,0,23-181-0415,False,False,425,6/30/2023 1:45:00 PM,No Pedestrians Involved,Dry,No Unusual Conditions,Daylight,Unknown,No Controls Present/Factor,Clear,Broadside,Non-Related,Other Vehicle,Not Applicable,Not Applicable,East Of,,False,True,47321,CURTNER AV,GENERAL ELECTRIC DW,37.30153937,-121.8642648
2467,689013,CR-0000094873,0,0,0,0,22-265-4005,False,True,51,9/22/2022 8:00:00 AM,No Pedestrians Involved,Unknown,Unknown,Daylight,Unknown,Unknown,Unknown,Rear End,Non-Related,Other Vehicle,Not Applicable,Not Applicable,West Of,,False,False,60235,FIRST ST,HEDDING ST,37.35336943,-121.903458
2468,685409,CR-0000094144,0,0,0,0,22-261-0480,True,False,18,9/18/2022 1:26:00 PM,No Pedestrians Involved,Dry,No Unusual Conditions,Daylight,Violation Driver 1,Controls Functioning,Rain,Hit Object,Related,Fixed Object,Not Applicable,Not Applicable,East Of,LIGHT POLE,False,False,60235,FIRST ST,HEDDING ST,37.35336943,-121.903458
2469,682331,CR-0000091894,0,0,0,0,22-101-9705,False,True,100,4/8/2022 1:05:00 PM,No Pedestrians Involved,Dry,No Unusual Conditions,Daylight,Unknown,Controls Functioning,Clear,Rear End,Non-Related,Other Vehicle,Not Applicable,Not Applicable,South Of,,False,False,60235,FIRST ST,HEDDING ST,37.35336943,-121.903458
2470,683144,CR-0000092727,0,0,0,0,22-045-4006,False,True,,2/11/2022 3:20:00 PM,No Pedestrians Involved,Unknown,Unknown,Daylight,Unknown,Unknown,Unknown,Rear End,Related,Other Vehicle,Not Applicable,Not Applicable,East Of,,False,False,60235,FIRST ST,HEDDING ST,37.35336943,-121.903458
2471,696014,CR-0000099149,0,0,0,0,23-199-0756,False,False,51,7/18/2023 6:40:00 PM,No Pedestrians Involved,Dry,No Unusual Conditions,Daylight,Violation Driver 1,No Controls Present/Factor,Clear,Sideswipe,Non-Related,Other Vehicle,Not Applicable,Not Applicable,Unknown,,False,True,60235,FIRST ST,HEDDING ST,37.35336943,-121.903458
2472,690494,CR-0000096604,0,0,0,0,22-297-9703,False,True,50,10/23/2022 6:23:00 AM,No Pedestrians Involved,Dry,No Unusual Conditions,Dark - Street Light,Unknown,Controls Functioning,Clear,Rear End,Related,Other Vehicle,Not Applicable,Not Applicable,South Of,,False,True,60235,FIRST ST,HEDDING ST,37.35336943,-121.903458
2473,690147,CR-0000096235,0,0,0,0,22-352-0167,True,False,26,12/18/2022 6:16:00 AM,No Pedestrians Involved,Dry,No Unusual Conditions,Dark - Street Light,Violation Driver 1,Controls Functioning,Clear,Hit Object,Related,Fixed Object,Not Applicable,Not Applicable,West Of,median fence,True,False,60235,FIRST ST,HEDDING ST,37.35336943,-121.903458
2474,689975,CR-0000096045,2,0,0,0,22-352-0638,False,False,0,12/18/2022 7:19:00 PM,No Pedestrians Involved,Dry,No Unusual Conditions,Dark - Street Light,Violation Driver 1,Controls Functioning,Clear,Rear End,Intersection,Other Vehicle,Not Applicable,Not Applicable,At,,True,True,60235,FIRST ST,HEDDING ST,37.35336943,-121.903458
2475,690665,CR-0000096798,0,0,0,0,23-021-0501,False,False,0,1/21/2023 3:49:00 PM,No Pedestrians Involved,Dry,No Unusual Conditions,Daylight,Violation Driver 1,No Controls Present/Factor,Clear,Rear End,Intersection,Other Vehicle,Not Applicable,Not Applicable,At,,False,False,60235,FIRST ST,HEDDING ST,37.35336943,-121.903458
2476,711743,CR-0000101187,0,0,0,0,23-320-9702,False,True,,11/15/2023 1:00:00 PM,No Pedestrians Involved,Dry,No Unusual Conditions,Daylight,Unknown,Controls Functioning,Clear,Rear End,Related,Other Vehicle,Not Applicable,Not Applicable,Unknown,,False,False,60235,FIRST ST,HEDDING ST,37.35336943,-121.903458
2477,682803,CR-0000092389,0,1,0,0,22-133-0549,True,False,0,5/13/2022 2:35:00 PM,No Pedestrians Involved,Dry,No Unusual Conditions,Daylight,Violation Driver 1,Controls Functioning,Clear,Broadside,Intersection,Other Vehicle,Not Applicable,Not Applicable,At,,True,False,60730,FIRST ST,YOUNGER ST,37.35511051,-121.9047514
2478,711691,CR-0000101364,0,0,0,0,23-322-0259,False,False,36,11/18/2023 7:54:00 AM,No Pedestrians Involved,Wet,No Unusual Conditions,Daylight,Violation Driver 1,Unknown,Rain,Rear End,Related,Other Vehicle,Not Applicable,Not Applicable,North Of,,False,False,60730,FIRST ST,YOUNGER ST,37.35511051,-121.9047514
2479,712192,CR-0000101623,0,0,0,0,23-289-4007,False,True,51,10/16/2023 4:50:00 PM,No Pedestrians Involved,Unknown,Unknown,Unknown,Unknown,Unknown,Unknown,Rear End,Non-Related,Other Vehicle,Not Applicable,Not Applicable,North Of,,False,False,60730,FIRST ST,YOUNGER ST,37.35511051,-121.9047514
2480,682018,CR-0000091528,0,0,0,0,22-077-0614,False,False,0,3/18/2022 4:09:00 PM,No Pedestrians Involved,Dry,No Unusual Conditions,Daylight,Violation Driver 1,Controls Functioning,Clear,Broadside,Intersection,Train,Not Applicable,Not Applicable,At,,False,False,60411,FIRST ST,NIMITZ FR,37.35946332,-121.907921
2481,684889,CR-0000093537,0,0,0,0,22-200-0816,True,False,0,7/19/2022 8:37:00 PM,No Pedestrians Involved,Dry,No Unusual Conditions,Daylight,Unknown,Controls Functioning,Clear,Broadside,Intersection,Other Vehicle,Not Applicable,Not Applicable,At,PD,False,False,60411,FIRST ST,NIMITZ FR,37.35946332,-121.907921
2482,694281,CR-0000098006,0,0,1,0,23-100-0943,False,False,84,4/10/2023 8:09:00 PM,No Pedestrians Involved,Dry,No Unusual Conditions,Dark - Street Light,Violation Driver 1,No Controls Present/Factor,Clear,Vehicle/Bike,Non-Related,Bike,Not Applicable,Not Applicable,South Of,BIKE,False,True,60411,FIRST ST,NIMITZ FR,37.35946332,-121.907921
2483,715815,CR-0000101915,0,0,0,0,23-352-0439,False,False,0,12/18/2023 12:44:00 PM,No Pedestrians Involved,Dry,No Unusual Conditions,Daylight,Violation Driver 1,No Controls Present/Factor,Clear,Broadside,Intersection,Train,Not Applicable,Not Applicable,At,VTA TRAIN,False,False,60411,FIRST ST,NIMITZ FR,37.35946332,-121.907921
2484,719692,CR-0000102864,0,0,0,0,24-012-0656,False,False,51,1/12/2024 4:00:00 PM,No Pedestrians Involved,Dry,No Unusual Conditions,Daylight,Violation Driver 1,Controls Functioning,Clear,Sideswipe,Non-Related,Other Vehicle,Not Applicable,Not Applicable,Unknown,,False,True,60411,FIRST ST,NIMITZ FR,37.35946332,-121.907921
2485,682737,CR-0000092318,0,1,0,0,22-154-0828,False,False,100,6/3/2022 7:22:00 PM,No Pedestrians Involved,Dry,No Unusual Conditions,Daylight,Violation Driver 1,Controls Functioning,Clear,Sideswipe,Non-Related,Motorcycle,Not Applicable,Not Applicable,South Of,,False,False,60543,FIRST ST,ROSEMARY ST,37.36003926,-121.908365
2486,690832,CR-0000096971,0,0,0,0,23-008-0825,False,False,0,1/8/2023 11:45:00 PM,No Pedestrians Involved,Wet,No Unusual Conditions,Dark - Street Light,Violation Driver 1,Controls Functioning,Rain,Broadside,Intersection,Train,Not Applicable,Not Applicable,At,VTA,False,True,60202,FIRST ST,GISH RD,37.36173667,-121.9096372
2487,694435,CR-0000098399,1,0,0,0,23-159-0769,False,False,0,6/8/2023 7:33:00 PM,No Pedestrians Involved,Dry,No Unusual Conditions,Daylight,Violation Driver 1,Controls Functioning,Clear,Broadside,Intersection,Other Vehicle,Not Applicable,Not Applicable,At,,False,False,60202,FIRST ST,GISH RD,37.36173667,-121.9096372
2488,695884,CR-0000099003,0,0,0,0,23-233-0725,False,False,104,8/21/2023 5:00:00 PM,Crossing In Crosswalk - Not At Intersection,Dry,No Unusual Conditions,Daylight,Unknown,No Controls Present/Factor,Cloudy,Vehicle/Pedestrian,Non-Related,Pedestrian,North,South,East Of,PED,False,False,60202,FIRST ST,GISH RD,37.36173667,-121.9096372
2489,716229,CR-0000102169,1,1,0,0,24-036-0606,False,False,0,2/5/2024 3:53:00 PM,No Pedestrians Involved,Wet,No Unusual Conditions,Daylight,Violation Driver 1,Controls Not Functioning,Rain,Broadside,Intersection,Other Vehicle,Not Applicable,Not Applicable,At,TRAFFIC LIGHTS NOT FUNCTIONING DUE TO POWER OUTAGE,False,False,60202,FIRST ST,GISH RD,37.36173667,-121.9096372
2490,698913,CR-0000100215,0,1,0,0,23-268-0217,False,False,0,9/25/2023 8:52:00 AM,Crossing In Crosswalk - At Intersection,Dry,No Unusual Conditions,Daylight,Violation Driver 1,Controls Functioning,Clear,Vehicle/Pedestrian,Intersection,Pedestrian,North,South,At,PED,False,True,66153,GISH RD,KEONCREST AV,37.36134155,-121.9104631
2491,683508,CR-0000093105,0,0,0,0,22-197-0127,False,False,175,7/16/2022 1:52:00 AM,No Pedestrians Involved,Dry,No Unusual Conditions,Dark - Street Light,Violation Driver 1,Unknown,Clear,Sideswipe,Non-Related,Parked Vehicle,Not Applicable,Not Applicable,South Of,,True,True,40259,CLEAVES AV,PARK AV,37.32621677,-121.9072852
2492,719586,CR-0000102742,0,0,0,0,24-004-4001,False,True,51,1/3/2024 5:08:00 PM,No Pedestrians Involved,Unknown,Unknown,Unknown,Unknown,Unknown,Unknown,Other,Non-Related,Parked Vehicle,Not Applicable,Not Applicable,North Of,,False,False,40259,CLEAVES AV,PARK AV,37.32621677,-121.9072852
2493,694079,CR-0000098189,0,1,0,0,23-140-0283,False,False,102,5/20/2023 9:15:00 AM,No Pedestrians Involved,Dry,No Unusual Conditions,Daylight,Bike At Fault,Controls Functioning,Clear,Vehicle/Bike,Non-Related,Scooter Motorized,Not Applicable,Not Applicable,North Of,BIKE(E.SCOOTER),False,False,84094,LINCOLN AV,SAN CARLOS ST,37.3236103,-121.9086659
2494,712243,CR-0000101689,0,0,0,0,23-330-0838,False,False,159,11/26/2023 10:40:00 PM,No Pedestrians Involved,Dry,No Unusual Conditions,Dark - Street Light,Unknown,No Controls Present/Factor,Clear,Rear End,Non-Related,Parked Vehicle,Not Applicable,Not Applicable,West Of,,False,True,101420,PLEASANT ST,ST JOHN ST,37.33534433,-121.8978178
2495,696569,CR-0000099768,0,1,0,0,23-261-0767,False,False,0,9/18/2023 6:20:00 PM,No Pedestrians Involved,Dry,No Unusual Conditions,Daylight,Violation Driver 1,No Controls Present/Factor,Clear,Vehicle/Bike,Intersection,Bike,Not Applicable,Not Applicable,At,M.SCOOTER,False,True,73644,HOMEWOOD DR,REDWOOD AV,37.32944567,-121.9464292
2496,689450,CR-0000095425,0,0,0,0,22-309-0217,True,False,76,11/4/2022 9:00:00 PM,No Pedestrians Involved,Unknown,Other,Unknown,Violation Driver 1,No Controls Present/Factor,Other,Hit Object,Non-Related,Fixed Object,Not Applicable,Not Applicable,East Of,Speed Sign,True,False,71455,HEDDING ST,MONROE ST,37.33023536,-121.9436881
2497,698662,CR-0000099888,1,0,0,0,23-225-0638,False,False,39,8/13/2023 5:30:00 PM,No Pedestrians Involved,Dry,No Unusual Conditions,Daylight,Violation Driver 1,Controls Functioning,Clear,Broadside,Related,Parked Vehicle,Not Applicable,Not Applicable,East Of,,True,False,71455,HEDDING ST,MONROE ST,37.33023536,-121.9436881
2498,691001,CR-0000097172,0,0,0,0,23-045-4001,False,True,0,2/13/2023 3:56:00 PM,No Pedestrians Involved,Unknown,Unknown,Daylight,Unknown,Unknown,Unknown,Rear End,Intersection,Other Vehicle,Not Applicable,Not Applicable,At,,False,False,71455,HEDDING ST,MONROE ST,37.33023536,-121.9436881
2499,690928,CR-0000097093,0,0,0,0,23-041-0634,False,False,32,2/10/2023 4:13:00 PM,No Pedestrians Involved,Dry,No Unusual Conditions,Daylight,Violation Driver 1,Controls Functioning,Clear,Hit Object,Related,Fixed Object,Not Applicable,Not Applicable,South Of,HYDRANT,False,True,71510,HEDDING ST,REDWOOD AV,37.33024136,-121.9468743
2500,690924,CR-0000097087,0,0,0,0,23-040-4001,False,True,0,2/8/2023 8:05:00 AM,No Pedestrians Involved,Unknown,Unknown,Daylight,Unknown,Unknown,Unknown,Head On,Intersection,Other Vehicle,Not Applicable,Not Applicable,At,,False,False,71686,HEDDING ST/PRUNERIDGE AV,WINCHESTER BL,37.32994935,-121.9501697
2501,691264,CR-0000097509,0,0,0,0,23-039-4003,False,True,0,2/8/2023 8:05:00 AM,No Pedestrians Involved,Unknown,Unknown,Unknown,Unknown,Unknown,Unknown,Broadside,Intersection,Other Vehicle,Not Applicable,Not Applicable,At,,False,False,71686,HEDDING ST/PRUNERIDGE AV,WINCHESTER BL,37.32994935,-121.9501697
2502,712042,CR-0000101120,0,0,0,0,23-300-9704,False,True,0,10/26/2023 4:47:00 PM,No Pedestrians Involved,Unknown,Unknown,Unknown,Unknown,Unknown,Unknown,Rear End,Intersection,Other Vehicle,Not Applicable,Not Applicable,At,,False,False,71686,HEDDING ST/PRUNERIDGE AV,WINCHESTER BL,37.32994935,-121.9501697
2503,722120,CR-0000103385,0,0,0,0,24-070-0276,False,False,193,3/10/2024 8:00:00 AM,No Pedestrians Involved,Dry,No Unusual Conditions,Daylight,Violation Driver 1,Controls Functioning,Clear,Rear End,Non-Related,Parked Vehicle,Not Applicable,Not Applicable,South Of,,False,True,71686,HEDDING ST/PRUNERIDGE AV,WINCHESTER BL,37.32994935,-121.9501697
2504,682229,CR-0000091790,1,0,0,0,22-115-0779,False,False,51,4/25/2022 9:00:00 PM,No Pedestrians Involved,Unknown,No Unusual Conditions,Dark - Street Light,Violation Driver 1,No Controls Present/Factor,Unknown,Rear End,Non-Related,Parked Vehicle,Not Applicable,Not Applicable,South Of,,True,False,40633,CLOVER AV,MOORPARK AV,37.31605819,-121.9446691
2505,691058,CR-0000097231,0,0,0,0,23-041-0192,False,False,0,2/10/2023 8:00:00 AM,No Pedestrians Involved,Dry,No Unusual Conditions,Daylight,Violation Driver 1,No Controls Present/Factor,Clear,Rear End,Intersection,Motor Vehicle On Other Roadway,Not Applicable,Not Applicable,At,,True,False,15245,BAYWOOD AV,MOORPARK AV,37.31605228,-121.9456962
2506,694542,CR-0000098536,0,0,0,0,23-196-0443,True,False,507,7/15/2023 1:32:00 PM,No Pedestrians Involved,Dry,No Unusual Conditions,Daylight,Violation Driver 1,No Controls Present/Factor,Clear,Hit Object,Non-Related,Fixed Object,Not Applicable,Not Applicable,West Of,CITY POLE,False,False,15245,BAYWOOD AV,MOORPARK AV,37.31605228,-121.9456962
2507,694613,CR-0000098646,1,0,0,0,23-205-0287,False,False,0,7/24/2023 10:05:00 AM,No Pedestrians Involved,Dry,No Unusual Conditions,Daylight,Violation Driver 1,Controls Functioning,Clear,Broadside,Intersection,Other Vehicle,Not Applicable,Not Applicable,At,,False,False,15245,BAYWOOD AV,MOORPARK AV,37.31605228,-121.9456962
2508,716224,CR-0000102196,0,1,0,0,24-047-0457,False,False,396,2/16/2024 1:53:00 PM,No Pedestrians Involved,Dry,No Unusual Conditions,Daylight,Violation Driver 1,Unknown,Clear,Rear End,Non-Related,Other Vehicle,Not Applicable,Not Applicable,West Of,,False,False,15245,BAYWOOD AV,MOORPARK AV,37.31605228,-121.9456962
2509,682060,CR-0000091575,0,0,0,0,22-008-4002,False,True,0,1/8/2022 4:15:00 PM,No Pedestrians Involved,Unknown,Unknown,Daylight,Unknown,Unknown,Unknown,Broadside,Intersection,Other Vehicle,Not Applicable,Not Applicable,At,,False,False,44505,COUNTRY LN,SARATOGA AV,37.29725514,-121.9856839
2510,685416,CR-0000094151,0,0,0,0,22-263-0911,False,False,70,9/20/2022 9:07:00 PM,No Pedestrians Involved,Dry,No Unusual Conditions,Dark - Street Light,Violation Driver 1,No Controls Present/Factor,Clear,Rear End,Non-Related,Parked Vehicle,Not Applicable,Not Applicable,North Of,,False,False,44505,COUNTRY LN,SARATOGA AV,37.29725514,-121.9856839
2511,692434,CR-0000097718,0,0,0,0,23-082-4001,False,True,0,3/23/2023 4:50:00 PM,No Pedestrians Involved,Unknown,Unknown,Unknown,Unknown,Unknown,Unknown,Other,Intersection,Other Vehicle,Not Applicable,Not Applicable,At,,False,False,116643,COUNTRY LN,SARATOGA FRONTAGE RD,37.2973667,-121.9858215
2512,720868,CR-0000103071,0,0,0,0,24-025-4007,False,True,,1/25/2024 2:50:00 PM,No Pedestrians Involved,Unknown,Unknown,Unknown,Unknown,Unknown,Unknown,Other,Related,Other Vehicle,Not Applicable,Not Applicable,West Of,,False,False,116643,COUNTRY LN,SARATOGA FRONTAGE RD,37.2973667,-121.9858215
2513,716004,CR-0000101874,0,0,0,0,23-317-9707,False,True,51,11/12/2023 4:30:00 PM,No Pedestrians Involved,Dry,No Unusual Conditions,Daylight,Unknown,Unknown,Clear,Sideswipe,Non-Related,Other Vehicle,Not Applicable,Not Applicable,West Of,,False,True,116643,COUNTRY LN,SARATOGA FRONTAGE RD,37.2973667,-121.9858215
2514,684966,CR-0000093593,0,1,0,0,22-231-1065,False,False,0,8/19/2022 11:33:00 PM,No Pedestrians Involved,Dry,No Unusual Conditions,Dark - Street Light,Violation Driver 1,Controls Functioning,Clear,Broadside,Intersection,Other Vehicle,Not Applicable,Not Applicable,At,,False,False,106897,SAN TOMAS EX,WILLIAMS RD,37.3087455,-121.9636246
2515,694181,CR-0000098154,1,0,0,0,23-133-0915,False,False,0,5/14/2023 12:49:00 AM,No Pedestrians Involved,Unknown,No Unusual Conditions,Dark - Street Light,Violation Driver 1,Unknown,Clear,Broadside,Intersection,Other Vehicle,Not Applicable,Not Applicable,At,,False,False,106897,SAN TOMAS EX,WILLIAMS RD,37.3087455,-121.9636246