_id,CrashFactId,Name,MinorInjuries,ModerateInjuries,SevereInjuries,FatalInjuries,TcrNumber,CityDamageFlag,ShortFormFlag,Distance,CrashDateTime,PedestrianAction,RoadwaySurface,RoadwayCondition,Lighting,PrimaryCollisionFactor,TrafficControl,Weather,CollisionType,ProximityToIntersection,VehicleInvolvedWith,PedestrianDirectionFrom,PedestrianDirectionTo,DirectionFromIntersection,Comment,SpeedingFlag,HitAndRunFlag,IntersectionNumber,AStreetName,BStreetName,Latitude,Longitude
2516,694282,CR-0000098113,2,0,0,0,23-123-0235,False,False,0,5/3/2023 10:32:00 AM,No Pedestrians Involved,Dry,No Unusual Conditions,Daylight,Violation Driver 1,Controls Functioning,Cloudy,Broadside,Intersection,Other Vehicle,Not Applicable,Not Applicable,At,,False,False,106897,SAN TOMAS EX,WILLIAMS RD,37.3087455,-121.9636246
2517,691378,CR-0000097627,1,0,0,0,23-067-0276,False,False,0,3/8/2023 10:54:00 AM,No Pedestrians Involved,Wet,No Unusual Conditions,Daylight,Violation Driver 1,Controls Functioning,Rain,Rear End,Intersection,Other Vehicle,Not Applicable,Not Applicable,At,,True,False,106897,SAN TOMAS EX,WILLIAMS RD,37.3087455,-121.9636246
2518,691097,CR-0000097270,0,0,0,0,23-048-0914,False,False,0,2/17/2023 9:50:00 PM,No Pedestrians Involved,Dry,No Unusual Conditions,Dark - Street Light,Unknown,Controls Functioning,Clear,Sideswipe,Intersection,Other Vehicle,Not Applicable,Not Applicable,At,,False,True,106897,SAN TOMAS EX,WILLIAMS RD,37.3087455,-121.9636246
2519,690538,CR-0000096642,1,1,0,0,23-010-0456,False,False,0,1/10/2023 10:27:00 AM,No Pedestrians Involved,Wet,No Unusual Conditions,Daylight,Violation Driver 1,Controls Not Functioning,Rain,Head On,Intersection,Other Vehicle,Not Applicable,Not Applicable,At,,False,False,106897,SAN TOMAS EX,WILLIAMS RD,37.3087455,-121.9636246
2520,715873,CR-0000101925,0,0,0,0,23-363-9709,False,True,0,12/13/2023 10:00:00 AM,No Pedestrians Involved,Dry,No Unusual Conditions,Daylight,Violation Driver 1,Controls Functioning,Cloudy,Rear End,Intersection,Other Vehicle,Not Applicable,Not Applicable,At,,False,False,106897,SAN TOMAS EX,WILLIAMS RD,37.3087455,-121.9636246
2521,711811,CR-0000101032,0,0,0,0,23-254-0218,False,False,86,9/11/2023 8:00:00 AM,No Pedestrians Involved,Dry,No Unusual Conditions,Daylight,Violation Driver 1,Controls Functioning,Clear,Sideswipe,Non-Related,Other Vehicle,Not Applicable,Not Applicable,East Of,,False,False,106897,SAN TOMAS EX,WILLIAMS RD,37.3087455,-121.9636246
2522,717452,CR-0000102476,2,0,0,0,24-077-0782,False,False,0,3/17/2024 8:41:00 PM,No Pedestrians Involved,Dry,No Unusual Conditions,Dark - Street Light,Violation Driver 1,Controls Functioning,Clear,Broadside,Intersection,Other Vehicle,Not Applicable,Not Applicable,At,,False,False,106897,SAN TOMAS EX,WILLIAMS RD,37.3087455,-121.9636246
2523,717449,CR-0000102473,1,0,0,0,24-086-0361,False,False,43,3/26/2024 11:52:00 AM,No Pedestrians Involved,Dry,No Unusual Conditions,Daylight,Violation Driver 1,Controls Functioning,Clear,Rear End,Related,Other Vehicle,Not Applicable,Not Applicable,South Of,,False,False,106897,SAN TOMAS EX,WILLIAMS RD,37.3087455,-121.9636246
2524,689231,CR-0000095190,0,0,0,0,22-298-0624,False,False,0,10/25/2022 3:31:00 PM,No Pedestrians Involved,Dry,No Unusual Conditions,Daylight,Violation Driver 1,Controls Functioning,Clear,Other,Intersection,Other Vehicle,Not Applicable,Not Applicable,At,,False,True,22901,BOYNTON AV,WILLIAMS RD,37.30856945,-121.9659385
2525,681612,CR-0000091009,0,1,0,0,22-048-0330,False,False,0,2/17/2022 10:33:00 AM,No Pedestrians Involved,Dry,No Unusual Conditions,Daylight,Violation Driver 1,Controls Functioning,Clear,Broadside,Intersection,Other Vehicle,Not Applicable,Not Applicable,At,,False,False,22901,BOYNTON AV,WILLIAMS RD,37.30856945,-121.9659385
2526,691335,CR-0000097582,1,0,1,0,23-072-0737,False,False,150,3/13/2023 5:01:00 PM,No Pedestrians Involved,Dry,No Unusual Conditions,Daylight,Violation Driver 1,No Controls Present/Factor,Clear,Head On,Non-Related,Other Vehicle,Not Applicable,Not Applicable,West Of,,True,True,22901,BOYNTON AV,WILLIAMS RD,37.30856945,-121.9659385
2527,692433,CR-0000097717,1,0,0,0,23-082-0948,False,False,164,3/23/2023 10:25:00 PM,No Pedestrians Involved,Wet,No Unusual Conditions,Dark - Street Light,Violation Driver 1,Controls Functioning,Clear,Head On,Non-Related,Other Vehicle,Not Applicable,Not Applicable,West Of,,False,False,22901,BOYNTON AV,WILLIAMS RD,37.30856945,-121.9659385
2528,720850,CR-0000103053,0,0,0,0,24-043-0814,False,False,51,2/12/2024 7:05:00 PM,No Pedestrians Involved,Dry,No Unusual Conditions,Dark - Street Light,Violation Driver 1,No Controls Present/Factor,Clear,Rear End,Non-Related,Other Vehicle,Not Applicable,Not Applicable,East Of,,True,True,22901,BOYNTON AV,WILLIAMS RD,37.30856945,-121.9659385
2529,696322,CR-0000099478,2,0,0,0,23-300-0223,False,False,0,10/27/2023 8:33:00 AM,No Pedestrians Involved,Dry,No Unusual Conditions,Daylight,Violation Driver 1,Controls Functioning,Clear,Rear End,Intersection,Other Vehicle,Not Applicable,Not Applicable,At,,True,False,125498,ALMADEN EX,GUADALUPE FR,37.30211069,-121.8764164
2530,716334,CR-0000102266,0,1,0,0,24-054-0512,False,False,0,2/23/2024 3:33:00 PM,No Pedestrians Involved,Dry,No Unusual Conditions,Daylight,Violation Driver 1,Controls Functioning,Clear,Overturned,Intersection,Other Vehicle,Not Applicable,Not Applicable,At,,False,False,125498,ALMADEN EX,GUADALUPE FR,37.30211069,-121.8764164
2531,689310,CR-0000095276,0,0,0,0,22-300-0165,False,False,525,10/27/2022 7:47:00 AM,No Pedestrians Involved,Dry,No Unusual Conditions,Daylight,Unknown,No Controls Present/Factor,Clear,Sideswipe,Non-Related,Parked Vehicle,Not Applicable,Not Applicable,North Of,,False,True,66164,GISH RD,KERLEY DR,37.36255655,-121.9081039
2532,681822,CR-0000091231,0,1,0,0,22-085-0661,False,False,0,3/26/2022 6:24:00 PM,No Pedestrians Involved,Dry,No Unusual Conditions,Daylight,Violation Driver 1,Controls Functioning,Clear,Broadside,Intersection,Other Vehicle,Not Applicable,Not Applicable,At,,False,False,59718,FIFTEENTH ST,ST JAMES ST,37.3458997,-121.8784373
2533,696437,CR-0000099614,0,0,0,0,23-109-0206,True,False,0,4/19/2023 8:50:00 AM,No Pedestrians Involved,Dry,No Unusual Conditions,Daylight,Violation Driver 1,Controls Functioning,Clear,Hit Object,Intersection,Other Vehicle,Not Applicable,Not Applicable,At,TRAFFIC SIGNAL POLE,False,True,98614,PARK AV,SUNOL ST,37.32622227,-121.9062047
2534,716249,CR-0000102242,1,0,0,0,24-052-0909,False,False,124,2/21/2024 10:38:00 PM,No Pedestrians Involved,Dry,No Unusual Conditions,Dark - Street Light,Violation Driver 1,No Controls Present/Factor,Clear,Hit Object,Non-Related,Fixed Object,Not Applicable,Not Applicable,North Of,BUILDING,False,False,84017,LINCOLN AV,PARKMOOR AV,37.31685317,-121.9074917
2535,711614,CR-0000101505,0,0,0,0,23-291-4004,False,True,0,9/26/2023 8:40:00 AM,No Pedestrians Involved,Unknown,Unknown,Unknown,Violation Driver 1,Unknown,Unknown,Other,Intersection,Other Vehicle,Not Applicable,Not Applicable,At,,False,False,84017,LINCOLN AV,PARKMOOR AV,37.31685317,-121.9074917
2536,688739,CR-0000094565,0,0,0,0,22-235-4006,False,True,0,8/23/2022 9:00:00 AM,No Pedestrians Involved,Unknown,Unknown,Daylight,Unknown,Unknown,Unknown,Broadside,Intersection,Other Vehicle,Not Applicable,Not Applicable,At,,False,False,50160,DELMAS AV,SANTA CLARA ST,37.33211919,-121.8991234
2537,694644,CR-0000098677,1,0,0,0,23-210-0965,False,False,362,7/29/2023 11:14:00 PM,No Pedestrians Involved,Dry,No Unusual Conditions,Dark - Street Light,Violation Driver 1,No Controls Present/Factor,Clear,Sideswipe,Non-Related,Other Vehicle,Not Applicable,Not Applicable,South Of,,False,False,50160,DELMAS AV,SANTA CLARA ST,37.33211919,-121.8991234
2538,681271,CR-0000090657,0,0,0,0,22-009-4000,False,False,51,1/7/2022 4:20:00 PM,No Pedestrians Involved,Unknown,Unknown,Daylight,Unknown,Unknown,Unknown,Sideswipe,Non-Related,Other Vehicle,Not Applicable,Not Applicable,South Of,,False,False,92982,MONTGOMERY ST,SANTA CLARA ST,37.33197092,-121.9012478
2539,681263,CR-0000090649,1,0,0,0,22-007-0528,False,False,300,1/7/2022 4:25:00 PM,No Pedestrians Involved,Dry,No Unusual Conditions,Dusk - Dawn,Violation Driver 1,No Controls Present/Factor,Clear,Sideswipe,Non-Related,Other Vehicle,Not Applicable,Not Applicable,South Of,,False,False,92982,MONTGOMERY ST,SANTA CLARA ST,37.33197092,-121.9012478
2540,683075,CR-0000092653,4,0,0,0,22-149-0875,False,False,0,5/29/2022 8:39:00 PM,No Pedestrians Involved,Dry,No Unusual Conditions,Dark - Street Light,Violation Driver 1,Controls Functioning,Clear,Overturned,Intersection,Other Vehicle,Not Applicable,Not Applicable,At,,False,False,92982,MONTGOMERY ST,SANTA CLARA ST,37.33197092,-121.9012478
2541,689824,CR-0000095850,0,1,0,0,22-351-0518,False,False,0,12/17/2022 3:58:00 PM,No Pedestrians Involved,Dry,No Unusual Conditions,Daylight,Bike At Fault,Controls Functioning,Clear,Vehicle/Bike,Intersection,Bike,Not Applicable,Not Applicable,At,BIKE,False,False,92982,MONTGOMERY ST,SANTA CLARA ST,37.33197092,-121.9012478
2542,720934,CR-0000103169,0,0,0,0,24-047-0376,False,False,30,2/16/2024 2:32:00 PM,No Pedestrians Involved,Dry,No Unusual Conditions,Daylight,Unknown,Unknown,Clear,Hit Object,Related,Fixed Object,Not Applicable,Not Applicable,South Of,UTILITY BOX,False,False,92982,MONTGOMERY ST,SANTA CLARA ST,37.33197092,-121.9012478
2543,687510,CR-0000094299,0,0,0,0,22-267-0121,False,False,124,9/24/2022 2:00:00 AM,No Pedestrians Involved,Dry,No Unusual Conditions,Dark - Street Light,Violation Driver 1,No Controls Present/Factor,Clear,Rear End,Non-Related,Parked Vehicle,Not Applicable,Not Applicable,South Of,,False,False,50159,DELMAS AV,SAN FERNANDO ST,37.33029592,-121.8977574
2544,699474,CR-0000100810,0,0,0,0,23-192-0832,False,False,300,7/11/2023 8:00:00 PM,No Pedestrians Involved,Unknown,Unknown,Unknown,Violation Driver 1,Unknown,Unknown,Other,Non-Related,Parked Vehicle,Not Applicable,Not Applicable,North Of,,False,False,54779,EIGHTEENTH ST,WILLIAM ST,37.33798306,-121.8672891
2545,689256,CR-0000095205,1,0,0,0,22-304-0427,False,False,87,10/31/2022 12:04:00 PM,No Pedestrians Involved,Dry,No Unusual Conditions,Daylight,Violation Driver 1,Controls Functioning,Cloudy,Rear End,Non-Related,Parked Vehicle,Not Applicable,Not Applicable,East Of,,True,False,59905,FIFTH ST,SANTA CLARA ST,37.3381833,-121.8863234
2546,682526,CR-0000092093,0,0,0,0,22-095-0460,False,False,0,4/5/2022 12:56:00 PM,No Pedestrians Involved,Dry,Construction - Repair Zone,Daylight,Unknown,No Controls Present/Factor,Clear,Sideswipe,Intersection,Other Vehicle,Not Applicable,Not Applicable,At,,False,True,59905,FIFTH ST,SANTA CLARA ST,37.3381833,-121.8863234
2547,681155,CR-0000090559,2,0,0,0,22-022-0719,False,False,0,1/22/2022 8:02:00 PM,No Pedestrians Involved,Dry,No Unusual Conditions,Dark - Street Light,Violation Driver 1,Controls Functioning,Clear,Head On,Intersection,Motor Vehicle On Other Roadway,Not Applicable,Not Applicable,At,,False,False,59905,FIFTH ST,SANTA CLARA ST,37.3381833,-121.8863234
2548,689803,CR-0000095829,0,0,1,0,22-211-0005,False,False,50,7/30/2022 12:02:00 AM,Crossing - Not In Crosswalk,Dry,No Unusual Conditions,Dusk - Dawn,Pedestrian At Fault,No Controls Present/Factor,Clear,Vehicle/Pedestrian,Related,Pedestrian,South,North,West Of,,False,True,59905,FIFTH ST,SANTA CLARA ST,37.3381833,-121.8863234
2549,690906,CR-0000097069,0,0,0,0,23-055-0602,False,False,0,2/24/2023 4:50:00 PM,No Pedestrians Involved,Dry,No Unusual Conditions,Daylight,Violation Driver 1,No Controls Present/Factor,Clear,Sideswipe,Intersection,Other Vehicle,Not Applicable,Not Applicable,At,,False,True,59905,FIFTH ST,SANTA CLARA ST,37.3381833,-121.8863234
2550,695896,CR-0000099024,0,0,0,0,23-238-4001,False,True,,8/26/2023 10:45:00 AM,No Pedestrians Involved,Unknown,Unknown,Unknown,Unknown,Unknown,Unknown,Sideswipe,Related,Other Vehicle,Not Applicable,Not Applicable,West Of,,False,False,59905,FIFTH ST,SANTA CLARA ST,37.3381833,-121.8863234
2551,711977,CR-0000101133,0,0,0,0,23-301-9701,False,True,51,10/25/2023 8:45:00 PM,No Pedestrians Involved,Dry,No Unusual Conditions,Dark - Street Light,Unknown,Controls Functioning,Clear,Other,Non-Related,Parked Vehicle,Not Applicable,Not Applicable,North Of,,False,False,59905,FIFTH ST,SANTA CLARA ST,37.3381833,-121.8863234
2552,681780,CR-0000091180,0,1,0,0,22-055-0575,False,False,64,2/25/2022 3:53:00 PM,No Pedestrians Involved,Dry,No Unusual Conditions,Daylight,Violation Driver 1,Controls Functioning,Clear,Rear End,Non-Related,Motorcycle,Not Applicable,Not Applicable,North Of,MC,False,False,59938,FIFTH ST,ST JOHN ST,37.33967153,-121.8874352
2553,681594,CR-0000090991,0,0,0,0,22-046-0413,False,False,225,2/15/2022 11:32:00 AM,No Pedestrians Involved,Dry,Unknown,Daylight,Violation Driver 1,Controls Functioning,Clear,Broadside,Non-Related,Motor Vehicle On Other Roadway,Not Applicable,Not Applicable,South Of,,False,False,59938,FIFTH ST,ST JOHN ST,37.33967153,-121.8874352
2554,699119,CR-0000100435,0,0,0,0,23-156-0001,False,False,0,6/5/2023 12:02:00 AM,No Pedestrians Involved,Dry,No Unusual Conditions,Dark - Street Light,Violation Driver 1,No Controls Present/Factor,Clear,Broadside,Intersection,Other Vehicle,Not Applicable,Not Applicable,At,,False,True,59938,FIFTH ST,ST JOHN ST,37.33967153,-121.8874352
2555,681826,CR-0000091235,0,0,0,0,22-086-0066,False,False,,3/27/2022 3:01:00 AM,No Pedestrians Involved,Dry,No Unusual Conditions,Dark - Street Light,Violation Driver 1,Controls Functioning,Clear,Rear End,Related,Other Vehicle,Not Applicable,Not Applicable,East Of,,False,False,2683,ALAMEDA,STOCKTON AV/WHITE ST,37.33185832,-121.9038123
2556,712201,CR-0000101633,0,0,0,0,23-290-0954,False,False,0,10/17/2023 10:38:00 PM,No Pedestrians Involved,Unknown,No Unusual Conditions,Dark - No Street Light,Violation Driver 1,Controls Functioning,Clear,Sideswipe,Intersection,Other Vehicle,Not Applicable,Not Applicable,At,,False,True,2683,ALAMEDA,STOCKTON AV/WHITE ST,37.33185832,-121.9038123
2557,712202,CR-0000101634,0,0,0,0,23-290-4002,False,True,0,10/16/2023 8:45:00 PM,No Pedestrians Involved,Unknown,Unknown,Unknown,Unknown,Unknown,Unknown,Sideswipe,Intersection,Other Vehicle,Not Applicable,Not Applicable,At,,False,False,2683,ALAMEDA,STOCKTON AV/WHITE ST,37.33185832,-121.9038123
2558,682897,CR-0000092465,1,0,0,0,22-039-0264,False,False,21,2/8/2022 8:55:00 AM,Crossing In Crosswalk - At Intersection,Dry,No Unusual Conditions,Daylight,Violation Driver 1,No Controls Present/Factor,Clear,Vehicle/Pedestrian,Related,Pedestrian,East,West,South Of,PED,True,True,2408,ALAMEDA,BUSH ST,37.33181787,-121.9047284
2559,685356,CR-0000094082,0,0,0,0,22-227-9706,False,True,51,8/15/2022 11:30:00 AM,No Pedestrians Involved,Dry,No Unusual Conditions,Daylight,Unknown,No Controls Present/Factor,Clear,Sideswipe,Non-Related,Parked Vehicle,Not Applicable,Not Applicable,West Of,,False,False,2408,ALAMEDA,BUSH ST,37.33181787,-121.9047284
2560,684888,CR-0000093525,0,1,0,0,22-191-1098,False,False,33,7/10/2022 11:49:00 PM,No Pedestrians Involved,Dry,No Unusual Conditions,Dark - Street Light,Violation Driver 1,Controls Functioning,Clear,Rear End,Related,Parked Vehicle,Not Applicable,Not Applicable,East Of,,False,False,2408,ALAMEDA,BUSH ST,37.33181787,-121.9047284
2561,690225,CR-0000096314,0,0,0,0,22-291-9703,False,True,0,10/17/2022 3:50:00 PM,No Pedestrians Involved,Dry,No Unusual Conditions,Daylight,Unknown,Controls Functioning,Clear,Rear End,Intersection,Other Vehicle,Not Applicable,Not Applicable,At,,False,False,2408,ALAMEDA,BUSH ST,37.33181787,-121.9047284
2562,711621,CR-0000101069,0,0,0,0,23-293-0557,False,False,51,10/20/2023 7:49:00 AM,No Pedestrians Involved,Dry,No Unusual Conditions,Daylight,Violation Driver 1,Unknown,Clear,Broadside,Non-Related,Parked Vehicle,Not Applicable,Not Applicable,South Of,,False,True,2408,ALAMEDA,BUSH ST,37.33181787,-121.9047284
2563,683088,CR-0000092644,0,0,0,0,22-173-0647,True,False,85,6/22/2022 3:51:00 PM,No Pedestrians Involved,Dry,No Unusual Conditions,Daylight,Violation Driver 1,Unknown,Clear,Rear End,Non-Related,Parked Vehicle,Not Applicable,Not Applicable,West Of,CITY VEHICLE LIB,True,False,62985,FOURTH ST,SAN FERNANDO ST,37.33583168,-121.8860285
2564,685011,CR-0000093695,0,0,0,0,22-129-0957,False,False,22,7/31/2022 11:26:00 PM,No Pedestrians Involved,Dry,No Unusual Conditions,Dark - Street Light,Violation Driver 1,Controls Functioning,Clear,Broadside,Related,Other Vehicle,Not Applicable,Not Applicable,South Of,,False,False,62985,FOURTH ST,SAN FERNANDO ST,37.33583168,-121.8860285
2565,681531,CR-0000090927,0,1,0,0,22-038-0140,False,False,40,2/7/2022 6:20:00 AM,No Pedestrians Involved,Dry,No Unusual Conditions,Daylight,Violation Driver 1,Controls Functioning,Clear,Rear End,Related,Other Vehicle,Not Applicable,Not Applicable,South Of,,False,False,62985,FOURTH ST,SAN FERNANDO ST,37.33583168,-121.8860285
2566,682186,CR-0000091741,1,0,0,0,22-062-0393,False,False,360,3/3/2022 11:15:00 AM,Crossing - Not In Crosswalk,Dry,No Unusual Conditions,Daylight,Bike At Fault,No Controls Present/Factor,Cloudy,Vehicle/Pedestrian,Non-Related,Pedestrian,West,East,South Of,PED/BIKE62985,False,False,62985,FOURTH ST,SAN FERNANDO ST,37.33583168,-121.8860285
2567,682507,CR-0000092074,0,0,0,0,22-093-0633,False,False,0,4/3/2022 5:14:00 PM,No Pedestrians Involved,Dry,No Unusual Conditions,Daylight,Violation Driver 1,Controls Functioning,Clear,Head On,Intersection,Other Vehicle,Not Applicable,Not Applicable,At,,False,True,62985,FOURTH ST,SAN FERNANDO ST,37.33583168,-121.8860285
2568,690324,CR-0000096418,0,0,0,0,22-251-9708,False,True,,8/31/2022 12:44:00 PM,No Pedestrians Involved,Dry,No Unusual Conditions,Daylight,Unknown,No Controls Present/Factor,Clear,Sideswipe,Related,Other Vehicle,Not Applicable,Not Applicable,Unknown,,False,True,62985,FOURTH ST,SAN FERNANDO ST,37.33583168,-121.8860285
2569,691209,CR-0000097430,0,0,0,0,22-342-0053,False,False,408,12/8/2022 2:02:00 AM,No Pedestrians Involved,Dry,No Unusual Conditions,Dark - Street Light,Violation Driver 1,Controls Functioning,Clear,Rear End,Non-Related,Parked Vehicle,Not Applicable,Not Applicable,South Of,,False,False,62985,FOURTH ST,SAN FERNANDO ST,37.33583168,-121.8860285
2570,691120,CR-0000097316,0,0,0,0,23-035-0700,False,False,0,2/4/2023 9:25:00 PM,No Pedestrians Involved,Wet,No Unusual Conditions,Dark - Street Light,Violation Driver 1,Controls Functioning,Rain,Rear End,Intersection,Parked Vehicle,Not Applicable,Not Applicable,At,,False,True,62985,FOURTH ST,SAN FERNANDO ST,37.33583168,-121.8860285
2571,682384,CR-0000091947,0,0,0,0,22-105-0713,False,False,100,4/15/2022 6:20:00 PM,No Pedestrians Involved,Dry,No Unusual Conditions,Daylight,Violation Driver 1,Controls Functioning,Clear,Broadside,Non-Related,Other Vehicle,Not Applicable,Not Applicable,West Of,,False,True,4201,ALMA AV,SENTER RD,37.32167982,-121.8618836
2572,690329,CR-0000096423,0,0,0,0,22-138-4001,False,True,0,5/18/2022 2:30:00 AM,No Pedestrians Involved,Unknown,Unknown,Unknown,Unknown,Unknown,Unknown,Hit Object,Intersection,Fixed Object,Not Applicable,Not Applicable,At,CONSTRUCTION FENCE,False,False,4201,ALMA AV,SENTER RD,37.32167982,-121.8618836
2573,681680,CR-0000091077,0,0,0,0,22-077-4001,False,True,0,3/16/2022 10:22:00 AM,No Pedestrians Involved,Unknown,Unknown,Daylight,Unknown,Unknown,Unknown,Other,Intersection,Other Vehicle,Not Applicable,Not Applicable,At,,False,False,4201,ALMA AV,SENTER RD,37.32167982,-121.8618836
2574,689530,CR-0000095507,2,0,0,0,22-357-0231,False,False,0,12/23/2022 9:59:00 AM,No Pedestrians Involved,Dry,No Unusual Conditions,Daylight,Violation Driver 1,Controls Not Functioning,Clear,Broadside,Intersection,Other Vehicle,Not Applicable,Not Applicable,At,,False,False,4201,ALMA AV,SENTER RD,37.32167982,-121.8618836
2575,696188,CR-0000099332,0,0,0,0,23-099-0125,False,False,64,4/9/2023 2:46:00 AM,No Pedestrians Involved,Dry,No Unusual Conditions,Dark - Street Light,Unknown,Controls Functioning,Clear,Rear End,Non-Related,Other Vehicle,Not Applicable,Not Applicable,North Of,,False,False,4201,ALMA AV,SENTER RD,37.32167982,-121.8618836
2576,719835,CR-0000103008,0,0,0,0,24-038-0456,False,True,0,2/7/2024 3:02:00 PM,No Pedestrians Involved,Unknown,Unknown,Unknown,Unknown,Unknown,Unknown,Sideswipe,Intersection,Other Vehicle,Not Applicable,Not Applicable,At,,False,False,4201,ALMA AV,SENTER RD,37.32167982,-121.8618836
2577,683058,CR-0000092674,1,1,0,0,22-143-1088,False,False,27,5/23/2022 11:48:00 PM,No Pedestrians Involved,Dry,No Unusual Conditions,Dark - Street Light,Violation Driver 1,Controls Functioning,Clear,Rear End,Related,Other Vehicle,Not Applicable,Not Applicable,West Of,,True,False,107161,ALUM ROCK AV,THIRTY THIRD ST,37.35113575,-121.8590404
2578,682337,CR-0000091900,0,0,0,0,22-099-0153,False,False,24,4/9/2022 1:24:00 AM,No Pedestrians Involved,Dry,No Unusual Conditions,Dark - Street Light,Violation Driver 1,Controls Functioning,Clear,Rear End,Related,Other Vehicle,Not Applicable,Not Applicable,North Of,,True,True,107161,ALUM ROCK AV,THIRTY THIRD ST,37.35113575,-121.8590404
2579,685182,CR-0000093858,0,1,0,0,22-251-0169,False,False,0,9/8/2022 7:38:00 AM,No Pedestrians Involved,Dry,No Unusual Conditions,Daylight,Violation Driver 1,Controls Functioning,Clear,Rear End,Intersection,Other Vehicle,Not Applicable,Not Applicable,At,,False,True,107161,ALUM ROCK AV,THIRTY THIRD ST,37.35113575,-121.8590404
2580,683371,CR-0000092962,0,0,0,0,22-178-0212,False,False,75,6/27/2022 7:51:00 AM,No Pedestrians Involved,Dry,No Unusual Conditions,Daylight,Violation Driver 1,Controls Functioning,Clear,Head On,Non-Related,Parked Vehicle,Not Applicable,Not Applicable,North Of,,True,True,107161,ALUM ROCK AV,THIRTY THIRD ST,37.35113575,-121.8590404
2581,688850,CR-0000094706,0,0,0,0,22-296-0802,False,False,0,10/23/2022 7:57:00 PM,No Pedestrians Involved,Dry,No Unusual Conditions,Dark - Street Light,Violation Driver 1,Controls Functioning,Clear,Rear End,Intersection,Other Vehicle,Not Applicable,Not Applicable,At,,True,True,107161,ALUM ROCK AV,THIRTY THIRD ST,37.35113575,-121.8590404
2582,689056,CR-0000094889,1,0,0,0,22-292-0657,False,False,0,10/19/2022 4:45:00 PM,Crossing In Crosswalk - At Intersection,Dry,No Unusual Conditions,Daylight,Violation Driver 1,Controls Functioning,Clear,Vehicle/Pedestrian,Intersection,Pedestrian,North,South,At,PEDESTRIAN,False,False,107161,ALUM ROCK AV,THIRTY THIRD ST,37.35113575,-121.8590404
2583,696453,CR-0000099630,1,0,0,0,23-319-0720,False,False,140,11/15/2023 6:59:00 PM,Crossing - Not In Crosswalk,Wet,No Unusual Conditions,Dark - Street Light,Pedestrian At Fault,Controls Functioning,Rain,Vehicle/Pedestrian,Non-Related,Pedestrian,North,South,West Of,PEDESTRIAN,False,False,107161,ALUM ROCK AV,THIRTY THIRD ST,37.35113575,-121.8590404
2584,699111,CR-0000100427,0,0,0,0,23-171-0835,False,False,0,6/20/2023 6:43:00 PM,No Pedestrians Involved,Dry,No Unusual Conditions,Daylight,Violation Driver 1,Controls Functioning,Clear,Broadside,Intersection,Other Vehicle,Not Applicable,Not Applicable,At,,False,True,107161,ALUM ROCK AV,THIRTY THIRD ST,37.35113575,-121.8590404
2585,690583,CR-0000096704,2,0,0,0,23-029-0256,False,False,0,1/29/2023 8:04:00 AM,No Pedestrians Involved,Wet,No Unusual Conditions,Daylight,Violation Driver 1,Controls Functioning,Cloudy,Head On,Intersection,Motor Vehicle On Other Roadway,Not Applicable,Not Applicable,At,,False,False,107161,ALUM ROCK AV,THIRTY THIRD ST,37.35113575,-121.8590404
2586,719676,CR-0000102847,0,0,0,0,24-015-4004,False,True,51,1/14/2024 8:00:00 PM,No Pedestrians Involved,Unknown,Unknown,Unknown,Unknown,Unknown,Unknown,Broadside,Non-Related,Other Vehicle,Not Applicable,Not Applicable,East Of,,False,False,107161,ALUM ROCK AV,THIRTY THIRD ST,37.35113575,-121.8590404
2587,719534,CR-0000102663,0,1,0,0,24-066-0110,False,False,88,3/5/2024 11:00:00 PM,Not In Road,Wet,No Unusual Conditions,Dark - Street Light,Violation Driver 1,Controls Functioning,Cloudy,Vehicle/Pedestrian,Non-Related,Pedestrian,No Direction (Not Walking),No Direction (Not Walking),East Of,PED,False,True,107161,ALUM ROCK AV,THIRTY THIRD ST,37.35113575,-121.8590404
2588,711805,CR-0000101398,0,0,0,0,23-322-0128,False,False,168,11/18/2023 2:35:00 AM,No Pedestrians Involved,Wet,No Unusual Conditions,Dark - Street Light,Unknown,Controls Functioning,Cloudy,Sideswipe,Non-Related,Parked Vehicle,Not Applicable,Not Applicable,South Of,,False,True,107161,ALUM ROCK AV,THIRTY THIRD ST,37.35113575,-121.8590404
2589,716057,CR-0000102013,1,0,0,0,24-008-0375,False,False,0,1/8/2024 11:46:00 AM,Crossing - Not In Crosswalk,Dry,No Unusual Conditions,Daylight,Violation Driver 1,Controls Functioning,Clear,Vehicle/Pedestrian,Intersection,Pedestrian,West,East,At,PEDESTRIAN,False,False,107161,ALUM ROCK AV,THIRTY THIRD ST,37.35113575,-121.8590404
2590,690740,CR-0000096877,0,0,0,0,23-001-0234,False,False,0,1/1/2023 4:09:00 AM,No Pedestrians Involved,Wet,No Unusual Conditions,Dark - Street Light,Violation Driver 1,No Controls Present/Factor,Unknown,Rear End,Intersection,Parked Vehicle,Not Applicable,Not Applicable,At,,False,True,123056,FALLS CREEK CT,FALLS CREEK DR,37.30549824,-121.7595028
2591,682134,CR-0000091677,0,0,0,0,22-068-9706,False,True,,3/9/2022 6:24:00 PM,No Pedestrians Involved,Dry,No Unusual Conditions,Dusk - Dawn,Unknown,Unknown,Clear,Rear End,Related,Other Vehicle,Not Applicable,Not Applicable,Unknown,,False,False,104246,RIVER ST,SANTA CLARA ST,37.332907,-121.8974425