_id,CrashFactId,Name,MinorInjuries,ModerateInjuries,SevereInjuries,FatalInjuries,TcrNumber,CityDamageFlag,ShortFormFlag,Distance,CrashDateTime,PedestrianAction,RoadwaySurface,RoadwayCondition,Lighting,PrimaryCollisionFactor,TrafficControl,Weather,CollisionType,ProximityToIntersection,VehicleInvolvedWith,PedestrianDirectionFrom,PedestrianDirectionTo,DirectionFromIntersection,Comment,SpeedingFlag,HitAndRunFlag,IntersectionNumber,AStreetName,BStreetName,Latitude,Longitude
2592,688804,CR-0000094650,0,0,0,0,22-244-4005,False,True,51,9/1/2022 2:30:00 PM,No Pedestrians Involved,Unknown,Unknown,Daylight,Unknown,Unknown,Unknown,Sideswipe,Non-Related,Parked Vehicle,Not Applicable,Not Applicable,East Of,,False,True,104268,RIVER ST,ST JOHN ST,37.33484401,-121.8988787
2593,687673,CR-0000094468,0,1,0,0,22-225-0118,False,False,0,8/13/2022 2:39:00 AM,No Pedestrians Involved,Dry,No Unusual Conditions,Dark - Street Light,Violation Driver 1,Controls Functioning,Clear,Hit Object,Intersection,Fixed Object,Not Applicable,Not Applicable,At,Curb,False,True,28148,CAHILL ST,SANTA CLARA ST,37.33193944,-121.9021806
2594,685338,CR-0000094064,0,1,0,0,22-225-0188,False,False,27,8/13/2022 2:39:00 AM,No Pedestrians Involved,Dry,No Unusual Conditions,Dark - Street Light,Violation Driver 1,Controls Not Functioning,Clear,Hit Object,Related,Fixed Object,Not Applicable,Not Applicable,North Of,CURB,False,True,28148,CAHILL ST,SANTA CLARA ST,37.33193944,-121.9021806
2595,692375,CR-0000097657,0,0,0,0,23-066-0882,False,False,0,3/7/2023 9:51:00 PM,No Pedestrians Involved,Dry,No Unusual Conditions,Dark - Street Light,Violation Driver 1,No Controls Present/Factor,Clear,Hit Object,Intersection,Fixed Object,Not Applicable,Not Applicable,At,,True,True,28148,CAHILL ST,SANTA CLARA ST,37.33193944,-121.9021806
2596,694039,CR-0000098084,1,0,0,0,23-066-0714,False,False,75,3/7/2023 6:19:00 PM,No Pedestrians Involved,Dry,No Unusual Conditions,Daylight,Unknown,No Controls Present/Factor,Clear,Head On,Non-Related,Motorcycle,Not Applicable,Not Applicable,West Of,,False,False,28148,CAHILL ST,SANTA CLARA ST,37.33193944,-121.9021806
2597,694261,CR-0000098085,0,0,0,0,23-066-0901,False,False,0,3/7/2023 10:20:00 PM,No Pedestrians Involved,Dry,No Unusual Conditions,Dusk - Dawn,Violation Driver 1,Controls Functioning,Clear,Head On,Intersection,Other Vehicle,Not Applicable,Not Applicable,At,,False,True,28148,CAHILL ST,SANTA CLARA ST,37.33193944,-121.9021806
2598,712060,CR-0000100852,0,0,0,0,23-182-1068,False,False,0,7/1/2023 11:30:00 PM,No Pedestrians Involved,Dry,No Unusual Conditions,Dark - Street Light,Violation Driver 1,Controls Functioning,Clear,Hit Object,Intersection,Fixed Object,Not Applicable,Not Applicable,At,,True,True,28148,CAHILL ST,SANTA CLARA ST,37.33193944,-121.9021806
2599,681834,CR-0000091244,0,1,0,0,22-089-0735,True,False,180,3/30/2022 6:00:00 PM,No Pedestrians Involved,Dry,No Unusual Conditions,Daylight,Violation Driver 1,No Controls Present/Factor,Clear,Hit Object,Non-Related,Fixed Object,Not Applicable,Not Applicable,West Of,LIGHT POLE,True,False,2496,ALAMEDA,KEEBLE ST,37.33158485,-121.9098896
2600,682671,CR-0000092247,2,0,0,0,22-147-0027,False,False,0,5/27/2022 12:30:00 AM,No Pedestrians Involved,Dry,No Unusual Conditions,Dark - Street Light,Violation Driver 1,Controls Functioning,Clear,Broadside,Intersection,Other Vehicle,Not Applicable,Not Applicable,At,,False,False,2496,ALAMEDA,KEEBLE ST,37.33158485,-121.9098896
2601,712082,CR-0000101066,0,0,0,0,23-304-0234,False,False,305,10/29/2023 11:33:00 AM,No Pedestrians Involved,Dry,No Unusual Conditions,Daylight,Violation Driver 1,Controls Functioning,Clear,Other,Non-Related,Parked Vehicle,Not Applicable,Not Applicable,North Of,,False,True,2496,ALAMEDA,KEEBLE ST,37.33158485,-121.9098896
2602,699370,CR-0000100697,0,0,0,0,23-184-4004,False,True,51,7/3/2023 12:00:00 PM,No Pedestrians Involved,Unknown,Unknown,Unknown,Unknown,Unknown,Unknown,Other,Non-Related,Parked Vehicle,Not Applicable,Not Applicable,South Of,,False,False,77560,CINNABAR ST/KEEBLE AV,JULIAN ST,37.33352239,-121.9099479
2603,696261,CR-0000099408,1,0,0,0,23-191-0746,False,False,253,7/10/2023 5:59:00 PM,No Pedestrians Involved,Dry,No Unusual Conditions,Daylight,Violation Driver 1,No Controls Present/Factor,Clear,Broadside,Non-Related,Other Vehicle,Not Applicable,Not Applicable,South Of,,False,False,77560,CINNABAR ST/KEEBLE AV,JULIAN ST,37.33352239,-121.9099479
2604,682404,CR-0000091968,1,0,0,0,22-113-0368,False,False,0,4/23/2022 12:13:00 PM,No Pedestrians Involved,Dry,No Unusual Conditions,Daylight,Violation Driver 1,No Controls Present/Factor,Clear,Sideswipe,Intersection,Parked Vehicle,Not Applicable,Not Applicable,At,,True,False,98515,PARK AV,RAINIER ST,37.32612349,-121.9092399
2605,688986,CR-0000094845,0,0,0,0,22-255-4006,False,True,51,9/11/2022 9:00:00 PM,No Pedestrians Involved,Unknown,Unknown,Unknown,Unknown,Unknown,Unknown,Rear End,Non-Related,Parked Vehicle,Not Applicable,Not Applicable,West Of,,False,True,98515,PARK AV,RAINIER ST,37.32612349,-121.9092399
2606,699127,CR-0000100443,0,0,0,0,23-177-0204,False,False,136,6/26/2023 6:30:00 AM,No Pedestrians Involved,Dry,No Unusual Conditions,Dark - Street Light,Violation Driver 1,No Controls Present/Factor,Clear,Hit Object,Non-Related,Other Object,Not Applicable,Not Applicable,North Of,,False,True,10317,AUTUMN ST/BARACK OBAMA BL,ST JOHN ST,37.33410149,-121.90043
2607,691090,CR-0000097263,0,0,0,0,23-047-0759,True,False,222,2/16/2023 6:43:00 PM,No Pedestrians Involved,Dry,No Unusual Conditions,Dark - Street Light,Violation Driver 1,No Controls Present/Factor,Clear,Sideswipe,Non-Related,Parked Vehicle,Not Applicable,Not Applicable,South Of,,False,False,10317,AUTUMN ST/BARACK OBAMA BL,ST JOHN ST,37.33410149,-121.90043
2608,722246,CR-0000103512,0,0,0,0,24-085-9711,False,True,0,3/23/2024 4:00:00 PM,No Pedestrians Involved,Dry,Other,Daylight,Unknown,Unknown,Clear,Sideswipe,Intersection,Parked Vehicle,Not Applicable,Not Applicable,At,,False,False,10317,AUTUMN ST/BARACK OBAMA BL,ST JOHN ST,37.33410149,-121.90043
2609,683476,CR-0000093072,0,0,0,0,22-218-4003,False,True,51,8/6/2022 10:20:00 AM,No Pedestrians Involved,Unknown,Unknown,Daylight,Unknown,Unknown,Unknown,Sideswipe,Non-Related,Other Vehicle,Not Applicable,Not Applicable,West Of,,False,False,15355,BEATTIE CT,MERIDIAN AV,37.2342267,-121.8860296
2610,683477,CR-0000093073,0,0,0,0,22-218-4002,False,True,51,8/6/2022 10:30:00 AM,No Pedestrians Involved,Unknown,Unknown,Daylight,Unknown,Unknown,Unknown,Sideswipe,Non-Related,Other Vehicle,Not Applicable,Not Applicable,West Of,,False,False,15355,BEATTIE CT,MERIDIAN AV,37.2342267,-121.8860296
2611,694788,CR-0000098826,0,1,0,0,23-235-0805,True,False,112,8/23/2023 7:33:00 PM,No Pedestrians Involved,Dry,No Unusual Conditions,Daylight,Violation Driver 1,No Controls Present/Factor,Clear,Hit Object,Non-Related,Fixed Object,Not Applicable,Not Applicable,North Of,FENCE/TREE,True,False,90606,MERIDIAN AV,OAKGLEN WY,37.23222894,-121.8841033
2612,682563,CR-0000092130,0,0,0,0,22-150-0523,False,False,540,5/30/2022 1:34:00 PM,No Pedestrians Involved,Dry,No Unusual Conditions,Daylight,Violation Driver 1,No Controls Present/Factor,Clear,Sideswipe,Non-Related,Parked Vehicle,Not Applicable,Not Applicable,South Of,,False,True,5280,ALMADEN FRONT RD,REDBIRD DR,37.28803586,-121.8818136
2613,690332,CR-0000096426,0,0,0,0,22-144-4001,False,True,0,5/24/2022 12:10:00 PM,No Pedestrians Involved,Unknown,Unknown,Unknown,Unknown,Unknown,Unknown,Other,Intersection,Other Object,Not Applicable,Not Applicable,At,,False,True,81597,LANEWOOD DR,SKYLARK DR,37.28456821,-121.8812338
2614,682487,CR-0000092054,0,0,0,0,22-091-0650,False,False,75,4/1/2022 5:30:00 PM,No Pedestrians Involved,Dry,No Unusual Conditions,Daylight,Violation Driver 1,No Controls Present/Factor,Clear,Rear End,Non-Related,Parked Vehicle,Not Applicable,Not Applicable,West Of,,True,True,53646,EASTWOOD CT,PERRY CT,37.35266163,-121.8591308
2615,681198,CR-0000090583,0,0,0,0,22-002-0776,True,False,0,1/2/2022 9:14:00 PM,No Pedestrians Involved,Dry,No Unusual Conditions,Unknown,Violation Driver 1,No Controls Present/Factor,Clear,Hit Object,Intersection,Fixed Object,Not Applicable,Not Applicable,At,STREET SIGN,True,False,56605,EMERSON CT,NAGLEE AV,37.33575531,-121.9217083
2616,711763,CR-0000101428,0,0,0,0,23-363-0617,False,False,64,12/29/2023 6:00:00 PM,No Pedestrians Involved,Wet,No Unusual Conditions,Dark - Street Light,Violation Driver 1,No Controls Present/Factor,Rain,Rear End,Non-Related,Parked Vehicle,Not Applicable,Not Applicable,East Of,,True,True,56605,EMERSON CT,NAGLEE AV,37.33575531,-121.9217083
2617,682415,CR-0000091978,0,0,0,0,22-114-0688,False,False,105,4/24/2022 6:54:00 PM,No Pedestrians Involved,Dry,No Unusual Conditions,Daylight,Violation Driver 1,Controls Functioning,Clear,Sideswipe,Non-Related,Parked Vehicle,Not Applicable,Not Applicable,West Of,,False,True,110098,SPONSON CT,SPONSON LN,37.22936136,-121.8047858
2618,685428,CR-0000094163,1,0,0,0,22-245-0135,True,False,0,9/2/2022 5:20:00 AM,No Pedestrians Involved,Dry,No Unusual Conditions,Dusk - Dawn,Violation Driver 1,Controls Functioning,Clear,Hit Object,Intersection,Fixed Object,Not Applicable,Not Applicable,At,LIGHT POLE,False,False,117006,ALMADEN EX,ALMADEN RD/O'GRADY DR,37.20430433,-121.8402167
2619,687604,CR-0000094397,0,1,0,0,22-266-0214,False,False,0,9/23/2022 8:07:00 AM,No Pedestrians Involved,Dry,No Unusual Conditions,Daylight,Bike At Fault,No Controls Present/Factor,Clear,Vehicle/Bike,Intersection,Bike,Not Applicable,Not Applicable,At,BIKE,False,False,108602,SHAWCROFT DR,SNELL AV,37.23809788,-121.8306226
2620,682885,CR-0000092474,0,0,0,0,22-050-4000,False,True,0,2/19/2022 10:10:00 AM,No Pedestrians Involved,Unknown,Unknown,Daylight,Unknown,Unknown,Unknown,Broadside,Intersection,Other Vehicle,Not Applicable,Not Applicable,At,,False,False,108602,SHAWCROFT DR,SNELL AV,37.23809788,-121.8306226
2621,681987,CR-0000091496,2,0,0,0,22-061-0424,False,False,27,3/2/2022 12:00:00 PM,No Pedestrians Involved,Dry,No Unusual Conditions,Daylight,Violation Driver 1,No Controls Present/Factor,Clear,Broadside,Related,Other Vehicle,Not Applicable,Not Applicable,South Of,,False,False,133264,CARLS CT,HAYES AV,37.25643565,-121.8092778
2622,682472,CR-0000092037,0,0,0,0,22-120-0320,False,False,30,4/30/2022 10:38:00 AM,No Pedestrians Involved,Dry,No Unusual Conditions,Daylight,Violation Driver 1,No Controls Present/Factor,Clear,Broadside,Related,Other Vehicle,Not Applicable,Not Applicable,West Of,,False,False,133264,CARLS CT,HAYES AV,37.25643565,-121.8092778
2623,716011,CR-0000101901,0,0,0,0,23-316-0501,False,False,297,11/12/2023 11:24:00 AM,No Pedestrians Involved,Dry,No Unusual Conditions,Daylight,Violation Driver 1,No Controls Present/Factor,Clear,Sideswipe,Non-Related,Parked Vehicle,Not Applicable,Not Applicable,South Of,,False,True,133264,CARLS CT,HAYES AV,37.25643565,-121.8092778
2624,681476,CR-0000090866,0,0,0,0,22-033-4006,False,True,51,2/2/2022 6:30:00 PM,No Pedestrians Involved,Unknown,Unknown,Unknown,Unknown,Unknown,Unknown,Sideswipe,Non-Related,Parked Vehicle,Not Applicable,Not Applicable,East Of,,False,False,5004,ALMADEN FRONT RD,CAGGIANO DR,37.20603166,-121.8429083
2625,684839,CR-0000093470,0,1,0,0,22-189-0528,False,False,0,7/8/2022 5:05:00 PM,No Pedestrians Involved,Dry,No Unusual Conditions,Daylight,Violation Driver 1,Unknown,Clear,Broadside,Intersection,Other Vehicle,Not Applicable,Not Applicable,At,,False,False,13320,BARNARD AV,POMONA AV,37.30892751,-121.8717071
2626,690822,CR-0000096961,0,0,0,0,23-026-0143,False,False,51,1/25/2023 12:00:00 AM,No Pedestrians Involved,Dry,No Unusual Conditions,Dark - Street Light,Violation Driver 1,No Controls Present/Factor,Clear,Head On,Non-Related,Parked Vehicle,Not Applicable,Not Applicable,North Of,,False,False,13320,BARNARD AV,POMONA AV,37.30892751,-121.8717071
2627,681286,CR-0000090672,1,0,0,0,22-009-0805,False,False,0,1/9/2022 10:51:00 PM,No Pedestrians Involved,Dry,No Unusual Conditions,Dark - Street Light,Violation Driver 1,No Controls Present/Factor,Clear,Rear End,Intersection,Parked Vehicle,Not Applicable,Not Applicable,At,,False,False,52887,DUKE WY,WILCOX WY,37.29388168,-121.8991961
2628,692551,CR-0000097842,0,1,0,0,23-095-0631,False,False,176,4/5/2023 4:36:00 PM,In Road - Includes Shoulder,Dry,No Unusual Conditions,Daylight,Violation Driver 1,No Controls Present/Factor,Clear,Vehicle/Pedestrian,Non-Related,Pedestrian,No Direction (Not Walking),No Direction (Not Walking),South Of,Pedestrian got pinned between two parked cars after a moving car rear ended the parked cars.,True,False,67748,GOODYEAR ST,LICK AV,37.31531522,-121.8846959
2629,696273,CR-0000099420,0,0,0,0,23-115-0038,False,False,28,4/25/2023 1:53:00 AM,No Pedestrians Involved,Dry,No Unusual Conditions,Dark - Street Light,Violation Driver 1,Controls Functioning,Clear,Rear End,Related,Parked Vehicle,Not Applicable,Not Applicable,East Of,,True,True,18666,BIRD AV,MALONE RD,37.29711025,-121.8817022
2630,711905,CR-0000101403,0,0,0,0,23-319-0793,False,False,42,11/15/2023 8:25:00 PM,No Pedestrians Involved,Wet,No Unusual Conditions,Dark - Street Light,Violation Driver 1,Controls Functioning,Cloudy,Sideswipe,Related,Other Vehicle,Not Applicable,Not Applicable,West Of,,True,True,18666,BIRD AV,MALONE RD,37.29711025,-121.8817022
2631,716315,CR-0000102276,2,0,0,0,24-058-0615,False,False,0,2/27/2024 4:08:00 PM,No Pedestrians Involved,Dry,No Unusual Conditions,Daylight,Violation Driver 1,No Controls Present/Factor,Clear,Broadside,Intersection,Other Vehicle,Not Applicable,Not Applicable,At,,False,False,131207,NIEMAN BL,WOODBURY LN/CT,37.29800599,-121.7867223
2632,683214,CR-0000092770,0,0,0,0,22-054-4004,False,True,51,2/22/2022 10:45:00 AM,No Pedestrians Involved,Unknown,Unknown,Daylight,Unknown,Unknown,Unknown,Other,Non-Related,Other Vehicle,Not Applicable,Not Applicable,South Of,,False,False,59696,FIFTEENTH ST,SAN SALVADOR ST,37.33682726,-121.8716412
2633,696217,CR-0000099362,1,0,0,0,23-102-0598,False,False,25,4/12/2023 4:24:00 PM,No Pedestrians Involved,Dry,No Unusual Conditions,Daylight,Violation Driver 1,No Controls Present/Factor,Clear,Sideswipe,Related,Motorcycle,Not Applicable,Not Applicable,East Of,,False,False,59696,FIFTEENTH ST,SAN SALVADOR ST,37.33682726,-121.8716412
2634,689879,CR-0000095906,0,1,0,0,22-272-0013,False,False,76,9/29/2022 12:00:00 AM,Crossing - Not In Crosswalk,Dry,No Unusual Conditions,Dark - Street Light,Violation Driver 1,No Controls Present/Factor,Clear,Vehicle/Pedestrian,Non-Related,Pedestrian,West,East,North Of,PED,True,True,97910,ORVIS AV,TWELFTH ST,37.33042116,-121.8705788
2635,683264,CR-0000092867,0,0,0,0,22-164-4008,False,True,51,6/13/2022 12:47:00 PM,No Pedestrians Involved,Unknown,Unknown,Daylight,Unknown,Unknown,Unknown,Other,Non-Related,Parked Vehicle,Not Applicable,Not Applicable,South Of,,False,True,83874,LINCOLN AV,LONUS ST,37.31487586,-121.9059646
2636,683271,CR-0000092848,0,0,1,0,22-198-0983,False,False,0,7/17/2022 11:16:00 PM,Crossing - Not In Crosswalk,Dry,No Unusual Conditions,Dark - Street Light,Pedestrian At Fault,Controls Functioning,Clear,Vehicle/Pedestrian,Intersection,Pedestrian,West,East,At,PEDESTRIAN,False,False,83874,LINCOLN AV,LONUS ST,37.31487586,-121.9059646
2637,698908,CR-0000100208,1,0,0,0,23-317-0872,False,False,0,11/13/2023 9:13:00 PM,No Pedestrians Involved,Dry,No Unusual Conditions,Dark - Street Light,Violation Driver 1,Controls Functioning,Clear,Broadside,Intersection,Motorcycle,Not Applicable,Not Applicable,At,,False,True,83874,LINCOLN AV,LONUS ST,37.31487586,-121.9059646
2638,722287,CR-0000103581,0,0,0,0,24-083-0080,False,False,51,3/27/2024 5:55:00 PM,No Pedestrians Involved,Dry,No Unusual Conditions,Dark - Street Light,Violation Driver 1,Controls Functioning,Clear,Sideswipe,Non-Related,Parked Vehicle,Not Applicable,Not Applicable,South Of,,False,True,83874,LINCOLN AV,LONUS ST,37.31487586,-121.9059646
2639,722111,CR-0000103376,0,0,0,0,24-070-4000,False,True,51,3/9/2024 9:00:00 PM,No Pedestrians Involved,Unknown,Unknown,Unknown,Unknown,Unknown,Unknown,Sideswipe,Non-Related,Parked Vehicle,Not Applicable,Not Applicable,East Of,,False,False,72786,HILL AV,NEVADA AV,37.30247795,-121.8923428
2640,689519,CR-0000095496,0,0,0,0,22-357-0053,True,False,20,12/23/2022 2:04:00 AM,No Pedestrians Involved,Dry,No Unusual Conditions,Dark - Street Light,Violation Driver 1,No Controls Present/Factor,Clear,Hit Object,Related,Fixed Object,Not Applicable,Not Applicable,East Of,"Light Pole, TREE",True,True,107172,SANTA CLARA ST,TWELFTH ST,37.34163702,-121.8790538
2641,712166,CR-0000101597,0,0,0,1,24-121-0494,False,False,0,4/30/2024 1:38:00 PM,No Pedestrians Involved,Dry,No Unusual Conditions,Daylight,Bike At Fault,No Controls Present/Factor,Clear,Vehicle/Bike,Intersection,Scooter Motorized,Not Applicable,Not Applicable,At,E.SCOOTER,False,False,55990,ELIZABETH ST,TENTH ST,37.34013318,-121.8806183
2642,688943,CR-0000094801,0,1,0,0,22-281-0389,False,False,42,10/8/2022 12:19:00 PM,No Pedestrians Involved,Dry,No Unusual Conditions,Daylight,Violation Driver 1,Controls Functioning,Clear,Broadside,Related,Other Vehicle,Not Applicable,Not Applicable,North Of,,False,False,107106,SANTA CLARA ST,TENTH ST,37.34069264,-121.8810382
2643,689346,CR-0000095329,0,1,0,0,22-324-0457,False,False,37,11/20/2022 2:57:00 PM,No Pedestrians Involved,Dry,No Unusual Conditions,Daylight,Bike At Fault,Controls Functioning,Clear,Vehicle/Bike,Related,Bike,Not Applicable,Not Applicable,South Of,BIKE,False,False,107106,SANTA CLARA ST,TENTH ST,37.34069264,-121.8810382
2644,681294,CR-0000090680,1,0,0,0,22-010-0510,False,False,50,1/10/2022 2:37:00 PM,No Pedestrians Involved,Dry,No Unusual Conditions,Daylight,Violation Driver 1,No Controls Present/Factor,Clear,Rear End,Related,Other Vehicle,Not Applicable,Not Applicable,West Of,,False,False,107106,SANTA CLARA ST,TENTH ST,37.34069264,-121.8810382
2645,689908,CR-0000095936,0,0,0,1,23-081-0681,False,False,0,3/22/2023 6:27:00 PM,Crossing In Crosswalk - At Intersection,Dry,No Unusual Conditions,Daylight,Violation Driver 1,Controls Functioning,Cloudy,Vehicle/Pedestrian,Intersection,Pedestrian,South,North,At,PEDESTRIAN (DELAYED FATAL),False,True,107106,SANTA CLARA ST,TENTH ST,37.34069264,-121.8810382
2646,692508,CR-0000097797,0,0,0,0,23-076-0560,False,False,330,3/17/2023 3:13:00 PM,No Pedestrians Involved,Dry,No Unusual Conditions,Daylight,Violation Driver 1,No Controls Present/Factor,Clear,Broadside,Non-Related,Other Vehicle,Not Applicable,Not Applicable,North Of,,False,False,107106,SANTA CLARA ST,TENTH ST,37.34069264,-121.8810382
2647,696381,CR-0000099539,0,0,0,0,23-137-4001,False,True,51,5/16/2023 8:10:00 AM,No Pedestrians Involved,Unknown,Unknown,Daylight,Unknown,Unknown,Unknown,Sideswipe,Non-Related,Parked Vehicle,Not Applicable,Not Applicable,North Of,,False,False,107106,SANTA CLARA ST,TENTH ST,37.34069264,-121.8810382
2648,722130,CR-0000103395,0,0,0,0,24-072-9710,False,True,0,3/10/2024 7:40:00 AM,No Pedestrians Involved,Dry,No Unusual Conditions,Daylight,Unknown,Controls Functioning,Cloudy,Sideswipe,Intersection,Other Vehicle,Not Applicable,Not Applicable,At,,False,False,107106,SANTA CLARA ST,TENTH ST,37.34069264,-121.8810382
2649,719587,CR-0000102743,0,0,0,0,24-002-4000,False,True,51,1/1/2024 1:00:00 PM,No Pedestrians Involved,Unknown,Unknown,Unknown,Unknown,Unknown,Unknown,Other,Non-Related,Parked Vehicle,Not Applicable,Not Applicable,South Of,,False,False,107106,SANTA CLARA ST,TENTH ST,37.34069264,-121.8810382
2650,711801,CR-0000101232,0,0,0,0,23-331-0533,False,False,0,11/27/2023 1:43:00 PM,No Pedestrians Involved,Dry,No Unusual Conditions,Daylight,Violation Driver 1,Controls Functioning,Clear,Sideswipe,Intersection,Other Vehicle,Not Applicable,Not Applicable,At,,False,False,107106,SANTA CLARA ST,TENTH ST,37.34069264,-121.8810382
2651,690886,CR-0000097030,0,0,0,0,23-016-4003,False,True,51,1/16/2023 12:30:00 PM,No Pedestrians Involved,Unknown,Unknown,Unknown,Unknown,Unknown,Unknown,Rear End,Non-Related,Unknown,Not Applicable,Not Applicable,North Of,,False,False,27488,BUSH ST,LAUREL GROVE LN,37.32903048,-121.9045205
2652,683197,CR-0000092811,0,0,0,0,22-137-4000,False,True,51,5/17/2022 7:05:00 AM,No Pedestrians Involved,Unknown,Unknown,Daylight,Unknown,Unknown,Unknown,Sideswipe,Non-Related,Parked Vehicle,Not Applicable,Not Applicable,West Of,,False,True,54922,EIGHTH ST,ST JAMES ST,37.34262568,-121.8853293
2653,694067,CR-0000098126,0,0,0,0,23-127-0649,False,False,0,5/7/2023 5:05:00 PM,No Pedestrians Involved,Dry,No Unusual Conditions,Daylight,Bike At Fault,Controls Functioning,Clear,Vehicle/Bike,Intersection,Bike,Not Applicable,Not Applicable,At,BIKE,False,False,54922,EIGHTH ST,ST JAMES ST,37.34262568,-121.8853293
2654,696158,CR-0000099301,0,0,0,0,23-120-4005,False,True,51,4/29/2023 7:25:00 PM,No Pedestrians Involved,Unknown,Unknown,Unknown,Unknown,Unknown,Unknown,Other,Non-Related,Parked Vehicle,Not Applicable,Not Applicable,North Of,,False,False,108350,SEVENTH ST,ST JAMES ST,37.34212785,-121.8863782
2655,682251,CR-0000091827,1,0,0,0,22-101-0748,True,False,179,4/11/2022 7:36:00 PM,Crossing In Crosswalk - Not At Intersection,Dry,No Unusual Conditions,Daylight,Violation Driver 1,Controls Functioning,Clear,Vehicle/Pedestrian,Non-Related,Skateboard,East,West,East Of,SKATEBROARD,False,False,109460,SIXTH ST,ST JOHN ST,37.34018677,-121.8863535
2656,689249,CR-0000095201,0,1,0,0,22-303-0637,False,False,46,10/30/2022 4:59:00 PM,In Road - Includes Shoulder,Dry,No Unusual Conditions,Daylight,Violation Driver 1,No Controls Present/Factor,Clear,Vehicle/Pedestrian,Related,Pedestrian,No Direction (Not Walking),No Direction (Not Walking),North Of,PED,False,False,109460,SIXTH ST,ST JOHN ST,37.34018677,-121.8863535
2657,688718,CR-0000094543,0,0,0,0,22-188-4000,False,True,51,7/1/2022 9:00:00 AM,No Pedestrians Involved,Unknown,Unknown,Daylight,Unknown,Unknown,Unknown,Other,Non-Related,Parked Vehicle,Not Applicable,Not Applicable,West Of,,False,True,109460,SIXTH ST,ST JOHN ST,37.34018677,-121.8863535
2658,712066,CR-0000101517,0,0,0,0,23-250-4002,False,True,115,9/7/2023 12:10:00 PM,No Pedestrians Involved,Unknown,Unknown,Unknown,Unknown,Unknown,Unknown,Other,Non-Related,Parked Vehicle,Not Applicable,Not Applicable,West Of,,False,False,109460,SIXTH ST,ST JOHN ST,37.34018677,-121.8863535
2659,685319,CR-0000094000,0,0,0,0,22-251-0641,False,False,0,9/8/2022 3:55:00 PM,No Pedestrians Involved,Dry,No Unusual Conditions,Daylight,Violation Driver 1,Controls Functioning,Clear,Broadside,Intersection,Other Vehicle,Not Applicable,Not Applicable,At,SJPD INVOLVED,False,False,107095,SANTA CLARA ST,SIXTH ST,37.3386961,-121.8852476
2660,682968,CR-0000092583,1,0,0,0,22-122-0256,False,False,0,5/2/2022 12:30:00 AM,Crossing In Crosswalk - At Intersection,Dry,No Unusual Conditions,Dark - Street Light,Violation Driver 1,Controls Functioning,Clear,Vehicle/Pedestrian,Intersection,Skateboard,West,East,At,PEDESTRIAN,False,True,107095,SANTA CLARA ST,SIXTH ST,37.3386961,-121.8852476
2661,683378,CR-0000092971,0,0,0,0,22-055-0078,False,False,110,2/24/2022 2:43:00 AM,No Pedestrians Involved,Dry,No Unusual Conditions,Dark - Street Light,Violation Driver 1,Controls Functioning,Clear,Sideswipe,Non-Related,Parked Vehicle,Not Applicable,Not Applicable,East Of,,False,False,107095,SANTA CLARA ST,SIXTH ST,37.3386961,-121.8852476
2662,681757,CR-0000091157,1,0,0,0,22-053-0584,False,False,111,2/22/2022 4:01:00 PM,No Pedestrians Involved,Dry,No Unusual Conditions,Daylight,Violation Driver 1,Controls Functioning,Clear,Broadside,Non-Related,Motorcycle,Not Applicable,Not Applicable,East Of,,False,False,107095,SANTA CLARA ST,SIXTH ST,37.3386961,-121.8852476
2663,696153,CR-0000099295,0,0,0,0,23-098-0274,False,False,0,4/8/2023 9:01:00 AM,No Pedestrians Involved,Dry,No Unusual Conditions,Daylight,Violation Driver 1,Controls Functioning,Clear,Rear End,Intersection,Other Vehicle,Not Applicable,Not Applicable,At,,True,True,107095,SANTA CLARA ST,SIXTH ST,37.3386961,-121.8852476
2664,696505,CR-0000099692,2,0,0,0,23-307-0497,False,False,102,11/3/2023 2:03:00 PM,No Pedestrians Involved,Dry,No Unusual Conditions,Daylight,Violation Driver 1,No Controls Present/Factor,Clear,Broadside,Non-Related,Other Vehicle,Not Applicable,Not Applicable,South Of,,False,False,107095,SANTA CLARA ST,SIXTH ST,37.3386961,-121.8852476
2665,694188,CR-0000098067,1,0,0,0,23-063-0709,False,False,0,3/4/2023 8:17:00 PM,Crossing - Not In Crosswalk,Dry,No Unusual Conditions,Dark - Street Light,Pedestrian At Fault,Controls Functioning,Clear,Vehicle/Pedestrian,Intersection,Pedestrian,South,North,At,PED,False,False,107095,SANTA CLARA ST,SIXTH ST,37.3386961,-121.8852476
2666,689791,CR-0000095817,1,0,0,0,22-205-0507,False,False,236,7/24/2022 1:53:00 PM,In Road - Includes Shoulder,Dry,No Unusual Conditions,Daylight,Pedestrian At Fault,Controls Functioning,Clear,Vehicle/Pedestrian,Non-Related,Pedestrian,South,North,North Of,,False,True,107095,SANTA CLARA ST,SIXTH ST,37.3386961,-121.8852476
2667,716353,CR-0000102355,1,0,0,0,24-045-0233,False,False,0,2/14/2024 9:25:00 AM,Crossing In Crosswalk - At Intersection,Dry,No Unusual Conditions,Daylight,Violation Driver 1,Controls Functioning,Clear,Vehicle/Pedestrian,Intersection,Pedestrian,South,North,At,PED,False,False,107095,SANTA CLARA ST,SIXTH ST,37.3386961,-121.8852476