_id,CrashFactId,Name,MinorInjuries,ModerateInjuries,SevereInjuries,FatalInjuries,TcrNumber,CityDamageFlag,ShortFormFlag,Distance,CrashDateTime,PedestrianAction,RoadwaySurface,RoadwayCondition,Lighting,PrimaryCollisionFactor,TrafficControl,Weather,CollisionType,ProximityToIntersection,VehicleInvolvedWith,PedestrianDirectionFrom,PedestrianDirectionTo,DirectionFromIntersection,Comment,SpeedingFlag,HitAndRunFlag,IntersectionNumber,AStreetName,BStreetName,Latitude,Longitude
2668,722140,CR-0000103405,0,0,0,0,24-074-9710,False,True,51,3/12/2024 4:57:00 PM,No Pedestrians Involved,Dry,No Unusual Conditions,Daylight,Unknown,Controls Functioning,Clear,Other,Non-Related,Other Vehicle,Not Applicable,Not Applicable,North Of,,False,False,107095,SANTA CLARA ST,SIXTH ST,37.3386961,-121.8852476
2669,717454,CR-0000102478,3,0,0,0,24-078-0655,False,False,36,3/18/2024 3:45:00 PM,No Pedestrians Involved,Dry,No Unusual Conditions,Daylight,Violation Driver 1,Unknown,Clear,Rear End,Related,Other Vehicle,Not Applicable,Not Applicable,West Of,,True,False,107095,SANTA CLARA ST,SIXTH ST,37.3386961,-121.8852476
2670,696197,CR-0000099341,0,0,0,0,23-119-0389,False,False,51,4/29/2023 12:30:00 PM,No Pedestrians Involved,Dry,No Unusual Conditions,Daylight,Violation Driver 1,No Controls Present/Factor,Clear,Other,Non-Related,Parked Vehicle,Not Applicable,Not Applicable,North Of,,False,True,121230,LITTLE ORCHARD ST,STAUFFER BL,37.30485625,-121.8713388
2671,685322,CR-0000094003,0,0,0,0,22-252-0378,False,False,108,9/9/2022 10:30:00 AM,No Pedestrians Involved,Dry,No Unusual Conditions,Daylight,Violation Driver 1,No Controls Present/Factor,Clear,Sideswipe,Non-Related,Other Vehicle,Not Applicable,Not Applicable,West Of,,True,True,59883,FIFTH ST,SAN FERNANDO ST,37.3363347,-121.8849483
2672,717483,CR-0000102516,2,0,0,0,24-086-0440,False,False,147,3/26/2024 1:22:00 PM,No Pedestrians Involved,Dry,No Unusual Conditions,Daylight,Violation Driver 1,Controls Functioning,Clear,Vehicle/Bike,Non-Related,Bike,Not Applicable,Not Applicable,East Of,E.SCOOTER,False,False,59883,FIFTH ST,SAN FERNANDO ST,37.3363347,-121.8849483
2673,711737,CR-0000100942,0,0,0,0,23-193-0432,False,False,189,7/12/2023 1:00:00 PM,No Pedestrians Involved,Dry,No Unusual Conditions,Daylight,Violation Driver 1,No Controls Present/Factor,Clear,Broadside,Non-Related,Parked Vehicle,Not Applicable,Not Applicable,North Of,,False,False,59883,FIFTH ST,SAN FERNANDO ST,37.3363347,-121.8849483
2674,689814,CR-0000095841,1,1,0,0,22-349-0931,False,False,176,12/15/2022 10:01:00 PM,No Pedestrians Involved,Dry,No Unusual Conditions,Dark - No Street Light,Violation Driver 1,Controls Functioning,Clear,Rear End,Non-Related,Parked Vehicle,Not Applicable,Not Applicable,South Of,,False,False,94379,MT PLEASANT RD,WEST VIEW DR,37.34701486,-121.7892848
2675,719523,CR-0000102652,0,1,0,0,24-076-0752,False,False,135,3/16/2024 7:39:00 PM,No Pedestrians Involved,Dry,No Unusual Conditions,Dark - No Street Light,Violation Driver 1,No Controls Present/Factor,Clear,Other,Non-Related,Non-Collision,Not Applicable,Not Applicable,West Of,MC,True,False,94379,MT PLEASANT RD,WEST VIEW DR,37.34701486,-121.7892848
2676,698959,CR-0000100261,0,1,0,0,23-315-0675,False,False,0,11/11/2023 7:14:00 PM,No Pedestrians Involved,Dry,No Unusual Conditions,Dark - Street Light,Violation Driver 1,No Controls Present/Factor,Clear,Other,Intersection,Non-Collision,Not Applicable,Not Applicable,At,mc,False,False,47563,CURTNER AV,RADIO AV,37.28916497,-121.8895816
2677,711543,CR-0000101363,0,0,0,0,23-321-0733,False,False,77,11/17/2023 8:58:00 PM,No Pedestrians Involved,Wet,No Unusual Conditions,Dark - Street Light,Violation Driver 1,No Controls Present/Factor,Rain,Sideswipe,Non-Related,Non-Collision,Not Applicable,Not Applicable,West Of,,False,False,39874,CLARK ST,DOROTHY AV,37.31074302,-121.8904733
2678,722177,CR-0000103443,0,0,0,0,24-076-0011,False,False,0,3/16/2024 12:17:00 AM,No Pedestrians Involved,Dry,No Unusual Conditions,Dark - Street Light,Violation Driver 1,Unknown,Clear,Rear End,Intersection,Other Vehicle,Not Applicable,Not Applicable,At,,False,True,27158,BURGUNDY DR,SUNCREST AV,37.39767698,-121.8415864
2679,689931,CR-0000095952,0,1,0,0,22-097-1003,False,False,0,4/7/2022 6:15:00 PM,No Pedestrians Involved,Dry,No Unusual Conditions,Daylight,Violation Driver 1,No Controls Present/Factor,Clear,Vehicle/Bike,Intersection,Bike,Not Applicable,Not Applicable,At,BICYCLIST,False,True,33582,CARMEL DR,NEVADA AV,37.30498377,-121.8875515
2680,682422,CR-0000091985,2,0,0,0,22-116-0190,False,False,104,4/26/2022 9:11:00 AM,No Pedestrians Involved,Dry,No Unusual Conditions,Daylight,Violation Driver 1,Controls Functioning,Clear,Rear End,Non-Related,Other Vehicle,Not Applicable,Not Applicable,North Of,,True,False,83918,LINCOLN AV,MEREDITH AV,37.30676482,-121.8998665
2681,715968,CR-0000101772,0,0,0,0,23-018-4003,False,True,0,1/17/2023 1:00:00 PM,No Pedestrians Involved,Unknown,Unknown,Unknown,Unknown,Unknown,Unknown,Broadside,Intersection,Other Vehicle,Not Applicable,Not Applicable,At,,False,False,83918,LINCOLN AV,MEREDITH AV,37.30676482,-121.8998665
2682,685051,CR-0000093731,1,0,0,0,22-238-0128,False,False,0,8/26/2022 6:05:00 AM,No Pedestrians Involved,Dry,No Unusual Conditions,Dusk - Dawn,Violation Driver 1,No Controls Present/Factor,Clear,Sideswipe,Intersection,Parked Vehicle,Not Applicable,Not Applicable,At,,False,False,33791,CAROLYN AV,WILLOW ST,37.30678685,-121.9047607
2683,721988,CR-0000103242,0,0,0,0,24-052-4002,False,True,51,2/21/2024 12:00:00 PM,No Pedestrians Involved,Unknown,Unknown,Unknown,Unknown,Unknown,Unknown,Sideswipe,Non-Related,Parked Vehicle,Not Applicable,Not Applicable,South Of,,False,False,33791,CAROLYN AV,WILLOW ST,37.30678685,-121.9047607
2684,696067,CR-0000099202,0,0,0,0,23-031-4000,False,True,51,1/29/2023 4:00:00 PM,No Pedestrians Involved,Unknown,Unknown,Unknown,Unknown,Unknown,Unknown,Other,Non-Related,Parked Vehicle,Not Applicable,Not Applicable,East Of,,False,False,33758,CAROLYN AV,GARFIELD AV,37.30856511,-121.9061369
2685,712113,CR-0000101480,0,0,0,0,23-254-4001,False,True,51,9/10/2023 11:43:00 AM,No Pedestrians Involved,Unknown,Unknown,Unknown,Unknown,Unknown,Unknown,Other,Non-Related,Parked Vehicle,Not Applicable,Not Applicable,East Of,,False,False,33770,CAROLYN AV,LESTER AV,37.3093563,-121.9067113
2686,722002,CR-0000103256,0,0,0,0,24-055-9701,False,True,51,2/23/2024 11:55:00 PM,No Pedestrians Involved,Dry,No Unusual Conditions,Dark - Street Light,Unknown,No Controls Present/Factor,Other,Rear End,Non-Related,Other Vehicle,Not Applicable,Not Applicable,West Of,,False,False,74249,HOUNDSHAVEN WY,KNIGHTSHAVEN WY/SPRINGHAVEN CT,37.27050676,-121.8191945
2687,682471,CR-0000092036,0,0,0,0,22-120-0107,False,False,150,4/30/2022 2:59:00 AM,No Pedestrians Involved,Dry,No Unusual Conditions,Dark - Street Light,Violation Driver 1,No Controls Present/Factor,Clear,Head On,Non-Related,Parked Vehicle,Not Applicable,Not Applicable,West Of,,False,False,80409,KNIGHTSHAVEN WY,THORNHAVEN WY,37.27108648,-121.8185514
2688,683226,CR-0000092783,0,0,0,0,22-094-4005,False,True,51,4/3/2022 7:00:00 PM,No Pedestrians Involved,Unknown,Unknown,Unknown,Unknown,Unknown,Unknown,Other,Non-Related,Parked Vehicle,Not Applicable,Not Applicable,North Of,,False,False,80409,KNIGHTSHAVEN WY,THORNHAVEN WY,37.27108648,-121.8185514
2689,699408,CR-0000100741,0,0,0,0,23-141-4006,False,True,51,5/21/2023 1:45:00 PM,No Pedestrians Involved,Unknown,Unknown,Unknown,Unknown,Unknown,Unknown,Broadside,Non-Related,Other Vehicle,Not Applicable,Not Applicable,North Of,,False,True,80409,KNIGHTSHAVEN WY,THORNHAVEN WY,37.27108648,-121.8185514
2690,682977,CR-0000092546,0,0,0,0,22-165-0099,False,False,310,6/14/2022 2:58:00 AM,No Pedestrians Involved,Dry,No Unusual Conditions,Dark - Street Light,Violation Driver 1,No Controls Present/Factor,Clear,Rear End,Non-Related,Other Vehicle,Not Applicable,Not Applicable,South Of,,True,True,102948,RANCHO DR,SEVEN TREES BL,37.28393417,-121.8358701
2691,699205,CR-0000100526,0,0,0,0,23-152-0486,False,False,270,6/1/2023 1:29:00 PM,No Pedestrians Involved,Dry,No Unusual Conditions,Daylight,Violation Driver 1,No Controls Present/Factor,Clear,Hit Object,Non-Related,Fixed Object,Not Applicable,Not Applicable,South Of,,False,True,102948,RANCHO DR,SEVEN TREES BL,37.28393417,-121.8358701
2692,690844,CR-0000096985,1,0,0,0,23-029-0558,False,False,0,1/29/2023 4:00:00 PM,No Pedestrians Involved,Dry,No Unusual Conditions,Daylight,Violation Driver 1,Controls Functioning,Cloudy,Sideswipe,Intersection,Other Vehicle,Not Applicable,Not Applicable,At,,False,False,102948,RANCHO DR,SEVEN TREES BL,37.28393417,-121.8358701
2693,691052,CR-0000097225,0,0,0,0,23-020-9710,False,True,0,1/19/2023 8:30:00 PM,No Pedestrians Involved,Dry,No Unusual Conditions,Daylight,Unknown,No Controls Present/Factor,Clear,Sideswipe,Intersection,Parked Vehicle,Not Applicable,Not Applicable,At,,False,False,102948,RANCHO DR,SEVEN TREES BL,37.28393417,-121.8358701
2694,682041,CR-0000091552,0,1,0,0,22-006-0501,False,False,0,1/6/2022 1:35:00 PM,No Pedestrians Involved,Dry,No Unusual Conditions,Daylight,Violation Driver 1,No Controls Present/Factor,Clear,Broadside,Intersection,Other Vehicle,Not Applicable,Not Applicable,At,,False,False,35782,CELESTINE AV,PASCOE AV,37.29031907,-121.883903
2695,698933,CR-0000100235,1,1,0,0,23-324-0885,False,False,184,11/20/2023 7:47:00 PM,No Pedestrians Involved,Dry,No Unusual Conditions,Dark - Street Light,Violation Driver 1,No Controls Present/Factor,Clear,Head On,Non-Related,Other Vehicle,Not Applicable,Not Applicable,East Of,,False,False,35760,CELESTINE AV,CURTNER AV,37.29103852,-121.8843064
2696,718495,CR-0000102601,1,1,0,0,24-067-0591,False,False,140,3/7/2024 2:29:00 PM,No Pedestrians Involved,Dry,No Unusual Conditions,Daylight,Violation Driver 1,Unknown,Clear,Head On,Non-Related,Other Vehicle,Not Applicable,Not Applicable,East Of,,False,False,35760,CELESTINE AV,CURTNER AV,37.29103852,-121.8843064
2697,683237,CR-0000092871,0,0,0,0,22-154-4008,False,True,51,6/1/2022 8:30:00 PM,No Pedestrians Involved,Unknown,Unknown,Unknown,Unknown,Unknown,Unknown,Rear End,Non-Related,Other Vehicle,Not Applicable,Not Applicable,South Of,,False,True,37542,CHERRY AV,CHERRYVIEW LN/GEOMAX CT,37.25834266,-121.8789815
2698,696026,CR-0000099161,0,0,0,0,23-203-0717,False,False,57,7/22/2023 7:44:00 PM,No Pedestrians Involved,Dry,No Unusual Conditions,Daylight,Violation Driver 1,No Controls Present/Factor,Clear,Rear End,Non-Related,Parked Vehicle,Not Applicable,Not Applicable,South Of,,True,True,37542,CHERRY AV,CHERRYVIEW LN/GEOMAX CT,37.25834266,-121.8789815
2699,696223,CR-0000099368,0,0,0,0,23-113-0271,False,False,583,4/23/2023 4:00:00 AM,No Pedestrians Involved,Dry,No Unusual Conditions,Dusk - Dawn,Violation Driver 1,No Controls Present/Factor,Clear,Rear End,Non-Related,Other Vehicle,Not Applicable,Not Applicable,South Of,,True,True,37542,CHERRY AV,CHERRYVIEW LN/GEOMAX CT,37.25834266,-121.8789815
2700,685028,CR-0000093668,2,0,0,0,22-237-0473,False,False,0,8/25/2022 1:19:00 PM,No Pedestrians Involved,Dry,No Unusual Conditions,Daylight,Violation Driver 1,No Controls Present/Factor,Clear,Broadside,Intersection,Other Vehicle,Not Applicable,Not Applicable,At,,True,False,80585,KOCH LN,PLUMMER AV,37.27758112,-121.8955889
2701,688985,CR-0000094844,0,0,0,0,22-296-0265,False,False,0,10/23/2022 6:44:00 AM,No Pedestrians Involved,Dry,No Unusual Conditions,Dusk - Dawn,Violation Driver 1,No Controls Present/Factor,Clear,Hit Object,Intersection,Fixed Object,Not Applicable,Not Applicable,At,"CURB, BUILDING COLLISION",True,False,55197,EL LISA DR,EL ZUPARKO DR,37.247914,-121.864157
2702,696166,CR-0000099309,0,0,0,0,23-024-4000,False,True,51,1/22/2023 1:45:00 AM,No Pedestrians Involved,Unknown,Unknown,Unknown,Unknown,Unknown,Unknown,Sideswipe,Non-Related,Other Vehicle,Not Applicable,Not Applicable,East Of,,False,False,49950,DELBERT WY,FRUITDALE AV,37.31104009,-121.9087239
2703,683450,CR-0000093046,0,0,0,0,22-081-0078,False,False,60,3/22/2022 2:11:00 AM,No Pedestrians Involved,Dry,No Unusual Conditions,Dark - Street Light,Violation Driver 1,Controls Functioning,Clear,Sideswipe,Non-Related,Parked Vehicle,Not Applicable,Not Applicable,East Of,,True,True,49961,DELBERT WY,FRUITDALE AV,37.311041,-121.9090549
2704,682153,CR-0000091701,0,0,0,0,22-075-0670,False,False,198,3/15/2022 12:47:00 AM,No Pedestrians Involved,Unknown,Unknown,Unknown,Violation Driver 1,No Controls Present/Factor,Clear,Rear End,Non-Related,Other Vehicle,Not Applicable,Not Applicable,North Of,,False,True,49961,DELBERT WY,FRUITDALE AV,37.311041,-121.9090549
2705,689819,CR-0000095845,1,0,0,0,22-338-0533,False,False,39,12/4/2022 4:28:00 PM,No Pedestrians Involved,Dry,No Unusual Conditions,Dusk - Dawn,Violation Driver 1,No Controls Present/Factor,Clear,Rear End,Related,Parked Vehicle,Not Applicable,Not Applicable,South Of,,True,True,69871,HAMILTON WY,HICKS AV,37.29518598,-121.9051511
2706,682335,CR-0000091898,0,0,0,0,22-099-0107,False,False,150,4/9/2022 2:15:00 AM,No Pedestrians Involved,Dry,No Unusual Conditions,Dark - Street Light,Violation Driver 1,No Controls Present/Factor,Cloudy,Sideswipe,Non-Related,Parked Vehicle,Not Applicable,Not Applicable,South Of,,True,True,52030,DOUGLAS ST,PAGE ST,37.32159784,-121.9154803
2707,691389,CR-0000097638,1,0,0,0,23-063-0438,False,False,415,3/4/2023 2:15:00 PM,No Pedestrians Involved,Dry,No Unusual Conditions,Daylight,Violation Driver 1,No Controls Present/Factor,Clear,Vehicle/Bike,Non-Related,Scooter Motorized,Not Applicable,Not Applicable,South Of,,False,False,52030,DOUGLAS ST,PAGE ST,37.32159784,-121.9154803
2708,720838,CR-0000103041,0,0,0,0,24-042-0793,False,False,306,2/11/2024 10:15:00 PM,No Pedestrians Involved,Dry,No Unusual Conditions,Dark - Street Light,Violation Driver 1,Controls Functioning,Clear,Rear End,Non-Related,Other Vehicle,Not Applicable,Not Applicable,South Of,,True,False,52030,DOUGLAS ST,PAGE ST,37.32159784,-121.9154803
2709,682345,CR-0000091908,1,0,0,0,22-099-0851,False,False,33,4/9/2022 9:57:00 PM,No Pedestrians Involved,Dry,No Unusual Conditions,Dark - Street Light,Violation Driver 1,Controls Functioning,Clear,Rear End,Related,Other Vehicle,Not Applicable,Not Applicable,East Of,,True,False,82906,LEIGH AV,PARKMOOR AV,37.31728322,-121.9237933
2710,683065,CR-0000092604,1,0,0,0,22-101-0548,False,False,0,4/11/2022 3:56:00 PM,No Pedestrians Involved,Dry,No Unusual Conditions,Daylight,Violation Driver 1,Controls Functioning,Clear,Broadside,Intersection,Other Vehicle,Not Applicable,Not Applicable,At,,False,False,82906,LEIGH AV,PARKMOOR AV,37.31728322,-121.9237933
2711,681343,CR-0000090732,0,0,0,0,22-014-0748,False,False,0,1/14/2022 9:23:00 PM,No Pedestrians Involved,Dry,No Unusual Conditions,Dark - Street Light,Violation Driver 1,Controls Functioning,Clear,Broadside,Intersection,Other Vehicle,Not Applicable,Not Applicable,At,,False,False,82906,LEIGH AV,PARKMOOR AV,37.31728322,-121.9237933
2712,685068,CR-0000093716,2,0,0,0,22-240-0853,False,False,0,8/28/2022 8:12:00 PM,No Pedestrians Involved,Dry,No Unusual Conditions,Dark - Street Light,Violation Driver 1,Controls Functioning,Clear,Broadside,Intersection,Other Vehicle,Not Applicable,Not Applicable,At,,False,False,82906,LEIGH AV,PARKMOOR AV,37.31728322,-121.9237933
2713,683539,CR-0000093137,2,0,0,0,22-206-0826,False,False,0,7/25/2022 7:30:00 PM,No Pedestrians Involved,Dry,No Unusual Conditions,Daylight,Violation Driver 1,Controls Functioning,Clear,Broadside,Intersection,Other Vehicle,Not Applicable,Not Applicable,At,,False,False,82906,LEIGH AV,PARKMOOR AV,37.31728322,-121.9237933
2714,689861,CR-0000095887,1,0,0,0,22-345-0493,False,False,0,12/11/2022 4:07:00 PM,No Pedestrians Involved,Wet,No Unusual Conditions,Dusk - Dawn,Violation Driver 1,Controls Functioning,Rain,Broadside,Intersection,Other Vehicle,Not Applicable,Not Applicable,At,,False,False,82906,LEIGH AV,PARKMOOR AV,37.31728322,-121.9237933
2715,695823,CR-0000098888,0,0,0,0,23-099-4001,False,True,,4/3/2023 3:35:00 PM,No Pedestrians Involved,Unknown,Unknown,Daylight,Unknown,Unknown,Unknown,Rear End,Related,Other Vehicle,Not Applicable,Not Applicable,Unknown,,False,False,82906,LEIGH AV,PARKMOOR AV,37.31728322,-121.9237933
2716,698680,CR-0000099917,1,0,0,0,23-230-0450,False,False,100,8/18/2023 1:00:00 PM,No Pedestrians Involved,Dry,No Unusual Conditions,Daylight,Unknown,No Controls Present/Factor,Clear,Broadside,Non-Related,Other Vehicle,Not Applicable,Not Applicable,North Of,,False,False,82906,LEIGH AV,PARKMOOR AV,37.31728322,-121.9237933
2717,698699,CR-0000099948,0,1,0,0,23-317-0062,False,False,0,11/13/2023 1:48:00 AM,No Pedestrians Involved,Dry,No Unusual Conditions,Dark - Street Light,Violation Driver 1,Controls Functioning,Clear,Vehicle/Bike,Intersection,Scooter Motorized,Not Applicable,Not Applicable,At,E.SCOOTER,True,True,82906,LEIGH AV,PARKMOOR AV,37.31728322,-121.9237933
2718,711611,CR-0000101019,0,0,0,0,23-261-0026,False,False,29,9/18/2023 12:27:00 AM,No Pedestrians Involved,Dry,No Unusual Conditions,Dark - Street Light,Violation Driver 1,Controls Functioning,Clear,Rear End,Related,Parked Vehicle,Not Applicable,Not Applicable,East Of,,True,False,82906,LEIGH AV,PARKMOOR AV,37.31728322,-121.9237933
2719,722427,CR-0000103722,0,0,0,0,24-097-0939,False,False,0,4/6/2024 11:55:00 PM,No Pedestrians Involved,Wet,No Unusual Conditions,Dark - Street Light,Violation Driver 1,Controls Functioning,Clear,Broadside,Intersection,Other Vehicle,Not Applicable,Not Applicable,At,,False,True,82906,LEIGH AV,PARKMOOR AV,37.31728322,-121.9237933
2720,699087,CR-0000100402,0,0,0,0,23-162-4003,False,True,51,6/10/2023 9:30:00 PM,No Pedestrians Involved,Unknown,Unknown,Unknown,Unknown,Unknown,Unknown,Other,Non-Related,Other Vehicle,Not Applicable,Not Applicable,Unknown,,False,False,40490,CLIFTON AV,PARKMOOR AV,37.31727347,-121.9248779
2721,691349,CR-0000097597,0,0,0,0,23-065-9705,False,True,0,3/2/2023 9:10:00 AM,No Pedestrians Involved,Dry,No Unusual Conditions,Daylight,Unknown,No Controls Present/Factor,Clear,Sideswipe,Intersection,Other Vehicle,Not Applicable,Not Applicable,At,,False,False,40490,CLIFTON AV,PARKMOOR AV,37.31727347,-121.9248779
2722,689120,CR-0000095001,0,0,0,0,22-316-0164,False,False,195,11/12/2022 5:38:00 AM,No Pedestrians Involved,Slippery (Muddy Oily etc.),No Unusual Conditions,Daylight,Violation Driver 1,No Controls Present/Factor,Clear,Rear End,Non-Related,Parked Vehicle,Not Applicable,Not Applicable,South Of,,True,False,143875,HAGA DR,HAGA WY,37.28711993,-121.8360397
2723,722411,CR-0000103706,0,0,0,0,24-101-4002,False,True,51,4/3/2024 11:15:00 PM,No Pedestrians Involved,Unknown,Unknown,Unknown,Unknown,Unknown,Unknown,Rear End,Non-Related,Other Vehicle,Not Applicable,Not Applicable,East Of,,False,False,38246,CHESBRO AV,SHADOWCREST WY,37.25327541,-121.8438673
2724,683354,CR-0000092943,0,0,0,0,22-176-1000,False,False,90,6/25/2022 10:51:00 PM,No Pedestrians Involved,Dry,No Unusual Conditions,Dark - Street Light,Violation Driver 1,No Controls Present/Factor,Unknown,Sideswipe,Non-Related,Parked Vehicle,Not Applicable,Not Applicable,South Of,,True,False,17973,BESWICK DR,PENTZ WY,37.24664471,-121.8069349
2725,682795,CR-0000092373,0,0,0,0,22-169-0137,True,False,29,6/18/2022 3:00:00 AM,No Pedestrians Involved,Dry,No Unusual Conditions,Dark - Street Light,Violation Driver 1,No Controls Present/Factor,Clear,Head On,Related,Fixed Object,Not Applicable,Not Applicable,East Of,"TREE, CITY LIGHT POLE",True,False,17973,BESWICK DR,PENTZ WY,37.24664471,-121.8069349
2726,722513,CR-0000103828,0,0,0,0,24-110-9702,False,True,0,4/14/2024 6:50:00 AM,No Pedestrians Involved,Dry,No Unusual Conditions,Dark - No Street Light,Unknown,No Controls Present/Factor,Clear,Sideswipe,Intersection,Parked Vehicle,Not Applicable,Not Applicable,At,,False,False,17973,BESWICK DR,PENTZ WY,37.24664471,-121.8069349
2727,682571,CR-0000092138,0,0,0,0,22-125-0650,False,False,0,5/5/2022 5:14:00 PM,No Pedestrians Involved,Dry,No Unusual Conditions,Daylight,Violation Driver 1,Controls Functioning,Clear,Broadside,Intersection,Other Vehicle,Not Applicable,Not Applicable,At,,False,False,74931,HUSTED AV,MERIDIAN AV,37.27450725,-121.9083216
2728,692555,CR-0000097846,1,0,0,0,23-096-0365,False,False,0,4/6/2023 11:17:00 AM,No Pedestrians Involved,Dry,No Unusual Conditions,Daylight,Violation Driver 1,Controls Functioning,Clear,Broadside,Intersection,Other Vehicle,Not Applicable,Not Applicable,At,,False,False,74931,HUSTED AV,MERIDIAN AV,37.27450725,-121.9083216
2729,722475,CR-0000103771,1,1,1,0,24-100-0726,False,False,0,4/9/2024 7:19:00 PM,No Pedestrians Involved,Dry,Unknown,Daylight,Violation Driver 1,No Controls Present/Factor,Clear,Broadside,Intersection,Other Vehicle,Not Applicable,Not Applicable,At,,False,False,74931,HUSTED AV,MERIDIAN AV,37.27450725,-121.9083216
2730,683034,CR-0000092606,0,0,0,0,22-109-9705,False,True,50,4/18/2022 12:00:00 AM,No Pedestrians Involved,Dry,No Unusual Conditions,Dark - Street Light,Unknown,No Controls Present/Factor,Clear,Sideswipe,Related,Parked Vehicle,Not Applicable,Not Applicable,East Of,,False,False,76658,JARVIS AV,LANSING AV,37.25326189,-121.8857882
2731,694772,CR-0000098809,1,0,0,0,23-233-0070,True,False,778,8/21/2023 2:13:00 AM,No Pedestrians Involved,Dry,No Unusual Conditions,Dark - Street Light,Violation Driver 1,Controls Functioning,Clear,Sideswipe,Non-Related,Parked Vehicle,Not Applicable,Not Applicable,North Of,TREESx2,True,False,30249,CAMDEN AV,NORA WY,37.24355135,-121.9062565
2732,681586,CR-0000090983,0,0,0,0,22-044-0145,True,False,23,2/13/2022 4:56:00 AM,No Pedestrians Involved,Dry,No Unusual Conditions,Dark - Street Light,Violation Driver 1,No Controls Present/Factor,Clear,Head On,Related,Fixed Object,Not Applicable,Not Applicable,South Of,CURB/BUSH,True,False,109284,SILVERWOOD DR,WOODFORD DR,37.26190151,-121.9119349
2733,681648,CR-0000091045,1,1,0,0,22-077-0667,False,False,0,3/18/2022 4:56:00 PM,No Pedestrians Involved,Dry,No Unusual Conditions,Daylight,Violation Driver 1,Controls Functioning,Clear,Broadside,Intersection,Other Vehicle,Not Applicable,Not Applicable,At,,False,False,73017,HILLSDALE AV,KIRK RD,37.26681532,-121.9082708
2734,696480,CR-0000099658,2,0,0,0,23-320-0609,False,False,220,11/16/2023 5:36:00 PM,No Pedestrians Involved,Dry,No Unusual Conditions,Dark - Street Light,Violation Driver 1,No Controls Present/Factor,Clear,Broadside,Non-Related,Other Vehicle,Not Applicable,Not Applicable,North Of,,False,False,73017,HILLSDALE AV,KIRK RD,37.26681532,-121.9082708
2735,722445,CR-0000103764,1,0,0,0,24-102-9705,False,True,0,4/10/2024 5:30:00 PM,No Pedestrians Involved,Dry,No Unusual Conditions,Daylight,Unknown,Controls Functioning,Clear,Rear End,Intersection,Other Vehicle,Not Applicable,Not Applicable,At,,False,False,73017,HILLSDALE AV,KIRK RD,37.26681532,-121.9082708
2736,682806,CR-0000092370,1,0,0,0,22-156-0150,True,False,410,6/5/2022 2:54:00 AM,No Pedestrians Involved,Dry,No Unusual Conditions,Dark - Street Light,Violation Driver 1,No Controls Present/Factor,Clear,Hit Object,Non-Related,Fixed Object,Not Applicable,Not Applicable,North Of,SIGN,False,False,30535,CAMDEN AV,VISTA LOOP,37.22756009,-121.9041404
2737,684859,CR-0000093501,0,0,0,0,22-195-0010,False,False,0,7/14/2022 12:02:00 AM,No Pedestrians Involved,Dry,No Unusual Conditions,Dark - Street Light,Violation Driver 1,No Controls Present/Factor,Clear,Sideswipe,Intersection,Other Vehicle,Not Applicable,Not Applicable,At,,False,True,30535,CAMDEN AV,VISTA LOOP,37.22756009,-121.9041404
2738,689410,CR-0000095353,0,0,0,0,22-333-0742,False,False,20,11/29/2022 6:14:00 PM,No Pedestrians Involved,Dry,No Unusual Conditions,Dusk - Dawn,Violation Driver 1,Controls Functioning,Clear,Rear End,Related,Other Vehicle,Not Applicable,Not Applicable,West Of,,False,False,29963,CAMDEN AV,HICKS RD,37.22654321,-121.9039175
2739,682333,CR-0000091896,0,0,0,0,22-099-0038,False,False,51,4/9/2022 12:33:00 AM,No Pedestrians Involved,Dry,No Unusual Conditions,Dark - Street Light,Violation Driver 1,No Controls Present/Factor,Clear,Broadside,Non-Related,Other Vehicle,Not Applicable,Not Applicable,North Of,,True,False,29963,CAMDEN AV,HICKS RD,37.22654321,-121.9039175
2740,698935,CR-0000100237,1,0,0,0,23-333-0186,False,False,120,11/29/2023 8:10:00 AM,No Pedestrians Involved,Wet,No Unusual Conditions,Daylight,Violation Driver 1,No Controls Present/Factor,Rain,Sideswipe,Non-Related,Other Vehicle,Not Applicable,Not Applicable,East Of,,False,False,47630,CURTNER AV,TIOGA WY,37.27618173,-121.9216485
2741,683483,CR-0000093079,0,0,0,0,22-215-4001,False,True,51,8/3/2022 3:15:00 PM,No Pedestrians Involved,Unknown,Unknown,Daylight,Unknown,Unknown,Unknown,Broadside,Non-Related,Other Vehicle,Not Applicable,Not Applicable,West Of,,False,False,28820,CALLE BONITA,CORTE BONITA,37.22460084,-121.8869025
2742,684747,CR-0000093399,0,0,0,0,22-192-4003,False,True,51,7/6/2022 6:34:00 PM,No Pedestrians Involved,Unknown,Unknown,Unknown,Unknown,Unknown,Unknown,Other,Non-Related,Fixed Object,Not Applicable,Not Applicable,East Of,LIGHTPOLE,False,False,28819,CALLE BONITA,CERRO VERDE,37.22195129,-121.8877688
2743,685114,CR-0000093787,0,0,0,0,22-230-0776,False,False,60,8/18/2022 5:56:00 PM,No Pedestrians Involved,Dry,No Unusual Conditions,Daylight,Violation Driver 1,No Controls Present/Factor,Clear,Vehicle/Bike,Non-Related,Bike,Not Applicable,Not Applicable,West Of,,False,False,41238,COIT DR,CURTNER AV,37.27535909,-121.9242661