_id,CrashFactId,Name,MinorInjuries,ModerateInjuries,SevereInjuries,FatalInjuries,TcrNumber,CityDamageFlag,ShortFormFlag,Distance,CrashDateTime,PedestrianAction,RoadwaySurface,RoadwayCondition,Lighting,PrimaryCollisionFactor,TrafficControl,Weather,CollisionType,ProximityToIntersection,VehicleInvolvedWith,PedestrianDirectionFrom,PedestrianDirectionTo,DirectionFromIntersection,Comment,SpeedingFlag,HitAndRunFlag,IntersectionNumber,AStreetName,BStreetName,Latitude,Longitude
2744,682771,CR-0000092313,1,0,0,0,22-154-0526,False,False,216,6/3/2022 2:45:00 PM,No Pedestrians Involved,Dry,No Unusual Conditions,Daylight,Violation Driver 1,No Controls Present/Factor,Clear,Broadside,Non-Related,Motorcycle,Not Applicable,Not Applicable,East Of,,False,True,41238,COIT DR,CURTNER AV,37.27535909,-121.9242661
2745,698954,CR-0000100256,0,1,0,0,23-311-0251,False,False,140,11/7/2023 9:05:00 AM,No Pedestrians Involved,Dry,No Unusual Conditions,Daylight,Violation Driver 1,No Controls Present/Factor,Clear,Broadside,Non-Related,Other Vehicle,Not Applicable,Not Applicable,West Of,,False,False,47332,CURTNER AV,GUNAR DR,37.27530366,-121.9244424
2746,683346,CR-0000092934,0,0,0,0,22-143-0030,False,False,215,5/23/2022 12:25:00 AM,No Pedestrians Involved,Dry,No Unusual Conditions,Dark - Street Light,Violation Driver 1,No Controls Present/Factor,Clear,Rear End,Non-Related,Parked Vehicle,Not Applicable,Not Applicable,West Of,,True,False,19986,BLOSSOM HILL RD,DEL ORO DR,37.23620007,-121.920721
2747,699090,CR-0000100405,0,0,0,0,23-163-4001,False,True,,6/11/2023 12:00:00 PM,No Pedestrians Involved,Unknown,Unknown,Unknown,Unknown,Unknown,Unknown,Sideswipe,Related,Parked Vehicle,Not Applicable,Not Applicable,North Of,,False,False,92620,MONTELEGRE DR,MONTEVERDE DR,37.22677414,-121.8952358
2748,683043,CR-0000092665,0,0,0,0,22-139-0928,False,False,55,5/19/2022 7:37:00 PM,No Pedestrians Involved,Dry,No Unusual Conditions,Daylight,Violation Driver 1,No Controls Present/Factor,Clear,Rear End,Non-Related,Parked Vehicle,Not Applicable,Not Applicable,South Of,,False,True,58827,FARM DR,PEARL AV,37.27987369,-121.8721495
2749,722425,CR-0000103720,0,0,0,0,24-097-0870,False,False,52,4/6/2024 10:43:00 PM,No Pedestrians Involved,Dry,No Unusual Conditions,Dark - Street Light,Violation Driver 1,No Controls Present/Factor,Clear,Hit Object,Non-Related,Fixed Object,Not Applicable,Not Applicable,East Of,FENCE and SHED,False,False,47244,CURTNER AV,CUSTER DR,37.27656571,-121.9205231
2750,712177,CR-0000101608,0,0,0,0,23-355-0004,False,False,126,12/21/2023 12:05:00 AM,No Pedestrians Involved,Dry,No Unusual Conditions,Dark - Street Light,Violation Driver 1,No Controls Present/Factor,Clear,Rear End,Non-Related,Parked Vehicle,Not Applicable,Not Applicable,South Of,,True,False,82279,LAURINDA DR,LEIGH AV,37.24708728,-121.9226758
2751,712234,CR-0000101678,0,0,0,0,23-133-0803,False,False,639,5/13/2023 8:18:00 PM,No Pedestrians Involved,Dry,No Unusual Conditions,Dusk - Dawn,Violation Driver 1,No Controls Present/Factor,Clear,Head On,Non-Related,Parked Vehicle,Not Applicable,Not Applicable,West Of,,False,True,11615,AYRSHIRE DR,DENTWOOD DR,37.25119728,-121.8830999
2752,682195,CR-0000091717,0,0,0,0,22-066-0298,False,False,62,3/7/2022 9:21:00 AM,No Pedestrians Involved,Dry,No Unusual Conditions,Daylight,Violation Driver 1,Controls Functioning,Clear,Rear End,Non-Related,Motor Vehicle On Other Roadway,Not Applicable,Not Applicable,East Of,,True,False,20350,BLOSSOM HILL RD,PLAZA WY,37.25049406,-121.8777606
2753,682406,CR-0000091970,0,0,0,0,22-113-0950,False,False,51,4/23/2022 11:25:00 PM,No Pedestrians Involved,Dry,No Unusual Conditions,Dark - Street Light,Violation Driver 1,Controls Functioning,Clear,Sideswipe,Non-Related,Other Vehicle,Not Applicable,Not Applicable,West Of,,False,True,20350,BLOSSOM HILL RD,PLAZA WY,37.25049406,-121.8777606
2754,698720,CR-0000099969,0,0,0,0,23-148-0708,False,False,0,5/28/2023 7:20:00 PM,No Pedestrians Involved,Dry,No Unusual Conditions,Daylight,Violation Driver 1,Controls Functioning,Clear,Rear End,Intersection,Other Vehicle,Not Applicable,Not Applicable,At,,True,True,20350,BLOSSOM HILL RD,PLAZA WY,37.25049406,-121.8777606
2755,696382,CR-0000099540,0,0,0,0,23-138-4001,False,True,,5/17/2023 10:35:00 PM,No Pedestrians Involved,Unknown,Unknown,Unknown,Unknown,Unknown,Unknown,Sideswipe,Related,Other Vehicle,Not Applicable,Not Applicable,East Of,,False,False,20350,BLOSSOM HILL RD,PLAZA WY,37.25049406,-121.8777606
2756,690675,CR-0000096809,1,0,0,0,23-020-0381,False,False,0,1/20/2023 12:21:00 PM,No Pedestrians Involved,Dry,No Unusual Conditions,Daylight,Violation Driver 1,Controls Not Functioning,Clear,Head On,Intersection,Other Vehicle,Not Applicable,Not Applicable,At,,False,False,20350,BLOSSOM HILL RD,PLAZA WY,37.25049406,-121.8777606
2757,690522,CR-0000096653,0,0,0,0,22-364-9703,False,True,0,12/28/2022 1:30:00 PM,No Pedestrians Involved,Dry,No Unusual Conditions,Daylight,Unknown,Controls Functioning,Clear,Rear End,Intersection,Other Vehicle,Not Applicable,Not Applicable,At,,False,False,20350,BLOSSOM HILL RD,PLAZA WY,37.25049406,-121.8777606
2758,711809,CR-0000100998,0,0,0,0,23-259-0768,False,False,0,9/16/2023 8:24:00 PM,No Pedestrians Involved,Dry,No Unusual Conditions,Dark - Street Light,Violation Driver 1,Controls Functioning,Clear,Head On,Intersection,Other Vehicle,Not Applicable,Not Applicable,At,,False,False,20350,BLOSSOM HILL RD,PLAZA WY,37.25049406,-121.8777606
2759,685197,CR-0000093875,0,1,0,0,22-243-0617,False,False,0,8/31/2022 4:34:00 PM,No Pedestrians Involved,Dry,No Unusual Conditions,Daylight,Violation Driver 1,Controls Functioning,Clear,Vehicle/Bike,Intersection,Bike,Not Applicable,Not Applicable,At,BIKE,False,False,20063,BLOSSOM HILL RD,GALLUP DR,37.25002955,-121.8790529
2760,712041,CR-0000100841,0,0,0,0,23-205-4005,False,True,0,7/24/2023 4:00:00 PM,No Pedestrians Involved,Unknown,Unknown,Unknown,Unknown,Unknown,Unknown,Other,Intersection,Other Vehicle,Not Applicable,Not Applicable,At,,False,True,20063,BLOSSOM HILL RD,GALLUP DR,37.25002955,-121.8790529
2761,716390,CR-0000102389,1,1,0,0,24-040-0731,False,False,0,2/9/2024 7:01:00 PM,No Pedestrians Involved,Dry,No Unusual Conditions,Dark - Street Light,Violation Driver 1,No Controls Present/Factor,Clear,Broadside,Intersection,Other Vehicle,Not Applicable,Not Applicable,At,,False,False,20063,BLOSSOM HILL RD,GALLUP DR,37.25002955,-121.8790529
2762,684931,CR-0000093605,1,0,0,0,22-215-0897,False,False,0,8/3/2022 9:35:00 PM,No Pedestrians Involved,Dry,No Unusual Conditions,Dark - Street Light,Violation Driver 1,Controls Functioning,Clear,Broadside,Intersection,Other Vehicle,Not Applicable,Not Applicable,At,,False,False,73127,HILLSDALE AV,ROSS AV,37.26360487,-121.9167678
2763,683373,CR-0000092964,0,0,0,0,22-178-0672,False,False,,6/27/2022 5:12:00 PM,No Pedestrians Involved,Dry,No Unusual Conditions,Daylight,Violation Driver 1,Controls Functioning,Clear,Sideswipe,Related,Other Vehicle,Not Applicable,Not Applicable,West Of,,True,True,73127,HILLSDALE AV,ROSS AV,37.26360487,-121.9167678
2764,688799,CR-0000094645,0,0,0,0,22-303-4005,False,True,51,10/23/2022 4:00:00 PM,No Pedestrians Involved,Unknown,Unknown,Daylight,Unknown,Unknown,Unknown,Rear End,Non-Related,Other Vehicle,Not Applicable,Not Applicable,West Of,,False,False,73127,HILLSDALE AV,ROSS AV,37.26360487,-121.9167678
2765,682230,CR-0000091786,0,1,0,0,22-103-0439,False,False,505,4/13/2022 2:29:00 PM,No Pedestrians Involved,Dry,No Unusual Conditions,Daylight,Violation Driver 1,Controls Obscured,Clear,Vehicle/Bike,Non-Related,Bike,Not Applicable,Not Applicable,East Of,Bike,False,False,73127,HILLSDALE AV,ROSS AV,37.26360487,-121.9167678
2766,682282,CR-0000091823,0,0,0,0,22-101-0614,False,False,0,4/11/2022 5:02:00 PM,No Pedestrians Involved,Dry,No Unusual Conditions,Daylight,Violation Driver 1,Unknown,Clear,Sideswipe,Intersection,Other Vehicle,Not Applicable,Not Applicable,At,CITY OF SAN JOSE DOT VEHICLE,False,False,73127,HILLSDALE AV,ROSS AV,37.26360487,-121.9167678
2767,682894,CR-0000092506,1,0,0,0,22-181-0711,False,False,69,6/30/2022 5:14:00 PM,No Pedestrians Involved,Dry,No Unusual Conditions,Daylight,Violation Driver 1,Controls Functioning,Clear,Rear End,Non-Related,Other Vehicle,Not Applicable,Not Applicable,North Of,,True,False,73127,HILLSDALE AV,ROSS AV,37.26360487,-121.9167678
2768,682055,CR-0000091591,1,0,0,0,22-069-0307,True,False,195,3/10/2022 10:46:00 AM,No Pedestrians Involved,Dry,No Unusual Conditions,Daylight,Violation Driver 1,No Controls Present/Factor,Clear,Head On,Non-Related,Other Object,Not Applicable,Not Applicable,North Of,tree,False,False,73127,HILLSDALE AV,ROSS AV,37.26360487,-121.9167678
2769,682011,CR-0000091520,1,0,0,0,22-075-0804,False,False,0,3/16/2022 7:30:00 PM,No Pedestrians Involved,Dry,No Unusual Conditions,Dusk - Dawn,Violation Driver 1,Controls Functioning,Clear,Rear End,Intersection,Other Vehicle,Not Applicable,Not Applicable,At,,True,False,73127,HILLSDALE AV,ROSS AV,37.26360487,-121.9167678
2770,692478,CR-0000097766,0,1,0,0,23-074-0631,False,False,0,3/15/2023 3:23:00 PM,No Pedestrians Involved,Dry,No Unusual Conditions,Daylight,Violation Driver 1,Controls Not Functioning,Clear,Broadside,Intersection,Other Vehicle,Not Applicable,Not Applicable,At,,False,False,73127,HILLSDALE AV,ROSS AV,37.26360487,-121.9167678
2771,694100,CR-0000098093,0,0,1,0,23-111-0801,False,False,0,4/21/2023 8:32:00 PM,No Pedestrians Involved,Dry,No Unusual Conditions,Dark - Street Light,Bike At Fault,Controls Functioning,Clear,Vehicle/Bike,Related,Bike,Not Applicable,Not Applicable,At,BIKE,False,False,73127,HILLSDALE AV,ROSS AV,37.26360487,-121.9167678
2772,682199,CR-0000091771,2,0,0,0,22-066-0781,False,False,20,3/7/2022 5:00:00 PM,No Pedestrians Involved,Dry,No Unusual Conditions,Daylight,Violation Driver 1,Controls Functioning,Clear,Broadside,Related,Other Vehicle,Not Applicable,Not Applicable,East Of,,False,False,64921,GATEWOOD LN,KOOSER RD,37.24350428,-121.8963971
2773,689725,CR-0000095737,2,0,0,0,22-351-0824,False,False,42,12/17/2022 9:43:00 PM,No Pedestrians Involved,Dry,No Unusual Conditions,Dark - Street Light,Violation Driver 1,Controls Functioning,Clear,Rear End,Related,Other Vehicle,Not Applicable,Not Applicable,North Of,,True,False,30128,CAMDEN AV,MERRILL DR/MERRILL LP,37.24285746,-121.9057671
2774,690448,CR-0000096552,0,0,0,0,22-286-9702,False,True,0,10/12/2022 4:00:00 PM,No Pedestrians Involved,Dry,Unknown,Daylight,Unknown,Controls Functioning,Clear,Rear End,Intersection,Other Vehicle,Not Applicable,Not Applicable,At,,False,True,30128,CAMDEN AV,MERRILL DR/MERRILL LP,37.24285746,-121.9057671
2775,715852,CR-0000101746,0,0,0,0,23-240-0221,True,False,0,8/28/2023 2:00:00 AM,No Pedestrians Involved,Dry,No Unusual Conditions,Dark - Street Light,Violation Driver 1,No Controls Present/Factor,Clear,Hit Object,Intersection,Fixed Object,Not Applicable,Not Applicable,At,STREETSIGN,True,True,14410,BATON ROUGE DR,CEDARVILLE LN,37.3756241,-121.8509405
2776,683156,CR-0000092682,1,1,0,0,22-163-0514,False,False,156,6/12/2022 2:10:00 PM,No Pedestrians Involved,Dry,No Unusual Conditions,Daylight,Violation Driver 1,Controls Functioning,Clear,Broadside,Non-Related,Motor Vehicle On Other Roadway,Not Applicable,Not Applicable,West Of,,False,False,63580,FRANCIS DR,MCKEE RD,37.37375738,-121.8375903
2777,685327,CR-0000094008,0,0,0,0,22-253-0845,False,False,0,9/10/2022 7:20:00 PM,No Pedestrians Involved,Dry,No Unusual Conditions,Dark - Street Light,Violation Driver 1,No Controls Present/Factor,Clear,Broadside,Intersection,Other Vehicle,Not Applicable,Not Applicable,At,,False,False,63580,FRANCIS DR,MCKEE RD,37.37375738,-121.8375903
2778,690644,CR-0000096766,4,0,0,0,23-018-0805,False,False,0,1/18/2023 9:34:00 PM,No Pedestrians Involved,Dry,Unknown,Dark - Street Light,Violation Driver 1,Controls Functioning,Clear,Rear End,Intersection,Other Vehicle,Not Applicable,Not Applicable,At,,False,False,63580,FRANCIS DR,MCKEE RD,37.37375738,-121.8375903
2779,716075,CR-0000102007,1,1,0,0,24-070-0750,False,False,0,1/7/2024 10:44:00 PM,No Pedestrians Involved,Dry,No Unusual Conditions,Dark - Street Light,Violation Driver 1,Controls Functioning,Clear,Sideswipe,Intersection,Other Vehicle,Not Applicable,Not Applicable,At,,False,False,63580,FRANCIS DR,MCKEE RD,37.37375738,-121.8375903
2780,712043,CR-0000101045,1,0,0,1,24-007-0750,False,False,0,1/7/2024 10:44:00 PM,No Pedestrians Involved,Dry,No Unusual Conditions,Dark - Street Light,Violation Driver 1,Controls Functioning,Clear,Sideswipe,Intersection,Other Vehicle,Not Applicable,Not Applicable,At,,False,False,63580,FRANCIS DR,MCKEE RD,37.37375738,-121.8375903
2781,711941,CR-0000101385,0,0,0,0,23-315-0893,False,False,0,11/11/2023 11:35:00 PM,No Pedestrians Involved,Dry,Unknown,Dark - Street Light,Violation Driver 1,Controls Functioning,Clear,Hit Object,Intersection,Fixed Object,Not Applicable,Not Applicable,At,MEDIAN,False,True,63580,FRANCIS DR,MCKEE RD,37.37375738,-121.8375903
2782,717427,CR-0000102442,0,0,1,1,24-181-0121,False,False,120,6/29/2024 2:26:00 AM,No Pedestrians Involved,Dry,No Unusual Conditions,Dark - Street Light,Violation Driver 1,Controls Functioning,Clear,Hit Object,Non-Related,Fixed Object,Not Applicable,Not Applicable,West Of,"PASSENGER FATALITY
CURB, FENCE, and RESIDENCE STRUCK",True,False,63580,FRANCIS DR,MCKEE RD,37.37375738,-121.8375903
2783,721959,CR-0000103213,0,0,0,0,24-032-4008,False,True,0,2/1/2024 8:50:00 PM,No Pedestrians Involved,Unknown,Unknown,Unknown,Unknown,Unknown,Unknown,Broadside,Intersection,Other Vehicle,Not Applicable,Not Applicable,At,,False,False,63580,FRANCIS DR,MCKEE RD,37.37375738,-121.8375903
2784,722474,CR-0000103770,2,0,1,0,24-104-0664,False,False,205,4/13/2024 8:51:00 PM,No Pedestrians Involved,Dry,No Unusual Conditions,Dusk - Dawn,Violation Driver 1,Controls Functioning,Clear,Rear End,Non-Related,Other Vehicle,Not Applicable,Not Applicable,West Of,,False,False,63580,FRANCIS DR,MCKEE RD,37.37375738,-121.8375903
2785,722289,CR-0000103583,0,0,0,0,24-087-0440,False,False,295,3/27/2024 12:43:00 PM,No Pedestrians Involved,Dry,No Unusual Conditions,Daylight,Violation Driver 1,Controls Functioning,Unknown,Rear End,Non-Related,Other Vehicle,Not Applicable,Not Applicable,West Of,,True,False,63580,FRANCIS DR,MCKEE RD,37.37375738,-121.8375903
2786,689128,CR-0000095009,0,1,0,0,22-297-0220,True,False,431,10/24/2022 7:33:00 AM,No Pedestrians Involved,Dry,No Unusual Conditions,Daylight,Violation Driver 1,No Controls Present/Factor,Clear,Hit Object,Non-Related,Fixed Object,Not Applicable,Not Applicable,South Of,CITY LIGHT POLE,False,False,32350,CAPITOL AV,GILCHRIST DR,37.38172662,-121.8552202
2787,682927,CR-0000092511,0,0,0,0,22-159-0626,False,False,0,6/8/2022 3:15:00 PM,No Pedestrians Involved,Dry,No Unusual Conditions,Daylight,Violation Driver 1,Controls Functioning,Clear,Rear End,Intersection,Other Vehicle,Not Applicable,Not Applicable,At,,False,True,32350,CAPITOL AV,GILCHRIST DR,37.38172662,-121.8552202
2788,696561,CR-0000099758,0,0,1,0,23-254-0979,False,False,0,9/11/2023 9:51:00 PM,Crossing In Crosswalk - At Intersection,Dry,No Unusual Conditions,Dark - Street Light,Pedestrian At Fault,Controls Functioning,Clear,Vehicle/Pedestrian,Intersection,Pedestrian,West,East,At,PED,False,True,32350,CAPITOL AV,GILCHRIST DR,37.38172662,-121.8552202
2789,699297,CR-0000100622,0,0,0,0,23-177-4003,False,True,51,6/25/2023 7:00:00 PM,No Pedestrians Involved,Unknown,Unknown,Unknown,Unknown,Unknown,Unknown,Vehicle/Bike,Non-Related,Scooter Motorized,Not Applicable,Not Applicable,West Of,M.SCOOTER,False,False,32350,CAPITOL AV,GILCHRIST DR,37.38172662,-121.8552202
2790,690142,CR-0000096228,0,0,0,0,22-329-0078,True,False,260,11/25/2022 2:19:00 AM,No Pedestrians Involved,Dry,No Unusual Conditions,Dark - Street Light,Violation Driver 1,No Controls Present/Factor,Clear,Hit Object,Non-Related,Fixed Object,Not Applicable,Not Applicable,South Of,light pole,False,True,122957,CORTESE CI,TOYON AV,37.38280716,-121.8275213
2791,682576,CR-0000092143,0,0,0,0,22-129-0609,True,False,27,5/9/2022 4:08:00 PM,No Pedestrians Involved,Dry,No Unusual Conditions,Daylight,Violation Driver 1,No Controls Present/Factor,Clear,Hit Object,Related,Fixed Object,Not Applicable,Not Applicable,North Of,SIGN / HYDRANT,True,False,75437,INDUS CT,WHITE RD,37.38982132,-121.8420979
2792,692557,CR-0000097848,1,0,0,0,23-096-0145,False,False,18,4/6/2023 7:30:00 AM,No Pedestrians Involved,Dry,No Unusual Conditions,Daylight,Violation Driver 1,Controls Functioning,Clear,Rear End,Related,Other Vehicle,Not Applicable,Not Applicable,East Of,,True,False,67935,GRAND AV,PARK AV,37.32595987,-121.9126906
2793,688682,CR-0000094503,1,0,0,0,22-264-0618,False,False,0,9/21/2022 3:33:00 PM,No Pedestrians Involved,Dry,No Unusual Conditions,Daylight,Violation Driver 1,Controls Functioning,Clear,Sideswipe,Intersection,Other Vehicle,Not Applicable,Not Applicable,At,,False,False,98670,PARK AV,YOSEMITE AV,37.32673888,-121.9153616
2794,691215,CR-0000097436,0,0,0,0,22-351-0917,False,False,183,12/17/2022 11:23:00 PM,No Pedestrians Involved,Dry,No Unusual Conditions,Dark - Street Light,Violation Driver 1,No Controls Present/Factor,Clear,Sideswipe,Non-Related,Parked Vehicle,Not Applicable,Not Applicable,North Of,,False,False,52029,DOUGLAS ST,MERIDIAN AV,37.32159868,-121.9137385
2795,722422,CR-0000103717,0,1,0,0,24-097-0759,False,False,28,4/6/2024 8:37:00 PM,No Pedestrians Involved,Dry,No Unusual Conditions,Dark - No Street Light,Bike At Fault,No Controls Present/Factor,Clear,Vehicle/Bike,Related,Bike,Not Applicable,Not Applicable,South Of,BIKE,False,False,52029,DOUGLAS ST,MERIDIAN AV,37.32159868,-121.9137385
2796,696270,CR-0000099417,0,0,0,0,23-117-0852,True,False,0,4/27/2023 11:36:00 PM,No Pedestrians Involved,Dry,No Unusual Conditions,Dark - Street Light,Violation Driver 1,Controls Functioning,Clear,Head On,Intersection,Fixed Object,Not Applicable,Not Applicable,At,TRAFFIC SIGN AND POLE,False,True,83050,LELAND AV,MOORPARK AV,37.31636152,-121.9267566
2797,681171,CR-0000090551,2,0,0,0,22-021-0945,False,False,0,1/21/2022 9:11:00 PM,No Pedestrians Involved,Dry,No Unusual Conditions,Dark - Street Light,Violation Driver 1,Controls Functioning,Clear,Sideswipe,Intersection,Other Vehicle,Not Applicable,Not Applicable,At,,True,False,88461,MARTIN AV,PARK AV,37.32782872,-121.9166708
2798,694766,CR-0000098803,1,0,0,0,23-229-9706,False,True,0,8/5/2023 8:40:00 PM,Crossing In Crosswalk - At Intersection,Dry,No Unusual Conditions,Dusk - Dawn,Unknown,No Controls Present/Factor,Unknown,Vehicle/Pedestrian,Intersection,Pedestrian,North,South,At,PED,False,False,88461,MARTIN AV,PARK AV,37.32782872,-121.9166708
2799,716378,CR-0000102341,1,0,0,0,24-032-0130,False,False,0,2/1/2024 6:59:00 AM,No Pedestrians Involved,Wet,No Unusual Conditions,Dusk - Dawn,Violation Driver 1,No Controls Present/Factor,Rain,Rear End,Intersection,Other Vehicle,Not Applicable,Not Applicable,At,,False,True,88450,MARTIN AV,PARK AV,37.32814889,-121.9170542
2800,681884,CR-0000091365,1,0,0,0,22-036-0693,False,False,21,2/5/2022 7:49:00 PM,No Pedestrians Involved,Dry,No Unusual Conditions,Dark - Street Light,Violation Driver 1,No Controls Present/Factor,Clear,Broadside,Related,Other Vehicle,Not Applicable,Not Applicable,North Of,,False,False,50082,DELMAS AV,FULLER AV,37.31780069,-121.8930612
2801,683133,CR-0000092718,0,0,0,0,22-045-4000,False,True,51,2/12/2022 9:40:00 PM,No Pedestrians Involved,Unknown,Unknown,Unknown,Unknown,Unknown,Unknown,Other,Non-Related,Parked Vehicle,Not Applicable,Not Applicable,East Of,,False,False,106490,SAN FERNANDO ST,TWENTY SIXTH ST,37.34626902,-121.8646527
2802,685218,CR-0000093897,1,0,0,0,22-264-0180,False,False,0,9/21/2022 8:07:00 AM,No Pedestrians Involved,Dry,No Unusual Conditions,Daylight,Violation Driver 1,Unknown,Clear,Broadside,Intersection,Other Vehicle,Not Applicable,Not Applicable,At,,False,True,106490,SAN FERNANDO ST,TWENTY SIXTH ST,37.34626902,-121.8646527
2803,694242,CR-0000098177,1,1,0,0,23-136-0194,False,False,0,5/16/2023 7:57:00 AM,No Pedestrians Involved,Dry,No Unusual Conditions,Daylight,Violation Driver 1,Controls Functioning,Clear,Broadside,Intersection,Other Vehicle,Not Applicable,Not Applicable,At,,False,False,106490,SAN FERNANDO ST,TWENTY SIXTH ST,37.34626902,-121.8646527
2804,716348,CR-0000102323,1,1,0,0,24-047-0231,False,False,0,2/16/2024 9:26:00 AM,No Pedestrians Involved,Dry,No Unusual Conditions,Daylight,Violation Driver 1,Controls Functioning,Clear,Broadside,Intersection,Other Vehicle,Not Applicable,Not Applicable,At,,False,False,106490,SAN FERNANDO ST,TWENTY SIXTH ST,37.34626902,-121.8646527
2805,691374,CR-0000097623,4,0,0,0,23-062-0743,False,False,51,3/3/2023 6:06:00 PM,No Pedestrians Involved,Dry,No Unusual Conditions,Dark - No Street Light,Violation Driver 1,Controls Functioning,Clear,Head On,Non-Related,Other Vehicle,Not Applicable,Not Applicable,North Of,,False,False,106446,SAN FERNANDO ST,TWENTIETH ST,37.3432915,-121.8697222
2806,682682,CR-0000092258,0,0,0,0,22-144-0842,False,False,51,5/24/2022 6:54:00 PM,No Pedestrians Involved,Dry,No Unusual Conditions,Daylight,Violation Driver 1,No Controls Present/Factor,Clear,Rear End,Non-Related,Other Vehicle,Not Applicable,Not Applicable,West Of,,False,False,77824,JULIAN ST,TWENTY FOURTH ST,37.35083566,-121.8714887
2807,683444,CR-0000093040,0,2,0,0,22-079-0939,True,False,39,3/20/2022 11:36:00 PM,No Pedestrians Involved,Dry,No Unusual Conditions,Dark - Street Light,Violation Driver 1,Controls Functioning,Clear,Hit Object,Related,Fixed Object,Not Applicable,Not Applicable,North Of,TREE,True,False,77824,JULIAN ST,TWENTY FOURTH ST,37.35083566,-121.8714887
2808,696042,CR-0000099177,0,0,0,0,23-211-0835,True,False,28,7/30/2023 8:32:00 PM,No Pedestrians Involved,Dry,Loose Material On Roadway,Dusk - Dawn,Violation Driver 1,Controls Functioning,Clear,Hit Object,Related,Fixed Object,Not Applicable,Not Applicable,South Of,LIGHT POLE,False,False,77824,JULIAN ST,TWENTY FOURTH ST,37.35083566,-121.8714887
2809,682696,CR-0000092274,0,0,0,0,22-155-0121,False,False,33,5/29/2022 2:10:00 AM,No Pedestrians Involved,Dry,No Unusual Conditions,Dark - Street Light,Violation Driver 1,No Controls Present/Factor,Clear,Rear End,Related,Parked Vehicle,Not Applicable,Not Applicable,West Of,,False,True,107238,SANTA CLARA ST,TWENTY SECOND ST,37.34610943,-121.8696402
2810,689015,CR-0000094875,0,1,0,0,22-282-0702,False,False,92,10/9/2022 6:16:00 PM,No Pedestrians Involved,Dry,No Unusual Conditions,Daylight,Violation Driver 1,No Controls Present/Factor,Clear,Rear End,Non-Related,Parked Vehicle,Not Applicable,Not Applicable,West Of,,False,False,107238,SANTA CLARA ST,TWENTY SECOND ST,37.34610943,-121.8696402
2811,691164,CR-0000097366,1,0,0,0,23-055-0128,False,False,125,2/24/2023 7:00:00 AM,No Pedestrians Involved,Wet,No Unusual Conditions,Dusk - Dawn,Violation Driver 1,Controls Functioning,Rain,Rear End,Non-Related,Parked Vehicle,Not Applicable,Not Applicable,West Of,,True,False,107238,SANTA CLARA ST,TWENTY SECOND ST,37.34610943,-121.8696402
2812,689064,CR-0000094906,0,0,0,0,22-287-0843,False,False,51,10/14/2022 6:54:00 PM,No Pedestrians Involved,Dry,No Unusual Conditions,Daylight,Violation Driver 1,No Controls Present/Factor,Clear,Rear End,Non-Related,Other Vehicle,Not Applicable,Not Applicable,North Of,,False,True,106480,SAN FERNANDO ST,TWENTY SECOND ST,37.34439185,-121.867961
2813,722465,CR-0000103760,0,0,0,0,24-101-4004,False,True,0,4/10/2024 8:20:00 AM,No Pedestrians Involved,Unknown,Unknown,Unknown,Unknown,Unknown,Unknown,Rear End,Intersection,Other Vehicle,Not Applicable,Not Applicable,At,,False,False,106480,SAN FERNANDO ST,TWENTY SECOND ST,37.34439185,-121.867961
2814,685090,CR-0000093761,0,0,0,0,22-221-0217,False,False,50,8/9/2022 8:14:00 AM,No Pedestrians Involved,Dry,No Unusual Conditions,Daylight,Violation Driver 1,No Controls Present/Factor,Clear,Sideswipe,Related,Parked Vehicle,Not Applicable,Not Applicable,North Of,,False,False,107227,SANTA CLARA ST,TWENTY FOURTH ST,37.34699973,-121.8677382
2815,685354,CR-0000094080,0,0,0,0,22-269-0895,False,False,0,9/26/2022 9:52:00 PM,No Pedestrians Involved,Dry,No Unusual Conditions,Dark - Street Light,Violation Driver 1,Controls Functioning,Clear,Broadside,Intersection,Other Vehicle,Not Applicable,Not Applicable,At,,False,True,107227,SANTA CLARA ST,TWENTY FOURTH ST,37.34699973,-121.8677382
2816,684898,CR-0000093536,1,0,0,0,22-201-0576,False,False,0,7/20/2022 3:14:00 PM,No Pedestrians Involved,Dry,No Unusual Conditions,Daylight,Violation Driver 1,Unknown,Clear,Head On,Intersection,Other Vehicle,Not Applicable,Not Applicable,At,,False,False,107227,SANTA CLARA ST,TWENTY FOURTH ST,37.34699973,-121.8677382
2817,684728,CR-0000093462,0,0,0,0,22-162-0301,False,False,0,6/11/2022 9:32:00 AM,No Pedestrians Involved,Dry,No Unusual Conditions,Daylight,Violation Driver 1,No Controls Present/Factor,Clear,Rear End,Intersection,Other Vehicle,Not Applicable,Not Applicable,At,,False,False,107227,SANTA CLARA ST,TWENTY FOURTH ST,37.34699973,-121.8677382
2818,690879,CR-0000097023,0,0,0,0,23-008-9705,False,True,,1/7/2023 8:57:00 PM,No Pedestrians Involved,Wet,No Unusual Conditions,Dark - Street Light,Violation Driver 1,Controls Functioning,Wind,Broadside,Related,Other Vehicle,Not Applicable,Not Applicable,South Of,,False,False,107227,SANTA CLARA ST,TWENTY FOURTH ST,37.34699973,-121.8677382