_id,CrashFactId,Name,MinorInjuries,ModerateInjuries,SevereInjuries,FatalInjuries,TcrNumber,CityDamageFlag,ShortFormFlag,Distance,CrashDateTime,PedestrianAction,RoadwaySurface,RoadwayCondition,Lighting,PrimaryCollisionFactor,TrafficControl,Weather,CollisionType,ProximityToIntersection,VehicleInvolvedWith,PedestrianDirectionFrom,PedestrianDirectionTo,DirectionFromIntersection,Comment,SpeedingFlag,HitAndRunFlag,IntersectionNumber,AStreetName,BStreetName,Latitude,Longitude
2819,694237,CR-0000098002,1,0,0,0,23-099-0607,False,False,0,4/9/2023 5:41:00 PM,No Pedestrians Involved,Dry,No Unusual Conditions,Daylight,Violation Driver 1,Controls Functioning,Clear,Sideswipe,Intersection,Motor Vehicle On Other Roadway,Not Applicable,Not Applicable,At,,False,True,107227,SANTA CLARA ST,TWENTY FOURTH ST,37.34699973,-121.8677382
2820,689743,CR-0000095755,1,0,0,0,22-348-0619,False,False,0,12/14/2022 5:00:00 PM,Crossing In Crosswalk - At Intersection,Dry,No Unusual Conditions,Daylight,Violation Driver 1,Unknown,Clear,Vehicle/Pedestrian,Intersection,Pedestrian,South,North,At,,False,True,107227,SANTA CLARA ST,TWENTY FOURTH ST,37.34699973,-121.8677382
2821,696032,CR-0000099167,0,0,0,0,23-191-0806,True,False,0,7/10/2023 7:11:00 PM,No Pedestrians Involved,Dry,No Unusual Conditions,Daylight,Violation Driver 1,Controls Functioning,Clear,Sideswipe,Intersection,Other Vehicle,Not Applicable,Not Applicable,At,CITY VEHICLE,False,False,107227,SANTA CLARA ST,TWENTY FOURTH ST,37.34699973,-121.8677382
2822,699083,CR-0000100398,0,0,0,0,23-162-0383,False,False,23,6/11/2023 12:12:00 PM,No Pedestrians Involved,Dry,No Unusual Conditions,Daylight,Violation Driver 1,No Controls Present/Factor,Clear,Sideswipe,Related,Other Vehicle,Not Applicable,Not Applicable,South Of,,False,False,107227,SANTA CLARA ST,TWENTY FOURTH ST,37.34699973,-121.8677382
2823,699055,CR-0000100361,1,0,0,0,23-197-0142,False,False,93,7/16/2023 2:17:00 AM,No Pedestrians Involved,Dry,No Unusual Conditions,Dark - Street Light,Violation Driver 1,Controls Functioning,Clear,Rear End,Non-Related,Other Vehicle,Not Applicable,Not Applicable,East Of,,True,False,107227,SANTA CLARA ST,TWENTY FOURTH ST,37.34699973,-121.8677382
2824,699018,CR-0000100323,1,0,0,0,23-294-0992,False,False,111,10/21/2023 11:53:00 PM,No Pedestrians Involved,Dry,No Unusual Conditions,Dark - Street Light,Violation Driver 1,No Controls Present/Factor,Clear,Broadside,Non-Related,Other Vehicle,Not Applicable,Not Applicable,North Of,,False,False,107227,SANTA CLARA ST,TWENTY FOURTH ST,37.34699973,-121.8677382
2825,711920,CR-0000101569,0,0,0,0,23-361-4005,False,True,0,12/27/2023 6:30:00 PM,No Pedestrians Involved,Unknown,Unknown,Unknown,Unknown,Unknown,Unknown,Rear End,Intersection,Other Vehicle,Not Applicable,Not Applicable,At,,False,False,107227,SANTA CLARA ST,TWENTY FOURTH ST,37.34699973,-121.8677382
2826,682114,CR-0000091637,0,0,0,0,22-086-4001,False,True,51,3/26/2022 9:30:00 PM,No Pedestrians Involved,Unknown,Unknown,Unknown,Unknown,Unknown,Unknown,Other,Non-Related,Unknown,Not Applicable,Not Applicable,East Of,,False,False,107205,SANTA CLARA ST,TWENTY FIFTH ST,37.34743922,-121.8668164
2827,681707,CR-0000091105,0,0,0,0,22-057-0003,False,False,19,2/26/2022 12:01:00 AM,No Pedestrians Involved,Dry,No Unusual Conditions,Dark - Street Light,Violation Driver 1,No Controls Present/Factor,Clear,Head On,Related,Fixed Object,Not Applicable,Not Applicable,North Of,Curb/Building,False,True,107205,SANTA CLARA ST,TWENTY FIFTH ST,37.34743922,-121.8668164
2828,699320,CR-0000100647,1,0,0,0,23-321-0412,False,False,0,11/17/2023 1:07:00 PM,No Pedestrians Involved,Dry,No Unusual Conditions,Daylight,Violation Driver 1,Controls Functioning,Clear,Head On,Intersection,Other Vehicle,Not Applicable,Not Applicable,At,,False,False,107205,SANTA CLARA ST,TWENTY FIFTH ST,37.34743922,-121.8668164
2829,690079,CR-0000096151,0,0,0,0,22-191-9701,False,True,0,7/9/2022 3:30:00 PM,No Pedestrians Involved,Dry,No Unusual Conditions,Daylight,Unknown,No Controls Present/Factor,Clear,Sideswipe,Intersection,Parked Vehicle,Not Applicable,Not Applicable,At,,False,True,107205,SANTA CLARA ST,TWENTY FIFTH ST,37.34743922,-121.8668164
2830,711992,CR-0000101150,0,0,0,0,23-286-4004,False,True,,10/13/2023 7:55:00 PM,No Pedestrians Involved,Unknown,Unknown,Unknown,Unknown,Unknown,Unknown,Other,Related,Parked Vehicle,Not Applicable,Not Applicable,West Of,,False,False,107205,SANTA CLARA ST,TWENTY FIFTH ST,37.34743922,-121.8668164
2831,681416,CR-0000090806,0,0,0,0,22-024-4003,False,True,45,1/24/2022 11:05:00 AM,No Pedestrians Involved,Unknown,Unknown,Daylight,Unknown,Unknown,Unknown,Other,Related,Parked Vehicle,Not Applicable,Not Applicable,West Of,,False,False,107250,SANTA CLARA ST,TWENTY SIXTH ST,37.34788576,-121.8658815
2832,690590,CR-0000096711,1,0,0,0,23-017-0165,False,False,0,1/17/2023 6:41:00 AM,No Pedestrians Involved,Dry,No Unusual Conditions,Daylight,Unknown,Controls Functioning,Clear,Broadside,Intersection,Other Vehicle,Not Applicable,Not Applicable,At,,False,False,107250,SANTA CLARA ST,TWENTY SIXTH ST,37.34788576,-121.8658815
2833,691077,CR-0000097250,2,0,0,0,23-038-0303,False,False,0,2/7/2023 10:42:00 AM,No Pedestrians Involved,Dry,No Unusual Conditions,Daylight,Violation Driver 1,Controls Functioning,Clear,Broadside,Intersection,Other Vehicle,Not Applicable,Not Applicable,At,,False,False,107250,SANTA CLARA ST,TWENTY SIXTH ST,37.34788576,-121.8658815
2834,691259,CR-0000097503,1,0,0,0,23-027-0735,False,False,137,1/27/2023 7:30:00 PM,No Pedestrians Involved,Dry,No Unusual Conditions,Dark - Street Light,Violation Driver 1,Controls Functioning,Clear,Head On,Non-Related,Other Vehicle,Not Applicable,Not Applicable,West Of,,True,False,107250,SANTA CLARA ST,TWENTY SIXTH ST,37.34788576,-121.8658815
2835,696456,CR-0000099633,2,0,0,0,23-327-0664,False,False,116,11/23/2023 10:14:00 PM,No Pedestrians Involved,Dry,No Unusual Conditions,Dark - Street Light,Violation Driver 1,Unknown,Clear,Rear End,Non-Related,Other Vehicle,Not Applicable,Not Applicable,West Of,,False,False,107250,SANTA CLARA ST,TWENTY SIXTH ST,37.34788576,-121.8658815
2836,711924,CR-0000101322,0,0,0,0,23-341-0703,False,False,51,12/7/2023 12:07:00 PM,No Pedestrians Involved,Unknown,Unknown,Daylight,Violation Driver 1,No Controls Present/Factor,Unknown,Sideswipe,Non-Related,Parked Vehicle,Not Applicable,Not Applicable,East Of,,False,True,107250,SANTA CLARA ST,TWENTY SIXTH ST,37.34788576,-121.8658815
2837,681593,CR-0000090990,0,0,0,0,22-045-0093,False,False,563,2/14/2022 2:36:00 AM,No Pedestrians Involved,Dry,No Unusual Conditions,Dark - Street Light,Violation Driver 1,No Controls Present/Factor,Clear,Sideswipe,Non-Related,Parked Vehicle,Not Applicable,Not Applicable,West Of,,False,False,50093,DELMAS AV,HULL AV,37.31691894,-121.8931086
2838,696155,CR-0000099298,0,0,0,0,23-254-9704,False,True,51,8/17/2023 8:00:00 PM,No Pedestrians Involved,Dry,No Unusual Conditions,Dark - Street Light,Unknown,No Controls Present/Factor,Clear,Sideswipe,Non-Related,Other Vehicle,Not Applicable,Not Applicable,East Of,,False,False,73600,HOME ST,SUNOL ST,37.31996861,-121.9057746
2839,699046,CR-0000100352,1,0,0,0,23-195-0845,False,False,528,7/14/2023 9:39:00 PM,No Pedestrians Involved,Dry,No Unusual Conditions,Dark - Street Light,Violation Driver 1,No Controls Present/Factor,Clear,Other,Non-Related,Parked Vehicle,Not Applicable,Not Applicable,East Of,,False,True,73600,HOME ST,SUNOL ST,37.31996861,-121.9057746
2840,681265,CR-0000090651,0,0,0,0,22-007-0704,False,False,60,1/7/2022 7:18:00 PM,No Pedestrians Involved,Dry,No Unusual Conditions,Dark - Street Light,Violation Driver 1,No Controls Present/Factor,Clear,Sideswipe,Non-Related,Parked Vehicle,Not Applicable,Not Applicable,West Of,,False,False,63293,FOXWORTHY AV,GRIZILO DR,37.26997774,-121.9085481
2841,715988,CR-0000101927,0,0,0,0,23-222-0913,False,False,0,8/10/2023 7:30:00 PM,No Pedestrians Involved,Dry,No Unusual Conditions,Dark - Street Light,Violation Driver 1,No Controls Present/Factor,Clear,Rear End,Intersection,Parked Vehicle,Not Applicable,Not Applicable,At,,True,True,63293,FOXWORTHY AV,GRIZILO DR,37.26997774,-121.9085481
2842,688863,CR-0000094719,0,0,0,0,22-223-4006,False,True,51,7/8/2022 12:00:00 PM,No Pedestrians Involved,Unknown,Unknown,Daylight,Unknown,Unknown,Unknown,Sideswipe,Non-Related,Parked Vehicle,Not Applicable,Not Applicable,North Of,,False,True,51480,DON AV,GRIZILO DR,37.27077712,-121.9090218
2843,711865,CR-0000101074,0,0,0,0,23-297-0021,False,False,88,10/24/2023 1:37:00 AM,No Pedestrians Involved,Dry,No Unusual Conditions,Dark - No Street Light,Violation Driver 1,No Controls Present/Factor,Clear,Sideswipe,Non-Related,Parked Vehicle,Not Applicable,Not Applicable,North Of,,False,True,57232,ENSALMO AV,LAMA WY,37.26967531,-121.904394
2844,688786,CR-0000094630,0,0,0,0,22-305-4000,False,True,0,10/31/2022 8:35:00 AM,No Pedestrians Involved,Unknown,Unknown,Daylight,Unknown,Unknown,Unknown,Broadside,Intersection,Other Vehicle,Not Applicable,Not Applicable,At,,False,True,84028,LINCOLN AV,PASCOE AV,37.28915951,-121.8872154
2845,722503,CR-0000103809,0,0,1,0,24-108-0571,False,False,0,4/17/2024 3:46:00 PM,No Pedestrians Involved,Dry,No Unusual Conditions,Daylight,Violation Driver 1,Controls Functioning,Clear,Broadside,Intersection,Motorcycle,Not Applicable,Not Applicable,At,,False,False,84028,LINCOLN AV,PASCOE AV,37.28915951,-121.8872154
2846,683478,CR-0000093074,0,0,0,0,22-217-4003,False,True,0,8/4/2022 7:00:00 PM,No Pedestrians Involved,Unknown,Unknown,Unknown,Unknown,Unknown,Unknown,Broadside,Intersection,Other Vehicle,Not Applicable,Not Applicable,At,,False,False,47420,CURTNER AV,LINCOLN AV,37.28984291,-121.8876904
2847,685235,CR-0000093915,1,1,0,0,22-273-0576,False,False,0,9/30/2022 2:22:00 PM,No Pedestrians Involved,Dry,No Unusual Conditions,Daylight,Violation Driver 1,Controls Functioning,Clear,Sideswipe,Intersection,Other Vehicle,Not Applicable,Not Applicable,At,,False,False,47420,CURTNER AV,LINCOLN AV,37.28984291,-121.8876904
2848,682566,CR-0000092133,2,0,0,0,22-151-0197,False,False,480,5/31/2022 7:34:00 AM,No Pedestrians Involved,Dry,No Unusual Conditions,Daylight,Violation Driver 1,Controls Functioning,Clear,Broadside,Non-Related,Other Vehicle,Not Applicable,Not Applicable,East Of,,False,False,47420,CURTNER AV,LINCOLN AV,37.28984291,-121.8876904
2849,699049,CR-0000100355,0,1,0,0,23-183-0047,False,False,0,7/2/2023 12:32:00 AM,No Pedestrians Involved,Dry,No Unusual Conditions,Dark - Street Light,Violation Driver 1,Controls Functioning,Clear,Broadside,Intersection,Parked Vehicle,Not Applicable,Not Applicable,At,,False,True,47420,CURTNER AV,LINCOLN AV,37.28984291,-121.8876904
2850,694513,CR-0000098507,1,0,0,0,23-165-0651,False,False,,6/14/2023 5:00:00 PM,No Pedestrians Involved,Dry,No Unusual Conditions,Daylight,Violation Driver 1,Controls Functioning,Clear,Rear End,Related,Other Vehicle,Not Applicable,Not Applicable,North Of,,True,True,47420,CURTNER AV,LINCOLN AV,37.28984291,-121.8876904
2851,694421,CR-0000098384,1,0,0,0,23-156-0631,False,False,0,6/5/2023 3:19:00 PM,No Pedestrians Involved,Dry,No Unusual Conditions,Daylight,Violation Driver 1,Controls Functioning,Clear,Sideswipe,Intersection,Other Vehicle,Not Applicable,Not Applicable,At,,False,False,47420,CURTNER AV,LINCOLN AV,37.28984291,-121.8876904
2852,694407,CR-0000098361,0,1,0,0,23-171-0279,False,False,0,6/20/2023 9:09:00 AM,No Pedestrians Involved,Dry,No Unusual Conditions,Daylight,Violation Driver 1,Controls Functioning,Clear,Vehicle/Bike,Intersection,Bike,Not Applicable,Not Applicable,At,BIKE,False,False,47420,CURTNER AV,LINCOLN AV,37.28984291,-121.8876904
2853,722239,CR-0000103505,0,0,0,0,24-083-0497,False,False,0,3/23/2024 2:59:00 PM,No Pedestrians Involved,Wet,No Unusual Conditions,Daylight,Violation Driver 1,Controls Functioning,Clear,Broadside,Intersection,Other Vehicle,Not Applicable,Not Applicable,At,,False,True,47420,CURTNER AV,LINCOLN AV,37.28984291,-121.8876904
2854,711866,CR-0000101294,0,0,0,0,23-236-0241,False,False,80,8/24/2023 8:15:00 AM,No Pedestrians Involved,Dry,No Unusual Conditions,Daylight,Violation Driver 1,Controls Functioning,Clear,Rear End,Non-Related,Other Vehicle,Not Applicable,Not Applicable,West Of,,True,True,47420,CURTNER AV,LINCOLN AV,37.28984291,-121.8876904
2855,699471,CR-0000100813,0,0,0,0,23-198-4001,False,True,,7/14/2023 2:31:00 PM,No Pedestrians Involved,Unknown,Unknown,Unknown,Unknown,Unknown,Unknown,Rear End,Related,Other Vehicle,Not Applicable,Not Applicable,Unknown,,False,False,47420,CURTNER AV,LINCOLN AV,37.28984291,-121.8876904
2856,716310,CR-0000102268,0,1,0,0,24-055-0758,False,False,0,2/24/2024 6:30:00 PM,No Pedestrians Involved,Dry,No Unusual Conditions,Dark - Street Light,Violation Driver 1,No Controls Present/Factor,Clear,Overturned,Intersection,Non-Collision,Not Applicable,Not Applicable,At,E.SCOOTER,True,False,47420,CURTNER AV,LINCOLN AV,37.28984291,-121.8876904
2857,722128,CR-0000103393,0,0,0,0,24-070-4012,False,True,51,3/10/2024 12:20:00 PM,No Pedestrians Involved,Unknown,Unknown,Unknown,Unknown,Unknown,Unknown,Rear End,Non-Related,Other Vehicle,Not Applicable,Not Applicable,East Of,,False,False,47420,CURTNER AV,LINCOLN AV,37.28984291,-121.8876904
2858,691063,CR-0000097236,2,0,0,0,23-054-0618,False,False,80,2/23/2023 5:00:00 PM,No Pedestrians Involved,Dry,No Unusual Conditions,Daylight,Violation Driver 1,Controls Functioning,Clear,Rear End,Non-Related,Other Vehicle,Not Applicable,Not Applicable,South Of,,True,False,83863,LINCOLN AV,LINCOLN CT,37.29155238,-121.8888431
2859,689090,CR-0000094953,1,0,0,0,22-294-0161,False,False,21,10/21/2022 8:13:00 AM,Crossing In Crosswalk - At Intersection,Dry,No Unusual Conditions,Daylight,Violation Driver 1,Controls Functioning,Clear,Vehicle/Pedestrian,Related,Pedestrian,West,East,North Of,PEDESTRIAN,False,False,87185,MALONE RD,RADIO AV,37.29267364,-121.8918676
2860,696163,CR-0000099306,0,0,0,0,23-026-4002,False,True,51,1/26/2023 8:35:00 AM,No Pedestrians Involved,Unknown,Unknown,Daylight,Unknown,No Controls Present/Factor,Unknown,Other,Non-Related,Unknown,Not Applicable,Not Applicable,Unknown,,False,False,87185,MALONE RD,RADIO AV,37.29267364,-121.8918676
2861,688888,CR-0000094748,0,0,1,0,22-276-0661,False,False,0,10/3/2022 4:36:00 PM,No Pedestrians Involved,Dry,No Unusual Conditions,Daylight,Bike At Fault,No Controls Present/Factor,Clear,Vehicle/Bike,Intersection,Bike,Not Applicable,Not Applicable,At,BIKE,False,False,80574,KOCH LN,MERIDIAN AV,37.27217102,-121.9067161
2862,684991,CR-0000093648,0,0,0,0,22-221-0551,True,False,0,8/9/2022 2:00:00 PM,No Pedestrians Involved,Dry,No Unusual Conditions,Daylight,Violation Driver 1,No Controls Present/Factor,Clear,Hit Object,Intersection,Fixed Object,Not Applicable,Not Applicable,At,"STOP SIGN, HYDRANT",False,False,80574,KOCH LN,MERIDIAN AV,37.27217102,-121.9067161
2863,682107,CR-0000091635,0,0,0,0,22-034-9707,False,True,51,1/18/2022 8:00:00 PM,No Pedestrians Involved,Unknown,Unknown,Unknown,Unknown,Unknown,Unknown,Sideswipe,Non-Related,Other Vehicle,Not Applicable,Not Applicable,Unknown,,False,True,37168,CHECKERS DR,SCHULTE DR,37.36298459,-121.8605199
2864,681347,CR-0000090733,0,0,0,0,22-015-4000,False,True,51,1/14/2022 9:55:00 PM,No Pedestrians Involved,Unknown,Unknown,Unknown,Unknown,Unknown,Unknown,Sideswipe,Non-Related,Parked Vehicle,Not Applicable,Not Applicable,South Of,,False,False,37168,CHECKERS DR,SCHULTE DR,37.36298459,-121.8605199
2865,694365,CR-0000098309,1,0,0,0,23-163-0387,False,False,291,6/12/2023 11:51:00 AM,No Pedestrians Involved,Dry,No Unusual Conditions,Daylight,Violation Driver 1,No Controls Present/Factor,Clear,Head On,Non-Related,Parked Vehicle,Not Applicable,Not Applicable,East Of,,True,False,37168,CHECKERS DR,SCHULTE DR,37.36298459,-121.8605199
2866,690276,CR-0000096368,0,0,0,0,22-244-9709,False,True,51,9/1/2022 9:32:00 AM,No Pedestrians Involved,Dry,No Unusual Conditions,Daylight,Unknown,No Controls Present/Factor,Unknown,Rear End,Non-Related,Parked Vehicle,Not Applicable,Not Applicable,South Of,,False,False,37168,CHECKERS DR,SCHULTE DR,37.36298459,-121.8605199
2867,690059,CR-0000096142,0,0,0,0,22-330-0031,False,False,32,11/26/2022 12:21:00 AM,No Pedestrians Involved,Dry,No Unusual Conditions,Dark - Street Light,Violation Driver 1,Unknown,Clear,Hit Object,Related,Fixed Object,Not Applicable,Not Applicable,North Of,,False,True,54526,EDUCATIONAL PARK DR,MCKEE RD,37.36208993,-121.8548068
2868,696236,CR-0000099382,0,0,0,0,23-116-9711,False,True,0,4/26/2023 8:00:00 AM,No Pedestrians Involved,Unknown,No Unusual Conditions,Daylight,Unknown,No Controls Present/Factor,Clear,Rear End,Intersection,Other Vehicle,Not Applicable,Not Applicable,At,,False,False,54526,EDUCATIONAL PARK DR,MCKEE RD,37.36208993,-121.8548068
2869,698977,CR-0000100279,1,0,0,0,23-272-0647,False,False,0,9/29/2023 4:57:00 PM,No Pedestrians Involved,Dry,Unknown,Daylight,Violation Driver 1,No Controls Present/Factor,Cloudy,Vehicle/Bike,Intersection,Bike,Not Applicable,Not Applicable,At,bike,True,False,54526,EDUCATIONAL PARK DR,MCKEE RD,37.36208993,-121.8548068
2870,688801,CR-0000094647,0,0,0,0,22-304-4006,False,True,51,10/30/2022 4:35:00 AM,No Pedestrians Involved,Unknown,Unknown,Unknown,Unknown,Unknown,Unknown,Sideswipe,Non-Related,Unknown,Not Applicable,Not Applicable,South Of,,False,True,54560,EDUCATIONAL PARK DR,RYEGATE CT,37.36317568,-121.8558802
2871,698768,CR-0000100049,1,0,0,0,23-359-0373,False,False,30,12/25/2023 1:12:00 PM,No Pedestrians Involved,Dry,No Unusual Conditions,Daylight,Violation Driver 1,Controls Functioning,Clear,Sideswipe,Related,Other Vehicle,Not Applicable,Not Applicable,South Of,,False,True,54560,EDUCATIONAL PARK DR,RYEGATE CT,37.36317568,-121.8558802
2872,719581,CR-0000102737,0,0,0,0,24-001-4004,False,True,51,1/1/2024 12:00:00 PM,No Pedestrians Involved,Unknown,Unknown,Unknown,Unknown,Unknown,Unknown,Sideswipe,Non-Related,Parked Vehicle,Not Applicable,Not Applicable,South Of,,False,False,54560,EDUCATIONAL PARK DR,RYEGATE CT,37.36317568,-121.8558802
2873,681693,CR-0000091090,4,1,0,0,22-071-0944,False,False,0,3/12/2022 10:33:00 PM,No Pedestrians Involved,Dry,No Unusual Conditions,Dark - Street Light,Violation Driver 1,Controls Functioning,Clear,Head On,Intersection,Other Vehicle,Not Applicable,Not Applicable,At,,False,False,37113,CHECKERS DR,MCKEE RD,37.36012601,-121.8577023
2874,683411,CR-0000093004,0,0,0,0,22-148-0172,False,False,188,5/28/2022 3:24:00 AM,No Pedestrians Involved,Dry,No Unusual Conditions,Dark - Street Light,Violation Driver 1,No Controls Present/Factor,Clear,Rear End,Non-Related,Other Vehicle,Not Applicable,Not Applicable,East Of,,True,True,37113,CHECKERS DR,MCKEE RD,37.36012601,-121.8577023
2875,696005,CR-0000099140,0,0,0,0,23-232-4005,False,True,51,8/18/2023 8:20:00 AM,No Pedestrians Involved,Unknown,Unknown,Unknown,Unknown,Unknown,Unknown,Rear End,Non-Related,Other Vehicle,Not Applicable,Not Applicable,West Of,,False,False,37113,CHECKERS DR,MCKEE RD,37.36012601,-121.8577023
2876,692396,CR-0000097679,1,1,0,0,23-080-0333,False,False,30,3/21/2023 11:41:00 AM,No Pedestrians Involved,Wet,No Unusual Conditions,Daylight,Violation Driver 1,Unknown,Rain,Head On,Related,Other Vehicle,Not Applicable,Not Applicable,South Of,,False,False,37113,CHECKERS DR,MCKEE RD,37.36012601,-121.8577023
2877,719805,CR-0000102978,0,0,0,0,24-036-4002,False,True,51,2/4/2024 6:20:00 PM,No Pedestrians Involved,Unknown,Unknown,Unknown,Unknown,Unknown,Unknown,Hit Object,Non-Related,Fixed Object,Not Applicable,Not Applicable,Unknown,TREE,False,False,37113,CHECKERS DR,MCKEE RD,37.36012601,-121.8577023
2878,716217,CR-0000102190,1,0,0,0,24-039-0897,False,False,51,2/8/2024 8:10:00 PM,No Pedestrians Involved,Dry,No Unusual Conditions,Dark - Street Light,Violation Driver 1,Controls Functioning,Clear,Sideswipe,Non-Related,Fixed Object,Not Applicable,Not Applicable,Unknown,,False,False,37113,CHECKERS DR,MCKEE RD,37.36012601,-121.8577023
2879,720891,CR-0000103094,0,0,0,0,24-045-0579,False,False,483,2/14/2024 3:49:00 PM,No Pedestrians Involved,Unknown,No Unusual Conditions,Daylight,Violation Driver 2,Unknown,Unknown,Rear End,Non-Related,Other Vehicle,Not Applicable,Not Applicable,West Of,,False,True,37113,CHECKERS DR,MCKEE RD,37.36012601,-121.8577023
2880,683313,CR-0000092899,0,0,0,0,22-135-0863,False,False,259,5/15/2022 10:26:00 PM,No Pedestrians Involved,Dry,No Unusual Conditions,Dark - Street Light,Violation Driver 1,No Controls Present/Factor,Clear,Sideswipe,Non-Related,Parked Vehicle,Not Applicable,Not Applicable,South Of,,False,True,55406,EL RANCHO VERDE DR,PALACIO VERDE CT,37.36002304,-121.8529476
2881,684775,CR-0000093474,0,1,0,0,22-193-0157,False,False,0,7/12/2022 7:05:00 AM,Crossing - Not In Crosswalk,Dry,No Unusual Conditions,Daylight,Unknown,No Controls Present/Factor,Clear,Vehicle/Pedestrian,Intersection,Pedestrian,South,North,At,PED,False,False,55406,EL RANCHO VERDE DR,PALACIO VERDE CT,37.36002304,-121.8529476
2882,696473,CR-0000099650,2,0,0,0,23-318-0413,False,False,102,11/14/2023 12:48:00 PM,No Pedestrians Involved,Dry,No Unusual Conditions,Daylight,Violation Driver 1,Controls Functioning,Clear,Broadside,Non-Related,Other Vehicle,Not Applicable,Not Applicable,South Of,,False,False,55406,EL RANCHO VERDE DR,PALACIO VERDE CT,37.36002304,-121.8529476
2883,694448,CR-0000098413,1,0,0,0,23-153-0989,True,False,286,6/2/2023 10:20:00 PM,No Pedestrians Involved,Dry,No Unusual Conditions,Dark - Street Light,Violation Driver 1,No Controls Present/Factor,Clear,Sideswipe,Non-Related,Parked Vehicle,Not Applicable,Not Applicable,East Of,,False,False,55406,EL RANCHO VERDE DR,PALACIO VERDE CT,37.36002304,-121.8529476
2884,682876,CR-0000092458,0,0,0,0,22-181-4005,False,False,51,6/30/2022 2:30:00 PM,No Pedestrians Involved,Unknown,Unknown,Daylight,Unknown,Unknown,Unknown,Rear End,Non-Related,Parked Vehicle,Not Applicable,Not Applicable,North Of,,False,False,10955,AVENIDA DE COBRE,EL RANCHO VERDE DR,37.36035574,-121.8541556
2885,685189,CR-0000093867,1,0,0,0,22-241-0793,False,False,51,8/29/2022 5:49:00 PM,No Pedestrians Involved,Dry,No Unusual Conditions,Daylight,Violation Driver 1,Controls Functioning,Clear,Head On,Non-Related,Parked Vehicle,Not Applicable,Not Applicable,South Of,Fence and Residence,False,True,79738,KING RD,WILSHIRE BL,37.35517845,-121.8579719
2886,699352,CR-0000100679,0,0,0,0,23-224-4006,False,True,51,8/12/2023 6:05:00 PM,No Pedestrians Involved,Unknown,Unknown,Unknown,Unknown,Unknown,Unknown,Other,Non-Related,Other Vehicle,Not Applicable,Not Applicable,South Of,,False,False,79738,KING RD,WILSHIRE BL,37.35517845,-121.8579719
2887,688763,CR-0000094598,0,0,0,0,22-238-4002,False,True,0,8/26/2022 8:27:00 AM,No Pedestrians Involved,Unknown,Unknown,Daylight,Unknown,Unknown,Unknown,Other,Intersection,Unknown,Not Applicable,Not Applicable,At,,False,True,8546,ARBOR DR,WILLOW GLEN WY,37.30387366,-121.8845406
2888,685347,CR-0000094073,1,0,1,0,22-268-0335,False,False,0,9/25/2022 9:36:00 AM,No Pedestrians Involved,Dry,No Unusual Conditions,Daylight,Violation Driver 1,No Controls Present/Factor,Cloudy,Rear End,Intersection,Parked Vehicle,Not Applicable,Not Applicable,At,,False,False,43889,COSTA AV,MONTEREY RD,37.30706572,-121.8646165
2889,696352,CR-0000099508,0,0,1,0,23-296-0649,False,False,679,10/23/2023 3:55:00 PM,No Pedestrians Involved,Dry,No Unusual Conditions,Daylight,Bike At Fault,No Controls Present/Factor,Clear,Vehicle/Bike,Non-Related,Bike,Not Applicable,Not Applicable,South Of,E.BIKE,False,False,43889,COSTA AV,MONTEREY RD,37.30706572,-121.8646165
2890,694077,CR-0000098192,0,1,0,0,23-141-0464,False,False,225,5/21/2023 1:50:00 PM,No Pedestrians Involved,Dry,No Unusual Conditions,Daylight,Violation Driver 1,No Controls Present/Factor,Clear,Sideswipe,Non-Related,Motorcycle,Not Applicable,Not Applicable,South Of,,False,False,43889,COSTA AV,MONTEREY RD,37.30706572,-121.8646165
2891,689920,CR-0000095978,1,0,0,0,22-238-9702,False,True,51,8/25/2022 9:13:00 PM,No Pedestrians Involved,Dry,No Unusual Conditions,Dark - Street Light,Unknown,Controls Functioning,Clear,Rear End,Non-Related,Other Vehicle,Not Applicable,Not Applicable,South Of,,False,False,43889,COSTA AV,MONTEREY RD,37.30706572,-121.8646165
2892,689833,CR-0000095859,1,0,0,0,22-346-0677,False,False,306,12/12/2022 4:56:00 PM,No Pedestrians Involved,Dry,No Unusual Conditions,Dark - Street Light,Bike At Fault,No Controls Present/Factor,Clear,Vehicle/Bike,Non-Related,Bike,Not Applicable,Not Applicable,South Of,BIKE,False,False,43889,COSTA AV,MONTEREY RD,37.30706572,-121.8646165
2893,694073,CR-0000098069,0,2,0,0,23-077-0024,False,False,30,3/18/2023 12:30:00 AM,No Pedestrians Involved,Dry,No Unusual Conditions,Dark - Street Light,Violation Driver 1,No Controls Present/Factor,Clear,Overturned,Related,Fixed Object,Not Applicable,Not Applicable,East Of,CURB,False,False,65405,GENEVA ST,NEW JERSEY AV,37.26661003,-121.9253921
2894,695968,CR-0000099102,0,0,0,0,23-224-0944,True,False,548,8/13/2023 12:53:00 AM,No Pedestrians Involved,Dry,No Unusual Conditions,Dark - Street Light,Violation Driver 1,No Controls Present/Factor,Clear,Sideswipe,Non-Related,Parked Vehicle,Not Applicable,Not Applicable,South Of,TREE,False,True,65405,GENEVA ST,NEW JERSEY AV,37.26661003,-121.9253921
2895,691296,CR-0000097541,1,0,0,0,23-060-0716,False,False,0,3/1/2023 6:25:00 PM,Crossing In Crosswalk - At Intersection,Dry,Unknown,Dusk - Dawn,Violation Driver 1,Controls Functioning,Clear,Vehicle/Pedestrian,Intersection,Pedestrian,East,West,At,,False,True,82972,LEIGH AV,SCOTT ST,37.31960788,-121.923812