_id,CrashFactId,Name,MinorInjuries,ModerateInjuries,SevereInjuries,FatalInjuries,TcrNumber,CityDamageFlag,ShortFormFlag,Distance,CrashDateTime,PedestrianAction,RoadwaySurface,RoadwayCondition,Lighting,PrimaryCollisionFactor,TrafficControl,Weather,CollisionType,ProximityToIntersection,VehicleInvolvedWith,PedestrianDirectionFrom,PedestrianDirectionTo,DirectionFromIntersection,Comment,SpeedingFlag,HitAndRunFlag,IntersectionNumber,AStreetName,BStreetName,Latitude,Longitude
2896,711632,CR-0000101132,0,0,0,0,23-298-0581,False,False,95,10/25/2023 3:45:00 PM,No Pedestrians Involved,Dry,No Unusual Conditions,Daylight,Violation Driver 1,No Controls Present/Factor,Clear,Hit Object,Non-Related,Fixed Object,Not Applicable,Not Applicable,North Of,,True,True,53448,EARL AV,LINCOLN AV,37.3227344,-121.908618
2897,684737,CR-0000093351,0,0,0,0,22-182-0331,True,False,100,7/1/2022 10:42:00 AM,No Pedestrians Involved,Dry,No Unusual Conditions,Daylight,Violation Driver 1,No Controls Present/Factor,Clear,Hit Object,Non-Related,Fixed Object,Not Applicable,Not Applicable,North Of,Light Pole,True,False,71554,HEDDING ST,SECOND ST,37.35387662,-121.9023317
2898,688983,CR-0000094842,0,0,0,0,22-299-0261,False,False,46,10/26/2022 9:41:00 AM,No Pedestrians Involved,Dry,No Unusual Conditions,Daylight,Violation Driver 1,Unknown,Clear,Head On,Related,Parked Vehicle,Not Applicable,Not Applicable,North Of,TRANSIENT,True,False,71554,HEDDING ST,SECOND ST,37.35387662,-121.9023317
2899,682607,CR-0000092174,1,0,0,0,22-123-0610,False,False,98,5/3/2022 3:54:00 PM,No Pedestrians Involved,Dry,No Unusual Conditions,Daylight,Violation Driver 1,No Controls Present/Factor,Clear,Rear End,Non-Related,Other Vehicle,Not Applicable,Not Applicable,East Of,,True,False,71554,HEDDING ST,SECOND ST,37.35387662,-121.9023317
2900,692511,CR-0000097800,2,0,0,0,23-071-0320,False,False,0,3/12/2023 11:53:00 AM,No Pedestrians Involved,Wet,No Unusual Conditions,Daylight,Violation Driver 1,Controls Functioning,Rain,Broadside,Intersection,Other Vehicle,Not Applicable,Not Applicable,At,,False,False,71554,HEDDING ST,SECOND ST,37.35387662,-121.9023317
2901,689489,CR-0000095466,3,0,0,0,22-357-0550,False,False,0,12/23/2022 4:15:00 PM,No Pedestrians Involved,Dry,No Unusual Conditions,Daylight,Violation Driver 1,No Controls Present/Factor,Clear,Broadside,Intersection,Other Vehicle,Not Applicable,Not Applicable,At,,False,False,71554,HEDDING ST,SECOND ST,37.35387662,-121.9023317
2902,699015,CR-0000100320,0,1,0,0,23-313-0595,False,False,0,11/9/2023 5:14:00 PM,No Pedestrians Involved,Dry,No Unusual Conditions,Dark - Street Light,Violation Driver 1,Unknown,Clear,Vehicle/Bike,Intersection,Bike,Not Applicable,Not Applicable,At,BIKE,True,False,71554,HEDDING ST,SECOND ST,37.35387662,-121.9023317
2903,689804,CR-0000095830,1,0,0,0,22-182-0703,False,False,0,7/1/2022 5:52:00 PM,No Pedestrians Involved,Dry,No Unusual Conditions,Daylight,Violation Driver 1,No Controls Present/Factor,Clear,Rear End,Intersection,Other Vehicle,Not Applicable,Not Applicable,At,,True,True,108020,SECOND ST,TAYLOR ST,37.34959314,-121.8991404
2904,694028,CR-0000097928,1,0,0,0,23-109-0170,False,False,0,4/19/2023 8:06:00 AM,No Pedestrians Involved,Dry,No Unusual Conditions,Daylight,Violation Driver 1,No Controls Present/Factor,Clear,Other,Intersection,Other Vehicle,Not Applicable,Not Applicable,At,,False,False,108020,SECOND ST,TAYLOR ST,37.34959314,-121.8991404
2905,716298,CR-0000102303,3,0,0,0,24-058-0713,False,False,0,2/27/2024 5:54:00 PM,No Pedestrians Involved,Dry,No Unusual Conditions,Daylight,Violation Driver 1,No Controls Present/Factor,Clear,Broadside,Intersection,Other Vehicle,Not Applicable,Not Applicable,At,,False,False,108020,SECOND ST,TAYLOR ST,37.34959314,-121.8991404
2906,694571,CR-0000098595,0,0,1,0,23-201-0217,True,False,26,7/20/2023 8:42:00 AM,No Pedestrians Involved,Dry,No Unusual Conditions,Daylight,Violation Driver 1,Controls Functioning,Clear,Hit Object,Related,Fixed Object,Not Applicable,Not Applicable,North Of,CURB,True,False,91871,MISSION ST,SECOND ST,37.35173442,-121.9007365
2907,681909,CR-0000091401,2,1,0,0,22-047-0309,False,False,0,2/16/2022 9:30:00 AM,No Pedestrians Involved,Dry,No Unusual Conditions,Daylight,Violation Driver 1,No Controls Present/Factor,Clear,Broadside,Intersection,Other Vehicle,Not Applicable,Not Applicable,At,,False,False,11549,AYER AV,SAN PEDRO ST,37.34438805,-121.8997919
2908,689627,CR-0000095608,0,0,0,0,22-364-0208,True,False,22,12/30/2022 9:20:00 AM,No Pedestrians Involved,Dry,No Unusual Conditions,Daylight,Violation Driver 1,Controls Functioning,Cloudy,Hit Object,Related,Fixed Object,Not Applicable,Not Applicable,South Of,light pole,True,False,11549,AYER AV,SAN PEDRO ST,37.34438805,-121.8997919
2909,682056,CR-0000091580,0,0,0,0,22-088-4000,False,True,,3/29/2022 11:45:00 AM,No Pedestrians Involved,Unknown,Unknown,Daylight,Unknown,Unknown,Unknown,Rear End,Related,Other Vehicle,Not Applicable,Not Applicable,Unknown,,False,False,71499,HEDDING ST,OAKLAND RD/13TH ST,37.35929896,-121.8909065
2910,681187,CR-0000090575,0,1,0,0,22-002-0482,False,False,71,1/2/2022 3:49:00 PM,No Pedestrians Involved,Dry,No Unusual Conditions,Daylight,Violation Driver 1,Controls Functioning,Clear,Broadside,Non-Related,Other Vehicle,Not Applicable,Not Applicable,East Of,,False,False,71499,HEDDING ST,OAKLAND RD/13TH ST,37.35929896,-121.8909065
2911,683050,CR-0000092623,0,0,0,0,22-165-9701,False,True,0,6/13/2022 11:45:00 AM,No Pedestrians Involved,Dry,No Unusual Conditions,Daylight,Violation Driver 1,Controls Functioning,Clear,Sideswipe,Intersection,Other Vehicle,Not Applicable,Not Applicable,At,,False,False,71499,HEDDING ST,OAKLAND RD/13TH ST,37.35929896,-121.8909065
2912,694202,CR-0000098009,0,0,0,0,23-105-0126,True,False,0,4/15/2023 3:36:00 AM,No Pedestrians Involved,Dry,No Unusual Conditions,Dark - Street Light,Violation Driver 1,Controls Functioning,Clear,Hit Object,Intersection,Fixed Object,Not Applicable,Not Applicable,At,LIGHTPOLE,False,False,71499,HEDDING ST,OAKLAND RD/13TH ST,37.35929896,-121.8909065
2913,694313,CR-0000098257,1,0,0,0,23-178-0186,False,False,30,6/27/2023 7:17:00 AM,No Pedestrians Involved,Dry,No Unusual Conditions,Daylight,Violation Driver 1,Controls Functioning,Clear,Rear End,Related,Other Vehicle,Not Applicable,Not Applicable,South Of,,True,False,71499,HEDDING ST,OAKLAND RD/13TH ST,37.35929896,-121.8909065
2914,696055,CR-0000099190,0,0,0,0,23-033-4008,False,True,,2/2/2023 6:00:00 PM,No Pedestrians Involved,Unknown,Unknown,Unknown,Unknown,Unknown,Unknown,Rear End,Related,Other Vehicle,Not Applicable,Not Applicable,Unknown,,False,False,71499,HEDDING ST,OAKLAND RD/13TH ST,37.35929896,-121.8909065
2915,696284,CR-0000099440,1,0,0,0,23-290-0408,False,False,26,10/17/2023 12:12:00 PM,No Pedestrians Involved,Dry,No Unusual Conditions,Daylight,Violation Driver 1,Controls Functioning,Clear,Rear End,Related,Other Vehicle,Not Applicable,Not Applicable,South Of,,True,False,71499,HEDDING ST,OAKLAND RD/13TH ST,37.35929896,-121.8909065
2916,699074,CR-0000100380,0,0,0,0,23-234-9701,False,True,51,8/20/2023 6:21:00 PM,No Pedestrians Involved,Dry,Obstruction On Roadway,Dusk - Dawn,Unknown,Controls Functioning,Clear,Rear End,Non-Related,Other Vehicle,Not Applicable,Not Applicable,North Of,,False,False,71499,HEDDING ST,OAKLAND RD/13TH ST,37.35929896,-121.8909065
2917,718482,CR-0000102570,1,0,0,0,24-061-0362,False,False,0,3/1/2024 12:30:00 PM,No Pedestrians Involved,Dry,No Unusual Conditions,Daylight,Violation Driver 1,Controls Functioning,Cloudy,Broadside,Intersection,Other Vehicle,Not Applicable,Not Applicable,At,,False,False,71499,HEDDING ST,OAKLAND RD/13TH ST,37.35929896,-121.8909065
2918,722312,CR-0000103606,0,0,0,0,24-090-0094,False,False,0,3/30/2024 2:18:00 AM,No Pedestrians Involved,Wet,No Unusual Conditions,Dark - Street Light,Violation Driver 1,Controls Functioning,Clear,Sideswipe,Intersection,Other Vehicle,Not Applicable,Not Applicable,At,,False,True,71499,HEDDING ST,OAKLAND RD/13TH ST,37.35929896,-121.8909065
2919,683568,CR-0000093174,0,0,0,0,22-207-0089,False,False,27,7/26/2022 2:37:00 AM,No Pedestrians Involved,Dry,No Unusual Conditions,Dark - Street Light,Violation Driver 1,Controls Functioning,Clear,Head On,Related,Fixed Object,Not Applicable,Not Applicable,North Of,Signal Pole,False,True,47497,CURTNER AV/TULLY RD,MONTEREY RD,37.30359396,-121.8611779
2920,684865,CR-0000093548,0,0,0,0,22-202-0228,False,False,245,7/21/2022 8:00:00 AM,No Pedestrians Involved,Dry,No Unusual Conditions,Daylight,Violation Driver 1,No Controls Present/Factor,Clear,Rear End,Non-Related,Other Vehicle,Not Applicable,Not Applicable,South Of,,False,False,47497,CURTNER AV/TULLY RD,MONTEREY RD,37.30359396,-121.8611779
2921,688950,CR-0000094809,0,1,0,0,22-286-0457,False,False,93,10/13/2022 1:24:00 PM,No Pedestrians Involved,Dry,No Unusual Conditions,Daylight,Violation Driver 1,No Controls Present/Factor,Clear,Vehicle/Bike,Non-Related,Bike,Not Applicable,Not Applicable,South Of,BICYCLIST,True,False,47497,CURTNER AV/TULLY RD,MONTEREY RD,37.30359396,-121.8611779
2922,689213,CR-0000095116,0,1,0,0,22-304-0872,True,False,325,10/31/2022 8:26:00 PM,No Pedestrians Involved,Dry,No Unusual Conditions,Dark - Street Light,Violation Driver 1,No Controls Present/Factor,Clear,Hit Object,Non-Related,Fixed Object,Not Applicable,Not Applicable,West Of,CENTER MEDIAN,False,False,47497,CURTNER AV/TULLY RD,MONTEREY RD,37.30359396,-121.8611779
2923,688834,CR-0000094689,0,0,0,0,22-292-0033,True,False,680,10/19/2022 12:53:00 AM,No Pedestrians Involved,Dry,No Unusual Conditions,Dark - Street Light,Violation Driver 1,No Controls Present/Factor,Clear,Hit Object,Non-Related,Fixed Object,Not Applicable,Not Applicable,East Of,STREETLIGHT,False,False,47497,CURTNER AV/TULLY RD,MONTEREY RD,37.30359396,-121.8611779
2924,689538,CR-0000095515,1,0,0,0,22-343-0928,False,False,833,12/10/2022 7:15:00 AM,No Pedestrians Involved,Dry,No Unusual Conditions,Dark - Street Light,Violation Driver 1,No Controls Present/Factor,Cloudy,Vehicle/Bike,Non-Related,Bike,Not Applicable,Not Applicable,East Of,BIKE,False,True,47497,CURTNER AV/TULLY RD,MONTEREY RD,37.30359396,-121.8611779
2925,689273,CR-0000095225,0,0,0,0,22-295-0345,False,False,0,10/22/2022 11:52:00 AM,No Pedestrians Involved,Dry,No Unusual Conditions,Daylight,Violation Driver 1,Controls Functioning,Clear,Broadside,Intersection,Other Vehicle,Not Applicable,Not Applicable,At,,False,True,47497,CURTNER AV/TULLY RD,MONTEREY RD,37.30359396,-121.8611779
2926,682040,CR-0000091551,0,0,0,0,22-007-0685,False,False,51,1/7/2022 6:52:00 PM,No Pedestrians Involved,Dry,No Unusual Conditions,Dark - Street Light,Violation Driver 1,No Controls Present/Factor,Clear,Rear End,Non-Related,Other Vehicle,Not Applicable,Not Applicable,West Of,,True,False,47497,CURTNER AV/TULLY RD,MONTEREY RD,37.30359396,-121.8611779
2927,681487,CR-0000090877,2,0,0,0,22-034-0844,False,False,50,2/3/2022 6:34:00 PM,No Pedestrians Involved,Dry,No Unusual Conditions,Dark - Street Light,Violation Driver 1,Controls Functioning,Clear,Sideswipe,Related,Other Vehicle,Not Applicable,Not Applicable,South Of,,True,False,47497,CURTNER AV/TULLY RD,MONTEREY RD,37.30359396,-121.8611779
2928,681559,CR-0000090956,1,0,0,0,22-041-0354,False,False,0,2/10/2022 10:33:00 AM,No Pedestrians Involved,Dry,No Unusual Conditions,Daylight,Violation Driver 1,No Controls Present/Factor,Clear,Rear End,Intersection,Other Vehicle,Not Applicable,Not Applicable,At,,False,False,47497,CURTNER AV/TULLY RD,MONTEREY RD,37.30359396,-121.8611779
2929,682073,CR-0000091565,2,0,0,0,22-065-0565,False,False,88,3/6/2022 1:57:00 PM,No Pedestrians Involved,Dry,No Unusual Conditions,Daylight,Violation Driver 1,Controls Functioning,Clear,Head On,Non-Related,Other Vehicle,Not Applicable,Not Applicable,West Of,,True,False,47497,CURTNER AV/TULLY RD,MONTEREY RD,37.30359396,-121.8611779
2930,681842,CR-0000091260,0,0,0,0,22-074-9707,False,True,51,3/12/2022 2:00:00 PM,No Pedestrians Involved,Dry,Unknown,Dusk - Dawn,Unknown,Controls Functioning,Clear,Broadside,Non-Related,Other Vehicle,Not Applicable,Not Applicable,South Of,,False,False,47497,CURTNER AV/TULLY RD,MONTEREY RD,37.30359396,-121.8611779
2931,683098,CR-0000092711,0,0,0,0,22-045-9705,False,True,0,2/14/2022 9:50:00 PM,No Pedestrians Involved,Dry,No Unusual Conditions,Daylight,Unknown,Controls Functioning,Clear,Sideswipe,Intersection,Other Vehicle,Not Applicable,Not Applicable,At,,False,False,47497,CURTNER AV/TULLY RD,MONTEREY RD,37.30359396,-121.8611779
2932,689605,CR-0000095586,2,0,0,0,22-124-0665,False,False,490,5/4/2022 5:30:00 PM,No Pedestrians Involved,Dry,No Unusual Conditions,Daylight,Violation Driver 1,No Controls Present/Factor,Clear,Rear End,Non-Related,Other Vehicle,Not Applicable,Not Applicable,West Of,,True,True,47497,CURTNER AV/TULLY RD,MONTEREY RD,37.30359396,-121.8611779
2933,683181,CR-0000092746,0,0,0,0,22-185-4002,False,True,51,5/4/2022 5:20:00 PM,No Pedestrians Involved,Unknown,Unknown,Daylight,Unknown,Unknown,Unknown,Rear End,Non-Related,Other Vehicle,Not Applicable,Not Applicable,West Of,,False,False,47497,CURTNER AV/TULLY RD,MONTEREY RD,37.30359396,-121.8611779
2934,699041,CR-0000100347,0,1,0,0,23-189-0011,False,False,32,7/8/2023 12:06:00 AM,In Road - Includes Shoulder,Dry,No Unusual Conditions,Dark - Street Light,Violation Driver 1,No Controls Present/Factor,Clear,Vehicle/Pedestrian,Related,Pedestrian,No Direction (Not Walking),No Direction (Not Walking),South Of,PED,False,False,47497,CURTNER AV/TULLY RD,MONTEREY RD,37.30359396,-121.8611779
2935,699324,CR-0000100651,0,0,0,0,23-163-9706,False,True,51,6/9/2023 5:00:00 PM,No Pedestrians Involved,Dry,No Unusual Conditions,Daylight,Unknown,Controls Functioning,Cloudy,Rear End,Non-Related,Other Vehicle,Not Applicable,Not Applicable,Unknown,,False,False,47497,CURTNER AV/TULLY RD,MONTEREY RD,37.30359396,-121.8611779
2936,699279,CR-0000100603,0,0,0,0,23-157-9702,False,True,0,6/5/2023 2:00:00 PM,No Pedestrians Involved,Dry,No Unusual Conditions,Daylight,Unknown,Controls Functioning,Clear,Rear End,Intersection,Other Vehicle,Not Applicable,Not Applicable,At,,False,False,47497,CURTNER AV/TULLY RD,MONTEREY RD,37.30359396,-121.8611779
2937,699378,CR-0000100705,0,0,0,0,23-194-4010,False,True,51,7/11/2023 7:41:00 AM,No Pedestrians Involved,Unknown,Unknown,Unknown,Unknown,Unknown,Unknown,Sideswipe,Non-Related,Other Vehicle,Not Applicable,Not Applicable,Unknown,,False,False,47497,CURTNER AV/TULLY RD,MONTEREY RD,37.30359396,-121.8611779
2938,699006,CR-0000100310,1,0,0,0,23-326-0596,False,False,325,11/22/2023 3:23:00 PM,No Pedestrians Involved,Dry,No Unusual Conditions,Daylight,Violation Driver 1,No Controls Present/Factor,Clear,Broadside,Non-Related,Other Vehicle,Not Applicable,Not Applicable,West Of,,False,False,47497,CURTNER AV/TULLY RD,MONTEREY RD,37.30359396,-121.8611779
2939,698812,CR-0000100094,3,0,0,0,23-341-0138,False,False,71,12/7/2023 6:23:00 AM,No Pedestrians Involved,Wet,No Unusual Conditions,Daylight,Violation Driver 1,No Controls Present/Factor,Clear,Broadside,Non-Related,Other Vehicle,Not Applicable,Not Applicable,South Of,,False,False,47497,CURTNER AV/TULLY RD,MONTEREY RD,37.30359396,-121.8611779
2940,698799,CR-0000100080,1,1,0,0,23-351-0026,False,False,0,12/17/2023 12:23:00 AM,No Pedestrians Involved,Dry,No Unusual Conditions,Dark - Street Light,Violation Driver 1,Unknown,Clear,Broadside,Intersection,Other Vehicle,Not Applicable,Not Applicable,At,,True,True,47497,CURTNER AV/TULLY RD,MONTEREY RD,37.30359396,-121.8611779
2941,696312,CR-0000099468,0,1,0,0,23-277-0506,False,False,0,10/4/2023 2:42:00 PM,Crossing In Crosswalk - Not At Intersection,Dry,No Unusual Conditions,Dusk - Dawn,Violation Driver 1,Controls Functioning,Clear,Vehicle/Pedestrian,Intersection,Pedestrian,West,East,At,PED(SOOTER),True,False,47497,CURTNER AV/TULLY RD,MONTEREY RD,37.30359396,-121.8611779
2942,696061,CR-0000099196,0,0,0,0,23-029-4004,False,True,0,1/27/2023 4:07:00 PM,No Pedestrians Involved,Unknown,Unknown,Unknown,Unknown,Unknown,Unknown,Sideswipe,Intersection,Other Vehicle,Not Applicable,Not Applicable,At,,False,False,47497,CURTNER AV/TULLY RD,MONTEREY RD,37.30359396,-121.8611779
2943,695996,CR-0000099131,0,0,0,0,23-216-9702,False,True,51,8/3/2023 2:00:00 PM,No Pedestrians Involved,Dry,No Unusual Conditions,Daylight,Unknown,Controls Functioning,Clear,Rear End,Non-Related,Other Vehicle,Not Applicable,Not Applicable,South Of,,False,False,47497,CURTNER AV/TULLY RD,MONTEREY RD,37.30359396,-121.8611779
2944,695803,CR-0000098868,2,0,0,0,23-271-0792,False,False,462,9/28/2023 7:27:00 PM,No Pedestrians Involved,Dry,No Unusual Conditions,Dark - Street Light,Violation Driver 1,Controls Functioning,Clear,Rear End,Non-Related,Other Vehicle,Not Applicable,Not Applicable,West Of,,True,True,47497,CURTNER AV/TULLY RD,MONTEREY RD,37.30359396,-121.8611779
2945,695859,CR-0000098924,0,0,0,0,23-101-4004,False,True,51,4/7/2023 12:10:00 PM,No Pedestrians Involved,Unknown,Unknown,Unknown,Unknown,Unknown,Unknown,Rear End,Non-Related,Other Vehicle,Not Applicable,Not Applicable,Unknown,,False,False,47497,CURTNER AV/TULLY RD,MONTEREY RD,37.30359396,-121.8611779
2946,694293,CR-0000098201,2,0,0,0,23-145-0910,False,False,144,5/25/2023 9:47:00 PM,No Pedestrians Involved,Dry,No Unusual Conditions,Dark - Street Light,Violation Driver 1,Controls Functioning,Clear,Broadside,Non-Related,Motorcycle,Not Applicable,Not Applicable,West Of,,False,False,47497,CURTNER AV/TULLY RD,MONTEREY RD,37.30359396,-121.8611779
2947,694112,CR-0000097894,1,0,0,0,23-118-0687,True,False,0,4/28/2023 6:07:00 PM,No Pedestrians Involved,Dry,No Unusual Conditions,Daylight,Violation Driver 1,Controls Functioning,Clear,Broadside,Intersection,Other Vehicle,Not Applicable,Not Applicable,At,SAN JOSE POLICE DEPARTMENT,False,False,47497,CURTNER AV/TULLY RD,MONTEREY RD,37.30359396,-121.8611779
2948,694138,CR-0000098121,1,0,0,0,23-125-0579,True,False,90,5/5/2023 3:54:00 PM,No Pedestrians Involved,Wet,No Unusual Conditions,Daylight,Violation Driver 1,Controls Functioning,Rain,Head On,Non-Related,Other Vehicle,Not Applicable,Not Applicable,North Of,MEDIAN FENCE,True,False,47497,CURTNER AV/TULLY RD,MONTEREY RD,37.30359396,-121.8611779
2949,692380,CR-0000097662,3,0,0,0,23-066-0738,False,False,,3/7/2023 6:45:00 PM,No Pedestrians Involved,Dry,No Unusual Conditions,Dark - Street Light,Violation Driver 1,Controls Functioning,Clear,Sideswipe,Related,Other Vehicle,Not Applicable,Not Applicable,East Of,PGE power pole,False,False,47497,CURTNER AV/TULLY RD,MONTEREY RD,37.30359396,-121.8611779
2950,691357,CR-0000097606,0,0,1,0,23-085-0891,False,False,,3/26/2023 11:10:00 PM,No Pedestrians Involved,Dry,No Unusual Conditions,Dark - Street Light,Violation Driver 1,Controls Functioning,Clear,Rear End,Related,Motorcycle,Not Applicable,Not Applicable,North Of,,True,True,47497,CURTNER AV/TULLY RD,MONTEREY RD,37.30359396,-121.8611779
2951,690850,CR-0000096991,1,0,0,0,23-023-0203,False,False,0,1/23/2023 7:33:00 AM,No Pedestrians Involved,Dry,No Unusual Conditions,Daylight,Violation Driver 1,Controls Functioning,Clear,Other,Intersection,Other Vehicle,Not Applicable,Not Applicable,At,,False,False,47497,CURTNER AV/TULLY RD,MONTEREY RD,37.30359396,-121.8611779
2952,689907,CR-0000095935,0,1,0,0,22-362-0820,False,False,51,12/28/2022 10:01:00 PM,No Pedestrians Involved,Wet,No Unusual Conditions,Dark - Street Light,Violation Driver 1,Controls Functioning,Cloudy,Sideswipe,Non-Related,Parked Vehicle,Not Applicable,Not Applicable,East Of,,True,False,47497,CURTNER AV/TULLY RD,MONTEREY RD,37.30359396,-121.8611779
2953,690108,CR-0000096185,0,0,0,0,22-356-0445,False,False,,12/22/2022 1:20:00 PM,No Pedestrians Involved,Dry,No Unusual Conditions,Daylight,Violation Driver 1,Controls Functioning,Clear,Sideswipe,Related,Other Vehicle,Not Applicable,Not Applicable,West Of,,True,False,47497,CURTNER AV/TULLY RD,MONTEREY RD,37.30359396,-121.8611779
2954,690478,CR-0000096588,0,0,0,0,22-345-9705,False,True,0,12/11/2022 11:00:00 AM,No Pedestrians Involved,Wet,No Unusual Conditions,Daylight,Unknown,Controls Functioning,Clear,Rear End,Intersection,Other Vehicle,Not Applicable,Not Applicable,At,,False,False,47497,CURTNER AV/TULLY RD,MONTEREY RD,37.30359396,-121.8611779
2955,690687,CR-0000096822,1,0,1,0,23-016-0107,False,False,121,1/16/2023 3:06:00 AM,No Pedestrians Involved,Dry,No Unusual Conditions,Daylight,Violation Driver 1,No Controls Present/Factor,Clear,Hit Object,Non-Related,Fixed Object,Not Applicable,Not Applicable,South Of,FENCE,True,False,47497,CURTNER AV/TULLY RD,MONTEREY RD,37.30359396,-121.8611779
2956,690748,CR-0000096885,1,0,0,0,23-003-0910,False,False,0,1/3/2023 10:59:00 PM,No Pedestrians Involved,Dry,No Unusual Conditions,Dark - Street Light,Violation Driver 1,Controls Functioning,Clear,Head On,Intersection,Motor Vehicle On Other Roadway,Not Applicable,Not Applicable,At,,False,False,47497,CURTNER AV/TULLY RD,MONTEREY RD,37.30359396,-121.8611779
2957,690792,CR-0000096930,0,0,0,0,23-028-9702,False,True,51,1/19/2023 6:35:00 AM,No Pedestrians Involved,Dry,No Unusual Conditions,Dark - Street Light,Unknown,Controls Functioning,Clear,Sideswipe,Non-Related,Other Vehicle,Not Applicable,Not Applicable,Unknown,,False,False,47497,CURTNER AV/TULLY RD,MONTEREY RD,37.30359396,-121.8611779
2958,689763,CR-0000095784,1,0,0,0,22-170-0218,False,False,0,6/19/2022 4:30:00 AM,No Pedestrians Involved,Dry,No Unusual Conditions,Dark - Street Light,Violation Driver 1,No Controls Present/Factor,Clear,Broadside,Intersection,Other Vehicle,Not Applicable,Not Applicable,At,,False,True,47497,CURTNER AV/TULLY RD,MONTEREY RD,37.30359396,-121.8611779
2959,690271,CR-0000096363,0,0,0,0,22-263-4007,False,True,0,9/20/2022 7:36:00 PM,No Pedestrians Involved,Unknown,Unknown,Unknown,Unknown,Unknown,Unknown,Rear End,Intersection,Other Vehicle,Not Applicable,Not Applicable,At,,False,False,47497,CURTNER AV/TULLY RD,MONTEREY RD,37.30359396,-121.8611779
2960,722506,CR-0000103820,0,0,0,0,24-108-0612,False,False,170,4/17/2024 4:35:00 PM,No Pedestrians Involved,Dry,No Unusual Conditions,Daylight,Violation Driver 1,No Controls Present/Factor,Clear,Rear End,Non-Related,Other Vehicle,Not Applicable,Not Applicable,East Of,,True,False,47497,CURTNER AV/TULLY RD,MONTEREY RD,37.30359396,-121.8611779
2961,722189,CR-0000103455,0,0,0,0,24-085-4006,False,True,51,3/16/2024 6:30:00 PM,No Pedestrians Involved,Unknown,Unknown,Unknown,Unknown,Unknown,Unknown,Rear End,Non-Related,Other Vehicle,Not Applicable,Not Applicable,Unknown,,False,False,47497,CURTNER AV/TULLY RD,MONTEREY RD,37.30359396,-121.8611779
2962,716261,CR-0000102220,1,0,0,0,24-053-0950,False,False,0,2/22/2024 11:42:00 PM,No Pedestrians Involved,Dry,No Unusual Conditions,Dark - Street Light,Violation Driver 1,Controls Functioning,Clear,Rear End,Intersection,Other Vehicle,Not Applicable,Not Applicable,At,,True,True,47497,CURTNER AV/TULLY RD,MONTEREY RD,37.30359396,-121.8611779
2963,719815,CR-0000102988,0,0,0,0,24-037-9702,False,True,0,2/5/2024 5:15:00 PM,No Pedestrians Involved,Wet,No Unusual Conditions,Daylight,Unknown,Controls Not Functioning,Clear,Rear End,Intersection,Other Vehicle,Not Applicable,Not Applicable,At,,False,False,47497,CURTNER AV/TULLY RD,MONTEREY RD,37.30359396,-121.8611779
2964,719769,CR-0000102942,2,0,0,0,24-023-0708,False,False,33,1/23/2024 5:41:00 PM,No Pedestrians Involved,Unknown,No Unusual Conditions,Dark - Street Light,Violation Driver 1,Controls Functioning,Clear,Rear End,Related,Other Vehicle,Not Applicable,Not Applicable,North Of,,False,False,47497,CURTNER AV/TULLY RD,MONTEREY RD,37.30359396,-121.8611779
2965,719796,CR-0000102969,0,0,0,0,24-024-4002,False,True,51,1/24/2024 2:00:00 PM,No Pedestrians Involved,Unknown,Unknown,Unknown,Unknown,Unknown,Unknown,Rear End,Non-Related,Other Vehicle,Not Applicable,Not Applicable,South Of,,False,False,47497,CURTNER AV/TULLY RD,MONTEREY RD,37.30359396,-121.8611779
2966,711666,CR-0000100833,0,0,0,0,23-188-0453,False,False,42,7/7/2023 1:47:00 PM,No Pedestrians Involved,Dry,Obstruction On Roadway,Daylight,Violation Driver 1,Controls Functioning,Clear,Rear End,Related,Other Vehicle,Not Applicable,Not Applicable,West Of,,True,True,47497,CURTNER AV/TULLY RD,MONTEREY RD,37.30359396,-121.8611779
2967,711848,CR-0000101141,0,0,0,0,23-310-9701,False,True,0,10/23/2023 4:45:00 AM,No Pedestrians Involved,Dry,No Unusual Conditions,Dusk - Dawn,Unknown,Controls Functioning,Clear,Sideswipe,Intersection,Other Vehicle,Not Applicable,Not Applicable,At,,False,False,47497,CURTNER AV/TULLY RD,MONTEREY RD,37.30359396,-121.8611779
2968,711817,CR-0000100834,0,0,0,0,23-183-0807,False,False,118,7/2/2023 8:08:00 PM,No Pedestrians Involved,Dry,No Unusual Conditions,Daylight,Violation Driver 1,Controls Functioning,Clear,Hit Object,Non-Related,Fixed Object,Not Applicable,Not Applicable,West Of,,True,True,47497,CURTNER AV/TULLY RD,MONTEREY RD,37.30359396,-121.8611779
2969,711896,CR-0000100851,0,0,0,0,23-183-0283,True,False,22,7/2/2023 6:44:00 AM,No Pedestrians Involved,Dry,No Unusual Conditions,Dusk - Dawn,Violation Driver 1,Controls Functioning,Clear,Hit Object,Related,Fixed Object,Not Applicable,Not Applicable,South Of,LIGHT POLE,True,True,47497,CURTNER AV/TULLY RD,MONTEREY RD,37.30359396,-121.8611779