_id,CrashFactId,Name,MinorInjuries,ModerateInjuries,SevereInjuries,FatalInjuries,TcrNumber,CityDamageFlag,ShortFormFlag,Distance,CrashDateTime,PedestrianAction,RoadwaySurface,RoadwayCondition,Lighting,PrimaryCollisionFactor,TrafficControl,Weather,CollisionType,ProximityToIntersection,VehicleInvolvedWith,PedestrianDirectionFrom,PedestrianDirectionTo,DirectionFromIntersection,Comment,SpeedingFlag,HitAndRunFlag,IntersectionNumber,AStreetName,BStreetName,Latitude,Longitude
3046,684738,CR-0000093377,0,1,0,0,22-182-0645,False,False,111,7/1/2022 4:55:00 PM,No Pedestrians Involved,Dry,No Unusual Conditions,Daylight,Bike At Fault,Controls Functioning,Clear,Vehicle/Bike,Non-Related,Bike,Not Applicable,Not Applicable,South Of,BIKE,True,False,2420,ALAMEDA,EMORY ST,37.3388262,-121.9207409
3047,722241,CR-0000103507,0,0,0,0,24-083-4000,False,True,51,3/23/2024 3:50:00 AM,No Pedestrians Involved,Unknown,Unknown,Unknown,Unknown,Unknown,Unknown,Other,Non-Related,Parked Vehicle,Not Applicable,Not Applicable,East Of,,False,False,2420,ALAMEDA,EMORY ST,37.3388262,-121.9207409
3048,689927,CR-0000095951,1,0,0,0,22-096-0835,False,False,40,4/6/2022 7:08:00 PM,No Pedestrians Involved,Dry,No Unusual Conditions,Daylight,Violation Driver 1,No Controls Present/Factor,Clear,Broadside,Related,Other Vehicle,Not Applicable,Not Applicable,South Of,,False,True,2530,ALAMEDA,MCKENDRIE ST,37.3417047,-121.924149
3049,722315,CR-0000103609,0,0,0,0,24-090-0707,False,False,51,3/30/2024 7:28:00 PM,No Pedestrians Involved,Wet,No Unusual Conditions,Dark - Street Light,Violation Driver 1,No Controls Present/Factor,Clear,Sideswipe,Non-Related,Other Vehicle,Not Applicable,Not Applicable,North Of,,True,True,2530,ALAMEDA,MCKENDRIE ST,37.3417047,-121.924149
3050,684787,CR-0000093370,0,0,1,0,22-213-0056,True,False,27,8/1/2022 1:11:00 AM,No Pedestrians Involved,Dry,No Unusual Conditions,Dark - Street Light,Violation Driver 1,No Controls Present/Factor,Clear,Hit Object,Related,Fixed Object,Not Applicable,Not Applicable,North Of,TREE,True,False,41502,COLEMAN AV,SEYMOUR ST,37.34141446,-121.9095949
3051,722292,CR-0000103586,0,0,0,0,24-087-0718,False,False,0,3/27/2024 7:46:00 PM,No Pedestrians Involved,Dry,No Unusual Conditions,Daylight,Violation Driver 1,Controls Functioning,Clear,Rear End,Intersection,Parked Vehicle,Not Applicable,Not Applicable,At,,False,True,108514,SEYMOUR ST,WALNUT ST,37.34214678,-121.9085617
3052,722104,CR-0000103360,0,0,0,0,24-094-4000,False,True,51,3/8/2024 10:45:00 AM,No Pedestrians Involved,Unknown,Unknown,Unknown,Unknown,Unknown,Unknown,Other,Non-Related,Unknown,Not Applicable,Not Applicable,Unknown,,False,False,128391,NINETEENTH ST/WOODBOROUGH DR,TWENTY FIRST ST,37.33728545,-121.8652333
3053,699228,CR-0000100549,0,0,0,0,23-165-4007,False,True,51,6/13/2023 8:15:00 PM,No Pedestrians Involved,Unknown,Unknown,Unknown,Unknown,Unknown,Unknown,Broadside,Non-Related,Other Vehicle,Not Applicable,Not Applicable,West Of,,False,False,56924,EMPIRE ST,SIXTH ST,37.34733359,-121.8916811
3054,683352,CR-0000092940,0,0,0,0,22-143-0610,False,False,129,5/23/2022 2:54:00 PM,No Pedestrians Involved,Dry,No Unusual Conditions,Daylight,Violation Driver 1,No Controls Present/Factor,Clear,Sideswipe,Non-Related,Parked Vehicle,Not Applicable,Not Applicable,West Of,,False,True,54867,EIGHTH ST,MISSION ST,37.35476293,-121.8943666
3055,718491,CR-0000102597,1,2,0,0,24-070-0283,False,False,19,3/10/2024 8:16:00 AM,No Pedestrians Involved,Dry,No Unusual Conditions,Daylight,Violation Driver 1,Controls Functioning,Cloudy,Head On,Related,Parked Vehicle,Not Applicable,Not Applicable,West Of,,True,False,54790,EIGHTH ST,HEDDING ST,37.35691022,-121.8959518
3056,688928,CR-0000094787,0,0,0,0,22-280-1154,True,False,0,10/7/2022 11:00:00 PM,No Pedestrians Involved,Dry,No Unusual Conditions,Dark - Street Light,Violation Driver 1,No Controls Present/Factor,Clear,Head On,Intersection,Fixed Object,Not Applicable,Not Applicable,At,LIGHT POLE,False,False,46364,CROWN BL,TRINIDAD DR,37.21765582,-121.8627865
3057,720857,CR-0000103060,0,0,0,0,24-044-0868,False,False,0,2/13/2024 7:04:00 PM,No Pedestrians Involved,Dry,No Unusual Conditions,Dark - Street Light,Unknown,No Controls Present/Factor,Clear,Sideswipe,Intersection,Other Vehicle,Not Applicable,Not Applicable,At,,False,True,46364,CROWN BL,TRINIDAD DR,37.21765582,-121.8627865
3058,683480,CR-0000093076,0,0,0,0,22-213-4006,False,True,0,7/27/2022 10:40:00 PM,No Pedestrians Involved,Unknown,Unknown,Unknown,Unknown,Unknown,Unknown,Broadside,Intersection,Other Vehicle,Not Applicable,Not Applicable,At,,False,True,23924,BRANHAM LN,NARVAEZ AV,37.26598865,-121.8568288
3059,681417,CR-0000090807,0,0,0,0,22-026-4003,False,True,420,1/24/2022 3:15:00 PM,No Pedestrians Involved,Unknown,Unknown,Daylight,Unknown,Unknown,Unknown,Rear End,Non-Related,Other Vehicle,Not Applicable,Not Applicable,East Of,,False,False,23924,BRANHAM LN,NARVAEZ AV,37.26598865,-121.8568288
3060,698916,CR-0000100218,1,0,0,0,23-322-0791,False,False,0,11/18/2023 7:41:00 PM,No Pedestrians Involved,Wet,No Unusual Conditions,Dark - Street Light,Violation Driver 1,Controls Functioning,Rain,Broadside,Intersection,Other Vehicle,Not Applicable,Not Applicable,At,,False,False,23924,BRANHAM LN,NARVAEZ AV,37.26598865,-121.8568288
3061,691121,CR-0000097317,1,0,0,0,23-045-0338,True,False,0,2/14/2023 11:35:00 AM,No Pedestrians Involved,Dry,No Unusual Conditions,Daylight,Violation Driver 1,Controls Not Functioning,Clear,Head On,Intersection,Other Vehicle,Not Applicable,Not Applicable,At,Electric Box and Bike Pole,False,False,23924,BRANHAM LN,NARVAEZ AV,37.26598865,-121.8568288
3062,722183,CR-0000103449,1,0,0,0,24-076-0889,False,False,0,3/16/2024 10:13:00 PM,No Pedestrians Involved,Dry,No Unusual Conditions,Dark - Street Light,Violation Driver 1,Controls Functioning,Clear,Head On,Intersection,Other Vehicle,Not Applicable,Not Applicable,At,,False,True,23924,BRANHAM LN,NARVAEZ AV,37.26598865,-121.8568288
3063,715862,CR-0000101886,0,0,0,0,23-321-0268,False,False,24,11/17/2023 9:55:00 AM,No Pedestrians Involved,Dry,No Unusual Conditions,Daylight,Violation Driver 1,Unknown,Clear,Rear End,Related,Other Vehicle,Not Applicable,Not Applicable,West Of,,True,False,23924,BRANHAM LN,NARVAEZ AV,37.26598865,-121.8568288
3064,696193,CR-0000099337,0,0,0,0,23-099-0049,False,False,318,4/9/2023 12:54:00 AM,No Pedestrians Involved,Dry,No Unusual Conditions,Dark - Street Light,Violation Driver 1,No Controls Present/Factor,Clear,Rear End,Non-Related,Parked Vehicle,Not Applicable,Not Applicable,East Of,,False,False,107854,SCOSSA AV,TREGO DR,37.25560563,-121.8914337
3065,694103,CR-0000098139,1,0,0,0,23-130-0165,False,False,0,5/10/2023 7:38:00 AM,In Road - Includes Shoulder,Dry,No Unusual Conditions,Daylight,Pedestrian At Fault,Controls Not Functioning,Cloudy,Vehicle/Pedestrian,Intersection,Pedestrian,No Direction (Not Walking),No Direction (Not Walking),At,PED,False,False,100540,PHELAN AV,SMITH AV,37.31477188,-121.8638008
3066,681606,CR-0000091003,0,1,0,0,22-047-0536,False,False,51,2/16/2022 1:12:00 PM,No Pedestrians Involved,Dry,No Unusual Conditions,Daylight,Violation Driver 1,Controls Functioning,Clear,Vehicle/Bike,Non-Related,Bike,Not Applicable,Not Applicable,South Of,BIKE (MOTORIZED BIKE),False,False,100539,PHELAN AV,SEVENTH ST,37.3137575,-121.8652461
3067,681988,CR-0000091497,2,0,0,0,22-061-0542,False,False,79,3/2/2022 2:17:00 PM,No Pedestrians Involved,Dry,No Unusual Conditions,Daylight,Violation Driver 1,Controls Functioning,Clear,Sideswipe,Non-Related,Other Vehicle,Not Applicable,Not Applicable,North Of,,False,False,100539,PHELAN AV,SEVENTH ST,37.3137575,-121.8652461
3068,682232,CR-0000091760,1,0,0,0,22-071-0448,False,False,0,3/12/2022 1:08:00 PM,No Pedestrians Involved,Dry,No Unusual Conditions,Daylight,Violation Driver 1,No Controls Present/Factor,Clear,Broadside,Intersection,Other Vehicle,Not Applicable,Not Applicable,At,,False,False,100539,PHELAN AV,SEVENTH ST,37.3137575,-121.8652461
3069,682643,CR-0000092219,0,0,0,0,22-131-9702,False,True,0,5/10/2022 12:45:00 PM,No Pedestrians Involved,Dry,No Unusual Conditions,Daylight,Unknown,Controls Functioning,Clear,Rear End,Intersection,Other Vehicle,Not Applicable,Not Applicable,At,,False,False,100539,PHELAN AV,SEVENTH ST,37.3137575,-121.8652461
3070,685019,CR-0000093698,0,0,0,0,22-187-0438,False,False,690,7/6/2022 1:17:00 PM,No Pedestrians Involved,Dry,No Unusual Conditions,Daylight,Violation Driver 1,No Controls Present/Factor,Clear,Hit Object,Non-Related,Fixed Object,Not Applicable,Not Applicable,West Of,Telephone Pole,False,False,100539,PHELAN AV,SEVENTH ST,37.3137575,-121.8652461
3071,689163,CR-0000095044,0,0,0,0,22-321-0392,False,False,0,11/17/2022 11:56:00 AM,No Pedestrians Involved,Dry,No Unusual Conditions,Daylight,Violation Driver 1,Controls Functioning,Clear,Rear End,Intersection,Other Vehicle,Not Applicable,Not Applicable,At,,False,False,100539,PHELAN AV,SEVENTH ST,37.3137575,-121.8652461
3072,694340,CR-0000098284,1,0,0,0,23-153-9705,False,True,51,6/1/2023 3:03:00 PM,No Pedestrians Involved,Dry,Unknown,Daylight,Unknown,Unknown,Clear,Rear End,Non-Related,Other Vehicle,Not Applicable,Not Applicable,Unknown,,False,False,100539,PHELAN AV,SEVENTH ST,37.3137575,-121.8652461
3073,691101,CR-0000097283,1,0,0,0,23-057-0522,False,False,291,2/26/2023 3:33:00 PM,No Pedestrians Involved,Wet,No Unusual Conditions,Daylight,Violation Driver 1,Unknown,Rain,Broadside,Non-Related,Other Vehicle,Not Applicable,Not Applicable,West Of,,False,False,100539,PHELAN AV,SEVENTH ST,37.3137575,-121.8652461
3074,689750,CR-0000095768,2,0,0,0,22-350-0387,False,False,0,12/16/2022 12:51:00 PM,No Pedestrians Involved,Dry,No Unusual Conditions,Daylight,Violation Driver 1,Controls Functioning,Clear,Broadside,Intersection,Other Vehicle,Not Applicable,Not Applicable,At,,False,False,100539,PHELAN AV,SEVENTH ST,37.3137575,-121.8652461
3075,695956,CR-0000099089,0,0,0,0,23-218-0975,False,False,137,8/6/2023 10:46:00 PM,No Pedestrians Involved,Dry,No Unusual Conditions,Dark - Street Light,Violation Driver 1,Controls Functioning,Clear,Sideswipe,Non-Related,Parked Vehicle,Not Applicable,Not Applicable,North Of,,False,True,100539,PHELAN AV,SEVENTH ST,37.3137575,-121.8652461
3076,695904,CR-0000099032,0,0,0,0,23-217-9703,False,True,0,8/4/2023 5:12:00 PM,No Pedestrians Involved,Dry,No Unusual Conditions,Daylight,Unknown,Controls Functioning,Clear,Sideswipe,Intersection,Other Vehicle,Not Applicable,Not Applicable,At,,False,False,100539,PHELAN AV,SEVENTH ST,37.3137575,-121.8652461
3077,694474,CR-0000098439,1,0,0,0,23-140-0536,False,False,0,5/20/2023 3:46:00 PM,No Pedestrians Involved,Dry,No Unusual Conditions,Daylight,Violation Driver 1,No Controls Present/Factor,Clear,Broadside,Intersection,Other Vehicle,Not Applicable,Not Applicable,At,,False,False,100539,PHELAN AV,SEVENTH ST,37.3137575,-121.8652461
3078,715997,CR-0000101867,0,0,0,0,23-145-4001,False,True,51,5/23/2023 12:45:00 PM,No Pedestrians Involved,Unknown,Unknown,Unknown,Unknown,Unknown,Unknown,Sideswipe,Non-Related,Other Vehicle,Not Applicable,Not Applicable,West Of,,False,True,100539,PHELAN AV,SEVENTH ST,37.3137575,-121.8652461
3079,712216,CR-0000101659,0,0,0,0,23-256-1024,True,False,122,9/13/2023 11:49:00 PM,No Pedestrians Involved,Dry,No Unusual Conditions,Dark - Street Light,Violation Driver 1,Controls Functioning,Clear,Hit Object,Non-Related,Fixed Object,Not Applicable,Not Applicable,North Of,LIGHT POLE,False,True,100539,PHELAN AV,SEVENTH ST,37.3137575,-121.8652461
3080,719539,CR-0000102668,0,0,1,0,24-069-0214,False,False,,3/9/2024 6:01:00 AM,In Road - Includes Shoulder,Dry,No Unusual Conditions,Dusk - Dawn,Pedestrian At Fault,Controls Functioning,Clear,Vehicle/Pedestrian,Non-Related,Pedestrian,No Direction (Not Walking),No Direction (Not Walking),South Of,PED,False,False,100539,PHELAN AV,SEVENTH ST,37.3137575,-121.8652461
3081,720901,CR-0000103127,0,0,0,0,24-030-0047,False,True,498,1/30/2024 1:23:00 AM,No Pedestrians Involved,Dry,No Unusual Conditions,Dark - Street Light,Unknown,No Controls Present/Factor,Clear,Broadside,Non-Related,Parked Vehicle,Not Applicable,Not Applicable,North Of,,False,False,100539,PHELAN AV,SEVENTH ST,37.3137575,-121.8652461
3082,719728,CR-0000102900,0,0,0,0,24-011-4004,False,True,51,1/11/2024 4:40:00 PM,No Pedestrians Involved,Unknown,Unknown,Unknown,Unknown,Unknown,Unknown,Other,Non-Related,Other Vehicle,Not Applicable,Not Applicable,Unknown,,False,False,100539,PHELAN AV,SEVENTH ST,37.3137575,-121.8652461
3083,696097,CR-0000099235,1,0,0,0,23-107-0183,False,False,0,4/17/2023 8:03:00 AM,No Pedestrians Involved,Dry,No Unusual Conditions,Daylight,Violation Driver 1,Unknown,Clear,Sideswipe,Intersection,Other Vehicle,Not Applicable,Not Applicable,At,,False,False,30205,CAMDEN AV,MT CARMEL DR,37.22159635,-121.8508819
3084,682035,CR-0000091546,0,0,0,0,22-072-0500,False,False,51,3/5/2022 10:34:00 AM,No Pedestrians Involved,Dry,No Unusual Conditions,Daylight,Violation Driver 1,No Controls Present/Factor,Clear,Sideswipe,Non-Related,Parked Vehicle,Not Applicable,Not Applicable,South Of,,False,True,93851,MT CARMEL DR,TRINIDAD DR,37.22085332,-121.8522754
3085,689354,CR-0000095336,1,0,0,0,22-326-0197,False,False,38,11/22/2022 7:57:00 AM,Crossing - Not In Crosswalk,Dry,No Unusual Conditions,Daylight,Pedestrian At Fault,No Controls Present/Factor,Clear,Vehicle/Pedestrian,Related,Pedestrian,North,South,East Of,PED,False,False,93598,MOSS OAK WY,REDMOND AV,37.22928616,-121.8734729
3086,687488,CR-0000094276,0,2,0,0,22-257-0240,False,False,198,9/14/2022 9:53:00 AM,No Pedestrians Involved,Dry,No Unusual Conditions,Daylight,Violation Driver 1,No Controls Present/Factor,Clear,Vehicle/Bike,Non-Related,Bike,Not Applicable,Not Applicable,East Of,BIKE,True,False,41414,COLEMAN RD,MIRACLE MOUNTAIN DR,37.24188577,-121.8643827
3087,699132,CR-0000100448,0,0,0,0,23-175-0042,False,False,264,6/24/2023 12:47:00 AM,No Pedestrians Involved,Dry,No Unusual Conditions,Dark - Street Light,Violation Driver 1,No Controls Present/Factor,Clear,Sideswipe,Non-Related,Parked Vehicle,Not Applicable,Not Applicable,North Of,,True,True,98119,PACHECO DR,WEBSTER DR,37.37194752,-121.8556924
3088,681475,CR-0000090865,0,0,0,0,22-033-0661,False,False,37,2/2/2022 4:20:00 PM,No Pedestrians Involved,Dry,No Unusual Conditions,Daylight,Bike At Fault,Unknown,Clear,Head On,Related,Parked Vehicle,Not Applicable,Not Applicable,North Of,BIKE (MOTORIZED),True,False,65900,GILCHRIST DR,GOLZIO CT,37.38004816,-121.8560021
3089,682942,CR-0000092566,0,1,0,0,22-166-0739,False,False,100,6/15/2022 7:22:00 PM,No Pedestrians Involved,Dry,No Unusual Conditions,Daylight,Violation Driver 1,No Controls Present/Factor,Clear,Broadside,Non-Related,Motorcycle,Not Applicable,Not Applicable,West Of,,False,False,143839,BEAVER CREEK WY,MEADOWMONT DR,37.3777338,-121.8591692
3090,681620,CR-0000091017,0,0,0,0,22-055-4004,False,True,197,2/23/2022 7:00:00 PM,No Pedestrians Involved,Unknown,Unknown,Unknown,Unknown,Unknown,Unknown,Other,Non-Related,Parked Vehicle,Not Applicable,Not Applicable,East Of,,False,False,110296,ST JAMES ST,TENTH ST,37.3436279,-121.8832219
3091,681922,CR-0000091416,0,0,0,0,22-070-0203,False,False,0,3/11/2022 7:52:00 AM,No Pedestrians Involved,Dry,No Unusual Conditions,Daylight,Violation Driver 1,Controls Functioning,Clear,Broadside,Intersection,Other Vehicle,Not Applicable,Not Applicable,At,,False,True,55747,ELEVENTH ST,KEYES ST,37.32474523,-121.8677353
3092,682557,CR-0000092124,1,0,0,0,22-134-0316,False,False,80,5/14/2022 11:02:00 AM,No Pedestrians Involved,Dry,No Unusual Conditions,Daylight,Violation Driver 1,No Controls Present/Factor,Clear,Sideswipe,Non-Related,Other Vehicle,Not Applicable,Not Applicable,North Of,,False,False,55747,ELEVENTH ST,KEYES ST,37.32474523,-121.8677353
3093,685047,CR-0000093726,1,1,0,0,22-242-0774,False,False,0,8/30/2022 5:10:00 PM,No Pedestrians Involved,Dry,No Unusual Conditions,Daylight,Violation Driver 1,Controls Functioning,Clear,Broadside,Intersection,Other Vehicle,Not Applicable,Not Applicable,At,,False,False,55747,ELEVENTH ST,KEYES ST,37.32474523,-121.8677353
3094,683511,CR-0000093109,0,0,0,0,22-199-0348,True,False,50,7/18/2022 9:02:00 AM,No Pedestrians Involved,Dry,No Unusual Conditions,Daylight,Violation Driver 1,Controls Functioning,Clear,Head On,Related,Fixed Object,Not Applicable,Not Applicable,North Of,CITY SIGN/POLE,True,True,55747,ELEVENTH ST,KEYES ST,37.32474523,-121.8677353
3095,684879,CR-0000093565,0,0,1,0,22-211-0475,False,False,0,7/30/2022 1:06:00 PM,No Pedestrians Involved,Dry,No Unusual Conditions,Daylight,Violation Driver 1,Controls Functioning,Clear,Broadside,Intersection,Motorcycle,Not Applicable,Not Applicable,At,,False,False,55747,ELEVENTH ST,KEYES ST,37.32474523,-121.8677353
3096,699330,CR-0000100657,0,0,0,0,23-175-4000,False,True,0,6/24/2023 1:35:00 AM,No Pedestrians Involved,Unknown,Unknown,Unknown,Unknown,Unknown,Unknown,Broadside,Intersection,Other Vehicle,Not Applicable,Not Applicable,At,,False,False,55747,ELEVENTH ST,KEYES ST,37.32474523,-121.8677353
3097,696314,CR-0000099470,1,0,0,0,23-277-0312,False,False,0,10/4/2023 10:49:00 AM,No Pedestrians Involved,Dry,No Unusual Conditions,Daylight,Violation Driver 1,Controls Functioning,Clear,Broadside,Intersection,Motor Vehicle On Other Roadway,Not Applicable,Not Applicable,At,,False,False,55747,ELEVENTH ST,KEYES ST,37.32474523,-121.8677353
3098,696295,CR-0000099451,0,1,0,0,23-287-0835,False,False,0,10/14/2023 8:04:00 PM,No Pedestrians Involved,Dry,No Unusual Conditions,Dark - Street Light,Violation Driver 1,Controls Functioning,Clear,Vehicle/Bike,Intersection,Bike,Not Applicable,Not Applicable,At,BIKE,False,False,55747,ELEVENTH ST,KEYES ST,37.32474523,-121.8677353
3099,694681,CR-0000098715,2,0,0,0,23-222-0450,True,False,0,8/10/2023 1:12:00 PM,No Pedestrians Involved,Dry,No Unusual Conditions,Daylight,Violation Driver 1,Controls Functioning,Clear,Broadside,Intersection,Other Vehicle,Not Applicable,Not Applicable,At,light pole,False,True,55747,ELEVENTH ST,KEYES ST,37.32474523,-121.8677353
3100,689634,CR-0000095615,0,1,0,0,22-351-0203,False,False,0,12/17/2022 7:25:00 AM,No Pedestrians Involved,Dry,No Unusual Conditions,Daylight,Violation Driver 1,Controls Functioning,Clear,Broadside,Intersection,Other Vehicle,Not Applicable,Not Applicable,At,,False,False,55747,ELEVENTH ST,KEYES ST,37.32474523,-121.8677353
3101,689951,CR-0000095987,2,0,0,0,22-310-0423,False,False,0,11/6/2022 1:24:00 PM,No Pedestrians Involved,Dry,No Unusual Conditions,Daylight,Violation Driver 1,Controls Functioning,Clear,Broadside,Intersection,Other Vehicle,Not Applicable,Not Applicable,At,,True,False,55747,ELEVENTH ST,KEYES ST,37.32474523,-121.8677353
3102,690199,CR-0000096290,0,0,0,0,22-258-9702,False,True,0,9/12/2022 11:10:00 AM,No Pedestrians Involved,Dry,No Unusual Conditions,Daylight,Unknown,Controls Functioning,Clear,Broadside,Intersection,Other Vehicle,Not Applicable,Not Applicable,At,,False,False,55747,ELEVENTH ST,KEYES ST,37.32474523,-121.8677353
3103,691163,CR-0000097365,1,0,1,0,23-051-0510,False,False,0,2/20/2023 2:27:00 PM,No Pedestrians Involved,Dry,No Unusual Conditions,Daylight,Violation Driver 1,Controls Functioning,Clear,Broadside,Intersection,Other Vehicle,Not Applicable,Not Applicable,At,,False,False,55747,ELEVENTH ST,KEYES ST,37.32474523,-121.8677353
3104,694291,CR-0000098199,0,1,0,0,23-144-0705,False,False,0,5/24/2023 4:24:00 PM,No Pedestrians Involved,Dry,No Unusual Conditions,Daylight,Unknown,Controls Functioning,Clear,Vehicle/Bike,Intersection,Bike,Not Applicable,Not Applicable,At,BIKE,False,False,55747,ELEVENTH ST,KEYES ST,37.32474523,-121.8677353
3105,694159,CR-0000097893,2,1,0,0,23-118-0699,False,False,0,4/28/2023 6:17:00 PM,No Pedestrians Involved,Dry,No Unusual Conditions,Daylight,Violation Driver 1,Controls Functioning,Clear,Broadside,Intersection,Other Vehicle,Not Applicable,Not Applicable,At,,True,False,55747,ELEVENTH ST,KEYES ST,37.32474523,-121.8677353
3106,692439,CR-0000097723,1,0,0,0,23-084-9705,False,True,,3/24/2023 2:28:00 PM,No Pedestrians Involved,Unknown,No Unusual Conditions,Daylight,Unknown,Controls Functioning,Clear,Rear End,Related,Other Vehicle,Not Applicable,Not Applicable,East Of,,False,False,55747,ELEVENTH ST,KEYES ST,37.32474523,-121.8677353
3107,719542,CR-0000102689,1,0,0,0,24-069-0373,False,False,93,3/9/2024 10:58:00 AM,No Pedestrians Involved,Dry,No Unusual Conditions,Daylight,Violation Driver 1,Controls Functioning,Clear,Rear End,Non-Related,Other Vehicle,Not Applicable,Not Applicable,West Of,,False,False,55747,ELEVENTH ST,KEYES ST,37.32474523,-121.8677353
3108,711572,CR-0000100879,2,0,0,0,23-307-0296,False,False,0,11/3/2023 10:08:00 AM,No Pedestrians Involved,Dry,No Unusual Conditions,Daylight,Violation Driver 1,Controls Functioning,Clear,Broadside,Intersection,Other Vehicle,Not Applicable,Not Applicable,At,,False,False,55747,ELEVENTH ST,KEYES ST,37.32474523,-121.8677353
3109,711962,CR-0000100948,0,0,0,0,23-197-4007,False,True,0,7/7/2023 11:45:00 AM,No Pedestrians Involved,Unknown,Unknown,Unknown,Unknown,Unknown,Unknown,Sideswipe,Intersection,Other Vehicle,Not Applicable,Not Applicable,At,,False,False,55747,ELEVENTH ST,KEYES ST,37.32474523,-121.8677353
3110,681990,CR-0000091499,1,0,0,0,22-061-0604,True,False,0,3/2/2022 3:10:00 PM,No Pedestrians Involved,Dry,No Unusual Conditions,Daylight,Violation Driver 1,No Controls Present/Factor,Clear,Sideswipe,Intersection,Other Vehicle,Not Applicable,Not Applicable,At,TREE,False,False,73105,HILLSDALE AV,PLUMMER AV,37.27169134,-121.8924083
3111,682355,CR-0000091918,0,0,0,0,22-100-0674,False,False,60,4/10/2022 8:13:00 PM,No Pedestrians Involved,Dry,No Unusual Conditions,Dark - Street Light,Violation Driver 1,No Controls Present/Factor,Clear,Sideswipe,Non-Related,Other Vehicle,Not Applicable,Not Applicable,West Of,,False,True,29688,CAMDEN AV,CHARMERAN AV/OAKWOOD AV,37.25870929,-121.9170105
3112,689240,CR-0000095204,2,0,0,0,22-303-0202,False,False,0,10/30/2022 4:15:00 AM,No Pedestrians Involved,Dry,No Unusual Conditions,Dark - Street Light,Violation Driver 1,No Controls Present/Factor,Clear,Broadside,Intersection,Motor Vehicle On Other Roadway,Not Applicable,Not Applicable,At,,True,False,29688,CAMDEN AV,CHARMERAN AV/OAKWOOD AV,37.25870929,-121.9170105
3113,689690,CR-0000095672,0,1,0,0,22-341-0741,False,False,126,12/7/2022 6:56:00 PM,No Pedestrians Involved,Dry,No Unusual Conditions,Dark - Street Light,Unknown,No Controls Present/Factor,Cloudy,Vehicle/Bike,Non-Related,Bike,Not Applicable,Not Applicable,North Of,,False,False,29688,CAMDEN AV,CHARMERAN AV/OAKWOOD AV,37.25870929,-121.9170105
3114,698746,CR-0000099998,0,0,1,0,23-250-0746,False,False,0,9/17/2023 8:09:00 PM,Crossing In Crosswalk - At Intersection,Dry,No Unusual Conditions,Dark - Street Light,Violation Driver 1,No Controls Present/Factor,Clear,Vehicle/Pedestrian,Intersection,Pedestrian,East,West,At,PED,False,False,29688,CAMDEN AV,CHARMERAN AV/OAKWOOD AV,37.25870929,-121.9170105
3115,690056,CR-0000096127,1,0,0,0,22-319-0207,False,False,0,11/15/2022 8:04:00 AM,No Pedestrians Involved,Dry,Other,Daylight,Violation Driver 1,No Controls Present/Factor,Clear,Broadside,Intersection,Motorcycle,Not Applicable,Not Applicable,At,,True,False,21779,BOOKSIN AV,EDMOND CT/FAIRORCHARD AV,37.28115769,-121.9020313
3116,689291,CR-0000095252,1,0,0,0,22-306-0393,False,False,0,11/2/2022 11:40:00 AM,No Pedestrians Involved,Wet,No Unusual Conditions,Daylight,Violation Driver 1,Controls Functioning,Rain,Rear End,Intersection,Other Vehicle,Not Applicable,Not Applicable,At,,False,False,20932,BLUEFIELD DR/COPPERFIELD DR,CAPITOL EX,37.27451913,-121.8546429
3117,688933,CR-0000094791,1,0,0,0,22-281-0855,False,False,0,10/8/2022 9:22:00 PM,No Pedestrians Involved,Dry,No Unusual Conditions,Dark - Street Light,Violation Driver 1,Controls Functioning,Clear,Rear End,Intersection,Other Vehicle,Not Applicable,Not Applicable,At,,True,False,20932,BLUEFIELD DR/COPPERFIELD DR,CAPITOL EX,37.27451913,-121.8546429
3118,684788,CR-0000093447,0,1,0,0,22-197-0559,False,False,285,7/16/2022 2:47:00 PM,No Pedestrians Involved,Dry,No Unusual Conditions,Daylight,Violation Driver 1,Controls Functioning,Clear,Vehicle/Bike,Non-Related,Bike,Not Applicable,Not Applicable,East Of,BIKE,False,False,20932,BLUEFIELD DR/COPPERFIELD DR,CAPITOL EX,37.27451913,-121.8546429
3119,685281,CR-0000093961,0,1,0,0,22-255-0363,False,False,198,9/12/2022 11:09:00 AM,No Pedestrians Involved,Dry,No Unusual Conditions,Daylight,Violation Driver 1,No Controls Present/Factor,Clear,Rear End,Non-Related,Other Vehicle,Not Applicable,Not Applicable,West Of,,True,False,20932,BLUEFIELD DR/COPPERFIELD DR,CAPITOL EX,37.27451913,-121.8546429
3120,682539,CR-0000092106,2,1,0,0,22-125-0852,False,False,0,5/5/2022 7:14:00 PM,No Pedestrians Involved,Dry,No Unusual Conditions,Daylight,Violation Driver 1,Controls Functioning,Clear,Broadside,Related,Other Vehicle,Not Applicable,Not Applicable,At,,False,False,20932,BLUEFIELD DR/COPPERFIELD DR,CAPITOL EX,37.27451913,-121.8546429
3121,690387,CR-0000096483,0,0,0,0,22-225-9706,False,True,,8/12/2022 9:43:00 PM,No Pedestrians Involved,Dry,No Unusual Conditions,Dark - Street Light,Unknown,Controls Functioning,Clear,Rear End,Related,Other Vehicle,Not Applicable,Not Applicable,West Of,,False,True,20932,BLUEFIELD DR/COPPERFIELD DR,CAPITOL EX,37.27451913,-121.8546429