_id,CrashFactId,Name,MinorInjuries,ModerateInjuries,SevereInjuries,FatalInjuries,TcrNumber,CityDamageFlag,ShortFormFlag,Distance,CrashDateTime,PedestrianAction,RoadwaySurface,RoadwayCondition,Lighting,PrimaryCollisionFactor,TrafficControl,Weather,CollisionType,ProximityToIntersection,VehicleInvolvedWith,PedestrianDirectionFrom,PedestrianDirectionTo,DirectionFromIntersection,Comment,SpeedingFlag,HitAndRunFlag,IntersectionNumber,AStreetName,BStreetName,Latitude,Longitude
3122,694259,CR-0000098024,1,0,0,0,23-104-0588,False,False,0,4/14/2023 5:00:00 PM,No Pedestrians Involved,Dry,No Unusual Conditions,Daylight,Violation Driver 1,Controls Functioning,Clear,Rear End,Intersection,Other Vehicle,Not Applicable,Not Applicable,At,,True,False,20932,BLUEFIELD DR/COPPERFIELD DR,CAPITOL EX,37.27451913,-121.8546429
3123,691045,CR-0000097218,1,0,0,0,23-057-0682,False,False,103,2/26/2023 6:33:00 PM,No Pedestrians Involved,Wet,No Unusual Conditions,Dark - Street Light,Violation Driver 1,Controls Functioning,Rain,Rear End,Non-Related,Other Vehicle,Not Applicable,Not Applicable,East Of,,True,False,20932,BLUEFIELD DR/COPPERFIELD DR,CAPITOL EX,37.27451913,-121.8546429
3124,698724,CR-0000099973,0,0,0,1,23-330-0039,False,False,,11/26/2023 12:35:00 AM,In Road - Includes Shoulder,Dry,No Unusual Conditions,Dark - Street Light,Violation Driver 1,Controls Functioning,Clear,Vehicle/Pedestrian,Related,Pedestrian,North,South,East Of,PED,False,True,20932,BLUEFIELD DR/COPPERFIELD DR,CAPITOL EX,37.27451913,-121.8546429
3125,698667,CR-0000099893,0,1,0,0,23-222-0743,False,False,436,9/10/2023 6:49:00 PM,No Pedestrians Involved,Dry,No Unusual Conditions,Daylight,Violation Driver 1,Unknown,Clear,Broadside,Non-Related,Other Vehicle,Not Applicable,Not Applicable,East Of,,False,False,20932,BLUEFIELD DR/COPPERFIELD DR,CAPITOL EX,37.27451913,-121.8546429
3126,694628,CR-0000098661,1,0,0,0,23-208-0792,False,False,0,7/27/2023 6:46:00 PM,No Pedestrians Involved,Dry,No Unusual Conditions,Daylight,Violation Driver 1,Controls Functioning,Clear,Vehicle/Bike,Intersection,Scooter Motorized,Not Applicable,Not Applicable,At,E. SCOOTER,False,False,20932,BLUEFIELD DR/COPPERFIELD DR,CAPITOL EX,37.27451913,-121.8546429
3127,722230,CR-0000103496,0,0,0,0,24-082-1030,True,False,0,3/22/2024 11:50:00 PM,No Pedestrians Involved,Wet,No Unusual Conditions,Dark - Street Light Not Functioning,Violation Driver 1,Controls Not Functioning,Rain,Hit Object,Intersection,Fixed Object,Not Applicable,Not Applicable,At,LIGHT POLE,True,False,20932,BLUEFIELD DR/COPPERFIELD DR,CAPITOL EX,37.27451913,-121.8546429
3128,694316,CR-0000098260,1,0,0,0,23-180-0639,False,False,260,6/29/2023 5:08:00 PM,No Pedestrians Involved,Dry,No Unusual Conditions,Daylight,Bike At Fault,No Controls Present/Factor,Clear,Vehicle/Bike,Non-Related,Bike,Not Applicable,Not Applicable,East Of,BIKE,False,False,31492,CANOAS GARDEN AV,CAROL DR/SANDS DR,37.28975002,-121.8716255
3129,719699,CR-0000102871,0,0,0,0,24-013-0414,False,False,337,1/13/2024 1:33:00 PM,No Pedestrians Involved,Dry,No Unusual Conditions,Daylight,Violation Driver 1,No Controls Present/Factor,Cloudy,Sideswipe,Non-Related,Other Vehicle,Not Applicable,Not Applicable,West Of,,False,False,31492,CANOAS GARDEN AV,CAROL DR/SANDS DR,37.28975002,-121.8716255
3130,687491,CR-0000094279,1,0,0,0,22-257-0806,False,False,280,9/14/2022 8:14:00 PM,No Pedestrians Involved,Dry,No Unusual Conditions,Dark - Street Light,Violation Driver 1,No Controls Present/Factor,Clear,Broadside,Non-Related,Other Vehicle,Not Applicable,Not Applicable,East Of,,True,False,48245,DANA AV,SHASTA AV,37.32696835,-121.9210933
3131,685442,CR-0000094186,1,0,0,0,22-247-0359,False,False,0,9/4/2022 12:12:00 PM,No Pedestrians Involved,Dry,No Unusual Conditions,Daylight,Violation Driver 1,No Controls Present/Factor,Clear,Broadside,Related,Other Vehicle,Not Applicable,Not Applicable,South Of,,False,False,48245,DANA AV,SHASTA AV,37.32696835,-121.9210933
3132,696191,CR-0000099335,0,0,0,0,23-100-4000,False,True,51,4/9/2023 10:15:00 PM,No Pedestrians Involved,Unknown,Unknown,Unknown,Unknown,Unknown,Unknown,Other,Non-Related,Parked Vehicle,Not Applicable,Not Applicable,West Of,,False,False,48245,DANA AV,SHASTA AV,37.32696835,-121.9210933
3133,689715,CR-0000095727,1,0,0,0,22-314-0210,False,False,0,11/10/2022 8:00:00 AM,Crossing - Not In Crosswalk,Dry,No Unusual Conditions,Daylight,Pedestrian At Fault,No Controls Present/Factor,Clear,Vehicle/Pedestrian,Intersection,Pedestrian,South,North,At,PED,False,False,106226,SAN CARLOS ST,WILLARD AV,37.32345959,-121.9172867
3134,682552,CR-0000092119,0,0,1,0,22-129-0822,False,False,30,5/9/2022 8:21:00 PM,No Pedestrians Involved,Dry,No Unusual Conditions,Dusk - Dawn,Violation Driver 1,No Controls Present/Factor,Clear,Rear End,Related,Motorcycle,Not Applicable,Not Applicable,East Of,,False,False,106226,SAN CARLOS ST,WILLARD AV,37.32345959,-121.9172867
3135,699144,CR-0000100460,0,0,0,0,23-176-0912,True,False,0,6/25/2023 10:33:00 PM,No Pedestrians Involved,Dry,No Unusual Conditions,Dark - Street Light,Violation Driver 1,No Controls Present/Factor,Clear,Hit Object,Intersection,Fixed Object,Not Applicable,Not Applicable,At,SIGN,False,False,106226,SAN CARLOS ST,WILLARD AV,37.32345959,-121.9172867
3136,684798,CR-0000093386,0,0,0,0,22-219-9701,False,True,51,8/6/2022 6:00:00 PM,No Pedestrians Involved,Dry,No Unusual Conditions,Dark - Street Light,Unknown,No Controls Present/Factor,Clear,Other,Non-Related,Parked Vehicle,Not Applicable,Not Applicable,West Of,,False,False,106413,SAN FERNANDO ST,THIRTY FOURTH ST,37.35034001,-121.8560759
3137,694703,CR-0000098738,1,1,0,0,23-223-0696,False,False,62,8/11/2023 5:47:00 PM,No Pedestrians Involved,Dry,No Unusual Conditions,Daylight,Violation Driver 1,No Controls Present/Factor,Clear,Rear End,Non-Related,Parked Vehicle,Not Applicable,Not Applicable,South Of,,False,False,106413,SAN FERNANDO ST,THIRTY FOURTH ST,37.35034001,-121.8560759
3138,711701,CR-0000101277,0,0,0,0,23-205-9706,False,True,,7/23/2023 6:10:00 PM,No Pedestrians Involved,Unknown,Unknown,Daylight,Unknown,Unknown,Clear,Other,Related,Parked Vehicle,Not Applicable,Not Applicable,Unknown,,False,False,106413,SAN FERNANDO ST,THIRTY FOURTH ST,37.35034001,-121.8560759
3139,689359,CR-0000095334,0,0,0,0,22-325-0554,False,False,0,11/2/2022 3:32:00 PM,No Pedestrians Involved,Dry,No Unusual Conditions,Daylight,Violation Driver 1,No Controls Present/Factor,Clear,Head On,Intersection,Other Vehicle,Not Applicable,Not Applicable,At,,False,False,111880,THIRTY FOURTH ST,WHITTON ST,37.34956853,-121.8554994
3140,685222,CR-0000093901,0,0,0,0,22-268-0880,False,False,245,9/25/2022 10:11:00 PM,No Pedestrians Involved,Dry,No Unusual Conditions,Dark - Street Light,Violation Driver 1,No Controls Present/Factor,Clear,Rear End,Non-Related,Parked Vehicle,Not Applicable,Not Applicable,East Of,,False,True,105940,SAN ANTONIO ST,THIRTY FOURTH ST,37.34879827,-121.8549221
3141,696474,CR-0000099651,1,0,0,0,23-322-0061,False,False,33,11/18/2023 1:16:00 AM,No Pedestrians Involved,Dry,No Unusual Conditions,Dark - Street Light,Violation Driver 1,Unknown,Clear,Sideswipe,Related,Parked Vehicle,Not Applicable,Not Applicable,East Of,,True,False,105940,SAN ANTONIO ST,THIRTY FOURTH ST,37.34879827,-121.8549221
3142,692443,CR-0000097727,0,0,0,0,23-084-0051,False,False,26,3/25/2023 1:15:00 AM,No Pedestrians Involved,Dry,No Unusual Conditions,Dark - Street Light,Violation Driver 1,No Controls Present/Factor,Clear,Sideswipe,Related,Parked Vehicle,Not Applicable,Not Applicable,East Of,,False,False,105940,SAN ANTONIO ST,THIRTY FOURTH ST,37.34879827,-121.8549221
3143,691017,CR-0000097189,0,0,0,0,23-051-0004,False,False,258,2/20/2023 12:04:00 AM,No Pedestrians Involved,Dry,No Unusual Conditions,Unknown,Violation Driver 1,No Controls Present/Factor,Clear,Head On,Non-Related,Parked Vehicle,Not Applicable,Not Applicable,West Of,,True,True,105940,SAN ANTONIO ST,THIRTY FOURTH ST,37.34879827,-121.8549221
3144,712009,CR-0000101479,0,0,0,0,23-254-4000,False,True,51,9/11/2023 12:00:00 PM,No Pedestrians Involved,Unknown,Unknown,Unknown,Unknown,Unknown,Unknown,Other,Non-Related,Parked Vehicle,Not Applicable,Not Applicable,North Of,,False,False,105940,SAN ANTONIO ST,THIRTY FOURTH ST,37.34879827,-121.8549221
3145,715936,CR-0000101910,0,0,0,0,23-322-0083,False,False,26,11/18/2023 1:16:00 AM,No Pedestrians Involved,Wet,No Unusual Conditions,Dark - Street Light,Violation Driver 1,Controls Functioning,Cloudy,Rear End,Related,Other Vehicle,Not Applicable,Not Applicable,East Of,,True,False,105940,SAN ANTONIO ST,THIRTY FOURTH ST,37.34879827,-121.8549221
3146,719755,CR-0000102928,0,0,0,0,24-021-9703,False,True,,1/20/2024 12:00:00 AM,No Pedestrians Involved,Wet,No Unusual Conditions,Dark - Street Light,Unknown,No Controls Present/Factor,Rain,Sideswipe,Related,Parked Vehicle,Not Applicable,Not Applicable,East Of,,False,False,105940,SAN ANTONIO ST,THIRTY FOURTH ST,37.34879827,-121.8549221
3147,682110,CR-0000091625,0,0,0,0,22-023-4010,False,False,51,1/23/2022 4:00:00 PM,No Pedestrians Involved,Unknown,Unknown,Daylight,Unknown,Unknown,Unknown,Sideswipe,Non-Related,Other Vehicle,Not Applicable,Not Applicable,South Of,,False,False,106424,SAN FERNANDO ST,THIRTY THIRD ST,37.34952439,-121.8577941
3148,699146,CR-0000100463,0,0,0,0,23-155-0026,False,False,128,6/4/2023 12:21:00 AM,No Pedestrians Involved,Dry,No Unusual Conditions,Dark - No Street Light,Violation Driver 1,No Controls Present/Factor,Clear,Sideswipe,Non-Related,Parked Vehicle,Not Applicable,Not Applicable,South Of,,True,True,106424,SAN FERNANDO ST,THIRTY THIRD ST,37.34952439,-121.8577941
3149,722204,CR-0000103470,0,0,0,0,24-079-0329,False,False,51,3/19/2024 10:59:00 AM,No Pedestrians Involved,Dry,No Unusual Conditions,Daylight,Violation Driver 1,Controls Functioning,Clear,Rear End,Non-Related,Parked Vehicle,Not Applicable,Not Applicable,Unknown,,False,False,108800,SHORTRIDGE AV,THIRTY FIRST ST,37.34950379,-121.8600917
3150,681719,CR-0000091116,0,0,0,0,22-057-0861,False,False,0,2/26/2022 9:48:00 PM,No Pedestrians Involved,Dry,No Unusual Conditions,Dark - Street Light,Violation Driver 1,Controls Functioning,Clear,Other,Intersection,Other Vehicle,Not Applicable,Not Applicable,At,,False,True,111858,THIRTY FIRST ST,WHITTON ST,37.34794198,-121.8589321
3151,684848,CR-0000093513,1,0,0,0,22-228-0431,False,False,90,8/16/2022 11:34:00 AM,Crossing - Not In Crosswalk,Dry,No Unusual Conditions,Daylight,Violation Driver 1,No Controls Present/Factor,Clear,Vehicle/Pedestrian,Non-Related,Pedestrian,East,West,South Of,PEDESTRIAN,False,True,111858,THIRTY FIRST ST,WHITTON ST,37.34794198,-121.8589321
3152,696548,CR-0000099744,0,0,1,0,23-355-0098,False,False,,12/21/2023 4:31:00 AM,Crossing - Not In Crosswalk,Unknown,No Unusual Conditions,Dark - Street Light,Violation Driver 1,No Controls Present/Factor,Clear,Vehicle/Pedestrian,Related,Pedestrian,East,West,Unknown,PED,True,True,111858,THIRTY FIRST ST,WHITTON ST,37.34794198,-121.8589321
3153,711634,CR-0000101317,0,0,0,0,23-336-0521,False,False,128,12/2/2023 2:46:00 AM,No Pedestrians Involved,Dry,No Unusual Conditions,Dark - Street Light,Violation Driver 1,No Controls Present/Factor,Clear,Sideswipe,Non-Related,Parked Vehicle,Not Applicable,Not Applicable,North Of,,False,True,111891,THIRTY THIRD ST,WHITTON ST,37.34875263,-121.8572176
3154,699209,CR-0000100530,0,1,0,0,23-163-0945,False,False,243,6/12/2023 11:06:00 PM,No Pedestrians Involved,Dry,No Unusual Conditions,Dark - Street Light,Violation Driver 1,No Controls Present/Factor,Clear,Sideswipe,Non-Related,Parked Vehicle,Not Applicable,Not Applicable,East Of,,False,True,112573,TWENTY EIGHTH ST,WHITTON ST,37.34630949,-121.8623634
3155,691008,CR-0000097179,0,0,0,0,23-044-0810,False,False,44,2/13/2023 8:28:00 PM,No Pedestrians Involved,Dry,No Unusual Conditions,Dark - Street Light,Violation Driver 1,No Controls Present/Factor,Clear,Rear End,Related,Parked Vehicle,Not Applicable,Not Applicable,North Of,,False,False,112573,TWENTY EIGHTH ST,WHITTON ST,37.34630949,-121.8623634
3156,694270,CR-0000098183,0,1,0,0,23-138-0854,False,False,0,5/18/2023 6:25:00 PM,No Pedestrians Involved,Dry,No Unusual Conditions,Daylight,Violation Driver 1,No Controls Present/Factor,Clear,Broadside,Intersection,Other Vehicle,Not Applicable,Not Applicable,At,,False,False,112573,TWENTY EIGHTH ST,WHITTON ST,37.34630949,-121.8623634
3157,682781,CR-0000092360,0,1,0,0,22-142-0758,True,False,39,5/22/2022 7:00:00 PM,No Pedestrians Involved,Dry,No Unusual Conditions,Daylight,Violation Driver 1,Controls Functioning,Clear,Hit Object,Related,Fixed Object,Not Applicable,Not Applicable,West Of,CURB,False,False,89430,MCEVOY ST,PARK AV,37.32618431,-121.9044572
3158,688816,CR-0000094671,1,0,0,0,22-289-0353,False,False,0,10/16/2022 10:56:00 AM,No Pedestrians Involved,Dry,No Unusual Conditions,Daylight,Violation Driver 1,No Controls Present/Factor,Clear,Rear End,Intersection,Other Vehicle,Not Applicable,Not Applicable,At,,True,False,137191,LAUREL GROVE LN,PARK AV,37.32617735,-121.9047957
3159,691341,CR-0000097588,0,0,1,0,23-077-0031,False,False,0,3/18/2023 1:00:00 AM,No Pedestrians Involved,Dry,No Unusual Conditions,Dark - Street Light,Bike At Fault,No Controls Present/Factor,Clear,Vehicle/Bike,Intersection,Bike,Not Applicable,Not Applicable,At,BIKE,False,True,137191,LAUREL GROVE LN,PARK AV,37.32617735,-121.9047957
3160,690519,CR-0000096649,0,3,0,0,23-028-0547,False,False,0,1/28/2023 3:57:00 PM,No Pedestrians Involved,Dry,No Unusual Conditions,Daylight,Violation Driver 1,No Controls Present/Factor,Clear,Broadside,Intersection,Other Vehicle,Not Applicable,Not Applicable,At,,False,False,106336,SAN FERNANDO ST,SIXTEENTH ST,37.34160344,-121.8739357
3161,692466,CR-0000097754,1,0,0,0,23-072-0838,False,False,0,3/13/2023 6:44:00 PM,No Pedestrians Involved,Dry,No Unusual Conditions,Daylight,Bike At Fault,No Controls Present/Factor,Clear,Vehicle/Bike,Intersection,Bike,Not Applicable,Not Applicable,At,,False,False,105874,SAN ANTONIO ST,SIXTEENTH ST,37.34015863,-121.8728559
3162,715920,CR-0000101741,1,0,0,0,22-273-9713,False,True,0,9/29/2022 6:00:00 PM,No Pedestrians Involved,Dry,No Unusual Conditions,Daylight,Unknown,Unknown,Clear,Rear End,Intersection,Other Vehicle,Not Applicable,Not Applicable,At,,False,False,107084,SANTA CLARA ST,SIXTEENTH ST,37.34342051,-121.8752888
3163,698958,CR-0000100260,1,0,0,0,23-312-0658,False,False,0,11/8/2023 5:30:00 PM,No Pedestrians Involved,Dry,No Unusual Conditions,Dark - No Street Light,Violation Driver 1,Controls Functioning,Clear,Head On,Intersection,Other Vehicle,Not Applicable,Not Applicable,At,,False,False,107084,SANTA CLARA ST,SIXTEENTH ST,37.34342051,-121.8752888
3164,722180,CR-0000103446,0,1,0,0,24-076-0305,False,False,0,3/16/2024 10:00:00 AM,Crossing - Not In Crosswalk,Dry,No Unusual Conditions,Daylight,Violation Driver 1,No Controls Present/Factor,Clear,Vehicle/Pedestrian,Intersection,Pedestrian,West,East,At,PED,True,False,107084,SANTA CLARA ST,SIXTEENTH ST,37.34342051,-121.8752888
3165,692524,CR-0000097816,0,0,0,0,23-077-4002,False,True,51,3/16/2023 8:00:00 PM,No Pedestrians Involved,Unknown,Unknown,Unknown,Unknown,Unknown,Unknown,Sideswipe,Non-Related,Parked Vehicle,Not Applicable,Not Applicable,North Of,,False,False,59663,FIFTEENTH ST,SAN ANTONIO ST,37.33971577,-121.8737929
3166,681377,CR-0000090765,0,0,0,0,22-018-0609,False,False,162,1/18/2022 3:09:00 PM,No Pedestrians Involved,Dry,No Unusual Conditions,Daylight,Violation Driver 1,No Controls Present/Factor,Clear,Sideswipe,Non-Related,Parked Vehicle,Not Applicable,Not Applicable,South Of,,True,False,91629,MINNESOTA AV,NEWPORT AV,37.30173516,-121.901278
3167,681395,CR-0000090785,0,1,0,0,22-020-0238,False,False,0,1/20/2022 9:33:00 AM,Crossing - Not In Crosswalk,Dry,No Unusual Conditions,Daylight,Violation Driver 1,No Controls Present/Factor,Clear,Vehicle/Pedestrian,Intersection,Pedestrian,West,East,At,PEDESTRIAN,False,False,91629,MINNESOTA AV,NEWPORT AV,37.30173516,-121.901278
3168,690578,CR-0000096699,1,0,0,0,23-026-0673,False,False,110,1/26/2023 5:22:00 PM,No Pedestrians Involved,Dry,No Unusual Conditions,Dusk - Dawn,Violation Driver 1,No Controls Present/Factor,Clear,Rear End,Non-Related,Other Vehicle,Not Applicable,Not Applicable,East Of,,True,False,91629,MINNESOTA AV,NEWPORT AV,37.30173516,-121.901278
3169,689859,CR-0000095885,1,0,0,0,22-336-0612,False,False,118,12/2/2022 5:10:00 PM,No Pedestrians Involved,Dry,No Unusual Conditions,Dark - Street Light,Violation Driver 1,No Controls Present/Factor,Clear,Rear End,Non-Related,Other Vehicle,Not Applicable,Not Applicable,East Of,,False,False,91629,MINNESOTA AV,NEWPORT AV,37.30173516,-121.901278
3170,682465,CR-0000092030,1,1,0,0,22-118-0967,False,False,0,4/28/2022 9:08:00 PM,No Pedestrians Involved,Dry,No Unusual Conditions,Dark - Street Light,Violation Driver 1,Controls Functioning,Clear,Broadside,Intersection,Other Vehicle,Not Applicable,Not Applicable,At,,False,False,84039,LINCOLN AV,PAULA ST,37.31416658,-121.9054134
3171,691249,CR-0000097474,1,0,0,0,23-032-0580,False,False,0,2/1/2023 3:29:00 PM,No Pedestrians Involved,Dry,No Unusual Conditions,Daylight,Violation Driver 1,No Controls Present/Factor,Clear,Rear End,Intersection,Other Vehicle,Not Applicable,Not Applicable,At,,True,False,84039,LINCOLN AV,PAULA ST,37.31416658,-121.9054134
3172,696226,CR-0000099371,0,0,0,0,23-112-4001,False,True,51,4/21/2023 11:00:00 PM,No Pedestrians Involved,Unknown,Unknown,Unknown,Unknown,Unknown,Unknown,Other,Non-Related,Parked Vehicle,Not Applicable,Not Applicable,East Of,,False,False,40534,CLINTONIA AV,COE AV,37.31444046,-121.8994933
3173,681296,CR-0000090682,0,0,0,0,22-011-4000,False,False,,1/10/2022 10:00:00 AM,No Pedestrians Involved,Unknown,Unknown,Daylight,Unknown,Unknown,Unknown,Rear End,Related,Unknown,Not Applicable,Not Applicable,Unknown,,False,False,25695,BROADWAY AV/PLAZA DR,COE AV,37.31398012,-121.9004822
3174,715907,CR-0000101917,0,0,0,0,23-353-0051,False,False,20,12/19/2023 1:30:00 AM,No Pedestrians Involved,Dry,No Unusual Conditions,Dark - Street Light,Violation Driver 1,Controls Functioning,Clear,Sideswipe,Related,Parked Vehicle,Not Applicable,Not Applicable,North Of,,False,False,50170,DELMAS AV,SNYDER AV,37.31343614,-121.8933253
3175,683219,CR-0000092782,0,0,0,0,22-095-4001,False,True,51,4/3/2022 4:45:00 AM,No Pedestrians Involved,Unknown,Unknown,Daylight,Unknown,Unknown,Unknown,Sideswipe,Non-Related,Parked Vehicle,Not Applicable,Not Applicable,West Of,,False,False,9536,ASBURY ST,IRENE ST,37.34610165,-121.9078881
3176,690014,CR-0000096061,0,1,0,0,22-283-0284,False,False,0,10/10/2022 9:36:00 AM,No Pedestrians Involved,Dry,Loose Material On Roadway,Daylight,Unknown,No Controls Present/Factor,Clear,Head On,Intersection,Other Vehicle,Not Applicable,Not Applicable,At,,False,True,9536,ASBURY ST,IRENE ST,37.34610165,-121.9078881
3177,681824,CR-0000091233,0,0,0,0,22-086-0047,False,False,60,3/27/2022 1:06:00 AM,No Pedestrians Involved,Dry,Unknown,Dark - Street Light,Violation Driver 1,Controls Functioning,Clear,Rear End,Non-Related,Parked Vehicle,Not Applicable,Not Applicable,Unknown,,False,False,88000,MARKET ST,ST JOHN ST,37.33717127,-121.8933309
3178,683530,CR-0000093129,0,0,0,0,22-204-0317,False,False,20,7/23/2022 10:56:00 AM,No Pedestrians Involved,Dry,No Unusual Conditions,Daylight,Violation Driver 1,No Controls Present/Factor,Clear,Rear End,Related,Other Vehicle,Not Applicable,Not Applicable,West Of,,False,True,88000,MARKET ST,ST JOHN ST,37.33717127,-121.8933309
3179,685445,CR-0000094189,0,0,0,0,22-267-0117,False,False,24,9/24/2022 1:54:00 AM,Crossing - Not In Crosswalk,Dry,No Unusual Conditions,Dark - Street Light,Violation Driver 1,Controls Functioning,Clear,Rear End,Related,Other Vehicle,Not Applicable,Not Applicable,South Of,,False,False,88000,MARKET ST,ST JOHN ST,37.33717127,-121.8933309
3180,685323,CR-0000094004,0,0,0,0,22-252-0977,False,False,0,9/9/2022 9:00:00 PM,No Pedestrians Involved,Dry,Unknown,Dark - Street Light,Violation Driver 1,Controls Functioning,Clear,Rear End,Intersection,Other Vehicle,Not Applicable,Not Applicable,At,,True,True,88000,MARKET ST,ST JOHN ST,37.33717127,-121.8933309
3181,691274,CR-0000097519,0,0,0,0,23-051-4001,False,True,51,2/17/2023 5:15:00 PM,No Pedestrians Involved,Unknown,Unknown,Unknown,Unknown,Unknown,Unknown,Rear End,Non-Related,Parked Vehicle,Not Applicable,Not Applicable,West Of,,False,False,88000,MARKET ST,ST JOHN ST,37.33717127,-121.8933309
3182,694198,CR-0000098077,0,0,0,0,23-077-0035,False,False,126,3/18/2023 12:45:00 AM,No Pedestrians Involved,Dry,No Unusual Conditions,Dark - Street Light,Violation Driver 1,No Controls Present/Factor,Clear,Sideswipe,Non-Related,Parked Vehicle,Not Applicable,Not Applicable,South Of,,True,False,88000,MARKET ST,ST JOHN ST,37.33717127,-121.8933309
3183,712088,CR-0000101325,0,0,0,0,23-345-9706,False,True,0,12/8/2023 11:00:00 PM,No Pedestrians Involved,Dry,No Unusual Conditions,Dark - Street Light,Unknown,Controls Functioning,Clear,Sideswipe,Intersection,Other Vehicle,Not Applicable,Not Applicable,At,,False,False,88000,MARKET ST,ST JOHN ST,37.33717127,-121.8933309
3184,719701,CR-0000102873,0,0,0,0,24-013-4002,False,True,51,1/13/2024 1:38:00 AM,No Pedestrians Involved,Unknown,Unknown,Unknown,Unknown,Unknown,Unknown,Other,Non-Related,Parked Vehicle,Not Applicable,Not Applicable,Unknown,,False,False,88000,MARKET ST,ST JOHN ST,37.33717127,-121.8933309
3185,687600,CR-0000094393,1,0,0,0,22-266-0613,False,False,32,9/23/2022 3:33:00 PM,No Pedestrians Involved,Dry,No Unusual Conditions,Daylight,Violation Driver 1,Controls Functioning,Clear,Sideswipe,Related,Other Vehicle,Not Applicable,Not Applicable,West Of,,False,False,59861,FIFTH ST,REED ST,37.32910052,-121.8795645
3186,689303,CR-0000095263,0,0,0,0,22-344-9707,False,True,0,12/8/2022 4:50:00 AM,No Pedestrians Involved,Dry,No Unusual Conditions,Dark - Street Light,Unknown,Controls Functioning,Cloudy,Sideswipe,Intersection,Other Vehicle,Not Applicable,Not Applicable,At,,False,False,59861,FIFTH ST,REED ST,37.32910052,-121.8795645
3187,690673,CR-0000096807,0,0,0,0,23-018-0460,False,False,0,1/18/2023 1:23:00 PM,No Pedestrians Involved,Dry,No Unusual Conditions,Daylight,Violation Driver 1,Controls Functioning,Clear,Rear End,Intersection,Parked Vehicle,Not Applicable,Not Applicable,At,,False,True,59861,FIFTH ST,REED ST,37.32910052,-121.8795645
3188,695862,CR-0000098927,0,0,0,0,23-097-0362,False,False,52,4/7/2023 12:16:00 PM,No Pedestrians Involved,Dry,No Unusual Conditions,Daylight,Violation Driver 1,Controls Functioning,Clear,Rear End,Non-Related,Other Vehicle,Not Applicable,Not Applicable,East Of,,False,False,59861,FIFTH ST,REED ST,37.32910052,-121.8795645
3189,721964,CR-0000103218,0,0,0,0,24-050-4000,False,True,0,2/18/2024 3:30:00 PM,No Pedestrians Involved,Unknown,Unknown,Unknown,Unknown,Unknown,Unknown,Sideswipe,Intersection,Other Vehicle,Not Applicable,Not Applicable,At,,False,False,59861,FIFTH ST,REED ST,37.32910052,-121.8795645
3190,722234,CR-0000103500,0,0,0,0,24-087-9707,False,True,0,3/22/2024 11:35:00 AM,No Pedestrians Involved,Dry,No Unusual Conditions,Daylight,Unknown,No Controls Present/Factor,Clear,Sideswipe,Intersection,Other Vehicle,Not Applicable,Not Applicable,At,,False,False,59861,FIFTH ST,REED ST,37.32910052,-121.8795645
3191,690261,CR-0000096352,0,0,0,0,22-267-4002,False,True,,9/24/2022 8:40:00 AM,No Pedestrians Involved,Unknown,Unknown,Daylight,Unknown,Unknown,Unknown,Other,Non-Related,Parked Vehicle,Not Applicable,Not Applicable,South Of,,False,False,33890,CARRIE ST,FIFTH ST,37.3283298,-121.8789888
3192,688727,CR-0000094552,0,0,0,0,22-221-4002,False,True,,8/9/2022 3:40:00 PM,No Pedestrians Involved,Unknown,Unknown,Daylight,Unknown,Unknown,Unknown,Sideswipe,Non-Related,Other Vehicle,Not Applicable,Not Applicable,Unknown,,False,True,87757,MARGARET WY/JUNIPERO SERRA FR,SEVENTH ST,37.32830224,-121.876078
3193,682943,CR-0000092536,0,0,0,0,22-163-0334,False,False,80,6/11/2022 9:30:00 AM,No Pedestrians Involved,Dry,No Unusual Conditions,Daylight,Violation Driver 1,No Controls Present/Factor,Clear,Sideswipe,Non-Related,Parked Vehicle,Not Applicable,Not Applicable,West Of,,False,True,103432,REED ST,SIXTH ST,37.32962065,-121.8784817
3194,691230,CR-0000097454,0,0,0,0,23-052-0041,False,False,216,2/21/2023 1:10:00 AM,No Pedestrians Involved,Dry,No Unusual Conditions,Dark - Street Light,Violation Driver 1,No Controls Present/Factor,Clear,Rear End,Non-Related,Parked Vehicle,Not Applicable,Not Applicable,South Of,,False,False,103432,REED ST,SIXTH ST,37.32962065,-121.8784817
3195,696294,CR-0000099450,0,1,0,0,23-287-0965,False,False,0,10/14/2023 10:07:00 PM,No Pedestrians Involved,Dry,No Unusual Conditions,Dark - Street Light,Violation Driver 1,No Controls Present/Factor,Clear,Other,Intersection,Non-Collision,Not Applicable,Not Applicable,At,,True,False,103432,REED ST,SIXTH ST,37.32962065,-121.8784817
3196,696089,CR-0000099224,3,2,0,0,23-116-0476,True,False,0,4/26/2023 2:03:00 PM,No Pedestrians Involved,Dry,No Unusual Conditions,Daylight,Violation Driver 1,Controls Functioning,Clear,Broadside,Intersection,Other Vehicle,Not Applicable,Not Applicable,At,"Curb, Light pole, Sign",False,False,103432,REED ST,SIXTH ST,37.32962065,-121.8784817