_id,CrashFactId,Name,MinorInjuries,ModerateInjuries,SevereInjuries,FatalInjuries,TcrNumber,CityDamageFlag,ShortFormFlag,Distance,CrashDateTime,PedestrianAction,RoadwaySurface,RoadwayCondition,Lighting,PrimaryCollisionFactor,TrafficControl,Weather,CollisionType,ProximityToIntersection,VehicleInvolvedWith,PedestrianDirectionFrom,PedestrianDirectionTo,DirectionFromIntersection,Comment,SpeedingFlag,HitAndRunFlag,IntersectionNumber,AStreetName,BStreetName,Latitude,Longitude
3197,681866,CR-0000091347,0,1,0,0,22-063-0596,False,False,0,3/4/2022 4:14:00 PM,Crossing In Crosswalk - At Intersection,Dry,No Unusual Conditions,Daylight,Violation Driver 1,Controls Functioning,Clear,Vehicle/Pedestrian,Intersection,Pedestrian,North,South,At,PEDESTRIAN,False,False,56847,EMPIRE ST,FOURTH ST,37.34630706,-121.8938446
3198,682125,CR-0000091678,0,0,0,0,22-071-9707,False,True,0,3/10/2022 4:30:00 AM,No Pedestrians Involved,Dry,No Unusual Conditions,Daylight,Unknown,Controls Functioning,Clear,Broadside,Intersection,Other Vehicle,Not Applicable,Not Applicable,At,,False,False,56847,EMPIRE ST,FOURTH ST,37.34630706,-121.8938446
3199,694373,CR-0000098317,1,0,0,0,23-165-0631,False,False,51,6/14/2023 4:46:00 PM,No Pedestrians Involved,Dry,No Unusual Conditions,Daylight,Violation Driver 1,Controls Functioning,Clear,Rear End,Non-Related,Other Vehicle,Not Applicable,Not Applicable,North Of,,False,False,56847,EMPIRE ST,FOURTH ST,37.34630706,-121.8938446
3200,681906,CR-0000091397,0,0,0,0,22-054-0842,False,False,51,2/23/2022 8:10:00 PM,No Pedestrians Involved,Dry,No Unusual Conditions,Dark - Street Light,Violation Driver 1,No Controls Present/Factor,Clear,Head On,Non-Related,Other Vehicle,Not Applicable,Not Applicable,North Of,,True,True,110505,ST JOHN ST,THIRTY THIRD ST,37.352514,-121.8604106
3201,699235,CR-0000100557,0,0,0,0,23-182-4005,False,True,0,6/28/2023 6:30:00 PM,No Pedestrians Involved,Unknown,Unknown,Unknown,Unknown,Unknown,Unknown,Broadside,Intersection,Other Vehicle,Not Applicable,Not Applicable,At,,False,False,110505,ST JOHN ST,THIRTY THIRD ST,37.352514,-121.8604106
3202,689532,CR-0000095509,0,0,0,0,22-358-0340,False,False,38,12/24/2022 11:36:00 AM,No Pedestrians Involved,Dry,No Unusual Conditions,Daylight,Violation Driver 1,Controls Functioning,Clear,Sideswipe,Related,Parked Vehicle,Not Applicable,Not Applicable,East Of,,True,True,110351,ST JAMES ST,THIRTY THIRD ST,37.35445715,-121.8623015
3203,711558,CR-0000101527,0,0,0,0,23-362-0207,False,False,50,12/28/2023 8:49:00 AM,No Pedestrians Involved,Dry,No Unusual Conditions,Daylight,Violation Driver 1,No Controls Present/Factor,Cloudy,Rear End,Related,Other Vehicle,Not Applicable,Not Applicable,East Of,,True,True,110351,ST JAMES ST,THIRTY THIRD ST,37.35445715,-121.8623015
3204,687500,CR-0000094290,1,0,0,0,22-259-0256,False,False,0,9/16/2022 9:02:00 AM,No Pedestrians Involved,Dry,No Unusual Conditions,Daylight,Violation Driver 1,No Controls Present/Factor,Clear,Broadside,Intersection,Motor Vehicle On Other Roadway,Not Applicable,Not Applicable,At,,False,False,109471,SIXTH ST,TAYLOR ST,37.35161933,-121.894874
3205,685104,CR-0000093776,0,0,0,0,22-228-0473,False,False,0,8/16/2022 12:23:00 PM,No Pedestrians Involved,Dry,Construction - Repair Zone,Daylight,Violation Driver 1,Controls Not Functioning,Clear,Broadside,Intersection,Other Vehicle,Not Applicable,Not Applicable,At,,False,False,109471,SIXTH ST,TAYLOR ST,37.35161933,-121.894874
3206,685078,CR-0000093748,1,1,0,0,22-216-0845,False,False,0,8/4/2022 7:30:00 PM,No Pedestrians Involved,Dry,Construction - Repair Zone,Dusk - Dawn,Violation Driver 1,No Controls Present/Factor,Clear,Broadside,Intersection,Other Vehicle,Not Applicable,Not Applicable,At,,False,False,109471,SIXTH ST,TAYLOR ST,37.35161933,-121.894874
3207,715840,CR-0000101930,0,0,0,0,23-223-0208,False,False,,8/11/2023 8:37:00 AM,No Pedestrians Involved,Dry,No Unusual Conditions,Daylight,Violation Driver 1,No Controls Present/Factor,Clear,Rear End,Related,Other Vehicle,Not Applicable,Not Applicable,East Of,,True,False,108371,SEVENTH ST,TAYLOR ST,37.35211974,-121.8938229
3208,716066,CR-0000102020,3,0,0,0,24-010-0146,False,False,150,1/10/2024 7:43:00 AM,No Pedestrians Involved,Dry,No Unusual Conditions,Daylight,Violation Driver 1,Unknown,Cloudy,Broadside,Non-Related,Other Vehicle,Not Applicable,Not Applicable,North Of,,False,False,108371,SEVENTH ST,TAYLOR ST,37.35211974,-121.8938229
3209,721978,CR-0000103232,0,0,0,0,24-051-0765,False,False,85,2/20/2024 4:00:00 PM,No Pedestrians Involved,Wet,No Unusual Conditions,Dark - Street Light,Violation Driver 1,Controls Functioning,Clear,Rear End,Non-Related,Other Vehicle,Not Applicable,Not Applicable,West Of,,False,True,108371,SEVENTH ST,TAYLOR ST,37.35211974,-121.8938229
3210,722472,CR-0000103777,0,0,0,0,24-125-4003,False,True,0,4/13/2024 2:28:00 PM,No Pedestrians Involved,Unknown,Unknown,Unknown,Unknown,Unknown,Unknown,Rear End,Intersection,Other Vehicle,Not Applicable,Not Applicable,At,,False,False,108371,SEVENTH ST,TAYLOR ST,37.35211974,-121.8938229
3211,688769,CR-0000094604,0,0,0,0,22-242-4001,False,True,51,8/30/2022 12:00:00 AM,No Pedestrians Involved,Unknown,Unknown,Unknown,Unknown,Unknown,Unknown,Other,Non-Related,Unknown,Not Applicable,Not Applicable,East Of,,False,True,51303,DOBBIN DR,KING RD,37.36467001,-121.8672787
3212,688779,CR-0000094623,0,0,0,0,22-297-4002,False,True,51,10/23/2022 9:35:00 PM,No Pedestrians Involved,Unknown,Unknown,Unknown,Unknown,Unknown,Unknown,Rear End,Non-Related,Unknown,Not Applicable,Not Applicable,East Of,,False,True,51303,DOBBIN DR,KING RD,37.36467001,-121.8672787
3213,682925,CR-0000092463,0,0,0,0,22-046-4003,False,True,51,2/12/2022 4:15:00 PM,No Pedestrians Involved,Unknown,Unknown,Daylight,Unknown,Unknown,Unknown,Rear End,Non-Related,Parked Vehicle,Not Applicable,Not Applicable,East Of,,False,False,51303,DOBBIN DR,KING RD,37.36467001,-121.8672787
3214,682440,CR-0000092004,0,0,0,0,22-109-0127,False,False,270,4/19/2022 6:37:00 AM,No Pedestrians Involved,Wet,Reduced Roadway Width,Dusk - Dawn,Violation Driver 1,No Controls Present/Factor,Rain,Sideswipe,Non-Related,Other Vehicle,Not Applicable,Not Applicable,North Of,,False,False,51303,DOBBIN DR,KING RD,37.36467001,-121.8672787
3215,699327,CR-0000100654,0,0,0,0,23-180-4002,False,True,51,6/28/2023 9:30:00 AM,No Pedestrians Involved,Unknown,Unknown,Unknown,Unknown,Unknown,Unknown,Other,Non-Related,Parked Vehicle,Not Applicable,Not Applicable,East Of,,False,False,51303,DOBBIN DR,KING RD,37.36467001,-121.8672787
3216,719779,CR-0000102952,0,0,0,0,24-033-4001,False,True,51,2/2/2024 7:00:00 PM,No Pedestrians Involved,Unknown,Unknown,Unknown,Unknown,Unknown,Unknown,Sideswipe,Non-Related,Parked Vehicle,Not Applicable,Not Applicable,East Of,,False,False,51303,DOBBIN DR,KING RD,37.36467001,-121.8672787
3217,683388,CR-0000092981,0,0,0,0,22-179-0810,False,False,465,6/28/2022 6:40:00 PM,No Pedestrians Involved,Dry,No Unusual Conditions,Daylight,Violation Driver 1,No Controls Present/Factor,Clear,Broadside,Non-Related,Parked Vehicle,Not Applicable,Not Applicable,South Of,,False,True,36178,CERRO VERDE,VIA DE ADRIANNA/DE LOS GRANDE,37.22151392,-121.8871391
3218,722352,CR-0000103646,0,0,0,0,24-094-0716,True,False,0,4/3/2024 5:45:00 PM,No Pedestrians Involved,Dry,No Unusual Conditions,Daylight,Other Than Driver,No Controls Present/Factor,Clear,Hit Object,Intersection,Fixed Object,Not Applicable,Not Applicable,At,TREE,False,False,18820,BIRKENSHAW PL,BRANHAM LN,37.2658085,-121.8535147
3219,684932,CR-0000093647,1,0,0,0,22-235-0837,False,False,0,8/23/2022 5:37:00 PM,No Pedestrians Involved,Dry,No Unusual Conditions,Daylight,Violation Driver 1,Controls Functioning,Clear,Broadside,Intersection,Other Vehicle,Not Applicable,Not Applicable,At,,False,True,36926,CHARMERAN AV,LEIGH AV,37.25830878,-121.9217955
3220,684684,CR-0000093312,0,1,0,0,22-169-0448,False,False,0,6/18/2022 12:57:00 PM,No Pedestrians Involved,Dry,No Unusual Conditions,Daylight,Bike At Fault,Controls Functioning,Clear,Vehicle/Bike,Intersection,Bike,Not Applicable,Not Applicable,At,BIKE,False,False,36926,CHARMERAN AV,LEIGH AV,37.25830878,-121.9217955
3221,716181,CR-0000102126,1,0,0,0,24-025-0676,False,False,241,1/25/2024 5:17:00 PM,No Pedestrians Involved,Dry,No Unusual Conditions,Dark - Street Light,Violation Driver 1,No Controls Present/Factor,Clear,Broadside,Non-Related,Other Vehicle,Not Applicable,Not Applicable,West Of,,False,False,66615,GLEN PINE DR,MINNESOTA AV,37.30254672,-121.8995724
3222,683117,CR-0000092679,1,0,0,0,22-160-0702,False,False,0,6/9/2022 5:44:00 PM,No Pedestrians Involved,Dry,No Unusual Conditions,Daylight,Violation Driver 1,Controls Functioning,Clear,Rear End,Intersection,Other Vehicle,Not Applicable,Not Applicable,At,,True,False,83930,LINCOLN AV,MINNESOTA AV,37.30361564,-121.8973115
3223,687498,CR-0000094288,0,0,0,0,22-258-1027,True,False,0,9/15/2022 10:37:00 PM,No Pedestrians Involved,Dry,No Unusual Conditions,Dark - Street Light,Violation Driver 1,Controls Functioning,Clear,Hit Object,Intersection,Fixed Object,Not Applicable,Not Applicable,At,LIGHT POLE,False,True,83930,LINCOLN AV,MINNESOTA AV,37.30361564,-121.8973115
3224,688868,CR-0000094724,0,0,0,0,22-268-4000,False,True,51,9/24/2022 10:58:00 AM,No Pedestrians Involved,Unknown,Unknown,Daylight,Unknown,Unknown,Unknown,Sideswipe,Non-Related,Other Vehicle,Not Applicable,Not Applicable,North Of,,False,True,83930,LINCOLN AV,MINNESOTA AV,37.30361564,-121.8973115
3225,683208,CR-0000092775,0,0,0,0,22-104-4000,False,True,0,4/1/2022 8:49:00 AM,No Pedestrians Involved,Unknown,Unknown,Daylight,Unknown,Unknown,Unknown,Rear End,Intersection,Other Vehicle,Not Applicable,Not Applicable,At,,False,False,83930,LINCOLN AV,MINNESOTA AV,37.30361564,-121.8973115
3226,681577,CR-0000090974,1,1,0,0,22-043-0429,False,False,0,2/12/2022 1:30:00 PM,No Pedestrians Involved,Dry,No Unusual Conditions,Daylight,Violation Driver 1,Controls Functioning,Clear,Broadside,Intersection,Other Vehicle,Not Applicable,Not Applicable,At,,False,False,83930,LINCOLN AV,MINNESOTA AV,37.30361564,-121.8973115
3227,694507,CR-0000098501,0,1,0,0,23-176-0140,True,False,0,6/25/2023 2:35:00 AM,No Pedestrians Involved,Dry,No Unusual Conditions,Dark - Street Light,Violation Driver 1,Controls Functioning,Clear,Hit Object,Intersection,Fixed Object,Not Applicable,Not Applicable,At,SIGNAL POLE,False,False,83930,LINCOLN AV,MINNESOTA AV,37.30361564,-121.8973115
3228,694595,CR-0000098619,1,0,0,0,23-203-0663,False,False,24,7/22/2023 6:50:00 PM,Crossing In Crosswalk - At Intersection,Dry,No Unusual Conditions,Daylight,Violation Driver 1,Controls Functioning,Clear,Vehicle/Pedestrian,Related,Pedestrian,South,North,West Of,PED,False,False,83930,LINCOLN AV,MINNESOTA AV,37.30361564,-121.8973115
3229,696477,CR-0000099654,0,1,0,0,23-305-0192,False,False,8,11/1/2023 7:40:00 AM,No Pedestrians Involved,Dry,No Unusual Conditions,Daylight,Violation Driver 1,Controls Functioning,Clear,Broadside,Related,Other Vehicle,Not Applicable,Not Applicable,North Of,,False,False,83930,LINCOLN AV,MINNESOTA AV,37.30361564,-121.8973115
3230,690218,CR-0000096307,0,0,0,0,22-274-9703,False,True,0,9/30/2022 3:00:00 PM,No Pedestrians Involved,Dry,No Unusual Conditions,Daylight,Unknown,Controls Functioning,Clear,Rear End,Intersection,Other Vehicle,Not Applicable,Not Applicable,At,,False,False,83930,LINCOLN AV,MINNESOTA AV,37.30361564,-121.8973115
3231,690152,CR-0000096240,0,0,0,0,22-323-9706,False,True,51,11/17/2022 7:50:00 AM,No Pedestrians Involved,Dry,No Unusual Conditions,Daylight,Unknown,Unknown,Clear,Rear End,Non-Related,Other Vehicle,Not Applicable,Not Applicable,North Of,,False,True,83930,LINCOLN AV,MINNESOTA AV,37.30361564,-121.8973115
3232,690947,CR-0000097117,1,0,0,0,23-032-0406,False,False,0,2/1/2023 12:00:00 PM,No Pedestrians Involved,Dry,No Unusual Conditions,Daylight,Violation Driver 1,Controls Functioning,Clear,Rear End,Intersection,Other Vehicle,Not Applicable,Not Applicable,At,,False,False,83930,LINCOLN AV,MINNESOTA AV,37.30361564,-121.8973115
3233,720916,CR-0000103143,0,0,0,0,24-037-4000,False,True,50,1/31/2024 7:45:00 AM,No Pedestrians Involved,Unknown,Unknown,Unknown,Unknown,Unknown,Unknown,Rear End,Related,Other Vehicle,Not Applicable,Not Applicable,North Of,,False,True,83930,LINCOLN AV,MINNESOTA AV,37.30361564,-121.8973115
3234,684941,CR-0000093650,1,1,0,0,22-235-0842,False,False,0,8/23/2022 5:40:00 PM,No Pedestrians Involved,Dry,No Unusual Conditions,Daylight,Violation Driver 1,No Controls Present/Factor,Clear,Broadside,Intersection,Other Vehicle,Not Applicable,Not Applicable,At,,False,False,75690,IRIS CT,MINNESOTA AV,37.30291857,-121.8987908
3235,681309,CR-0000090696,0,0,0,0,22-013-4001,False,True,51,1/11/2022 3:00:00 AM,No Pedestrians Involved,Unknown,Unknown,Unknown,Unknown,Unknown,Unknown,Other,Non-Related,Parked Vehicle,Not Applicable,Not Applicable,North Of,,False,False,19469,BLEWETT AV,MINNESOTA AV,37.30427779,-121.8962211
3236,690440,CR-0000096544,0,0,0,0,22-094-4004,False,True,,4/3/2022 3:00:00 PM,No Pedestrians Involved,Unknown,Unknown,Daylight,Unknown,Unknown,Unknown,Head On,Related,Other Vehicle,Not Applicable,Not Applicable,Unknown,,False,False,19469,BLEWETT AV,MINNESOTA AV,37.30427779,-121.8962211
3237,697583,CR-0000099796,0,0,1,0,23-270-0668,False,False,0,9/27/2023 4:36:00 PM,Crossing - Not In Crosswalk,Dry,No Unusual Conditions,Daylight,Violation Driver 1,No Controls Present/Factor,Clear,Vehicle/Pedestrian,Intersection,Pedestrian,South,North,At,PED,False,False,47200,CURTISS AV,MINNESOTA AV,37.30611671,-121.8931913
3238,694353,CR-0000098297,0,1,0,0,23-162-0667,False,False,225,6/11/2023 6:30:00 PM,No Pedestrians Involved,Dry,No Unusual Conditions,Daylight,Violation Driver 1,No Controls Present/Factor,Clear,Broadside,Non-Related,Parked Vehicle,Not Applicable,Not Applicable,South Of,,False,False,80728,KOTENBERG AV,LONGLEY AV,37.30659796,-121.8953573
3239,682312,CR-0000091875,0,1,0,0,22-097-0112,False,False,17,4/7/2022 5:09:00 AM,No Pedestrians Involved,Dry,No Unusual Conditions,Dark - Street Light,Violation Driver 1,Controls Functioning,Clear,Broadside,Related,Other Vehicle,Not Applicable,Not Applicable,West Of,,True,False,79441,KING RD,MABURY RD,37.3668084,-121.8693652
3240,681387,CR-0000090777,0,0,0,0,22-019-0341,True,False,,1/19/2022 11:09:00 AM,No Pedestrians Involved,Dry,Construction - Repair Zone,Daylight,Violation Driver 1,Controls Functioning,Clear,Hit Object,Related,Fixed Object,Not Applicable,Not Applicable,Unknown,TRAFFIC SIGNAL,False,False,79441,KING RD,MABURY RD,37.3668084,-121.8693652
3241,690776,CR-0000096914,0,0,0,0,23-008-0530,False,False,500,1/8/2023 4:37:00 PM,No Pedestrians Involved,Wet,No Unusual Conditions,Dark - Street Light Not Functioning,Violation Driver 1,Controls Functioning,Rain,Sideswipe,Non-Related,Parked Vehicle,Not Applicable,Not Applicable,East Of,,False,False,79441,KING RD,MABURY RD,37.3668084,-121.8693652
3242,698884,CR-0000100180,1,0,0,0,23-305-0857,False,False,0,11/1/2023 7:36:00 PM,No Pedestrians Involved,Dry,No Unusual Conditions,Dark - Street Light,Violation Driver 1,Controls Functioning,Clear,Broadside,Intersection,Other Vehicle,Not Applicable,Not Applicable,At,,False,True,79441,KING RD,MABURY RD,37.3668084,-121.8693652
3243,698858,CR-0000100141,1,0,0,0,23-349-9706,False,True,0,12/5/2023 7:30:00 PM,No Pedestrians Involved,Dry,No Unusual Conditions,Dark - Street Light,Unknown,Controls Functioning,Clear,Rear End,Intersection,Other Vehicle,Not Applicable,Not Applicable,At,,False,False,79441,KING RD,MABURY RD,37.3668084,-121.8693652
3244,696238,CR-0000099384,0,1,0,0,23-155-0700,False,False,90,6/4/2023 6:44:00 PM,No Pedestrians Involved,Dry,No Unusual Conditions,Daylight,Violation Driver 1,Controls Functioning,Clear,Rear End,Non-Related,Other Vehicle,Not Applicable,Not Applicable,West Of,,True,True,79441,KING RD,MABURY RD,37.3668084,-121.8693652
3245,722179,CR-0000103445,0,0,0,0,24-076-0294,False,False,107,3/16/2024 9:48:00 AM,No Pedestrians Involved,Dry,No Unusual Conditions,Daylight,Unknown,No Controls Present/Factor,Unknown,Hit Object,Non-Related,Animal,Not Applicable,Not Applicable,East Of,DOG,False,True,79441,KING RD,MABURY RD,37.3668084,-121.8693652
3246,711833,CR-0000101180,0,0,0,0,23-307-9702,False,True,51,11/3/2023 8:05:00 AM,No Pedestrians Involved,Unknown,Unknown,Unknown,Unknown,Unknown,Unknown,Sideswipe,Non-Related,Other Vehicle,Not Applicable,Not Applicable,Unknown,,False,False,79441,KING RD,MABURY RD,37.3668084,-121.8693652
3247,690989,CR-0000097160,1,0,0,0,23-034-0148,False,False,0,2/3/2023 5:56:00 AM,No Pedestrians Involved,Wet,No Unusual Conditions,Dark - Street Light,Violation Driver 1,No Controls Present/Factor,Rain,Vehicle/Bike,Intersection,Bike,Not Applicable,Not Applicable,At,,False,False,15080,BAYSHORE WEST,HEDDING ST,37.36194607,-121.8859766
3248,712015,CR-0000101485,0,0,0,0,23-258-9705,False,True,51,9/15/2023 6:00:00 AM,No Pedestrians Involved,Dry,No Unusual Conditions,Dark - Street Light,Unknown,No Controls Present/Factor,Clear,Head On,Non-Related,Parked Vehicle,Not Applicable,Not Applicable,Unknown,,False,False,15080,BAYSHORE WEST,HEDDING ST,37.36194607,-121.8859766
3249,689976,CR-0000096056,1,0,0,0,22-302-0242,False,False,0,10/29/2022 8:20:00 AM,No Pedestrians Involved,Dry,Unknown,Daylight,Violation Driver 1,Controls Functioning,Clear,Head On,Intersection,Other Vehicle,Not Applicable,Not Applicable,At,,False,True,84644,LOCHRIDGE DR,SCHULTE DR,37.36144868,-121.862171
3250,699246,CR-0000100568,0,0,0,0,23-168-0598,False,False,63,6/17/2023 5:46:00 PM,No Pedestrians Involved,Dry,No Unusual Conditions,Daylight,Violation Driver 1,No Controls Present/Factor,Clear,Rear End,Non-Related,Parked Vehicle,Not Applicable,Not Applicable,East Of,,True,True,84644,LOCHRIDGE DR,SCHULTE DR,37.36144868,-121.862171
3251,722136,CR-0000103401,0,0,0,0,24-072-4003,False,True,51,3/12/2024 5:40:00 AM,No Pedestrians Involved,Unknown,Unknown,Unknown,Unknown,Unknown,Unknown,Rear End,Non-Related,Parked Vehicle,Not Applicable,Not Applicable,East Of,,False,False,15102,BAYSHORE WEST,NINETEENTH ST,37.36194123,-121.8853331
3252,698636,CR-0000099860,0,0,0,0,23-146-9704,False,True,,5/26/2023 9:26:00 AM,No Pedestrians Involved,Dry,No Unusual Conditions,Daylight,Unknown,Controls Functioning,Clear,Rear End,Related,Other Vehicle,Not Applicable,Not Applicable,West Of,,False,False,14960,BAYSHORE FR,JULIAN ST,37.35317711,-121.8672439
3253,692381,CR-0000097663,1,0,0,0,23-076-0472,False,False,0,3/17/2023 12:47:00 PM,No Pedestrians Involved,Dry,No Unusual Conditions,Daylight,Unknown,Controls Functioning,Clear,Head On,Intersection,Other Vehicle,Not Applicable,Not Applicable,At,,False,False,14960,BAYSHORE FR,JULIAN ST,37.35317711,-121.8672439
3254,695851,CR-0000098916,0,0,0,0,23-105-0866,False,False,38,4/15/2023 9:33:00 PM,No Pedestrians Involved,Dry,No Unusual Conditions,Dark - Street Light,Violation Driver 1,Unknown,Clear,Sideswipe,Related,Parked Vehicle,Not Applicable,Not Applicable,West Of,,False,False,91960,MISSION ST,TWENTIETH ST,37.36026349,-121.8828096
3255,683233,CR-0000092870,0,0,0,0,22-154-4006,False,True,51,6/3/2022 3:25:00 PM,No Pedestrians Involved,Unknown,Unknown,Daylight,Unknown,Unknown,Unknown,Rear End,Non-Related,Other Vehicle,Not Applicable,Not Applicable,East Of,,False,True,71488,HEDDING ST,NINTH ST,37.35740128,-121.8949095
3256,681300,CR-0000090686,0,0,0,0,22-011-0027,False,False,0,1/11/2022 12:35:00 AM,No Pedestrians Involved,Dry,No Unusual Conditions,Dark - Street Light,Violation Driver 1,Controls Functioning,Clear,Hit Object,Intersection,Fixed Object,Not Applicable,Not Applicable,At,TRAFFIC/LIGHT POLE,False,False,121142,DOT WY,MABURY RD,37.36374052,-121.8740253
3257,698937,CR-0000100239,1,0,0,0,23-322-0617,False,False,0,11/18/2023 4:52:00 PM,No Pedestrians Involved,Dry,No Unusual Conditions,Daylight,Violation Driver 1,Controls Functioning,Clear,Broadside,Intersection,Other Vehicle,Not Applicable,Not Applicable,At,,False,False,106700,SAN PEDRO ST,TAYLOR ST,37.34800283,-121.9025414
3258,712036,CR-0000101216,0,0,0,0,23-318-0677,False,False,200,11/14/2023 5:37:00 PM,No Pedestrians Involved,Dry,No Unusual Conditions,Dark - Street Light,Violation Driver 1,Unknown,Clear,Other,Non-Related,Other Vehicle,Not Applicable,Not Applicable,West Of,,False,False,106700,SAN PEDRO ST,TAYLOR ST,37.34800283,-121.9025414
3259,689616,CR-0000095598,1,0,0,0,22-149-0920,False,False,,5/29/2022 9:31:00 PM,No Pedestrians Involved,Dry,No Unusual Conditions,Dark - Street Light,Violation Driver 1,Controls Functioning,Clear,Broadside,Related,Other Vehicle,Not Applicable,Not Applicable,East Of,,False,True,59707,FIFTEENTH ST,SANTA CLARA ST,37.34297837,-121.8762177
3260,690370,CR-0000096465,0,0,0,0,22-124-0687,False,False,16,5/4/2022 5:55:00 PM,No Pedestrians Involved,Dry,No Unusual Conditions,Daylight,Violation Driver 1,Controls Functioning,Clear,Sideswipe,Related,Other Vehicle,Not Applicable,Not Applicable,South Of,,False,False,79540,KING RD,SAN ANTONIO ST,37.34984953,-121.8526505
3261,682845,CR-0000092437,0,0,0,0,22-161-0857,False,False,96,6/10/2022 7:00:00 PM,No Pedestrians Involved,Dry,No Unusual Conditions,Daylight,Violation Driver 1,Controls Functioning,Clear,Rear End,Non-Related,Other Vehicle,Not Applicable,Not Applicable,South Of,,True,True,79540,KING RD,SAN ANTONIO ST,37.34984953,-121.8526505
3262,682279,CR-0000091842,1,0,0,0,22-115-0115,False,False,0,4/25/2022 6:18:00 AM,No Pedestrians Involved,Dry,No Unusual Conditions,Daylight,Violation Driver 1,Controls Functioning,Clear,Broadside,Intersection,Other Vehicle,Not Applicable,Not Applicable,At,,False,True,79540,KING RD,SAN ANTONIO ST,37.34984953,-121.8526505
3263,681769,CR-0000091169,1,0,0,0,22-043-0195,False,False,0,2/12/2022 7:46:00 AM,No Pedestrians Involved,Dry,No Unusual Conditions,Daylight,Violation Driver 1,Controls Functioning,Clear,Sideswipe,Intersection,Other Vehicle,Not Applicable,Not Applicable,At,,False,False,79540,KING RD,SAN ANTONIO ST,37.34984953,-121.8526505
3264,684674,CR-0000093301,0,0,0,0,22-175-9707,False,True,51,6/13/2022 5:23:00 PM,No Pedestrians Involved,Dry,No Unusual Conditions,Daylight,Unknown,Controls Functioning,Clear,Sideswipe,Non-Related,Parked Vehicle,Not Applicable,Not Applicable,East Of,,False,False,79540,KING RD,SAN ANTONIO ST,37.34984953,-121.8526505
3265,688965,CR-0000094825,0,0,0,0,22-287-0247,False,False,0,10/14/2022 9:00:00 AM,No Pedestrians Involved,Dry,No Unusual Conditions,Daylight,Violation Driver 1,No Controls Present/Factor,Clear,Rear End,Intersection,Other Vehicle,Not Applicable,Not Applicable,At,,False,False,79540,KING RD,SAN ANTONIO ST,37.34984953,-121.8526505
3266,696251,CR-0000099398,1,0,0,0,23-190-0769,False,False,0,7/9/2023 9:23:00 PM,No Pedestrians Involved,Dry,No Unusual Conditions,Dark - Street Light,Violation Driver 1,No Controls Present/Factor,Clear,Sideswipe,Intersection,Other Vehicle,Not Applicable,Not Applicable,At,,False,False,79540,KING RD,SAN ANTONIO ST,37.34984953,-121.8526505
3267,695994,CR-0000099129,0,0,0,0,23-229-9702,False,True,,8/1/2023 1:00:00 PM,No Pedestrians Involved,Dry,No Unusual Conditions,Unknown,Unknown,Unknown,Clear,Sideswipe,Related,Other Vehicle,Not Applicable,Not Applicable,West Of,,False,False,79540,KING RD,SAN ANTONIO ST,37.34984953,-121.8526505
3268,691043,CR-0000097215,1,0,0,0,23-049-0774,False,False,0,2/18/2023 8:07:00 PM,No Pedestrians Involved,Dry,No Unusual Conditions,Dark - Street Light,Violation Driver 1,Controls Functioning,Clear,Sideswipe,Intersection,Other Vehicle,Not Applicable,Not Applicable,At,,False,False,79540,KING RD,SAN ANTONIO ST,37.34984953,-121.8526505
3269,715888,CR-0000101875,0,0,0,0,24-036-9706,False,True,0,12/21/2023 11:40:00 AM,No Pedestrians Involved,Dry,No Unusual Conditions,Daylight,Unknown,Controls Functioning,Clear,Sideswipe,Intersection,Other Vehicle,Not Applicable,Not Applicable,At,,False,False,79540,KING RD,SAN ANTONIO ST,37.34984953,-121.8526505
3270,722103,CR-0000103359,0,0,0,0,24-069-4000,False,True,51,3/8/2024 8:18:00 PM,No Pedestrians Involved,Unknown,Unknown,Unknown,Unknown,Unknown,Unknown,Rear End,Non-Related,Parked Vehicle,Not Applicable,Not Applicable,West Of,,False,False,79540,KING RD,SAN ANTONIO ST,37.34984953,-121.8526505
3271,722057,CR-0000103311,0,0,0,0,24-075-4005,False,True,51,3/1/2024 8:15:00 PM,No Pedestrians Involved,Unknown,Unknown,Unknown,Unknown,Unknown,Unknown,Sideswipe,Non-Related,Parked Vehicle,Not Applicable,Not Applicable,West Of,,False,False,79540,KING RD,SAN ANTONIO ST,37.34984953,-121.8526505
3272,681189,CR-0000090571,1,0,0,0,22-001-0812,False,False,88,1/1/2022 8:17:00 PM,No Pedestrians Involved,Dry,No Unusual Conditions,Dark - Street Light,Violation Driver 1,Controls Functioning,Clear,Rear End,Non-Related,Other Vehicle,Not Applicable,Not Applicable,North Of,,True,False,18105,BEVERLY BL,KING RD,37.35392656,-121.8567315
3273,690954,CR-0000097124,1,0,0,0,23-043-0331,False,False,0,2/12/2023 12:27:00 PM,No Pedestrians Involved,Dry,No Unusual Conditions,Daylight,Violation Driver 1,Controls Functioning,Clear,Broadside,Intersection,Other Vehicle,Not Applicable,Not Applicable,At,,False,False,18105,BEVERLY BL,KING RD,37.35392656,-121.8567315
3274,692506,CR-0000097795,0,0,0,0,23-070-0394,False,False,72,3/11/2023 12:11:00 PM,No Pedestrians Involved,Dry,No Unusual Conditions,Daylight,Violation Driver 1,No Controls Present/Factor,Clear,Sideswipe,Non-Related,Parked Vehicle,Not Applicable,Not Applicable,South Of,,False,True,18105,BEVERLY BL,KING RD,37.35392656,-121.8567315