_id,CrashFactId,Name,MinorInjuries,ModerateInjuries,SevereInjuries,FatalInjuries,TcrNumber,CityDamageFlag,ShortFormFlag,Distance,CrashDateTime,PedestrianAction,RoadwaySurface,RoadwayCondition,Lighting,PrimaryCollisionFactor,TrafficControl,Weather,CollisionType,ProximityToIntersection,VehicleInvolvedWith,PedestrianDirectionFrom,PedestrianDirectionTo,DirectionFromIntersection,Comment,SpeedingFlag,HitAndRunFlag,IntersectionNumber,AStreetName,BStreetName,Latitude,Longitude
3275,698717,CR-0000099966,0,0,0,0,23-148-0440,False,False,217,5/28/2023 12:50:00 PM,No Pedestrians Involved,Dry,No Unusual Conditions,Daylight,Violation Driver 1,No Controls Present/Factor,Clear,Sideswipe,Non-Related,Other Vehicle,Not Applicable,Not Applicable,North Of,,True,True,18105,BEVERLY BL,KING RD,37.35392656,-121.8567315
3276,683467,CR-0000093064,0,0,0,0,22-084-0975,False,False,22,3/25/2022 11:18:00 PM,No Pedestrians Involved,Dry,No Unusual Conditions,Dark - No Street Light,Violation Driver 1,No Controls Present/Factor,Clear,Sideswipe,Related,Parked Vehicle,Not Applicable,Not Applicable,East Of,,False,False,89429,MCDONALD AV,ST JAMES ST,37.35586526,-121.8599806
3277,682653,CR-0000092229,0,0,0,0,22-136-0186,True,False,30,5/16/2022 6:11:00 AM,No Pedestrians Involved,Dry,No Unusual Conditions,Daylight,Violation Driver 1,No Controls Present/Factor,Clear,Hit Object,Related,Fixed Object,Not Applicable,Not Applicable,West Of,Light Pole,False,False,21702,BONITA AV,WILLIAM CT,37.34376958,-121.8585589
3278,681879,CR-0000091360,0,0,0,0,22-036-0163,False,False,0,2/5/2022 3:53:00 AM,No Pedestrians Involved,Dry,No Unusual Conditions,Dusk - Dawn,Violation Driver 1,Controls Functioning,Clear,Rear End,Intersection,Parked Vehicle,Not Applicable,Not Applicable,At,,False,True,21702,BONITA AV,WILLIAM CT,37.34376958,-121.8585589
3279,691006,CR-0000097177,0,0,0,0,23-057-0805,False,False,84,2/26/2023 7:15:00 PM,No Pedestrians Involved,Wet,No Unusual Conditions,Dark - Street Light,Violation Driver 1,No Controls Present/Factor,Cloudy,Sideswipe,Non-Related,Parked Vehicle,Not Applicable,Not Applicable,South Of,,False,True,6390,ALVIN AV,TIERRA BUENA DR,37.31511557,-121.8236569
3280,720880,CR-0000103083,0,0,0,0,24-027-0737,False,False,0,1/27/2024 9:24:00 PM,No Pedestrians Involved,Dry,No Unusual Conditions,Dark - Street Light,Violation Driver 1,Controls Functioning,Clear,Broadside,Intersection,Other Vehicle,Not Applicable,Not Applicable,At,,True,True,6390,ALVIN AV,TIERRA BUENA DR,37.31511557,-121.8236569
3281,681202,CR-0000090587,0,0,0,0,22-003-0089,True,False,250,1/3/2022 2:58:00 AM,No Pedestrians Involved,Dry,No Unusual Conditions,Dark - Street Light,Violation Driver 1,Controls Functioning,Clear,Hit Object,Non-Related,Fixed Object,Not Applicable,Not Applicable,West Of,LIGHT POLE AND TREE,False,False,123188,BAYSHORE FR,YERBA BUENA RD,37.29446866,-121.8103414
3282,691201,CR-0000097404,0,0,0,0,23-059-9702,False,True,,2/27/2023 6:30:00 PM,No Pedestrians Involved,Wet,No Unusual Conditions,Daylight,Unknown,Controls Functioning,Rain,Other,Related,Other Vehicle,Not Applicable,Not Applicable,East Of,,False,False,123188,BAYSHORE FR,YERBA BUENA RD,37.29446866,-121.8103414
3283,690788,CR-0000096926,0,0,0,0,23-018-4001,False,True,0,1/18/2023 6:42:00 AM,No Pedestrians Involved,Unknown,Unknown,Daylight,Unknown,Unknown,Unknown,Sideswipe,Intersection,Other Vehicle,Not Applicable,Not Applicable,At,,False,False,123188,BAYSHORE FR,YERBA BUENA RD,37.29446866,-121.8103414
3284,699033,CR-0000100339,1,0,0,0,23-190-9703,False,True,,7/9/2023 1:55:00 PM,No Pedestrians Involved,Dry,No Unusual Conditions,Daylight,Unknown,Controls Functioning,Clear,Rear End,Related,Other Vehicle,Not Applicable,Not Applicable,Unknown,,False,False,123188,BAYSHORE FR,YERBA BUENA RD,37.29446866,-121.8103414
3285,694416,CR-0000098370,0,1,0,0,23-155-0439,False,False,0,6/4/2023 1:08:00 PM,No Pedestrians Involved,Dry,No Unusual Conditions,Daylight,Violation Driver 1,Controls Functioning,Clear,Broadside,Intersection,Other Vehicle,Not Applicable,Not Applicable,At,,False,False,123188,BAYSHORE FR,YERBA BUENA RD,37.29446866,-121.8103414
3286,683128,CR-0000092700,0,0,0,0,22-088-4001,False,True,,2/11/2022 3:40:00 PM,No Pedestrians Involved,Unknown,Unknown,Daylight,Unknown,Unknown,Unknown,Rear End,Related,Other Vehicle,Not Applicable,Not Applicable,West Of,,False,False,123177,BAYSHORE FR/DOVE HILL RD,YERBA BUENA RD,37.29563659,-121.8085168
3287,698840,CR-0000100123,0,0,0,0,23-359-0018,False,False,0,12/25/2023 12:14:00 AM,No Pedestrians Involved,Dry,No Unusual Conditions,Dark - Street Light,Violation Driver 1,Controls Functioning,Clear,Rear End,Intersection,Other Vehicle,Not Applicable,Not Applicable,At,,False,True,123177,BAYSHORE FR/DOVE HILL RD,YERBA BUENA RD,37.29563659,-121.8085168
3288,690534,CR-0000096655,0,0,0,0,22-350-4002,False,True,,12/15/2022 10:27:00 PM,No Pedestrians Involved,Unknown,Unknown,Unknown,Unknown,Unknown,Unknown,Other,Related,Other Vehicle,Not Applicable,Not Applicable,Unknown,,False,False,123177,BAYSHORE FR/DOVE HILL RD,YERBA BUENA RD,37.29563659,-121.8085168
3289,719674,CR-0000102845,0,0,0,0,24-016-4000,False,True,0,1/14/2024 8:00:00 PM,No Pedestrians Involved,Unknown,Unknown,Unknown,Unknown,Unknown,Unknown,Broadside,Intersection,Other Vehicle,Not Applicable,Not Applicable,At,,False,False,123177,BAYSHORE FR/DOVE HILL RD,YERBA BUENA RD,37.29563659,-121.8085168
3290,699353,CR-0000100680,0,0,0,0,23-192-4003,False,True,0,7/10/2023 4:00:00 PM,No Pedestrians Involved,Unknown,Unknown,Unknown,Unknown,Unknown,Unknown,Rear End,Intersection,Other Vehicle,Not Applicable,Not Applicable,At,,False,False,57100,ENESCO AV,KING RD,37.31648377,-121.8202813
3291,716163,CR-0000102161,1,0,0,0,24-030-0380,False,False,18,1/30/2024 11:15:00 AM,No Pedestrians Involved,Dry,No Unusual Conditions,Daylight,Violation Driver 1,Controls Functioning,Clear,Sideswipe,Related,Other Vehicle,Not Applicable,Not Applicable,East Of,,False,False,57100,ENESCO AV,KING RD,37.31648377,-121.8202813
3292,716039,CR-0000101873,0,0,0,0,23-312-9708,False,True,0,11/7/2023 9:45:00 AM,No Pedestrians Involved,Dry,No Unusual Conditions,Daylight,Unknown,Unknown,Clear,Sideswipe,Intersection,Parked Vehicle,Not Applicable,Not Applicable,At,,False,True,6380,ALVIN AV,SARALYNN DR,37.31400338,-121.8225876
3293,682325,CR-0000091888,1,0,0,0,22-098-0512,False,False,0,4/8/2022 2:34:00 PM,No Pedestrians Involved,Dry,No Unusual Conditions,Daylight,Violation Driver 1,Controls Functioning,Clear,Rear End,Intersection,Other Vehicle,Not Applicable,Not Applicable,At,,False,False,79562,KING RD,SARALYNN DR,37.31591987,-121.8197465
3294,718483,CR-0000102571,1,0,0,0,24-061-0184,False,False,0,3/1/2024 8:44:00 AM,No Pedestrians Involved,Wet,No Unusual Conditions,Daylight,Bike At Fault,Controls Functioning,Clear,Vehicle/Bike,Intersection,Bike,Not Applicable,Not Applicable,At,BIKE,False,False,79562,KING RD,SARALYNN DR,37.31591987,-121.8197465
3295,681591,CR-0000090989,0,0,0,0,22-071-4001,False,True,51,2/13/2022 4:00:00 PM,No Pedestrians Involved,Unknown,Unknown,Daylight,Unknown,Unknown,Unknown,Other,Non-Related,Parked Vehicle,Not Applicable,Not Applicable,East Of,,False,False,48630,DARRYDOON CT,WAYCROSS RD,37.29751126,-121.8156508
3296,716276,CR-0000102250,0,1,0,0,24-042-0700,True,False,448,2/11/2024 8:44:00 PM,No Pedestrians Involved,Dry,No Unusual Conditions,Dark - Street Light,Violation Driver 1,No Controls Present/Factor,Clear,Hit Object,Non-Related,Fixed Object,Not Applicable,Not Applicable,West Of,FENCE,False,False,86569,MABURY RD,TIMOTHY DR,37.36258446,-121.8778546
3297,684700,CR-0000093329,1,0,0,0,22-176-0246,False,False,120,6/25/2022 10:46:00 AM,No Pedestrians Involved,Dry,No Unusual Conditions,Daylight,Violation Driver 1,No Controls Present/Factor,Clear,Broadside,Non-Related,Parked Vehicle,Not Applicable,Not Applicable,East Of,,True,False,30887,CAMINO RAMON/HICKS AV,MINNESOTA AV,37.30103307,-121.9056751
3298,719787,CR-0000102961,0,0,0,0,24-036-4017,False,True,0,2/3/2024 5:10:00 PM,No Pedestrians Involved,Unknown,Unknown,Unknown,Unknown,Unknown,Unknown,Other,Intersection,Other Vehicle,Not Applicable,Not Applicable,At,,False,False,30887,CAMINO RAMON/HICKS AV,MINNESOTA AV,37.30103307,-121.9056751
3299,684963,CR-0000093658,1,1,0,0,22-236-0641,False,False,0,8/24/2022 3:51:00 PM,No Pedestrians Involved,Dry,No Unusual Conditions,Daylight,Bike At Fault,Controls Functioning,Clear,Vehicle/Bike,Intersection,Bike,Not Applicable,Not Applicable,At,BIKE,False,False,25520,BRITTON AV,CHERRY AV,37.30418537,-121.9054937
3300,696068,CR-0000099203,0,0,0,0,23-021-4001,False,True,51,1/20/2023 5:00:00 PM,No Pedestrians Involved,Unknown,Unknown,Unknown,Unknown,Unknown,Unknown,Other,Non-Related,Other Vehicle,Not Applicable,Not Applicable,South Of,,False,False,22989,BRACE AV,NEWPORT AV,37.30312586,-121.9024082
3301,688800,CR-0000094646,0,0,0,0,22-304-4009,False,True,51,10/31/2022 10:40:00 PM,No Pedestrians Involved,Unknown,Unknown,Unknown,Unknown,Unknown,Unknown,Rear End,Non-Related,Other Vehicle,Not Applicable,Not Applicable,South Of,,False,False,22978,BRACE AV,LINCOLN AV,37.30498433,-121.8985347
3302,689464,CR-0000095441,1,0,0,0,22-361-0707,False,False,0,12/27/2022 7:36:00 PM,Crossing In Crosswalk - At Intersection,Wet,No Unusual Conditions,Dark - Street Light,Violation Driver 1,Controls Functioning,Clear,Vehicle/Pedestrian,Intersection,Pedestrian,East,West,At,PED,True,False,22978,BRACE AV,LINCOLN AV,37.30498433,-121.8985347
3303,690694,CR-0000096829,0,0,0,0,23-019-0941,False,False,329,1/19/2023 11:42:00 PM,No Pedestrians Involved,Dry,No Unusual Conditions,Dark - Street Light,Violation Driver 1,Unknown,Clear,Sideswipe,Non-Related,Parked Vehicle,Not Applicable,Not Applicable,North Of,,False,False,62908,FOURTH ST,JULIAN ST,37.34204723,-121.8906698
3304,691176,CR-0000097378,1,0,0,0,23-052-0300,False,False,0,2/21/2023 10:52:00 AM,No Pedestrians Involved,Dry,No Unusual Conditions,Daylight,Violation Driver 1,Controls Functioning,Clear,Broadside,Intersection,Other Vehicle,Not Applicable,Not Applicable,At,,False,False,62908,FOURTH ST,JULIAN ST,37.34204723,-121.8906698
3305,691096,CR-0000097269,0,0,0,0,23-057-0663,True,False,395,2/26/2023 6:09:00 PM,No Pedestrians Involved,Wet,No Unusual Conditions,Dark - Street Light,Unknown,Unknown,Rain,Rear End,Non-Related,Parked Vehicle,Not Applicable,Not Applicable,East Of,,False,False,62908,FOURTH ST,JULIAN ST,37.34204723,-121.8906698
3306,691332,CR-0000097579,0,0,0,0,23-062-4001,False,True,51,3/3/2023 10:40:00 AM,No Pedestrians Involved,Unknown,Unknown,Daylight,Unknown,Unknown,Unknown,Broadside,Non-Related,Other Vehicle,Not Applicable,Not Applicable,North Of,,False,False,62908,FOURTH ST,JULIAN ST,37.34204723,-121.8906698
3307,691377,CR-0000097626,0,0,0,0,23-067-0347,True,False,0,3/8/2023 12:11:00 PM,No Pedestrians Involved,Dry,No Unusual Conditions,Daylight,Violation Driver 1,Unknown,Clear,Sideswipe,Intersection,Other Vehicle,Not Applicable,Not Applicable,At,Traffic signal pole,True,False,62908,FOURTH ST,JULIAN ST,37.34204723,-121.8906698
3308,695954,CR-0000099087,0,0,0,0,23-224-0028,False,False,144,8/12/2023 12:23:00 AM,No Pedestrians Involved,Dry,No Unusual Conditions,Dark - Street Light,Violation Driver 1,No Controls Present/Factor,Clear,Rear End,Non-Related,Parked Vehicle,Not Applicable,Not Applicable,West Of,,False,True,62908,FOURTH ST,JULIAN ST,37.34204723,-121.8906698
3309,712189,CR-0000101620,1,1,0,0,23-300-0924,False,False,0,10/27/2023 10:24:00 PM,No Pedestrians Involved,Dry,No Unusual Conditions,Dark - Street Light,Violation Driver 1,No Controls Present/Factor,Clear,Head On,Intersection,Other Vehicle,Not Applicable,Not Applicable,At,,False,False,62908,FOURTH ST,JULIAN ST,37.34204723,-121.8906698
3310,690640,CR-0000096762,0,0,0,0,23-031-0742,False,False,75,1/31/2023 5:49:00 PM,No Pedestrians Involved,Dry,No Unusual Conditions,Daylight,Violation Driver 1,Unknown,Clear,Rear End,Non-Related,Parked Vehicle,Not Applicable,Not Applicable,East Of,,False,True,20514,BLOSSOM HILL RD,VASSAR DR,37.24066922,-121.8925435
3311,690641,CR-0000096763,1,0,0,0,23-018-0992,False,False,0,1/18/2023 11:35:00 PM,No Pedestrians Involved,Wet,No Unusual Conditions,Dark - Street Light,Violation Driver 1,No Controls Present/Factor,Rain,Other,Intersection,Non-Collision,Not Applicable,Not Applicable,At,,False,False,20514,BLOSSOM HILL RD,VASSAR DR,37.24066922,-121.8925435
3312,682934,CR-0000092596,1,1,0,0,22-175-0907,False,False,0,6/24/2022 7:00:00 PM,No Pedestrians Involved,Dry,No Unusual Conditions,Daylight,Violation Driver 1,Controls Functioning,Clear,Broadside,Intersection,Other Vehicle,Not Applicable,Not Applicable,At,,False,False,3860,ALLEN AV,SANTA TERESA BL,37.24047222,-121.8579406
3313,690523,CR-0000096638,3,0,0,0,23-029-0356,False,False,0,1/29/2023 10:40:00 AM,No Pedestrians Involved,Wet,No Unusual Conditions,Daylight,Violation Driver 1,Controls Functioning,Rain,Sideswipe,Intersection,Other Vehicle,Not Applicable,Not Applicable,At,,False,False,3860,ALLEN AV,SANTA TERESA BL,37.24047222,-121.8579406
3314,698875,CR-0000100160,2,0,0,0,23-146-0884,False,False,0,5/26/2023 8:35:00 PM,No Pedestrians Involved,Dry,No Unusual Conditions,Dark - Street Light,Violation Driver 1,Controls Functioning,Clear,Broadside,Intersection,Other Vehicle,Not Applicable,Not Applicable,At,,True,False,32625,CAPITOL AV,ROSE AV,37.36108339,-121.8341245
3315,691055,CR-0000097228,1,0,0,0,23-054-0426,False,False,30,2/23/2023 1:30:00 PM,No Pedestrians Involved,Dry,No Unusual Conditions,Daylight,Violation Driver 1,Controls Functioning,Cloudy,Broadside,Related,Other Vehicle,Not Applicable,Not Applicable,South Of,,False,False,80057,KIRK RD,MILROY PL,37.25949437,-121.9052613
3316,716030,CR-0000101958,0,0,0,0,24-002-0799,True,False,161,1/2/2024 10:14:00 PM,No Pedestrians Involved,Wet,No Unusual Conditions,Dark - Street Light,Violation Driver 1,No Controls Present/Factor,Cloudy,Rear End,Non-Related,Other Vehicle,Not Applicable,Not Applicable,North Of,LIGHTPOLE,False,False,30304,CAMDEN AV,PETRI PL,37.2442614,-121.9067614
3317,688732,CR-0000094557,0,0,0,0,22-245-4004,False,True,0,8/19/2022 2:00:00 PM,No Pedestrians Involved,Unknown,Unknown,Daylight,Unknown,Unknown,Unknown,Sideswipe,Intersection,Unknown,Not Applicable,Not Applicable,At,,False,True,63348,FOXWORTHY AV,KIRK RD,37.26973233,-121.9094709
3318,694382,CR-0000098326,2,0,0,0,23-167-0863,False,False,0,6/16/2023 7:20:00 PM,No Pedestrians Involved,Dry,No Unusual Conditions,Daylight,Violation Driver 1,Unknown,Clear,Broadside,Intersection,Other Vehicle,Not Applicable,Not Applicable,At,,False,False,63348,FOXWORTHY AV,KIRK RD,37.26973233,-121.9094709
3319,712181,CR-0000101612,0,0,0,0,23-354-4001,False,True,51,12/20/2023 8:30:00 AM,No Pedestrians Involved,Unknown,Unknown,Unknown,Unknown,Unknown,Unknown,Other,Non-Related,Parked Vehicle,Not Applicable,Not Applicable,West Of,,False,False,63348,FOXWORTHY AV,KIRK RD,37.26973233,-121.9094709
3320,720932,CR-0000103167,0,0,0,0,24-047-0174,False,True,51,2/16/2024 8:49:00 AM,No Pedestrians Involved,Unknown,Unknown,Unknown,Unknown,Unknown,Unknown,Sideswipe,Non-Related,Parked Vehicle,Not Applicable,Not Applicable,West Of,,False,False,63348,FOXWORTHY AV,KIRK RD,37.26973233,-121.9094709
3321,684829,CR-0000093416,0,0,0,0,22-184-0959,False,False,135,7/3/2022 8:19:00 PM,No Pedestrians Involved,Dry,No Unusual Conditions,Dark - Street Light,Violation Driver 1,Controls Not Functioning,Clear,Sideswipe,Non-Related,Parked Vehicle,Not Applicable,Not Applicable,East Of,,True,True,63326,FOXWORTHY AV,JULIO AV,37.26904926,-121.912106
3322,712224,CR-0000101667,0,0,0,0,23-343-4006,False,True,,12/9/2023 12:30:00 PM,No Pedestrians Involved,Unknown,Unknown,Unknown,Unknown,Unknown,Unknown,Other,Related,Parked Vehicle,Not Applicable,Not Applicable,Unknown,,False,False,63326,FOXWORTHY AV,JULIO AV,37.26904926,-121.912106
3323,722224,CR-0000103490,0,0,0,0,24-082-0807,False,False,356,3/22/2024 6:45:00 PM,No Pedestrians Involved,Dry,No Unusual Conditions,Daylight,Violation Driver 1,No Controls Present/Factor,Cloudy,Rear End,Non-Related,Parked Vehicle,Not Applicable,Not Applicable,East Of,,False,True,63326,FOXWORTHY AV,JULIO AV,37.26904926,-121.912106
3324,694805,CR-0000098843,1,0,0,0,23-225-0442,False,False,370,8/13/2023 1:32:00 PM,No Pedestrians Involved,Dry,No Unusual Conditions,Daylight,Violation Driver 1,No Controls Present/Factor,Clear,Broadside,Non-Related,Other Vehicle,Not Applicable,Not Applicable,North Of,,False,False,41580,COLEMAN RD,WINFIELD BL,37.24299549,-121.868973
3325,699295,CR-0000100620,0,0,0,0,23-157-4004,False,True,0,6/6/2023 12:00:00 PM,No Pedestrians Involved,Unknown,Unknown,Unknown,Unknown,Unknown,Unknown,Sideswipe,Intersection,Other Vehicle,Not Applicable,Not Applicable,At,,False,False,41580,COLEMAN RD,WINFIELD BL,37.24299549,-121.868973
3326,691313,CR-0000097558,0,1,0,0,23-026-0613,False,False,,1/26/2023 4:31:00 PM,No Pedestrians Involved,Dry,No Unusual Conditions,Daylight,Violation Driver 1,Controls Functioning,Clear,Vehicle/Bike,Related,Scooter Motorized,Not Applicable,Not Applicable,North Of,MOTO.SCOOTER,False,False,41580,COLEMAN RD,WINFIELD BL,37.24299549,-121.868973
3327,689764,CR-0000095785,0,1,0,0,22-157-0229,False,False,420,6/6/2022 8:27:00 AM,In Road - Includes Shoulder,Dry,No Unusual Conditions,Daylight,Violation Driver 1,No Controls Present/Factor,Clear,Vehicle/Pedestrian,Non-Related,Pedestrian,No Direction (Not Walking),No Direction (Not Walking),North Of,PEDESTRIAN,False,False,6258,ALVERNAZ DR,LARRY CT,37.295169,-121.8174669
3328,685302,CR-0000093983,0,0,0,0,22-246-0817,False,False,30,9/3/2022 8:50:00 PM,No Pedestrians Involved,Dry,No Unusual Conditions,Dark - Street Light,Violation Driver 1,No Controls Present/Factor,Clear,Rear End,Related,Other Vehicle,Not Applicable,Not Applicable,North Of,PD,True,False,48982,DAYLIGHT WY,MONTEREY RD,37.28922215,-121.846907
3329,681899,CR-0000091390,1,0,0,0,22-054-0408,False,False,120,2/23/2022 10:40:00 AM,No Pedestrians Involved,Dry,No Unusual Conditions,Daylight,Violation Driver 1,Controls Functioning,Clear,Broadside,Non-Related,Other Vehicle,Not Applicable,Not Applicable,South Of,,False,False,48982,DAYLIGHT WY,MONTEREY RD,37.28922215,-121.846907
3330,681624,CR-0000091021,0,0,0,0,22-058-0163,False,False,368,2/27/2022 3:36:00 AM,No Pedestrians Involved,Dry,No Unusual Conditions,Dark - Street Light,Violation Driver 1,Controls Functioning,Clear,Hit Object,Non-Related,Fixed Object,Not Applicable,Not Applicable,East Of,FIRE HYDRANT,False,False,2199,AIELLO DR,UMBARGER RD,37.2963873,-121.8499348
3331,682881,CR-0000092462,1,0,0,0,22-164-0131,False,False,0,6/13/2022 4:32:00 AM,No Pedestrians Involved,Dry,No Unusual Conditions,Dark - Street Light,Violation Driver 1,No Controls Present/Factor,Clear,Broadside,Intersection,Other Vehicle,Not Applicable,Not Applicable,At,,False,False,2199,AIELLO DR,UMBARGER RD,37.2963873,-121.8499348
3332,685425,CR-0000094160,0,0,0,0,22-266-0184,True,False,204,9/23/2022 7:30:00 AM,No Pedestrians Involved,Dry,No Unusual Conditions,Daylight,Violation Driver 1,No Controls Present/Factor,Clear,Hit Object,Non-Related,Fixed Object,Not Applicable,Not Applicable,East Of,TELEPHONE POLE,False,False,2199,AIELLO DR,UMBARGER RD,37.2963873,-121.8499348
3333,718501,CR-0000102607,1,0,0,0,24-073-0259,False,False,0,3/13/2024 9:40:00 AM,No Pedestrians Involved,Dry,No Unusual Conditions,Daylight,Violation Driver 1,No Controls Present/Factor,Clear,Rear End,Intersection,Other Vehicle,Not Applicable,Not Applicable,At,,False,False,2199,AIELLO DR,UMBARGER RD,37.2963873,-121.8499348
3334,715993,CR-0000101882,0,0,0,0,23-322-0303,False,False,100,11/18/2023 9:18:00 AM,No Pedestrians Involved,Dry,No Unusual Conditions,Daylight,Violation Driver 1,No Controls Present/Factor,Clear,Head On,Non-Related,Parked Vehicle,Not Applicable,Not Applicable,South Of,,True,True,14475,BATON ROUGE DR,ROUGH AND READY RD,37.37859187,-121.8464899
3335,722092,CR-0000103346,0,0,0,0,24-078-9704,False,True,51,3/6/2024 3:46:00 PM,No Pedestrians Involved,Dry,No Unusual Conditions,Daylight,Unknown,No Controls Present/Factor,Unknown,Sideswipe,Non-Related,Parked Vehicle,Not Applicable,Not Applicable,North Of,,False,False,144016,ALBA CT,SAN MARDO AV,37.38965625,-121.8360176
3336,695944,CR-0000099077,0,0,0,0,23-212-9701,False,True,,7/31/2023 3:00:00 AM,No Pedestrians Involved,Unknown,Unknown,Unknown,Unknown,Unknown,Unknown,Rear End,Related,Other Vehicle,Not Applicable,Not Applicable,Unknown,,False,False,63140,FOX AV,SAN PEDRO ST,37.34249774,-121.8983839
3337,719642,CR-0000102812,0,0,0,0,24-010-4005,False,True,,1/3/2024 5:26:00 PM,No Pedestrians Involved,Unknown,Unknown,Unknown,Unknown,Unknown,Unknown,Other,Related,Parked Vehicle,Not Applicable,Not Applicable,Unknown,,False,False,63140,FOX AV,SAN PEDRO ST,37.34249774,-121.8983839
3338,694360,CR-0000098304,1,0,0,0,23-170-0603,False,False,51,6/19/2023 3:50:00 PM,No Pedestrians Involved,Dry,No Unusual Conditions,Daylight,Violation Driver 1,No Controls Present/Factor,Clear,Vehicle/Bike,Non-Related,Bike,Not Applicable,Not Applicable,West Of,BIKE,False,True,105566,RYLAND ST,SAN PEDRO ST,37.34184097,-121.8980282
3339,722229,CR-0000103495,0,0,0,0,24-082-1008,False,False,205,3/22/2024 11:20:00 PM,No Pedestrians Involved,Wet,No Unusual Conditions,Dark - Street Light,Violation Driver 1,No Controls Present/Factor,Clear,Hit Object,Non-Related,Parked Vehicle,Not Applicable,Not Applicable,West Of,,True,True,105566,RYLAND ST,SAN PEDRO ST,37.34184097,-121.8980282
3340,722232,CR-0000103498,0,0,0,0,24-083-9704,False,True,51,3/22/2024 2:30:00 PM,No Pedestrians Involved,Wet,No Unusual Conditions,Daylight,Unknown,No Controls Present/Factor,Rain,Sideswipe,Non-Related,Parked Vehicle,Not Applicable,Not Applicable,North Of,,False,False,105566,RYLAND ST,SAN PEDRO ST,37.34184097,-121.8980282
3341,684806,CR-0000093431,0,1,0,0,22-185-0477,False,False,364,7/4/2022 1:19:00 PM,No Pedestrians Involved,Dry,No Unusual Conditions,Daylight,Bike At Fault,No Controls Present/Factor,Clear,Vehicle/Bike,Non-Related,Bike,Not Applicable,No Direction (Not Walking),South Of,BIKE,True,False,105577,RYLAND AV,SANTA TERESA ST,37.34092807,-121.9006837
3342,692385,CR-0000097668,0,0,0,0,23-076-0690,False,False,40,3/17/2023 2:15:00 PM,No Pedestrians Involved,Dry,No Unusual Conditions,Daylight,Violation Driver 1,No Controls Present/Factor,Clear,Sideswipe,Related,Parked Vehicle,Not Applicable,Not Applicable,East Of,,False,True,105577,RYLAND AV,SANTA TERESA ST,37.34092807,-121.9006837
3343,682865,CR-0000092418,0,1,0,0,22-146-0840,False,False,0,5/26/2022 5:54:00 PM,Crossing In Crosswalk - At Intersection,Dry,No Unusual Conditions,Daylight,Violation Driver 1,Controls Functioning,Clear,Vehicle/Pedestrian,Intersection,Pedestrian,East,West,At,PEDESTRIAN,False,False,41590,COLEMAN AV,SANTA TERESA ST,37.34165752,-121.9012023
3344,681332,CR-0000090719,0,0,0,0,22-013-0236,False,False,520,1/13/2022 9:24:00 AM,No Pedestrians Involved,Dry,No Unusual Conditions,Daylight,Violation Driver 1,No Controls Present/Factor,Clear,Head On,Non-Related,Parked Vehicle,Not Applicable,Not Applicable,South Of,,True,False,129766,WOODBUROUGH CT,WOODBUROUGH DR,37.33491632,-121.8653925
3345,687496,CR-0000094284,0,0,0,0,22-258-0579,False,False,243,9/15/2022 3:12:00 PM,No Pedestrians Involved,Dry,No Unusual Conditions,Daylight,Violation Driver 1,No Controls Present/Factor,Clear,Head On,Non-Related,Parked Vehicle,Not Applicable,Not Applicable,North Of,,True,False,71642,HEDDING ST,THIRD ST,37.35437725,-121.9012795
3346,689199,CR-0000095112,0,1,0,0,22-297-0704,False,False,0,10/24/2022 5:18:00 PM,No Pedestrians Involved,Dry,No Unusual Conditions,Daylight,Violation Driver 1,No Controls Present/Factor,Clear,Vehicle/Bike,Intersection,Bike,Not Applicable,Not Applicable,At,BIKE,False,False,71642,HEDDING ST,THIRD ST,37.35437725,-121.9012795
3347,688967,CR-0000094826,0,0,1,0,22-287-0812,False,False,0,10/14/2022 6:27:00 PM,No Pedestrians Involved,Dry,No Unusual Conditions,Daylight,Violation Driver 1,Controls Functioning,Clear,Rear End,Intersection,Motorcycle,Not Applicable,Not Applicable,At,MOTORCYCLE,True,False,71576,HEDDING ST,SEVENTH ST,37.35640541,-121.8970134
3348,689367,CR-0000095300,0,1,0,0,22-292-0143,False,False,36,10/19/2022 7:14:00 AM,No Pedestrians Involved,Dry,No Unusual Conditions,Daylight,Violation Driver 1,Controls Functioning,Clear,Rear End,Related,Parked Vehicle,Not Applicable,Not Applicable,West Of,,True,False,71576,HEDDING ST,SEVENTH ST,37.35640541,-121.8970134
3349,689377,CR-0000095382,1,0,0,0,22-318-0616,False,False,0,11/14/2022 3:57:00 PM,No Pedestrians Involved,Dry,No Unusual Conditions,Daylight,Bike At Fault,Unknown,Clear,Vehicle/Bike,Intersection,Bike,Not Applicable,Not Applicable,At,E.BIKE,False,False,71576,HEDDING ST,SEVENTH ST,37.35640541,-121.8970134
3350,684758,CR-0000093461,0,1,0,0,22-209-0689,False,False,0,7/28/2022 5:45:00 PM,No Pedestrians Involved,Dry,No Unusual Conditions,Daylight,Violation Driver 1,Controls Functioning,Clear,Rear End,Intersection,Other Vehicle,Not Applicable,Not Applicable,At,,True,False,71576,HEDDING ST,SEVENTH ST,37.35640541,-121.8970134
3351,684759,CR-0000093459,0,1,0,0,22-209-0671,False,False,0,7/28/2022 5:28:00 PM,No Pedestrians Involved,Dry,No Unusual Conditions,Daylight,Violation Driver 1,Controls Functioning,Clear,Vehicle/Bike,Intersection,Bike,Not Applicable,Not Applicable,At,,False,False,71576,HEDDING ST,SEVENTH ST,37.35640541,-121.8970134