_id,CrashFactId,Name,MinorInjuries,ModerateInjuries,SevereInjuries,FatalInjuries,TcrNumber,CityDamageFlag,ShortFormFlag,Distance,CrashDateTime,PedestrianAction,RoadwaySurface,RoadwayCondition,Lighting,PrimaryCollisionFactor,TrafficControl,Weather,CollisionType,ProximityToIntersection,VehicleInvolvedWith,PedestrianDirectionFrom,PedestrianDirectionTo,DirectionFromIntersection,Comment,SpeedingFlag,HitAndRunFlag,IntersectionNumber,AStreetName,BStreetName,Latitude,Longitude
3352,681599,CR-0000090996,1,0,0,0,22-046-0784,False,False,66,2/15/2022 5:53:00 PM,No Pedestrians Involved,Dry,No Unusual Conditions,Daylight,Violation Driver 1,Controls Functioning,Clear,Rear End,Non-Related,Other Vehicle,Not Applicable,Not Applicable,West Of,,True,False,71576,HEDDING ST,SEVENTH ST,37.35640541,-121.8970134
3353,695841,CR-0000098906,0,0,0,0,23-092-0324,True,False,0,4/2/2023 10:30:00 AM,No Pedestrians Involved,Dry,No Unusual Conditions,Daylight,Violation Driver 1,Controls Functioning,Cloudy,Hit Object,Intersection,Fixed Object,Not Applicable,Not Applicable,At,SIGN,False,False,71576,HEDDING ST,SEVENTH ST,37.35640541,-121.8970134
3354,722015,CR-0000103269,0,0,0,0,24-056-4000,False,True,51,2/25/2024 7:58:00 AM,No Pedestrians Involved,Unknown,Unknown,Unknown,Unknown,Unknown,Unknown,Sideswipe,Non-Related,Other Vehicle,Not Applicable,Not Applicable,Unknown,,False,False,71576,HEDDING ST,SEVENTH ST,37.35640541,-121.8970134
3355,716022,CR-0000101892,1,0,0,0,23-326-0462,False,False,24,11/22/2023 1:14:00 PM,No Pedestrians Involved,Dry,No Unusual Conditions,Daylight,Violation Driver 1,Controls Functioning,Clear,Rear End,Related,Other Vehicle,Not Applicable,Not Applicable,North Of,,True,False,71576,HEDDING ST,SEVENTH ST,37.35640541,-121.8970134
3356,682366,CR-0000091929,0,0,0,0,22-103-0683,False,False,0,4/13/2022 6:38:00 PM,No Pedestrians Involved,Dry,No Unusual Conditions,Daylight,Violation Driver 1,No Controls Present/Factor,Clear,Sideswipe,Intersection,Motor Vehicle On Other Roadway,Not Applicable,Not Applicable,At,,False,True,73864,HORNING ST,TENTH ST,37.36003217,-121.8954561
3357,696387,CR-0000099545,0,0,0,0,23-139-4008,False,True,51,5/19/2023 3:30:00 PM,No Pedestrians Involved,Unknown,Unknown,Daylight,Unknown,Unknown,Unknown,Broadside,Non-Related,Other Vehicle,Not Applicable,Not Applicable,North Of,,False,False,73864,HORNING ST,TENTH ST,37.36003217,-121.8954561
3358,690072,CR-0000096153,0,0,0,0,22-210-9705,False,True,51,7/28/2022 4:00:00 PM,No Pedestrians Involved,Dry,No Unusual Conditions,Daylight,Unknown,Unknown,Clear,Sideswipe,Non-Related,Other Vehicle,Not Applicable,Not Applicable,North Of,,False,True,73864,HORNING ST,TENTH ST,37.36003217,-121.8954561
3359,691211,CR-0000097432,0,0,0,0,22-340-0918,False,False,96,12/6/2022 9:13:00 PM,No Pedestrians Involved,Dry,No Unusual Conditions,Dark - Street Light,Violation Driver 1,No Controls Present/Factor,Clear,Head On,Non-Related,Parked Vehicle,Not Applicable,Not Applicable,East Of,,True,True,73864,HORNING ST,TENTH ST,37.36003217,-121.8954561
3360,722056,CR-0000103310,0,0,0,0,24-062-4005,False,True,51,3/1/2024 3:25:00 PM,No Pedestrians Involved,Unknown,Unknown,Unknown,Unknown,Unknown,Unknown,Broadside,Non-Related,Other Vehicle,Not Applicable,Not Applicable,South Of,,False,False,73864,HORNING ST,TENTH ST,37.36003217,-121.8954561
3361,722502,CR-0000103804,0,0,0,0,24-108-0263,False,False,0,4/17/2024 10:00:00 AM,No Pedestrians Involved,Dry,No Unusual Conditions,Dusk - Dawn,Violation Driver 1,Controls Functioning,Clear,Broadside,Intersection,Other Vehicle,Not Applicable,Not Applicable,At,,False,False,73864,HORNING ST,TENTH ST,37.36003217,-121.8954561
3362,683315,CR-0000092901,0,0,0,0,22-137-0214,False,True,51,5/17/2022 8:08:00 AM,No Pedestrians Involved,Unknown,Unknown,Unknown,Unknown,Unknown,Unknown,Rear End,Non-Related,Other Vehicle,Not Applicable,Not Applicable,South Of,,False,False,117963,MCLAUGHLIN AV,SINCLAIR FR,37.33696094,-121.857845
3363,690905,CR-0000097068,0,0,0,0,23-055-0908,True,False,0,2/24/2023 10:37:00 PM,No Pedestrians Involved,Dry,No Unusual Conditions,Dark - Street Light,Violation Driver 1,No Controls Present/Factor,Clear,Hit Object,Intersection,Fixed Object,Not Applicable,Not Applicable,At,BUSHES,False,False,117963,MCLAUGHLIN AV,SINCLAIR FR,37.33696094,-121.857845
3364,698686,CR-0000099934,1,0,0,0,23-217-0180,False,False,0,8/5/2023 6:10:00 AM,No Pedestrians Involved,Dry,No Unusual Conditions,Daylight,Violation Driver 1,No Controls Present/Factor,Clear,Sideswipe,Intersection,Other Vehicle,Not Applicable,Not Applicable,At,,False,True,117963,MCLAUGHLIN AV,SINCLAIR FR,37.33696094,-121.857845
3365,682292,CR-0000091803,0,0,0,0,22-109-9704,False,True,0,4/12/2022 11:30:00 AM,No Pedestrians Involved,Dry,No Unusual Conditions,Daylight,Unknown,Controls Functioning,Clear,Broadside,Intersection,Other Vehicle,Not Applicable,Not Applicable,At,,False,False,89924,MCLAUGHLIN AV,SINCLAIR FR,37.33593799,-121.856835
3366,682250,CR-0000091816,0,0,0,0,22-126-9706,False,True,0,5/4/2022 7:30:00 AM,No Pedestrians Involved,Dry,No Unusual Conditions,Daylight,Unknown,Controls Functioning,Cloudy,Rear End,Intersection,Other Vehicle,Not Applicable,Not Applicable,At,,False,False,89924,MCLAUGHLIN AV,SINCLAIR FR,37.33593799,-121.856835
3367,682009,CR-0000091518,1,0,0,0,22-075-0136,False,False,0,3/16/2022 6:38:00 AM,No Pedestrians Involved,Dry,No Unusual Conditions,Daylight,Violation Driver 1,Controls Functioning,Clear,Head On,Intersection,Other Vehicle,Not Applicable,Not Applicable,At,,False,False,89924,MCLAUGHLIN AV,SINCLAIR FR,37.33593799,-121.856835
3368,681370,CR-0000090757,1,0,0,0,22-017-0637,False,False,250,1/17/2022 5:59:00 PM,No Pedestrians Involved,Dry,No Unusual Conditions,Dark - Street Light,Violation Driver 1,Controls Functioning,Clear,Rear End,Non-Related,Other Vehicle,Not Applicable,Not Applicable,South Of,,False,False,89924,MCLAUGHLIN AV,SINCLAIR FR,37.33593799,-121.856835
3369,687436,CR-0000094215,1,0,0,0,22-269-0684,False,False,,9/26/2022 5:05:00 PM,Crossing In Crosswalk - At Intersection,Dry,No Unusual Conditions,Daylight,Violation Driver 1,Controls Functioning,Clear,Rear End,Related,Other Vehicle,Not Applicable,Not Applicable,South Of,,True,True,89924,MCLAUGHLIN AV,SINCLAIR FR,37.33593799,-121.856835
3370,696337,CR-0000099493,1,0,0,0,23-300-9703,False,True,0,10/19/2023 3:10:00 PM,No Pedestrians Involved,Dry,No Unusual Conditions,Daylight,Unknown,Controls Functioning,Clear,Rear End,Intersection,Other Vehicle,Not Applicable,Not Applicable,At,,False,False,89924,MCLAUGHLIN AV,SINCLAIR FR,37.33593799,-121.856835
3371,722485,CR-0000103791,0,0,0,0,24-106-0233,False,False,0,4/15/2024 9:20:00 AM,No Pedestrians Involved,Dry,No Unusual Conditions,Daylight,Violation Driver 1,No Controls Present/Factor,Cloudy,Hit Object,Intersection,Fixed Object,Not Applicable,Not Applicable,At,FENCE,True,True,89924,MCLAUGHLIN AV,SINCLAIR FR,37.33593799,-121.856835
3372,719507,CR-0000102627,1,0,0,0,24-091-0156,False,False,62,3/31/2024 3:30:00 AM,No Pedestrians Involved,Dry,No Unusual Conditions,Dark - Street Light,Violation Driver 1,Controls Functioning,Clear,Broadside,Non-Related,Other Vehicle,Not Applicable,Not Applicable,South Of,,True,False,89924,MCLAUGHLIN AV,SINCLAIR FR,37.33593799,-121.856835
3373,712190,CR-0000101621,0,0,0,0,23-287-0359,False,False,82,10/14/2023 10:50:00 AM,No Pedestrians Involved,Dry,No Unusual Conditions,Daylight,Violation Driver 1,Controls Functioning,Clear,Rear End,Non-Related,Other Vehicle,Not Applicable,Not Applicable,South Of,,True,False,89924,MCLAUGHLIN AV,SINCLAIR FR,37.33593799,-121.856835
3374,682007,CR-0000091516,1,0,0,0,22-077-0731,False,False,268,3/18/2022 6:03:00 PM,No Pedestrians Involved,Dry,No Unusual Conditions,Daylight,Violation Driver 1,No Controls Present/Factor,Clear,Sideswipe,Non-Related,Other Vehicle,Not Applicable,Not Applicable,South Of,,True,False,105973,SAN ANTONIO ST,TWENTIETH ST,37.34186699,-121.868319
3375,682536,CR-0000092103,2,0,0,0,22-123-0660,False,False,0,5/3/2022 4:53:00 PM,No Pedestrians Involved,Dry,No Unusual Conditions,Daylight,Violation Driver 1,No Controls Present/Factor,Clear,Head On,Intersection,Other Vehicle,Not Applicable,Not Applicable,At,,True,False,105973,SAN ANTONIO ST,TWENTIETH ST,37.34186699,-121.868319
3376,683322,CR-0000092908,0,0,0,0,22-122-4000,False,False,51,4/30/2022 6:30:00 AM,No Pedestrians Involved,Unknown,Unknown,Daylight,Unknown,Unknown,Unknown,Sideswipe,Non-Related,Parked Vehicle,Not Applicable,Not Applicable,South Of,,False,False,105995,SAN ANTONIO ST,TWENTY FIRST ST,37.34241696,-121.8674403
3377,722109,CR-0000103374,0,0,0,0,24-069-0432,False,False,247,3/9/2024 6:19:00 AM,No Pedestrians Involved,Dry,No Unusual Conditions,Daylight,Violation Driver 1,No Controls Present/Factor,Clear,Hit Object,Non-Related,Fixed Object,Not Applicable,Not Applicable,West Of,,False,True,105995,SAN ANTONIO ST,TWENTY FIRST ST,37.34241696,-121.8674403
3378,722319,CR-0000103613,0,0,0,0,24-090-4007,False,True,51,3/30/2024 6:25:00 PM,No Pedestrians Involved,Unknown,Unknown,Unknown,Unknown,Unknown,Unknown,Other,Non-Related,Parked Vehicle,Not Applicable,Not Applicable,East Of,,False,False,105995,SAN ANTONIO ST,TWENTY FIRST ST,37.34241696,-121.8674403
3379,683041,CR-0000092635,0,0,0,0,22-169-0496,False,False,310,6/17/2022 1:00:00 PM,No Pedestrians Involved,Dry,No Unusual Conditions,Daylight,Violation Driver 1,No Controls Present/Factor,Clear,Sideswipe,Non-Related,Parked Vehicle,Not Applicable,Not Applicable,South Of,,False,True,95820,NINETEENTH ST,SAN ANTONIO ST,37.341326,-121.8691881
3380,688901,CR-0000094760,0,0,0,0,22-277-0898,False,False,110,10/4/2022 8:19:00 PM,No Pedestrians Involved,Dry,No Unusual Conditions,Dark - Street Light,Violation Driver 1,No Controls Present/Factor,Clear,Rear End,Non-Related,Parked Vehicle,Not Applicable,Not Applicable,North Of,,False,False,95820,NINETEENTH ST,SAN ANTONIO ST,37.341326,-121.8691881
3381,699145,CR-0000100462,0,0,0,0,23-161-0899,False,False,39,6/10/2023 10:14:00 PM,No Pedestrians Involved,Dry,No Unusual Conditions,Dark - Street Light,Violation Driver 1,No Controls Present/Factor,Clear,Rear End,Related,Parked Vehicle,Not Applicable,Not Applicable,South Of,,True,False,95820,NINETEENTH ST,SAN ANTONIO ST,37.341326,-121.8691881
3382,717497,CR-0000102539,1,0,0,0,24-074-0643,False,False,0,3/14/2024 4:15:00 PM,No Pedestrians Involved,Dry,No Unusual Conditions,Daylight,Violation Driver 1,No Controls Present/Factor,Clear,Broadside,Intersection,Other Vehicle,Not Applicable,Not Applicable,At,,False,False,60796,FIVE WOUNDS LN,TWENTY EIGHTH ST,37.34985558,-121.8650794
3383,722443,CR-0000103731,0,0,0,0,24-100-0140,False,False,46,4/9/2024 6:02:00 AM,No Pedestrians Involved,Dry,No Unusual Conditions,Daylight,Violation Driver 1,Controls Functioning,Clear,Head On,Related,Parked Vehicle,Not Applicable,Not Applicable,West Of,,True,True,110373,ST JAMES ST,TWENTY EIGHTH ST,37.35167118,-121.8668713
3384,696125,CR-0000099267,0,0,0,0,23-236-0910,False,False,300,8/24/2023 8:53:00 PM,No Pedestrians Involved,Dry,No Unusual Conditions,Dark - Street Light,Violation Driver 1,No Controls Present/Factor,Clear,Rear End,Non-Related,Other Vehicle,Not Applicable,Not Applicable,East Of,,True,True,86470,MABURY RD,OAKLAND RD,37.36402485,-121.8916224
3385,722152,CR-0000103418,0,0,0,0,24-074-9705,False,True,0,3/13/2024 6:00:00 PM,No Pedestrians Involved,Dry,No Unusual Conditions,Daylight,Unknown,No Controls Present/Factor,Clear,Vehicle/Bike,Intersection,Bike,Not Applicable,Not Applicable,At,BIKE,False,False,86470,MABURY RD,OAKLAND RD,37.36402485,-121.8916224
3386,720851,CR-0000103054,0,0,0,0,24-043-4000,False,True,51,2/12/2024 7:15:00 AM,No Pedestrians Involved,Unknown,Unknown,Dusk - Dawn,Unknown,Unknown,Unknown,Sideswipe,Non-Related,Other Vehicle,Not Applicable,Not Applicable,South Of,,False,False,86470,MABURY RD,OAKLAND RD,37.36402485,-121.8916224
3387,719605,CR-0000102762,1,0,0,0,23-083-9709,False,True,51,3/21/2023 1:35:00 PM,No Pedestrians Involved,Slippery (Muddy Oily etc.),No Unusual Conditions,Daylight,Unknown,Controls Functioning,Rain,Broadside,Non-Related,Other Vehicle,Not Applicable,Not Applicable,South Of,,False,False,86470,MABURY RD,OAKLAND RD,37.36402485,-121.8916224
3388,719777,CR-0000102950,0,0,0,0,24-033-0160,True,False,192,2/2/2024 7:15:00 AM,No Pedestrians Involved,Wet,No Unusual Conditions,Daylight,Violation Driver 1,Controls Functioning,Rain,Hit Object,Non-Related,Fixed Object,Not Applicable,Not Applicable,West Of,LIGHTPOLE,True,False,17555,BERRYESSA RD,MABURY RD,37.36291721,-121.8867618
3389,683468,CR-0000093065,2,0,2,0,22-085-0065,True,False,200,3/26/2022 1:28:00 AM,No Pedestrians Involved,Dry,No Unusual Conditions,Dark - Street Light,Violation Driver 1,Controls Functioning,Clear,Head On,Non-Related,Fixed Object,Not Applicable,Not Applicable,West Of,,True,False,107194,SANTA CLARA ST,TWENTY EIGHTH ST,37.34871706,-121.8641341
3390,682284,CR-0000091849,0,0,0,0,22-102-0900,False,False,0,4/12/2022 9:50:00 PM,No Pedestrians Involved,Dry,No Unusual Conditions,Dark - Street Light,Violation Driver 1,Controls Functioning,Clear,Rear End,Intersection,Other Vehicle,Not Applicable,Not Applicable,At,,False,True,107194,SANTA CLARA ST,TWENTY EIGHTH ST,37.34871706,-121.8641341
3391,681483,CR-0000090873,1,0,0,0,22-034-0207,False,False,0,2/3/2022 8:01:00 AM,Crossing In Crosswalk - At Intersection,Dry,No Unusual Conditions,Daylight,Violation Driver 1,Controls Functioning,Clear,Vehicle/Pedestrian,Intersection,Pedestrian,South,North,At,PEDESTRIAN,False,False,107194,SANTA CLARA ST,TWENTY EIGHTH ST,37.34871706,-121.8641341
3392,698867,CR-0000100151,1,0,0,0,23-124-0349,False,False,0,5/4/2023 11:05:00 AM,No Pedestrians Involved,Dry,Unknown,Daylight,Violation Driver 1,Controls Functioning,Clear,Rear End,Intersection,Other Vehicle,Not Applicable,Not Applicable,At,,True,True,107194,SANTA CLARA ST,TWENTY EIGHTH ST,37.34871706,-121.8641341
3393,691005,CR-0000097176,0,0,0,0,23-057-0114,True,False,176,2/26/2023 2:37:00 AM,No Pedestrians Involved,Dry,No Unusual Conditions,Dark - Street Light,Violation Driver 1,Unknown,Clear,Hit Object,Non-Related,Fixed Object,Not Applicable,Not Applicable,East Of,Lightpole,True,True,107194,SANTA CLARA ST,TWENTY EIGHTH ST,37.34871706,-121.8641341
3394,690026,CR-0000096072,1,0,0,0,22-279-9707,False,True,,10/5/2022 7:14:00 PM,No Pedestrians Involved,Dry,No Unusual Conditions,Dark - Street Light,Unknown,Controls Functioning,Clear,Rear End,Related,Other Vehicle,Not Applicable,Not Applicable,West Of,,False,False,107194,SANTA CLARA ST,TWENTY EIGHTH ST,37.34871706,-121.8641341
3395,690182,CR-0000096271,0,0,0,0,22-281-4004,False,True,51,9/8/2022 1:50:00 PM,No Pedestrians Involved,Unknown,Unknown,Unknown,Unknown,Unknown,Unknown,Broadside,Non-Related,Unknown,Not Applicable,Not Applicable,Unknown,,False,False,107194,SANTA CLARA ST,TWENTY EIGHTH ST,37.34871706,-121.8641341
3396,719817,CR-0000102990,0,0,0,0,24-045-9706,False,True,51,2/5/2024 12:10:00 PM,No Pedestrians Involved,Dry,No Unusual Conditions,Dark - Street Light,Unknown,Unknown,Clear,Other,Non-Related,Other Vehicle,Not Applicable,Not Applicable,Unknown,,False,False,107194,SANTA CLARA ST,TWENTY EIGHTH ST,37.34871706,-121.8641341
3397,717472,CR-0000102496,1,0,0,0,24-072-0803,False,False,,3/12/2024 6:57:00 PM,No Pedestrians Involved,Dry,Unknown,Daylight,Violation Driver 1,Controls Functioning,Clear,Rear End,Related,Other Vehicle,Not Applicable,Not Applicable,West Of,,True,False,107194,SANTA CLARA ST,TWENTY EIGHTH ST,37.34871706,-121.8641341
3398,711677,CR-0000101359,0,0,0,0,23-321-0048,False,False,115,11/17/2023 1:24:00 AM,No Pedestrians Involved,Dry,No Unusual Conditions,Dark - Street Light,Violation Driver 1,Controls Functioning,Clear,Rear End,Non-Related,Other Vehicle,Not Applicable,Not Applicable,West Of,,False,True,107194,SANTA CLARA ST,TWENTY EIGHTH ST,37.34871706,-121.8641341
3399,681468,CR-0000090858,0,0,0,0,22-032-4001,False,True,51,2/1/2022 8:40:00 AM,No Pedestrians Involved,Unknown,Unknown,Daylight,Unknown,Unknown,Clear,Other,Non-Related,Other Vehicle,Not Applicable,Not Applicable,North Of,,False,False,110550,ST JOHN ST,TWENTY SIXTH ST,37.34918346,-121.8671589
3400,682336,CR-0000091899,0,0,0,0,22-099-0113,False,False,20,4/9/2022 2:25:00 AM,No Pedestrians Involved,Dry,No Unusual Conditions,Dark - Street Light,Violation Driver 1,No Controls Present/Factor,Clear,Rear End,Related,Parked Vehicle,Not Applicable,Not Applicable,South Of,,False,False,110417,ST JAMES ST,TWENTY SIXTH ST,37.35061121,-121.8685566
3401,689474,CR-0000095451,0,1,0,0,22-337-0413,True,False,300,12/3/2022 2:15:00 PM,No Pedestrians Involved,Wet,Other,Daylight,Violation Driver 1,Unknown,Rain,Hit Object,Non-Related,Fixed Object,Not Applicable,Not Applicable,North Of,Signage,True,False,114608,FOXCHASE DR,SANCHEZ DR,37.25390369,-121.8715685
3402,689678,CR-0000095660,1,0,0,0,22-329-0856,False,False,944,11/25/2022 11:35:00 PM,No Pedestrians Involved,Dry,No Unusual Conditions,Dark - Street Light,Violation Driver 1,No Controls Present/Factor,Clear,Other,Non-Related,Non-Collision,Not Applicable,Not Applicable,North Of,,False,False,114608,FOXCHASE DR,SANCHEZ DR,37.25390369,-121.8715685
3403,694431,CR-0000098394,1,0,0,0,23-159-0252,False,False,0,6/8/2023 10:00:00 AM,No Pedestrians Involved,Dry,No Unusual Conditions,Daylight,Violation Driver 1,No Controls Present/Factor,Clear,Vehicle/Bike,Intersection,Bike,Not Applicable,Not Applicable,At,BIKE,False,False,114608,FOXCHASE DR,SANCHEZ DR,37.25390369,-121.8715685
3404,684845,CR-0000093498,0,0,0,0,22-193-0625,False,False,0,7/12/2022 4:41:00 PM,No Pedestrians Involved,Dry,No Unusual Conditions,Daylight,Violation Driver 1,Controls Functioning,Clear,Rear End,Intersection,Other Vehicle,Not Applicable,Not Applicable,At,,False,True,5390,ALMADEN RD,CURTNER AV,37.29232482,-121.8800742
3405,685411,CR-0000094146,0,0,0,0,22-261-0601,False,False,0,9/18/2022 4:33:00 PM,No Pedestrians Involved,Wet,No Unusual Conditions,Daylight,Violation Driver 1,Controls Functioning,Rain,Rear End,Intersection,Other Vehicle,Not Applicable,Not Applicable,At,,False,True,5390,ALMADEN RD,CURTNER AV,37.29232482,-121.8800742
3406,694689,CR-0000098723,1,0,0,0,23-225-0275,False,False,0,8/13/2023 9:04:00 AM,No Pedestrians Involved,Dry,No Unusual Conditions,Daylight,Violation Driver 1,Controls Functioning,Clear,Broadside,Intersection,Other Vehicle,Not Applicable,Not Applicable,At,,False,False,5390,ALMADEN RD,CURTNER AV,37.29232482,-121.8800742
3407,694675,CR-0000098709,1,1,0,0,23-237-0909,False,False,0,8/25/2023 8:51:00 PM,No Pedestrians Involved,Dry,No Unusual Conditions,Dark - Street Light,Violation Driver 1,Controls Functioning,Clear,Rear End,Intersection,Other Vehicle,Not Applicable,Not Applicable,At,,False,True,5390,ALMADEN RD,CURTNER AV,37.29232482,-121.8800742
3408,696013,CR-0000099148,0,0,0,0,23-212-0536,False,False,51,7/31/2023 11:57:00 AM,No Pedestrians Involved,Dry,No Unusual Conditions,Daylight,Violation Driver 1,No Controls Present/Factor,Clear,Sideswipe,Non-Related,Other Vehicle,Not Applicable,Not Applicable,East Of,,False,True,5390,ALMADEN RD,CURTNER AV,37.29232482,-121.8800742
3409,699174,CR-0000100494,0,0,0,0,23-164-0407,False,False,0,6/13/2023 12:20:00 PM,No Pedestrians Involved,Dry,Unknown,Daylight,Violation Driver 1,Controls Functioning,Clear,Rear End,Intersection,Other Vehicle,Not Applicable,Not Applicable,At,,False,False,5390,ALMADEN RD,CURTNER AV,37.29232482,-121.8800742
3410,690326,CR-0000096420,0,0,0,0,22-240-4002,False,True,0,8/28/2022 2:03:00 PM,No Pedestrians Involved,Unknown,Unknown,Unknown,Unknown,Unknown,Unknown,Broadside,Intersection,Unknown,Not Applicable,Not Applicable,At,,False,True,5390,ALMADEN RD,CURTNER AV,37.29232482,-121.8800742
3411,689989,CR-0000096049,1,0,0,0,22-297-0729,False,False,51,10/24/2022 5:56:00 PM,No Pedestrians Involved,Dry,No Unusual Conditions,Daylight,Violation Driver 1,No Controls Present/Factor,Clear,Sideswipe,Non-Related,Other Vehicle,Not Applicable,Not Applicable,North Of,,True,False,5390,ALMADEN RD,CURTNER AV,37.29232482,-121.8800742
3412,690061,CR-0000096143,0,0,0,0,22-327-0622,True,False,0,11/23/2022 6:45:00 PM,No Pedestrians Involved,Dry,No Unusual Conditions,Dark - Street Light,Violation Driver 1,No Controls Present/Factor,Clear,Hit Object,Intersection,Fixed Object,Not Applicable,Not Applicable,At,SIGN,False,True,5390,ALMADEN RD,CURTNER AV,37.29232482,-121.8800742
3413,689570,CR-0000095547,1,0,0,0,22-361-0425,False,False,0,12/27/2022 1:27:00 PM,No Pedestrians Involved,Wet,No Unusual Conditions,Daylight,Violation Driver 1,Controls Functioning,Rain,Broadside,Intersection,Other Vehicle,Not Applicable,Not Applicable,At,,False,False,5390,ALMADEN RD,CURTNER AV,37.29232482,-121.8800742
3414,712078,CR-0000101203,0,0,0,0,23-333-0891,False,False,98,11/29/2023 9:17:00 PM,No Pedestrians Involved,Dry,No Unusual Conditions,Dark - Street Light,Violation Driver 1,Controls Functioning,Clear,Rear End,Non-Related,Other Vehicle,Not Applicable,Not Applicable,South Of,,True,False,5390,ALMADEN RD,CURTNER AV,37.29232482,-121.8800742
3415,717463,CR-0000102487,1,0,0,0,24-067-0285,False,False,225,3/7/2024 9:53:00 AM,No Pedestrians Involved,Dry,Unknown,Daylight,Violation Driver 1,No Controls Present/Factor,Cloudy,Vehicle/Bike,Non-Related,Scooter Motorized,Not Applicable,Not Applicable,East Of,E.SCOOTER,False,False,5390,ALMADEN RD,CURTNER AV,37.29232482,-121.8800742
3416,686427,CR-0000094197,2,0,0,0,22-249-0225,False,False,0,9/6/2022 8:06:00 AM,No Pedestrians Involved,Dry,No Unusual Conditions,Daylight,Violation Driver 1,No Controls Present/Factor,Clear,Rear End,Intersection,Other Vehicle,Not Applicable,Not Applicable,At,,False,False,4620,ALMADEN EX,CANOAS GARDEN AV,37.29552139,-121.8766998
3417,682945,CR-0000092548,0,0,0,0,22-165-0117,True,False,0,6/14/2022 3:48:00 AM,No Pedestrians Involved,Dry,No Unusual Conditions,Dark - Street Light,Violation Driver 1,No Controls Present/Factor,Clear,Head On,Driveway,Fixed Object,Not Applicable,Not Applicable,At,LIGHT POLE,True,True,4620,ALMADEN EX,CANOAS GARDEN AV,37.29552139,-121.8766998
3418,716321,CR-0000102290,0,1,0,0,24-059-0610,False,False,322,2/28/2024 3:30:00 PM,No Pedestrians Involved,Dry,No Unusual Conditions,Daylight,Violation Driver 1,No Controls Present/Factor,Clear,Overturned,Non-Related,Parked Vehicle,Not Applicable,Not Applicable,West Of,,True,False,4620,ALMADEN EX,CANOAS GARDEN AV,37.29552139,-121.8766998
3419,719720,CR-0000102892,0,0,0,0,24-010-0819,False,False,113,1/10/2024 11:00:00 PM,No Pedestrians Involved,Wet,No Unusual Conditions,Dark - Street Light,Violation Driver 1,No Controls Present/Factor,Clear,Hit Object,Non-Related,Fixed Object,Not Applicable,Not Applicable,West Of,Electric Pole,True,True,4620,ALMADEN EX,CANOAS GARDEN AV,37.29552139,-121.8766998
3420,695894,CR-0000099022,0,0,0,0,23-238-4000,False,True,,8/25/2023 2:30:00 PM,No Pedestrians Involved,Unknown,Unknown,Unknown,Unknown,Unknown,Unknown,Other,Related,Other Vehicle,Not Applicable,Not Applicable,Unknown,,False,False,35463,CECALA DR/FIREFLY DR,REDMOND DR,37.22927424,-121.8784703
3421,689426,CR-0000095397,1,0,0,0,22-320-0593,False,False,0,11/16/2022 4:00:00 PM,No Pedestrians Involved,Dry,No Unusual Conditions,Daylight,Bike At Fault,Controls Functioning,Clear,Vehicle/Bike,Intersection,Bike,Not Applicable,Not Applicable,At,BIKE,False,False,121890,CHYNOWETH AV,PEARL AV,37.25839747,-121.8627833
3422,688878,CR-0000094734,1,0,0,0,22-277-0603,False,False,50,10/4/2022 3:21:00 PM,No Pedestrians Involved,Dry,No Unusual Conditions,Daylight,Violation Driver 1,Controls Functioning,Clear,Rear End,Related,Other Vehicle,Not Applicable,Not Applicable,West Of,,True,False,121890,CHYNOWETH AV,PEARL AV,37.25839747,-121.8627833
3423,722089,CR-0000103343,0,0,0,0,24-066-4004,False,True,0,3/6/2024 11:59:00 AM,No Pedestrians Involved,Unknown,Unknown,Unknown,Unknown,Unknown,Unknown,Other,Intersection,Other Vehicle,Not Applicable,Not Applicable,At,,False,False,121890,CHYNOWETH AV,PEARL AV,37.25839747,-121.8627833
3424,689183,CR-0000095027,0,1,0,0,22-300-0700,False,False,0,10/27/2022 5:27:00 PM,No Pedestrians Involved,Dry,No Unusual Conditions,Daylight,Violation Driver 1,Controls Functioning,Clear,Vehicle/Bike,Intersection,Bike,Not Applicable,Not Applicable,At,,False,True,108162,SENTER RD,TULLY RD,37.30795852,-121.8476539
3425,689154,CR-0000095014,1,0,0,0,22-287-0166,True,False,0,10/14/2022 6:58:00 AM,No Pedestrians Involved,Dry,No Unusual Conditions,Daylight,Violation Driver 1,No Controls Present/Factor,Clear,Hit Object,Intersection,Fixed Object,Not Applicable,Not Applicable,At,POLE,True,False,108162,SENTER RD,TULLY RD,37.30795852,-121.8476539
3426,689445,CR-0000095420,1,0,0,0,22-305-0644,False,False,0,11/1/2022 4:13:00 PM,No Pedestrians Involved,Wet,No Unusual Conditions,Daylight,Violation Driver 1,Controls Functioning,Rain,Rear End,Intersection,Other Vehicle,Not Applicable,Not Applicable,At,,True,False,108162,SENTER RD,TULLY RD,37.30795852,-121.8476539
3427,689352,CR-0000095311,0,0,0,0,22-312-0494,False,False,0,11/8/2022 2:26:00 PM,No Pedestrians Involved,Wet,No Unusual Conditions,Daylight,Violation Driver 1,Controls Functioning,Rain,Broadside,Intersection,Other Vehicle,Not Applicable,Not Applicable,At,,False,True,108162,SENTER RD,TULLY RD,37.30795852,-121.8476539