_id,CrashFactId,Name,MinorInjuries,ModerateInjuries,SevereInjuries,FatalInjuries,TcrNumber,CityDamageFlag,ShortFormFlag,Distance,CrashDateTime,PedestrianAction,RoadwaySurface,RoadwayCondition,Lighting,PrimaryCollisionFactor,TrafficControl,Weather,CollisionType,ProximityToIntersection,VehicleInvolvedWith,PedestrianDirectionFrom,PedestrianDirectionTo,DirectionFromIntersection,Comment,SpeedingFlag,HitAndRunFlag,IntersectionNumber,AStreetName,BStreetName,Latitude,Longitude
3428,685042,CR-0000093711,0,0,0,0,22-250-9707,False,True,51,8/28/2022 2:30:00 PM,No Pedestrians Involved,Dry,No Unusual Conditions,Daylight,Unknown,Controls Functioning,Clear,Rear End,Non-Related,Other Vehicle,Not Applicable,Not Applicable,East Of,,False,False,108162,SENTER RD,TULLY RD,37.30795852,-121.8476539
3429,682993,CR-0000092552,1,0,0,0,22-165-0631,False,False,180,6/14/2022 3:54:00 PM,No Pedestrians Involved,Dry,No Unusual Conditions,Daylight,Violation Driver 1,No Controls Present/Factor,Clear,Rear End,Non-Related,Other Vehicle,Not Applicable,Not Applicable,East Of,,True,False,108162,SENTER RD,TULLY RD,37.30795852,-121.8476539
3430,682221,CR-0000091759,0,0,0,0,22-071-0439,False,False,,3/12/2022 12:50:00 PM,No Pedestrians Involved,Dry,No Unusual Conditions,Daylight,Unknown,No Controls Present/Factor,Clear,Rear End,Related,Other Vehicle,Not Applicable,Not Applicable,South Of,,False,True,108162,SENTER RD,TULLY RD,37.30795852,-121.8476539
3431,682632,CR-0000092208,0,0,0,0,22-159-9702,False,False,0,6/1/2022 7:56:00 AM,No Pedestrians Involved,Dry,No Unusual Conditions,Daylight,Unknown,Controls Functioning,Clear,Sideswipe,Intersection,Other Vehicle,Not Applicable,Not Applicable,At,,False,False,108162,SENTER RD,TULLY RD,37.30795852,-121.8476539
3432,682655,CR-0000092231,1,0,0,0,22-136-0669,False,False,0,5/16/2022 3:40:00 PM,No Pedestrians Involved,Dry,No Unusual Conditions,Daylight,Violation Driver 1,Controls Functioning,Clear,Rear End,Intersection,Other Vehicle,Not Applicable,Not Applicable,At,,False,False,108162,SENTER RD,TULLY RD,37.30795852,-121.8476539
3433,681432,CR-0000090822,0,0,0,0,22-027-0158,False,False,51,1/27/2022 7:41:00 AM,No Pedestrians Involved,Dry,No Unusual Conditions,Daylight,Violation Driver 1,Controls Functioning,Clear,Sideswipe,Non-Related,Other Vehicle,Not Applicable,Not Applicable,West Of,,False,False,108162,SENTER RD,TULLY RD,37.30795852,-121.8476539
3434,681161,CR-0000090543,0,0,0,0,22-015-0704,False,False,0,1/15/2022 8:26:00 PM,No Pedestrians Involved,Dry,No Unusual Conditions,Dark - Street Light,Violation Driver 1,Controls Functioning,Clear,Head On,Intersection,Other Vehicle,Not Applicable,Not Applicable,At,,False,False,108162,SENTER RD,TULLY RD,37.30795852,-121.8476539
3435,681949,CR-0000091458,0,1,0,0,22-086-0209,False,False,0,3/27/2022 8:47:00 AM,Crossing In Crosswalk - At Intersection,Dry,Unknown,Daylight,Pedestrian At Fault,Controls Functioning,Clear,Vehicle/Pedestrian,Intersection,Skateboard,West,East,At,PEDESTRIAN / SKATEBOARD,False,False,108162,SENTER RD,TULLY RD,37.30795852,-121.8476539
3436,682143,CR-0000091646,0,0,0,0,22-077-9707,False,True,0,3/18/2022 12:30:00 AM,No Pedestrians Involved,Dry,No Unusual Conditions,Dark - Street Light,Unknown,Controls Functioning,Clear,Head On,Intersection,Motor Vehicle On Other Roadway,Not Applicable,Not Applicable,At,,False,False,108162,SENTER RD,TULLY RD,37.30795852,-121.8476539
3437,681740,CR-0000091140,0,0,0,0,22-051-0845,True,False,90,2/20/2022 10:21:00 PM,No Pedestrians Involved,Dry,No Unusual Conditions,Dark - Street Light,Violation Driver 1,No Controls Present/Factor,Clear,Hit Object,Non-Related,Fixed Object,Not Applicable,Not Applicable,East Of,"Hydrant, sign, lightpole",False,True,108162,SENTER RD,TULLY RD,37.30795852,-121.8476539
3438,681730,CR-0000091129,1,0,0,0,22-050-0438,False,False,0,2/19/2022 2:00:00 PM,No Pedestrians Involved,Dry,No Unusual Conditions,Daylight,Unknown,Controls Functioning,Clear,Broadside,Intersection,Other Vehicle,Not Applicable,Not Applicable,At,,False,False,108162,SENTER RD,TULLY RD,37.30795852,-121.8476539
3439,695965,CR-0000099098,0,0,0,0,23-213-0197,False,False,0,8/1/2023 7:08:00 AM,No Pedestrians Involved,Dry,No Unusual Conditions,Daylight,Violation Driver 1,Controls Functioning,Clear,Rear End,Intersection,Other Vehicle,Not Applicable,Not Applicable,At,,False,True,108162,SENTER RD,TULLY RD,37.30795852,-121.8476539
3440,698981,CR-0000100283,2,0,0,0,23-268-0584,True,False,304,9/25/2023 4:26:00 PM,No Pedestrians Involved,Dry,No Unusual Conditions,Daylight,Violation Driver 1,No Controls Present/Factor,Clear,Hit Object,Non-Related,Fixed Object,Not Applicable,Not Applicable,East Of,LIGHTPOLE,False,False,108162,SENTER RD,TULLY RD,37.30795852,-121.8476539
3441,698982,CR-0000100284,0,1,0,0,23-205-0036,False,False,0,7/24/2023 12:46:00 AM,No Pedestrians Involved,Dry,Unknown,Dark - Street Light,Violation Driver 1,No Controls Present/Factor,Clear,Vehicle/Bike,Intersection,Bike,Not Applicable,Not Applicable,At,BIKE,True,False,108162,SENTER RD,TULLY RD,37.30795852,-121.8476539
3442,696515,CR-0000099702,2,1,0,0,23-336-0778,False,False,71,12/2/2023 8:42:00 PM,No Pedestrians Involved,Wet,No Unusual Conditions,Dark - Street Light,Violation Driver 1,Controls Functioning,Clear,Rear End,Non-Related,Other Vehicle,Not Applicable,Not Applicable,South Of,,True,True,108162,SENTER RD,TULLY RD,37.30795852,-121.8476539
3443,689568,CR-0000095545,0,0,0,0,22-356-0843,False,False,0,12/22/2022 9:27:00 PM,No Pedestrians Involved,Dry,No Unusual Conditions,Dark - Street Light,Violation Driver 1,Controls Functioning,Clear,Rear End,Intersection,Other Vehicle,Not Applicable,Not Applicable,At,,False,False,108162,SENTER RD,TULLY RD,37.30795852,-121.8476539
3444,690586,CR-0000096707,1,0,1,0,23-022-0571,False,False,0,1/22/2023 5:03:00 PM,No Pedestrians Involved,Dry,No Unusual Conditions,Daylight,Violation Driver 1,Controls Functioning,Clear,Broadside,Intersection,Motorcycle,Not Applicable,Not Applicable,At,,False,False,108162,SENTER RD,TULLY RD,37.30795852,-121.8476539
3445,690598,CR-0000096719,1,0,0,0,23-006-0040,False,False,0,1/6/2023 12:55:00 AM,No Pedestrians Involved,Dry,No Unusual Conditions,Dark - Street Light,Violation Driver 1,Controls Functioning,Clear,Vehicle/Bike,Intersection,Bike,Not Applicable,Not Applicable,At,BIKE,False,True,108162,SENTER RD,TULLY RD,37.30795852,-121.8476539
3446,690676,CR-0000096810,1,0,0,0,23-005-0562,False,False,193,1/5/2023 2:58:00 PM,In Road - Includes Shoulder,Wet,No Unusual Conditions,Daylight,Pedestrian At Fault,No Controls Present/Factor,Cloudy,Vehicle/Pedestrian,Non-Related,Pedestrian,West,East,East Of,PED,False,False,108162,SENTER RD,TULLY RD,37.30795852,-121.8476539
3447,690378,CR-0000096473,0,0,0,0,22-215-9701,False,True,0,8/22/2022 7:00:00 AM,No Pedestrians Involved,Dry,No Unusual Conditions,Daylight,Unknown,Controls Functioning,Clear,Broadside,Intersection,Other Vehicle,Not Applicable,Not Applicable,At,,False,True,108162,SENTER RD,TULLY RD,37.30795852,-121.8476539
3448,690194,CR-0000096286,0,0,0,0,22-247-9702,False,True,0,9/3/2022 10:40:00 AM,No Pedestrians Involved,Dry,No Unusual Conditions,Daylight,Unknown,Controls Functioning,Clear,Sideswipe,Intersection,Other Vehicle,Not Applicable,Not Applicable,At,,False,False,108162,SENTER RD,TULLY RD,37.30795852,-121.8476539
3449,722141,CR-0000103407,0,0,0,0,24-069-4001,False,True,0,3/8/2024 8:00:00 PM,No Pedestrians Involved,Unknown,Unknown,Unknown,Unknown,Unknown,Unknown,Rear End,Intersection,Other Vehicle,Not Applicable,Not Applicable,At,,False,False,108162,SENTER RD,TULLY RD,37.30795852,-121.8476539
3450,719553,CR-0000102700,1,0,0,0,24-078-0169,False,False,0,3/18/2024 7:20:00 AM,Crossing In Crosswalk - At Intersection,Dry,No Unusual Conditions,Daylight,Violation Driver 1,Controls Functioning,Clear,Vehicle/Pedestrian,Intersection,Wheelchair,West,East,At,PED(WC),False,True,108162,SENTER RD,TULLY RD,37.30795852,-121.8476539
3451,722023,CR-0000103277,0,0,0,0,24-057-4004,False,True,51,2/26/2024 11:50:00 AM,No Pedestrians Involved,Unknown,Unknown,Unknown,Unknown,Unknown,Unknown,Rear End,Non-Related,Other Vehicle,Not Applicable,Not Applicable,East Of,,False,False,108162,SENTER RD,TULLY RD,37.30795852,-121.8476539
3452,719738,CR-0000102910,0,0,0,0,24-017-0350,False,False,51,1/17/2024 11:45:00 AM,No Pedestrians Involved,Dry,No Unusual Conditions,Daylight,Violation Driver 1,Controls Functioning,Cloudy,Sideswipe,Non-Related,Other Vehicle,Not Applicable,Not Applicable,East Of,,False,True,108162,SENTER RD,TULLY RD,37.30795852,-121.8476539
3453,716180,CR-0000102108,1,0,0,0,24-022-0292,False,False,220,1/22/2024 10:46:00 AM,No Pedestrians Involved,Dry,No Unusual Conditions,Daylight,Violation Driver 1,Controls Functioning,Clear,Broadside,Non-Related,Other Vehicle,Not Applicable,Not Applicable,West Of,,False,False,108162,SENTER RD,TULLY RD,37.30795852,-121.8476539
3454,712058,CR-0000101121,0,0,0,0,23-299-4012,False,True,0,10/26/2023 5:08:00 PM,No Pedestrians Involved,Unknown,Unknown,Unknown,Unknown,Unknown,Unknown,Sideswipe,Intersection,Other Vehicle,Not Applicable,Not Applicable,At,,False,False,108162,SENTER RD,TULLY RD,37.30795852,-121.8476539
3455,716048,CR-0000101837,1,0,0,0,23-348-0220,False,False,215,12/14/2023 8:22:00 AM,No Pedestrians Involved,Dry,No Unusual Conditions,Daylight,Violation Driver 1,Controls Functioning,Clear,Rear End,Non-Related,Other Vehicle,Not Applicable,Not Applicable,South Of,,True,True,108162,SENTER RD,TULLY RD,37.30795852,-121.8476539
3456,711702,CR-0000100912,0,0,0,0,23-187-4006,False,True,51,7/6/2023 5:06:00 PM,No Pedestrians Involved,Unknown,Unknown,Unknown,Unknown,Unknown,Unknown,Rear End,Non-Related,Other Vehicle,Not Applicable,Not Applicable,Unknown,,False,False,108162,SENTER RD,TULLY RD,37.30795852,-121.8476539
3457,711734,CR-0000101125,0,0,0,0,23-300-0375,False,True,0,10/27/2023 11:38:00 AM,No Pedestrians Involved,Dry,No Unusual Conditions,Daylight,Unknown,Controls Functioning,Clear,Rear End,Intersection,Other Vehicle,Not Applicable,Not Applicable,At,,False,False,108162,SENTER RD,TULLY RD,37.30795852,-121.8476539
3458,711526,CR-0000101495,0,0,0,0,23-251-9709,False,True,51,9/7/2023 3:45:00 PM,No Pedestrians Involved,Unknown,Unknown,Unknown,Unknown,Unknown,Unknown,Other,Non-Related,Other Vehicle,Not Applicable,Not Applicable,Unknown,,False,False,108162,SENTER RD,TULLY RD,37.30795852,-121.8476539
3459,699452,CR-0000100814,0,0,0,0,23-199-9710,False,True,0,7/16/2023 7:04:00 PM,No Pedestrians Involved,Dry,No Unusual Conditions,Daylight,Unknown,Controls Functioning,Clear,Rear End,Intersection,Other Vehicle,Not Applicable,Not Applicable,At,,False,False,108162,SENTER RD,TULLY RD,37.30795852,-121.8476539
3460,722480,CR-0000103778,0,0,0,0,24-105-9702,False,True,0,4/13/2024 3:20:00 PM,No Pedestrians Involved,Dry,No Unusual Conditions,Daylight,Unknown,No Controls Present/Factor,Clear,Rear End,Intersection,Other Vehicle,Not Applicable,Not Applicable,At,,False,False,108162,SENTER RD,TULLY RD,37.30795852,-121.8476539
3461,722496,CR-0000103805,0,0,0,0,24-108-0390,False,False,32,4/17/2024 12:20:00 PM,In Road - Includes Shoulder,Dry,No Unusual Conditions,Daylight,Unknown,Unknown,Clear,Vehicle/Pedestrian,Related,Pedestrian,Unknown,Unknown,West Of,PED,False,True,108162,SENTER RD,TULLY RD,37.30795852,-121.8476539
3462,681353,CR-0000090740,0,0,0,0,22-016-0050,False,False,63,1/16/2022 12:45:00 AM,No Pedestrians Involved,Dry,No Unusual Conditions,Dark - Street Light,Violation Driver 1,No Controls Present/Factor,Clear,Rear End,Non-Related,Parked Vehicle,Not Applicable,Not Applicable,North Of,,False,False,39973,CLAYBURN LN,MCLAUGHLIN AV,37.29145503,-121.8121699
3463,689667,CR-0000095649,0,1,0,0,22-340-0479,True,False,335,12/4/2022 6:00:00 PM,Not In Road,Wet,Unknown,Dark - No Street Light,Violation Driver 1,No Controls Present/Factor,Other,Vehicle/Pedestrian,Non-Related,Pedestrian,No Direction (Not Walking),No Direction (Not Walking),North Of,sign,False,True,1220,ABORN RD,ABORN SQ,37.31109966,-121.8103773
3464,689184,CR-0000095017,0,0,0,0,22-290-0524,False,False,0,10/17/2022 1:40:00 PM,No Pedestrians Involved,Dry,No Unusual Conditions,Daylight,Unknown,Controls Functioning,Clear,Broadside,Intersection,Other Vehicle,Not Applicable,Not Applicable,At,,False,True,1275,ABORN RD,CAPITOL EX,37.3114326,-121.8080686
3465,688903,CR-0000094762,2,0,0,0,22-279-0034,False,False,126,10/6/2022 1:00:00 AM,No Pedestrians Involved,Dry,No Unusual Conditions,Dark - Street Light,Violation Driver 1,Controls Functioning,Clear,Rear End,Non-Related,Other Vehicle,Not Applicable,Not Applicable,East Of,,False,False,1275,ABORN RD,CAPITOL EX,37.3114326,-121.8080686
3466,684887,CR-0000093573,1,0,0,0,22-198-0554,False,False,0,7/17/2022 3:37:00 PM,No Pedestrians Involved,Dry,No Unusual Conditions,Daylight,Violation Driver 1,Controls Functioning,Clear,Broadside,Intersection,Other Vehicle,Not Applicable,Not Applicable,At,,True,False,1275,ABORN RD,CAPITOL EX,37.3114326,-121.8080686
3467,684768,CR-0000093491,1,0,0,0,22-187-0398,False,False,280,7/6/2022 9:40:00 AM,No Pedestrians Involved,Dry,No Unusual Conditions,Daylight,Violation Driver 1,Controls Functioning,Clear,Vehicle/Bike,Non-Related,Bike,Not Applicable,Not Applicable,East Of,BIKE,False,False,1275,ABORN RD,CAPITOL EX,37.3114326,-121.8080686
3468,683465,CR-0000093061,0,0,0,0,22-171-9709,False,True,262,6/20/2022 1:25:00 PM,No Pedestrians Involved,Dry,No Unusual Conditions,Daylight,Unknown,Controls Functioning,Clear,Sideswipe,Non-Related,Other Vehicle,Not Applicable,Not Applicable,East Of,,False,True,1275,ABORN RD,CAPITOL EX,37.3114326,-121.8080686
3469,681882,CR-0000091363,1,0,0,0,22-036-0387,False,False,0,2/5/2022 11:58:00 AM,No Pedestrians Involved,Dry,No Unusual Conditions,Daylight,Violation Driver 1,Controls Functioning,Clear,Sideswipe,Intersection,Other Vehicle,Not Applicable,Not Applicable,At,,True,False,1275,ABORN RD,CAPITOL EX,37.3114326,-121.8080686
3470,683213,CR-0000092777,0,0,0,0,22-092-9707,False,True,0,4/2/2022 1:15:00 PM,No Pedestrians Involved,Dry,No Unusual Conditions,Daylight,Unknown,Controls Functioning,Clear,Sideswipe,Intersection,Other Vehicle,Not Applicable,Not Applicable,At,,False,False,1275,ABORN RD,CAPITOL EX,37.3114326,-121.8080686
3471,683159,CR-0000092697,0,0,0,0,22-058-4000,False,True,0,2/27/2022 8:25:00 PM,No Pedestrians Involved,Unknown,Unknown,Unknown,Unknown,Unknown,Unknown,Rear End,Intersection,Other Vehicle,Not Applicable,Not Applicable,At,,False,False,1275,ABORN RD,CAPITOL EX,37.3114326,-121.8080686
3472,690351,CR-0000096445,0,0,0,0,22-240-4000,False,True,0,8/27/2022 5:00:00 PM,No Pedestrians Involved,Unknown,Unknown,Unknown,Unknown,Unknown,Unknown,Sideswipe,Intersection,Other Vehicle,Not Applicable,Not Applicable,At,,False,True,1275,ABORN RD,CAPITOL EX,37.3114326,-121.8080686
3473,690805,CR-0000096944,4,0,0,0,23-025-0173,False,False,321,1/25/2023 8:01:00 AM,No Pedestrians Involved,Dry,No Unusual Conditions,Daylight,Violation Driver 1,Controls Functioning,Clear,Rear End,Non-Related,Other Vehicle,Not Applicable,Not Applicable,North Of,,True,False,1275,ABORN RD,CAPITOL EX,37.3114326,-121.8080686
3474,689631,CR-0000095612,0,0,0,0,22-365-0846,False,False,54,12/31/2022 11:30:00 PM,No Pedestrians Involved,Wet,Unknown,Dark - Street Light,Violation Driver 1,Controls Functioning,Rain,Sideswipe,Non-Related,Other Vehicle,Not Applicable,Not Applicable,North Of,,False,False,1275,ABORN RD,CAPITOL EX,37.3114326,-121.8080686
3475,690877,CR-0000097020,0,0,0,0,23-020-4001,False,True,51,1/19/2023 7:30:00 PM,No Pedestrians Involved,Unknown,Unknown,Unknown,Violation Driver 1,Unknown,Unknown,Rear End,Non-Related,Other Vehicle,Not Applicable,Not Applicable,Unknown,,False,False,1275,ABORN RD,CAPITOL EX,37.3114326,-121.8080686
3476,694336,CR-0000098280,0,1,0,0,23-172-0997,True,False,181,6/21/2023 11:51:00 PM,No Pedestrians Involved,Dry,No Unusual Conditions,Dark - Street Light,Violation Driver 1,No Controls Present/Factor,Clear,Hit Object,Non-Related,Fixed Object,Not Applicable,Not Applicable,West Of,SIGN,False,False,1275,ABORN RD,CAPITOL EX,37.3114326,-121.8080686
3477,694263,CR-0000098083,1,1,0,0,23-066-0823,False,False,50,3/7/2023 8:15:00 PM,No Pedestrians Involved,Dry,No Unusual Conditions,Dark - Street Light,Violation Driver 1,Controls Functioning,Clear,Sideswipe,Related,Motorcycle,Not Applicable,Not Applicable,East Of,,False,False,1275,ABORN RD,CAPITOL EX,37.3114326,-121.8080686
3478,699218,CR-0000100539,0,0,0,0,23-176-9702,False,True,,6/23/2023 11:20:00 PM,No Pedestrians Involved,Dry,No Unusual Conditions,Dark - Street Light,Unknown,Controls Functioning,Clear,Rear End,Related,Other Vehicle,Not Applicable,Not Applicable,Unknown,,False,False,1275,ABORN RD,CAPITOL EX,37.3114326,-121.8080686
3479,696070,CR-0000099205,0,0,0,0,23-033-4007,False,True,0,1/17/2023 12:15:00 PM,No Pedestrians Involved,Unknown,Unknown,Daylight,Unknown,Unknown,Unknown,Rear End,Intersection,Other Vehicle,Not Applicable,Not Applicable,At,,False,False,1275,ABORN RD,CAPITOL EX,37.3114326,-121.8080686
3480,696075,CR-0000099210,0,0,0,0,23-035-4000,False,True,,2/3/2023 4:30:00 PM,No Pedestrians Involved,Unknown,Unknown,Unknown,Unknown,Unknown,Unknown,Rear End,Related,Other Vehicle,Not Applicable,Not Applicable,Unknown,,False,False,1275,ABORN RD,CAPITOL EX,37.3114326,-121.8080686
3481,711597,CR-0000101441,0,0,0,0,23-364-0388,False,False,0,12/30/2023 2:10:00 PM,No Pedestrians Involved,Dry,No Unusual Conditions,Daylight,Violation Driver 1,No Controls Present/Factor,Clear,Sideswipe,Intersection,Other Vehicle,Not Applicable,Not Applicable,At,,False,True,1275,ABORN RD,CAPITOL EX,37.3114326,-121.8080686
3482,711819,CR-0000100968,0,0,0,0,23-187-4000,False,True,0,7/2/2023 10:54:00 AM,No Pedestrians Involved,Unknown,Unknown,Unknown,Unknown,Unknown,Unknown,Sideswipe,Intersection,Other Vehicle,Not Applicable,Not Applicable,At,,False,False,1275,ABORN RD,CAPITOL EX,37.3114326,-121.8080686
3483,711842,CR-0000101158,0,0,0,0,23-292-9702,False,True,0,10/19/2023 7:38:00 AM,No Pedestrians Involved,Dry,No Unusual Conditions,Daylight,Unknown,Controls Functioning,Clear,Other,Intersection,Other Vehicle,Not Applicable,Not Applicable,At,,False,False,1275,ABORN RD,CAPITOL EX,37.3114326,-121.8080686
3484,716028,CR-0000101998,3,1,0,0,24-024-0895,False,False,0,1/24/2024 10:38:00 PM,No Pedestrians Involved,Dry,No Unusual Conditions,Dark - Street Light,Violation Driver 1,Controls Functioning,Clear,Broadside,Intersection,Other Vehicle,Not Applicable,Not Applicable,At,,False,False,1275,ABORN RD,CAPITOL EX,37.3114326,-121.8080686
3485,715854,CR-0000101751,0,0,0,0,23-241-9706,False,True,0,8/23/2023 5:00:00 PM,No Pedestrians Involved,Dry,No Unusual Conditions,Daylight,Unknown,Controls Functioning,Clear,Sideswipe,Intersection,Other Vehicle,Not Applicable,Not Applicable,At,,False,True,1275,ABORN RD,CAPITOL EX,37.3114326,-121.8080686
3486,712056,CR-0000101453,0,0,0,0,23-251-4005,False,True,51,9/8/2023 3:40:00 PM,No Pedestrians Involved,Unknown,Unknown,Unknown,Unknown,Unknown,Unknown,Other,Non-Related,Other Vehicle,Not Applicable,Not Applicable,East Of,,False,False,1275,ABORN RD,CAPITOL EX,37.3114326,-121.8080686
3487,716342,CR-0000102363,1,0,0,0,24-039-9705,False,True,0,2/7/2024 8:30:00 PM,No Pedestrians Involved,Dry,No Unusual Conditions,Dark - Street Light,Unknown,Controls Functioning,Clear,Rear End,Intersection,Other Vehicle,Not Applicable,Not Applicable,At,,False,False,1275,ABORN RD,CAPITOL EX,37.3114326,-121.8080686
3488,720915,CR-0000103142,0,0,0,0,24-031-4005,False,True,0,1/31/2024 7:52:00 PM,No Pedestrians Involved,Unknown,Unknown,Unknown,Unknown,Unknown,Unknown,Hit Object,Intersection,Other Vehicle,Not Applicable,Not Applicable,At,,False,True,1275,ABORN RD,CAPITOL EX,37.3114326,-121.8080686
3489,682641,CR-0000092217,0,0,0,0,22-153-0740,False,False,0,6/2/2022 6:21:00 PM,No Pedestrians Involved,Dry,No Unusual Conditions,Daylight,Violation Driver 1,Controls Functioning,Clear,Broadside,Intersection,Other Vehicle,Not Applicable,Not Applicable,At,,False,False,1430,ABORN RD,KING RD/SILVER CREEK RD,37.31016718,-121.8134277
3490,681865,CR-0000091346,1,0,0,0,22-063-0720,False,False,,3/4/2022 6:24:00 PM,No Pedestrians Involved,Dry,No Unusual Conditions,Daylight,Violation Driver 1,Controls Functioning,Clear,Rear End,Related,Other Vehicle,Not Applicable,Not Applicable,West Of,,False,False,1430,ABORN RD,KING RD/SILVER CREEK RD,37.31016718,-121.8134277
3491,715985,CR-0000101802,0,0,0,0,23-136-4001,False,True,0,5/16/2023 4:28:00 PM,No Pedestrians Involved,Unknown,Unknown,Unknown,Unknown,Unknown,Unknown,Rear End,Intersection,Other Vehicle,Not Applicable,Not Applicable,At,,False,False,1430,ABORN RD,KING RD/SILVER CREEK RD,37.31016718,-121.8134277
3492,684916,CR-0000093589,1,0,0,0,22-231-0566,False,False,0,8/19/2022 4:08:00 PM,No Pedestrians Involved,Dry,No Unusual Conditions,Daylight,Violation Driver 1,Controls Functioning,Clear,Broadside,Intersection,Other Vehicle,Not Applicable,Not Applicable,At,,False,False,79530,KING RD,RIGOLETTO DR,37.31871924,-121.8224194
3493,689294,CR-0000095265,0,0,0,0,22-329-9704,False,True,51,11/25/2022 1:00:00 PM,No Pedestrians Involved,Dry,No Unusual Conditions,Daylight,Unknown,Unknown,Clear,Sideswipe,Non-Related,Other Vehicle,Not Applicable,Not Applicable,Unknown,,False,False,79530,KING RD,RIGOLETTO DR,37.31871924,-121.8224194
3494,692528,CR-0000097818,3,0,0,0,23-091-0371,False,False,,4/1/2023 12:54:00 PM,No Pedestrians Involved,Dry,No Unusual Conditions,Daylight,Violation Driver 1,Controls Functioning,Clear,Rear End,Related,Other Vehicle,Not Applicable,Not Applicable,North Of,,True,False,79530,KING RD,RIGOLETTO DR,37.31871924,-121.8224194
3495,691020,CR-0000097193,2,0,0,0,23-050-0734,False,False,24,2/19/2023 7:46:00 PM,No Pedestrians Involved,Dry,No Unusual Conditions,Dark - Street Light,Violation Driver 1,Controls Functioning,Clear,Head On,Related,Other Vehicle,Not Applicable,Not Applicable,West Of,,False,False,79530,KING RD,RIGOLETTO DR,37.31871924,-121.8224194
3496,711625,CR-0000101071,0,0,0,0,23-297-0811,False,False,0,10/24/2023 8:33:00 PM,No Pedestrians Involved,Dry,No Unusual Conditions,Dark - Street Light,Violation Driver 1,Controls Functioning,Clear,Sideswipe,Intersection,Parked Vehicle,Not Applicable,Not Applicable,At,,False,False,79530,KING RD,RIGOLETTO DR,37.31871924,-121.8224194
3497,694327,CR-0000098271,1,0,0,0,23-181-0593,False,False,0,6/30/2023 5:15:00 PM,No Pedestrians Involved,Dry,No Unusual Conditions,Daylight,Violation Driver 1,Controls Functioning,Clear,Broadside,Intersection,Other Vehicle,Not Applicable,Not Applicable,At,,False,False,105984,SAN ANTONIO ST,TWENTY EIGHTH ST,37.34553624,-121.8617827
3498,694339,CR-0000098283,1,0,0,0,23-152-0735,False,False,75,6/1/2023 5:54:00 PM,No Pedestrians Involved,Dry,No Unusual Conditions,Daylight,Violation Driver 1,No Controls Present/Factor,Clear,Broadside,Non-Related,Other Vehicle,Not Applicable,Not Applicable,North Of,,True,False,105984,SAN ANTONIO ST,TWENTY EIGHTH ST,37.34553624,-121.8617827
3499,689788,CR-0000095814,2,0,0,0,22-201-0345,False,False,0,7/20/2022 10:35:00 AM,No Pedestrians Involved,Dry,No Unusual Conditions,Daylight,Violation Driver 1,No Controls Present/Factor,Clear,Broadside,Intersection,Other Vehicle,Not Applicable,Not Applicable,At,,False,True,105984,SAN ANTONIO ST,TWENTY EIGHTH ST,37.34553624,-121.8617827
3500,695820,CR-0000098885,0,1,0,0,23-266-0513,False,False,0,9/23/2023 3:28:00 PM,Crossing - Not In Crosswalk,Dry,No Unusual Conditions,Daylight,Pedestrian At Fault,No Controls Present/Factor,Clear,Vehicle/Pedestrian,Intersection,Pedestrian,North,South,At,PED,False,True,105984,SAN ANTONIO ST,TWENTY EIGHTH ST,37.34553624,-121.8617827
3501,694462,CR-0000098427,1,0,0,0,23-152-0302,False,False,242,6/1/2023 12:04:00 PM,No Pedestrians Involved,Dry,No Unusual Conditions,Daylight,Violation Driver 1,No Controls Present/Factor,Clear,Broadside,Non-Related,Other Vehicle,Not Applicable,Not Applicable,West Of,,False,False,105984,SAN ANTONIO ST,TWENTY EIGHTH ST,37.34553624,-121.8617827
3502,712167,CR-0000101598,0,0,0,0,23-354-4004,False,True,51,12/20/2023 12:30:00 PM,No Pedestrians Involved,Unknown,Unknown,Unknown,Violation Driver 1,Unknown,Unknown,Sideswipe,Non-Related,Other Vehicle,Not Applicable,Not Applicable,West Of,,False,False,105984,SAN ANTONIO ST,TWENTY EIGHTH ST,37.34553624,-121.8617827
3503,681833,CR-0000091242,0,1,0,0,22-089-0136,False,False,70,3/30/2022 7:48:00 AM,No Pedestrians Involved,Dry,No Unusual Conditions,Daylight,Violation Driver 1,No Controls Present/Factor,Clear,Vehicle/Bike,Non-Related,Bike,Not Applicable,Not Applicable,East Of,BIKE,False,False,138346,ALMADEN EX,CURTNER AV,37.2924457,-121.8784247
3504,682305,CR-0000091868,1,0,0,0,22-096-0601,False,False,0,4/6/2022 3:11:00 PM,No Pedestrians Involved,Dry,No Unusual Conditions,Unknown,Violation Driver 1,Controls Functioning,Clear,Rear End,Intersection,Other Vehicle,Not Applicable,Not Applicable,At,,False,False,138346,ALMADEN EX,CURTNER AV,37.2924457,-121.8784247
3505,683446,CR-0000093042,0,0,0,0,22-080-0080,False,False,90,3/21/2022 2:52:00 AM,No Pedestrians Involved,Dry,No Unusual Conditions,Dark - Street Light,Violation Driver 1,Controls Functioning,Clear,Hit Object,Non-Related,Fixed Object,Not Applicable,Not Applicable,West Of,Curb,False,False,138346,ALMADEN EX,CURTNER AV,37.2924457,-121.8784247