_id,CrashFactId,Name,MinorInjuries,ModerateInjuries,SevereInjuries,FatalInjuries,TcrNumber,CityDamageFlag,ShortFormFlag,Distance,CrashDateTime,PedestrianAction,RoadwaySurface,RoadwayCondition,Lighting,PrimaryCollisionFactor,TrafficControl,Weather,CollisionType,ProximityToIntersection,VehicleInvolvedWith,PedestrianDirectionFrom,PedestrianDirectionTo,DirectionFromIntersection,Comment,SpeedingFlag,HitAndRunFlag,IntersectionNumber,AStreetName,BStreetName,Latitude,Longitude
3506,694325,CR-0000098269,0,1,0,0,23-180-0698,False,False,0,6/29/2023 6:16:00 PM,No Pedestrians Involved,Dry,No Unusual Conditions,Daylight,Violation Driver 1,Controls Functioning,Clear,Vehicle/Bike,Intersection,Bike,Not Applicable,Not Applicable,At,BIKE,False,False,138346,ALMADEN EX,CURTNER AV,37.2924457,-121.8784247
3507,719806,CR-0000102979,0,0,0,0,24-036-4005,False,True,51,2/4/2024 3:37:00 PM,No Pedestrians Involved,Unknown,Unknown,Unknown,Unknown,Unknown,Unknown,Hit Object,Non-Related,Fixed Object,Not Applicable,Not Applicable,West Of,,False,False,138346,ALMADEN EX,CURTNER AV,37.2924457,-121.8784247
3508,719651,CR-0000102822,0,0,0,0,24-005-0676,False,True,51,1/5/2024 5:45:00 PM,No Pedestrians Involved,Dry,No Unusual Conditions,Dark - Street Light,Unknown,No Controls Present/Factor,Clear,Sideswipe,Non-Related,Other Vehicle,Not Applicable,Not Applicable,West Of,,False,False,138346,ALMADEN EX,CURTNER AV,37.2924457,-121.8784247
3509,683302,CR-0000092889,0,0,0,0,22-133-0212,False,False,123,5/13/2022 8:50:00 AM,No Pedestrians Involved,Dry,No Unusual Conditions,Daylight,Violation Driver 1,No Controls Present/Factor,Clear,Broadside,Non-Related,Parked Vehicle,Not Applicable,Not Applicable,East Of,,False,True,106501,SAN FERNANDO ST,TWENTY THIRD ST,37.34493759,-121.8670956
3510,695926,CR-0000099055,0,0,0,0,23-240-4001,False,True,51,8/28/2023 8:00:00 AM,No Pedestrians Involved,Unknown,Unknown,Unknown,Unknown,Unknown,Unknown,Rear End,Non-Related,Other Vehicle,Not Applicable,Not Applicable,North Of,,False,False,106501,SAN FERNANDO ST,TWENTY THIRD ST,37.34493759,-121.8670956
3511,683242,CR-0000092873,0,0,0,0,22-153-4003,False,True,0,6/2/2022 9:37:00 AM,No Pedestrians Involved,Unknown,Unknown,Daylight,Unknown,Unknown,Unknown,Broadside,Intersection,Other Vehicle,Not Applicable,Not Applicable,At,,False,True,15069,BAYSHORE FR,OAKLAND RD,37.36346628,-121.8915491
3512,683327,CR-0000092913,0,0,0,0,22-154-4002,False,True,0,6/2/2022 9:40:00 AM,No Pedestrians Involved,Unknown,Unknown,Daylight,Unknown,Unknown,Unknown,Broadside,Intersection,Other Vehicle,Not Applicable,Not Applicable,At,,False,False,15069,BAYSHORE FR,OAKLAND RD,37.36346628,-121.8915491
3513,683028,CR-0000092634,2,0,0,0,22-168-0933,False,False,0,6/17/2022 10:20:00 PM,No Pedestrians Involved,Dry,No Unusual Conditions,Dark - Street Light,Violation Driver 1,Controls Functioning,Clear,Head On,Intersection,Other Vehicle,Not Applicable,Not Applicable,At,,False,False,15069,BAYSHORE FR,OAKLAND RD,37.36346628,-121.8915491
3514,683243,CR-0000092858,0,0,0,0,22-204-0112,True,False,42,7/23/2022 2:35:00 AM,No Pedestrians Involved,Dry,No Unusual Conditions,Dark - Street Light,Violation Driver 1,Controls Functioning,Clear,Hit Object,Related,Fixed Object,Not Applicable,Not Applicable,North Of,CITY LIGHT POST,False,True,15069,BAYSHORE FR,OAKLAND RD,37.36346628,-121.8915491
3515,685261,CR-0000093941,1,1,0,0,22-180-0756,False,False,0,6/29/2022 6:52:00 PM,No Pedestrians Involved,Dry,No Unusual Conditions,Daylight,Violation Driver 1,Controls Functioning,Clear,Broadside,Intersection,Other Vehicle,Not Applicable,Not Applicable,At,,False,False,15069,BAYSHORE FR,OAKLAND RD,37.36346628,-121.8915491
3516,694488,CR-0000098483,1,0,0,0,23-187-0717,False,False,0,7/6/2023 5:57:00 PM,No Pedestrians Involved,Dry,No Unusual Conditions,Daylight,Unknown,Controls Functioning,Clear,Vehicle/Bike,Intersection,Bike,Not Applicable,Not Applicable,At,BIKE,False,False,15069,BAYSHORE FR,OAKLAND RD,37.36346628,-121.8915491
3517,698811,CR-0000100093,2,0,0,0,23-344-0022,False,False,0,12/10/2023 12:15:00 AM,No Pedestrians Involved,Dry,No Unusual Conditions,Dark - Street Light,Violation Driver 1,Controls Functioning,Clear,Broadside,Intersection,Other Vehicle,Not Applicable,Not Applicable,At,,False,False,15069,BAYSHORE FR,OAKLAND RD,37.36346628,-121.8915491
3518,694269,CR-0000098128,0,0,1,0,23-127-0979,False,False,0,5/7/2023 11:11:00 PM,No Pedestrians Involved,Dry,No Unusual Conditions,Dark - Street Light,Violation Driver 1,Controls Functioning,Clear,Hit Object,Intersection,Fixed Object,Not Applicable,Not Applicable,At,,True,False,15069,BAYSHORE FR,OAKLAND RD,37.36346628,-121.8915491
3519,694249,CR-0000098023,1,0,0,0,23-104-0813,False,False,0,4/14/2023 8:43:00 PM,No Pedestrians Involved,Dry,No Unusual Conditions,Dark - Street Light,Violation Driver 1,Controls Functioning,Clear,Head On,Intersection,Other Vehicle,Not Applicable,Not Applicable,At,,False,False,15069,BAYSHORE FR,OAKLAND RD,37.36346628,-121.8915491
3520,690063,CR-0000096137,0,0,0,0,22-321-0872,False,False,87,11/17/2022 9:05:00 PM,No Pedestrians Involved,Dry,No Unusual Conditions,Dark - Street Light,Violation Driver 1,Controls Functioning,Clear,Sideswipe,Non-Related,Other Vehicle,Not Applicable,Not Applicable,South Of,EMERGENCY VEHICLE,False,False,15069,BAYSHORE FR,OAKLAND RD,37.36346628,-121.8915491
3521,690303,CR-0000096395,0,0,0,0,22-330-9706,False,True,0,11/24/2022 2:51:00 AM,No Pedestrians Involved,Dry,No Unusual Conditions,Dark - Street Light,Unknown,Controls Functioning,Clear,Broadside,Intersection,Other Vehicle,Not Applicable,Not Applicable,At,,False,True,15069,BAYSHORE FR,OAKLAND RD,37.36346628,-121.8915491
3522,689943,CR-0000095974,1,0,0,0,22-352-0632,False,False,50,12/18/2022 7:15:00 PM,No Pedestrians Involved,Dry,No Unusual Conditions,Dark - Street Light,Violation Driver 1,Controls Functioning,Clear,Broadside,Related,Other Vehicle,Not Applicable,Not Applicable,North Of,,False,True,15069,BAYSHORE FR,OAKLAND RD,37.36346628,-121.8915491
3523,719774,CR-0000102947,0,0,0,0,24-023-4012,False,True,51,1/23/2024 2:45:00 PM,No Pedestrians Involved,Unknown,Unknown,Unknown,Unknown,Unknown,Unknown,Rear End,Non-Related,Other Vehicle,Not Applicable,Not Applicable,North Of,,False,False,15069,BAYSHORE FR,OAKLAND RD,37.36346628,-121.8915491
3524,715879,CR-0000101893,3,0,0,0,23-320-0111,False,False,0,11/16/2023 5:50:00 AM,No Pedestrians Involved,Dry,No Unusual Conditions,Daylight,Violation Driver 1,Controls Functioning,Clear,Broadside,Intersection,Other Vehicle,Not Applicable,Not Applicable,At,,False,False,15069,BAYSHORE FR,OAKLAND RD,37.36346628,-121.8915491
3525,682402,CR-0000091965,0,0,0,0,22-113-0074,False,False,0,4/23/2022 1:38:00 AM,No Pedestrians Involved,Dry,No Unusual Conditions,Dark - Street Light,Violation Driver 1,Unknown,Clear,Broadside,Intersection,Other Vehicle,Not Applicable,Not Applicable,At,,False,True,71565,HEDDING ST,SEVENTEENTH ST,37.36106086,-121.8872082
3526,694719,CR-0000098758,1,0,0,0,23-238-0654,False,False,0,8/26/2023 5:25:00 PM,No Pedestrians Involved,Dry,No Unusual Conditions,Daylight,Violation Driver 1,No Controls Present/Factor,Clear,Broadside,Intersection,Other Vehicle,Not Applicable,Not Applicable,At,,False,False,71565,HEDDING ST,SEVENTEENTH ST,37.36106086,-121.8872082
3527,696481,CR-0000099659,1,0,0,0,23-308-0592,False,False,0,11/4/2023 5:40:00 PM,No Pedestrians Involved,Dry,No Unusual Conditions,Dusk - Dawn,Bike At Fault,No Controls Present/Factor,Clear,Vehicle/Bike,Intersection,Bike,Not Applicable,Not Applicable,At,BIKE,False,False,71565,HEDDING ST,SEVENTEENTH ST,37.36106086,-121.8872082
3528,716301,CR-0000102289,1,1,0,0,24-050-0771,False,False,0,2/19/2024 8:04:00 PM,No Pedestrians Involved,Wet,No Unusual Conditions,Dark - Street Light,Violation Driver 1,Controls Functioning,Clear,Broadside,Intersection,Other Vehicle,Not Applicable,Not Applicable,At,,False,False,71565,HEDDING ST,SEVENTEENTH ST,37.36106086,-121.8872082
3529,683304,CR-0000092890,0,0,1,0,22-141-0826,False,False,0,5/21/2022 8:41:00 PM,Crossing In Crosswalk - At Intersection,Dry,No Unusual Conditions,Dark - Street Light,Violation Driver 1,Controls Functioning,Clear,Vehicle/Pedestrian,Intersection,Pedestrian,East,West,At,PEDESTRIAN,False,False,111704,TENTH ST,WILLIAM ST,37.3331016,-121.8753815
3530,689339,CR-0000095330,1,1,0,0,22-320-0202,False,False,21,11/16/2022 8:37:00 AM,Crossing In Crosswalk - At Intersection,Dry,No Unusual Conditions,Daylight,Violation Driver 1,Controls Functioning,Clear,Vehicle/Pedestrian,Related,Pedestrian,South,North,East Of,BIKE & PED,False,False,111704,TENTH ST,WILLIAM ST,37.3331016,-121.8753815
3531,688895,CR-0000094754,0,0,0,0,22-276-0961,True,False,39,10/3/2022 10:17:00 PM,No Pedestrians Involved,Dry,No Unusual Conditions,Dark - Street Light,Violation Driver 1,Controls Functioning,Clear,Sideswipe,Related,Parked Vehicle,Not Applicable,Not Applicable,East Of,TRAFFIC SIGNAL,False,True,111704,TENTH ST,WILLIAM ST,37.3331016,-121.8753815
3532,696435,CR-0000099612,0,0,0,0,23-108-0198,False,False,207,4/18/2023 8:34:00 AM,No Pedestrians Involved,Dry,No Unusual Conditions,Daylight,Violation Driver 1,No Controls Present/Factor,Clear,Other,Non-Related,Other Vehicle,Not Applicable,Not Applicable,South Of,,False,False,111704,TENTH ST,WILLIAM ST,37.3331016,-121.8753815
3533,698836,CR-0000100119,1,0,0,0,23-355-0846,False,False,134,12/21/2023 7:45:00 PM,No Pedestrians Involved,Dry,No Unusual Conditions,Dark - Street Light,Violation Driver 1,Controls Functioning,Clear,Sideswipe,Non-Related,Other Vehicle,Not Applicable,Not Applicable,East Of,,False,False,111704,TENTH ST,WILLIAM ST,37.3331016,-121.8753815
3534,692445,CR-0000097730,0,0,0,0,23-083-0875,False,False,23,3/24/2023 9:08:00 PM,No Pedestrians Involved,Dry,No Unusual Conditions,Dark - Street Light,Violation Driver 1,No Controls Present/Factor,Clear,Rear End,Related,Other Vehicle,Not Applicable,Not Applicable,East Of,,False,False,111704,TENTH ST,WILLIAM ST,37.3331016,-121.8753815
3535,716205,CR-0000102197,1,0,0,0,24-048-0365,False,False,45,2/17/2024 12:21:00 PM,No Pedestrians Involved,Wet,No Unusual Conditions,Daylight,Violation Driver 1,Controls Functioning,Cloudy,Broadside,Related,Other Vehicle,Not Applicable,Not Applicable,North Of,,False,False,111704,TENTH ST,WILLIAM ST,37.3331016,-121.8753815
3536,712047,CR-0000101476,0,0,0,0,23-255-4000,False,True,51,9/11/2023 12:07:00 PM,No Pedestrians Involved,Unknown,Unknown,Unknown,Unknown,Unknown,Unknown,Sideswipe,Non-Related,Parked Vehicle,Not Applicable,Not Applicable,West Of,,False,False,111704,TENTH ST,WILLIAM ST,37.3331016,-121.8753815
3537,685002,CR-0000093691,0,0,0,0,22-212-0202,False,False,0,7/31/2022 5:11:00 AM,No Pedestrians Involved,Dry,No Unusual Conditions,Dark - Street Light,Violation Driver 1,No Controls Present/Factor,Clear,Hit Object,Intersection,Fixed Object,Not Applicable,Not Applicable,At,,False,False,106810,SAN SALVADOR ST/SEVENTEENTH ST,SIXTEENTH ST,37.33727486,-121.8707056
3538,683395,CR-0000092988,0,0,0,0,22-180-0022,True,False,0,6/29/2022 12:18:00 AM,No Pedestrians Involved,Dry,No Unusual Conditions,Dark - Street Light,Violation Driver 1,No Controls Present/Factor,Clear,Hit Object,Intersection,Fixed Object,Not Applicable,Not Applicable,At,Fence,True,False,123804,FORESTDALE AV,MELBOURNE DR,37.33556315,-121.8627408
3539,711602,CR-0000101552,0,0,0,0,23-364-0152,True,False,85,12/30/2023 6:06:00 AM,No Pedestrians Involved,Wet,No Unusual Conditions,Dusk - Dawn,Violation Driver 1,No Controls Present/Factor,Rain,Hit Object,Non-Related,Fixed Object,Not Applicable,Not Applicable,South Of,FENCE,True,False,123804,FORESTDALE AV,MELBOURNE DR,37.33556315,-121.8627408
3540,699342,CR-0000100669,0,0,0,0,23-170-9707,False,True,0,6/18/2023 5:12:00 PM,No Pedestrians Involved,Dry,Other,Daylight,Unknown,Unknown,Clear,Rear End,Intersection,Other Vehicle,Not Applicable,Not Applicable,At,,False,False,78418,KAUFMANN CT,MELBOURNE BL,37.3367135,-121.8610765
3541,681500,CR-0000090890,0,0,0,0,22-036-0949,False,False,0,2/5/2022 11:13:00 PM,No Pedestrians Involved,Dry,No Unusual Conditions,Dark - Street Light,Violation Driver 1,Controls Functioning,Clear,Rear End,Intersection,Other Vehicle,Not Applicable,Not Applicable,At,,False,False,74590,HUMBOLDT ST,SECOND ST,37.31913203,-121.8764641
3542,699091,CR-0000100406,0,0,0,0,23-166-0433,False,False,51,6/15/2023 2:00:00 AM,No Pedestrians Involved,Dry,No Unusual Conditions,Dark - Street Light,Violation Driver 1,No Controls Present/Factor,Clear,Rear End,Non-Related,Parked Vehicle,Not Applicable,Not Applicable,North Of,,False,True,74590,HUMBOLDT ST,SECOND ST,37.31913203,-121.8764641
3543,698697,CR-0000099945,2,1,0,0,23-293-0096,True,False,0,10/20/2023 3:00:00 AM,No Pedestrians Involved,Dry,No Unusual Conditions,Dark - Street Light,Violation Driver 1,Controls Functioning,Clear,Hit Object,Intersection,Fixed Object,Not Applicable,Not Applicable,At,CURB/SIGN,True,False,74590,HUMBOLDT ST,SECOND ST,37.31913203,-121.8764641
3544,690490,CR-0000096622,0,0,0,0,22-275-9704,False,True,50,10/2/2022 11:33:00 AM,No Pedestrians Involved,Dry,No Unusual Conditions,Daylight,Unknown,Controls Functioning,Clear,Rear End,Related,Other Vehicle,Not Applicable,Not Applicable,North Of,,False,True,74590,HUMBOLDT ST,SECOND ST,37.31913203,-121.8764641
3545,681252,CR-0000090637,0,0,0,0,22-006-0815,False,False,75,1/6/2022 6:59:00 PM,No Pedestrians Involved,Dry,No Unusual Conditions,Dark - Street Light,Violation Driver 1,Controls Functioning,Cloudy,Rear End,Non-Related,Parked Vehicle,Not Applicable,Not Applicable,West Of,,True,False,95886,NINETEENTH ST,WILLIAM ST,37.33854853,-121.8664583
3546,691319,CR-0000097566,0,0,0,0,23-062-4003,False,True,51,3/2/2023 7:40:00 PM,No Pedestrians Involved,Unknown,Unknown,Unknown,Unknown,Unknown,Unknown,Other,Non-Related,Parked Vehicle,Not Applicable,Not Applicable,North Of,,False,False,95886,NINETEENTH ST,WILLIAM ST,37.33854853,-121.8664583
3547,699169,CR-0000100488,0,0,0,0,23-176-0899,False,False,120,6/25/2023 10:08:00 PM,No Pedestrians Involved,Dry,No Unusual Conditions,Dark - Street Light,Violation Driver 1,Controls Functioning,Clear,Sideswipe,Non-Related,Parked Vehicle,Not Applicable,Not Applicable,South Of,,False,True,95886,NINETEENTH ST,WILLIAM ST,37.33854853,-121.8664583
3548,694478,CR-0000098472,1,0,0,0,23-185-0358,False,False,93,7/4/2023 12:04:00 PM,Not In Road,Dry,No Unusual Conditions,Daylight,Violation Driver 1,No Controls Present/Factor,Clear,Vehicle/Pedestrian,Non-Related,Pedestrian,West,East,West Of,PED,False,False,95886,NINETEENTH ST,WILLIAM ST,37.33854853,-121.8664583
3549,722217,CR-0000103483,0,0,0,0,24-081-0117,True,False,36,3/21/2024 5:24:00 AM,No Pedestrians Involved,Dry,No Unusual Conditions,Dark - Street Light,Violation Driver 1,No Controls Present/Factor,Clear,Hit Object,Related,Fixed Object,Not Applicable,Not Applicable,West Of,CURB/TREE,True,False,112562,TWENTIETH ST,WILLIAM ST,37.33911436,-121.8656191
3550,681179,CR-0000090568,0,0,0,0,22-001-0535,False,False,270,1/1/2022 1:00:00 PM,No Pedestrians Involved,Dry,No Unusual Conditions,Daylight,Violation Driver 1,No Controls Present/Factor,Clear,Other,Non-Related,Animal,Not Applicable,Not Applicable,North Of,,True,False,112595,TWENTY FIRST ST,WILLIAM ST,37.33969279,-121.864764
3551,695889,CR-0000099008,0,0,0,0,23-227-0986,True,False,0,8/15/2023 10:00:00 PM,No Pedestrians Involved,Dry,No Unusual Conditions,Dark - Street Light,Violation Driver 1,Controls Functioning,Clear,Hit Object,Intersection,Fixed Object,Not Applicable,Not Applicable,At,TREE/CURB,True,False,112595,TWENTY FIRST ST,WILLIAM ST,37.33969279,-121.864764
3552,699097,CR-0000100414,0,0,0,0,23-173-0294,False,False,66,6/22/2023 4:30:00 AM,No Pedestrians Involved,Dry,No Unusual Conditions,Dark - Street Light,Violation Driver 1,No Controls Present/Factor,Clear,Sideswipe,Non-Related,Parked Vehicle,Not Applicable,Not Applicable,West Of,,True,True,112595,TWENTY FIRST ST,WILLIAM ST,37.33969279,-121.864764
3553,715935,CR-0000101897,0,0,0,0,23-319-0651,False,False,219,11/15/2023 4:59:00 PM,No Pedestrians Involved,Dry,No Unusual Conditions,Dusk - Dawn,Violation Driver 1,No Controls Present/Factor,Cloudy,Rear End,Non-Related,Parked Vehicle,Not Applicable,Not Applicable,North Of,,False,True,112595,TWENTY FIRST ST,WILLIAM ST,37.33969279,-121.864764
3554,722172,CR-0000103438,0,0,0,0,24-076-4001,False,True,0,3/15/2024 8:10:00 PM,No Pedestrians Involved,Unknown,Unknown,Unknown,Unknown,Unknown,Unknown,Broadside,Intersection,Other Vehicle,Not Applicable,Not Applicable,At,,False,False,112595,TWENTY FIRST ST,WILLIAM ST,37.33969279,-121.864764
3555,689208,CR-0000095106,0,0,0,0,22-294-1017,False,False,2663,10/22/2022 2:02:00 AM,No Pedestrians Involved,Dry,No Unusual Conditions,Dark - Street Light,Violation Driver 1,No Controls Present/Factor,Clear,Hit Object,Non-Related,Fixed Object,Not Applicable,Not Applicable,South Of,Comcast Cable Unit/Curb,False,True,112628,TWENTY SECOND ST,WILLIAM ST,37.34026081,-121.8639254
3556,698754,CR-0000100008,1,0,0,0,23-266-0495,False,False,0,9/23/2023 3:36:00 PM,No Pedestrians Involved,Dry,No Unusual Conditions,Daylight,Violation Driver 1,Controls Functioning,Clear,Sideswipe,Intersection,Parked Vehicle,Not Applicable,Not Applicable,At,,False,False,112628,TWENTY SECOND ST,WILLIAM ST,37.34026081,-121.8639254
3557,696141,CR-0000099283,0,0,0,0,23-241-0216,False,False,2586,8/29/2023 6:10:00 AM,No Pedestrians Involved,Dry,No Unusual Conditions,Dusk - Dawn,Violation Driver 1,No Controls Present/Factor,Clear,Sideswipe,Non-Related,Parked Vehicle,Not Applicable,Not Applicable,South Of,,True,True,112628,TWENTY SECOND ST,WILLIAM ST,37.34026081,-121.8639254
3558,692413,CR-0000097696,0,0,0,0,23-081-4001,False,True,51,3/21/2023 7:50:00 PM,No Pedestrians Involved,Unknown,Unknown,Unknown,Unknown,Unknown,Unknown,Sideswipe,Non-Related,Other Vehicle,Not Applicable,Not Applicable,South Of,,False,False,112628,TWENTY SECOND ST,WILLIAM ST,37.34026081,-121.8639254
3559,694274,CR-0000097883,0,1,0,0,23-116-0245,False,False,0,4/26/2023 9:58:00 AM,No Pedestrians Involved,Dry,No Unusual Conditions,Daylight,Violation Driver 1,No Controls Present/Factor,Clear,Broadside,Intersection,Other Vehicle,Not Applicable,Not Applicable,At,,False,False,112628,TWENTY SECOND ST,WILLIAM ST,37.34026081,-121.8639254
3560,690612,CR-0000096733,1,0,0,0,23-029-0656,False,False,642,1/29/2023 6:00:00 PM,In Road - Includes Shoulder,Dry,No Unusual Conditions,Dark - Street Light,Violation Driver 1,No Controls Present/Factor,Clear,Vehicle/Pedestrian,Non-Related,Pedestrian,No Direction (Not Walking),No Direction (Not Walking),South Of,PED,False,False,112628,TWENTY SECOND ST,WILLIAM ST,37.34026081,-121.8639254
3561,690247,CR-0000096338,0,0,0,0,22-274-9711,False,True,0,9/30/2022 12:00:00 PM,No Pedestrians Involved,Dry,No Unusual Conditions,Dark - Street Light,Unknown,Unknown,Clear,Broadside,Intersection,Other Vehicle,Not Applicable,Not Applicable,At,,False,False,112628,TWENTY SECOND ST,WILLIAM ST,37.34026081,-121.8639254
3562,719693,CR-0000102865,0,0,0,0,24-024-4004,False,True,51,1/12/2024 3:00:00 PM,No Pedestrians Involved,Unknown,Unknown,Unknown,Unknown,Unknown,Unknown,Sideswipe,Non-Related,Parked Vehicle,Not Applicable,Not Applicable,South Of,,False,False,112628,TWENTY SECOND ST,WILLIAM ST,37.34026081,-121.8639254
3563,689484,CR-0000095461,1,0,0,0,22-336-0221,False,False,0,12/2/2022 9:05:00 AM,No Pedestrians Involved,Dry,No Unusual Conditions,Daylight,Violation Driver 1,No Controls Present/Factor,Clear,Sideswipe,Intersection,Other Vehicle,Not Applicable,Not Applicable,At,,False,False,51215,DILLWOOD CT,DOW DR,37.28040025,-121.8691971
3564,689332,CR-0000095322,0,0,0,0,22-322-0398,False,False,700,11/18/2022 12:21:00 PM,No Pedestrians Involved,Dry,No Unusual Conditions,Daylight,Violation Driver 1,Unknown,Clear,Rear End,Non-Related,Parked Vehicle,Not Applicable,Not Applicable,South Of,,True,False,114619,TERRACE VIEW DR,WINFIELD BL,37.24135811,-121.8689685
3565,690123,CR-0000096213,0,0,0,0,22-344-0826,False,False,0,12/10/2022 9:29:00 PM,No Pedestrians Involved,Wet,No Unusual Conditions,Dark - Street Light,Violation Driver 1,Controls Functioning,Rain,Rear End,Intersection,Other Vehicle,Not Applicable,Not Applicable,At,,True,True,4751,ALMADEN EX,IRONWOOD DR,37.28914582,-121.8811594
3566,690599,CR-0000096720,1,0,0,0,23-016-0254,False,False,39,1/16/2023 8:49:00 AM,No Pedestrians Involved,Wet,Unknown,Daylight,Violation Driver 1,Controls Functioning,Cloudy,Rear End,Related,Other Vehicle,Not Applicable,Not Applicable,North Of,,True,True,4751,ALMADEN EX,IRONWOOD DR,37.28914582,-121.8811594
3567,690873,CR-0000097016,0,0,0,0,23-033-9706,False,True,0,1/25/2023 4:30:00 PM,No Pedestrians Involved,Dry,No Unusual Conditions,Daylight,Unknown,No Controls Present/Factor,Clear,Rear End,Intersection,Motorcycle,Not Applicable,Not Applicable,At,,False,False,4751,ALMADEN EX,IRONWOOD DR,37.28914582,-121.8811594
3568,696440,CR-0000099617,0,0,0,0,23-110-0956,False,False,51,4/20/2023 7:10:00 PM,No Pedestrians Involved,Dry,No Unusual Conditions,Daylight,Violation Driver 1,No Controls Present/Factor,Clear,Rear End,Non-Related,Other Vehicle,Not Applicable,Not Applicable,South Of,,True,False,4751,ALMADEN EX,IRONWOOD DR,37.28914582,-121.8811594
3569,698996,CR-0000100300,2,0,0,0,23-329-0738,False,False,42,11/25/2023 7:34:00 PM,No Pedestrians Involved,Dry,No Unusual Conditions,Dark - Street Light,Violation Driver 1,Controls Functioning,Clear,Broadside,Related,Other Vehicle,Not Applicable,Not Applicable,South Of,,False,False,4751,ALMADEN EX,IRONWOOD DR,37.28914582,-121.8811594
3570,699034,CR-0000100340,0,0,1,0,23-205-0632,False,False,359,7/24/2023 4:14:00 PM,No Pedestrians Involved,Dry,No Unusual Conditions,Daylight,Bike At Fault,No Controls Present/Factor,Clear,Vehicle/Bike,Non-Related,Bike,Not Applicable,Not Applicable,North Of,BIKE,False,True,4751,ALMADEN EX,IRONWOOD DR,37.28914582,-121.8811594
3571,719784,CR-0000102958,0,0,0,0,24-034-0744,True,False,0,2/3/2024 7:39:00 PM,No Pedestrians Involved,Wet,No Unusual Conditions,Dark - Street Light,Violation Driver 1,Controls Functioning,Rain,Hit Object,Intersection,Fixed Object,Not Applicable,Not Applicable,At,TRAFFIC SIGNAL,False,False,4751,ALMADEN EX,IRONWOOD DR,37.28914582,-121.8811594
3572,715881,CR-0000101841,3,0,0,0,23-338-0398,False,False,0,12/4/2023 11:46:00 AM,No Pedestrians Involved,Dry,No Unusual Conditions,Daylight,Violation Driver 1,Controls Functioning,Clear,Rear End,Intersection,Other Vehicle,Not Applicable,Not Applicable,At,,False,False,4751,ALMADEN EX,IRONWOOD DR,37.28914582,-121.8811594
3573,712207,CR-0000101640,2,0,0,0,23-250-0962,False,False,0,9/7/2023 10:15:00 PM,No Pedestrians Involved,Dry,No Unusual Conditions,Dark - Street Light,Violation Driver 1,Controls Functioning,Clear,Head On,Intersection,Other Vehicle,Not Applicable,Not Applicable,At,,False,False,4751,ALMADEN EX,IRONWOOD DR,37.28914582,-121.8811594
3574,711715,CR-0000101041,0,0,0,0,23-155-0555,False,False,465,9/23/2023 4:49:00 PM,No Pedestrians Involved,Dry,No Unusual Conditions,Daylight,Violation Driver 1,Unknown,Clear,Broadside,Non-Related,Other Vehicle,Not Applicable,Not Applicable,North Of,,False,True,4751,ALMADEN EX,IRONWOOD DR,37.28914582,-121.8811594
3575,685307,CR-0000093988,0,0,0,0,22-247-0678,False,False,45,9/4/2022 6:37:00 PM,No Pedestrians Involved,Dry,No Unusual Conditions,Daylight,Violation Driver 1,Controls Functioning,Clear,Other,Related,Parked Vehicle,Not Applicable,Not Applicable,West Of,,False,True,18578,BIRD AV,COE AV,37.31534733,-121.8978763
3576,681338,CR-0000090727,0,0,0,0,22-014-0423,False,False,130,1/14/2022 2:32:00 PM,No Pedestrians Involved,Dry,No Unusual Conditions,Daylight,Violation Driver 1,Controls Functioning,Clear,Rear End,Non-Related,Parked Vehicle,Not Applicable,Not Applicable,South Of,,False,False,18578,BIRD AV,COE AV,37.31534733,-121.8978763
3577,697597,CR-0000099816,2,0,0,0,23-297-0746,False,False,91,10/24/2023 7:06:00 PM,No Pedestrians Involved,Dry,No Unusual Conditions,Dark - Street Light,Unknown,Controls Functioning,Clear,Rear End,Non-Related,Other Vehicle,Not Applicable,Not Applicable,West Of,,False,False,18578,BIRD AV,COE AV,37.31534733,-121.8978763
3578,712165,CR-0000101166,0,0,0,0,23-326-4003,False,True,51,11/21/2023 5:10:00 PM,No Pedestrians Involved,Unknown,Unknown,Unknown,Unknown,Unknown,Unknown,Other,Non-Related,Other Vehicle,Not Applicable,Not Applicable,North Of,,False,False,18578,BIRD AV,COE AV,37.31534733,-121.8978763
3579,716018,CR-0000101744,0,0,0,0,23-003-4001,False,True,51,1/3/2023 12:05:00 PM,No Pedestrians Involved,Unknown,Unknown,Unknown,Unknown,Unknown,Unknown,Rear End,Non-Related,Other Vehicle,Not Applicable,Not Applicable,South Of,,False,False,18578,BIRD AV,COE AV,37.31534733,-121.8978763
3580,682751,CR-0000092333,0,0,0,0,22-134-0909,True,False,100,5/14/2022 11:09:00 PM,No Pedestrians Involved,Dry,No Unusual Conditions,Dark - Street Light,Violation Driver 1,No Controls Present/Factor,Clear,Hit Object,Non-Related,Fixed Object,Not Applicable,Not Applicable,South Of,CURB,True,False,18611,BIRD AV,FISK AV,37.31481772,-121.8978905
3581,681442,CR-0000090832,0,0,0,0,22-027-4002,False,False,51,1/27/2022 12:25:00 PM,No Pedestrians Involved,Unknown,Unknown,Daylight,Unknown,Unknown,Unknown,Other,Non-Related,Parked Vehicle,Not Applicable,Not Applicable,West Of,,False,False,88219,MARSHALL AV,WILLIS AV,37.31437085,-121.8956457