_id,CrashFactId,Name,MinorInjuries,ModerateInjuries,SevereInjuries,FatalInjuries,TcrNumber,CityDamageFlag,ShortFormFlag,Distance,CrashDateTime,PedestrianAction,RoadwaySurface,RoadwayCondition,Lighting,PrimaryCollisionFactor,TrafficControl,Weather,CollisionType,ProximityToIntersection,VehicleInvolvedWith,PedestrianDirectionFrom,PedestrianDirectionTo,DirectionFromIntersection,Comment,SpeedingFlag,HitAndRunFlag,IntersectionNumber,AStreetName,BStreetName,Latitude,Longitude
3582,681450,CR-0000090840,4,0,0,0,22-028-0669,False,False,220,1/28/2022 5:17:00 PM,No Pedestrians Involved,Dry,No Unusual Conditions,Daylight,Violation Driver 1,Controls Functioning,Clear,Broadside,Non-Related,Other Vehicle,Not Applicable,Not Applicable,North Of,,False,False,60620,FIRST ST,SKYPORT DR,37.36699789,-121.9135555
3583,682861,CR-0000092424,1,0,0,0,22-149-0022,True,False,404,5/29/2022 12:19:00 AM,No Pedestrians Involved,Dry,No Unusual Conditions,Dark - Street Light Not Functioning,Violation Driver 1,No Controls Present/Factor,Clear,Head On,Non-Related,Other Object,Not Applicable,Not Applicable,South Of,TREE,False,False,60620,FIRST ST,SKYPORT DR,37.36699789,-121.9135555
3584,694276,CR-0000098015,0,1,0,0,23-103-0783,True,False,173,4/13/2023 6:38:00 PM,No Pedestrians Involved,Dry,No Unusual Conditions,Daylight,Violation Driver 1,No Controls Present/Factor,Clear,Hit Object,Non-Related,Fixed Object,Not Applicable,Not Applicable,South Of,,False,True,60620,FIRST ST,SKYPORT DR,37.36699789,-121.9135555
3585,694211,CR-0000097981,0,0,1,0,23-064-0673,False,False,95,3/5/2023 8:11:00 PM,Not In Road,Dry,No Unusual Conditions,Dark - Street Light,Violation Driver 1,Unknown,Clear,Vehicle/Bike,Non-Related,Bike,South,North,North Of,BICYCLIST,False,True,60620,FIRST ST,SKYPORT DR,37.36699789,-121.9135555
3586,694180,CR-0000098148,0,1,0,0,23-132-0801,False,False,0,5/12/2023 8:31:00 PM,No Pedestrians Involved,Dry,No Unusual Conditions,Dark - Street Light,Violation Driver 1,Controls Functioning,Clear,Broadside,Intersection,Train,Not Applicable,Not Applicable,At,VTA,False,False,60620,FIRST ST,SKYPORT DR,37.36699789,-121.9135555
3587,699461,CR-0000100778,0,0,0,0,23-198-0098,False,False,273,7/17/2023 3:05:00 AM,No Pedestrians Involved,Dry,No Unusual Conditions,Dark - Street Light,Violation Driver 1,Controls Functioning,Clear,Sideswipe,Non-Related,Parked Vehicle,Not Applicable,Not Applicable,North Of,,True,False,60620,FIRST ST,SKYPORT DR,37.36699789,-121.9135555
3588,719748,CR-0000102921,0,0,0,0,24-019-4011,False,True,0,1/19/2024 11:10:00 AM,No Pedestrians Involved,Unknown,Unknown,Unknown,Unknown,Unknown,Unknown,Broadside,Intersection,Other Vehicle,Not Applicable,Not Applicable,At,,False,False,60620,FIRST ST,SKYPORT DR,37.36699789,-121.9135555
3589,696349,CR-0000099505,1,0,0,0,23-303-0274,True,False,0,10/30/2023 9:57:00 AM,No Pedestrians Involved,Dry,No Unusual Conditions,Daylight,Violation Driver 1,No Controls Present/Factor,Clear,Hit Object,Intersection,Fixed Object,Not Applicable,Not Applicable,At,LIGHTPOLE,True,False,60631,FIRST ST,SONORA AV,37.36417383,-121.9114501
3590,694796,CR-0000098834,1,0,0,0,23-229-0696,False,False,0,8/17/2023 6:17:00 PM,No Pedestrians Involved,Dry,No Unusual Conditions,Daylight,Violation Driver 1,Controls Functioning,Clear,Rear End,Intersection,Other Vehicle,Not Applicable,Not Applicable,At,,True,True,60631,FIRST ST,SONORA AV,37.36417383,-121.9114501
3591,716071,CR-0000102043,1,1,0,0,24-016-0878,False,False,0,1/16/2024 9:46:00 PM,No Pedestrians Involved,Wet,No Unusual Conditions,Dark - Street Light,Violation Driver 1,Unknown,Rain,Overturned,Intersection,Train,Not Applicable,Not Applicable,At,,False,False,60631,FIRST ST,SONORA AV,37.36417383,-121.9114501
3592,683228,CR-0000092868,0,0,0,0,22-164-4009,False,True,51,6/7/2022 8:00:00 AM,No Pedestrians Involved,Unknown,Unknown,Daylight,Unknown,Unknown,Unknown,Sideswipe,Non-Related,Other Vehicle,Not Applicable,Not Applicable,South Of,,False,True,69068,GUADALUPE PW,HEDDING ST,37.35067547,-121.9088869
3593,711527,CR-0000100994,0,0,0,0,23-263-0763,True,False,0,9/20/2023 7:00:00 PM,No Pedestrians Involved,Dry,No Unusual Conditions,Daylight,Violation Driver 1,No Controls Present/Factor,Clear,Hit Object,Intersection,Fixed Object,Not Applicable,Not Applicable,At,FENCE,True,False,137895,HASSLER PW,HILL TOP VIEW LN,37.28867539,-121.7963036
3594,681664,CR-0000091061,0,0,1,0,22-031-0916,False,False,0,1/31/2022 11:16:00 PM,No Pedestrians Involved,Dry,No Unusual Conditions,Dark - Street Light,Violation Driver 1,Controls Functioning,Clear,Broadside,Intersection,Other Vehicle,Not Applicable,Not Applicable,At,,False,False,19854,BLOSSOM HILL RD,BLOSSOM AV/WEST VALLEY FR,37.25062171,-121.839637
3595,682149,CR-0000091689,0,0,0,0,22-083-4002,False,True,0,3/24/2022 12:53:00 AM,No Pedestrians Involved,Unknown,Unknown,Unknown,Unknown,Unknown,Unknown,Sideswipe,Intersection,Other Vehicle,Not Applicable,Not Applicable,At,,False,False,19854,BLOSSOM HILL RD,BLOSSOM AV/WEST VALLEY FR,37.25062171,-121.839637
3596,682169,CR-0000091739,0,0,0,0,22-062-0174,False,False,29,3/3/2022 7:20:00 AM,No Pedestrians Involved,Dry,No Unusual Conditions,Daylight,Violation Driver 1,Controls Functioning,Clear,Sideswipe,Related,Other Vehicle,Not Applicable,Not Applicable,East Of,,False,True,19854,BLOSSOM HILL RD,BLOSSOM AV/WEST VALLEY FR,37.25062171,-121.839637
3597,682173,CR-0000091721,0,0,0,0,22-071-0045,False,False,43,3/12/2022 12:50:00 AM,No Pedestrians Involved,Dry,No Unusual Conditions,Dark - Street Light,Violation Driver 1,Controls Functioning,Clear,Sideswipe,Related,Other Vehicle,Not Applicable,Not Applicable,East Of,,False,True,19854,BLOSSOM HILL RD,BLOSSOM AV/WEST VALLEY FR,37.25062171,-121.839637
3598,681747,CR-0000091147,2,0,0,0,22-052-0211,False,False,0,2/21/2022 9:25:00 AM,No Pedestrians Involved,Dry,No Unusual Conditions,Daylight,Violation Driver 1,Controls Functioning,Clear,Rear End,Intersection,Other Vehicle,Not Applicable,Not Applicable,At,,True,False,19854,BLOSSOM HILL RD,BLOSSOM AV/WEST VALLEY FR,37.25062171,-121.839637
3599,711841,CR-0000101576,0,0,0,0,23-355-4006,False,True,51,12/20/2023 8:15:00 AM,No Pedestrians Involved,Unknown,Unknown,Unknown,Unknown,Unknown,Unknown,Rear End,Non-Related,Other Vehicle,Not Applicable,Not Applicable,South Of,,False,False,19854,BLOSSOM HILL RD,BLOSSOM AV/WEST VALLEY FR,37.25062171,-121.839637
3600,719635,CR-0000102795,0,0,0,0,24-005-4003,False,True,51,1/4/2024 7:30:00 PM,No Pedestrians Involved,Unknown,Unknown,Unknown,Unknown,Unknown,Unknown,Sideswipe,Non-Related,Other Vehicle,Not Applicable,Not Applicable,Unknown,,False,False,19854,BLOSSOM HILL RD,BLOSSOM AV/WEST VALLEY FR,37.25062171,-121.839637
3601,722121,CR-0000103386,2,0,0,0,24-070-0404,False,False,0,3/10/2024 11:50:00 AM,No Pedestrians Involved,Dry,No Unusual Conditions,Daylight,Violation Driver 1,Controls Functioning,Clear,Broadside,Intersection,Other Vehicle,Not Applicable,Not Applicable,At,,False,False,19854,BLOSSOM HILL RD,BLOSSOM AV/WEST VALLEY FR,37.25062171,-121.839637
3602,722424,CR-0000103719,1,0,0,0,24-097-0819,False,False,0,4/6/2024 9:50:00 PM,No Pedestrians Involved,Dry,No Unusual Conditions,Dark - Street Light,Violation Driver 1,Controls Functioning,Clear,Head On,Intersection,Other Vehicle,Not Applicable,Not Applicable,At,,False,False,19854,BLOSSOM HILL RD,BLOSSOM AV/WEST VALLEY FR,37.25062171,-121.839637
3603,681926,CR-0000091420,1,0,0,0,22-049-0655,True,False,0,2/18/2022 3:59:00 PM,No Pedestrians Involved,Dry,No Unusual Conditions,Daylight,Unknown,No Controls Present/Factor,Clear,Rear End,Intersection,Other Vehicle,Not Applicable,Not Applicable,At,PD,False,False,20041,BLOSSOM HILL RD,ENTRADA CEDROS/WEST VALLEY FR,37.25116973,-121.8345833
3604,681334,CR-0000090721,4,0,0,0,22-013-0634,False,False,380,1/13/2022 5:57:00 PM,No Pedestrians Involved,Dry,No Unusual Conditions,Daylight,Violation Driver 1,No Controls Present/Factor,Clear,Broadside,Non-Related,Other Vehicle,Not Applicable,Not Applicable,East Of,,False,False,20041,BLOSSOM HILL RD,ENTRADA CEDROS/WEST VALLEY FR,37.25116973,-121.8345833
3605,682711,CR-0000092289,1,0,0,0,22-151-0385,False,False,0,5/31/2022 10:39:00 AM,No Pedestrians Involved,Dry,No Unusual Conditions,Daylight,Violation Driver 1,Controls Functioning,Clear,Sideswipe,Intersection,Other Vehicle,Not Applicable,Not Applicable,At,,False,False,20041,BLOSSOM HILL RD,ENTRADA CEDROS/WEST VALLEY FR,37.25116973,-121.8345833
3606,683366,CR-0000092956,0,0,0,0,22-178-9710,False,True,,6/26/2022 10:00:00 PM,No Pedestrians Involved,Dry,No Unusual Conditions,Dark - Street Light,Unknown,Controls Functioning,Clear,Other,Related,Other Vehicle,Not Applicable,Not Applicable,East Of,,False,False,20041,BLOSSOM HILL RD,ENTRADA CEDROS/WEST VALLEY FR,37.25116973,-121.8345833
3607,689290,CR-0000095255,1,0,0,0,22-308-0680,False,False,0,11/4/2022 5:45:00 PM,No Pedestrians Involved,Dry,No Unusual Conditions,Daylight,Violation Driver 1,Controls Functioning,Clear,Head On,Intersection,Non-Collision,Not Applicable,Not Applicable,At,,False,False,20041,BLOSSOM HILL RD,ENTRADA CEDROS/WEST VALLEY FR,37.25116973,-121.8345833
3608,689212,CR-0000095124,0,0,0,0,22-279-0873,False,False,206,10/6/2022 7:28:00 PM,No Pedestrians Involved,Dry,No Unusual Conditions,Dark - Street Light,Violation Driver 1,No Controls Present/Factor,Clear,Rear End,Non-Related,Other Vehicle,Not Applicable,Not Applicable,East Of,,True,False,20041,BLOSSOM HILL RD,ENTRADA CEDROS/WEST VALLEY FR,37.25116973,-121.8345833
3609,688725,CR-0000094550,0,0,0,0,22-275-4000,False,False,,10/2/2022 9:50:00 AM,No Pedestrians Involved,Unknown,Unknown,Daylight,Unknown,Unknown,Unknown,Other,Related,Other Vehicle,Not Applicable,Not Applicable,West Of,,False,False,20041,BLOSSOM HILL RD,ENTRADA CEDROS/WEST VALLEY FR,37.25116973,-121.8345833
3610,696274,CR-0000099421,0,0,0,0,23-115-0365,False,False,51,4/25/2023 11:05:00 AM,No Pedestrians Involved,Dry,No Unusual Conditions,Daylight,Violation Driver 1,No Controls Present/Factor,Clear,Rear End,Non-Related,Other Vehicle,Not Applicable,Not Applicable,East Of,,True,True,20041,BLOSSOM HILL RD,ENTRADA CEDROS/WEST VALLEY FR,37.25116973,-121.8345833
3611,696325,CR-0000099481,2,0,0,0,23-300-0349,False,False,40,10/27/2023 11:03:00 AM,No Pedestrians Involved,Dry,No Unusual Conditions,Daylight,Violation Driver 1,Controls Functioning,Clear,Rear End,Related,Other Vehicle,Not Applicable,Not Applicable,East Of,,True,False,20041,BLOSSOM HILL RD,ENTRADA CEDROS/WEST VALLEY FR,37.25116973,-121.8345833
3612,696115,CR-0000099256,0,0,0,0,23-232-0899,False,False,34,8/20/2023 9:28:00 PM,No Pedestrians Involved,Dry,No Unusual Conditions,Dark - No Street Light,Violation Driver 1,No Controls Present/Factor,Clear,Rear End,Related,Other Vehicle,Not Applicable,Not Applicable,West Of,,True,False,20041,BLOSSOM HILL RD,ENTRADA CEDROS/WEST VALLEY FR,37.25116973,-121.8345833
3613,695914,CR-0000099042,0,0,0,0,23-243-4002,False,True,51,8/31/2023 6:05:00 AM,No Pedestrians Involved,Unknown,Unknown,Unknown,Unknown,Unknown,Unknown,Sideswipe,Non-Related,Other Vehicle,Not Applicable,Not Applicable,West Of,,False,False,20041,BLOSSOM HILL RD,ENTRADA CEDROS/WEST VALLEY FR,37.25116973,-121.8345833
3614,698802,CR-0000100083,1,0,0,0,23-349-0465,False,False,40,12/15/2023 1:19:00 PM,No Pedestrians Involved,Dry,No Unusual Conditions,Daylight,Violation Driver 1,Controls Functioning,Clear,Rear End,Related,Other Vehicle,Not Applicable,Not Applicable,West Of,,True,False,20041,BLOSSOM HILL RD,ENTRADA CEDROS/WEST VALLEY FR,37.25116973,-121.8345833
3615,691013,CR-0000097184,0,0,0,0,23-049-0675,False,False,194,2/18/2023 6:20:00 PM,No Pedestrians Involved,Dry,No Unusual Conditions,Dark - Street Light,Violation Driver 1,Controls Functioning,Clear,Rear End,Non-Related,Other Vehicle,Not Applicable,Not Applicable,West Of,,True,True,20041,BLOSSOM HILL RD,ENTRADA CEDROS/WEST VALLEY FR,37.25116973,-121.8345833
3616,691220,CR-0000097441,0,0,0,0,22-336-0064,True,False,280,12/2/2022 2:03:00 AM,No Pedestrians Involved,Wet,No Unusual Conditions,Dark - Street Light,Violation Driver 1,Controls Functioning,Clear,Hit Object,Non-Related,Fixed Object,Not Applicable,Not Applicable,West Of,CURB,False,False,20041,BLOSSOM HILL RD,ENTRADA CEDROS/WEST VALLEY FR,37.25116973,-121.8345833
3617,719659,CR-0000102830,0,0,0,0,24-006-9706,False,True,51,1/6/2024 12:30:00 PM,No Pedestrians Involved,Dry,No Unusual Conditions,Daylight,Unknown,Controls Functioning,Clear,Rear End,Non-Related,Other Vehicle,Not Applicable,Not Applicable,East Of,,False,False,20041,BLOSSOM HILL RD,ENTRADA CEDROS/WEST VALLEY FR,37.25116973,-121.8345833
3618,716318,CR-0000102321,1,0,0,0,24-034-0813,False,False,51,2/3/2024 9:20:00 PM,No Pedestrians Involved,Wet,No Unusual Conditions,Dark - Street Light,Violation Driver 1,Controls Functioning,Rain,Rear End,Non-Related,Other Vehicle,Not Applicable,Not Applicable,East Of,,True,True,20041,BLOSSOM HILL RD,ENTRADA CEDROS/WEST VALLEY FR,37.25116973,-121.8345833
3619,711815,CR-0000101284,0,0,0,0,23-215-9703,False,True,,9/29/2023 2:30:00 PM,No Pedestrians Involved,Unknown,No Unusual Conditions,Daylight,Unknown,Unknown,Unknown,Rear End,Related,Other Vehicle,Not Applicable,Not Applicable,North Of,,False,False,20041,BLOSSOM HILL RD,ENTRADA CEDROS/WEST VALLEY FR,37.25116973,-121.8345833
3620,711995,CR-0000101286,0,0,0,0,23-196-4007,False,True,51,7/14/2023 2:30:00 PM,No Pedestrians Involved,Unknown,Unknown,Unknown,Unknown,Unknown,Unknown,Rear End,Non-Related,Other Vehicle,Not Applicable,Not Applicable,Unknown,,False,False,20041,BLOSSOM HILL RD,ENTRADA CEDROS/WEST VALLEY FR,37.25116973,-121.8345833
3621,690051,CR-0000096117,0,0,0,0,22-330-0168,False,False,0,11/26/2022 5:28:00 AM,No Pedestrians Involved,Dry,No Unusual Conditions,Dark - Street Light,Violation Driver 1,Unknown,Clear,Head On,Related,Fixed Object,Not Applicable,Not Applicable,At,TREE,True,False,3475,ALDRICH WY,FONTAINE RD,37.3111359,-121.8237823
3622,694412,CR-0000098366,0,1,0,0,23-155-0137,False,False,0,6/4/2023 2:40:00 AM,No Pedestrians Involved,Dry,No Unusual Conditions,Dark - Street Light,Violation Driver 1,Controls Functioning,Clear,Sideswipe,Intersection,Parked Vehicle,Not Applicable,Not Applicable,At,,True,False,3475,ALDRICH WY,FONTAINE RD,37.3111359,-121.8237823
3623,720896,CR-0000103122,0,0,0,0,24-029-0047,False,False,50,1/29/2024 1:12:00 AM,No Pedestrians Involved,Dry,No Unusual Conditions,Dark - Street Light,Violation Driver 1,No Controls Present/Factor,Clear,Other,Related,Parked Vehicle,Not Applicable,Not Applicable,South Of,,False,True,64338,GALENA DR,JESSICA WY,37.31218938,-121.8213309
3624,721961,CR-0000103215,0,0,0,0,24-042-9711,False,True,51,2/1/2024 6:30:00 PM,No Pedestrians Involved,Dry,No Unusual Conditions,Dark - Street Light,Unknown,Unknown,Clear,Other,Non-Related,Other Vehicle,Not Applicable,Not Applicable,East Of,,False,False,128116,BRODIE DR,MISTY GLEN CT,37.29092826,-121.8249261
3625,685325,CR-0000094006,0,0,0,0,22-252-1095,False,False,22,9/9/2022 11:16:00 PM,No Pedestrians Involved,Dry,No Unusual Conditions,Dark - Street Light,Violation Driver 1,No Controls Present/Factor,Clear,Head On,Related,Parked Vehicle,Not Applicable,Not Applicable,South Of,,False,True,128127,BRODIE DR,SAFE HAVEN CT,37.29094775,-121.8241306
3626,691237,CR-0000097462,1,0,0,0,23-049-9702,False,True,0,2/16/2023 5:50:00 PM,No Pedestrians Involved,Dry,Unknown,Dusk - Dawn,Unknown,Controls Functioning,Clear,Sideswipe,Intersection,Other Vehicle,Not Applicable,Not Applicable,At,,False,False,87658,MARGARET ST,MCCREERY AV,37.3481248,-121.8466368
3627,685063,CR-0000093721,3,2,0,0,22-242-0194,False,False,0,8/30/2022 7:50:00 AM,No Pedestrians Involved,Dry,No Unusual Conditions,Daylight,Violation Driver 1,Controls Functioning,Clear,Broadside,Intersection,Other Vehicle,Not Applicable,Not Applicable,At,,False,False,79452,KING RD,MARGARET ST/LOS SUENOS AV,37.34631201,-121.8493066
3628,692414,CR-0000097697,0,0,0,0,23-084-0436,False,False,131,3/21/2023 8:17:00 PM,No Pedestrians Involved,Wet,No Unusual Conditions,Dark - Street Light,Violation Driver 1,Controls Functioning,Rain,Rear End,Non-Related,Parked Vehicle,Not Applicable,Not Applicable,South Of,,True,True,58112,FABIAN DR,MERIDIAN AV,37.27529093,-121.9088592
3629,694494,CR-0000098489,0,1,0,0,23-188-0229,False,False,0,7/7/2023 8:13:00 AM,No Pedestrians Involved,Dry,No Unusual Conditions,Daylight,Violation Driver 1,No Controls Present/Factor,Clear,Hit Object,Intersection,Fixed Object,Not Applicable,Not Applicable,At,"TREE,SIGN,LIGHT POLE",True,False,29810,CAMDEN AV,DESERT FLAME DR,37.22193488,-121.8811092
3630,682388,CR-0000091951,0,0,0,0,22-106-0148,True,False,426,4/16/2022 4:29:00 AM,No Pedestrians Involved,Wet,No Unusual Conditions,Dark - Street Light,Violation Driver 1,No Controls Present/Factor,Rain,Hit Object,Non-Related,Fixed Object,Not Applicable,Not Applicable,East Of,TREE,True,True,30117,CAMDEN AV,LEYLAND PARK DR/MERIDIAN AV,37.22170578,-121.882074
3631,682799,CR-0000092408,1,0,1,0,22-135-0647,False,False,0,5/15/2022 6:18:00 PM,No Pedestrians Involved,Dry,No Unusual Conditions,Daylight,Violation Driver 1,Controls Functioning,Clear,Broadside,Intersection,Other Vehicle,Not Applicable,Not Applicable,At,,False,False,106270,SAN FELIPE RD,VILLAGES PW,37.29098887,-121.7653018
3632,692468,CR-0000097756,0,1,0,0,23-073-0723,True,False,714,3/14/2023 4:55:00 PM,No Pedestrians Involved,Wet,No Unusual Conditions,Daylight,Violation Driver 1,No Controls Present/Factor,Cloudy,Hit Object,Non-Related,Fixed Object,Not Applicable,Not Applicable,West Of,TREE,True,False,114498,SILVER CREEK E RD,YERBA BUENA RD,37.29485121,-121.7880235
3633,690556,CR-0000096677,0,1,0,0,23-006-0110,True,False,165,1/6/2023 3:50:00 AM,No Pedestrians Involved,Dry,No Unusual Conditions,Dark - Street Light,Violation Driver 1,No Controls Present/Factor,Wind,Hit Object,Non-Related,Fixed Object,Not Applicable,Not Applicable,West Of,CURB,False,False,114498,SILVER CREEK E RD,YERBA BUENA RD,37.29485121,-121.7880235
3634,682342,CR-0000091903,0,1,0,0,22-099-0382,False,False,0,4/9/2022 11:19:00 AM,No Pedestrians Involved,Dry,No Unusual Conditions,Daylight,Violation Driver 1,Controls Functioning,Clear,Vehicle/Bike,Intersection,Bike,Not Applicable,Not Applicable,At,BIKE,False,False,37278,CHELTENHAM WY,SANTA TERESA BL,37.22207359,-121.763226
3635,685020,CR-0000093673,0,2,1,0,22-206-0596,False,False,0,7/25/2022 3:17:00 PM,No Pedestrians Involved,Dry,No Unusual Conditions,Daylight,Violation Driver 1,No Controls Present/Factor,Clear,Broadside,Intersection,Other Vehicle,Not Applicable,Not Applicable,At,,True,False,37278,CHELTENHAM WY,SANTA TERESA BL,37.22207359,-121.763226
3636,719526,CR-0000102655,1,0,1,0,24-071-0842,False,False,0,3/11/2024 7:47:00 PM,No Pedestrians Involved,Dry,No Unusual Conditions,Dusk - Dawn,Violation Driver 1,No Controls Present/Factor,Clear,Broadside,Intersection,Other Vehicle,Not Applicable,Not Applicable,At,,False,False,37278,CHELTENHAM WY,SANTA TERESA BL,37.22207359,-121.763226
3637,684942,CR-0000093608,2,0,0,0,22-196-0137,False,False,350,7/15/2022 4:02:00 AM,No Pedestrians Involved,Dry,No Unusual Conditions,Dark - Street Light,Violation Driver 1,Controls Functioning,Clear,Head On,Non-Related,Parked Vehicle,Not Applicable,Not Applicable,West Of,,True,False,37245,CHELTENHAM PL,PHINNEY WY,37.2217619,-121.763823
3638,689341,CR-0000095299,1,0,0,0,22-292-0130,False,False,0,10/19/2022 6:59:00 AM,Crossing In Crosswalk - At Intersection,Dry,No Unusual Conditions,Dusk - Dawn,Violation Driver 1,No Controls Present/Factor,Clear,Vehicle/Pedestrian,Intersection,Pedestrian,West,East,At,PED,False,False,132990,CAPITOL EX,TIMBERLOOP DR,37.27447149,-121.8572246
3639,681950,CR-0000091459,0,0,0,0,22-085-0504,False,False,990,3/26/2022 3:50:00 PM,No Pedestrians Involved,Dry,No Unusual Conditions,Daylight,Violation Driver 1,No Controls Present/Factor,Clear,Head On,Non-Related,Parked Vehicle,Not Applicable,Not Applicable,East Of,,False,False,3772,ALLEGAN CI/MCCAMISH AV,LEAN AV,37.23407847,-121.8172143
3640,722010,CR-0000103264,0,0,0,0,24-056-0064,False,False,73,2/25/2024 1:08:00 AM,No Pedestrians Involved,Dry,No Unusual Conditions,Dark - Street Light,Violation Driver 1,No Controls Present/Factor,Clear,Sideswipe,Non-Related,Parked Vehicle,Not Applicable,Not Applicable,West Of,,False,False,25299,BRIDLE WY,CALERO AV,37.24240006,-121.8251492
3641,683527,CR-0000093126,0,0,0,0,22-204-0049,False,False,0,7/23/2022 1:00:00 AM,No Pedestrians Involved,Dry,No Unusual Conditions,Dark - Street Light,Violation Driver 1,No Controls Present/Factor,Clear,Rear End,Intersection,Parked Vehicle,Not Applicable,Not Applicable,At,,False,True,20965,BLUEFIELD DR,MARTI WY,37.27234809,-121.8434462
3642,683044,CR-0000092646,0,0,0,0,22-173-0707,False,False,0,6/22/2022 2:00:00 PM,No Pedestrians Involved,Dry,No Unusual Conditions,Daylight,Violation Driver 1,No Controls Present/Factor,Clear,Sideswipe,Intersection,Parked Vehicle,Not Applicable,Not Applicable,At,,False,True,20965,BLUEFIELD DR,MARTI WY,37.27234809,-121.8434462
3643,699242,CR-0000100564,0,0,0,0,23-164-0551,True,False,299,6/13/2023 3:31:00 PM,No Pedestrians Involved,Dry,No Unusual Conditions,Daylight,Violation Driver 1,No Controls Present/Factor,Clear,Hit Object,Non-Related,Fixed Object,Not Applicable,Not Applicable,South Of,FENCE,False,False,123562,SNELL AV,SNELL WY,37.2497707,-121.830501
3644,715961,CR-0000101891,0,0,0,0,23-325-0206,False,False,0,11/21/2023 8:16:00 AM,No Pedestrians Involved,Dry,No Unusual Conditions,Daylight,Bike At Fault,Controls Functioning,Clear,Vehicle/Bike,Intersection,Bike,Not Applicable,Not Applicable,At,,False,False,123562,SNELL AV,SNELL WY,37.2497707,-121.830501
3645,685279,CR-0000093959,0,1,0,0,22-254-0096,False,False,0,9/11/2022 1:45:00 AM,No Pedestrians Involved,Dry,No Unusual Conditions,Dark - Street Light,Violation Driver 1,Controls Functioning,Clear,Hit Object,Intersection,Fixed Object,Not Applicable,Not Applicable,At,CURB,False,False,19095,BLACKLOCK CT,SANTA TERESA BL,37.23745233,-121.8195189
3646,719595,CR-0000102752,0,0,0,0,24-001-4000,False,True,51,1/1/2024 2:20:00 AM,No Pedestrians Involved,Unknown,Unknown,Unknown,Unknown,Unknown,Unknown,Rear End,Non-Related,Parked Vehicle,Not Applicable,Not Applicable,South Of,,False,False,44791,COYOTE RD,LINDSTROM CT,37.26262316,-121.7950406
3647,689252,CR-0000095202,0,0,0,0,22-303-0054,False,False,69,10/30/2022 12:40:00 AM,No Pedestrians Involved,Dry,No Unusual Conditions,Dark - Street Light,Violation Driver 1,Controls Functioning,Clear,Hit Object,Non-Related,Fixed Object,Not Applicable,Not Applicable,North Of,VTA SIGN,False,True,78198,HERMOCILLA WY/KAMMERER AV,KING RD,37.34692599,-121.8499435
3648,689205,CR-0000095121,1,0,0,0,22-301-0384,False,False,0,10/28/2022 1:14:00 PM,No Pedestrians Involved,Dry,No Unusual Conditions,Daylight,Unknown,Controls Functioning,Clear,Head On,Intersection,Other Vehicle,Not Applicable,Not Applicable,At,,False,False,78198,HERMOCILLA WY/KAMMERER AV,KING RD,37.34692599,-121.8499435
3649,696538,CR-0000099725,1,0,0,0,23-342-0230,False,False,0,12/8/2023 7:30:00 AM,Crossing In Crosswalk - At Intersection,Dry,No Unusual Conditions,Daylight,Violation Driver 1,No Controls Present/Factor,Clear,Vehicle/Pedestrian,Intersection,Pedestrian,West,East,At,PED,True,True,78198,HERMOCILLA WY/KAMMERER AV,KING RD,37.34692599,-121.8499435
3650,694167,CR-0000097984,4,0,0,0,23-076-0709,False,False,0,3/17/2023 5:54:00 PM,No Pedestrians Involved,Dry,No Unusual Conditions,Daylight,Violation Driver 1,Controls Functioning,Clear,Head On,Intersection,Other Vehicle,Not Applicable,Not Applicable,At,,False,False,78198,HERMOCILLA WY/KAMMERER AV,KING RD,37.34692599,-121.8499435
3651,716143,CR-0000102089,1,0,0,0,24-013-0679,False,False,0,1/13/2024 7:25:00 PM,No Pedestrians Involved,Wet,No Unusual Conditions,Dark - Street Light,Violation Driver 1,Controls Functioning,Rain,Head On,Intersection,Other Vehicle,Not Applicable,Not Applicable,At,,False,False,78198,HERMOCILLA WY/KAMMERER AV,KING RD,37.34692599,-121.8499435
3652,687615,CR-0000094408,1,0,0,0,22-270-0433,False,False,0,9/27/2022 12:20:00 PM,No Pedestrians Involved,Dry,No Unusual Conditions,Daylight,Violation Driver 1,Controls Functioning,Clear,Sideswipe,Intersection,Other Vehicle,Not Applicable,Not Applicable,At,,False,False,43086,COOLEY DR,KING RD,37.34781747,-121.8508119
3653,699165,CR-0000100484,0,1,0,0,23-175-0923,False,False,116,6/24/2023 10:57:00 PM,No Pedestrians Involved,Dry,Construction - Repair Zone,Dark - Street Light,Violation Driver 1,No Controls Present/Factor,Clear,Hit Object,Non-Related,Fixed Object,Not Applicable,Not Applicable,West Of,BARRIER,False,False,128182,PRESERVATION DR,SAN ANTONIO ST,37.35397554,-121.8440151
3654,696203,CR-0000099347,1,0,0,0,23-101-0962,False,False,108,4/11/2023 10:44:00 PM,No Pedestrians Involved,Dry,No Unusual Conditions,Dark - Street Light,Violation Driver 1,No Controls Present/Factor,Clear,Broadside,Non-Related,Other Vehicle,Not Applicable,Not Applicable,West Of,,True,False,128182,PRESERVATION DR,SAN ANTONIO ST,37.35397554,-121.8440151
3655,682024,CR-0000091535,0,0,0,0,22-074-0202,False,False,72,3/14/2022 4:00:00 PM,No Pedestrians Involved,Dry,No Unusual Conditions,Dark - Street Light,Violation Driver 1,No Controls Present/Factor,Cloudy,Sideswipe,Non-Related,Parked Vehicle,Not Applicable,Not Applicable,North Of,,True,True,105885,SAN ANTONIO ST,SUNSET AV,37.35265459,-121.8467945