_id,CrashFactId,Name,MinorInjuries,ModerateInjuries,SevereInjuries,FatalInjuries,TcrNumber,CityDamageFlag,ShortFormFlag,Distance,CrashDateTime,PedestrianAction,RoadwaySurface,RoadwayCondition,Lighting,PrimaryCollisionFactor,TrafficControl,Weather,CollisionType,ProximityToIntersection,VehicleInvolvedWith,PedestrianDirectionFrom,PedestrianDirectionTo,DirectionFromIntersection,Comment,SpeedingFlag,HitAndRunFlag,IntersectionNumber,AStreetName,BStreetName,Latitude,Longitude
3656,683341,CR-0000092929,0,0,0,0,22-142-0644,False,False,245,5/22/2022 4:56:00 PM,No Pedestrians Involved,Dry,No Unusual Conditions,Daylight,Violation Driver 1,Unknown,Clear,Broadside,Non-Related,Other Vehicle,Not Applicable,Not Applicable,South Of,,True,True,105885,SAN ANTONIO ST,SUNSET AV,37.35265459,-121.8467945
3657,695866,CR-0000098931,0,0,0,0,23-092-0650,False,False,0,4/2/2023 6:28:00 PM,No Pedestrians Involved,Dry,No Unusual Conditions,Dusk - Dawn,Violation Driver 1,Controls Functioning,Cloudy,Broadside,Intersection,Other Vehicle,Not Applicable,Not Applicable,At,,False,True,105885,SAN ANTONIO ST,SUNSET AV,37.35265459,-121.8467945
3658,698656,CR-0000099882,2,0,0,0,23-227-0231,False,False,300,8/15/2023 8:20:00 AM,No Pedestrians Involved,Dry,Unknown,Daylight,Violation Driver 1,No Controls Present/Factor,Clear,Rear End,Non-Related,Other Vehicle,Not Applicable,Not Applicable,East Of,,True,False,105885,SAN ANTONIO ST,SUNSET AV,37.35265459,-121.8467945
3659,698873,CR-0000100158,1,0,0,0,23-165-0738,False,False,0,6/14/2023 6:33:00 PM,No Pedestrians Involved,Dry,No Unusual Conditions,Daylight,Violation Driver 1,Controls Functioning,Clear,Broadside,Intersection,Other Vehicle,Not Applicable,Not Applicable,At,,True,False,105885,SAN ANTONIO ST,SUNSET AV,37.35265459,-121.8467945
3660,689891,CR-0000095918,1,0,0,0,22-357-0767,False,False,,12/23/2022 7:26:00 PM,No Pedestrians Involved,Dry,No Unusual Conditions,Dark - Street Light,Violation Driver 1,Controls Functioning,Clear,Rear End,Related,Other Vehicle,Not Applicable,Not Applicable,East Of,,True,False,105885,SAN ANTONIO ST,SUNSET AV,37.35265459,-121.8467945
3661,719551,CR-0000102698,1,0,0,0,24-088-0643,False,False,193,3/28/2024 5:22:00 PM,No Pedestrians Involved,Dry,No Unusual Conditions,Daylight,Violation Driver 1,Controls Functioning,Clear,Rear End,Non-Related,Other Vehicle,Not Applicable,Not Applicable,West Of,,False,False,105885,SAN ANTONIO ST,SUNSET AV,37.35265459,-121.8467945
3662,690043,CR-0000096108,0,0,0,0,22-023-4001,False,True,0,1/23/2022 12:00:00 AM,No Pedestrians Involved,Unknown,Unknown,Unknown,Unknown,Unknown,Unknown,Broadside,Intersection,Parked Vehicle,Not Applicable,Not Applicable,At,,False,True,89330,MCCREERY AV,SAN ANTONIO ST,37.35163592,-121.8489355
3663,722214,CR-0000103480,0,0,0,0,24-081-4000,False,True,0,3/20/2024 9:30:00 PM,No Pedestrians Involved,Unknown,Unknown,Unknown,Unknown,Unknown,Unknown,Other,Intersection,Parked Vehicle,Not Applicable,Not Applicable,At,,False,False,89330,MCCREERY AV,SAN ANTONIO ST,37.35163592,-121.8489355
3664,682053,CR-0000091563,1,0,0,0,22-065-0485,False,False,0,3/6/2022 1:38:00 PM,Crossing - Not In Crosswalk,Dry,No Unusual Conditions,Daylight,Violation Driver 1,No Controls Present/Factor,Clear,Vehicle/Pedestrian,Intersection,Pedestrian,North,South,At,PED,False,False,128171,PACKING PL/SCHARFF AV,SAN ANTONIO ST,37.3545013,-121.8429097
3665,694311,CR-0000098255,0,1,0,0,23-178-0416,False,False,0,6/27/2023 12:28:00 PM,Crossing In Crosswalk - At Intersection,Dry,No Unusual Conditions,Daylight,Violation Driver 1,Controls Functioning,Clear,Vehicle/Pedestrian,Intersection,Pedestrian,South,North,At,PED,False,False,128171,PACKING PL/SCHARFF AV,SAN ANTONIO ST,37.3545013,-121.8429097
3666,716337,CR-0000102278,0,1,0,0,24-059-0200,False,False,0,2/28/2024 8:20:00 AM,No Pedestrians Involved,Dry,No Unusual Conditions,Daylight,Violation Driver 1,Controls Functioning,Clear,Vehicle/Bike,Intersection,Scooter Motorized,Not Applicable,Not Applicable,At,E.SCOOTER,False,False,128171,PACKING PL/SCHARFF AV,SAN ANTONIO ST,37.3545013,-121.8429097
3667,716041,CR-0000101810,0,0,0,0,23-139-4000,False,True,51,5/19/2023 3:45:00 AM,No Pedestrians Involved,Unknown,Unknown,Unknown,Unknown,Unknown,Unknown,Other,Non-Related,Parked Vehicle,Not Applicable,Not Applicable,West Of,,False,False,32020,CAPE VERDE PL,COMMODORE DR,37.37313116,-121.8670809
3668,684736,CR-0000093456,0,0,0,0,22-206-0739,True,False,243,7/25/2022 5:56:00 PM,No Pedestrians Involved,Dry,No Unusual Conditions,Daylight,Violation Driver 1,No Controls Present/Factor,Clear,Sideswipe,Non-Related,Parked Vehicle,Not Applicable,Not Applicable,East Of,DOT Vehicle,False,False,11230,AVENIDA GRANDE,VIA MARIA,37.22922801,-121.7670718
3669,689031,CR-0000094902,0,0,0,0,22-286-1005,False,False,140,10/13/2022 10:43:00 PM,No Pedestrians Involved,Dry,No Unusual Conditions,Dark - Street Light,Violation Driver 1,No Controls Present/Factor,Clear,Rear End,Non-Related,Parked Vehicle,Not Applicable,Not Applicable,North Of,,True,True,16400,BELVEDERE DR,SARATOGA AV,37.31214209,-121.9773051
3670,689707,CR-0000095691,1,1,0,0,22-313-0767,True,False,0,11/9/2022 6:43:00 PM,No Pedestrians Involved,Dry,No Unusual Conditions,Dark - Street Light,Violation Driver 1,Controls Functioning,Cloudy,Broadside,Intersection,Other Vehicle,Not Applicable,Not Applicable,At,TREE,False,False,16400,BELVEDERE DR,SARATOGA AV,37.31214209,-121.9773051
3671,712253,CR-0000101708,0,0,0,1,24-041-0520,False,False,116,2/10/2024 2:09:00 PM,Not In Road,Dry,No Unusual Conditions,Daylight,Violation Driver 1,No Controls Present/Factor,Clear,Vehicle/Pedestrian,Non-Related,Pedestrian,Unknown,Unknown,North Of,PED,False,False,16400,BELVEDERE DR,SARATOGA AV,37.31214209,-121.9773051
3672,682882,CR-0000092456,0,0,0,0,22-180-4000,False,True,51,6/29/2022 12:20:00 PM,No Pedestrians Involved,Unknown,Unknown,Daylight,Unknown,Unknown,Unknown,Rear End,Non-Related,Other Vehicle,Not Applicable,Not Applicable,Unknown,,False,True,87460,MANZANITA DR,SARATOGA AV,37.3114087,-121.9773219
3673,699340,CR-0000100667,0,0,0,0,23-169-0185,False,True,51,6/18/2023 2:59:00 AM,No Pedestrians Involved,Unknown,Unknown,Unknown,Unknown,Unknown,Unknown,Rear End,Non-Related,Parked Vehicle,Not Applicable,Not Applicable,Unknown,,False,False,87460,MANZANITA DR,SARATOGA AV,37.3114087,-121.9773219
3674,690097,CR-0000096170,0,0,0,0,22-098-9709,False,False,0,4/6/2022 4:00:00 PM,No Pedestrians Involved,Dry,Unknown,Daylight,Unknown,Controls Functioning,Clear,Rear End,Intersection,Other Vehicle,Not Applicable,Not Applicable,At,,False,False,69827,HAMILTON AV,SAN TOMAS RD,37.29379546,-121.9766214
3675,682634,CR-0000092210,2,0,0,0,22-152-0680,False,False,0,6/1/2022 4:46:00 PM,No Pedestrians Involved,Dry,No Unusual Conditions,Daylight,Violation Driver 1,Controls Functioning,Clear,Rear End,Intersection,Other Vehicle,Not Applicable,Not Applicable,At,EMERGENCY POLICE VEHICLE,False,False,69827,HAMILTON AV,SAN TOMAS RD,37.29379546,-121.9766214
3676,682904,CR-0000092493,1,0,0,0,22-033-0628,False,False,30,2/2/2022 3:51:00 PM,No Pedestrians Involved,Dry,No Unusual Conditions,Daylight,Violation Driver 1,Controls Functioning,Clear,Broadside,Related,Other Vehicle,Not Applicable,Not Applicable,West Of,,False,True,69827,HAMILTON AV,SAN TOMAS RD,37.29379546,-121.9766214
3677,692488,CR-0000097776,0,0,0,0,23-073-0896,False,False,0,3/14/2023 8:19:00 PM,No Pedestrians Involved,Dry,No Unusual Conditions,Dark - No Street Light,Violation Driver 1,Controls Not Functioning,Cloudy,Broadside,Intersection,Other Vehicle,Not Applicable,Not Applicable,At,,False,False,69827,HAMILTON AV,SAN TOMAS RD,37.29379546,-121.9766214
3678,692423,CR-0000097706,2,0,0,0,23-081-0541,False,False,120,3/22/2023 3:38:00 PM,No Pedestrians Involved,Dry,No Unusual Conditions,Daylight,Violation Driver 1,Controls Functioning,Clear,Broadside,Non-Related,Other Vehicle,Not Applicable,Not Applicable,North Of,,False,False,69827,HAMILTON AV,SAN TOMAS RD,37.29379546,-121.9766214
3679,691122,CR-0000097318,0,0,0,0,23-049-9704,False,True,0,2/14/2023 6:05:00 PM,No Pedestrians Involved,Unknown,Unknown,Unknown,Violation Driver 1,Unknown,Unknown,Other,Intersection,Other Vehicle,Not Applicable,Not Applicable,At,,False,False,69827,HAMILTON AV,SAN TOMAS RD,37.29379546,-121.9766214
3680,715885,CR-0000101942,0,0,0,0,23-361-9706,False,True,0,12/25/2023 12:00:00 AM,No Pedestrians Involved,Dry,No Unusual Conditions,Dusk - Dawn,Unknown,Controls Functioning,Clear,Rear End,Intersection,Other Vehicle,Not Applicable,Not Applicable,At,,False,False,69827,HAMILTON AV,SAN TOMAS RD,37.29379546,-121.9766214
3681,720834,CR-0000103037,1,1,0,0,24-042-0425,False,False,0,2/11/2024 1:00:00 PM,No Pedestrians Involved,Dry,No Unusual Conditions,Daylight,Violation Driver 1,Controls Functioning,Clear,Head On,Intersection,Other Vehicle,Not Applicable,Not Applicable,At,,False,False,69827,HAMILTON AV,SAN TOMAS RD,37.29379546,-121.9766214
3682,699412,CR-0000100744,0,0,0,0,23-195-0058,False,False,51,7/14/2023 1:08:00 AM,No Pedestrians Involved,Dry,No Unusual Conditions,Dark - Street Light,Violation Driver 1,Controls Functioning,Clear,Rear End,Non-Related,Parked Vehicle,Not Applicable,Not Applicable,North Of,,False,False,82136,LATIMER AV,SAN TOMAS RD,37.29077879,-121.9765978
3683,689778,CR-0000095803,1,0,0,0,22-117-9706,False,False,,4/26/2022 7:42:00 PM,No Pedestrians Involved,Dry,No Unusual Conditions,Daylight,Unknown,Controls Functioning,Clear,Rear End,Related,Other Vehicle,Not Applicable,Not Applicable,West Of,,False,False,69805,HAMILTON AV,SAGEMONT AV,37.29090677,-121.9863867
3684,683394,CR-0000092987,0,0,0,0,22-145-9702,False,True,51,5/24/2022 5:32:00 PM,No Pedestrians Involved,Dry,No Unusual Conditions,Daylight,Unknown,Controls Functioning,Clear,Sideswipe,Non-Related,Motorcycle,Not Applicable,Not Applicable,Unknown,,False,True,69805,HAMILTON AV,SAGEMONT AV,37.29090677,-121.9863867
3685,682124,CR-0000091686,0,0,0,0,22-082-4003,False,True,51,3/23/2022 8:30:00 AM,No Pedestrians Involved,Unknown,Unknown,Daylight,Unknown,Unknown,Unknown,Sideswipe,Non-Related,Parked Vehicle,Not Applicable,Not Applicable,West Of,,False,False,39863,CLARK WY/DRY CREEK RD,COTTLE AV,37.29306002,-121.8973474
3686,687552,CR-0000094342,0,1,0,0,22-258-0187,False,False,193,9/15/2022 8:12:00 AM,No Pedestrians Involved,Dry,Unknown,Daylight,Bike At Fault,Controls Functioning,Clear,Vehicle/Bike,Non-Related,Bike,Not Applicable,Not Applicable,West Of,BIKE,False,False,39863,CLARK WY/DRY CREEK RD,COTTLE AV,37.29306002,-121.8973474
3687,716394,CR-0000102393,2,0,0,0,24-047-0295,False,False,57,2/16/2024 10:21:00 AM,In Road - Includes Shoulder,Dry,No Unusual Conditions,Daylight,Violation Driver 1,No Controls Present/Factor,Cloudy,Vehicle/Pedestrian,Non-Related,Pedestrian,No Direction (Not Walking),No Direction (Not Walking),East Of,PEDx2,False,True,39863,CLARK WY/DRY CREEK RD,COTTLE AV,37.29306002,-121.8973474
3688,722340,CR-0000103634,1,0,0,0,24-093-0577,False,False,67,4/2/2024 2:30:00 PM,No Pedestrians Involved,Dry,No Unusual Conditions,Daylight,Violation Driver 1,No Controls Present/Factor,Clear,Rear End,Non-Related,Other Vehicle,Not Applicable,Not Applicable,West Of,,False,False,39863,CLARK WY/DRY CREEK RD,COTTLE AV,37.29306002,-121.8973474
3689,711964,CR-0000101164,0,0,0,0,23-264-4001,False,True,0,11/22/2023 2:00:00 AM,No Pedestrians Involved,Unknown,Unknown,Unknown,Unknown,Unknown,Unknown,Other,Intersection,Parked Vehicle,Not Applicable,Not Applicable,At,,False,False,73446,HOGAR DR,JULIO AV,37.26839339,-121.9117386
3690,681809,CR-0000091218,1,1,0,0,22-078-0392,False,False,280,3/19/2022 1:15:00 PM,No Pedestrians Involved,Wet,No Unusual Conditions,Daylight,Violation Driver 1,No Controls Present/Factor,Cloudy,Head On,Non-Related,Other Vehicle,Not Applicable,Not Applicable,West Of,,False,False,19062,BLACKFORD AV,REBECCA WY,37.31438474,-121.9689061
3691,690463,CR-0000096573,0,0,0,0,22-343-0018,False,False,72,12/9/2022 12:41:00 AM,No Pedestrians Involved,Wet,No Unusual Conditions,Dark - Street Light,Violation Driver 1,Controls Functioning,Rain,Sideswipe,Non-Related,Parked Vehicle,Not Applicable,Not Applicable,West Of,,False,False,19062,BLACKFORD AV,REBECCA WY,37.31438474,-121.9689061
3692,722507,CR-0000103821,0,1,0,0,24-108-0664,False,False,0,4/17/2024 5:26:00 PM,No Pedestrians Involved,Dry,No Unusual Conditions,Daylight,Bike At Fault,No Controls Present/Factor,Clear,Vehicle/Bike,Intersection,Bike,Not Applicable,Not Applicable,At,BIKE,False,False,52282,DOYLE RD,HAPPY VALLEY AV,37.30448775,-121.9924656
3693,697590,CR-0000099830,1,0,0,0,23-304-0254,False,False,204,10/31/2023 10:01:00 AM,In Road - Includes Shoulder,Dry,No Unusual Conditions,Daylight,Pedestrian At Fault,No Controls Present/Factor,Clear,Vehicle/Pedestrian,Non-Related,Pedestrian,East,West,North Of,PED,False,False,3816,ALLEN AV,CALERO AV,37.24361654,-121.8568143
3694,690434,CR-0000096536,0,0,0,0,22-114-6356,False,True,51,4/24/2022 10:35:00 AM,No Pedestrians Involved,Dry,No Unusual Conditions,Daylight,Unknown,No Controls Present/Factor,Clear,Hit Object,Non-Related,Fixed Object,Not Applicable,Not Applicable,North Of,,False,False,5940,ALUM ROCK AV,ALUM ROCK FALLS RD,37.39432278,-121.8116498
3695,695917,CR-0000099045,0,0,0,0,23-243-0221,True,True,51,8/31/2023 7:30:00 AM,No Pedestrians Involved,Unknown,Unknown,Unknown,Unknown,Unknown,Unknown,Hit Object,Non-Related,Fixed Object,Not Applicable,Not Applicable,North Of,GATE,False,False,5940,ALUM ROCK AV,ALUM ROCK FALLS RD,37.39432278,-121.8116498
3696,683020,CR-0000092632,1,0,0,0,22-168-0069,False,False,90,6/17/2022 2:19:00 AM,No Pedestrians Involved,Dry,No Unusual Conditions,Dark - Street Light,Violation Driver 1,Controls Functioning,Clear,Head On,Non-Related,Parked Vehicle,Not Applicable,Not Applicable,West Of,,True,False,11175,AVENIDA GRANDE,AVENIDA ROTELLA,37.23219109,-121.7643087
3697,696221,CR-0000099366,0,0,0,0,23-117-0555,False,False,115,4/26/2023 11:20:00 PM,No Pedestrians Involved,Dry,No Unusual Conditions,Dark - Street Light,Violation Driver 1,No Controls Present/Factor,Clear,Sideswipe,Non-Related,Parked Vehicle,Not Applicable,Not Applicable,North Of,,False,True,11175,AVENIDA GRANDE,AVENIDA ROTELLA,37.23219109,-121.7643087
3698,685287,CR-0000093967,1,0,0,0,22-257-0152,False,False,0,9/14/2022 7:25:00 AM,No Pedestrians Involved,Dry,No Unusual Conditions,Daylight,Violation Driver 1,Unknown,Clear,Sideswipe,Intersection,Other Vehicle,Not Applicable,Not Applicable,At,,False,False,12110,BAILEY AV,MCKEAN RD,37.18223758,-121.7616901
3699,689223,CR-0000095160,0,0,0,0,22-350-9703,False,True,0,9/21/2022 10:00:00 AM,No Pedestrians Involved,Dry,No Unusual Conditions,Daylight,Unknown,Controls Functioning,Clear,Sideswipe,Intersection,Other Vehicle,Not Applicable,Not Applicable,At,,False,False,12110,BAILEY AV,MCKEAN RD,37.18223758,-121.7616901
3700,688909,CR-0000094769,0,0,0,0,22-278-1030,False,False,51,10/5/2022 11:41:00 PM,No Pedestrians Involved,Dry,No Unusual Conditions,Dark - No Street Light,Unknown,No Controls Present/Factor,Clear,Hit Object,Non-Related,Fixed Object,Not Applicable,Not Applicable,East Of,GUY-WIRE,False,True,12110,BAILEY AV,MCKEAN RD,37.18223758,-121.7616901
3701,688924,CR-0000094783,0,1,0,0,22-280-0716,True,False,395,10/7/2022 4:47:00 PM,No Pedestrians Involved,Dry,No Unusual Conditions,Daylight,Violation Driver 1,Controls Functioning,Clear,Hit Object,Non-Related,Fixed Object,Not Applicable,Not Applicable,East Of,FENCE/TREE,True,False,12110,BAILEY AV,MCKEAN RD,37.18223758,-121.7616901
3702,682914,CR-0000092470,0,0,0,0,22-048-4001,False,True,51,2/17/2022 3:10:00 PM,No Pedestrians Involved,Unknown,Unknown,Daylight,Unknown,Unknown,Unknown,Other,Non-Related,Other Vehicle,Not Applicable,Not Applicable,East Of,,False,False,12110,BAILEY AV,MCKEAN RD,37.18223758,-121.7616901
3703,695800,CR-0000098865,1,0,0,0,23-252-0110,False,False,2640,9/9/2023 2:16:00 AM,No Pedestrians Involved,Dry,No Unusual Conditions,Dark - No Street Light,Violation Driver 1,No Controls Present/Factor,Clear,Hit Object,Non-Related,Fixed Object,Not Applicable,Not Applicable,East Of,ROCK,False,False,12110,BAILEY AV,MCKEAN RD,37.18223758,-121.7616901
3704,694676,CR-0000098710,0,0,1,0,23-225-0313,False,False,0,8/13/2023 10:12:00 AM,No Pedestrians Involved,Dry,No Unusual Conditions,Daylight,Violation Driver 1,Controls Functioning,Clear,Sideswipe,Intersection,Motorcycle,Not Applicable,Not Applicable,At,,False,False,12110,BAILEY AV,MCKEAN RD,37.18223758,-121.7616901
3705,694437,CR-0000098401,0,0,1,0,23-160-0369,False,False,51,6/9/2023 12:40:00 PM,No Pedestrians Involved,Dry,No Unusual Conditions,Daylight,Violation Driver 1,Controls Functioning,Clear,Other,Non-Related,Non-Collision,Not Applicable,Not Applicable,East Of,,True,False,12110,BAILEY AV,MCKEAN RD,37.18223758,-121.7616901
3706,694548,CR-0000098542,2,1,0,0,23-198-0517,False,False,4004,7/17/2023 2:35:00 PM,No Pedestrians Involved,Dry,No Unusual Conditions,Daylight,Violation Driver 1,No Controls Present/Factor,Clear,Overturned,Non-Related,Other Vehicle,Not Applicable,Not Applicable,South Of,,False,False,12110,BAILEY AV,MCKEAN RD,37.18223758,-121.7616901
3707,698968,CR-0000100270,3,0,0,0,23-310-0041,False,False,2546,11/6/2023 1:21:00 AM,No Pedestrians Involved,Wet,No Unusual Conditions,Dark - No Street Light,Violation Driver 1,No Controls Present/Factor,Cloudy,Other,Non-Related,Other Object,Not Applicable,Not Applicable,East Of,,True,False,12110,BAILEY AV,MCKEAN RD,37.18223758,-121.7616901
3708,698936,CR-0000100238,1,0,0,0,23-316-0702,True,False,2640,11/13/2023 6:16:00 PM,No Pedestrians Involved,Unknown,No Unusual Conditions,Dark - No Street Light,Violation Driver 1,Controls Functioning,Clear,Hit Object,Non-Related,Fixed Object,Not Applicable,Not Applicable,East Of,TREE,False,False,12110,BAILEY AV,MCKEAN RD,37.18223758,-121.7616901
3709,722391,CR-0000103685,0,0,1,0,24-098-0383,False,False,2700,4/7/2024 12:12:00 PM,No Pedestrians Involved,Dry,No Unusual Conditions,Daylight,Violation Driver 1,No Controls Present/Factor,Clear,Head On,Non-Related,Motorcycle,Not Applicable,Not Applicable,East Of,,True,False,12110,BAILEY AV,MCKEAN RD,37.18223758,-121.7616901
3710,711843,CR-0000101298,0,0,0,0,23-211-4001,False,True,51,7/29/2023 9:00:00 PM,No Pedestrians Involved,Unknown,Unknown,Unknown,Unknown,Unknown,Unknown,Hit Object,Non-Related,Other Object,Not Applicable,Not Applicable,Unknown,DEER,False,False,12110,BAILEY AV,MCKEAN RD,37.18223758,-121.7616901
3711,716098,CR-0000102052,1,0,0,0,24-017-0111,False,False,2196,1/17/2024 5:40:00 AM,No Pedestrians Involved,Wet,No Unusual Conditions,Dark - No Street Light,Violation Driver 1,No Controls Present/Factor,Clear,Hit Object,Non-Related,Other Object,Not Applicable,Not Applicable,East Of,Hillside solo crash,True,False,12110,BAILEY AV,MCKEAN RD,37.18223758,-121.7616901
3712,717439,CR-0000102463,0,1,0,0,24-080-0737,False,False,1827,3/20/2024 5:53:00 PM,No Pedestrians Involved,Dry,No Unusual Conditions,Daylight,Violation Driver 1,No Controls Present/Factor,Clear,Overturned,Non-Related,Non-Collision,Not Applicable,Not Applicable,East Of,,True,False,12110,BAILEY AV,MCKEAN RD,37.18223758,-121.7616901
3713,696369,CR-0000099526,0,0,0,0,23-148-4000,False,True,51,5/24/2023 6:30:00 PM,No Pedestrians Involved,Unknown,Unknown,Unknown,Unknown,Unknown,Unknown,Sideswipe,Non-Related,Other Vehicle,Not Applicable,Not Applicable,East Of,,False,False,120790,BLOSSOM RIVER DR,BLOSSOM RIVER WY,37.25299408,-121.869306
3714,722266,CR-0000103560,0,0,0,0,24-086-0337,True,False,339,3/26/2024 11:22:00 AM,No Pedestrians Involved,Dry,No Unusual Conditions,Daylight,Violation Driver 1,No Controls Present/Factor,Cloudy,Hit Object,Non-Related,Fixed Object,Not Applicable,Not Applicable,North Of,FENCE,False,False,120790,BLOSSOM RIVER DR,BLOSSOM RIVER WY,37.25299408,-121.869306
3715,681862,CR-0000091343,0,0,1,0,22-065-0147,False,False,0,3/6/2022 2:31:00 AM,In Road - Includes Shoulder,Dry,No Unusual Conditions,Dark - Street Light,Violation Driver 1,Controls Functioning,Clear,Vehicle/Pedestrian,Intersection,Pedestrian,Unknown,Unknown,At,PEDESTRIAN,False,False,107360,SANTA TERESA BL,SNELL AV,37.23687331,-121.8306068
3716,682948,CR-0000092564,1,0,0,0,22-166-0673,False,False,176,6/15/2022 6:14:00 PM,No Pedestrians Involved,Dry,No Unusual Conditions,Daylight,Violation Driver 1,Controls Functioning,Clear,Broadside,Non-Related,Other Vehicle,Not Applicable,Not Applicable,West Of,,True,False,107360,SANTA TERESA BL,SNELL AV,37.23687331,-121.8306068
3717,684882,CR-0000093567,0,0,0,0,22-211-0838,True,False,0,7/30/2022 7:45:00 PM,No Pedestrians Involved,Dry,No Unusual Conditions,Daylight,Violation Driver 1,Controls Functioning,Clear,Hit Object,Intersection,Fixed Object,Not Applicable,Not Applicable,At,Traffic Light,True,False,107360,SANTA TERESA BL,SNELL AV,37.23687331,-121.8306068
3718,696142,CR-0000099284,0,0,0,0,23-217-0169,True,False,834,8/5/2023 5:21:00 AM,No Pedestrians Involved,Dry,No Unusual Conditions,Dark - Street Light,Violation Driver 1,No Controls Present/Factor,Unknown,Hit Object,Non-Related,Fixed Object,Not Applicable,Not Applicable,East Of,TREE,True,False,107360,SANTA TERESA BL,SNELL AV,37.23687331,-121.8306068
3719,695906,CR-0000099034,0,0,0,0,23-254-4008,False,True,0,9/11/2023 8:10:00 AM,No Pedestrians Involved,Unknown,Unknown,Unknown,Unknown,Unknown,Unknown,Sideswipe,Intersection,Other Vehicle,Not Applicable,Not Applicable,At,,False,False,107360,SANTA TERESA BL,SNELL AV,37.23687331,-121.8306068
3720,689744,CR-0000095760,0,1,0,0,22-177-1025,False,False,27,6/26/2022 11:38:00 PM,Crossing In Crosswalk - At Intersection,Dry,No Unusual Conditions,Dark - Street Light,Violation Driver 1,Controls Functioning,Clear,Vehicle/Pedestrian,Related,Pedestrian,East,West,East Of,PED,True,True,107360,SANTA TERESA BL,SNELL AV,37.23687331,-121.8306068
3721,691189,CR-0000097391,0,0,0,0,23-056-0148,True,False,0,2/25/2023 5:24:00 AM,No Pedestrians Involved,Dry,No Unusual Conditions,Dark - Street Light,Unknown,Controls Functioning,Clear,Hit Object,Intersection,Fixed Object,Not Applicable,Not Applicable,At,,False,True,107360,SANTA TERESA BL,SNELL AV,37.23687331,-121.8306068
3722,720830,CR-0000103033,2,0,0,0,24-041-0850,False,False,0,2/10/2024 7:54:00 PM,No Pedestrians Involved,Dry,No Unusual Conditions,Dark - Street Light,Violation Driver 1,Controls Functioning,Clear,Head On,Intersection,Other Vehicle,Not Applicable,Not Applicable,At,,False,True,107360,SANTA TERESA BL,SNELL AV,37.23687331,-121.8306068
3723,716101,CR-0000102059,1,0,0,0,24-019-0106,False,False,0,1/19/2024 4:52:00 AM,No Pedestrians Involved,Dry,No Unusual Conditions,Dark - Street Light,Violation Driver 1,Controls Functioning,Clear,Hit Object,Intersection,Fixed Object,Not Applicable,Not Applicable,At,CURB,False,False,107360,SANTA TERESA BL,SNELL AV,37.23687331,-121.8306068
3724,712269,CR-0000101725,0,0,0,0,23-005-0759,False,True,0,1/5/2023 6:45:00 PM,No Pedestrians Involved,Unknown,Unknown,Unknown,Unknown,Unknown,Unknown,Broadside,Intersection,Other Vehicle,Not Applicable,Not Applicable,At,,False,False,107360,SANTA TERESA BL,SNELL AV,37.23687331,-121.8306068
3725,683336,CR-0000092925,0,0,0,0,22-172-4006,False,True,51,6/17/2022 11:30:00 PM,No Pedestrians Involved,Unknown,Unknown,Unknown,Unknown,Unknown,Unknown,Sideswipe,Non-Related,Parked Vehicle,Not Applicable,Not Applicable,West Of,,False,False,38785,CHOCTAW DR,SNELL AV,37.23367691,-121.8305579
3726,716017,CR-0000101991,1,1,0,0,24-009-0449,False,False,0,1/9/2024 2:09:00 PM,No Pedestrians Involved,Wet,No Unusual Conditions,Daylight,Violation Driver 1,Controls Functioning,Cloudy,Overturned,Intersection,Other Vehicle,Not Applicable,Not Applicable,At,,False,False,38785,CHOCTAW DR,SNELL AV,37.23367691,-121.8305579
3727,688709,CR-0000094534,0,0,0,0,22-208-4001,False,True,,7/27/2022 5:00:00 PM,No Pedestrians Involved,Unknown,Unknown,Daylight,Unknown,Unknown,Unknown,Rear End,Related,Other Vehicle,Not Applicable,Not Applicable,Unknown,,False,False,69728,HAMILTON AV,LEIGH AV,37.29437324,-121.9226561
3728,682967,CR-0000092535,1,0,0,0,22-170-0977,True,False,0,6/19/2022 10:30:00 PM,No Pedestrians Involved,Dry,No Unusual Conditions,Dark - Street Light,Violation Driver 1,Controls Functioning,Clear,Head On,Intersection,Fixed Object,Not Applicable,Not Applicable,At,Traffic Light,True,False,69728,HAMILTON AV,LEIGH AV,37.29437324,-121.9226561
3729,682233,CR-0000091778,2,0,0,0,22-098-0900,False,False,0,4/8/2022 8:55:00 PM,No Pedestrians Involved,Dry,No Unusual Conditions,Dark - Street Light,Violation Driver 1,Controls Functioning,Clear,Broadside,Intersection,Other Vehicle,Not Applicable,Not Applicable,At,,False,False,69728,HAMILTON AV,LEIGH AV,37.29437324,-121.9226561
3730,683124,CR-0000092712,0,0,0,0,22-024-9705,False,True,0,1/21/2022 10:45:00 PM,No Pedestrians Involved,Dry,No Unusual Conditions,Dark - Street Light,Unknown,Controls Functioning,Clear,Sideswipe,Intersection,Other Vehicle,Not Applicable,Not Applicable,At,,False,False,69728,HAMILTON AV,LEIGH AV,37.29437324,-121.9226561
3731,691099,CR-0000097273,0,0,0,0,23-046-0813,False,False,0,2/15/2023 6:19:00 PM,No Pedestrians Involved,Dry,No Unusual Conditions,Dusk - Dawn,Violation Driver 1,No Controls Present/Factor,Clear,Sideswipe,Intersection,Other Vehicle,Not Applicable,Not Applicable,At,,False,True,69728,HAMILTON AV,LEIGH AV,37.29437324,-121.9226561