_id,CrashFactId,Name,MinorInjuries,ModerateInjuries,SevereInjuries,FatalInjuries,TcrNumber,CityDamageFlag,ShortFormFlag,Distance,CrashDateTime,PedestrianAction,RoadwaySurface,RoadwayCondition,Lighting,PrimaryCollisionFactor,TrafficControl,Weather,CollisionType,ProximityToIntersection,VehicleInvolvedWith,PedestrianDirectionFrom,PedestrianDirectionTo,DirectionFromIntersection,Comment,SpeedingFlag,HitAndRunFlag,IntersectionNumber,AStreetName,BStreetName,Latitude,Longitude
3732,690594,CR-0000096715,1,0,0,0,23-018-0167,False,False,0,1/18/2023 7:30:00 AM,No Pedestrians Involved,Dry,No Unusual Conditions,Daylight,Violation Driver 1,Controls Functioning,Clear,Broadside,Intersection,Other Vehicle,Not Applicable,Not Applicable,At,,False,False,69728,HAMILTON AV,LEIGH AV,37.29437324,-121.9226561
3733,690616,CR-0000096737,1,0,0,0,23-028-0265,False,False,0,1/28/2023 8:35:00 AM,No Pedestrians Involved,Dry,No Unusual Conditions,Daylight,Violation Driver 1,Controls Functioning,Clear,Broadside,Intersection,Other Vehicle,Not Applicable,Not Applicable,At,,False,False,69728,HAMILTON AV,LEIGH AV,37.29437324,-121.9226561
3734,694769,CR-0000098806,1,0,0,0,23-231-0711,False,False,56,8/19/2023 10:18:00 PM,No Pedestrians Involved,Dry,No Unusual Conditions,Dark - Street Light,Violation Driver 1,Controls Functioning,Clear,Rear End,Non-Related,Other Vehicle,Not Applicable,Not Applicable,East Of,,True,True,69728,HAMILTON AV,LEIGH AV,37.29437324,-121.9226561
3735,712258,CR-0000101713,0,0,0,0,23-016-4006,False,True,51,1/16/2023 6:30:00 PM,No Pedestrians Involved,Unknown,Unknown,Unknown,Unknown,Unknown,Unknown,Other,Non-Related,Other Vehicle,Not Applicable,Not Applicable,North Of,,False,False,69728,HAMILTON AV,LEIGH AV,37.29437324,-121.9226561
3736,691229,CR-0000097453,0,0,0,0,23-049-0864,False,False,0,2/18/2023 10:02:00 PM,No Pedestrians Involved,Dry,No Unusual Conditions,Dark - No Street Light,Violation Driver 1,No Controls Present/Factor,Clear,Sideswipe,Intersection,Other Vehicle,Not Applicable,Not Applicable,At,,False,True,49070,DE MARIETTA AV,DE MARIETTA CT,37.30253075,-121.9248096
3737,691368,CR-0000097617,1,0,0,0,23-061-0560,False,False,400,3/2/2023 3:11:00 PM,Crossing - Not In Crosswalk,Dry,No Unusual Conditions,Daylight,Pedestrian At Fault,No Controls Present/Factor,Clear,Vehicle/Pedestrian,Non-Related,Pedestrian,East,West,North Of,,False,False,49070,DE MARIETTA AV,DE MARIETTA CT,37.30253075,-121.9248096
3738,722040,CR-0000103294,0,0,0,0,24-060-9701,False,True,0,2/28/2024 12:14:00 PM,No Pedestrians Involved,Dry,No Unusual Conditions,Daylight,Unknown,No Controls Present/Factor,Clear,Head On,Intersection,Other Vehicle,Not Applicable,Not Applicable,At,,False,False,49070,DE MARIETTA AV,DE MARIETTA CT,37.30253075,-121.9248096
3739,681768,CR-0000091168,1,0,0,0,22-058-0779,False,False,170,2/27/2022 7:42:00 PM,No Pedestrians Involved,Dry,No Unusual Conditions,Dark - Street Light,Violation Driver 1,No Controls Present/Factor,Clear,Rear End,Non-Related,Other Vehicle,Not Applicable,Not Applicable,North Of,,False,True,50863,DI FIORE DR,FRUITDALE AV,37.31069305,-121.9242893
3740,698989,CR-0000100293,1,0,0,0,23-319-0744,False,False,308,11/15/2023 7:32:00 PM,No Pedestrians Involved,Wet,No Unusual Conditions,Dark - Street Light,Violation Driver 1,Controls Functioning,Clear,Vehicle/Bike,Non-Related,Scooter Motorized,Not Applicable,Not Applicable,West Of,E.SCOOTER,False,False,50863,DI FIORE DR,FRUITDALE AV,37.31069305,-121.9242893
3741,696539,CR-0000099726,1,0,0,0,23-342-0233,False,False,42,12/8/2023 9:00:00 AM,No Pedestrians Involved,Dry,No Unusual Conditions,Daylight,Violation Driver 1,Controls Functioning,Clear,Rear End,Related,Other Vehicle,Not Applicable,Not Applicable,East Of,,True,True,50863,DI FIORE DR,FRUITDALE AV,37.31069305,-121.9242893
3742,716184,CR-0000102117,1,1,0,0,24-023-0211,False,False,0,1/23/2024 8:34:00 AM,No Pedestrians Involved,Wet,No Unusual Conditions,Daylight,Violation Driver 1,Controls Functioning,Clear,Head On,Intersection,Other Vehicle,Not Applicable,Not Applicable,At,,True,False,50863,DI FIORE DR,FRUITDALE AV,37.31069305,-121.9242893
3743,696233,CR-0000099379,0,0,0,0,23-116-4006,False,True,51,4/26/2023 5:39:00 PM,No Pedestrians Involved,Unknown,Unknown,Unknown,Unknown,Unknown,Unknown,Rear End,Non-Related,Other Vehicle,Not Applicable,Not Applicable,South Of,,False,False,42680,CONCORD AV,MOORPARK AV,37.31564868,-121.9173688
3744,690714,CR-0000096851,0,0,0,0,23-024-0623,True,False,123,1/24/2023 3:40:00 PM,No Pedestrians Involved,Dry,No Unusual Conditions,Daylight,Violation Driver 1,No Controls Present/Factor,Clear,Hit Object,Non-Related,Fixed Object,Not Applicable,Not Applicable,West Of,"CURB, FENCE",False,False,42680,CONCORD AV,MOORPARK AV,37.31564868,-121.9173688
3745,692442,CR-0000097726,0,0,0,0,23-083-1013,False,False,295,3/24/2023 11:30:00 PM,No Pedestrians Involved,Dry,No Unusual Conditions,Dark - Street Light,Violation Driver 1,No Controls Present/Factor,Clear,Sideswipe,Non-Related,Parked Vehicle,Not Applicable,Not Applicable,North Of,,False,False,42679,CONCORD AV,KINGMAN AV,37.3133299,-121.9173573
3746,681683,CR-0000091080,0,0,0,0,22-082-4004,False,True,51,3/23/2022 7:10:00 PM,No Pedestrians Involved,Unknown,Unknown,Unknown,Unknown,Unknown,Unknown,Other,Non-Related,Other Vehicle,Not Applicable,Not Applicable,South Of,,False,False,46881,CURCI DR,MERIDIAN AV,37.30785923,-121.9136289
3747,682808,CR-0000092396,0,0,0,0,22-134-9704,False,True,0,5/13/2022 6:00:00 PM,No Pedestrians Involved,Dry,No Unusual Conditions,Daylight,Unknown,Controls Functioning,Clear,Broadside,Intersection,Other Vehicle,Not Applicable,Not Applicable,At,,False,True,46881,CURCI DR,MERIDIAN AV,37.30785923,-121.9136289
3748,689127,CR-0000095010,0,1,0,0,22-297-0792,False,False,58,10/24/2022 7:00:00 PM,No Pedestrians Involved,Dry,No Unusual Conditions,Dark - Street Light,Unknown,Controls Functioning,Clear,Head On,Non-Related,Parked Vehicle,Not Applicable,Not Applicable,West Of,,False,True,46881,CURCI DR,MERIDIAN AV,37.30785923,-121.9136289
3749,684969,CR-0000093626,0,0,0,0,22-216-0116,False,False,160,8/4/2022 4:25:00 AM,No Pedestrians Involved,Dry,No Unusual Conditions,Dark - Street Light,Violation Driver 1,No Controls Present/Factor,Clear,Head On,Non-Related,Parked Vehicle,Not Applicable,Not Applicable,North Of,,True,False,46881,CURCI DR,MERIDIAN AV,37.30785923,-121.9136289
3750,690222,CR-0000096311,0,0,0,0,22-269-4004,False,True,0,9/26/2022 7:10:00 PM,No Pedestrians Involved,Unknown,Unknown,Unknown,Unknown,Unknown,Unknown,Rear End,Intersection,Other Vehicle,Not Applicable,Not Applicable,At,,False,False,46881,CURCI DR,MERIDIAN AV,37.30785923,-121.9136289
3751,698972,CR-0000100274,0,1,1,0,23-321-0271,False,False,0,11/17/2023 9:55:00 AM,No Pedestrians Involved,Dry,No Unusual Conditions,Daylight,Violation Driver 1,Controls Functioning,Clear,Head On,Intersection,Other Vehicle,Not Applicable,Not Applicable,At,,False,False,46881,CURCI DR,MERIDIAN AV,37.30785923,-121.9136289
3752,694427,CR-0000098390,1,0,0,0,23-161-0134,False,False,0,6/10/2023 3:07:00 AM,No Pedestrians Involved,Dry,No Unusual Conditions,Daylight,Violation Driver 1,No Controls Present/Factor,Clear,Broadside,Intersection,Other Vehicle,Not Applicable,Not Applicable,At,,False,False,3112,ALBION DR,NARVAEZ AV,37.26927717,-121.8597502
3753,682547,CR-0000092114,0,1,0,0,22-128-0149,True,False,0,5/8/2022 4:11:00 AM,No Pedestrians Involved,Dry,No Unusual Conditions,Dark - Street Light,Violation Driver 1,Controls Functioning,Clear,Hit Object,Intersection,Fixed Object,Not Applicable,Not Applicable,At,CURB,False,False,126543,ALMADEN PLAZA WY,WEST VALLEY FR,37.25415859,-121.8770997
3754,681157,CR-0000090557,0,0,0,0,22-022-0581,False,False,0,1/22/2022 5:00:00 PM,No Pedestrians Involved,Dry,No Unusual Conditions,Daylight,Violation Driver 1,Controls Functioning,Clear,Sideswipe,Intersection,Other Vehicle,Not Applicable,Not Applicable,At,,True,False,126543,ALMADEN PLAZA WY,WEST VALLEY FR,37.25415859,-121.8770997
3755,715928,CR-0000101743,0,0,0,0,23-220-0930,False,False,0,8/8/2023 9:40:00 PM,No Pedestrians Involved,Dry,No Unusual Conditions,Dark - Street Light,Violation Driver 1,Controls Functioning,Clear,Sideswipe,Intersection,Other Vehicle,Not Applicable,Not Applicable,At,,False,True,126543,ALMADEN PLAZA WY,WEST VALLEY FR,37.25415859,-121.8770997
3756,685324,CR-0000094005,0,0,0,0,22-252-0995,False,False,121,9/9/2022 9:50:00 PM,No Pedestrians Involved,Dry,No Unusual Conditions,Dark - Street Light,Violation Driver 1,No Controls Present/Factor,Clear,Head On,Non-Related,Parked Vehicle,Not Applicable,Not Applicable,West Of,,False,False,18864,BISCAYNE WY,CATHAY DR,37.33733796,-121.8325583
3757,719751,CR-0000102924,0,0,0,0,24-020-0330,False,False,,1/20/2024 11:18:00 AM,No Pedestrians Involved,Dry,No Unusual Conditions,Daylight,Violation Driver 1,Controls Functioning,Clear,Rear End,Related,Parked Vehicle,Not Applicable,Not Applicable,North Of,,False,True,18864,BISCAYNE WY,CATHAY DR,37.33733796,-121.8325583
3758,690698,CR-0000096833,1,0,0,0,23-017-0162,False,False,33,1/17/2023 6:31:00 AM,No Pedestrians Involved,Dry,No Unusual Conditions,Dark - Street Light,Violation Driver 1,No Controls Present/Factor,Clear,Sideswipe,Related,Parked Vehicle,Not Applicable,Not Applicable,North Of,,True,False,49191,DE ROSE WY/LA BARBARA DR,MCKINLEY AV,37.30713596,-121.9193684
3759,711822,CR-0000101473,0,0,0,0,23-255-4005,False,True,51,9/12/2023 7:30:00 PM,No Pedestrians Involved,Unknown,Unknown,Unknown,Unknown,Unknown,Unknown,Other,Non-Related,Parked Vehicle,Not Applicable,Not Applicable,South Of,,False,False,49191,DE ROSE WY/LA BARBARA DR,MCKINLEY AV,37.30713596,-121.9193684
3760,689306,CR-0000095262,0,0,0,0,22-345-4003,False,True,51,11/9/2022 7:30:00 AM,No Pedestrians Involved,Unknown,Unknown,Daylight,Unknown,Unknown,Unknown,Sideswipe,Non-Related,Parked Vehicle,Not Applicable,Not Applicable,East Of,,False,False,31624,CAPAY CT,CAPAY DR,37.25891342,-121.8888748
3761,681378,CR-0000090766,0,0,1,0,22-018-0739,False,False,0,1/18/2022 5:26:00 PM,No Pedestrians Involved,Dry,No Unusual Conditions,Dusk - Dawn,Violation Driver 1,Controls Functioning,Clear,Head On,Intersection,Other Vehicle,Not Applicable,Not Applicable,At,,False,False,53580,EASTRIDGE BL,QUIMBY RD,37.32321373,-121.8111821
3762,685441,CR-0000094184,0,0,0,0,22-266-1054,False,False,527,9/23/2022 9:40:00 PM,No Pedestrians Involved,Dry,No Unusual Conditions,Dark - Street Light,Violation Driver 1,No Controls Present/Factor,Clear,Sideswipe,Non-Related,Parked Vehicle,Not Applicable,Not Applicable,West Of,,False,False,23209,BRAHMS AV,CHOPIN AV,37.31878579,-121.8160482
3763,689719,CR-0000095731,1,0,0,0,22-346-0634,False,False,0,12/12/2022 4:21:00 PM,Crossing - Not In Crosswalk,Dry,No Unusual Conditions,Daylight,Violation Driver 1,No Controls Present/Factor,Clear,Vehicle/Pedestrian,Intersection,Pedestrian,South,North,At,,True,False,46408,CRUCERO DR,DARWIN CT,37.32704997,-121.8423915
3764,681830,CR-0000091239,0,1,0,0,22-088-0678,False,False,0,3/29/2022 4:12:00 PM,No Pedestrians Involved,Dry,No Unusual Conditions,Daylight,Violation Driver 1,Controls Functioning,Clear,Broadside,Intersection,Other Vehicle,Not Applicable,Not Applicable,At,,False,False,11890,BACCHUS DR/PHELAN DR,MCLAUGHLIN AV,37.32471188,-121.8458282
3765,696269,CR-0000099416,0,0,0,0,23-113-0199,True,False,0,4/23/2023 5:53:00 AM,No Pedestrians Involved,Dry,No Unusual Conditions,Dark - Street Light,Violation Driver 1,No Controls Present/Factor,Clear,Head On,Intersection,Fixed Object,Not Applicable,Not Applicable,At,CITY POLE,False,False,11890,BACCHUS DR/PHELAN DR,MCLAUGHLIN AV,37.32471188,-121.8458282
3766,721998,CR-0000103252,0,0,0,0,24-054-0392,False,False,26,2/23/2024 1:20:00 PM,No Pedestrians Involved,Dry,No Unusual Conditions,Daylight,Violation Driver 1,Controls Functioning,Clear,Sideswipe,Related,Other Vehicle,Not Applicable,Not Applicable,North Of,,False,True,11890,BACCHUS DR/PHELAN DR,MCLAUGHLIN AV,37.32471188,-121.8458282
3767,715944,CR-0000101803,0,0,0,0,23-137-0851,False,False,20,5/17/2023 7:30:00 PM,No Pedestrians Involved,Dry,No Unusual Conditions,Daylight,Violation Driver 1,No Controls Present/Factor,Clear,Sideswipe,Related,Parked Vehicle,Not Applicable,Not Applicable,East Of,,True,True,130811,DARWIN CT,SUMMER BLOSSOM AV,37.32670043,-121.8429804
3768,682717,CR-0000092295,1,0,0,0,22-143-0748,True,False,88,5/23/2022 5:42:00 PM,No Pedestrians Involved,Dry,No Unusual Conditions,Daylight,Violation Driver 1,Controls Functioning,Clear,Hit Object,Non-Related,Fixed Object,Not Applicable,Not Applicable,West Of,TREE,False,False,23638,BRANHAM LN,HAMPSHIRE PL,37.26378183,-121.8737871
3769,682748,CR-0000092329,0,0,0,0,22-133-0532,False,False,0,5/13/2022 3:25:00 PM,No Pedestrians Involved,Dry,No Unusual Conditions,Daylight,Violation Driver 1,No Controls Present/Factor,Clear,Rear End,Intersection,Other Vehicle,Not Applicable,Not Applicable,At,,True,False,23638,BRANHAM LN,HAMPSHIRE PL,37.26378183,-121.8737871
3770,711633,CR-0000101229,0,0,0,0,23-316-0500,True,False,17,11/12/2023 2:22:00 PM,No Pedestrians Involved,Dry,No Unusual Conditions,Daylight,Violation Driver 1,No Controls Present/Factor,Clear,Hit Object,Related,Fixed Object,Not Applicable,Not Applicable,North Of,LIGHTPOLE,True,False,23638,BRANHAM LN,HAMPSHIRE PL,37.26378183,-121.8737871
3771,721982,CR-0000103236,0,1,0,0,24-052-0031,False,False,49,2/21/2024 12:59:00 AM,No Pedestrians Involved,Dry,No Unusual Conditions,Dark - Street Light,Violation Driver 1,No Controls Present/Factor,Clear,Rear End,Related,Parked Vehicle,Not Applicable,Not Applicable,North Of,,False,False,37773,CHERRY AV,MINARDI AV,37.28544331,-121.897418
3772,688728,CR-0000094553,0,0,0,0,22-221-4003,False,True,0,8/8/2022 5:35:00 PM,No Pedestrians Involved,Unknown,Unknown,Daylight,Unknown,Unknown,Unknown,Rear End,Intersection,Other Vehicle,Not Applicable,Not Applicable,At,,False,False,20195,BLOSSOM HILL RD,KOOSER RD,37.24581312,-121.8870934
3773,696348,CR-0000099504,1,0,0,0,23-297-0420,False,False,60,10/24/2023 1:00:00 PM,No Pedestrians Involved,Dry,No Unusual Conditions,Daylight,Violation Driver 1,Controls Functioning,Clear,Rear End,Non-Related,Other Vehicle,Not Applicable,Not Applicable,North Of,,False,False,20195,BLOSSOM HILL RD,KOOSER RD,37.24581312,-121.8870934
3774,690946,CR-0000097116,1,0,0,0,23-032-0161,False,False,62,2/1/2023 7:20:00 AM,Crossing - Not In Crosswalk,Dry,No Unusual Conditions,Daylight,Violation Driver 1,Controls Functioning,Clear,Vehicle/Pedestrian,Non-Related,Pedestrian,West,East,West Of,PED,False,False,20195,BLOSSOM HILL RD,KOOSER RD,37.24581312,-121.8870934
3775,716259,CR-0000102214,1,0,0,0,24-056-0526,False,False,104,2/25/2024 2:44:00 PM,No Pedestrians Involved,Dry,No Unusual Conditions,Daylight,Violation Driver 1,Controls Functioning,Clear,Rear End,Non-Related,Other Vehicle,Not Applicable,Not Applicable,East Of,,False,False,20195,BLOSSOM HILL RD,KOOSER RD,37.24581312,-121.8870934
3776,711773,CR-0000101535,0,0,0,0,23-340-0164,False,False,0,12/6/2023 7:21:00 AM,No Pedestrians Involved,Dry,No Unusual Conditions,Daylight,Unknown,Controls Functioning,Cloudy,Broadside,Intersection,Other Vehicle,Not Applicable,Not Applicable,At,,False,False,20195,BLOSSOM HILL RD,KOOSER RD,37.24581312,-121.8870934
3777,689419,CR-0000095380,1,0,0,0,22-318-0534,False,False,0,11/14/2022 3:00:00 PM,No Pedestrians Involved,Dry,No Unusual Conditions,Daylight,Violation Driver 1,No Controls Present/Factor,Clear,Vehicle/Bike,Intersection,Bike,Not Applicable,Not Applicable,At,BIKE,False,False,95160,NEEDLES DR,TENTH ST,37.31364801,-121.8602379
3778,681979,CR-0000091488,1,1,0,0,22-060-0882,False,False,680,3/1/2022 8:22:00 PM,No Pedestrians Involved,Dry,No Unusual Conditions,Dark - Street Light,Violation Driver 1,No Controls Present/Factor,Clear,Broadside,Non-Related,Other Vehicle,Not Applicable,Not Applicable,South Of,,False,False,95160,NEEDLES DR,TENTH ST,37.31364801,-121.8602379
3779,692416,CR-0000097699,0,0,0,0,23-089-4004,False,True,51,3/21/2023 2:50:00 PM,No Pedestrians Involved,Unknown,Unknown,Unknown,Unknown,Unknown,Unknown,Other,Non-Related,Other Vehicle,Not Applicable,Not Applicable,North Of,,False,False,95160,NEEDLES DR,TENTH ST,37.31364801,-121.8602379
3780,712004,CR-0000101176,0,0,0,0,23-319-9703,False,True,51,11/15/2023 12:30:00 PM,No Pedestrians Involved,Dry,No Unusual Conditions,Daylight,Unknown,Controls Functioning,Clear,Rear End,Non-Related,Other Vehicle,Not Applicable,Not Applicable,Unknown,,False,False,95160,NEEDLES DR,TENTH ST,37.31364801,-121.8602379
3781,717416,CR-0000102429,0,0,0,0,23-090-4004,False,True,51,3/14/2023 2:40:00 PM,No Pedestrians Involved,Unknown,Unknown,Unknown,Unknown,Unknown,Unknown,Hit Object,Non-Related,Fixed Object,Not Applicable,Not Applicable,North Of,,False,False,95160,NEEDLES DR,TENTH ST,37.31364801,-121.8602379
3782,681278,CR-0000090664,0,0,0,0,22-009-0021,True,False,500,1/9/2022 12:14:00 AM,No Pedestrians Involved,Dry,No Unusual Conditions,Dark - Street Light,Violation Driver 1,No Controls Present/Factor,Clear,Head On,Non-Related,Fixed Object,Not Applicable,Not Applicable,West Of,LIGHT POLE,False,False,108382,SEVENTH ST/OLD TULLY RD,TULLY RD,37.30357039,-121.8547186
3783,683253,CR-0000092824,0,0,0,0,22-051-9708,False,True,0,2/11/2022 6:17:00 PM,No Pedestrians Involved,Dry,No Unusual Conditions,Dark - Street Light,Unknown,Controls Functioning,Clear,Head On,Intersection,Other Vehicle,Not Applicable,Not Applicable,At,,False,True,108382,SEVENTH ST/OLD TULLY RD,TULLY RD,37.30357039,-121.8547186
3784,682577,CR-0000092144,0,0,0,0,22-131-0876,False,False,0,5/11/2022 9:25:00 PM,No Pedestrians Involved,Dry,No Unusual Conditions,Dark - Street Light,Other Than Driver,Controls Functioning,Clear,Head On,Intersection,Animal,Not Applicable,Not Applicable,At,DOG,False,False,108382,SEVENTH ST/OLD TULLY RD,TULLY RD,37.30357039,-121.8547186
3785,682340,CR-0000091904,1,0,0,0,22-099-0396,False,False,51,4/9/2022 11:33:00 AM,No Pedestrians Involved,Dry,No Unusual Conditions,Daylight,Violation Driver 1,Controls Functioning,Clear,Vehicle/Bike,Non-Related,Bike,Not Applicable,Not Applicable,West Of,BIKE,False,False,108382,SEVENTH ST/OLD TULLY RD,TULLY RD,37.30357039,-121.8547186
3786,689579,CR-0000095556,1,0,0,0,22-336-0471,False,False,51,12/2/2022 2:39:00 PM,No Pedestrians Involved,Dry,No Unusual Conditions,Daylight,Violation Driver 1,No Controls Present/Factor,Clear,Broadside,Non-Related,Other Vehicle,Not Applicable,Not Applicable,North Of,,False,True,108382,SEVENTH ST/OLD TULLY RD,TULLY RD,37.30357039,-121.8547186
3787,689079,CR-0000094898,0,0,0,0,22-286-0923,True,False,154,10/13/2022 8:37:00 PM,No Pedestrians Involved,Dry,No Unusual Conditions,Dark - Street Light,Violation Driver 1,Controls Functioning,Clear,Hit Object,Non-Related,Fixed Object,Not Applicable,Not Applicable,East Of,Light Pole,True,True,108382,SEVENTH ST/OLD TULLY RD,TULLY RD,37.30357039,-121.8547186
3788,685093,CR-0000093758,2,0,0,0,22-219-0813,False,False,0,8/7/2022 8:20:00 PM,No Pedestrians Involved,Dry,Unknown,Dark - Street Light,Violation Driver 1,Controls Functioning,Clear,Broadside,Intersection,Other Vehicle,Not Applicable,Not Applicable,At,,False,False,108382,SEVENTH ST/OLD TULLY RD,TULLY RD,37.30357039,-121.8547186
3789,684813,CR-0000093395,0,0,0,0,22-187-0620,False,False,450,7/6/2022 4:24:00 PM,No Pedestrians Involved,Dry,No Unusual Conditions,Daylight,Violation Driver 1,No Controls Present/Factor,Clear,Rear End,Non-Related,Other Vehicle,Not Applicable,Not Applicable,East Of,,False,False,108382,SEVENTH ST/OLD TULLY RD,TULLY RD,37.30357039,-121.8547186
3790,690868,CR-0000097010,1,0,0,0,23-031-0220,False,False,51,1/31/2023 8:49:00 AM,No Pedestrians Involved,Dry,No Unusual Conditions,Daylight,Violation Driver 1,Unknown,Clear,Rear End,Non-Related,Other Vehicle,Not Applicable,Not Applicable,East Of,,False,False,108382,SEVENTH ST/OLD TULLY RD,TULLY RD,37.30357039,-121.8547186
3791,691364,CR-0000097613,0,1,0,0,23-060-0538,False,False,414,3/1/2023 3:09:00 PM,No Pedestrians Involved,Dry,No Unusual Conditions,Daylight,Violation Driver 1,Controls Functioning,Clear,Rear End,Non-Related,Other Vehicle,Not Applicable,Not Applicable,West Of,,True,False,108382,SEVENTH ST/OLD TULLY RD,TULLY RD,37.30357039,-121.8547186
3792,690775,CR-0000096913,0,1,0,0,23-001-0834,False,False,0,1/1/2023 8:45:00 PM,No Pedestrians Involved,Dry,No Unusual Conditions,Dark - Street Light,Violation Driver 1,Controls Functioning,Clear,Broadside,Intersection,Other Vehicle,Not Applicable,Not Applicable,At,,False,False,108382,SEVENTH ST/OLD TULLY RD,TULLY RD,37.30357039,-121.8547186
3793,690220,CR-0000096309,0,0,0,0,22-273-9711,False,True,51,9/29/2022 8:20:00 AM,No Pedestrians Involved,Dry,No Unusual Conditions,Daylight,Unknown,Controls Functioning,Clear,Rear End,Non-Related,Other Vehicle,Not Applicable,Not Applicable,East Of,,False,False,108382,SEVENTH ST/OLD TULLY RD,TULLY RD,37.30357039,-121.8547186
3794,697578,CR-0000099789,0,1,0,0,23-257-0844,False,False,1194,9/14/2023 7:57:00 PM,No Pedestrians Involved,Dry,No Unusual Conditions,Dark - Street Light,Violation Driver 1,No Controls Present/Factor,Clear,Vehicle/Bike,Non-Related,Bike,Not Applicable,Not Applicable,North Of,BIKE,False,True,108382,SEVENTH ST/OLD TULLY RD,TULLY RD,37.30357039,-121.8547186
3795,722173,CR-0000103439,0,0,0,0,24-076-4002,False,True,51,3/15/2024 8:09:00 PM,No Pedestrians Involved,Unknown,Unknown,Unknown,Unknown,Unknown,Unknown,Sideswipe,Non-Related,Other Vehicle,Not Applicable,Not Applicable,East Of,,False,False,108382,SEVENTH ST/OLD TULLY RD,TULLY RD,37.30357039,-121.8547186
3796,689279,CR-0000095240,2,0,0,0,22-302-0688,False,False,1832,10/29/2022 6:32:00 PM,No Pedestrians Involved,Dry,No Unusual Conditions,Dark - Street Light,Violation Driver 1,Controls Functioning,Clear,Rear End,Non-Related,Other Vehicle,Not Applicable,Not Applicable,West Of,,False,False,111671,TENTH ST,TULLY RD,37.3053856,-121.8514258
3797,682307,CR-0000091870,0,0,0,0,22-096-0766,False,False,34,4/6/2022 5:58:00 PM,No Pedestrians Involved,Dry,No Unusual Conditions,Daylight,Violation Driver 1,Controls Functioning,Clear,Hit Object,Related,Fixed Object,Not Applicable,Not Applicable,South Of,SIGNAL POLE,False,False,111671,TENTH ST,TULLY RD,37.3053856,-121.8514258
3798,689775,CR-0000095799,1,0,0,0,22-113-9704,False,False,,4/21/2022 4:58:00 PM,No Pedestrians Involved,Dry,No Unusual Conditions,Daylight,Unknown,Controls Functioning,Clear,Rear End,Related,Other Vehicle,Not Applicable,Not Applicable,North Of,,False,False,111671,TENTH ST,TULLY RD,37.3053856,-121.8514258
3799,681426,CR-0000090816,1,0,0,0,22-026-0764,False,False,423,1/26/2022 5:33:00 PM,No Pedestrians Involved,Dry,No Unusual Conditions,Daylight,Violation Driver 1,No Controls Present/Factor,Clear,Broadside,Non-Related,Other Vehicle,Not Applicable,Not Applicable,West Of,,False,False,111671,TENTH ST,TULLY RD,37.3053856,-121.8514258
3800,681264,CR-0000090650,1,0,0,0,22-007-0610,False,False,51,1/7/2022 5:46:00 PM,No Pedestrians Involved,Dry,No Unusual Conditions,Dark - Street Light,Violation Driver 1,Controls Functioning,Clear,Rear End,Non-Related,Other Vehicle,Not Applicable,Not Applicable,East Of,,False,False,111671,TENTH ST,TULLY RD,37.3053856,-121.8514258
3801,681762,CR-0000091162,0,0,0,0,22-053-0830,False,False,0,2/22/2022 8:28:00 PM,No Pedestrians Involved,Unknown,Unknown,Unknown,Unknown,Unknown,Unknown,Rear End,Intersection,Other Vehicle,Not Applicable,Not Applicable,At,,False,False,111671,TENTH ST,TULLY RD,37.3053856,-121.8514258
3802,694512,CR-0000098506,0,1,0,0,23-160-0077,False,False,20,6/9/2023 2:20:00 AM,No Pedestrians Involved,Dry,No Unusual Conditions,Dark - Street Light,Violation Driver 1,Controls Functioning,Clear,Hit Object,Related,Fixed Object,Not Applicable,Not Applicable,East Of,,True,False,111671,TENTH ST,TULLY RD,37.3053856,-121.8514258
3803,722124,CR-0000103389,0,0,0,0,24-070-0635,True,False,45,3/10/2024 4:45:00 PM,No Pedestrians Involved,Dry,No Unusual Conditions,Daylight,Violation Driver 1,No Controls Present/Factor,Clear,Hit Object,Related,Fixed Object,Not Applicable,Not Applicable,South Of,FENCE,True,False,111671,TENTH ST,TULLY RD,37.3053856,-121.8514258
3804,699457,CR-0000100812,0,0,0,0,23-198-4000,False,True,0,7/14/2023 1:10:00 PM,No Pedestrians Involved,Unknown,Unknown,Unknown,Unknown,Unknown,Unknown,Other,Intersection,Other Vehicle,Not Applicable,Not Applicable,At,,False,False,111671,TENTH ST,TULLY RD,37.3053856,-121.8514258
3805,715889,CR-0000101869,0,0,0,0,23-330-0670,False,False,40,11/26/2023 7:20:00 PM,No Pedestrians Involved,Dry,No Unusual Conditions,Dark - Street Light,Unknown,Controls Functioning,Clear,Rear End,Related,Other Vehicle,Not Applicable,Not Applicable,East Of,,False,False,111671,TENTH ST,TULLY RD,37.3053856,-121.8514258
3806,683317,CR-0000092903,2,0,0,0,22-138-0127,False,False,261,5/18/2022 6:35:00 AM,No Pedestrians Involved,Dry,No Unusual Conditions,Daylight,Violation Driver 1,Unknown,Clear,Rear End,Non-Related,Other Vehicle,Not Applicable,Not Applicable,South Of,,False,False,97107,OCALA AV,WINTERPARK WY,37.33504867,-121.8287855
3807,689241,CR-0000095199,0,0,0,0,22-302-0831,False,False,0,10/29/2022 8:31:00 PM,No Pedestrians Involved,Dry,No Unusual Conditions,Dark - Street Light,Violation Driver 1,Controls Functioning,Clear,Rear End,Intersection,Other Vehicle,Not Applicable,Not Applicable,At,,True,False,97107,OCALA AV,WINTERPARK WY,37.33504867,-121.8287855