_id,CrashFactId,Name,MinorInjuries,ModerateInjuries,SevereInjuries,FatalInjuries,TcrNumber,CityDamageFlag,ShortFormFlag,Distance,CrashDateTime,PedestrianAction,RoadwaySurface,RoadwayCondition,Lighting,PrimaryCollisionFactor,TrafficControl,Weather,CollisionType,ProximityToIntersection,VehicleInvolvedWith,PedestrianDirectionFrom,PedestrianDirectionTo,DirectionFromIntersection,Comment,SpeedingFlag,HitAndRunFlag,IntersectionNumber,AStreetName,BStreetName,Latitude,Longitude
3808,690296,CR-0000096388,0,0,0,0,22-322-0980,False,False,376,11/18/2022 4:02:00 PM,No Pedestrians Involved,Dry,No Unusual Conditions,Daylight,Violation Driver 1,No Controls Present/Factor,Clear,Sideswipe,Non-Related,Parked Vehicle,Not Applicable,Not Applicable,South Of,,True,True,97107,OCALA AV,WINTERPARK WY,37.33504867,-121.8287855
3809,690289,CR-0000096381,0,0,0,0,22-310-4000,False,True,51,11/4/2022 6:49:00 PM,No Pedestrians Involved,Unknown,Unknown,Unknown,Unknown,Unknown,Unknown,Other,Non-Related,Parked Vehicle,Not Applicable,Not Applicable,South Of,,False,False,97107,OCALA AV,WINTERPARK WY,37.33504867,-121.8287855
3810,711845,CR-0000101391,0,0,0,0,23-319-0313,False,False,0,11/15/2023 11:37:00 AM,No Pedestrians Involved,Dry,No Unusual Conditions,Daylight,Violation Driver 1,No Controls Present/Factor,Clear,Other,Intersection,Other Vehicle,Not Applicable,Not Applicable,At,,False,False,97107,OCALA AV,WINTERPARK WY,37.33504867,-121.8287855
3811,711913,CR-0000101178,0,0,0,0,23-314-9702,False,True,0,11/8/2023 9:55:00 AM,No Pedestrians Involved,Dry,No Unusual Conditions,Daylight,Unknown,Unknown,Clear,Sideswipe,Intersection,Other Vehicle,Not Applicable,Not Applicable,At,,False,False,111638,TEHAMA AV,TYMN WY,37.33470974,-121.8254072
3812,689162,CR-0000095050,1,0,0,0,22-323-0441,False,False,51,11/19/2022 2:13:00 PM,No Pedestrians Involved,Dry,No Unusual Conditions,Daylight,Violation Driver 1,No Controls Present/Factor,Clear,Rear End,Non-Related,Other Vehicle,Not Applicable,Not Applicable,South Of,,True,True,94467,MT VISTA DR,WHITE RD,37.35081781,-121.8142978
3813,689826,CR-0000095852,0,1,0,0,22-336-0468,True,False,45,12/2/2022 2:35:00 PM,No Pedestrians Involved,Dry,No Unusual Conditions,Daylight,Violation Driver 1,Controls Functioning,Clear,Hit Object,Related,Fixed Object,Not Applicable,Not Applicable,East Of,FIRE HYDRANT & POLE,True,False,94467,MT VISTA DR,WHITE RD,37.35081781,-121.8142978
3814,690022,CR-0000096067,2,1,0,0,22-275-0383,False,False,0,10/2/2022 12:00:00 PM,No Pedestrians Involved,Dry,No Unusual Conditions,Daylight,Violation Driver 1,Controls Functioning,Clear,Broadside,Intersection,Motor Vehicle On Other Roadway,Not Applicable,Not Applicable,At,,False,False,94467,MT VISTA DR,WHITE RD,37.35081781,-121.8142978
3815,694645,CR-0000098678,1,0,0,0,23-210-0779,False,False,0,7/29/2023 8:26:00 PM,No Pedestrians Involved,Dry,No Unusual Conditions,Daylight,Violation Driver 1,Controls Functioning,Clear,Broadside,Intersection,Motor Vehicle On Other Roadway,Not Applicable,Not Applicable,At,,True,False,94467,MT VISTA DR,WHITE RD,37.35081781,-121.8142978
3816,696572,CR-0000099771,1,0,0,0,23-253-0686,True,False,0,9/10/2023 5:28:00 PM,No Pedestrians Involved,Dry,No Unusual Conditions,Daylight,Violation Driver 1,Controls Functioning,Clear,Head On,Intersection,Other Vehicle,Not Applicable,Not Applicable,At,LIGHTPOLE,False,False,94467,MT VISTA DR,WHITE RD,37.35081781,-121.8142978
3817,699454,CR-0000100799,0,0,0,0,23-204-0166,True,False,33,7/23/2023 2:59:00 AM,No Pedestrians Involved,Dry,Unknown,Dark - Street Light,Violation Driver 1,Unknown,Clear,Hit Object,Related,Fixed Object,Not Applicable,Not Applicable,South Of,TRAFFIC POLE,True,True,94467,MT VISTA DR,WHITE RD,37.35081781,-121.8142978
3818,717479,CR-0000102512,5,0,0,0,24-077-0039,True,False,150,3/18/2024 12:36:00 AM,No Pedestrians Involved,Dry,No Unusual Conditions,Dark - Street Light,Violation Driver 1,Controls Functioning,Clear,Hit Object,Non-Related,Fixed Object,Not Applicable,Not Applicable,South Of,LIGHT POLE,True,False,94467,MT VISTA DR,WHITE RD,37.35081781,-121.8142978
3819,683299,CR-0000092885,0,0,0,0,22-141-0729,False,False,0,5/21/2022 7:09:00 PM,No Pedestrians Involved,Dry,No Unusual Conditions,Daylight,Violation Driver 1,No Controls Present/Factor,Clear,Broadside,Intersection,Other Vehicle,Not Applicable,Not Applicable,At,,False,True,119460,CANDLER AV,SIENNA DR,37.3521341,-121.8138276
3820,681454,CR-0000090844,0,0,0,0,22-028-0977,False,False,192,1/28/2022 10:10:00 PM,No Pedestrians Involved,Dry,No Unusual Conditions,Dark - Street Light,Violation Driver 1,No Controls Present/Factor,Clear,Head On,Non-Related,Other Vehicle,Not Applicable,Not Applicable,North Of,,False,False,119460,CANDLER AV,SIENNA DR,37.3521341,-121.8138276
3821,696086,CR-0000099221,1,0,0,0,23-120-0592,False,False,0,4/30/2023 4:41:00 PM,No Pedestrians Involved,Dry,No Unusual Conditions,Daylight,Violation Driver 1,No Controls Present/Factor,Clear,Broadside,Intersection,Other Vehicle,Not Applicable,Not Applicable,At,,False,False,94016,MT HERMAN DR,MT VISTA DR,37.35130314,-121.8135645
3822,690798,CR-0000096936,1,0,0,0,23-007-0492,False,False,27,1/7/2023 3:58:00 PM,No Pedestrians Involved,Wet,No Unusual Conditions,Daylight,Violation Driver 1,Controls Functioning,Rain,Broadside,Related,Other Vehicle,Not Applicable,Not Applicable,East Of,,False,False,94016,MT HERMAN DR,MT VISTA DR,37.35130314,-121.8135645
3823,691346,CR-0000097594,1,0,0,0,23-087-0717,False,False,81,3/28/2023 6:15:00 PM,No Pedestrians Involved,Wet,No Unusual Conditions,Daylight,Violation Driver 1,No Controls Present/Factor,Clear,Sideswipe,Non-Related,Other Vehicle,Not Applicable,Not Applicable,West Of,,False,True,94016,MT HERMAN DR,MT VISTA DR,37.35130314,-121.8135645
3824,712101,CR-0000101395,0,0,0,0,23-305-0901,False,False,0,11/1/2023 7:43:00 PM,No Pedestrians Involved,Dry,No Unusual Conditions,Dark - Street Light,Violation Driver 1,No Controls Present/Factor,Clear,Head On,Intersection,Other Vehicle,Not Applicable,Not Applicable,At,,False,True,94016,MT HERMAN DR,MT VISTA DR,37.35130314,-121.8135645
3825,719794,CR-0000102967,0,0,0,0,24-025-4000,False,True,51,1/24/2024 11:59:00 PM,No Pedestrians Involved,Unknown,Unknown,Unknown,Unknown,Unknown,Unknown,Other,Non-Related,Parked Vehicle,Not Applicable,Not Applicable,Unknown,,False,False,93785,MT BLANC WY,MT MCKINLEY DR,37.34960613,-121.8088321
3826,682281,CR-0000091808,0,0,0,0,22-122-0549,False,False,0,5/2/2022 3:25:00 PM,No Pedestrians Involved,Dry,No Unusual Conditions,Daylight,Violation Driver 1,No Controls Present/Factor,Clear,Broadside,Intersection,Other Vehicle,Not Applicable,Not Applicable,At,,True,True,93994,MT HERMAN DR,MT MCKINLEY DR,37.34834467,-121.8108619
3827,689123,CR-0000095005,0,0,0,0,22-317-0481,True,False,610,11/13/2022 3:00:00 PM,No Pedestrians Involved,Dry,No Unusual Conditions,Daylight,Violation Driver 1,No Controls Present/Factor,Clear,Other,Non-Related,Fixed Object,Not Applicable,Not Applicable,North Of,"EMERGENCY VEHICLE INVOLVED, STREET LIGHT",False,False,93994,MT HERMAN DR,MT MCKINLEY DR,37.34834467,-121.8108619
3828,692368,CR-0000097650,0,0,0,0,23-065-0028,False,False,348,3/6/2023 1:07:00 AM,No Pedestrians Involved,Dry,No Unusual Conditions,Dark - Street Light,Violation Driver 1,No Controls Present/Factor,Clear,Other,Non-Related,Parked Vehicle,Not Applicable,Not Applicable,North Of,,False,True,93994,MT HERMAN DR,MT MCKINLEY DR,37.34834467,-121.8108619
3829,696397,CR-0000099574,0,0,0,0,23-150-0900,False,False,550,5/30/2023 9:53:00 PM,No Pedestrians Involved,Dry,No Unusual Conditions,Dark - Street Light,Violation Driver 1,No Controls Present/Factor,Clear,Rear End,Non-Related,Parked Vehicle,Not Applicable,Not Applicable,North Of,,True,True,93994,MT HERMAN DR,MT MCKINLEY DR,37.34834467,-121.8108619
3830,715966,CR-0000101862,0,0,0,0,23-156-9708,False,True,542,5/21/2023 12:18:00 AM,No Pedestrians Involved,Dry,No Unusual Conditions,Dark - Street Light,Unknown,No Controls Present/Factor,Clear,Rear End,Non-Related,Parked Vehicle,Not Applicable,Not Applicable,North Of,,False,True,93994,MT HERMAN DR,MT MCKINLEY DR,37.34834467,-121.8108619
3831,688699,CR-0000094524,0,0,0,0,22-184-4001,False,True,51,7/3/2022 9:00:00 AM,No Pedestrians Involved,Unknown,Unknown,Daylight,Unknown,Unknown,Unknown,Other,Non-Related,Unknown,Not Applicable,Not Applicable,West Of,,False,True,130371,SIERRA RD,WOODRANCH RD,37.38898847,-121.8691123
3832,697573,CR-0000099784,0,0,0,0,23-145-4000,False,True,51,5/24/2023 12:00:00 AM,No Pedestrians Involved,Unknown,Unknown,Unknown,Unknown,Unknown,Unknown,Broadside,Non-Related,Parked Vehicle,Not Applicable,Not Applicable,West Of,,False,False,130371,SIERRA RD,WOODRANCH RD,37.38898847,-121.8691123
3833,722440,CR-0000103750,0,0,0,0,24-101-0451,False,False,40,4/10/2024 1:21:00 PM,No Pedestrians Involved,Dry,No Unusual Conditions,Daylight,Unknown,No Controls Present/Factor,Clear,Sideswipe,Related,Parked Vehicle,Not Applicable,Not Applicable,North Of,SJFD TRUCK,False,False,51655,DONOHUE CT,DONOHUE DR,37.38673817,-121.8769201
3834,682346,CR-0000091909,1,0,0,0,22-099-0921,True,False,249,4/9/2022 11:00:00 PM,No Pedestrians Involved,Dry,No Unusual Conditions,Dark - Street Light,Violation Driver 1,No Controls Present/Factor,Clear,Hit Object,Non-Related,Fixed Object,Not Applicable,Not Applicable,West Of,,True,False,22252,BOSE LN,CAMDEN AV,37.22135303,-121.8673143
3835,684850,CR-0000093507,0,0,0,0,22-197-0451,False,False,132,7/16/2022 9:30:00 AM,No Pedestrians Involved,Dry,No Unusual Conditions,Daylight,Violation Driver 1,No Controls Present/Factor,Clear,Rear End,Non-Related,Other Vehicle,Not Applicable,Not Applicable,South Of,,False,True,75195,ILIKAI AV,JARVIS AV,37.26067137,-121.890813
3836,688926,CR-0000094785,0,1,0,0,22-280-0182,False,False,550,10/7/2022 7:00:00 AM,No Pedestrians Involved,Dry,No Unusual Conditions,Dusk - Dawn,Violation Driver 1,No Controls Present/Factor,Cloudy,Broadside,Non-Related,Other Vehicle,Not Applicable,Not Applicable,North Of,,False,False,23715,BRANHAM LN,JARVIS AV,37.25937212,-121.8902853
3837,712102,CR-0000101085,0,0,0,0,23-233-9701,False,True,51,9/19/2023 10:30:00 PM,No Pedestrians Involved,Dry,No Unusual Conditions,Dark - Street Light,Unknown,No Controls Present/Factor,Clear,Sideswipe,Non-Related,Other Vehicle,Not Applicable,Not Applicable,West Of,,False,False,23715,BRANHAM LN,JARVIS AV,37.25937212,-121.8902853
3838,698980,CR-0000100282,1,0,1,0,23-273-0061,True,False,298,9/30/2023 1:10:00 AM,No Pedestrians Involved,Wet,No Unusual Conditions,Dark - Street Light,Violation Driver 1,Controls Functioning,Rain,Hit Object,Non-Related,Fixed Object,Not Applicable,Not Applicable,South Of,TREE,True,False,30140,CAMDEN AV,CANTO DR/MICHON DR,37.24773325,-121.9092233
3839,696327,CR-0000099483,0,1,0,0,23-300-0040,False,False,728,10/27/2023 12:55:00 AM,No Pedestrians Involved,Dry,No Unusual Conditions,Dark - Street Light,Violation Driver 1,No Controls Present/Factor,Clear,Sideswipe,Non-Related,Parked Vehicle,Not Applicable,Not Applicable,South Of,,False,False,30140,CAMDEN AV,CANTO DR/MICHON DR,37.24773325,-121.9092233
3840,722377,CR-0000103671,0,0,0,0,24-095-0795,True,False,33,4/4/2024 8:55:00 PM,No Pedestrians Involved,Wet,No Unusual Conditions,Dark - Street Light,Violation Driver 1,Unknown,Rain,Hit Object,Related,Fixed Object,Not Applicable,Not Applicable,North Of,LIGHTPOLE,True,False,30140,CAMDEN AV,CANTO DR/MICHON DR,37.24773325,-121.9092233
3841,688865,CR-0000094721,0,0,0,0,22-220-4005,False,True,51,8/6/2022 4:23:00 PM,No Pedestrians Involved,Unknown,Unknown,Daylight,Unknown,Unknown,Unknown,Hit Object,Non-Related,Fixed Object,Not Applicable,Not Applicable,North Of,,False,False,83797,LILLIAN WY,WALLACE DR,37.22666234,-121.8636905
3842,699362,CR-0000100689,0,0,0,0,23-200-9705,False,True,51,7/14/2023 4:15:00 PM,No Pedestrians Involved,Dry,No Unusual Conditions,Daylight,Unknown,Controls Functioning,Clear,Rear End,Non-Related,Other Vehicle,Not Applicable,Not Applicable,South Of,,False,False,57298,ENTRADA CEDROS,VELASCO DR,37.25257382,-121.8357682
3843,690921,CR-0000097084,1,0,0,0,23-040-0703,True,False,442,2/9/2023 4:49:00 PM,No Pedestrians Involved,Dry,No Unusual Conditions,Daylight,Violation Driver 1,Controls Functioning,Clear,Hit Object,Non-Related,Fixed Object,Not Applicable,Not Applicable,South Of,MEDIAN,True,False,38235,CHESBRO AV,SANTA TERESA BL,37.23758904,-121.8455997
3844,683375,CR-0000092967,0,0,0,0,22-178-0782,False,False,130,6/27/2022 6:55:00 PM,No Pedestrians Involved,Dry,No Unusual Conditions,Daylight,Violation Driver 1,No Controls Present/Factor,Clear,Sideswipe,Non-Related,Motorcycle,Not Applicable,Not Applicable,South Of,,False,True,30018,CAMDEN AV,KOOSER RD,37.24013572,-121.9037964
3845,696452,CR-0000099629,1,0,0,0,23-110-0190,False,False,17,4/20/2023 8:30:00 AM,No Pedestrians Involved,Dry,No Unusual Conditions,Daylight,Violation Driver 1,Controls Not Functioning,Clear,Broadside,Related,Other Vehicle,Not Applicable,Not Applicable,South Of,,False,False,30018,CAMDEN AV,KOOSER RD,37.24013572,-121.9037964
3846,694426,CR-0000098389,1,0,0,0,23-157-0263,False,False,35,6/6/2023 9:30:00 AM,No Pedestrians Involved,Dry,No Unusual Conditions,Daylight,Violation Driver 1,Controls Functioning,Cloudy,Rear End,Related,Other Vehicle,Not Applicable,Not Applicable,South Of,,False,False,30018,CAMDEN AV,KOOSER RD,37.24013572,-121.9037964
3847,695832,CR-0000098897,0,0,0,0,23-095-4002,False,True,51,4/5/2023 8:06:00 AM,No Pedestrians Involved,Unknown,Unknown,Unknown,Unknown,Unknown,Unknown,Sideswipe,Non-Related,Other Vehicle,Not Applicable,Not Applicable,Unknown,,False,False,30018,CAMDEN AV,KOOSER RD,37.24013572,-121.9037964
3848,712020,CR-0000101109,0,0,0,0,23-272-9704,False,True,0,9/29/2023 9:11:00 AM,No Pedestrians Involved,Dry,No Unusual Conditions,Daylight,Unknown,Controls Functioning,Clear,Broadside,Intersection,Other Vehicle,Not Applicable,Not Applicable,At,,False,False,30018,CAMDEN AV,KOOSER RD,37.24013572,-121.9037964
3849,689691,CR-0000095673,0,0,1,0,22-341-0692,False,False,0,12/7/2022 6:04:00 PM,No Pedestrians Involved,Dry,No Unusual Conditions,Dark - Street Light,Violation Driver 1,No Controls Present/Factor,Clear,Vehicle/Bike,Intersection,Bike,Not Applicable,Not Applicable,At,,False,False,29919,CAMDEN AV,GRAYSTONE LN,37.2218614,-121.8519586
3850,716279,CR-0000102238,0,0,1,0,24-055-0403,False,False,110,2/24/2024 11:51:00 AM,No Pedestrians Involved,Dry,No Unusual Conditions,Daylight,Bike At Fault,No Controls Present/Factor,Clear,Vehicle/Bike,Non-Related,Bike,Not Applicable,Not Applicable,North Of,BIKE,False,False,29919,CAMDEN AV,GRAYSTONE LN,37.2218614,-121.8519586
3851,687558,CR-0000094348,0,0,0,0,22-264-0140,False,False,92,9/21/2022 12:01:00 AM,No Pedestrians Involved,Dry,No Unusual Conditions,Dark - No Street Light,Violation Driver 1,No Controls Present/Factor,Cloudy,Sideswipe,Non-Related,Parked Vehicle,Not Applicable,Not Applicable,East Of,,False,True,54284,EDENVIEW DR,WAR ADMIRAL AV,37.26843684,-121.8117545
3852,683033,CR-0000092637,0,0,0,0,22-128-9706,False,True,87,5/8/2022 8:30:00 AM,No Pedestrians Involved,Dry,No Unusual Conditions,Dark - Street Light,Unknown,No Controls Present/Factor,Clear,Sideswipe,Non-Related,Parked Vehicle,Not Applicable,Not Applicable,Unknown,,False,True,14596,BATTLE DANCE DR,ROEDER RD,37.26641776,-121.8099737
3853,691071,CR-0000097244,1,0,0,0,23-050-0507,False,False,0,2/19/2023 3:01:00 PM,No Pedestrians Involved,Dry,No Unusual Conditions,Daylight,Violation Driver 1,No Controls Present/Factor,Clear,Sideswipe,Intersection,Parked Vehicle,Not Applicable,Not Applicable,At,,True,False,14596,BATTLE DANCE DR,ROEDER RD,37.26641776,-121.8099737
3854,682028,CR-0000091539,0,0,0,0,22-064-0055,False,False,0,3/5/2022 1:06:00 AM,No Pedestrians Involved,Wet,No Unusual Conditions,Dark - Street Light,Violation Driver 1,Controls Functioning,Clear,Sideswipe,Intersection,Other Vehicle,Not Applicable,Not Applicable,At,,False,False,77274,JOSE FIGUERES AV,MCKEE RD,37.36343342,-121.8528283
3855,685358,CR-0000094084,0,0,0,0,22-228-9701,False,False,50,8/15/2022 4:12:00 PM,No Pedestrians Involved,Dry,No Unusual Conditions,Daylight,Unknown,No Controls Present/Factor,Clear,Sideswipe,Related,Other Vehicle,Not Applicable,Not Applicable,Unknown,,False,True,77274,JOSE FIGUERES AV,MCKEE RD,37.36343342,-121.8528283
3856,688910,CR-0000094770,0,1,0,0,22-280-0372,False,False,527,10/7/2022 10:58:00 AM,Not In Road,Dry,No Unusual Conditions,Daylight,Violation Driver 1,No Controls Present/Factor,Clear,Vehicle/Pedestrian,Non-Related,Pedestrian,North,South,South Of,PEDESTRIAN,False,False,77274,JOSE FIGUERES AV,MCKEE RD,37.36343342,-121.8528283
3857,691085,CR-0000097258,2,0,0,0,23-059-0522,False,False,200,2/28/2023 3:15:00 PM,No Pedestrians Involved,Wet,No Unusual Conditions,Daylight,Violation Driver 1,Controls Functioning,Rain,Rear End,Non-Related,Other Vehicle,Not Applicable,Not Applicable,East Of,,True,False,77274,JOSE FIGUERES AV,MCKEE RD,37.36343342,-121.8528283
3858,699224,CR-0000100545,0,0,0,0,23-175-9704,False,True,,6/24/2023 11:27:00 AM,No Pedestrians Involved,Dry,No Unusual Conditions,Daylight,Unknown,Unknown,Clear,Sideswipe,Related,Other Vehicle,Not Applicable,Not Applicable,East Of,,False,False,77274,JOSE FIGUERES AV,MCKEE RD,37.36343342,-121.8528283
3859,698914,CR-0000100216,1,0,0,0,23-309-0558,False,False,0,11/5/2023 3:54:00 PM,Crossing In Crosswalk - At Intersection,Dry,Holes Deep Rut,Daylight,Violation Driver 1,Controls Functioning,Clear,Vehicle/Pedestrian,Intersection,Pedestrian,North,South,At,PED,False,False,77274,JOSE FIGUERES AV,MCKEE RD,37.36343342,-121.8528283
3860,690398,CR-0000096493,0,0,0,0,22-132-0066,False,False,0,5/12/2022 3:05:00 AM,No Pedestrians Involved,Dry,No Unusual Conditions,Dark - Street Light,Violation Driver 1,No Controls Present/Factor,Clear,Sideswipe,Intersection,Other Vehicle,Not Applicable,Not Applicable,At,,False,False,2584,ALAMEDA,NIMITZ FR,37.34291324,-121.9268588
3861,690333,CR-0000096427,0,0,0,0,22-144-4000,False,True,0,5/8/2022 9:00:00 AM,No Pedestrians Involved,Unknown,Unknown,Unknown,Unknown,Unknown,Unknown,Sideswipe,Intersection,Other Vehicle,Not Applicable,Not Applicable,At,,False,False,2584,ALAMEDA,NIMITZ FR,37.34291324,-121.9268588
3862,682270,CR-0000091839,0,1,1,0,22-115-0448,False,False,0,4/25/2022 1:33:00 PM,No Pedestrians Involved,Dry,No Unusual Conditions,Daylight,Violation Driver 1,Controls Functioning,Clear,Broadside,Intersection,Other Vehicle,Not Applicable,Not Applicable,At,,False,False,2584,ALAMEDA,NIMITZ FR,37.34291324,-121.9268588
3863,699372,CR-0000100699,0,0,0,0,23-200-4005,False,True,0,7/19/2023 8:00:00 AM,No Pedestrians Involved,Unknown,Unknown,Unknown,Unknown,Unknown,Unknown,Rear End,Intersection,Other Vehicle,Not Applicable,Not Applicable,At,,False,False,2584,ALAMEDA,NIMITZ FR,37.34291324,-121.9268588
3864,690887,CR-0000097031,0,0,0,0,23-016-4000,False,True,0,1/13/2023 6:00:00 PM,No Pedestrians Involved,Unknown,Unknown,Unknown,Unknown,Unknown,Unknown,Sideswipe,Intersection,Other Vehicle,Not Applicable,Not Applicable,At,,False,False,2584,ALAMEDA,NIMITZ FR,37.34291324,-121.9268588
3865,689010,CR-0000094870,0,0,0,0,22-264-4002,False,True,51,9/21/2022 12:30:00 PM,No Pedestrians Involved,Unknown,Unknown,Daylight,Unknown,Unknown,Unknown,Other,Non-Related,Other Vehicle,Not Applicable,Not Applicable,South Of,,False,False,62534,FORRESTAL AV/TECHNOLOGY DR,SONORA AV,37.36250244,-121.9143376
3866,688857,CR-0000094713,0,0,1,0,22-275-0540,False,False,75,10/2/2022 3:55:00 PM,No Pedestrians Involved,Dry,No Unusual Conditions,Daylight,Violation Driver 1,No Controls Present/Factor,Clear,Head On,Non-Related,Motorcycle,Not Applicable,Not Applicable,South Of,,False,False,44714,COYOTE RD,CROSSLEES DR,37.26480059,-121.7954021
3867,690574,CR-0000096695,1,0,0,0,23-014-0584,False,False,135,1/14/2023 5:12:00 PM,No Pedestrians Involved,Wet,No Unusual Conditions,Daylight,Violation Driver 1,No Controls Present/Factor,Rain,Broadside,Non-Related,Other Vehicle,Not Applicable,Not Applicable,West Of,,False,False,20184,BLOSSOM HILL RD,KEYMAR DR,37.25137538,-121.8278474
3868,698973,CR-0000100275,3,0,0,0,23-315-0546,False,False,158,11/11/2023 4:39:00 PM,No Pedestrians Involved,Dry,No Unusual Conditions,Daylight,Violation Driver 1,Unknown,Clear,Broadside,Non-Related,Other Vehicle,Not Applicable,Not Applicable,West Of,,False,False,20184,BLOSSOM HILL RD,KEYMAR DR,37.25137538,-121.8278474
3869,688841,CR-0000094696,0,1,0,0,22-294-0813,False,False,304,10/21/2022 7:17:00 PM,Crossing - Not In Crosswalk,Dry,No Unusual Conditions,Dark - Street Light,Violation Driver 1,No Controls Present/Factor,Clear,Vehicle/Pedestrian,Non-Related,Pedestrian,East,West,South Of,PED,True,True,20459,BLOSSOM HILL RD,SNELL AV,37.25128824,-121.8308378
3870,688712,CR-0000094537,0,0,0,0,22-212-4001,False,True,0,7/31/2022 12:00:00 AM,No Pedestrians Involved,Unknown,Unknown,Unknown,Unknown,Unknown,Unknown,Rear End,Intersection,Other Vehicle,Not Applicable,Not Applicable,At,,False,True,20459,BLOSSOM HILL RD,SNELL AV,37.25128824,-121.8308378
3871,688981,CR-0000094840,0,0,0,0,22-301-0230,False,False,300,10/28/2022 10:15:00 AM,No Pedestrians Involved,Dry,No Unusual Conditions,Daylight,Violation Driver 1,Controls Functioning,Clear,Broadside,Non-Related,Other Vehicle,Not Applicable,Not Applicable,West Of,,False,False,20459,BLOSSOM HILL RD,SNELL AV,37.25128824,-121.8308378
3872,689635,CR-0000095616,3,0,0,0,22-319-0214,False,False,0,11/15/2022 8:17:00 AM,No Pedestrians Involved,Dry,No Unusual Conditions,Daylight,Violation Driver 1,Controls Not Functioning,Clear,Sideswipe,Intersection,Other Vehicle,Not Applicable,Not Applicable,At,,False,False,20459,BLOSSOM HILL RD,SNELL AV,37.25128824,-121.8308378
3873,689257,CR-0000095211,0,0,0,0,22-304-0212,False,False,0,10/31/2022 7:30:00 AM,No Pedestrians Involved,Dry,No Unusual Conditions,Daylight,Violation Driver 1,Controls Functioning,Clear,Sideswipe,Intersection,Other Vehicle,Not Applicable,Not Applicable,At,,False,True,20459,BLOSSOM HILL RD,SNELL AV,37.25128824,-121.8308378
3874,685385,CR-0000094120,0,0,0,0,22-270-0633,False,False,0,9/27/2022 3:55:00 PM,No Pedestrians Involved,Dry,No Unusual Conditions,Daylight,Violation Driver 1,Controls Functioning,Clear,Head On,Intersection,Other Vehicle,Not Applicable,Not Applicable,At,,False,False,20459,BLOSSOM HILL RD,SNELL AV,37.25128824,-121.8308378
3875,685401,CR-0000094136,1,0,0,0,22-259-0530,False,False,,9/16/2022 2:26:00 PM,No Pedestrians Involved,Dry,No Unusual Conditions,Daylight,Violation Driver 1,Controls Functioning,Clear,Rear End,Related,Other Vehicle,Not Applicable,Not Applicable,East Of,,False,False,20459,BLOSSOM HILL RD,SNELL AV,37.25128824,-121.8308378
3876,685039,CR-0000093708,1,0,0,0,22-239-0407,False,False,300,8/27/2022 12:36:00 PM,No Pedestrians Involved,Dry,No Unusual Conditions,Daylight,Violation Driver 1,Controls Functioning,Clear,Rear End,Non-Related,Other Vehicle,Not Applicable,Not Applicable,West Of,,False,False,20459,BLOSSOM HILL RD,SNELL AV,37.25128824,-121.8308378
3877,685176,CR-0000093851,0,0,0,0,22-239-0415,False,False,568,8/27/2022 12:30:00 PM,No Pedestrians Involved,Dry,No Unusual Conditions,Daylight,Violation Driver 1,No Controls Present/Factor,Clear,Sideswipe,Non-Related,Other Vehicle,Not Applicable,Not Applicable,West Of,,True,True,20459,BLOSSOM HILL RD,SNELL AV,37.25128824,-121.8308378
3878,683071,CR-0000092614,0,0,0,0,22-163-0537,False,False,0,6/12/2022 2:39:00 PM,No Pedestrians Involved,Dry,No Unusual Conditions,Daylight,Violation Driver 1,No Controls Present/Factor,Cloudy,Rear End,Intersection,Other Vehicle,Not Applicable,Not Applicable,At,,True,True,20459,BLOSSOM HILL RD,SNELL AV,37.25128824,-121.8308378
3879,684781,CR-0000093471,1,0,0,0,22-192-0306,False,False,0,7/11/2022 9:35:00 AM,Crossing In Crosswalk - At Intersection,Dry,No Unusual Conditions,Daylight,Violation Driver 1,Controls Functioning,Clear,Vehicle/Pedestrian,Intersection,Pedestrian,East,West,At,PED,True,False,20459,BLOSSOM HILL RD,SNELL AV,37.25128824,-121.8308378
3880,682554,CR-0000092121,2,0,0,0,22-131-0394,False,False,0,5/11/2022 12:22:00 PM,No Pedestrians Involved,Dry,No Unusual Conditions,Daylight,Unknown,Controls Functioning,Clear,Broadside,Intersection,Other Vehicle,Not Applicable,Not Applicable,At,,False,False,20459,BLOSSOM HILL RD,SNELL AV,37.25128824,-121.8308378
3881,682543,CR-0000092110,0,1,0,0,22-127-0270,False,False,315,5/7/2022 9:20:00 AM,No Pedestrians Involved,Dry,No Unusual Conditions,Daylight,Violation Driver 1,Controls Functioning,Clear,Broadside,Non-Related,Other Vehicle,Not Applicable,Not Applicable,East Of,,False,False,20459,BLOSSOM HILL RD,SNELL AV,37.25128824,-121.8308378
3882,682679,CR-0000092255,0,0,0,0,22-144-0008,False,False,0,5/24/2022 12:22:00 AM,No Pedestrians Involved,Dry,No Unusual Conditions,Dark - Street Light,Violation Driver 1,Controls Functioning,Clear,Broadside,Intersection,Other Vehicle,Not Applicable,Not Applicable,At,,False,False,20459,BLOSSOM HILL RD,SNELL AV,37.25128824,-121.8308378
3883,682680,CR-0000092256,0,0,0,0,22-144-0045,False,False,37,5/24/2022 1:03:00 AM,No Pedestrians Involved,Dry,Other,Dark - Street Light,Violation Driver 1,Controls Functioning,Clear,Rear End,Related,Other Vehicle,Not Applicable,Not Applicable,East Of,,False,False,20459,BLOSSOM HILL RD,SNELL AV,37.25128824,-121.8308378