_id,CrashFactId,Name,MinorInjuries,ModerateInjuries,SevereInjuries,FatalInjuries,TcrNumber,CityDamageFlag,ShortFormFlag,Distance,CrashDateTime,PedestrianAction,RoadwaySurface,RoadwayCondition,Lighting,PrimaryCollisionFactor,TrafficControl,Weather,CollisionType,ProximityToIntersection,VehicleInvolvedWith,PedestrianDirectionFrom,PedestrianDirectionTo,DirectionFromIntersection,Comment,SpeedingFlag,HitAndRunFlag,IntersectionNumber,AStreetName,BStreetName,Latitude,Longitude
3884,682831,CR-0000092450,1,0,0,0,22-158-0919,False,False,384,6/7/2022 6:28:00 PM,No Pedestrians Involved,Dry,No Unusual Conditions,Daylight,Violation Driver 1,No Controls Present/Factor,Clear,Rear End,Non-Related,Other Vehicle,Not Applicable,Not Applicable,West Of,,True,False,20459,BLOSSOM HILL RD,SNELL AV,37.25128824,-121.8308378
3885,682839,CR-0000092435,0,0,0,0,22-161-0386,False,False,0,6/10/2022 10:50:00 AM,No Pedestrians Involved,Dry,No Unusual Conditions,Daylight,Violation Driver 1,Controls Functioning,Clear,Sideswipe,Intersection,Other Vehicle,Not Applicable,Not Applicable,At,,False,True,20459,BLOSSOM HILL RD,SNELL AV,37.25128824,-121.8308378
3886,682106,CR-0000091622,2,0,0,0,22-103-0291,False,False,0,4/13/2022 11:09:00 AM,No Pedestrians Involved,Dry,No Unusual Conditions,Daylight,Unknown,Unknown,Clear,Head On,Intersection,Other Vehicle,Not Applicable,Not Applicable,West Of,,False,False,20459,BLOSSOM HILL RD,SNELL AV,37.25128824,-121.8308378
3887,682130,CR-0000091654,0,0,0,0,22-061-4003,False,True,51,3/2/2022 1:40:00 PM,No Pedestrians Involved,Unknown,Unknown,Daylight,Unknown,Unknown,Unknown,Rear End,Non-Related,Other Vehicle,Not Applicable,Not Applicable,West Of,,False,False,20459,BLOSSOM HILL RD,SNELL AV,37.25128824,-121.8308378
3888,681975,CR-0000091484,1,0,0,0,22-060-0864,False,False,0,3/1/2022 7:58:00 PM,No Pedestrians Involved,Dry,No Unusual Conditions,Dark - Street Light,Violation Driver 1,Controls Functioning,Clear,Sideswipe,Intersection,Other Vehicle,Not Applicable,Not Applicable,At,,False,False,20459,BLOSSOM HILL RD,SNELL AV,37.25128824,-121.8308378
3889,682004,CR-0000091513,0,1,0,0,22-080-0101,False,False,80,3/21/2022 4:05:00 AM,No Pedestrians Involved,Dry,No Unusual Conditions,Dark - Street Light,Unknown,Controls Functioning,Clear,Vehicle/Bike,Non-Related,Scooter Motorized,Not Applicable,Not Applicable,East Of,ELECTRIC SCOOTER,False,False,20459,BLOSSOM HILL RD,SNELL AV,37.25128824,-121.8308378
3890,681711,CR-0000091108,1,0,0,0,22-074-0737,False,False,0,3/15/2022 4:49:00 PM,No Pedestrians Involved,Dry,No Unusual Conditions,Daylight,Violation Driver 1,Controls Functioning,Clear,Rear End,Intersection,Other Vehicle,Not Applicable,Not Applicable,At,,False,False,20459,BLOSSOM HILL RD,SNELL AV,37.25128824,-121.8308378
3891,696492,CR-0000099670,3,0,0,0,23-334-0363,False,False,0,11/30/2023 11:39:00 AM,No Pedestrians Involved,Dry,No Unusual Conditions,Daylight,Violation Driver 1,Controls Functioning,Clear,Head On,Intersection,Other Vehicle,Not Applicable,Not Applicable,At,,False,False,20459,BLOSSOM HILL RD,SNELL AV,37.25128824,-121.8308378
3892,695869,CR-0000098934,0,0,0,0,23-095-4009,False,True,0,4/5/2023 1:15:00 PM,No Pedestrians Involved,Unknown,Unknown,Unknown,Violation Driver 1,Unknown,Unknown,Rear End,Intersection,Other Vehicle,Not Applicable,Not Applicable,At,,False,False,20459,BLOSSOM HILL RD,SNELL AV,37.25128824,-121.8308378
3893,694400,CR-0000098353,1,0,0,0,23-170-0639,False,False,0,6/19/2023 4:31:00 PM,No Pedestrians Involved,Dry,No Unusual Conditions,Daylight,Violation Driver 1,Controls Functioning,Clear,Broadside,Intersection,Other Vehicle,Not Applicable,Not Applicable,At,,False,False,20459,BLOSSOM HILL RD,SNELL AV,37.25128824,-121.8308378
3894,696002,CR-0000099137,0,0,0,0,23-230-4003,False,False,0,8/17/2023 12:30:00 PM,No Pedestrians Involved,Unknown,Unknown,Unknown,Unknown,Unknown,Unknown,Rear End,Intersection,Other Vehicle,Not Applicable,Not Applicable,At,,False,False,20459,BLOSSOM HILL RD,SNELL AV,37.25128824,-121.8308378
3895,690700,CR-0000096836,1,0,0,0,23-012-0517,False,False,20,1/12/2023 2:12:00 PM,No Pedestrians Involved,Dry,No Unusual Conditions,Daylight,Violation Driver 1,Controls Functioning,Clear,Sideswipe,Related,Other Vehicle,Not Applicable,Not Applicable,West Of,,False,False,20459,BLOSSOM HILL RD,SNELL AV,37.25128824,-121.8308378
3896,690684,CR-0000096819,0,0,0,0,23-003-0589,True,False,0,1/3/2023 3:30:00 PM,No Pedestrians Involved,Dry,No Unusual Conditions,Daylight,Violation Driver 1,Controls Functioning,Clear,Hit Object,Intersection,Fixed Object,Not Applicable,Not Applicable,At,TRAFFIC SIGNAL,False,False,20459,BLOSSOM HILL RD,SNELL AV,37.25128824,-121.8308378
3897,690070,CR-0000096135,0,0,0,0,22-308-0569,False,False,488,11/4/2022 4:10:00 PM,No Pedestrians Involved,Dry,No Unusual Conditions,Daylight,Violation Driver 1,No Controls Present/Factor,Clear,Rear End,Non-Related,Other Vehicle,Not Applicable,Not Applicable,West Of,,True,False,20459,BLOSSOM HILL RD,SNELL AV,37.25128824,-121.8308378
3898,690473,CR-0000096585,0,0,0,0,22-346-9711,False,True,51,12/12/2022 6:10:00 AM,No Pedestrians Involved,Dry,No Unusual Conditions,Dark - Street Light,Unknown,Controls Functioning,Clear,Rear End,Non-Related,Other Vehicle,Not Applicable,Not Applicable,West Of,,False,False,20459,BLOSSOM HILL RD,SNELL AV,37.25128824,-121.8308378
3899,690956,CR-0000097126,1,0,0,0,23-042-0640,False,False,200,2/11/2023 6:42:00 PM,No Pedestrians Involved,Dry,No Unusual Conditions,Dark - Street Light,Violation Driver 1,No Controls Present/Factor,Clear,Rear End,Non-Related,Other Vehicle,Not Applicable,Not Applicable,West Of,,True,False,20459,BLOSSOM HILL RD,SNELL AV,37.25128824,-121.8308378
3900,691288,CR-0000097533,0,0,1,0,23-054-0643,False,False,0,2/23/2023 1:00:00 PM,No Pedestrians Involved,Dry,Unknown,Daylight,Violation Driver 1,Unknown,Clear,Vehicle/Bike,Intersection,Bike,Not Applicable,Not Applicable,At,BIKE,False,False,20459,BLOSSOM HILL RD,SNELL AV,37.25128824,-121.8308378
3901,692373,CR-0000097655,1,0,0,0,23-066-0178,False,False,0,3/7/2023 7:54:00 AM,No Pedestrians Involved,Dry,No Unusual Conditions,Daylight,Violation Driver 1,Controls Functioning,Cloudy,Sideswipe,Intersection,Other Vehicle,Not Applicable,Not Applicable,At,,False,False,20459,BLOSSOM HILL RD,SNELL AV,37.25128824,-121.8308378
3902,692465,CR-0000097753,0,0,0,0,23-088-4003,False,True,0,3/13/2023 8:30:00 AM,No Pedestrians Involved,Unknown,Unknown,Unknown,Unknown,Unknown,Unknown,Rear End,Intersection,Other Vehicle,Not Applicable,Not Applicable,At,,False,False,20459,BLOSSOM HILL RD,SNELL AV,37.25128824,-121.8308378
3903,692556,CR-0000097847,1,0,0,0,23-096-0111,False,False,392,4/6/2023 5:55:00 AM,No Pedestrians Involved,Dry,No Unusual Conditions,Dusk - Dawn,Violation Driver 1,No Controls Present/Factor,Clear,Rear End,Non-Related,Other Vehicle,Not Applicable,Not Applicable,West Of,,True,False,20459,BLOSSOM HILL RD,SNELL AV,37.25128824,-121.8308378
3904,694334,CR-0000098278,1,0,0,0,23-172-0638,False,False,0,6/21/2023 4:36:00 PM,No Pedestrians Involved,Dry,No Unusual Conditions,Daylight,Violation Driver 1,Controls Functioning,Clear,Broadside,Intersection,Other Vehicle,Not Applicable,Not Applicable,At,,False,False,20459,BLOSSOM HILL RD,SNELL AV,37.25128824,-121.8308378
3905,694104,CR-0000098175,1,0,0,0,23-135-0980,False,False,0,5/15/2023 9:26:00 PM,No Pedestrians Involved,Dry,No Unusual Conditions,Dark - Street Light,Violation Driver 1,Controls Functioning,Clear,Head On,Intersection,Other Vehicle,Not Applicable,Not Applicable,At,,False,False,20459,BLOSSOM HILL RD,SNELL AV,37.25128824,-121.8308378
3906,716237,CR-0000102203,0,0,0,0,24-121-4000,False,True,0,6/16/2023 8:50:00 PM,No Pedestrians Involved,Unknown,Unknown,Unknown,Unknown,Unknown,Unknown,Broadside,Intersection,Other Vehicle,Not Applicable,Not Applicable,At,,False,False,20459,BLOSSOM HILL RD,SNELL AV,37.25128824,-121.8308378
3907,719756,CR-0000102929,0,0,0,0,24-088-9709,False,True,51,1/20/2024 3:10:00 PM,No Pedestrians Involved,Dry,No Unusual Conditions,Daylight,Unknown,Controls Functioning,Clear,Broadside,Non-Related,Other Vehicle,Not Applicable,Not Applicable,Unknown,,False,False,20459,BLOSSOM HILL RD,SNELL AV,37.25128824,-121.8308378
3908,719691,CR-0000102863,0,0,0,0,24-012-0551,False,False,120,1/12/2024 4:28:00 PM,No Pedestrians Involved,Dry,No Unusual Conditions,Dark - Street Light,Violation Driver 1,Controls Functioning,Clear,Sideswipe,Non-Related,Other Vehicle,Not Applicable,Not Applicable,East Of,,False,True,20459,BLOSSOM HILL RD,SNELL AV,37.25128824,-121.8308378
3909,718475,CR-0000102563,0,0,0,0,24-078-0518,False,False,51,3/18/2024 1:52:00 PM,No Pedestrians Involved,Dry,No Unusual Conditions,Daylight,Unknown,Controls Functioning,Clear,Rear End,Non-Related,Other Vehicle,Not Applicable,Not Applicable,West Of,,False,False,20459,BLOSSOM HILL RD,SNELL AV,37.25128824,-121.8308378
3910,711638,CR-0000101275,0,0,0,0,23-242-1050,False,False,0,8/30/2023 11:00:00 PM,No Pedestrians Involved,Dry,No Unusual Conditions,Dark - Street Light,Violation Driver 1,Controls Functioning,Clear,Sideswipe,Intersection,Non-Collision,Not Applicable,Not Applicable,At,,False,True,20459,BLOSSOM HILL RD,SNELL AV,37.25128824,-121.8308378
3911,711721,CR-0000101300,0,0,0,0,23-211-4002,False,True,0,7/24/2023 4:26:00 PM,No Pedestrians Involved,Unknown,Unknown,Unknown,Unknown,Unknown,Unknown,Rear End,Intersection,Other Vehicle,Not Applicable,Not Applicable,At,,False,False,20459,BLOSSOM HILL RD,SNELL AV,37.25128824,-121.8308378
3912,711793,CR-0000101590,0,0,0,0,23-348-4006,False,True,51,12/14/2023 2:20:00 PM,No Pedestrians Involved,Unknown,Unknown,Unknown,Unknown,Unknown,Unknown,Rear End,Non-Related,Other Vehicle,Not Applicable,Not Applicable,Unknown,,False,False,20459,BLOSSOM HILL RD,SNELL AV,37.25128824,-121.8308378
3913,722459,CR-0000103733,4,0,0,0,24-100-0234,False,False,0,4/9/2024 9:10:00 AM,No Pedestrians Involved,Dry,No Unusual Conditions,Daylight,Violation Driver 1,Controls Functioning,Clear,Head On,Intersection,Other Vehicle,Not Applicable,Not Applicable,At,,False,False,20459,BLOSSOM HILL RD,SNELL AV,37.25128824,-121.8308378
3914,694672,CR-0000098706,0,1,0,0,23-243-0608,False,False,0,8/31/2023 3:00:00 PM,Not In Road,Dry,No Unusual Conditions,Daylight,Violation Driver 1,No Controls Present/Factor,Clear,Vehicle/Pedestrian,Intersection,Scooter Non-Motorized,South,North,At,PED(SCOOTER),True,True,54262,EDENVIEW DR,GREY GHOST AV,37.26606743,-121.8120845
3915,682746,CR-0000092327,0,0,0,0,22-156-0208,False,False,50,6/5/2022 1:00:00 AM,No Pedestrians Involved,Dry,No Unusual Conditions,Dark - Street Light,Violation Driver 1,Controls Functioning,Clear,Rear End,Related,Parked Vehicle,Not Applicable,Not Applicable,North Of,,False,True,19194,BLAIRBURRY WY/CAREW WY,CAHALAN AV,37.25268497,-121.8461714
3916,690071,CR-0000096144,0,0,0,0,22-330-0815,False,False,56,11/26/2022 11:01:00 PM,No Pedestrians Involved,Dry,No Unusual Conditions,Dark - Street Light,Violation Driver 1,No Controls Present/Factor,Clear,Rear End,Non-Related,Parked Vehicle,Not Applicable,Not Applicable,West Of,,False,True,11197,AVENIDA GRANDE,VIA CARMELA,37.23038111,-121.7659959
3917,690209,CR-0000096299,0,0,0,0,22-258-4000,False,True,51,9/14/2022 7:47:00 PM,No Pedestrians Involved,Unknown,Unknown,Unknown,Unknown,Unknown,Unknown,Other,Non-Related,Parked Vehicle,Not Applicable,Not Applicable,South Of,,False,False,68364,GREEN HILL WY,LOGANBERRY DR,37.30529125,-121.7850542
3918,716339,CR-0000102282,1,0,0,0,24-037-0588,True,False,66,2/6/2024 3:15:00 PM,No Pedestrians Involved,Dry,No Unusual Conditions,Daylight,Violation Driver 1,No Controls Present/Factor,Clear,Hit Object,Non-Related,Fixed Object,Not Applicable,Not Applicable,East Of,SIGN and TREE,False,False,34638,CASTLE GLEN AV,GLEN HAVEN DR,37.30262458,-122.0006232
3919,699441,CR-0000100782,0,0,0,0,23-196-0847,False,False,45,7/15/2023 9:39:00 PM,No Pedestrians Involved,Dry,No Unusual Conditions,Dark - Street Light,Violation Driver 1,No Controls Present/Factor,Clear,Rear End,Related,Parked Vehicle,Not Applicable,Not Applicable,North Of,,False,True,112507,TUSTIN DR,VANPORT DR,37.31334289,-121.8137597
3920,682347,CR-0000091910,0,0,0,0,22-099-4000,False,True,,4/9/2022 2:00:00 AM,No Pedestrians Involved,Unknown,Unknown,Unknown,Violation Driver 1,Unknown,Unknown,Rear End,Related,Parked Vehicle,Not Applicable,Not Applicable,East Of,,False,False,79650,KING RD,TUSTIN DR,37.31207193,-121.815639
3921,682380,CR-0000091943,4,0,0,0,22-105-0404,False,False,0,4/15/2022 1:54:00 PM,No Pedestrians Involved,Dry,No Unusual Conditions,Daylight,Violation Driver 1,No Controls Present/Factor,Clear,Sideswipe,Intersection,Other Vehicle,Not Applicable,Not Applicable,At,,False,False,21328,BOLERO DR,HARMONY LN,37.27634879,-121.8174113
3922,682193,CR-0000091737,0,1,1,0,22-067-0965,False,False,0,3/8/2022 9:30:00 PM,No Pedestrians Involved,Dry,No Unusual Conditions,Dark - Street Light,Violation Driver 1,No Controls Present/Factor,Clear,Vehicle/Pedestrian,Intersection,Pedestrian,West,East,At,PED,True,False,21328,BOLERO DR,HARMONY LN,37.27634879,-121.8174113
3923,685407,CR-0000094142,0,0,0,0,22-261-0240,False,False,282,9/18/2022 6:45:00 AM,No Pedestrians Involved,Wet,No Unusual Conditions,Dark - Street Light Not Functioning,Violation Driver 1,No Controls Present/Factor,Unknown,Rear End,Non-Related,Parked Vehicle,Not Applicable,Not Applicable,North Of,,True,True,21317,BOLERO DR,CONTINENTAL DR,37.27677418,-121.8173704
3924,682975,CR-0000092560,1,0,1,0,22-171-1005,False,False,255,6/20/2022 11:43:00 PM,Crossing - Not In Crosswalk,Dry,No Unusual Conditions,Dark - Street Light,Pedestrian At Fault,No Controls Present/Factor,Clear,Vehicle/Pedestrian,Non-Related,Pedestrian,East,West,North Of,PED,False,False,12429,BALFOUR DR,SENTER RD,37.30012859,-121.8401475
3925,692543,CR-0000097834,0,1,0,0,23-093-0520,False,False,0,4/3/2023 1:05:00 PM,Crossing In Crosswalk - Not At Intersection,Dry,No Unusual Conditions,Daylight,Violation Driver 1,Controls Functioning,Clear,Vehicle/Pedestrian,Intersection,Pedestrian,West,East,At,,False,False,12429,BALFOUR DR,SENTER RD,37.30012859,-121.8401475
3926,696525,CR-0000099712,1,0,0,0,23-343-0404,False,False,102,12/9/2023 12:09:00 PM,No Pedestrians Involved,Dry,No Unusual Conditions,Daylight,Violation Driver 1,No Controls Present/Factor,Clear,Broadside,Non-Related,Other Vehicle,Not Applicable,Not Applicable,South Of,,False,False,12429,BALFOUR DR,SENTER RD,37.30012859,-121.8401475
3927,698676,CR-0000099913,1,0,0,0,23-216-0086,False,False,259,8/4/2023 3:07:00 AM,No Pedestrians Involved,Dry,No Unusual Conditions,Dark - Street Light,Violation Driver 1,No Controls Present/Factor,Clear,Sideswipe,Non-Related,Other Vehicle,Not Applicable,Not Applicable,West Of,,True,True,9624,ASCOT LN,SOUTHSIDE DR,37.29475136,-121.8358369
3928,694324,CR-0000098268,0,1,0,0,23-180-0248,False,False,20,6/29/2023 8:57:00 AM,No Pedestrians Involved,Dry,No Unusual Conditions,Daylight,Violation Driver 1,No Controls Present/Factor,Clear,Sideswipe,Related,Parked Vehicle,Not Applicable,Not Applicable,South Of,,True,False,74733,HUNKEN DR,POCATELLO CT/POCATELLO DR,37.29616225,-121.8381165
3929,691142,CR-0000097337,0,0,0,0,23-035-0295,False,False,29,2/4/2023 11:52:00 AM,No Pedestrians Involved,Dry,No Unusual Conditions,Daylight,Violation Driver 1,No Controls Present/Factor,Cloudy,Sideswipe,Related,Parked Vehicle,Not Applicable,Not Applicable,West Of,,True,True,74733,HUNKEN DR,POCATELLO CT/POCATELLO DR,37.29616225,-121.8381165
3930,694383,CR-0000098327,0,0,0,0,23-167-1016,False,False,160,6/16/2023 10:10:00 PM,No Pedestrians Involved,Unknown,No Unusual Conditions,Dark - Street Light,Violation Driver 1,No Controls Present/Factor,Clear,Rear End,Non-Related,Parked Vehicle,Not Applicable,Not Applicable,South Of,,True,False,34650,CASTLE GLEN AV,JOHNSON AV,37.30364981,-122.0055064
3931,683134,CR-0000092698,0,0,0,0,22-189-0221,False,False,192,7/7/2022 4:50:00 PM,No Pedestrians Involved,Dry,No Unusual Conditions,Daylight,Violation Driver 1,No Controls Present/Factor,Clear,Sideswipe,Non-Related,Other Vehicle,Not Applicable,Not Applicable,West Of,,False,True,89088,MAYME AV,PETERSEN AV,37.29367192,-121.9990444
3932,689155,CR-0000095049,0,0,0,0,22-323-0166,False,False,51,11/19/2022 4:20:00 AM,No Pedestrians Involved,Dry,No Unusual Conditions,Dark - Street Light,Violation Driver 1,No Controls Present/Factor,Clear,Rear End,Non-Related,Parked Vehicle,Not Applicable,Not Applicable,South Of,,False,True,5510,ALMADEN RD,VIEWPOINT LN,37.2030455,-121.8399998
3933,711576,CR-0000101411,0,0,0,0,23-336-0974,False,False,55,12/2/2023 11:39:00 PM,No Pedestrians Involved,Dry,No Unusual Conditions,Dark - Street Light,Violation Driver 1,No Controls Present/Factor,Clear,Rear End,Non-Related,Parked Vehicle,Not Applicable,Not Applicable,South Of,,False,True,24474,BRENDA LEE DR,SNELL AV,37.22910441,-121.8304953
3934,688760,CR-0000094595,0,0,0,0,22-238-4007,False,True,,8/25/2022 4:30:00 AM,No Pedestrians Involved,Unknown,Unknown,Unknown,Unknown,Unknown,Unknown,Sideswipe,Related,Unknown,Not Applicable,Not Applicable,West Of,,False,True,2177,AIDA AV,RIGOLETTO DR,37.31917049,-121.8216563
3935,694035,CR-0000098021,0,0,0,0,23-106-0156,False,False,0,4/16/2023 3:07:00 AM,No Pedestrians Involved,Dry,No Unusual Conditions,Dark - Street Light,Violation Driver 1,No Controls Present/Factor,Clear,Sideswipe,Intersection,Parked Vehicle,Not Applicable,Not Applicable,At,,False,False,2177,AIDA AV,RIGOLETTO DR,37.31917049,-121.8216563
3936,689730,CR-0000095742,0,0,0,0,22-356-0084,False,False,494,12/22/2022 1:31:00 AM,No Pedestrians Involved,Dry,No Unusual Conditions,Dark - No Street Light,Violation Driver 1,No Controls Present/Factor,Clear,Sideswipe,Non-Related,Parked Vehicle,Not Applicable,Not Applicable,North Of,,False,True,2177,AIDA AV,RIGOLETTO DR,37.31917049,-121.8216563
3937,689526,CR-0000095503,0,1,0,0,22-357-0824,False,False,31,12/23/2022 8:38:00 PM,No Pedestrians Involved,Dry,No Unusual Conditions,Dark - Street Light,Violation Driver 1,Controls Functioning,Clear,Rear End,Related,Parked Vehicle,Not Applicable,Not Applicable,North Of,,True,False,97976,OTHELLO AV,RIGOLETTO DR,37.31959245,-121.820938
3938,689918,CR-0000095992,1,0,0,0,22-334-0521,False,False,0,11/30/2022 3:22:00 PM,No Pedestrians Involved,Dry,No Unusual Conditions,Daylight,Violation Driver 1,No Controls Present/Factor,Clear,Rear End,Intersection,Other Vehicle,Not Applicable,Not Applicable,At,,True,False,97976,OTHELLO AV,RIGOLETTO DR,37.31959245,-121.820938
3939,715910,CR-0000101947,0,0,0,0,23-221-0654,False,False,51,8/9/2023 1:30:00 AM,No Pedestrians Involved,Dry,No Unusual Conditions,Dark - Street Light,Violation Driver 1,No Controls Present/Factor,Clear,Rear End,Non-Related,Other Vehicle,Not Applicable,Not Applicable,South Of,,False,True,97976,OTHELLO AV,RIGOLETTO DR,37.31959245,-121.820938
3940,692571,CR-0000097862,0,0,1,0,23-042-0093,True,False,51,2/11/2023 2:45:00 AM,No Pedestrians Involved,Dry,No Unusual Conditions,Dark - No Street Light,Violation Driver 1,Controls Functioning,Clear,Hit Object,Non-Related,Fixed Object,Not Applicable,Not Applicable,West Of,TREE,True,False,23627,BRANHAM LN,GLENMONT DR,37.2646699,-121.8703031
3941,699351,CR-0000100678,0,0,0,0,23-212-4004,False,True,51,7/31/2023 12:30:00 PM,No Pedestrians Involved,Unknown,Unknown,Unknown,Unknown,Unknown,Unknown,Other,Non-Related,Parked Vehicle,Not Applicable,Not Applicable,East Of,,False,False,23627,BRANHAM LN,GLENMONT DR,37.2646699,-121.8703031
3942,699321,CR-0000100648,0,1,0,0,23-326-0362,False,False,578,11/22/2023 11:15:00 AM,Crossing In Crosswalk - At Intersection,Dry,No Unusual Conditions,Daylight,Violation Driver 1,Controls Functioning,Clear,Vehicle/Pedestrian,Non-Related,Pedestrian,South,North,East Of,PEDESTRIAN,False,False,23627,BRANHAM LN,GLENMONT DR,37.2646699,-121.8703031
3943,683179,CR-0000092754,0,0,0,0,22-135-4000,False,True,51,5/11/2022 5:30:00 PM,No Pedestrians Involved,Unknown,Unknown,Daylight,Unknown,Unknown,Unknown,Broadside,Non-Related,Other Vehicle,Not Applicable,Not Applicable,North Of,,False,False,17270,BERNICE WY,LEIGH AV,37.26259705,-121.9223247
3944,681224,CR-0000090609,0,0,0,0,22-005-0024,False,False,61,1/5/2022 12:45:00 AM,No Pedestrians Involved,Dry,No Unusual Conditions,Dark - Street Light,Violation Driver 1,Controls Functioning,Clear,Head On,Non-Related,Non-Collision,Not Applicable,Not Applicable,South Of,PG&E POLE,True,False,17270,BERNICE WY,LEIGH AV,37.26259705,-121.9223247
3945,682846,CR-0000092442,0,2,0,0,22-157-0613,False,False,0,6/6/2022 4:06:00 PM,No Pedestrians Involved,Dry,No Unusual Conditions,Daylight,Violation Driver 1,Controls Functioning,Clear,Rear End,Intersection,Other Vehicle,Not Applicable,Not Applicable,At,,True,False,4828,ALMADEN EX,NEWBERRY DR,37.27299683,-121.8787968
3946,682812,CR-0000092388,0,1,0,0,22-133-0378,False,False,285,5/13/2022 12:34:00 PM,No Pedestrians Involved,Dry,No Unusual Conditions,Daylight,Violation Driver 1,Controls Functioning,Clear,Vehicle/Bike,Non-Related,Bike,Not Applicable,Not Applicable,North Of,BIKE,False,True,37510,CHERRY AV,FOXWORTHY AV,37.27522292,-121.890678
3947,683038,CR-0000092603,0,0,1,0,22-164-0579,False,False,220,6/13/2022 3:15:00 PM,No Pedestrians Involved,Dry,No Unusual Conditions,Daylight,Violation Driver 1,Unknown,Clear,Rear End,Non-Related,Motor Vehicle On Other Roadway,Not Applicable,Not Applicable,South Of,,False,False,37510,CHERRY AV,FOXWORTHY AV,37.27522292,-121.890678
3948,685388,CR-0000094122,1,0,0,0,22-270-0836,False,False,24,9/27/2022 7:04:00 PM,No Pedestrians Involved,Dry,No Unusual Conditions,Daylight,Violation Driver 1,Controls Functioning,Clear,Head On,Related,Other Vehicle,Not Applicable,Not Applicable,South Of,,False,False,37510,CHERRY AV,FOXWORTHY AV,37.27522292,-121.890678
3949,694290,CR-0000098198,1,1,0,0,23-144-0249,False,False,0,5/24/2023 8:40:00 AM,No Pedestrians Involved,Dry,No Unusual Conditions,Daylight,Violation Driver 1,Controls Functioning,Cloudy,Broadside,Intersection,Other Vehicle,Not Applicable,Not Applicable,At,,False,False,37510,CHERRY AV,FOXWORTHY AV,37.27522292,-121.890678
3950,690377,CR-0000096472,0,0,0,0,22-243-9702,False,True,,8/27/2022 4:55:00 PM,No Pedestrians Involved,Dry,No Unusual Conditions,Daylight,Unknown,Controls Functioning,Clear,Rear End,Related,Other Vehicle,Not Applicable,Not Applicable,South Of,,False,True,37510,CHERRY AV,FOXWORTHY AV,37.27522292,-121.890678
3951,711934,CR-0000101375,0,0,0,0,23-309-4001,False,True,0,11/5/2023 1:35:00 PM,No Pedestrians Involved,Unknown,Unknown,Unknown,Unknown,Unknown,Unknown,Broadside,Intersection,Other Vehicle,Not Applicable,Not Applicable,At,,False,False,37510,CHERRY AV,FOXWORTHY AV,37.27522292,-121.890678
3952,689087,CR-0000094951,0,0,0,0,22-289-0926,True,False,0,10/16/2022 11:04:00 PM,No Pedestrians Involved,Dry,No Unusual Conditions,Dark - Street Light,Other Than Driver,Controls Functioning,Clear,Hit Object,Intersection,Fixed Object,Not Applicable,Not Applicable,At,"TREE, LIGHT POLE",False,False,47410,CURTNER AV,LEIGH AV,37.27590037,-121.9225467
3953,682570,CR-0000092137,1,0,0,0,22-151-1061,False,False,0,5/31/2022 10:16:00 PM,No Pedestrians Involved,Dry,No Unusual Conditions,Dark - Street Light,Violation Driver 1,Controls Functioning,Clear,Broadside,Intersection,Other Vehicle,Not Applicable,Not Applicable,At,,False,False,47410,CURTNER AV,LEIGH AV,37.27590037,-121.9225467
3954,689935,CR-0000095994,2,0,0,0,22-221-0513,False,False,0,8/9/2022 1:33:00 PM,No Pedestrians Involved,Dry,No Unusual Conditions,Daylight,Unknown,Controls Not Functioning,Clear,Broadside,Intersection,Other Vehicle,Not Applicable,Not Applicable,At,,False,False,47410,CURTNER AV,LEIGH AV,37.27590037,-121.9225467
3955,692485,CR-0000097773,2,0,0,0,23-074-0289,False,False,115,3/15/2023 9:36:00 AM,No Pedestrians Involved,Dry,No Unusual Conditions,Daylight,Violation Driver 1,Controls Functioning,Clear,Sideswipe,Non-Related,Other Vehicle,Not Applicable,Not Applicable,North Of,,False,False,47410,CURTNER AV,LEIGH AV,37.27590037,-121.9225467
3956,699366,CR-0000100693,0,0,0,0,23-230-9702,False,True,0,8/17/2023 6:53:00 PM,No Pedestrians Involved,Dry,No Unusual Conditions,Daylight,Unknown,Controls Functioning,Clear,Broadside,Intersection,Other Vehicle,Not Applicable,Not Applicable,At,,False,False,47410,CURTNER AV,LEIGH AV,37.27590037,-121.9225467
3957,688844,CR-0000094699,0,0,0,0,22-295-0178,False,False,94,10/22/2022 4:37:00 AM,No Pedestrians Involved,Dry,No Unusual Conditions,Dark - Street Light,Violation Driver 1,No Controls Present/Factor,Clear,Rear End,Non-Related,Parked Vehicle,Not Applicable,Not Applicable,West Of,,True,False,2067,AGATHA WY,AMANDA DR,37.27086995,-121.8583504
3958,696379,CR-0000099537,1,0,0,0,23-286-0194,False,False,0,10/13/2023 8:30:00 AM,Crossing - Not In Crosswalk,Dry,No Unusual Conditions,Daylight,Violation Driver 1,No Controls Present/Factor,Clear,Vehicle/Pedestrian,Intersection,Pedestrian,East,West,At,PEDESTRIAN,True,False,29105,CALLE ESPERANZA,REDMOND AV,37.22875424,-121.8902299
3959,696488,CR-0000099666,1,0,1,0,23-329-0533,False,False,0,11/25/2023 4:09:00 PM,No Pedestrians Involved,Dry,No Unusual Conditions,Daylight,Violation Driver 1,Controls Functioning,Clear,Broadside,Intersection,Other Vehicle,Not Applicable,Not Applicable,At,,False,False,11550,AYRSHIRE DR,BLOSSOM HILL RD,37.24842105,-121.882424