_id,CrashFactId,Name,MinorInjuries,ModerateInjuries,SevereInjuries,FatalInjuries,TcrNumber,CityDamageFlag,ShortFormFlag,Distance,CrashDateTime,PedestrianAction,RoadwaySurface,RoadwayCondition,Lighting,PrimaryCollisionFactor,TrafficControl,Weather,CollisionType,ProximityToIntersection,VehicleInvolvedWith,PedestrianDirectionFrom,PedestrianDirectionTo,DirectionFromIntersection,Comment,SpeedingFlag,HitAndRunFlag,IntersectionNumber,AStreetName,BStreetName,Latitude,Longitude
3960,691079,CR-0000097252,0,0,1,0,23-050-0921,False,False,0,2/19/2023 11:20:00 PM,Crossing - Not In Crosswalk,Dry,No Unusual Conditions,Dark - Street Light,Pedestrian At Fault,No Controls Present/Factor,Clear,Vehicle/Pedestrian,Intersection,Pedestrian,South,North,At,PED,False,False,11550,AYRSHIRE DR,BLOSSOM HILL RD,37.24842105,-121.882424
3961,691212,CR-0000097433,0,0,0,0,22-339-0408,False,False,170,12/5/2022 12:50:00 PM,No Pedestrians Involved,Wet,No Unusual Conditions,Daylight,Violation Driver 1,Controls Functioning,Clear,Hit Object,Non-Related,Fixed Object,Not Applicable,Not Applicable,West Of,,True,False,11550,AYRSHIRE DR,BLOSSOM HILL RD,37.24842105,-121.882424
3962,719710,CR-0000102882,0,0,0,0,24-008-4003,False,True,51,1/8/2024 9:00:00 AM,No Pedestrians Involved,Unknown,Unknown,Unknown,Unknown,Unknown,Unknown,Sideswipe,Non-Related,Other Vehicle,Not Applicable,Not Applicable,North Of,,False,False,11550,AYRSHIRE DR,BLOSSOM HILL RD,37.24842105,-121.882424
3963,722374,CR-0000103668,0,1,0,0,24-095-0408,False,False,0,4/4/2024 1:05:00 PM,No Pedestrians Involved,Dry,No Unusual Conditions,Daylight,Violation Driver 1,Controls Functioning,Clear,Vehicle/Bike,Intersection,Bike,Not Applicable,Not Applicable,At,BIKE,False,False,11550,AYRSHIRE DR,BLOSSOM HILL RD,37.24842105,-121.882424
3964,682591,CR-0000092158,0,1,0,0,22-122-0697,False,False,0,5/2/2022 5:45:00 PM,No Pedestrians Involved,Dry,No Unusual Conditions,Daylight,Violation Driver 1,No Controls Present/Factor,Clear,Broadside,Intersection,Other Vehicle,Not Applicable,Not Applicable,At,,False,False,28995,CALLE DE STUARDA/CALLE DE KOVALIK,MERIDIAN AV,37.25889382,-121.9006582
3965,682760,CR-0000092342,1,0,0,0,22-156-0807,False,False,0,6/5/2022 8:33:00 PM,No Pedestrians Involved,Dry,No Unusual Conditions,Dusk - Dawn,Violation Driver 1,No Controls Present/Factor,Cloudy,Broadside,Intersection,Other Vehicle,Not Applicable,Not Applicable,At,,False,False,28995,CALLE DE STUARDA/CALLE DE KOVALIK,MERIDIAN AV,37.25889382,-121.9006582
3966,682427,CR-0000091990,1,0,0,0,22-107-0815,False,False,0,4/17/2022 10:52:00 PM,No Pedestrians Involved,Dry,No Unusual Conditions,Dark - Street Light,Violation Driver 1,Controls Not Functioning,Clear,Broadside,Intersection,Other Vehicle,Not Applicable,Not Applicable,At,,False,False,79749,KING RD,SINCLAIR FR,37.34379805,-121.8468819
3967,681293,CR-0000090679,0,0,0,0,22-010-0280,False,False,30,1/10/2022 10:00:00 AM,No Pedestrians Involved,Dry,No Unusual Conditions,Daylight,Violation Driver 1,Controls Functioning,Clear,Rear End,Related,Other Vehicle,Not Applicable,Not Applicable,North Of,,True,False,79749,KING RD,SINCLAIR FR,37.34379805,-121.8468819
3968,690764,CR-0000096902,1,0,0,0,23-021-0545,False,False,0,1/21/2023 4:48:00 PM,No Pedestrians Involved,Dry,No Unusual Conditions,Dusk - Dawn,Violation Driver 1,Controls Functioning,Clear,Sideswipe,Intersection,Other Vehicle,Not Applicable,Not Applicable,At,,True,True,79749,KING RD,SINCLAIR FR,37.34379805,-121.8468819
3969,692566,CR-0000097857,1,0,0,0,23-097-0886,False,False,,4/7/2023 9:30:00 PM,No Pedestrians Involved,Dry,No Unusual Conditions,Dark - Street Light,Violation Driver 1,Controls Functioning,Clear,Rear End,Related,Other Vehicle,Not Applicable,Not Applicable,North Of,,True,True,79749,KING RD,SINCLAIR FR,37.34379805,-121.8468819
3970,699299,CR-0000100624,0,0,0,0,23-159-4002,False,True,0,4/8/2023 10:40:00 PM,No Pedestrians Involved,Unknown,Unknown,Unknown,Unknown,Unknown,Unknown,Broadside,Intersection,Other Vehicle,Not Applicable,Not Applicable,At,,False,False,79749,KING RD,SINCLAIR FR,37.34379805,-121.8468819
3971,696212,CR-0000099356,1,0,0,0,23-101-0225,False,False,0,4/11/2023 8:36:00 AM,No Pedestrians Involved,Dry,No Unusual Conditions,Daylight,Violation Driver 1,Controls Functioning,Clear,Broadside,Intersection,Other Vehicle,Not Applicable,Not Applicable,At,,False,False,79749,KING RD,SINCLAIR FR,37.34379805,-121.8468819
3972,694547,CR-0000098541,0,0,1,0,23-197-0029,False,False,0,7/16/2023 12:19:00 AM,No Pedestrians Involved,Dry,No Unusual Conditions,Dark - Street Light,Violation Driver 1,Controls Functioning,Clear,Broadside,Intersection,Motorcycle,Not Applicable,Not Applicable,South Of,,False,False,79749,KING RD,SINCLAIR FR,37.34379805,-121.8468819
3973,711705,CR-0000101384,0,0,0,0,23-315-0082,True,False,0,11/11/2023 1:58:00 AM,No Pedestrians Involved,Dry,No Unusual Conditions,Dark - Street Light,Violation Driver 1,Controls Functioning,Clear,Hit Object,Intersection,Fixed Object,Not Applicable,Not Applicable,At,SIGNAL,True,True,79749,KING RD,SINCLAIR FR,37.34379805,-121.8468819
3974,690609,CR-0000096730,1,0,0,0,23-024-0189,False,False,0,1/24/2023 8:12:00 AM,Crossing In Crosswalk - At Intersection,Dry,No Unusual Conditions,Daylight,Violation Driver 1,No Controls Present/Factor,Clear,Vehicle/Pedestrian,Intersection,Pedestrian,East,West,At,PED,False,False,89363,MCCREERY AV,STOWE AV,37.35294831,-121.8505582
3975,690118,CR-0000096207,0,0,0,0,22-338-0452,False,False,0,12/4/2022 2:45:00 PM,No Pedestrians Involved,Dry,No Unusual Conditions,Daylight,Violation Driver 1,No Controls Present/Factor,Clear,Sideswipe,Intersection,Parked Vehicle,Not Applicable,Not Applicable,At,,True,True,89363,MCCREERY AV,STOWE AV,37.35294831,-121.8505582
3976,722012,CR-0000103266,0,0,0,0,24-056-0786,False,False,148,2/25/2024 7:45:00 PM,No Pedestrians Involved,Dry,No Unusual Conditions,Dark - Street Light,Violation Driver 1,No Controls Present/Factor,Clear,Head On,Non-Related,Other Vehicle,Not Applicable,Not Applicable,North Of,,False,True,89341,MCCREERY AV,SAN ANTONIO ST,37.35141489,-121.849405
3977,681186,CR-0000090576,1,0,0,0,22-002-0548,False,False,0,1/2/2022 5:00:00 PM,No Pedestrians Involved,Dry,No Unusual Conditions,Daylight,Violation Driver 1,No Controls Present/Factor,Clear,Broadside,Intersection,Other Vehicle,Not Applicable,Not Applicable,At,,True,False,6159,ALUM ROCK AV,SCHARFF AV,37.35774015,-121.8451244
3978,685372,CR-0000094098,0,0,0,0,22-230-0135,False,False,24,8/18/2022 6:30:00 PM,No Pedestrians Involved,Dry,No Unusual Conditions,Dark - Street Light,Unknown,Controls Functioning,Clear,Broadside,Related,Parked Vehicle,Not Applicable,Not Applicable,South Of,,False,True,6159,ALUM ROCK AV,SCHARFF AV,37.35774015,-121.8451244
3979,696080,CR-0000099215,0,0,0,0,23-070-0347,False,False,104,3/11/2023 12:42:00 PM,No Pedestrians Involved,Dry,No Unusual Conditions,Daylight,Violation Driver 1,No Controls Present/Factor,Cloudy,Sideswipe,Non-Related,Parked Vehicle,Not Applicable,Not Applicable,East Of,,False,True,107711,SARON AV,SHORTRIDGE AV,37.35578706,-121.8470034
3980,698723,CR-0000099972,0,0,0,1,24-022-0131,False,False,0,1/22/2024 6:11:00 AM,Crossing - Not In Crosswalk,Wet,Flooded,Dark - Street Light,Violation Driver 1,Controls Functioning,Rain,Vehicle/Pedestrian,Intersection,Pedestrian,North,South,At,PED,False,False,56198,ELM ST,MCKENDRIE ST,37.34372009,-121.9212737
3981,690570,CR-0000096691,0,0,1,0,23-021-0839,True,False,45,1/21/2023 10:34:00 PM,No Pedestrians Involved,Dry,No Unusual Conditions,Dark - Street Light,Violation Driver 1,No Controls Present/Factor,Clear,Hit Object,Related,Fixed Object,Not Applicable,Not Applicable,West Of,TREE,False,False,43636,CORTE DE FLORES,FOXWORTHY AV,37.27262247,-121.8987119
3982,719829,CR-0000103002,0,0,0,0,24-034-0026,False,False,0,2/3/2024 12:26:00 AM,No Pedestrians Involved,Dry,No Unusual Conditions,Unknown,Violation Driver 1,No Controls Present/Factor,Clear,Broadside,Intersection,Parked Vehicle,Not Applicable,Not Applicable,At,,False,False,66483,GLEN ELLEN WY,HICKS AV,37.29204319,-121.9040084
3983,689032,CR-0000094921,0,0,0,0,22-288-0184,True,False,22,10/15/2022 4:57:00 AM,No Pedestrians Involved,Dry,No Unusual Conditions,Dark - Street Light,Violation Driver 1,Controls Functioning,Clear,Hit Object,Related,Fixed Object,Not Applicable,Not Applicable,East Of,STOP SIGN,False,False,105820,SAN ANTONIO ST,SAN ANTONIO CT,37.34753107,-121.8571202
3984,681381,CR-0000090770,0,0,0,0,22-019-0082,False,False,148,1/19/2022 2:12:00 AM,No Pedestrians Involved,Dry,Unknown,Dark - Street Light,Violation Driver 1,Unknown,Clear,Sideswipe,Non-Related,Parked Vehicle,Not Applicable,Not Applicable,South Of,,False,False,105820,SAN ANTONIO ST,SAN ANTONIO CT,37.34753107,-121.8571202
3985,685007,CR-0000093690,1,0,0,0,22-211-0875,False,False,0,7/30/2022 8:31:00 PM,No Pedestrians Involved,Dry,No Unusual Conditions,Dark - Street Light,Violation Driver 1,No Controls Present/Factor,Clear,Sideswipe,Intersection,Other Vehicle,Not Applicable,Not Applicable,At,,True,False,99550,PEACH CT,TWENTY FOURTH ST,37.34234098,-121.8631772
3986,689633,CR-0000095614,3,0,0,0,22-365-0313,False,False,138,12/31/2022 11:18:00 AM,No Pedestrians Involved,Slippery (Muddy Oily etc.),No Unusual Conditions,Daylight,Violation Driver 1,No Controls Present/Factor,Rain,Broadside,Non-Related,Motor Vehicle On Other Roadway,Not Applicable,Not Applicable,South Of,,False,False,99550,PEACH CT,TWENTY FOURTH ST,37.34234098,-121.8631772
3987,691233,CR-0000097457,0,0,0,0,23-045-0865,False,False,30,2/14/2023 10:55:00 PM,No Pedestrians Involved,Dry,No Unusual Conditions,Dark - Street Light,Violation Driver 1,No Controls Present/Factor,Clear,Sideswipe,Related,Parked Vehicle,Not Applicable,Not Applicable,North Of,,True,True,99550,PEACH CT,TWENTY FOURTH ST,37.34234098,-121.8631772
3988,696431,CR-0000099608,0,0,0,0,23-107-0017,False,False,10,4/17/2023 12:44:00 AM,No Pedestrians Involved,Dry,No Unusual Conditions,Dark - Street Light,Violation Driver 1,Controls Functioning,Clear,Sideswipe,Related,Parked Vehicle,Not Applicable,Not Applicable,South Of,,True,True,99550,PEACH CT,TWENTY FOURTH ST,37.34234098,-121.8631772
3989,688916,CR-0000094778,0,0,0,0,22-279-0959,False,False,0,10/6/2022 8:52:00 PM,No Pedestrians Involved,Dry,No Unusual Conditions,Dark - Street Light,Violation Driver 1,Controls Functioning,Clear,Rear End,Intersection,Other Vehicle,Not Applicable,Not Applicable,At,,True,True,90090,MCLAUGHLIN AV,WILLIAM CT/ST,37.34138621,-121.8622627
3990,689433,CR-0000095407,0,0,0,0,22-328-0271,False,False,51,11/24/2022 10:49:00 AM,No Pedestrians Involved,Dry,No Unusual Conditions,Daylight,Violation Driver 1,Controls Functioning,Clear,Sideswipe,Non-Related,Motor Vehicle On Other Roadway,Not Applicable,Not Applicable,South Of,,False,True,90090,MCLAUGHLIN AV,WILLIAM CT/ST,37.34138621,-121.8622627
3991,682403,CR-0000091967,0,1,0,0,22-113-0104,False,False,0,4/23/2022 2:26:00 AM,No Pedestrians Involved,Dry,Unknown,Dark - Street Light,Violation Driver 1,Controls Functioning,Clear,Broadside,Intersection,Other Vehicle,Not Applicable,Not Applicable,At,,False,True,90090,MCLAUGHLIN AV,WILLIAM CT/ST,37.34138621,-121.8622627
3992,692370,CR-0000097652,1,0,0,0,23-065-0559,False,False,51,3/6/2023 3:53:00 PM,No Pedestrians Involved,Dry,No Unusual Conditions,Daylight,Unknown,Controls Functioning,Clear,Broadside,Non-Related,Other Vehicle,Not Applicable,Not Applicable,South Of,,False,False,90090,MCLAUGHLIN AV,WILLIAM CT/ST,37.34138621,-121.8622627
3993,689790,CR-0000095816,1,0,0,0,22-205-0105,False,False,0,7/24/2022 1:21:00 AM,No Pedestrians Involved,Dry,No Unusual Conditions,Dark - Street Light,Violation Driver 1,Controls Functioning,Clear,Head On,Intersection,Motor Vehicle On Other Roadway,Not Applicable,Not Applicable,At,,False,True,90090,MCLAUGHLIN AV,WILLIAM CT/ST,37.34138621,-121.8622627
3994,716294,CR-0000102274,0,1,0,0,24-051-0139,False,False,18,2/20/2024 6:19:00 AM,No Pedestrians Involved,Wet,No Unusual Conditions,Dark - Street Light,Violation Driver 1,Controls Functioning,Rain,Broadside,Related,Other Vehicle,Not Applicable,Not Applicable,East Of,,False,False,90090,MCLAUGHLIN AV,WILLIAM CT/ST,37.34138621,-121.8622627
3995,717477,CR-0000102510,1,0,0,0,24-077-0495,False,False,51,3/17/2024 2:43:00 PM,No Pedestrians Involved,Dry,No Unusual Conditions,Daylight,Violation Driver 1,Controls Functioning,Clear,Sideswipe,Non-Related,Other Vehicle,Not Applicable,Not Applicable,Unknown,,False,False,90090,MCLAUGHLIN AV,WILLIAM CT/ST,37.34138621,-121.8622627
3996,711719,CR-0000101288,0,0,0,0,23-187-4004,False,True,0,7/5/2023 3:20:00 PM,No Pedestrians Involved,Unknown,Unknown,Unknown,Unknown,Unknown,Unknown,Rear End,Intersection,Other Vehicle,Not Applicable,Not Applicable,At,,False,False,90090,MCLAUGHLIN AV,WILLIAM CT/ST,37.34138621,-121.8622627
3997,711562,CR-0000101022,0,0,0,0,23-273-0616,False,False,45,9/30/2023 6:12:00 PM,No Pedestrians Involved,Dry,No Unusual Conditions,Dusk - Dawn,Violation Driver 1,No Controls Present/Factor,Clear,Rear End,Related,Other Vehicle,Not Applicable,Not Applicable,South Of,,True,False,90090,MCLAUGHLIN AV,WILLIAM CT/ST,37.34138621,-121.8622627
3998,712110,CR-0000100992,0,0,0,0,23-248-0695,False,False,20,9/5/2023 4:00:00 PM,No Pedestrians Involved,Dry,No Unusual Conditions,Daylight,Violation Driver 1,Controls Functioning,Clear,Rear End,Related,Other Vehicle,Not Applicable,Not Applicable,South Of,,True,False,90090,MCLAUGHLIN AV,WILLIAM CT/ST,37.34138621,-121.8622627
3999,696004,CR-0000099139,0,0,0,0,23-231-4004,False,True,51,8/13/2023 7:30:00 PM,No Pedestrians Involved,Unknown,Unknown,Unknown,Unknown,Unknown,Unknown,Sideswipe,Non-Related,Parked Vehicle,Not Applicable,Not Applicable,West Of,,False,False,122737,PROSPECT RD,WESTGATE WEST,37.29211124,-121.9949043
4000,689695,CR-0000095677,1,1,0,0,22-354-0858,False,False,0,12/20/2022 8:26:00 PM,No Pedestrians Involved,Dry,No Unusual Conditions,Dark - Street Light,Violation Driver 1,No Controls Present/Factor,Clear,Head On,Intersection,Other Vehicle,Not Applicable,Not Applicable,At,,False,False,99417,PAYNE AV,PHELPS AV,37.3013711,-121.9612139
4001,691382,CR-0000097631,0,1,0,0,23-068-0454,False,False,0,3/9/2023 2:20:00 PM,No Pedestrians Involved,Wet,No Unusual Conditions,Daylight,Violation Driver 1,Controls Functioning,Rain,Broadside,Intersection,Other Vehicle,Not Applicable,Not Applicable,At,,False,False,99417,PAYNE AV,PHELPS AV,37.3013711,-121.9612139
4002,694309,CR-0000098244,0,0,0,1,23-246-0132,False,False,90,9/2/2023 9:00:00 PM,Not In Road,Dry,No Unusual Conditions,Dark - Street Light,Violation Driver 1,No Controls Present/Factor,Clear,Vehicle/Pedestrian,Non-Related,Pedestrian,No Direction (Not Walking),No Direction (Not Walking),South Of,PED,False,False,113255,WALGROVE WY,WINCHESTER BL,37.30643317,-121.9500061
4003,690213,CR-0000096302,0,0,0,0,22-247-4001,False,True,51,9/4/2022 12:00:00 PM,No Pedestrians Involved,Unknown,Unknown,Daylight,Unknown,Unknown,Unknown,Rear End,Non-Related,Other Vehicle,Not Applicable,Not Applicable,North Of,,False,False,113255,WALGROVE WY,WINCHESTER BL,37.30643317,-121.9500061
4004,712230,CR-0000101673,0,0,0,0,23-320-0819,False,False,138,11/16/2023 8:58:00 PM,No Pedestrians Involved,Dry,No Unusual Conditions,Dark - Street Light,Violation Driver 1,No Controls Present/Factor,Cloudy,Rear End,Non-Related,Other Vehicle,Not Applicable,Not Applicable,East Of,,True,True,113255,WALGROVE WY,WINCHESTER BL,37.30643317,-121.9500061
4005,711982,CR-0000101561,0,0,0,0,23-337-0243,True,False,241,12/3/2023 7:48:00 AM,No Pedestrians Involved,Dry,No Unusual Conditions,Daylight,Violation Driver 1,Controls Functioning,Fog,Hit Object,Non-Related,Fixed Object,Not Applicable,Not Applicable,South Of,LIGHTPOLE,False,False,113255,WALGROVE WY,WINCHESTER BL,37.30643317,-121.9500061
4006,690196,CR-0000096289,0,0,0,0,22-257-4000,False,True,51,9/14/2022 4:55:00 AM,No Pedestrians Involved,Unknown,Unknown,Unknown,Unknown,Unknown,Unknown,Other,Non-Related,Other Vehicle,Not Applicable,Not Applicable,East Of,,False,False,112837,VAN SANSUL AV,WINCHESTER BL,37.30839651,-121.9500271
4007,689856,CR-0000095882,0,1,0,0,22-261-0418,False,False,45,9/18/2022 11:59:00 AM,No Pedestrians Involved,Wet,No Unusual Conditions,Daylight,Violation Driver 1,Controls Functioning,Rain,Rear End,Related,Other Vehicle,Not Applicable,Not Applicable,South Of,,False,False,112837,VAN SANSUL AV,WINCHESTER BL,37.30839651,-121.9500271
4008,689622,CR-0000095603,2,0,0,0,22-363-0765,False,False,24,12/29/2022 8:10:00 PM,No Pedestrians Involved,Wet,No Unusual Conditions,Dark - Street Light,Violation Driver 1,Controls Functioning,Cloudy,Rear End,Related,Other Vehicle,Not Applicable,Not Applicable,North Of,,True,True,112837,VAN SANSUL AV,WINCHESTER BL,37.30839651,-121.9500271
4009,715875,CR-0000101811,0,0,0,0,23-134-4004,False,True,,5/13/2023 9:30:00 PM,No Pedestrians Involved,Unknown,Unknown,Unknown,Unknown,Unknown,Unknown,Other,Related,Parked Vehicle,Not Applicable,Not Applicable,Unknown,,False,False,102981,RANKIN AV,SAN PEDRO ST,37.34498817,-121.9002374
4010,684792,CR-0000093388,0,0,0,0,22-156-0073,False,False,0,6/5/2022 1:00:00 AM,No Pedestrians Involved,Wet,Unknown,Dark - Street Light,Violation Driver 1,No Controls Present/Factor,Clear,Rear End,Intersection,Other Vehicle,Not Applicable,Not Applicable,At,,True,True,36453,CHAMPAGNE LN,WHITMAN WY,37.39555803,-121.8427346
4011,685142,CR-0000093812,0,0,0,0,22-234-0195,True,False,220,8/22/2022 7:15:00 AM,No Pedestrians Involved,Dry,Obstruction On Roadway,Daylight,Violation Driver 1,Unknown,Clear,Hit Object,Non-Related,Fixed Object,Not Applicable,Not Applicable,West Of,PEDESTRIAN CROSSING LIGHT POLE,False,True,17621,BERRYESSA RD,SABAL DR,37.39364953,-121.8492614
4012,694304,CR-0000098212,0,1,0,1,23-223-0655,False,False,0,8/11/2023 5:02:00 PM,No Pedestrians Involved,Dry,No Unusual Conditions,Daylight,Violation Driver 1,No Controls Present/Factor,Clear,Head On,Intersection,Other Vehicle,Not Applicable,Not Applicable,At,,False,False,17621,BERRYESSA RD,SABAL DR,37.39364953,-121.8492614
4013,690198,CR-0000096278,0,0,0,0,22-308-4001,False,True,51,11/1/2022 12:00:00 AM,No Pedestrians Involved,Unknown,Unknown,Unknown,Unknown,Unknown,Unknown,Other,Non-Related,Unknown,Not Applicable,Not Applicable,North Of,,False,True,17533,BERRYESSA RD,LENARK DR,37.39438696,-121.8490388
4014,716080,CR-0000102022,0,1,0,0,24-010-0598,True,False,92,1/10/2024 5:09:00 PM,No Pedestrians Involved,Wet,No Unusual Conditions,Dark - Street Light,Violation Driver 1,Controls Functioning,Rain,Hit Object,Non-Related,Fixed Object,Not Applicable,Not Applicable,West Of,TREE,False,False,17533,BERRYESSA RD,LENARK DR,37.39438696,-121.8490388
4015,685390,CR-0000094124,0,0,0,0,22-270-0947,True,False,128,9/27/2022 8:56:00 PM,No Pedestrians Involved,Dry,No Unusual Conditions,Dark - No Street Light,Violation Driver 1,Controls Functioning,Clear,Hit Object,Non-Related,Fixed Object,Not Applicable,Not Applicable,South Of,POLE,True,False,29237,CALPELLA DR,NARVAEZ AV,37.26424545,-121.8549023
4016,685082,CR-0000093753,1,0,0,0,22-218-0431,False,False,0,8/6/2022 12:52:00 PM,No Pedestrians Involved,Dry,No Unusual Conditions,Daylight,Violation Driver 1,Unknown,Clear,Sideswipe,Intersection,Other Vehicle,Not Applicable,Not Applicable,At,,False,False,41480,COLEMAN RD,REDMOND AV,37.23030827,-121.8967478
4017,684803,CR-0000093401,0,0,0,0,22-189-0228,False,False,22,7/8/2022 8:40:00 AM,No Pedestrians Involved,Dry,No Unusual Conditions,Daylight,Violation Driver 1,Controls Functioning,Clear,Broadside,Related,Other Vehicle,Not Applicable,Not Applicable,West Of,,True,False,41480,COLEMAN RD,REDMOND AV,37.23030827,-121.8967478
4018,688915,CR-0000094777,0,0,0,0,22-279-0463,False,False,0,10/6/2022 1:45:00 PM,No Pedestrians Involved,Dry,No Unusual Conditions,Daylight,Violation Driver 1,Controls Functioning,Clear,Rear End,Intersection,Other Vehicle,Not Applicable,Not Applicable,At,,False,True,2562,ALAMEDA,NAGLEE AV/TAYLOR ST,37.33758415,-121.9192726
4019,687609,CR-0000094402,0,1,0,0,22-268-0014,False,False,50,9/25/2022 12:09:00 AM,No Pedestrians Involved,Dry,No Unusual Conditions,Dark - Street Light,Violation Driver 1,Controls Functioning,Clear,Rear End,Related,Parked Vehicle,Not Applicable,Not Applicable,South Of,,False,False,2562,ALAMEDA,NAGLEE AV/TAYLOR ST,37.33758415,-121.9192726
4020,683399,CR-0000092992,0,0,0,0,22-144-9708,False,True,0,5/24/2022 11:25:00 AM,No Pedestrians Involved,Dry,No Unusual Conditions,Daylight,Unknown,Controls Functioning,Clear,Sideswipe,Intersection,Other Vehicle,Not Applicable,Not Applicable,South Of,,False,False,2562,ALAMEDA,NAGLEE AV/TAYLOR ST,37.33758415,-121.9192726
4021,681721,CR-0000091118,2,0,0,0,22-057-0904,False,False,0,2/26/2022 10:33:00 PM,No Pedestrians Involved,Dry,No Unusual Conditions,Dark - Street Light,Violation Driver 1,Controls Functioning,Clear,Rear End,Intersection,Other Vehicle,Not Applicable,Not Applicable,At,,True,False,2562,ALAMEDA,NAGLEE AV/TAYLOR ST,37.33758415,-121.9192726
4022,689556,CR-0000095533,1,0,0,0,22-347-0748,False,False,0,12/13/2022 6:40:00 PM,No Pedestrians Involved,Dry,No Unusual Conditions,Dusk - Dawn,Violation Driver 1,No Controls Present/Factor,Clear,Broadside,Intersection,Other Vehicle,Not Applicable,Not Applicable,At,,False,False,2562,ALAMEDA,NAGLEE AV/TAYLOR ST,37.33758415,-121.9192726
4023,694062,CR-0000098005,1,0,0,0,23-105-0496,False,False,0,4/15/2023 2:28:00 PM,No Pedestrians Involved,Dry,No Unusual Conditions,Daylight,Violation Driver 1,Controls Functioning,Clear,Vehicle/Bike,Intersection,Bike,Not Applicable,Not Applicable,At,BICYCLIST,False,False,2562,ALAMEDA,NAGLEE AV/TAYLOR ST,37.33758415,-121.9192726
4024,691371,CR-0000097620,0,0,0,0,23-061-0896,False,False,190,3/2/2023 9:26:00 PM,No Pedestrians Involved,Dry,No Unusual Conditions,Dark - Street Light,Violation Driver 1,Controls Functioning,Clear,Hit Object,Non-Related,Fixed Object,Not Applicable,Not Applicable,West Of,"""Speed-limit"" Sign",False,True,2562,ALAMEDA,NAGLEE AV/TAYLOR ST,37.33758415,-121.9192726
4025,690916,CR-0000097079,0,0,0,0,23-039-0871,False,False,0,2/8/2023 10:30:00 PM,No Pedestrians Involved,Dry,No Unusual Conditions,Dark - Street Light,Violation Driver 1,Controls Functioning,Clear,Broadside,Intersection,Other Vehicle,Not Applicable,Not Applicable,At,,False,False,2562,ALAMEDA,NAGLEE AV/TAYLOR ST,37.33758415,-121.9192726
4026,689421,CR-0000095343,0,1,0,0,22-330-0416,True,False,0,11/26/2022 2:05:00 PM,No Pedestrians Involved,Dry,No Unusual Conditions,Daylight,Violation Driver 1,No Controls Present/Factor,Clear,Hit Object,Intersection,Fixed Object,Not Applicable,Not Applicable,South Of,Median Fence,False,False,99109,PARKMOOR AV,SINCLAIR FR,37.31710979,-121.918709
4027,711704,CR-0000101346,0,0,0,0,23-252-0930,False,False,32,9/9/2023 10:06:00 PM,No Pedestrians Involved,Dry,No Unusual Conditions,Dark - Street Light,Violation Driver 1,No Controls Present/Factor,Clear,Sideswipe,Related,Parked Vehicle,Not Applicable,Not Applicable,South Of,,False,True,99109,PARKMOOR AV,SINCLAIR FR,37.31710979,-121.918709
4028,690208,CR-0000096298,0,0,0,0,22-263-4000,False,True,51,9/19/2022 10:30:00 PM,No Pedestrians Involved,Unknown,Unknown,Unknown,Unknown,Unknown,Unknown,Other,Non-Related,Parked Vehicle,Not Applicable,Not Applicable,North Of,,False,False,72434,HESTER AV,SAN CARLOS ST,37.32348141,-121.9249363
4029,694394,CR-0000098339,1,0,0,0,23-168-0788,False,False,0,6/17/2023 8:48:00 PM,No Pedestrians Involved,Dry,No Unusual Conditions,Dark - Street Light,Violation Driver 1,No Controls Present/Factor,Clear,Broadside,Intersection,Other Vehicle,Not Applicable,Not Applicable,At,,False,False,90474,MENKER AV,PARKMOOR AV,37.31720424,-121.9216311
4030,722497,CR-0000103808,0,1,0,0,24-108-0543,False,False,0,4/17/2024 3:14:00 PM,No Pedestrians Involved,Dry,Unknown,Daylight,Bike At Fault,No Controls Present/Factor,Clear,Vehicle/Bike,Intersection,Bike,Not Applicable,Not Applicable,At,E. SCOOTER,False,False,90474,MENKER AV,PARKMOOR AV,37.31720424,-121.9216311
4031,682584,CR-0000092151,1,0,0,0,22-138-1063,False,False,0,5/18/2022 10:48:00 PM,No Pedestrians Involved,Dry,No Unusual Conditions,Dark - Street Light,Violation Driver 1,No Controls Present/Factor,Clear,Broadside,Intersection,Other Vehicle,Not Applicable,Not Applicable,At,,False,False,77868,JULIAN ST,WOOSTER AV,37.35274824,-121.868604
4032,699442,CR-0000100787,0,0,0,0,23-204-0635,False,False,55,7/23/2023 2:23:00 PM,No Pedestrians Involved,Dry,No Unusual Conditions,Daylight,Violation Driver 1,No Controls Present/Factor,Clear,Sideswipe,Non-Related,Parked Vehicle,Not Applicable,Not Applicable,South Of,,True,True,112298,TRIPP AV,TWENTY SIXTH ST,37.35305229,-121.8712096
4033,682814,CR-0000092407,0,0,0,0,22-135-0555,False,False,56,5/15/2022 4:25:00 PM,No Pedestrians Involved,Dry,No Unusual Conditions,Daylight,Violation Driver 1,No Controls Present/Factor,Clear,Broadside,Non-Related,Other Vehicle,Not Applicable,Not Applicable,East Of,,False,True,77846,JULIAN ST,TWENTY SIXTH ST,37.35192066,-121.8698722
4034,681861,CR-0000091342,0,0,0,0,22-066-0727,False,False,0,3/7/2022 4:00:00 PM,No Pedestrians Involved,Dry,No Unusual Conditions,Daylight,Violation Driver 1,No Controls Present/Factor,Clear,Rear End,Intersection,Other Vehicle,Not Applicable,Not Applicable,At,,False,False,77846,JULIAN ST,TWENTY SIXTH ST,37.35192066,-121.8698722