_id,CrashFactId,Name,MinorInjuries,ModerateInjuries,SevereInjuries,FatalInjuries,TcrNumber,CityDamageFlag,ShortFormFlag,Distance,CrashDateTime,PedestrianAction,RoadwaySurface,RoadwayCondition,Lighting,PrimaryCollisionFactor,TrafficControl,Weather,CollisionType,ProximityToIntersection,VehicleInvolvedWith,PedestrianDirectionFrom,PedestrianDirectionTo,DirectionFromIntersection,Comment,SpeedingFlag,HitAndRunFlag,IntersectionNumber,AStreetName,BStreetName,Latitude,Longitude
4186,690035,CR-0000096104,0,0,0,0,22-018-4002,False,True,0,1/18/2022 12:45:00 PM,No Pedestrians Involved,Unknown,Unknown,Unknown,Unknown,Unknown,Unknown,Broadside,Intersection,Other Vehicle,Not Applicable,Not Applicable,At,,False,False,55769,ELEVENTH ST,MARGARET ST,37.33061977,-121.8721095
4187,681839,CR-0000091248,0,0,0,0,22-090-0968,True,False,205,3/31/2022 9:10:00 PM,No Pedestrians Involved,Dry,Other,Dark - Street Light,Violation Driver 1,No Controls Present/Factor,Clear,Hit Object,Non-Related,Fixed Object,Not Applicable,Not Applicable,North Of,CENTER MEDIAN,False,False,55769,ELEVENTH ST,MARGARET ST,37.33061977,-121.8721095
4188,690288,CR-0000096380,0,0,0,0,22-309-4006,False,False,51,11/5/2022 7:30:00 PM,No Pedestrians Involved,Unknown,Unknown,Unknown,Unknown,Unknown,Unknown,Sideswipe,Non-Related,Parked Vehicle,Not Applicable,Not Applicable,South Of,,False,True,55769,ELEVENTH ST,MARGARET ST,37.33061977,-121.8721095
4189,692452,CR-0000097739,0,1,0,0,23-084-0380,False,False,0,3/25/2023 1:35:00 PM,No Pedestrians Involved,Dry,No Unusual Conditions,Daylight,Violation Driver 1,No Controls Present/Factor,Clear,Broadside,Intersection,Other Vehicle,Not Applicable,Not Applicable,At,,False,False,55769,ELEVENTH ST,MARGARET ST,37.33061977,-121.8721095
4190,716336,CR-0000102263,0,1,0,0,24-053-0097,True,False,0,2/22/2024 3:44:00 AM,No Pedestrians Involved,Dry,No Unusual Conditions,Dark - Street Light,Violation Driver 1,No Controls Present/Factor,Clear,Hit Object,Intersection,Fixed Object,Not Applicable,Not Applicable,At,"Metal Pole, Curb, Tree",False,False,55769,ELEVENTH ST,MARGARET ST,37.33061977,-121.8721095
4191,683385,CR-0000092978,1,0,0,0,22-074-0172,False,False,0,3/15/2022 7:50:00 AM,No Pedestrians Involved,Slippery (Muddy Oily etc.),No Unusual Conditions,Daylight,Violation Driver 1,Controls Functioning,Clear,Broadside,Intersection,Other Vehicle,Not Applicable,Not Applicable,At,,False,False,10284,AUTUMN ST,JULIAN ST,37.3358077,-121.9022401
4192,722334,CR-0000103628,0,0,0,0,24-096-9709,False,True,0,3/30/2024 11:50:00 PM,No Pedestrians Involved,Wet,No Unusual Conditions,Dark - Street Light,Unknown,Controls Functioning,Clear,Rear End,Intersection,Other Vehicle,Not Applicable,Not Applicable,At,,False,False,10284,AUTUMN ST,JULIAN ST,37.3358077,-121.9022401
4193,682189,CR-0000091748,1,0,0,0,22-117-0275,False,False,46,5/27/2022 9:56:00 AM,No Pedestrians Involved,Dry,No Unusual Conditions,Daylight,Bike At Fault,Controls Functioning,Clear,Vehicle/Bike,Related,Bike,Not Applicable,Not Applicable,South Of,BIKE,False,False,87746,MARGARET ST,SEVENTH ST,37.32862372,-121.8763117
4194,712091,CR-0000101222,0,0,0,0,23-328-4005,False,True,,11/23/2023 3:55:00 AM,No Pedestrians Involved,Unknown,Unknown,Unknown,Unknown,Unknown,Unknown,Other,Related,Unknown,Not Applicable,Not Applicable,Unknown,,False,False,87746,MARGARET ST,SEVENTH ST,37.32862372,-121.8763117
4195,683090,CR-0000092663,0,0,0,0,22-151-1041,True,False,0,5/31/2022 9:50:00 PM,No Pedestrians Involved,Dry,No Unusual Conditions,Dark - Street Light,Violation Driver 1,Controls Functioning,Clear,Hit Object,Intersection,Fixed Object,Not Applicable,Not Applicable,At,SIGNAL LIGHT,True,False,103421,REED ST,SEVENTH ST,37.33011424,-121.8774255
4196,681212,CR-0000090597,0,0,0,0,22-012-9703,False,True,0,1/3/2022 10:34:00 AM,No Pedestrians Involved,Dry,No Unusual Conditions,Daylight,Violation Driver 1,Controls Functioning,Cloudy,Head On,Intersection,Other Vehicle,Not Applicable,North,At,,False,False,103421,REED ST,SEVENTH ST,37.33011424,-121.8774255
4197,687425,CR-0000094204,2,0,0,0,22-250-0622,False,False,0,9/7/2022 2:41:00 PM,No Pedestrians Involved,Dry,No Unusual Conditions,Daylight,Violation Driver 1,Controls Functioning,Clear,Broadside,Intersection,Other Vehicle,Not Applicable,Not Applicable,At,,False,False,103421,REED ST,SEVENTH ST,37.33011424,-121.8774255
4198,689974,CR-0000096034,1,0,0,0,22-237-0234,False,False,0,8/25/2022 7:30:00 AM,No Pedestrians Involved,Dry,No Unusual Conditions,Daylight,Violation Driver 1,Controls Functioning,Clear,Vehicle/Bike,Intersection,Scooter Motorized,Not Applicable,Not Applicable,At,PED (SCOOTER),False,True,103421,REED ST,SEVENTH ST,37.33011424,-121.8774255
4199,696214,CR-0000099359,2,0,0,0,23-102-0149,False,False,16,4/12/2023 6:15:00 AM,No Pedestrians Involved,Dry,No Unusual Conditions,Daylight,Unknown,Controls Functioning,Clear,Broadside,Related,Other Vehicle,Not Applicable,Not Applicable,East Of,,False,False,103421,REED ST,SEVENTH ST,37.33011424,-121.8774255
4200,696168,CR-0000099311,0,0,0,0,23-094-1028,False,False,36,4/4/2023 11:00:00 PM,No Pedestrians Involved,Dry,No Unusual Conditions,Dark - Street Light,Violation Driver 1,Controls Functioning,Clear,Rear End,Related,Other Vehicle,Not Applicable,Not Applicable,South Of,,True,True,103421,REED ST,SEVENTH ST,37.33011424,-121.8774255
4201,721949,CR-0000103203,0,0,0,0,24-032-0170,True,False,0,2/1/2024 7:53:00 AM,No Pedestrians Involved,Wet,No Unusual Conditions,Daylight,Violation Driver 1,Controls Functioning,Cloudy,Hit Object,Intersection,Fixed Object,Not Applicable,Not Applicable,At,TRAFFIC LIGHT,False,False,103421,REED ST,SEVENTH ST,37.33011424,-121.8774255
4202,718494,CR-0000102600,1,0,0,0,24-066-0254,False,False,18,3/6/2024 8:52:00 AM,No Pedestrians Involved,Wet,No Unusual Conditions,Daylight,Violation Driver 1,Controls Functioning,Cloudy,Rear End,Related,Other Vehicle,Not Applicable,Not Applicable,West Of,,True,False,103421,REED ST,SEVENTH ST,37.33011424,-121.8774255
4203,722037,CR-0000103291,0,0,0,0,24-064-4004,False,True,51,2/28/2024 4:40:00 PM,No Pedestrians Involved,Unknown,Unknown,Unknown,Unknown,Unknown,Unknown,Sideswipe,Non-Related,Parked Vehicle,Not Applicable,Not Applicable,North Of,,False,False,103421,REED ST,SEVENTH ST,37.33011424,-121.8774255
4204,696467,CR-0000099644,1,0,0,0,23-319-0643,False,False,30,11/15/2023 5:26:00 PM,Crossing - Not In Crosswalk,Wet,No Unusual Conditions,Dark - Street Light,Violation Driver 1,Controls Functioning,Rain,Vehicle/Pedestrian,Related,Pedestrian,North,South,East Of,PEDESTRIAN,False,False,54878,EIGHTH ST,REED ST,37.33061196,-121.8763757
4205,690671,CR-0000096805,0,0,0,0,23-019-0028,False,False,0,1/19/2023 12:35:00 AM,No Pedestrians Involved,Wet,No Unusual Conditions,Dark - Street Light,Violation Driver 1,Controls Functioning,Rain,Sideswipe,Intersection,Parked Vehicle,Not Applicable,Not Applicable,At,,False,False,54878,EIGHTH ST,REED ST,37.33061196,-121.8763757
4206,718492,CR-0000102598,1,1,0,0,24-074-0245,False,False,0,3/14/2024 9:44:00 AM,No Pedestrians Involved,Dry,No Unusual Conditions,Daylight,Violation Driver 1,Controls Functioning,Clear,Broadside,Intersection,Other Vehicle,Not Applicable,Not Applicable,At,,False,False,54878,EIGHTH ST,REED ST,37.33061196,-121.8763757
4207,688705,CR-0000094530,0,0,0,0,22-206-4001,False,True,51,7/24/2022 8:30:00 AM,No Pedestrians Involved,Unknown,Unknown,Daylight,Unknown,Unknown,Unknown,Other,Non-Related,Unknown,Not Applicable,Not Applicable,North Of,,False,True,3871,ALLEN AV,STEINBECK DR,37.24711975,-121.8555614
4208,696450,CR-0000099627,0,0,0,0,23-110-0486,False,False,432,4/20/2023 3:21:00 PM,No Pedestrians Involved,Dry,No Unusual Conditions,Daylight,Violation Driver 1,No Controls Present/Factor,Clear,Rear End,Non-Related,Parked Vehicle,Not Applicable,Not Applicable,North Of,,False,False,3871,ALLEN AV,STEINBECK DR,37.24711975,-121.8555614
4209,711569,CR-0000100986,0,0,0,0,23-259-0233,False,False,66,9/16/2023 8:26:00 AM,No Pedestrians Involved,Dry,No Unusual Conditions,Dark - Street Light,Violation Driver 1,No Controls Present/Factor,Clear,Head On,Non-Related,Parked Vehicle,Not Applicable,Not Applicable,North Of,,False,True,3871,ALLEN AV,STEINBECK DR,37.24711975,-121.8555614
4210,689134,CR-0000094996,0,0,0,0,22-314-0771,False,False,0,11/10/2022 6:11:00 PM,No Pedestrians Involved,Dry,No Unusual Conditions,Daylight,Violation Driver 1,Unknown,Clear,Broadside,Intersection,Other Vehicle,Not Applicable,Not Applicable,At,Connected with 22-314-0785,False,True,15180,BAYWOOD AV,FOREST AV,37.32696573,-121.9451688
4211,690571,CR-0000096692,1,0,0,0,23-023-0514,False,False,0,1/23/2023 1:03:00 PM,No Pedestrians Involved,Dry,No Unusual Conditions,Daylight,Unknown,Controls Functioning,Clear,Vehicle/Bike,Intersection,Bike,Not Applicable,Not Applicable,At,BIKE,False,False,108305,SEVENTEENTH ST,ST JAMES ST,37.34678723,-121.8765685
4212,722211,CR-0000103477,0,0,0,0,24-080-0223,False,False,170,3/20/2024 8:07:00 AM,No Pedestrians Involved,Dry,No Unusual Conditions,Daylight,Violation Driver 1,No Controls Present/Factor,Clear,Sideswipe,Non-Related,Parked Vehicle,Not Applicable,Not Applicable,North Of,,False,True,108305,SEVENTEENTH ST,ST JAMES ST,37.34678723,-121.8765685
4213,720841,CR-0000103044,0,0,0,0,24-051-4002,False,True,0,2/11/2024 12:00:00 PM,No Pedestrians Involved,Unknown,Reduced Roadway Width,Unknown,Unknown,Unknown,Unknown,Broadside,Intersection,Other Vehicle,Not Applicable,Not Applicable,At,,False,False,109394,SIXTEENTH ST,ST JAMES ST,37.34634301,-121.8775023
4214,688823,CR-0000094678,0,0,0,0,22-290-0037,False,False,0,10/17/2022 12:43:00 AM,No Pedestrians Involved,Dry,No Unusual Conditions,Dark - Street Light,Violation Driver 1,No Controls Present/Factor,Clear,Head On,Intersection,Other Vehicle,Not Applicable,Not Applicable,At,,False,False,95600,NEWPORT AV,PINE AV (W),37.29674175,-121.8973473
4215,682069,CR-0000091562,1,0,0,0,22-065-0035,False,False,0,3/6/2022 12:20:00 AM,No Pedestrians Involved,Dry,No Unusual Conditions,Dark - Street Light,Violation Driver 1,Controls Functioning,Clear,Broadside,Intersection,Other Vehicle,Not Applicable,Not Applicable,At,,False,False,95600,NEWPORT AV,PINE AV (W),37.29674175,-121.8973473
4216,712003,CR-0000100883,1,0,0,0,23-306-0784,False,False,0,11/2/2023 4:42:00 PM,Crossing In Crosswalk - At Intersection,Dry,No Unusual Conditions,Dusk - Dawn,Violation Driver 1,No Controls Present/Factor,Clear,Vehicle/Pedestrian,Intersection,Pedestrian,South,North,At,PEDESTRIAN,False,False,95600,NEWPORT AV,PINE AV (W),37.29674175,-121.8973473
4217,690987,CR-0000097158,1,0,0,0,23-033-0005,False,False,122,2/2/2023 12:05:00 AM,No Pedestrians Involved,Dry,No Unusual Conditions,Dark - Street Light,Violation Driver 1,Unknown,Clear,Rear End,Non-Related,Parked Vehicle,Not Applicable,Not Applicable,West Of,,False,False,65768,GERONIMO DR,SANTA TERESA BL,37.23682424,-121.8363885
4218,691118,CR-0000097314,0,0,1,0,23-045-0770,False,False,35,2/14/2023 8:26:00 PM,Crossing - Not In Crosswalk,Dry,No Unusual Conditions,Dark - Street Light,Pedestrian At Fault,No Controls Present/Factor,Clear,Vehicle/Pedestrian,Related,Pedestrian,East,West,South Of,PED,False,False,26564,BUCKEYE DR,SENTER RD,37.28736768,-121.8274872
4219,694440,CR-0000098405,1,0,0,0,22-090-0165,False,False,0,8/31/2022 6:51:00 AM,No Pedestrians Involved,Dry,No Unusual Conditions,Daylight,Violation Driver 1,No Controls Present/Factor,Clear,Vehicle/Bike,Intersection,Bike,Not Applicable,Not Applicable,At,BIKE,False,False,26564,BUCKEYE DR,SENTER RD,37.28736768,-121.8274872
4220,694709,CR-0000098749,2,0,0,0,23-238-0388,False,False,51,8/26/2023 12:00:00 PM,No Pedestrians Involved,Dry,No Unusual Conditions,Daylight,Violation Driver 1,No Controls Present/Factor,Clear,Rear End,Non-Related,Other Vehicle,Not Applicable,Not Applicable,South Of,,True,False,26564,BUCKEYE DR,SENTER RD,37.28736768,-121.8274872
4221,711973,CR-0000101040,0,0,0,0,23-267-0832,False,False,,9/24/2023 11:05:00 PM,No Pedestrians Involved,Dry,No Unusual Conditions,Dark - Street Light,Violation Driver 1,No Controls Present/Factor,Clear,Sideswipe,Related,Parked Vehicle,Not Applicable,Not Applicable,South Of,,True,False,66274,GIUSTI DR,SNOW DR,37.26867341,-121.803471
4222,681924,CR-0000091418,2,0,0,0,22-049-0392,False,False,0,2/18/2022 11:53:00 AM,No Pedestrians Involved,Dry,No Unusual Conditions,Daylight,Violation Driver 1,Controls Functioning,Clear,Head On,Intersection,Other Vehicle,Not Applicable,Not Applicable,At,,False,False,52546,DRY CREEK RD,LEIGH AV,37.28262718,-121.9224551
4223,694774,CR-0000098811,7,0,0,0,23-217-0467,False,False,0,8/5/2023 1:27:00 PM,No Pedestrians Involved,Dry,No Unusual Conditions,Daylight,Violation Driver 1,No Controls Present/Factor,Clear,Broadside,Intersection,Other Vehicle,Not Applicable,Not Applicable,At,,False,False,74601,HUMBOLDT ST,SEVENTH ST,37.32131354,-121.8708771
4224,682923,CR-0000092504,0,1,0,0,22-180-0869,False,False,0,6/29/2022 8:46:00 PM,No Pedestrians Involved,Dry,No Unusual Conditions,Dusk - Dawn,Unknown,Controls Functioning,Clear,Broadside,Intersection,Motorcycle,Not Applicable,Not Applicable,At,,False,False,60565,FIRST ST,SAN CARLOS ST,37.33150229,-121.8871022
4225,682376,CR-0000091939,0,0,0,0,22-105-0021,True,False,0,4/15/2022 12:30:00 AM,No Pedestrians Involved,Dry,No Unusual Conditions,Dark - Street Light,Unknown,Controls Functioning,Clear,Hit Object,Intersection,Other Object,Not Applicable,Not Applicable,At,Traffic Signal,False,True,60565,FIRST ST,SAN CARLOS ST,37.33150229,-121.8871022
4226,689179,CR-0000095047,0,0,0,0,22-322-0760,True,False,51,11/18/2022 7:00:00 PM,No Pedestrians Involved,Dry,No Unusual Conditions,Daylight,Violation Driver 1,Controls Functioning,Clear,Sideswipe,Non-Related,Other Vehicle,Not Applicable,Not Applicable,North Of,EMERGENCY VEHICLE,False,False,60565,FIRST ST,SAN CARLOS ST,37.33150229,-121.8871022
4227,685371,CR-0000094097,0,0,0,0,22-230-0504,False,False,100,8/18/2022 1:15:00 PM,No Pedestrians Involved,Dry,No Unusual Conditions,Daylight,Violation Driver 1,No Controls Present/Factor,Clear,Rear End,Non-Related,Parked Vehicle,Not Applicable,Not Applicable,East Of,,True,True,107117,SANTA CLARA ST,THIRD ST,37.337173,-121.8884635
4228,685125,CR-0000093798,0,0,0,0,22-231-1009,False,False,0,8/19/2022 10:38:00 PM,No Pedestrians Involved,Dry,No Unusual Conditions,Dark - Street Light,Violation Driver 1,Controls Functioning,Clear,Sideswipe,Intersection,Other Vehicle,Not Applicable,Not Applicable,At,,True,True,107117,SANTA CLARA ST,THIRD ST,37.337173,-121.8884635
4229,685126,CR-0000093799,1,0,0,0,22-231-1076,False,False,0,8/19/2022 11:43:00 PM,No Pedestrians Involved,Dry,No Unusual Conditions,Dark - No Street Light,Violation Driver 1,Controls Functioning,Clear,Broadside,Intersection,Other Vehicle,Not Applicable,Not Applicable,At,,False,True,107117,SANTA CLARA ST,THIRD ST,37.337173,-121.8884635
4230,682414,CR-0000091977,1,0,0,0,22-107-0422,False,False,0,4/17/2022 1:27:00 PM,No Pedestrians Involved,Dry,No Unusual Conditions,Daylight,Violation Driver 1,Controls Functioning,Clear,Rear End,Intersection,Other Vehicle,Not Applicable,Not Applicable,At,,True,True,107117,SANTA CLARA ST,THIRD ST,37.337173,-121.8884635
4231,682421,CR-0000091984,1,0,0,0,22-116-0110,False,False,0,4/26/2022 6:45:00 AM,No Pedestrians Involved,Dry,No Unusual Conditions,Daylight,Violation Driver 1,Controls Functioning,Clear,Broadside,Intersection,Other Vehicle,Not Applicable,Not Applicable,At,,False,False,107117,SANTA CLARA ST,THIRD ST,37.337173,-121.8884635
4232,682909,CR-0000092468,1,0,0,0,22-061-9709,False,True,0,2/20/2022 11:38:00 AM,Crossing In Crosswalk - At Intersection,Dry,No Unusual Conditions,Daylight,Unknown,Controls Functioning,Unknown,Vehicle/Pedestrian,Intersection,Pedestrian,South,North,At,PED,False,False,107117,SANTA CLARA ST,THIRD ST,37.337173,-121.8884635
4233,681496,CR-0000090886,0,0,0,0,22-035-0563,False,False,0,2/4/2022 3:06:00 PM,No Pedestrians Involved,Dry,Unknown,Daylight,Violation Driver 1,Controls Functioning,Clear,Head On,Intersection,Motor Vehicle On Other Roadway,Not Applicable,Not Applicable,At,,True,False,107117,SANTA CLARA ST,THIRD ST,37.337173,-121.8884635
4234,681786,CR-0000091186,0,0,0,0,22-059-9708,False,True,51,2/8/2022 3:20:00 PM,No Pedestrians Involved,Dry,No Unusual Conditions,Daylight,Unknown,Unknown,Clear,Sideswipe,Non-Related,Parked Vehicle,Not Applicable,Not Applicable,East Of,,False,False,107117,SANTA CLARA ST,THIRD ST,37.337173,-121.8884635
4235,694767,CR-0000098804,1,0,0,0,23-230-9709,False,True,0,8/12/2023 1:34:00 AM,No Pedestrians Involved,Dry,No Unusual Conditions,Dark - Street Light,Violation Driver 1,Controls Functioning,Clear,Vehicle/Bike,Intersection,Scooter Motorized,Not Applicable,Not Applicable,At,E.SCOOTER,False,False,107117,SANTA CLARA ST,THIRD ST,37.337173,-121.8884635
4236,696180,CR-0000099324,0,0,0,0,23-128-9701,False,True,51,5/5/2023 8:08:00 PM,No Pedestrians Involved,Dry,Other,Dark - Street Light,Unknown,Controls Functioning,Unknown,Rear End,Non-Related,Parked Vehicle,Not Applicable,Not Applicable,South Of,,False,False,107117,SANTA CLARA ST,THIRD ST,37.337173,-121.8884635
4237,699157,CR-0000100475,0,0,0,0,23-164-0102,False,False,149,6/13/2023 3:02:00 AM,No Pedestrians Involved,Dry,No Unusual Conditions,Dark - Street Light,Violation Driver 1,Unknown,Clear,Rear End,Non-Related,Parked Vehicle,Not Applicable,Not Applicable,East Of,,True,True,107117,SANTA CLARA ST,THIRD ST,37.337173,-121.8884635
4238,690236,CR-0000096326,0,0,0,0,22-256-9707,False,True,51,9/12/2022 6:00:00 PM,No Pedestrians Involved,Dry,No Unusual Conditions,Daylight,Unknown,No Controls Present/Factor,Clear,Rear End,Non-Related,Parked Vehicle,Not Applicable,Not Applicable,Unknown,,False,False,107117,SANTA CLARA ST,THIRD ST,37.337173,-121.8884635
4239,711780,CR-0000100840,0,0,0,0,23-205-4006,False,True,0,7/23/2023 3:05:00 PM,No Pedestrians Involved,Unknown,Unknown,Unknown,Violation Driver 1,Unknown,Unknown,Broadside,Intersection,Other Vehicle,Not Applicable,Not Applicable,At,,False,True,107117,SANTA CLARA ST,THIRD ST,37.337173,-121.8884635
4240,711786,CR-0000101544,0,0,0,0,23-337-0461,False,False,55,12/3/2023 1:07:00 PM,No Pedestrians Involved,Dry,No Unusual Conditions,Daylight,Violation Driver 1,Controls Functioning,Clear,Rear End,Non-Related,Parked Vehicle,Not Applicable,Not Applicable,South Of,,False,True,107117,SANTA CLARA ST,THIRD ST,37.337173,-121.8884635
4241,711699,CR-0000101208,0,0,0,0,23-330-4000,False,True,51,11/26/2023 12:05:00 AM,No Pedestrians Involved,Unknown,Unknown,Unknown,Unknown,Unknown,Unknown,Broadside,Non-Related,Other Vehicle,Not Applicable,Not Applicable,East Of,,False,False,107117,SANTA CLARA ST,THIRD ST,37.337173,-121.8884635
4242,711618,CR-0000101115,0,0,0,0,23-305-9707,False,True,51,10/31/2023 11:13:00 AM,No Pedestrians Involved,Dry,No Unusual Conditions,Daylight,Unknown,Controls Functioning,Clear,Rear End,Non-Related,Other Vehicle,Not Applicable,Not Applicable,East Of,,False,False,107117,SANTA CLARA ST,THIRD ST,37.337173,-121.8884635
4243,720862,CR-0000103065,0,0,0,0,24-045-4007,False,True,51,2/13/2024 12:00:00 PM,No Pedestrians Involved,Unknown,Unknown,Daylight,Unknown,Unknown,Unknown,Rear End,Non-Related,Other Vehicle,Not Applicable,Not Applicable,South Of,,False,False,107117,SANTA CLARA ST,THIRD ST,37.337173,-121.8884635
4244,716282,CR-0000102247,0,1,0,0,24-053-0051,False,False,120,2/22/2024 1:51:00 AM,No Pedestrians Involved,Dry,No Unusual Conditions,Dark - Street Light,Violation Driver 1,No Controls Present/Factor,Clear,Rear End,Non-Related,Parked Vehicle,Not Applicable,Not Applicable,East Of,,False,False,107117,SANTA CLARA ST,THIRD ST,37.337173,-121.8884635
4245,722198,CR-0000103464,0,0,0,0,24-078-0049,False,False,193,3/18/2024 1:38:00 AM,No Pedestrians Involved,Dry,No Unusual Conditions,Dark - Street Light,Violation Driver 1,Controls Functioning,Clear,Head On,Non-Related,Parked Vehicle,Not Applicable,Not Applicable,South Of,,False,False,107117,SANTA CLARA ST,THIRD ST,37.337173,-121.8884635
4246,682304,CR-0000091867,1,0,0,0,22-096-0564,False,False,0,4/6/2022 2:10:00 PM,Not In Road,Dry,No Unusual Conditions,Daylight,Violation Driver 1,No Controls Present/Factor,Clear,Vehicle/Pedestrian,Intersection,Pedestrian,West,East,At,PEDESTRIAN (SCOOTER),False,False,63007,FOURTH ST,SANTA CLARA ST,37.33766995,-121.8874011
4247,682555,CR-0000092122,0,1,0,0,22-131-0560,False,False,310,5/11/2022 3:10:00 PM,No Pedestrians Involved,Dry,No Unusual Conditions,Daylight,Violation Driver 1,Controls Functioning,Clear,Broadside,Non-Related,Other Vehicle,Not Applicable,Not Applicable,South Of,,False,False,63007,FOURTH ST,SANTA CLARA ST,37.33766995,-121.8874011
4248,685134,CR-0000093807,1,0,0,0,22-235-0948,False,False,180,8/23/2022 7:13:00 PM,Not In Road,Dry,No Unusual Conditions,Daylight,Pedestrian At Fault,No Controls Present/Factor,Clear,Vehicle/Pedestrian,Non-Related,Pedestrian,North,South,South Of,PED/SCOOTER,True,False,63007,FOURTH ST,SANTA CLARA ST,37.33766995,-121.8874011
4249,685058,CR-0000093719,1,0,0,0,22-241-0234,False,False,0,8/29/2022 8:14:00 AM,No Pedestrians Involved,Dry,No Unusual Conditions,Daylight,Violation Driver 1,Controls Functioning,Clear,Head On,Intersection,Other Vehicle,Not Applicable,Not Applicable,At,,False,False,63007,FOURTH ST,SANTA CLARA ST,37.33766995,-121.8874011
4250,685065,CR-0000093729,0,0,0,0,22-243-0320,False,False,81,8/30/2022 10:40:00 AM,No Pedestrians Involved,Dry,No Unusual Conditions,Daylight,Violation Driver 1,Controls Functioning,Clear,Rear End,Non-Related,Other Vehicle,Not Applicable,Not Applicable,East Of,EMERGENCY VEHICLE INVOLVED,True,False,63007,FOURTH ST,SANTA CLARA ST,37.33766995,-121.8874011
4251,685274,CR-0000093954,1,0,0,0,22-247-0789,False,False,0,9/4/2022 8:21:00 PM,Crossing In Crosswalk - At Intersection,Dry,No Unusual Conditions,Dark - Street Light,Bike At Fault,Controls Functioning,Clear,Vehicle/Bike,Intersection,Bike,East,West,At,BIKE,False,False,63007,FOURTH ST,SANTA CLARA ST,37.33766995,-121.8874011
4252,684843,CR-0000093504,0,0,0,0,22-197-0129,False,False,54,7/16/2022 1:54:00 AM,No Pedestrians Involved,Dry,No Unusual Conditions,Dark - Street Light,Violation Driver 1,Controls Functioning,Clear,Rear End,Non-Related,Other Vehicle,Not Applicable,Not Applicable,West Of,,True,False,63007,FOURTH ST,SANTA CLARA ST,37.33766995,-121.8874011
4253,689145,CR-0000094988,0,0,0,0,22-310-0111,False,False,51,11/6/2022 1:42:00 AM,No Pedestrians Involved,Dry,No Unusual Conditions,Dark - Street Light,Violation Driver 1,Controls Functioning,Clear,Rear End,Non-Related,Parked Vehicle,Not Applicable,Not Applicable,South Of,,True,True,63007,FOURTH ST,SANTA CLARA ST,37.33766995,-121.8874011
4254,688701,CR-0000094526,0,0,0,0,22-203-4001,False,True,0,7/15/2022 12:20:00 PM,No Pedestrians Involved,Unknown,Unknown,Daylight,Unknown,Unknown,Unknown,Rear End,Intersection,Other Vehicle,Not Applicable,Not Applicable,At,,False,True,63007,FOURTH ST,SANTA CLARA ST,37.33766995,-121.8874011
4255,689597,CR-0000095574,1,0,0,0,22-319-0687,False,False,60,11/15/2022 5:15:00 PM,Not In Road,Dry,No Unusual Conditions,Dusk - Dawn,Violation Driver 1,No Controls Present/Factor,Clear,Vehicle/Pedestrian,Non-Related,Pedestrian,Unknown,Unknown,West Of,PEDESTRIAN,False,False,63007,FOURTH ST,SANTA CLARA ST,37.33766995,-121.8874011
4256,689986,CR-0000096050,0,0,1,0,22-274-0910,True,False,0,10/1/2022 8:42:00 PM,No Pedestrians Involved,Unknown,No Unusual Conditions,Dark - Street Light,Other Than Driver,Controls Functioning,Clear,Hit Object,Intersection,Fixed Object,Not Applicable,Not Applicable,At,,False,False,63007,FOURTH ST,SANTA CLARA ST,37.33766995,-121.8874011
4257,689888,CR-0000095915,0,0,0,0,22-346-9706,False,True,51,12/5/2022 12:40:00 PM,No Pedestrians Involved,Wet,No Unusual Conditions,Daylight,Unknown,Controls Functioning,Rain,Sideswipe,Non-Related,Other Vehicle,Not Applicable,Not Applicable,North Of,,False,False,63007,FOURTH ST,SANTA CLARA ST,37.33766995,-121.8874011
4258,694147,CR-0000098043,0,1,0,0,23-110-0618,False,False,243,4/20/2023 4:21:00 PM,Not In Road,Dry,No Unusual Conditions,Daylight,Pedestrian At Fault,No Controls Present/Factor,Clear,Vehicle/Pedestrian,Non-Related,Scooter Non-Motorized,North,South,North Of,PEDESTRIAN(SCOOTER),False,False,63007,FOURTH ST,SANTA CLARA ST,37.33766995,-121.8874011
4259,698923,CR-0000100225,2,0,0,0,23-329-0334,False,False,0,11/25/2023 11:14:00 AM,No Pedestrians Involved,Dry,No Unusual Conditions,Daylight,Violation Driver 1,Controls Functioning,Clear,Rear End,Intersection,Other Vehicle,Not Applicable,Not Applicable,At,,False,False,63007,FOURTH ST,SANTA CLARA ST,37.33766995,-121.8874011
4260,698891,CR-0000100189,0,0,1,0,23-309-0092,False,False,30,11/5/2023 1:20:00 AM,In Road - Includes Shoulder,Dry,No Unusual Conditions,Daylight,Violation Driver 1,Controls Functioning,Clear,Vehicle/Pedestrian,Related,Pedestrian,North,South,South Of,PED,False,True,63007,FOURTH ST,SANTA CLARA ST,37.33766995,-121.8874011
4261,696263,CR-0000099410,0,0,0,0,23-101-0544,False,False,0,4/11/2023 4:20:00 PM,No Pedestrians Involved,Dry,No Unusual Conditions,Daylight,Violation Driver 1,Controls Functioning,Clear,Sideswipe,Intersection,Other Vehicle,Not Applicable,Not Applicable,At,,False,False,63007,FOURTH ST,SANTA CLARA ST,37.33766995,-121.8874011