_id,CrashFactId,Name,MinorInjuries,ModerateInjuries,SevereInjuries,FatalInjuries,TcrNumber,CityDamageFlag,ShortFormFlag,Distance,CrashDateTime,PedestrianAction,RoadwaySurface,RoadwayCondition,Lighting,PrimaryCollisionFactor,TrafficControl,Weather,CollisionType,ProximityToIntersection,VehicleInvolvedWith,PedestrianDirectionFrom,PedestrianDirectionTo,DirectionFromIntersection,Comment,SpeedingFlag,HitAndRunFlag,IntersectionNumber,AStreetName,BStreetName,Latitude,Longitude
4262,694783,CR-0000098820,0,0,1,0,23-215-0363,False,False,114,8/3/2023 11:37:00 AM,Crossing - Not In Crosswalk,Dry,Unknown,Daylight,Pedestrian At Fault,Controls Functioning,Clear,Vehicle/Pedestrian,Non-Related,Pedestrian,South,North,West Of,PED,False,False,63007,FOURTH ST,SANTA CLARA ST,37.33766995,-121.8874011
4263,711759,CR-0000101558,0,0,0,0,23-355-0041,False,False,52,12/21/2023 1:21:00 AM,No Pedestrians Involved,Dry,No Unusual Conditions,Dark - Street Light,Violation Driver 1,Controls Functioning,Cloudy,Broadside,Non-Related,Other Vehicle,Not Applicable,Not Applicable,West Of,,False,False,63007,FOURTH ST,SANTA CLARA ST,37.33766995,-121.8874011
4264,716118,CR-0000102159,1,0,0,0,24-028-0578,False,False,164,1/28/2024 4:21:00 PM,No Pedestrians Involved,Dry,No Unusual Conditions,Daylight,Violation Driver 1,Controls Functioning,Clear,Sideswipe,Non-Related,Other Vehicle,Not Applicable,Not Applicable,North Of,,False,False,63007,FOURTH ST,SANTA CLARA ST,37.33766995,-121.8874011
4265,690365,CR-0000096460,0,0,0,0,22-231-9704,False,True,51,8/19/2022 2:00:00 AM,No Pedestrians Involved,Dry,No Unusual Conditions,Dark - No Street Light,Unknown,No Controls Present/Factor,Clear,Sideswipe,Non-Related,Parked Vehicle,Not Applicable,Not Applicable,East Of,,False,True,63029,FOURTH ST,ST JOHN ST,37.33915859,-121.8885215
4266,716015,CR-0000101866,0,0,0,0,23-141-0931,False,True,50,5/23/2023 11:50:00 AM,No Pedestrians Involved,Unknown,Unknown,Unknown,Unknown,Unknown,Unknown,Rear End,Related,Other Vehicle,Not Applicable,Not Applicable,East Of,,False,True,63029,FOURTH ST,ST JOHN ST,37.33915859,-121.8885215
4267,689491,CR-0000095468,1,0,0,0,22-338-0408,False,False,0,12/4/2022 1:43:00 PM,No Pedestrians Involved,Dry,No Unusual Conditions,Daylight,Violation Driver 1,Controls Functioning,Clear,Broadside,Intersection,Other Vehicle,Not Applicable,Not Applicable,At,,False,False,4212,ALMA AV,SEVENTH ST,37.31839783,-121.8687024
4268,688711,CR-0000094536,0,0,0,0,22-207-4004,False,True,51,7/26/2022 2:30:00 PM,No Pedestrians Involved,Unknown,Unknown,Daylight,Unknown,Unknown,Unknown,Rear End,Non-Related,Other Vehicle,Not Applicable,Not Applicable,North Of,,False,False,4212,ALMA AV,SEVENTH ST,37.31839783,-121.8687024
4269,689059,CR-0000094924,0,1,0,0,22-292-0474,False,False,60,10/19/2022 1:25:00 PM,No Pedestrians Involved,Dry,Loose Material On Roadway,Daylight,Other Than Driver,Controls Functioning,Clear,Other,Non-Related,Non-Collision,Not Applicable,Not Applicable,North Of,"BICYCLIST, LOOSE GRAVEL",False,False,4212,ALMA AV,SEVENTH ST,37.31839783,-121.8687024
4270,689885,CR-0000095912,2,0,0,0,22-249-0920,False,False,0,9/6/2022 7:09:00 PM,No Pedestrians Involved,Dry,No Unusual Conditions,Dusk - Dawn,Violation Driver 1,Controls Functioning,Clear,Rear End,Intersection,Other Vehicle,Not Applicable,Not Applicable,At,,True,True,4212,ALMA AV,SEVENTH ST,37.31839783,-121.8687024
4271,689496,CR-0000095473,3,0,0,0,22-349-0780,False,False,0,12/15/2022 7:09:00 PM,No Pedestrians Involved,Dry,No Unusual Conditions,Dark - Street Light,Violation Driver 1,Controls Functioning,Clear,Broadside,Intersection,Other Vehicle,Not Applicable,Not Applicable,At,,False,False,4212,ALMA AV,SEVENTH ST,37.31839783,-121.8687024
4272,694212,CR-0000098026,2,0,0,0,23-104-0354,False,False,0,4/14/2023 11:50:00 AM,No Pedestrians Involved,Dry,No Unusual Conditions,Daylight,Violation Driver 1,Controls Functioning,Clear,Head On,Intersection,Other Vehicle,Not Applicable,Not Applicable,At,,False,False,4212,ALMA AV,SEVENTH ST,37.31839783,-121.8687024
4273,694292,CR-0000098200,2,0,0,0,23-144-0302,False,False,0,5/24/2023 9:49:00 AM,No Pedestrians Involved,Dry,No Unusual Conditions,Daylight,Violation Driver 1,Controls Functioning,Clear,Broadside,Intersection,Other Vehicle,Not Applicable,Not Applicable,At,,False,False,4212,ALMA AV,SEVENTH ST,37.31839783,-121.8687024
4274,694720,CR-0000098773,1,0,0,0,23-214-0626,True,False,229,8/2/2023 4:05:00 PM,No Pedestrians Involved,Dry,No Unusual Conditions,Daylight,Violation Driver 1,No Controls Present/Factor,Clear,Hit Object,Non-Related,Fixed Object,Not Applicable,Not Applicable,East Of,FENCE,True,False,4212,ALMA AV,SEVENTH ST,37.31839783,-121.8687024
4275,711575,CR-0000101434,0,0,0,0,23-354-0803,False,False,0,12/20/2023 9:05:00 PM,No Pedestrians Involved,Dry,No Unusual Conditions,Dark - Street Light,Violation Driver 1,Controls Functioning,Clear,Head On,Intersection,Other Vehicle,Not Applicable,Not Applicable,At,,False,False,4212,ALMA AV,SEVENTH ST,37.31839783,-121.8687024
4276,716167,CR-0000102114,1,0,1,0,24-023-0095,False,False,0,1/23/2024 4:00:00 AM,No Pedestrians Involved,Wet,No Unusual Conditions,Dark - Street Light,Violation Driver 1,Controls Functioning,Cloudy,Broadside,Intersection,Other Vehicle,Not Applicable,Not Applicable,At,,False,True,4212,ALMA AV,SEVENTH ST,37.31839783,-121.8687024
4277,722150,CR-0000103416,0,0,0,0,24-074-4001,False,True,0,3/13/2024 8:55:00 PM,No Pedestrians Involved,Unknown,Unknown,Unknown,Unknown,Unknown,Unknown,Rear End,Intersection,Other Vehicle,Not Applicable,Not Applicable,At,,False,False,4212,ALMA AV,SEVENTH ST,37.31839783,-121.8687024
4278,688703,CR-0000094528,0,0,0,0,22-194-4003,False,True,,7/12/2022 8:37:00 AM,No Pedestrians Involved,Unknown,Unknown,Daylight,Unknown,Unknown,Unknown,Rear End,Related,Other Vehicle,Not Applicable,Not Applicable,West Of,ALSO SEE TCR#221954000,False,False,82521,LAWRENCE EX,SARATOGA AV,37.28947574,-121.9945539
4279,681441,CR-0000090831,0,0,0,0,22-027-0904,False,False,0,1/27/2022 9:07:00 PM,No Pedestrians Involved,Dry,No Unusual Conditions,Dark - Street Light,Violation Driver 1,Controls Functioning,Clear,Broadside,Intersection,Other Vehicle,Not Applicable,Not Applicable,At,,False,False,82521,LAWRENCE EX,SARATOGA AV,37.28947574,-121.9945539
4280,694693,CR-0000098727,1,0,0,0,23-223-0501,False,False,32,8/11/2023 2:09:00 PM,No Pedestrians Involved,Dry,No Unusual Conditions,Daylight,Violation Driver 1,Controls Functioning,Clear,Rear End,Related,Other Vehicle,Not Applicable,Not Applicable,South Of,,True,False,82521,LAWRENCE EX,SARATOGA AV,37.28947574,-121.9945539
4281,692504,CR-0000097793,0,0,0,0,23-074-4006,False,True,50,3/12/2023 1:00:00 PM,No Pedestrians Involved,Unknown,Unknown,Unknown,Unknown,Unknown,Unknown,Broadside,Related,Other Vehicle,Not Applicable,Not Applicable,Unknown,,False,False,82521,LAWRENCE EX,SARATOGA AV,37.28947574,-121.9945539
4282,698652,CR-0000099877,2,0,0,0,23-229-0158,False,False,225,8/17/2022 7:25:00 AM,No Pedestrians Involved,Dry,No Unusual Conditions,Daylight,Violation Driver 1,Controls Functioning,Clear,Sideswipe,Non-Related,Other Vehicle,Not Applicable,Not Applicable,South Of,,True,False,82521,LAWRENCE EX,SARATOGA AV,37.28947574,-121.9945539
4283,712039,CR-0000101062,0,0,0,0,23-303-0552,False,False,0,10/30/2023 3:35:00 PM,No Pedestrians Involved,Dry,No Unusual Conditions,Daylight,Violation Driver 1,Controls Functioning,Clear,Rear End,Intersection,Other Vehicle,Not Applicable,Not Applicable,At,,False,False,82521,LAWRENCE EX,SARATOGA AV,37.28947574,-121.9945539
4284,712033,CR-0000101157,0,0,0,0,23-276-9729,False,True,0,10/1/2023 7:00:00 PM,No Pedestrians Involved,Unknown,Unknown,Daylight,Unknown,Unknown,Clear,Broadside,Intersection,Parked Vehicle,Not Applicable,Not Applicable,At,,False,False,82521,LAWRENCE EX,SARATOGA AV,37.28947574,-121.9945539
4285,682000,CR-0000091509,0,0,0,0,22-078-0854,True,False,328,3/19/2022 10:28:00 PM,No Pedestrians Involved,Dry,No Unusual Conditions,Dark - Street Light,Violation Driver 1,Controls Functioning,Clear,Hit Object,Non-Related,Fixed Object,Not Applicable,Not Applicable,East Of,LIGHT POLE,True,False,31217,CAMPBELL AV,PROSEPCT RD/SARATOGA AV,37.29163522,-121.9921469
4286,682343,CR-0000091906,0,1,0,0,22-099-0671,True,False,240,4/9/2022 5:52:00 PM,No Pedestrians Involved,Dry,No Unusual Conditions,Daylight,Violation Driver 1,Controls Functioning,Clear,Hit Object,Non-Related,Fixed Object,Not Applicable,Not Applicable,East Of,LIGHT POLE,False,False,31217,CAMPBELL AV,PROSEPCT RD/SARATOGA AV,37.29163522,-121.9921469
4287,683205,CR-0000092797,0,0,0,0,22-113-9709,False,True,0,4/23/2022 11:03:00 AM,No Pedestrians Involved,Dry,No Unusual Conditions,Daylight,Unknown,Controls Functioning,Clear,Rear End,Intersection,Other Vehicle,Not Applicable,Not Applicable,At,,False,False,31217,CAMPBELL AV,PROSEPCT RD/SARATOGA AV,37.29163522,-121.9921469
4288,689035,CR-0000094912,0,0,0,0,22-294-0712,False,False,171,10/21/2022 5:40:00 PM,No Pedestrians Involved,Dry,No Unusual Conditions,Daylight,Violation Driver 1,Controls Functioning,Clear,Rear End,Non-Related,Motorcycle,Not Applicable,Not Applicable,North Of,,False,False,31217,CAMPBELL AV,PROSEPCT RD/SARATOGA AV,37.29163522,-121.9921469
4289,689319,CR-0000095274,0,0,0,0,22-300-0519,False,False,312,10/27/2022 12:15:00 PM,No Pedestrians Involved,Dry,No Unusual Conditions,Daylight,Unknown,No Controls Present/Factor,Clear,Vehicle/Bike,Non-Related,Bike,Not Applicable,Not Applicable,West Of,BICYCLIST,False,True,31217,CAMPBELL AV,PROSEPCT RD/SARATOGA AV,37.29163522,-121.9921469
4290,684973,CR-0000093601,0,0,0,0,22-216-9707,False,True,51,8/3/2022 8:58:00 AM,No Pedestrians Involved,Dry,No Unusual Conditions,Daylight,Unknown,Unknown,Clear,Sideswipe,Non-Related,Other Vehicle,Not Applicable,Not Applicable,South Of,,False,True,31217,CAMPBELL AV,PROSEPCT RD/SARATOGA AV,37.29163522,-121.9921469
4291,696156,CR-0000099299,0,0,0,0,23-227-9701,False,True,0,8/14/2023 5:35:00 PM,No Pedestrians Involved,Dry,No Unusual Conditions,Daylight,Unknown,Controls Functioning,Clear,Rear End,Intersection,Other Vehicle,Not Applicable,Not Applicable,At,,False,False,31217,CAMPBELL AV,PROSEPCT RD/SARATOGA AV,37.29163522,-121.9921469
4292,712092,CR-0000100898,0,0,0,0,23-192-9702,False,True,,7/11/2023 12:10:00 PM,No Pedestrians Involved,Dry,Unknown,Daylight,Unknown,Unknown,Cloudy,Other,Related,Other Vehicle,Not Applicable,Not Applicable,Unknown,,False,False,31217,CAMPBELL AV,PROSEPCT RD/SARATOGA AV,37.29163522,-121.9921469
4293,715844,CR-0000101999,1,0,0,0,24-011-0172,False,False,0,1/11/2024 7:57:00 AM,No Pedestrians Involved,Dry,No Unusual Conditions,Daylight,Violation Driver 1,Controls Functioning,Clear,Broadside,Intersection,Other Vehicle,Not Applicable,Not Applicable,At,,False,False,31217,CAMPBELL AV,PROSEPCT RD/SARATOGA AV,37.29163522,-121.9921469
4294,721966,CR-0000103220,0,0,0,0,24-051-4001,False,True,0,2/18/2024 5:35:00 PM,No Pedestrians Involved,Unknown,Unknown,Unknown,Unknown,Unknown,Unknown,Rear End,Intersection,Other Vehicle,Not Applicable,Not Applicable,At,,False,False,31217,CAMPBELL AV,PROSEPCT RD/SARATOGA AV,37.29163522,-121.9921469
4295,699014,CR-0000100319,1,0,0,0,23-313-0447,False,False,0,11/9/2023 1:45:00 PM,No Pedestrians Involved,Dry,No Unusual Conditions,Daylight,Violation Driver 1,No Controls Present/Factor,Clear,Vehicle/Bike,Intersection,Bike,Not Applicable,Not Applicable,At,BIKE,False,False,57199,ENGLISH DR,PROSPECT RD,37.29296081,-122.0023774
4296,682410,CR-0000091973,0,0,0,0,22-114-0082,True,False,30,4/24/2022 1:36:00 AM,No Pedestrians Involved,Dry,No Unusual Conditions,Dark - Street Light,Violation Driver 1,Controls Functioning,Clear,Hit Object,Related,Fixed Object,Not Applicable,Not Applicable,West Of,Fence,False,False,82510,LAWRENCE EX,PROSPECT RD,37.29240952,-121.9975256
4297,682059,CR-0000091596,1,0,0,0,22-063-0147,False,False,0,3/4/2022 6:52:00 AM,No Pedestrians Involved,Wet,No Unusual Conditions,Dusk - Dawn,Violation Driver 1,Controls Functioning,Clear,Broadside,Intersection,Other Vehicle,Not Applicable,Not Applicable,At,,False,False,82510,LAWRENCE EX,PROSPECT RD,37.29240952,-121.9975256
4298,720842,CR-0000103045,0,0,0,0,24-052-4003,False,True,51,2/11/2024 12:30:00 PM,No Pedestrians Involved,Unknown,Unknown,Daylight,Unknown,Unknown,Unknown,Rear End,Non-Related,Other Vehicle,Not Applicable,Not Applicable,North Of,,False,False,82510,LAWRENCE EX,PROSPECT RD,37.29240952,-121.9975256
4299,690060,CR-0000096131,0,0,0,0,22-318-0758,True,False,0,11/14/2022 6:30:00 PM,No Pedestrians Involved,Dry,Unknown,Dark - Street Light,Violation Driver 1,Controls Functioning,Clear,Hit Object,Related,Fixed Object,Not Applicable,Not Applicable,At,LIGHT POLE,False,False,4509,ALMADEN BL,PARK AV,37.33081289,-121.892493
4300,690889,CR-0000097033,0,0,0,0,23-037-4000,False,True,0,1/17/2023 7:45:00 AM,No Pedestrians Involved,Unknown,Unknown,Unknown,Unknown,Unknown,Unknown,Hit Object,Intersection,Other Object,Not Applicable,Not Applicable,At,,False,False,4509,ALMADEN BL,PARK AV,37.33081289,-121.892493
4301,690497,CR-0000096598,0,0,0,0,22-108-9709,False,True,51,3/20/2022 4:45:00 PM,No Pedestrians Involved,Unknown,Unknown,Daylight,Unknown,No Controls Present/Factor,Clear,Rear End,Non-Related,Parked Vehicle,Not Applicable,Not Applicable,West Of,,False,True,60653,FIRST ST,ST JOHN ST,37.33765529,-121.8916747
4302,684915,CR-0000093592,0,0,0,0,22-230-0589,False,False,222,8/18/2022 3:02:00 PM,No Pedestrians Involved,Dry,No Unusual Conditions,Daylight,Violation Driver 1,No Controls Present/Factor,Clear,Sideswipe,Non-Related,Other Vehicle,Not Applicable,Not Applicable,South Of,,False,False,60653,FIRST ST,ST JOHN ST,37.33765529,-121.8916747
4303,688758,CR-0000094593,0,0,0,0,22-280-4000,False,True,51,10/7/2022 11:23:00 AM,No Pedestrians Involved,Unknown,Unknown,Daylight,Unknown,Unknown,Unknown,Other,Non-Related,Other Vehicle,Not Applicable,Not Applicable,West Of,,False,False,60653,FIRST ST,ST JOHN ST,37.33765529,-121.8916747
4304,689718,CR-0000095730,0,0,0,0,22-351-0424,False,False,0,12/17/2022 1:31:00 PM,No Pedestrians Involved,Dry,No Unusual Conditions,Daylight,Violation Driver 1,Controls Functioning,Clear,Sideswipe,Intersection,Other Vehicle,Not Applicable,Not Applicable,At,,False,False,60653,FIRST ST,ST JOHN ST,37.33765529,-121.8916747
4305,699210,CR-0000100531,0,0,0,0,23-162-4005,False,True,51,6/11/2023 2:00:00 AM,No Pedestrians Involved,Unknown,Unknown,Unknown,Unknown,Unknown,Unknown,Sideswipe,Non-Related,Other Vehicle,Not Applicable,Not Applicable,Unknown,,False,False,60653,FIRST ST,ST JOHN ST,37.33765529,-121.8916747
4306,711530,CR-0000100985,0,0,0,0,23-245-0875,False,False,135,9/2/2023 10:13:00 PM,No Pedestrians Involved,Dry,No Unusual Conditions,Dark - Street Light,Violation Driver 1,No Controls Present/Factor,Cloudy,Rear End,Non-Related,Parked Vehicle,Not Applicable,Not Applicable,West Of,,True,True,60653,FIRST ST,ST JOHN ST,37.33765529,-121.8916747
4307,698794,CR-0000100075,0,1,0,0,23-355-0850,False,False,0,12/21/2023 5:56:00 PM,Crossing In Crosswalk - At Intersection,Dry,No Unusual Conditions,Dark - Street Light,Violation Driver 1,Controls Functioning,Clear,Vehicle/Pedestrian,Intersection,Pedestrian,North,South,At,PED,False,True,82851,LEIGH AV,LOS GATOS ALMADEN RD,37.24348779,-121.9226541
4308,722335,CR-0000103629,0,0,0,0,24-090-9709,False,True,0,3/30/2024 10:30:00 AM,No Pedestrians Involved,Dry,No Unusual Conditions,Daylight,Unknown,Controls Functioning,Clear,Broadside,Intersection,Other Vehicle,Not Applicable,Not Applicable,At,,False,False,63282,FOXWORTHY AV,GARDENDALE DR,37.27704,-121.8837314
4309,690402,CR-0000096498,0,0,0,0,22-281-4000,False,True,51,10/7/2022 6:00:00 AM,No Pedestrians Involved,Unknown,Unknown,Unknown,Unknown,Unknown,Unknown,Sideswipe,Non-Related,Parked Vehicle,Not Applicable,Not Applicable,South Of,,False,True,74250,HOUNDSHAVEN WY,LAMMERHAVEN CT,37.27145631,-121.8224776
4310,685072,CR-0000093741,0,0,0,0,22-225-0082,False,False,290,8/13/2022 1:44:00 AM,No Pedestrians Involved,Dry,No Unusual Conditions,Unknown,Violation Driver 1,Controls Functioning,Clear,Sideswipe,Non-Related,Parked Vehicle,Not Applicable,Not Applicable,West Of,,False,False,84050,LINCOLN AV,PINE AV,37.29848267,-121.893307
4311,682765,CR-0000092347,0,0,0,0,22-156-0894,False,False,122,6/5/2022 10:00:00 PM,No Pedestrians Involved,Dry,No Unusual Conditions,Dark - Street Light,Violation Driver 1,No Controls Present/Factor,Clear,Sideswipe,Non-Related,Parked Vehicle,Not Applicable,Not Applicable,North Of,,False,True,84050,LINCOLN AV,PINE AV,37.29848267,-121.893307
4312,682601,CR-0000092168,0,0,0,0,22-122-4001,False,False,51,5/1/2022 8:35:00 AM,No Pedestrians Involved,Unknown,Unknown,Daylight,Unknown,Unknown,Unknown,Sideswipe,Non-Related,Parked Vehicle,Not Applicable,Not Applicable,West Of,,False,False,84050,LINCOLN AV,PINE AV,37.29848267,-121.893307
4313,689615,CR-0000095596,0,1,0,0,22-137-1045,False,False,0,5/17/2022 11:03:00 PM,No Pedestrians Involved,Dry,No Unusual Conditions,Dark - Street Light,Unknown,Controls Functioning,Clear,Head On,Intersection,Other Vehicle,Not Applicable,Not Applicable,At,,False,True,77626,JULIAN ST,NINTH ST,37.34457106,-121.8853498
4314,683278,CR-0000092817,0,0,0,0,22-117-9703,False,True,0,4/27/2022 6:17:00 AM,No Pedestrians Involved,Dry,No Unusual Conditions,Daylight,Unknown,Unknown,Clear,Broadside,Intersection,Other Vehicle,Not Applicable,Not Applicable,At,,False,False,77626,JULIAN ST,NINTH ST,37.34457106,-121.8853498
4315,689755,CR-0000095774,1,0,0,0,22-339-0242,False,False,0,12/5/2022 9:00:00 AM,No Pedestrians Involved,Wet,No Unusual Conditions,Unknown,Violation Driver 1,Controls Functioning,Clear,Broadside,Intersection,Motor Vehicle On Other Roadway,Not Applicable,Not Applicable,At,,False,True,77626,JULIAN ST,NINTH ST,37.34457106,-121.8853498
4316,690808,CR-0000096947,1,0,0,0,23-009-0487,False,False,150,1/9/2023 1:45:00 PM,No Pedestrians Involved,Dry,No Unusual Conditions,Daylight,Violation Driver 1,No Controls Present/Factor,Clear,Sideswipe,Non-Related,Other Vehicle,Not Applicable,Not Applicable,South Of,,False,False,77626,JULIAN ST,NINTH ST,37.34457106,-121.8853498
4317,691375,CR-0000097624,0,0,0,0,23-062-1002,False,False,210,3/3/2023 11:42:00 PM,No Pedestrians Involved,Dry,No Unusual Conditions,Dark - Street Light,Violation Driver 1,No Controls Present/Factor,Clear,Sideswipe,Non-Related,Parked Vehicle,Not Applicable,Not Applicable,North Of,Metal fence,False,False,54823,EIGHTH ST,JULIAN ST,37.34407275,-121.8864036
4318,711672,CR-0000101344,0,0,0,0,23-266-0148,False,False,143,9/23/2023 3:16:00 AM,No Pedestrians Involved,Dry,No Unusual Conditions,Dark - Street Light,Violation Driver 1,No Controls Present/Factor,Clear,Broadside,Non-Related,Parked Vehicle,Not Applicable,Not Applicable,West Of,,False,False,54823,EIGHTH ST,JULIAN ST,37.34407275,-121.8864036
4319,716119,CR-0000102074,0,1,0,0,24-011-0078,False,False,0,1/11/2024 3:54:00 AM,No Pedestrians Involved,Wet,No Unusual Conditions,Dark - Street Light,Violation Driver 1,No Controls Present/Factor,Clear,Vehicle/Bike,Intersection,Bike,Not Applicable,Not Applicable,At,BIKE,False,False,54823,EIGHTH ST,JULIAN ST,37.34407275,-121.8864036
4320,716392,CR-0000102391,1,1,0,0,24-033-0446,False,False,0,2/2/2024 3:02:00 PM,No Pedestrians Involved,Wet,No Unusual Conditions,Daylight,Violation Driver 1,No Controls Present/Factor,Cloudy,Broadside,Intersection,Motor Vehicle On Other Roadway,Not Applicable,Not Applicable,At,,True,True,54823,EIGHTH ST,JULIAN ST,37.34407275,-121.8864036
4321,689360,CR-0000095333,3,0,0,0,22-325-0359,True,False,0,11/21/2022 11:19:00 AM,No Pedestrians Involved,Dry,No Unusual Conditions,Daylight,Violation Driver 1,Controls Functioning,Clear,Head On,Intersection,Other Vehicle,Not Applicable,Not Applicable,At,SIGN,False,False,77692,JULIAN ST,SEVENTH ST,37.34357003,-121.8874587
4322,694614,CR-0000098647,0,1,0,0,23-206-0675,False,False,0,7/25/2023 4:49:00 PM,No Pedestrians Involved,Dry,No Unusual Conditions,Daylight,Violation Driver 1,Controls Functioning,Clear,Head On,Intersection,Motorcycle,Not Applicable,Not Applicable,At,,False,False,77692,JULIAN ST,SEVENTH ST,37.34357003,-121.8874587
4323,688826,CR-0000094681,0,0,0,0,22-900-0607,True,False,160,10/17/2022 3:55:00 PM,No Pedestrians Involved,Dry,No Unusual Conditions,Daylight,Violation Driver 1,Controls Functioning,Clear,Rear End,Non-Related,Other Vehicle,Not Applicable,Not Applicable,North Of,,False,False,110813,STEVENS CREEK BL,WINCHESTER BL,37.32331968,-121.9501245
4324,685404,CR-0000094139,1,0,0,0,22-260-0460,False,False,29,9/17/2022 2:56:00 PM,No Pedestrians Involved,Dry,No Unusual Conditions,Daylight,Violation Driver 1,Controls Functioning,Clear,Broadside,Related,Other Vehicle,Not Applicable,Not Applicable,West Of,,False,False,110813,STEVENS CREEK BL,WINCHESTER BL,37.32331968,-121.9501245
4325,682330,CR-0000091893,0,0,0,0,22-100-9705,False,True,,4/8/2022 8:10:00 PM,No Pedestrians Involved,Dry,No Unusual Conditions,Dark - Street Light,Unknown,Controls Functioning,Clear,Rear End,Related,Other Vehicle,Not Applicable,Not Applicable,West Of,,False,False,110813,STEVENS CREEK BL,WINCHESTER BL,37.32331968,-121.9501245
4326,681819,CR-0000091228,0,0,0,0,22-082-0900,False,False,201,3/23/2022 7:00:00 PM,No Pedestrians Involved,Dry,No Unusual Conditions,Dark - Street Light,Violation Driver 1,Controls Functioning,Clear,Rear End,Non-Related,Other Vehicle,Not Applicable,Not Applicable,West Of,,True,False,110813,STEVENS CREEK BL,WINCHESTER BL,37.32331968,-121.9501245
4327,683138,CR-0000092713,0,0,0,0,22-043-4005,False,True,,2/12/2022 1:54:00 PM,No Pedestrians Involved,Unknown,Unknown,Daylight,Unknown,Unknown,Unknown,Rear End,Related,Other Vehicle,Not Applicable,Not Applicable,West Of,,False,False,110813,STEVENS CREEK BL,WINCHESTER BL,37.32331968,-121.9501245
4328,694402,CR-0000098356,0,1,0,0,23-170-0500,False,False,20,6/19/2023 1:52:00 PM,No Pedestrians Involved,Dry,No Unusual Conditions,Daylight,Violation Driver 1,Controls Functioning,Clear,Rear End,Related,Other Vehicle,Not Applicable,Not Applicable,East Of,,False,False,110813,STEVENS CREEK BL,WINCHESTER BL,37.32331968,-121.9501245
4329,694755,CR-0000098787,1,0,0,0,23-217-0452,False,False,0,8/5/2023 2:29:00 PM,Crossing In Crosswalk - At Intersection,Dry,No Unusual Conditions,Daylight,Pedestrian At Fault,Controls Functioning,Clear,Vehicle/Pedestrian,Intersection,Pedestrian,South,North,At,PED,False,False,110813,STEVENS CREEK BL,WINCHESTER BL,37.32331968,-121.9501245
4330,695854,CR-0000098919,0,0,0,0,23-096-9701,False,True,0,4/6/2023 7:51:00 AM,No Pedestrians Involved,Dry,No Unusual Conditions,Daylight,Unknown,No Controls Present/Factor,Clear,Rear End,Intersection,Other Vehicle,Not Applicable,Not Applicable,At,,False,False,110813,STEVENS CREEK BL,WINCHESTER BL,37.32331968,-121.9501245
4331,695888,CR-0000099007,0,0,0,0,23-214-0618,False,False,133,8/2/2023 4:00:00 PM,No Pedestrians Involved,Dry,No Unusual Conditions,Daylight,Violation Driver 1,Controls Functioning,Clear,Rear End,Non-Related,Other Vehicle,Not Applicable,Not Applicable,North Of,,False,False,110813,STEVENS CREEK BL,WINCHESTER BL,37.32331968,-121.9501245
4332,698673,CR-0000099910,1,1,0,0,23-221-0872,False,False,0,8/9/2023 8:00:00 PM,No Pedestrians Involved,Dry,No Unusual Conditions,Dark - Street Light,Unknown,Controls Functioning,Clear,Broadside,Intersection,Other Vehicle,Not Applicable,Not Applicable,At,,False,False,110813,STEVENS CREEK BL,WINCHESTER BL,37.32331968,-121.9501245
4333,691258,CR-0000097502,0,0,0,0,23-007-0560,False,False,0,1/7/2023 5:20:00 PM,Crossing In Crosswalk - At Intersection,Wet,No Unusual Conditions,Dusk - Dawn,Pedestrian At Fault,Controls Functioning,Rain,Vehicle/Pedestrian,Intersection,Pedestrian,South,North,At,PED,False,False,110813,STEVENS CREEK BL,WINCHESTER BL,37.32331968,-121.9501245
4334,719706,CR-0000102878,0,0,0,0,24-014-9704,False,True,0,1/13/2024 6:55:00 PM,No Pedestrians Involved,Dry,No Unusual Conditions,Dark - Street Light,Unknown,Controls Functioning,Clear,Rear End,Intersection,Other Vehicle,Not Applicable,Not Applicable,At,,False,False,110813,STEVENS CREEK BL,WINCHESTER BL,37.32331968,-121.9501245
4335,712037,CR-0000101191,0,0,0,0,23-316-9704,False,True,,1/11/2023 1:15:00 PM,No Pedestrians Involved,Dry,No Unusual Conditions,Daylight,Unknown,Controls Functioning,Clear,Sideswipe,Related,Other Vehicle,Not Applicable,Not Applicable,Unknown,,False,False,110813,STEVENS CREEK BL,WINCHESTER BL,37.32331968,-121.9501245
4336,712005,CR-0000101086,0,0,0,0,23-233-9703,False,True,,8/20/2023 1:30:00 PM,No Pedestrians Involved,Dry,No Unusual Conditions,Daylight,Unknown,Controls Functioning,Clear,Rear End,Related,Other Vehicle,Not Applicable,Not Applicable,East Of,,False,False,110813,STEVENS CREEK BL,WINCHESTER BL,37.32331968,-121.9501245
4337,694564,CR-0000098588,0,1,0,0,23-200-0309,False,False,0,7/19/2023 11:08:00 AM,Crossing In Crosswalk - At Intersection,Dry,No Unusual Conditions,Daylight,Violation Driver 1,No Controls Present/Factor,Clear,Vehicle/Pedestrian,Intersection,Pedestrian,East,West,East Of,PED,False,False,69618,HALLMARK LN,JUSTINE DR,37.26076111,-121.9136937
4338,682103,CR-0000091634,0,0,0,0,22-019-0409,False,True,0,1/19/2022 12:00:00 PM,No Pedestrians Involved,Unknown,Unknown,Daylight,Unknown,Unknown,Unknown,Broadside,Intersection,Other Vehicle,Not Applicable,Not Applicable,At,,False,False,28621,CALHOUN ST,NINETEENTH ST,37.34405465,-121.8718651