_id,CrashFactId,Name,MinorInjuries,ModerateInjuries,SevereInjuries,FatalInjuries,TcrNumber,CityDamageFlag,ShortFormFlag,Distance,CrashDateTime,PedestrianAction,RoadwaySurface,RoadwayCondition,Lighting,PrimaryCollisionFactor,TrafficControl,Weather,CollisionType,ProximityToIntersection,VehicleInvolvedWith,PedestrianDirectionFrom,PedestrianDirectionTo,DirectionFromIntersection,Comment,SpeedingFlag,HitAndRunFlag,IntersectionNumber,AStreetName,BStreetName,Latitude,Longitude
4339,682105,CR-0000091621,0,0,0,0,22-097-9704,False,True,0,3/7/2022 2:00:00 AM,No Pedestrians Involved,Unknown,Unknown,Dark - Street Light,Unknown,Unknown,Clear,Broadside,Intersection,Parked Vehicle,Not Applicable,Not Applicable,At,,False,False,28621,CALHOUN ST,NINETEENTH ST,37.34405465,-121.8718651
4340,720844,CR-0000103047,0,0,0,0,24-044-4005,False,True,51,2/11/2024 8:45:00 PM,No Pedestrians Involved,Unknown,Unknown,Unknown,Unknown,Unknown,Unknown,Sideswipe,Non-Related,Other Vehicle,Not Applicable,Not Applicable,South Of,,False,False,28621,CALHOUN ST,NINETEENTH ST,37.34405465,-121.8718651
4341,722343,CR-0000103637,0,0,0,0,24-093-1052,False,False,24,4/2/2024 11:00:00 PM,No Pedestrians Involved,Dry,No Unusual Conditions,Dark - Street Light,Violation Driver 1,No Controls Present/Factor,Clear,Broadside,Related,Parked Vehicle,Not Applicable,Not Applicable,South Of,,False,True,28621,CALHOUN ST,NINETEENTH ST,37.34405465,-121.8718651
4342,691064,CR-0000097237,0,0,0,0,23-055-4002,False,True,51,2/24/2023 10:48:00 AM,No Pedestrians Involved,Unknown,Unknown,Unknown,Unknown,Unknown,Unknown,Other,Non-Related,Parked Vehicle,Not Applicable,Not Applicable,South Of,,False,False,8711,ARCHER ST,KERLEY DR,37.36582735,-121.9105473
4343,719538,CR-0000102667,1,0,0,0,24-065-0610,False,False,17,3/5/2024 3:58:00 PM,No Pedestrians Involved,Dry,No Unusual Conditions,Daylight,Violation Driver 1,No Controls Present/Factor,Clear,Head On,Related,Other Vehicle,Not Applicable,Not Applicable,East Of,,False,False,8711,ARCHER ST,KERLEY DR,37.36582735,-121.9105473
4344,682583,CR-0000092150,1,0,0,0,22-138-0831,False,False,0,5/18/2022 7:16:00 PM,No Pedestrians Involved,Dry,No Unusual Conditions,Daylight,Violation Driver 1,Controls Functioning,Clear,Sideswipe,Intersection,Other Vehicle,Not Applicable,Not Applicable,At,,False,False,8690,ARCHER ST,FOURTH ST,37.36671777,-121.909049
4345,682962,CR-0000092568,1,0,0,0,22-121-0682,False,False,0,5/1/2022 6:50:00 PM,No Pedestrians Involved,Dry,No Unusual Conditions,Daylight,Violation Driver 1,No Controls Present/Factor,Clear,Broadside,Intersection,Other Vehicle,Not Applicable,Not Applicable,At,,False,True,8690,ARCHER ST,FOURTH ST,37.36671777,-121.909049
4346,689591,CR-0000095568,1,0,0,0,22-319-0210,False,False,450,11/15/2022 8:13:00 AM,No Pedestrians Involved,Dry,No Unusual Conditions,Daylight,Violation Driver 1,No Controls Present/Factor,Clear,Sideswipe,Non-Related,Other Vehicle,Not Applicable,Not Applicable,North Of,,False,False,8690,ARCHER ST,FOURTH ST,37.36671777,-121.909049
4347,682513,CR-0000092080,0,0,0,0,22-094-0224,False,False,210,4/4/2022 8:42:00 AM,No Pedestrians Involved,Dry,No Unusual Conditions,Daylight,Violation Driver 1,No Controls Present/Factor,Clear,Broadside,Non-Related,Other Vehicle,Not Applicable,Not Applicable,West Of,,False,True,97184,OLD BAYSHORE HW,TERMINAL AV,37.36846431,-121.9059788
4348,682301,CR-0000091864,1,0,0,0,22-096-0206,False,False,300,4/6/2022 8:11:00 AM,No Pedestrians Involved,Dry,No Unusual Conditions,Daylight,Violation Driver 1,No Controls Present/Factor,Clear,Broadside,Non-Related,Other Vehicle,Not Applicable,Not Applicable,West Of,,False,False,97184,OLD BAYSHORE HW,TERMINAL AV,37.36846431,-121.9059788
4349,696129,CR-0000099271,0,0,0,0,23-223-0583,False,False,51,8/11/2023 3:48:00 PM,No Pedestrians Involved,Dry,No Unusual Conditions,Daylight,Violation Driver 1,No Controls Present/Factor,Clear,Sideswipe,Non-Related,Other Vehicle,Not Applicable,Not Applicable,West Of,,False,False,97184,OLD BAYSHORE HW,TERMINAL AV,37.36846431,-121.9059788
4350,697630,CR-0000099849,2,0,0,0,23-293-0555,False,False,105,10/20/2023 3:46:00 PM,No Pedestrians Involved,Dry,No Unusual Conditions,Daylight,Violation Driver 1,No Controls Present/Factor,Clear,Broadside,Non-Related,Other Vehicle,Not Applicable,Not Applicable,East Of,,False,False,97184,OLD BAYSHORE HW,TERMINAL AV,37.36846431,-121.9059788
4351,711574,CR-0000101313,0,0,0,0,23-341-0706,False,False,246,12/7/2023 4:19:00 PM,No Pedestrians Involved,Wet,No Unusual Conditions,Daylight,Violation Driver 1,No Controls Present/Factor,Rain,Broadside,Non-Related,Other Vehicle,Not Applicable,Not Applicable,West Of,,True,True,97184,OLD BAYSHORE HW,TERMINAL AV,37.36846431,-121.9059788
4352,682474,CR-0000092039,1,0,0,0,22-120-0378,False,False,0,4/30/2022 11:56:00 AM,No Pedestrians Involved,Dry,No Unusual Conditions,Daylight,Violation Driver 1,Controls Functioning,Clear,Other,Intersection,Unknown,Not Applicable,Not Applicable,At,,False,False,66208,GISH RD,OLD BAYSHORE HW/NIMITZ FW,37.36768528,-121.9025214
4353,682754,CR-0000092337,3,0,0,0,22-131-0163,False,False,110,5/11/2022 7:50:00 AM,No Pedestrians Involved,Dry,No Unusual Conditions,Daylight,Violation Driver 2,Controls Functioning,Clear,Rear End,Non-Related,Other Vehicle,Not Applicable,Not Applicable,West Of,,True,False,66208,GISH RD,OLD BAYSHORE HW/NIMITZ FW,37.36768528,-121.9025214
4354,682724,CR-0000092303,0,1,0,0,22-154-0165,False,False,100,6/3/2022 6:43:00 AM,Crossing - Not In Crosswalk,Dry,No Unusual Conditions,Dusk - Dawn,Violation Driver 1,Controls Functioning,Clear,Vehicle/Pedestrian,Non-Related,Pedestrian,North,South,West Of,PEDESTRIAN,True,False,66208,GISH RD,OLD BAYSHORE HW/NIMITZ FW,37.36768528,-121.9025214
4355,682617,CR-0000092184,0,0,0,0,22-125-4003,False,True,,5/5/2022 10:00:00 AM,No Pedestrians Involved,Unknown,Unknown,Daylight,Unknown,Unknown,Unknown,Broadside,Related,Parked Vehicle,Not Applicable,Not Applicable,South Of,,False,False,66208,GISH RD,OLD BAYSHORE HW/NIMITZ FW,37.36768528,-121.9025214
4356,682921,CR-0000092498,1,0,0,0,22-174-0411,False,False,0,6/23/2022 12:43:00 PM,No Pedestrians Involved,Dry,Unknown,Daylight,Violation Driver 1,Controls Functioning,Clear,Rear End,Intersection,Other Vehicle,Not Applicable,Not Applicable,At,,False,False,66208,GISH RD,OLD BAYSHORE HW/NIMITZ FW,37.36768528,-121.9025214
4357,681647,CR-0000091044,0,0,0,0,22-077-0555,False,False,0,3/18/2022 2:59:00 PM,No Pedestrians Involved,Dry,No Unusual Conditions,Daylight,Violation Driver 1,Controls Functioning,Clear,Sideswipe,Intersection,Other Vehicle,Not Applicable,Not Applicable,At,,False,False,66208,GISH RD,OLD BAYSHORE HW/NIMITZ FW,37.36768528,-121.9025214
4358,681235,CR-0000090620,0,0,0,0,22-011-4001,False,True,,1/5/2022 8:50:00 PM,No Pedestrians Involved,Unknown,Unknown,Unknown,Unknown,Unknown,Unknown,Broadside,Related,Other Vehicle,Not Applicable,Not Applicable,Unknown,,False,False,66208,GISH RD,OLD BAYSHORE HW/NIMITZ FW,37.36768528,-121.9025214
4359,689323,CR-0000095285,0,0,0,0,22-334-9703,False,True,0,11/30/2022 8:30:00 AM,No Pedestrians Involved,Dry,No Unusual Conditions,Daylight,Unknown,No Controls Present/Factor,Clear,Rear End,Intersection,Other Vehicle,Not Applicable,Not Applicable,At,,False,False,66208,GISH RD,OLD BAYSHORE HW/NIMITZ FW,37.36768528,-121.9025214
4360,689658,CR-0000095640,1,0,0,0,22-341-0673,False,False,0,12/7/2022 5:41:00 PM,No Pedestrians Involved,Dry,No Unusual Conditions,Dark - Street Light,Violation Driver 1,Controls Functioning,Clear,Head On,Intersection,Other Vehicle,Not Applicable,Not Applicable,At,,False,False,66208,GISH RD,OLD BAYSHORE HW/NIMITZ FW,37.36768528,-121.9025214
4361,685309,CR-0000093990,1,0,0,0,22-247-0759,True,False,0,9/4/2022 7:55:00 PM,No Pedestrians Involved,Wet,No Unusual Conditions,Dark - Street Light,Violation Driver 1,Controls Functioning,Clear,Sideswipe,Intersection,Other Vehicle,Not Applicable,Not Applicable,At,LIGHT POLE,True,False,66208,GISH RD,OLD BAYSHORE HW/NIMITZ FW,37.36768528,-121.9025214
4362,696540,CR-0000099727,0,0,1,0,23-337-0751,False,False,129,12/3/2023 7:20:00 PM,No Pedestrians Involved,Dry,No Unusual Conditions,Dark - Street Light,Violation Driver 1,Controls Functioning,Clear,Vehicle/Bike,Non-Related,Bike,Not Applicable,Not Applicable,East Of,,True,True,66208,GISH RD,OLD BAYSHORE HW/NIMITZ FW,37.36768528,-121.9025214
4363,698834,CR-0000100117,2,0,0,0,23-341-0286,True,False,0,12/7/2023 9:55:00 AM,No Pedestrians Involved,Dry,No Unusual Conditions,Daylight,Violation Driver 1,Controls Functioning,Clear,Hit Object,Intersection,Fixed Object,Not Applicable,Not Applicable,At,LIGHTPOLE,False,False,66208,GISH RD,OLD BAYSHORE HW/NIMITZ FW,37.36768528,-121.9025214
4364,698991,CR-0000100295,1,0,0,0,23-325-0969,False,False,0,11/21/2023 10:30:00 PM,No Pedestrians Involved,Dry,No Unusual Conditions,Dark - Street Light,Violation Driver 1,Controls Functioning,Clear,Broadside,Intersection,Other Vehicle,Not Applicable,Not Applicable,At,,False,False,66208,GISH RD,OLD BAYSHORE HW/NIMITZ FW,37.36768528,-121.9025214
4365,694591,CR-0000098615,0,1,0,0,23-202-0786,False,False,0,7/21/2023 7:03:00 PM,No Pedestrians Involved,Dry,No Unusual Conditions,Daylight,Violation Driver 1,Controls Functioning,Clear,Rear End,Intersection,Other Vehicle,Not Applicable,Not Applicable,At,,True,True,66208,GISH RD,OLD BAYSHORE HW/NIMITZ FW,37.36768528,-121.9025214
4366,695878,CR-0000098970,0,0,0,0,23-107-4001,False,True,51,4/17/2023 9:30:00 AM,No Pedestrians Involved,Unknown,Unknown,Unknown,Unknown,Unknown,Unknown,Broadside,Non-Related,Parked Vehicle,Not Applicable,Not Applicable,South Of,,False,False,66208,GISH RD,OLD BAYSHORE HW/NIMITZ FW,37.36768528,-121.9025214
4367,712095,CR-0000101113,0,0,0,0,23-272-4001,False,True,,9/27/2023 7:30:00 AM,No Pedestrians Involved,Unknown,Unknown,Unknown,Unknown,Unknown,Unknown,Rear End,Related,Other Vehicle,Not Applicable,Not Applicable,Unknown,,False,False,66208,GISH RD,OLD BAYSHORE HW/NIMITZ FW,37.36768528,-121.9025214
4368,721980,CR-0000103234,0,0,0,0,24-052-9706,False,True,51,2/20/2024 5:40:00 PM,No Pedestrians Involved,Wet,No Unusual Conditions,Dark - Street Light,Unknown,Controls Functioning,Rain,Sideswipe,Non-Related,Other Vehicle,Not Applicable,Not Applicable,East Of,,False,False,66208,GISH RD,OLD BAYSHORE HW/NIMITZ FW,37.36768528,-121.9025214
4369,722215,CR-0000103481,0,0,0,0,24-081-9702,False,True,51,3/20/2024 8:20:00 AM,No Pedestrians Involved,Dry,No Unusual Conditions,Daylight,Unknown,No Controls Present/Factor,Clear,Rear End,Non-Related,Other Vehicle,Not Applicable,Not Applicable,North Of,,False,False,66208,GISH RD,OLD BAYSHORE HW/NIMITZ FW,37.36768528,-121.9025214
4370,685071,CR-0000093739,0,0,1,0,22-201-0825,False,False,0,7/20/2022 8:09:00 PM,No Pedestrians Involved,Dry,No Unusual Conditions,Dusk - Dawn,Violation Driver 1,No Controls Present/Factor,Clear,Other,Intersection,Unknown,Not Applicable,Not Applicable,At,"OTHER VEHICLE IS LISTED, BUT DESCRIPTION DOESN'T SAY HOW IT WAS INVOLVED. MENTION OF A TREE, NOT SURE WHY.",False,False,42426,COMMERCIAL ST/OLD BAYSHORE HW,THIRTEENTH ST,37.36368992,-121.8942293
4371,682470,CR-0000092035,0,0,0,0,22-120-0094,False,False,300,4/30/2022 2:32:00 AM,No Pedestrians Involved,Dry,No Unusual Conditions,Dark - Street Light,Violation Driver 1,Controls Functioning,Clear,Broadside,Non-Related,Parked Vehicle,Not Applicable,Not Applicable,North Of,,False,False,42426,COMMERCIAL ST/OLD BAYSHORE HW,THIRTEENTH ST,37.36368992,-121.8942293
4372,690828,CR-0000096967,0,0,0,0,23-017-0437,True,False,582,1/17/2023 12:38:00 PM,No Pedestrians Involved,Unknown,Unknown,Unknown,Violation Driver 1,No Controls Present/Factor,Unknown,Hit Object,Non-Related,Fixed Object,Not Applicable,Not Applicable,West Of,Metal Poles,True,False,42426,COMMERCIAL ST/OLD BAYSHORE HW,THIRTEENTH ST,37.36368992,-121.8942293
4373,722299,CR-0000103593,0,0,0,1,24-242-0393,False,False,685,8/29/2024 12:14:00 PM,No Pedestrians Involved,Dry,No Unusual Conditions,Daylight,Unknown,Controls Functioning,Clear,Sideswipe,Non-Related,Motorcycle,Not Applicable,Not Applicable,West Of,The motorcyclist was lane splitting and lost control striking a semi-truck with a trailer attached causing the motorcyclist to fall underneath the semitruck and get driven over by the semi-truck.,False,False,42426,COMMERCIAL ST/OLD BAYSHORE HW,THIRTEENTH ST,37.36368992,-121.8942293
4374,698824,CR-0000100106,1,0,0,0,23-339-0476,False,False,,12/5/2023 2:03:00 PM,No Pedestrians Involved,Dry,No Unusual Conditions,Daylight,Violation Driver 1,Unknown,Clear,Head On,Related,Other Vehicle,Not Applicable,Not Applicable,West Of,,True,False,36871,CHARLES ST,THIRTEENTH ST,37.36569938,-121.8957157
4375,711682,CR-0000101508,0,0,0,0,23-269-4002,False,True,51,9/26/2023 12:06:00 PM,No Pedestrians Involved,Unknown,Unknown,Unknown,Unknown,Unknown,Unknown,Other,Non-Related,Other Vehicle,Not Applicable,Not Applicable,South Of,,False,False,36871,CHARLES ST,THIRTEENTH ST,37.36569938,-121.8957157
4376,682102,CR-0000091615,0,1,0,0,22-041-0838,False,False,0,2/10/2022 5:30:00 PM,No Pedestrians Involved,Dry,No Unusual Conditions,Daylight,Violation Driver 1,No Controls Present/Factor,Clear,Vehicle/Bike,Intersection,Bike,Not Applicable,Not Applicable,At,BIKE,False,True,110846,STOCKTON AV,TAYLOR ST,37.34064166,-121.9134011
4377,698966,CR-0000100268,1,0,0,0,23-312-0160,False,False,128,11/8/2023 7:14:00 AM,No Pedestrians Involved,Dry,No Unusual Conditions,Daylight,Violation Driver 1,No Controls Present/Factor,Clear,Rear End,Non-Related,Other Vehicle,Not Applicable,Not Applicable,South Of,,False,False,110846,STOCKTON AV,TAYLOR ST,37.34064166,-121.9134011
4378,715894,CR-0000101973,1,0,0,0,24-002-0531,False,False,317,1/4/2024 3:20:00 PM,No Pedestrians Involved,Dry,No Unusual Conditions,Daylight,Violation Driver 1,Controls Functioning,Clear,Rear End,Non-Related,Other Vehicle,Not Applicable,Not Applicable,East Of,,False,False,110846,STOCKTON AV,TAYLOR ST,37.34064166,-121.9134011
4379,719799,CR-0000102972,0,0,0,0,24-024-4005,False,True,51,1/24/2024 5:55:00 PM,No Pedestrians Involved,Unknown,Unknown,Unknown,Unknown,Unknown,Unknown,Sideswipe,Non-Related,Other Vehicle,Not Applicable,Not Applicable,West Of,,False,False,110846,STOCKTON AV,TAYLOR ST,37.34064166,-121.9134011
4380,694795,CR-0000098833,1,0,0,0,23-230-0820,False,False,0,8/18/2023 7:53:00 PM,No Pedestrians Involved,Dry,No Unusual Conditions,Dark - Street Light,Violation Driver 1,No Controls Present/Factor,Clear,Broadside,Intersection,Other Vehicle,Not Applicable,Not Applicable,At,,False,True,71477,HEDDING ST,MYRTLE ST,37.34189651,-121.9214221
4381,690401,CR-0000096497,0,0,0,0,22-233-0483,False,False,0,8/21/2022 1:17:00 PM,No Pedestrians Involved,Dry,No Unusual Conditions,Daylight,Violation Driver 1,No Controls Present/Factor,Clear,Broadside,Intersection,Other Vehicle,Not Applicable,Not Applicable,At,,False,False,103883,RICHMOND AV,SCOTT ST,37.31966077,-121.9227268
4382,690179,CR-0000096268,0,0,0,0,22-159-4000,False,True,0,6/8/2022 8:05:00 AM,No Pedestrians Involved,Unknown,Unknown,Unknown,Unknown,Unknown,Unknown,Sideswipe,Intersection,Unknown,Not Applicable,Not Applicable,At,,False,True,103883,RICHMOND AV,SCOTT ST,37.31966077,-121.9227268
4383,690751,CR-0000096888,2,1,0,0,23-014-0857,False,False,141,1/14/2023 10:36:00 PM,No Pedestrians Involved,Wet,No Unusual Conditions,Dark - Street Light,Violation Driver 1,Controls Functioning,Clear,Rear End,Non-Related,Parked Vehicle,Not Applicable,Not Applicable,North Of,,True,False,99098,PARKMOOR AV,RICHMOND AV,37.31727004,-121.9227074
4384,681669,CR-0000091066,0,0,0,0,22-066-4004,False,True,51,3/7/2022 6:35:00 PM,No Pedestrians Involved,Unknown,Unknown,Unknown,Unknown,Unknown,Unknown,Sideswipe,Non-Related,Other Vehicle,Not Applicable,Not Applicable,East Of,,False,False,52040,DOUGLAS ST,WILLARD AV,37.32158098,-121.9171665
4385,716291,CR-0000102261,3,0,0,0,24-052-0688,False,False,125,2/21/2024 5:16:00 PM,No Pedestrians Involved,Dry,No Unusual Conditions,Daylight,Violation Driver 1,No Controls Present/Factor,Clear,Head On,Non-Related,Other Vehicle,Not Applicable,Not Applicable,South Of,,False,False,15091,BAYSHORE WEST,MISSION ST,37.36149776,-121.880327
4386,719567,CR-0000102714,2,0,0,0,24-075-0866,False,False,25,3/15/2024 9:40:00 PM,No Pedestrians Involved,Dry,No Unusual Conditions,Dark - Street Light,Violation Driver 1,No Controls Present/Factor,Clear,Broadside,Related,Other Vehicle,Not Applicable,Not Applicable,North Of,,False,False,15091,BAYSHORE WEST,MISSION ST,37.36149776,-121.880327
4387,682444,CR-0000092008,0,1,0,0,22-109-0873,True,False,0,4/19/2022 9:23:00 PM,No Pedestrians Involved,Dry,No Unusual Conditions,Dark - Street Light,Violation Driver 1,No Controls Present/Factor,Clear,Hit Object,Intersection,Fixed Object,Not Applicable,Not Applicable,At,TREE,True,False,75679,IRENE ST,TAYLOR ST,37.34516805,-121.9068808
4388,688848,CR-0000094703,0,0,0,0,22-296-0114,True,False,0,10/23/2022 1:25:00 AM,No Pedestrians Involved,Dry,No Unusual Conditions,Dark - Street Light,Unknown,No Controls Present/Factor,Clear,Sideswipe,Intersection,Other Vehicle,Not Applicable,Not Applicable,At,,False,False,75679,IRENE ST,TAYLOR ST,37.34516805,-121.9068808
4389,690104,CR-0000096199,0,0,0,0,22-350-0067,False,False,32,12/16/2022 2:00:00 AM,No Pedestrians Involved,Dry,No Unusual Conditions,Dark - Street Light,Violation Driver 1,Controls Functioning,Clear,Sideswipe,Related,Parked Vehicle,Not Applicable,Not Applicable,East Of,,True,True,108030,SECOND ST,VIRGINIA ST,37.32456528,-121.8804917
4390,694126,CR-0000097912,1,0,0,0,23-120-0151,False,False,263,4/30/2023 3:12:00 AM,No Pedestrians Involved,Dry,No Unusual Conditions,Dark - Street Light,Violation Driver 1,No Controls Present/Factor,Clear,Rear End,Non-Related,Parked Vehicle,Not Applicable,Not Applicable,East Of,,True,False,9910,ASHWORTH WY,SLOPEVIEW DR,37.33037236,-121.7779172
4391,722431,CR-0000103743,0,0,0,0,24-100-4007,False,True,0,4/9/2024 5:52:00 PM,No Pedestrians Involved,Unknown,Unknown,Unknown,Unknown,Unknown,Unknown,Broadside,Intersection,Other Vehicle,Not Applicable,Not Applicable,At,,False,False,106820,SAN SALVADOR ST,SIXTH ST,37.33254941,-121.8806663
4392,689232,CR-0000095188,0,1,0,0,22-297-0828,True,False,0,10/24/2022 8:03:00 PM,No Pedestrians Involved,Dry,No Unusual Conditions,Dark - Street Light,Violation Driver 1,Controls Functioning,Clear,Hit Object,Intersection,Fixed Object,Not Applicable,Not Applicable,At,CEMENT RAMP,True,False,59894,FIFTH ST,SAN SALVADOR ST,37.3320527,-121.8817577
4393,682246,CR-0000091811,0,0,0,0,22-123-0323,False,False,100,5/3/2022 11:00:00 AM,No Pedestrians Involved,Dry,No Unusual Conditions,Daylight,Violation Driver 1,No Controls Present/Factor,Clear,Broadside,Non-Related,Other Vehicle,Not Applicable,Not Applicable,South Of,,False,True,59894,FIFTH ST,SAN SALVADOR ST,37.3320527,-121.8817577
4394,682587,CR-0000092154,1,0,0,0,22-147-0198,False,False,168,5/27/2022 7:20:00 AM,No Pedestrians Involved,Dry,No Unusual Conditions,Daylight,Violation Driver 1,No Controls Present/Factor,Clear,Broadside,Non-Related,Other Vehicle,Not Applicable,Not Applicable,South Of,,False,False,59894,FIFTH ST,SAN SALVADOR ST,37.3320527,-121.8817577
4395,691297,CR-0000097542,1,0,0,0,23-060-0534,False,False,20,3/1/2023 3:00:00 PM,No Pedestrians Involved,Dry,No Unusual Conditions,Daylight,Violation Driver 1,Controls Functioning,Clear,Rear End,Related,Other Vehicle,Not Applicable,Not Applicable,South Of,,True,True,59894,FIFTH ST,SAN SALVADOR ST,37.3320527,-121.8817577
4396,719501,CR-0000102621,1,0,0,0,24-082-0623,False,False,0,3/22/2024 3:45:00 PM,Crossing In Crosswalk - At Intersection,Dry,No Unusual Conditions,Daylight,Violation Driver 1,No Controls Present/Factor,Cloudy,Vehicle/Pedestrian,Intersection,Pedestrian,South,North,At,PED,False,True,59894,FIFTH ST,SAN SALVADOR ST,37.3320527,-121.8817577
4397,681201,CR-0000090586,0,0,0,0,22-010-9705,False,True,0,1/2/2022 10:38:00 AM,No Pedestrians Involved,Dry,No Unusual Conditions,Daylight,Violation Driver 1,Controls Functioning,Clear,Sideswipe,Related,Other Vehicle,Not Applicable,Not Applicable,At,,False,False,62996,FOURTH ST,SAN SALVADOR ST,37.33151989,-121.8828284
4398,688875,CR-0000094731,0,0,1,0,22-276-0491,False,False,203,10/3/2022 1:20:00 PM,No Pedestrians Involved,Dry,No Unusual Conditions,Daylight,Violation Driver 1,No Controls Present/Factor,Clear,Rear End,Non-Related,Motorcycle,Not Applicable,Not Applicable,North Of,,True,False,62996,FOURTH ST,SAN SALVADOR ST,37.33151989,-121.8828284
4399,688998,CR-0000094858,0,0,0,0,22-265-4007,False,True,51,9/20/2022 8:38:00 PM,No Pedestrians Involved,Unknown,Unknown,Unknown,Unknown,Unknown,Unknown,Sideswipe,Non-Related,Other Vehicle,Not Applicable,Not Applicable,North Of,,False,False,62996,FOURTH ST,SAN SALVADOR ST,37.33151989,-121.8828284
4400,695826,CR-0000098891,0,0,0,0,23-092-9703,False,True,0,4/2/2023 3:44:00 PM,No Pedestrians Involved,Wet,No Unusual Conditions,Daylight,Unknown,Controls Functioning,Clear,Broadside,Intersection,Other Vehicle,Not Applicable,Not Applicable,At,,False,False,62996,FOURTH ST,SAN SALVADOR ST,37.33151989,-121.8828284
4401,722164,CR-0000103430,0,0,0,0,24-074-9702,False,True,0,3/14/2024 1:35:00 AM,No Pedestrians Involved,Dry,Unknown,Daylight,Unknown,Controls Functioning,Clear,Broadside,Intersection,Other Vehicle,Not Applicable,Not Applicable,At,,False,False,62996,FOURTH ST,SAN SALVADOR ST,37.33151989,-121.8828284
4402,716376,CR-0000102348,0,0,1,0,24-051-0703,False,False,226,2/20/2024 5:41:00 PM,In Road - Includes Shoulder,Dry,No Unusual Conditions,Daylight,Violation Driver 1,No Controls Present/Factor,Clear,Vehicle/Pedestrian,Non-Related,Pedestrian,No Direction (Not Walking),No Direction (Not Walking),North Of,PED,False,False,62996,FOURTH ST,SAN SALVADOR ST,37.33151989,-121.8828284
4403,711556,CR-0000101450,0,0,0,0,23-253-4000,False,True,0,9/8/2023 2:34:00 PM,No Pedestrians Involved,Unknown,Unknown,Unknown,Unknown,Unknown,Unknown,Broadside,Intersection,Other Vehicle,Not Applicable,Not Applicable,At,,False,False,62996,FOURTH ST,SAN SALVADOR ST,37.33151989,-121.8828284
4404,682728,CR-0000092308,0,0,0,0,22-130-4000,False,True,0,5/9/2022 8:09:00 AM,No Pedestrians Involved,Unknown,Unknown,Daylight,Unknown,Unknown,Unknown,Broadside,Intersection,Other Vehicle,Not Applicable,Not Applicable,At,,False,False,10482,AUZERAIS AV,DELMAS AV/GUADALUPE FR,37.32599444,-121.8945388
4405,691280,CR-0000097525,0,0,0,0,23-052-4000,False,True,0,2/20/2023 4:03:00 PM,No Pedestrians Involved,Unknown,Unknown,Unknown,Unknown,Unknown,Unknown,Other,Intersection,Other Vehicle,Not Applicable,Not Applicable,At,,False,False,10482,AUZERAIS AV,DELMAS AV/GUADALUPE FR,37.32599444,-121.8945388
4406,694284,CR-0000097975,1,0,0,0,23-079-0183,False,False,0,3/20/2023 7:50:00 AM,No Pedestrians Involved,Dry,No Unusual Conditions,Daylight,Violation Driver 1,No Controls Present/Factor,Cloudy,Vehicle/Bike,Intersection,Scooter Motorized,Not Applicable,Not Applicable,At,,False,False,10482,AUZERAIS AV,DELMAS AV/GUADALUPE FR,37.32599444,-121.8945388
4407,683339,CR-0000092927,0,0,0,0,22-172-4004,False,True,,6/21/2022 12:00:00 AM,No Pedestrians Involved,Unknown,Unknown,Daylight,Unknown,Unknown,Unknown,Rear End,Related,Parked Vehicle,Not Applicable,Not Applicable,Unknown,,False,False,87669,MARGARET ST,NINTH ST,37.32961858,-121.874212
4408,721951,CR-0000103205,0,0,0,0,24-032-0311,False,False,0,2/1/2024 11:04:00 AM,No Pedestrians Involved,Wet,No Unusual Conditions,Daylight,Violation Driver 1,No Controls Present/Factor,Cloudy,Broadside,Intersection,Other Vehicle,Not Applicable,Not Applicable,At,,False,False,95897,NINTH ST,REED ST,37.33111159,-121.8753233
4409,722415,CR-0000103710,0,1,0,0,24-109-0315,False,False,0,4/18/2024 10:05:00 AM,No Pedestrians Involved,Dry,No Unusual Conditions,Daylight,Violation Driver 1,No Controls Present/Factor,Clear,Broadside,Intersection,Other Vehicle,Not Applicable,Not Applicable,At,,False,True,95897,NINTH ST,REED ST,37.33111159,-121.8753233
4410,696182,CR-0000099326,1,0,0,0,23-211-0111,False,False,0,7/30/2023 1:41:00 AM,No Pedestrians Involved,Dry,No Unusual Conditions,Dark - Street Light,Violation Driver 1,Controls Functioning,Clear,Broadside,Intersection,Other Vehicle,Not Applicable,Not Applicable,At,,True,False,50137,GUADALUPE FR/DELMAS AV,PARK AV,37.32875804,-121.8966023
4411,696271,CR-0000099418,0,0,0,0,23-117-0297,False,False,0,4/27/2023 10:30:00 AM,No Pedestrians Involved,Dry,No Unusual Conditions,Daylight,Violation Driver 1,Controls Functioning,Clear,Broadside,Intersection,Train,Not Applicable,Not Applicable,At,VEHICLE VS LT RAIL TRAIN,False,False,50137,GUADALUPE FR/DELMAS AV,PARK AV,37.32875804,-121.8966023
4412,722201,CR-0000103467,0,0,0,0,24-078-0488,False,False,0,3/18/2024 1:24:00 PM,No Pedestrians Involved,Dry,Unknown,Daylight,Violation Driver 1,Controls Functioning,Clear,Broadside,Intersection,Train,Not Applicable,Not Applicable,At,,False,False,50137,GUADALUPE FR/DELMAS AV,PARK AV,37.32875804,-121.8966023
4413,684808,CR-0000093417,0,0,0,0,22-184-1033,True,False,0,7/3/2022 11:19:00 PM,No Pedestrians Involved,Dry,No Unusual Conditions,Dark - Street Light,Violation Driver 1,Controls Functioning,Clear,Hit Object,Intersection,Fixed Object,Not Applicable,Not Applicable,At,Sign,False,False,50148,DELMAS AV,SAN CARLOS ST,37.32746748,-121.8956325