_id,CrashFactId,Name,MinorInjuries,ModerateInjuries,SevereInjuries,FatalInjuries,TcrNumber,CityDamageFlag,ShortFormFlag,Distance,CrashDateTime,PedestrianAction,RoadwaySurface,RoadwayCondition,Lighting,PrimaryCollisionFactor,TrafficControl,Weather,CollisionType,ProximityToIntersection,VehicleInvolvedWith,PedestrianDirectionFrom,PedestrianDirectionTo,DirectionFromIntersection,Comment,SpeedingFlag,HitAndRunFlag,IntersectionNumber,AStreetName,BStreetName,Latitude,Longitude
4414,685326,CR-0000094007,0,0,0,0,22-253-0119,False,False,180,9/10/2022 2:32:00 AM,No Pedestrians Involved,Dry,No Unusual Conditions,Dark - Street Light,Violation Driver 1,Controls Functioning,Clear,Rear End,Non-Related,Parked Vehicle,Not Applicable,Not Applicable,South Of,,False,False,50148,DELMAS AV,SAN CARLOS ST,37.32746748,-121.8956325
4415,711652,CR-0000101193,0,0,0,0,23-307-4006,False,True,0,11/3/2023 8:25:00 PM,No Pedestrians Involved,Unknown,Unknown,Unknown,Unknown,Unknown,Unknown,Other,Intersection,Other Vehicle,Not Applicable,Not Applicable,At,,False,False,50148,DELMAS AV,SAN CARLOS ST,37.32746748,-121.8956325
4416,698877,CR-0000100162,0,1,0,0,23-233-0576,False,False,310,8/21/2023 2:51:00 PM,No Pedestrians Involved,Wet,Unknown,Daylight,Violation Driver 1,No Controls Present/Factor,Rain,Vehicle/Bike,Non-Related,Bike,Not Applicable,Not Applicable,East Of,BIKE,False,True,98493,GUADALUPE FR/WOZ WY,PARK AV,37.32943039,-121.8953348
4417,716038,CR-0000101878,0,0,0,0,23-007-4004,False,True,0,1/6/2023 12:30:00 PM,No Pedestrians Involved,Unknown,Unknown,Unknown,Unknown,Unknown,Unknown,Sideswipe,Intersection,Other Vehicle,Not Applicable,Not Applicable,At,,False,False,98493,GUADALUPE FR/WOZ WY,PARK AV,37.32943039,-121.8953348
4418,689234,CR-0000095187,0,0,1,0,22-301-0275,False,False,139,10/28/2022 10:13:00 AM,No Pedestrians Involved,Dry,No Unusual Conditions,Daylight,Violation Driver 1,No Controls Present/Factor,Clear,Overturned,Non-Related,Other Vehicle,Not Applicable,Not Applicable,South Of,,False,False,88351,MARTHA ST,SECOND ST,37.32311892,-121.8794186
4419,689593,CR-0000095570,1,0,0,0,22-319-0774,False,False,23,11/15/2022 6:38:00 PM,No Pedestrians Involved,Dry,No Unusual Conditions,Daylight,Violation Driver 1,Controls Functioning,Clear,Rear End,Related,Other Vehicle,Not Applicable,Not Applicable,North Of,,False,False,88351,MARTHA ST,SECOND ST,37.32311892,-121.8794186
4420,689646,CR-0000095628,1,0,0,0,22-334-0805,False,False,0,11/30/2022 8:15:00 PM,No Pedestrians Involved,Dry,No Unusual Conditions,Dark - Street Light,Violation Driver 1,Controls Functioning,Clear,Broadside,Intersection,Other Vehicle,Not Applicable,Not Applicable,At,,False,False,88351,MARTHA ST,SECOND ST,37.32311892,-121.8794186
4421,681250,CR-0000090635,1,0,0,0,22-006-0712,False,False,0,1/6/2022 5:07:00 PM,No Pedestrians Involved,Dry,No Unusual Conditions,Daylight,Violation Driver 1,Controls Functioning,Cloudy,Broadside,Intersection,Other Vehicle,Not Applicable,Not Applicable,At,,False,False,88351,MARTHA ST,SECOND ST,37.32311892,-121.8794186
4422,681898,CR-0000091389,1,0,0,0,22-054-0322,False,False,0,2/23/2022 10:15:00 AM,No Pedestrians Involved,Dry,No Unusual Conditions,Daylight,Violation Driver 1,No Controls Present/Factor,Clear,Broadside,Intersection,Other Vehicle,Not Applicable,Not Applicable,At,,False,False,88351,MARTHA ST,SECOND ST,37.32311892,-121.8794186
4423,690403,CR-0000096500,1,0,0,0,22-226-0376,False,False,0,8/14/2022 10:17:00 AM,No Pedestrians Involved,Dry,Unknown,Daylight,Violation Driver 1,Controls Functioning,Clear,Broadside,Intersection,Other Vehicle,Not Applicable,Not Applicable,At,,False,False,88351,MARTHA ST,SECOND ST,37.32311892,-121.8794186
4424,689978,CR-0000096020,1,2,0,0,22-222-0493,False,False,0,8/10/2022 1:03:00 PM,No Pedestrians Involved,Dry,No Unusual Conditions,Daylight,Violation Driver 1,Controls Functioning,Clear,Broadside,Intersection,Other Vehicle,Not Applicable,Not Applicable,At,,False,False,88351,MARTHA ST,SECOND ST,37.32311892,-121.8794186
4425,711564,CR-0000101052,0,0,0,0,23-295-4001,False,True,0,10/22/2023 1:20:00 PM,No Pedestrians Involved,Unknown,Unknown,Unknown,Unknown,Unknown,Unknown,Broadside,Intersection,Unknown,Not Applicable,Not Applicable,At,,False,False,88351,MARTHA ST,SECOND ST,37.32311892,-121.8794186
4426,682283,CR-0000091847,0,0,0,0,22-102-0696,True,False,0,4/12/2022 6:01:00 PM,No Pedestrians Involved,Dry,Other,Daylight,Violation Driver 1,Controls Functioning,Clear,Broadside,Intersection,Other Vehicle,Not Applicable,Not Applicable,At,LIGHT POLE,True,True,10295,BARACK OBAMA BL,SAN FERNANDO ST,37.32926406,-121.9000104
4427,722017,CR-0000103271,0,0,0,0,24-057-4006,False,True,51,2/25/2024 11:20:00 AM,No Pedestrians Involved,Unknown,Unknown,Unknown,Unknown,Unknown,Unknown,Sideswipe,Non-Related,Other Vehicle,Not Applicable,Not Applicable,South Of,,False,False,108998,SIERRA MAR DR,VISTAMONT DR,37.27483013,-121.8864716
4428,682770,CR-0000092351,1,0,0,0,22-132-0619,False,False,0,5/12/2022 4:46:00 PM,No Pedestrians Involved,Dry,No Unusual Conditions,Daylight,Violation Driver 1,Controls Functioning,Clear,Sideswipe,Intersection,Motor Vehicle On Other Roadway,Not Applicable,Not Applicable,At,,False,False,103443,REED ST,TENTH ST,37.33161023,-121.8742732
4429,682072,CR-0000091600,1,0,0,0,22-063-0629,False,False,0,3/4/2022 4:44:00 PM,No Pedestrians Involved,Dry,No Unusual Conditions,Daylight,Violation Driver 1,Controls Functioning,Clear,Broadside,Intersection,Other Vehicle,Not Applicable,Not Applicable,At,,False,False,103443,REED ST,TENTH ST,37.33161023,-121.8742732
4430,682075,CR-0000091586,2,0,0,0,22-068-0284,False,False,0,3/9/2022 9:54:00 AM,No Pedestrians Involved,Dry,No Unusual Conditions,Daylight,Violation Driver 1,Controls Functioning,Clear,Head On,Intersection,Other Vehicle,Not Applicable,Not Applicable,At,,False,False,103443,REED ST,TENTH ST,37.33161023,-121.8742732
4431,681717,CR-0000091115,0,0,0,0,22-057-0541,False,False,180,2/26/2022 4:30:00 PM,No Pedestrians Involved,Dry,No Unusual Conditions,Daylight,Violation Driver 1,Controls Functioning,Clear,Broadside,Non-Related,Other Vehicle,Not Applicable,Not Applicable,North Of,,False,True,103443,REED ST,TENTH ST,37.33161023,-121.8742732
4432,689293,CR-0000095259,1,0,0,0,22-310-0197,False,False,219,11/6/2022 5:21:00 AM,No Pedestrians Involved,Dry,No Unusual Conditions,Dark - Street Light,Violation Driver 1,Controls Functioning,Clear,Broadside,Non-Related,Parked Vehicle,Not Applicable,Not Applicable,North Of,,False,False,103443,REED ST,TENTH ST,37.33161023,-121.8742732
4433,689037,CR-0000094896,3,0,0,0,22-289-0548,False,False,0,10/16/2022 4:28:00 PM,No Pedestrians Involved,Dry,No Unusual Conditions,Daylight,Violation Driver 1,Controls Functioning,Clear,Head On,Intersection,Other Vehicle,Not Applicable,Not Applicable,At,,False,False,103443,REED ST,TENTH ST,37.33161023,-121.8742732
4434,689188,CR-0000095089,0,0,0,1,22-294-0151,False,False,0,10/21/2022 6:51:00 AM,No Pedestrians Involved,Dry,No Unusual Conditions,Dusk - Dawn,Bike At Fault,Controls Functioning,Clear,Vehicle/Bike,Intersection,Scooter Motorized,Not Applicable,Not Applicable,At,,False,False,103443,REED ST,TENTH ST,37.33161023,-121.8742732
4435,690305,CR-0000096397,0,0,0,0,22-259-9705,False,True,,9/14/2022 4:52:00 PM,No Pedestrians Involved,Dry,No Unusual Conditions,Daylight,Unknown,Controls Functioning,Clear,Rear End,Related,Motorcycle,Not Applicable,Not Applicable,South Of,,False,True,103443,REED ST,TENTH ST,37.33161023,-121.8742732
4436,698757,CR-0000100038,1,0,0,0,23-361-0783,False,False,0,12/27/2023 7:35:00 PM,No Pedestrians Involved,Wet,No Unusual Conditions,Dark - Street Light,Violation Driver 1,Controls Functioning,Rain,Head On,Intersection,Other Vehicle,Not Applicable,Not Applicable,At,,False,False,103443,REED ST,TENTH ST,37.33161023,-121.8742732
4437,699190,CR-0000100510,2,0,0,0,23-180-0303,False,False,0,6/29/2023 10:18:00 AM,No Pedestrians Involved,Dry,No Unusual Conditions,Daylight,Violation Driver 1,Controls Functioning,Clear,Broadside,Intersection,Other Vehicle,Not Applicable,Not Applicable,At,,False,False,103443,REED ST,TENTH ST,37.33161023,-121.8742732
4438,694721,CR-0000098763,1,0,0,0,23-225-0420,False,False,0,8/13/2023 1:07:00 PM,No Pedestrians Involved,Dry,No Unusual Conditions,Daylight,Violation Driver 1,Controls Functioning,Clear,Sideswipe,Intersection,Other Vehicle,Not Applicable,Not Applicable,At,,False,False,103443,REED ST,TENTH ST,37.33161023,-121.8742732
4439,722420,CR-0000103715,1,0,0,0,24-097-0644,False,False,51,4/6/2024 6:08:00 PM,No Pedestrians Involved,Dry,No Unusual Conditions,Daylight,Violation Driver 1,No Controls Present/Factor,Clear,Broadside,Non-Related,Motorcycle,Not Applicable,Not Applicable,North Of,,False,False,103443,REED ST,TENTH ST,37.33161023,-121.8742732
4440,689069,CR-0000094934,1,0,0,0,22-297-0694,False,False,0,10/24/2022 5:05:00 PM,No Pedestrians Involved,Dry,No Unusual Conditions,Daylight,Violation Driver 1,Controls Functioning,Clear,Sideswipe,Intersection,Other Vehicle,Not Applicable,Not Applicable,At,,False,False,55791,ELEVENTH ST,REED ST,37.33211514,-121.8732258
4441,682811,CR-0000092371,0,0,0,0,22-155-0260,False,False,57,6/4/2022 8:29:00 AM,No Pedestrians Involved,Dry,No Unusual Conditions,Daylight,Violation Driver 1,No Controls Present/Factor,Clear,Rear End,Non-Related,Parked Vehicle,Not Applicable,Not Applicable,East Of,,True,True,55791,ELEVENTH ST,REED ST,37.33211514,-121.8732258
4442,683194,CR-0000092806,0,0,0,0,22-134-4005,False,True,51,5/14/2022 8:00:00 PM,No Pedestrians Involved,Unknown,Unknown,Unknown,Unknown,Unknown,Unknown,Sideswipe,Non-Related,Other Vehicle,Not Applicable,Not Applicable,South Of,,False,True,55791,ELEVENTH ST,REED ST,37.33211514,-121.8732258
4443,716138,CR-0000102146,0,1,0,0,24-030-0532,False,False,0,1/30/2024 1:45:00 PM,No Pedestrians Involved,Dry,No Unusual Conditions,Daylight,Violation Driver 1,Controls Functioning,Clear,Vehicle/Bike,Intersection,Bike,Not Applicable,Not Applicable,At,ELECTRIC SCOOTER,False,False,55791,ELEVENTH ST,REED ST,37.33211514,-121.8732258
4444,711583,CR-0000101570,0,0,0,0,23-361-4004,False,True,51,12/27/2023 2:20:00 PM,No Pedestrians Involved,Unknown,Unknown,Unknown,Unknown,Unknown,Unknown,Broadside,Non-Related,Parked Vehicle,Not Applicable,Not Applicable,East Of,,False,False,55791,ELEVENTH ST,REED ST,37.33211514,-121.8732258
4445,682119,CR-0000091647,0,0,0,0,22-062-0756,False,False,40,3/3/2022 5:24:00 PM,No Pedestrians Involved,Dry,No Unusual Conditions,Daylight,Violation Driver 1,No Controls Present/Factor,Clear,Sideswipe,Related,Parked Vehicle,Not Applicable,Not Applicable,South Of,,False,False,128006,FLOWERING MEADOW CT,FLOWERING MEADOW LN,37.28056032,-121.7565288
4446,699343,CR-0000100670,0,0,0,0,23-170-0682,False,False,30,6/19/2023 5:15:00 PM,No Pedestrians Involved,Dry,No Unusual Conditions,Daylight,Violation Driver 1,Controls Functioning,Clear,Broadside,Related,Other Vehicle,Not Applicable,Not Applicable,South Of,,False,False,67649,GOLF DR,TOYON AV,37.38692499,-121.8303546
4447,681379,CR-0000090767,2,1,0,0,22-018-0771,False,False,0,1/18/2022 6:03:00 PM,No Pedestrians Involved,Dry,No Unusual Conditions,Dark - Street Light,Violation Driver 1,Controls Functioning,Clear,Rear End,Intersection,Other Vehicle,Not Applicable,Not Applicable,At,,False,False,5345,ALMADEN FRONT RD,TRINIDAD DR,37.2223354,-121.8638626
4448,682006,CR-0000091515,0,2,0,0,22-078-0070,False,False,198,3/19/2022 1:40:00 AM,No Pedestrians Involved,Dry,No Unusual Conditions,Dark - Street Light,Violation Driver 1,Controls Functioning,Clear,Rear End,Non-Related,Parked Vehicle,Not Applicable,Not Applicable,East Of,,False,False,73215,HILLSDALE AV,YUCCA AV,37.26740251,-121.9066494
4449,689676,CR-0000095658,1,0,0,0,22-309-0325,False,False,0,11/5/2022 11:01:00 AM,No Pedestrians Involved,Dry,No Unusual Conditions,Daylight,Violation Driver 1,Controls Functioning,Clear,Vehicle/Bike,Intersection,Scooter Motorized,Not Applicable,Not Applicable,At,M.Scooter,False,False,41403,COLEMAN RD,MERIDIAN AV,37.23788909,-121.8866491
4450,712007,CR-0000101083,0,0,0,0,23-236-9709,False,True,0,8/19/2023 8:35:00 PM,No Pedestrians Involved,Dry,No Unusual Conditions,Dark - Street Light,Unknown,Controls Functioning,Clear,Rear End,Intersection,Other Vehicle,Not Applicable,Not Applicable,At,,False,False,41403,COLEMAN RD,MERIDIAN AV,37.23788909,-121.8866491
4451,684907,CR-0000093560,0,0,0,1,22-211-0637,True,False,100,7/30/2022 4:19:00 PM,Not In Road,Dry,No Unusual Conditions,Daylight,Violation Driver 1,No Controls Present/Factor,Clear,Vehicle/Pedestrian,Non-Related,Pedestrian,No Direction (Not Walking),No Direction (Not Walking),East Of,Delayed Fatal - 09/30/2022. PED/TREE,False,True,10548,AUZERAIS AV,JOSEFA ST,37.32444524,-121.8972981
4452,690140,CR-0000096227,0,0,0,0,22-327-0716,False,False,100,11/23/2022 8:32:00 PM,No Pedestrians Involved,Dry,No Unusual Conditions,Dark - Street Light,Violation Driver 1,No Controls Present/Factor,Clear,Rear End,Non-Related,Parked Vehicle,Not Applicable,Not Applicable,West Of,,False,True,10548,AUZERAIS AV,JOSEFA ST,37.32444524,-121.8972981
4453,692564,CR-0000097855,1,0,0,0,23-097-1029,False,False,102,4/7/2023 11:33:00 PM,No Pedestrians Involved,Dry,No Unusual Conditions,Dark - Street Light,Violation Driver 1,Controls Functioning,Clear,Sideswipe,Non-Related,Parked Vehicle,Not Applicable,Not Applicable,West Of,,False,True,10548,AUZERAIS AV,JOSEFA ST,37.32444524,-121.8972981
4454,683472,CR-0000093068,0,0,0,0,22-217-4001,False,True,0,8/4/2022 5:55:00 PM,No Pedestrians Involved,Unknown,Unknown,Daylight,Unknown,Unknown,Unknown,Rear End,Intersection,Other Vehicle,Not Applicable,Not Applicable,At,,False,False,92950,BARACK OBAMA BL,PARK AV,37.32643371,-121.9007425
4455,687553,CR-0000094343,1,0,0,0,22-266-0341,False,False,0,9/23/2022 10:33:00 AM,No Pedestrians Involved,Dry,No Unusual Conditions,Daylight,Violation Driver 1,Controls Functioning,Clear,Rear End,Intersection,Other Vehicle,Not Applicable,Not Applicable,At,,False,False,92950,BARACK OBAMA BL,PARK AV,37.32643371,-121.9007425
4456,683307,CR-0000092893,0,1,0,0,22-134-0803,True,False,0,5/14/2022 9:17:00 PM,No Pedestrians Involved,Dry,No Unusual Conditions,Dark - Street Light,Violation Driver 1,Controls Functioning,Clear,Hit Object,Intersection,Fixed Object,Not Applicable,Not Applicable,At,Traffic Signal,True,False,92950,BARACK OBAMA BL,PARK AV,37.32643371,-121.9007425
4457,716332,CR-0000102283,2,0,0,0,24-048-0490,False,False,0,2/17/2024 3:42:00 PM,No Pedestrians Involved,Wet,No Unusual Conditions,Daylight,Unknown,Controls Functioning,Rain,Broadside,Intersection,Other Vehicle,Not Applicable,Not Applicable,At,,False,False,92950,BARACK OBAMA BL,PARK AV,37.32643371,-121.9007425
4458,722499,CR-0000103807,0,1,0,0,24-108-0416,False,False,0,4/17/2024 12:47:00 PM,No Pedestrians Involved,Dry,No Unusual Conditions,Daylight,Violation Driver 1,Controls Functioning,Clear,Broadside,Intersection,Other Vehicle,Not Applicable,Not Applicable,At,,False,False,92950,BARACK OBAMA BL,PARK AV,37.32643371,-121.9007425
4459,716063,CR-0000102032,1,0,0,0,24-014-0396,False,False,0,1/14/2024 1:01:00 PM,No Pedestrians Involved,Dry,No Unusual Conditions,Daylight,Violation Driver 1,Controls Functioning,Clear,Broadside,Intersection,Other Vehicle,Not Applicable,Not Applicable,At,,False,False,10537,AUZERAIS AV,ILLINOIS AV,37.32390411,-121.8982317
4460,684905,CR-0000093571,2,0,0,0,22-194-0899,False,False,0,7/13/2022 9:00:00 PM,No Pedestrians Involved,Dry,No Unusual Conditions,Dark - Street Light,Violation Driver 1,Unknown,Clear,Broadside,Intersection,Other Vehicle,Not Applicable,Not Applicable,At,,True,False,10614,AUZERAIS AV,ROYAL AV,37.32287891,-121.8999909
4461,699080,CR-0000100386,0,0,0,0,23-125-0723,True,False,0,5/5/2023 5:15:00 PM,No Pedestrians Involved,Wet,No Unusual Conditions,Daylight,Violation Driver 1,Controls Functioning,Rain,Head On,Intersection,Parked Vehicle,Not Applicable,Not Applicable,At,LIGHTPOLE,True,False,10614,AUZERAIS AV,ROYAL AV,37.32287891,-121.8999909
4462,689693,CR-0000095674,0,0,0,0,22-344-0172,True,False,0,12/10/2022 4:40:00 AM,No Pedestrians Involved,Wet,Unknown,Dark - Street Light,Violation Driver 1,No Controls Present/Factor,Rain,Hit Object,Intersection,Fixed Object,Not Applicable,Not Applicable,At,tree,False,True,94830,MYRTLE ST,UNIVERSITY AV,37.3408937,-121.9203316
4463,699391,CR-0000100719,0,0,0,0,23-190-0183,False,False,60,7/9/2023 5:24:00 AM,No Pedestrians Involved,Dry,No Unusual Conditions,Dark - No Street Light,Violation Driver 1,Controls Functioning,Clear,Rear End,Non-Related,Parked Vehicle,Not Applicable,Not Applicable,South Of,,True,True,94830,MYRTLE ST,UNIVERSITY AV,37.3408937,-121.9203316
4464,689440,CR-0000095415,0,1,0,0,22-315-0150,False,False,335,11/11/2022 6:30:00 AM,No Pedestrians Involved,Dry,No Unusual Conditions,Daylight,Other Improper Driving,No Controls Present/Factor,Clear,Rear End,Non-Related,Parked Vehicle,Not Applicable,Not Applicable,East Of,,False,False,10603,AUZERAIS AV,RACE ST,37.32086735,-121.911205
4465,683273,CR-0000092853,0,0,0,0,22-201-0131,False,False,150,7/20/2022 5:17:00 AM,No Pedestrians Involved,Dry,No Unusual Conditions,Dusk - Dawn,Violation Driver 1,Controls Functioning,Clear,Sideswipe,Non-Related,Parked Vehicle,Not Applicable,Not Applicable,North Of,,False,True,10603,AUZERAIS AV,RACE ST,37.32086735,-121.911205
4466,689834,CR-0000095860,2,0,0,0,22-344-0375,False,False,0,12/10/2022 11:29:00 AM,No Pedestrians Involved,Wet,No Unusual Conditions,Daylight,Violation Driver 1,Controls Functioning,Rain,Head On,Intersection,Other Vehicle,Not Applicable,Not Applicable,At,,False,False,10603,AUZERAIS AV,RACE ST,37.32086735,-121.911205
4467,690667,CR-0000096800,0,0,0,0,23-025-0670,False,False,94,1/25/2023 4:34:00 PM,No Pedestrians Involved,Dry,No Unusual Conditions,Daylight,Violation Driver 1,No Controls Present/Factor,Clear,Sideswipe,Non-Related,Other Vehicle,Not Applicable,Not Applicable,East Of,,True,False,10603,AUZERAIS AV,RACE ST,37.32086735,-121.911205
4468,711876,CR-0000101447,0,0,0,0,23-350-4006,False,True,51,9/6/2023 8:00:00 PM,No Pedestrians Involved,Unknown,Unknown,Unknown,Unknown,Unknown,Unknown,Other,Non-Related,Parked Vehicle,Not Applicable,Not Applicable,North Of,,False,False,10603,AUZERAIS AV,RACE ST,37.32086735,-121.911205
4469,689088,CR-0000094965,0,1,0,0,22-299-0750,False,False,0,10/26/2022 5:49:00 PM,No Pedestrians Involved,Dry,No Unusual Conditions,Daylight,Violation Driver 1,Unknown,Clear,Vehicle/Bike,Intersection,Bike,Not Applicable,Not Applicable,At,BICYCLIST,False,False,89407,MCDANIEL AV,PARK AV,37.33474669,-121.9250109
4470,690632,CR-0000096754,0,0,0,0,23-016-0494,False,False,51,1/16/2023 1:00:00 PM,No Pedestrians Involved,Dry,No Unusual Conditions,Daylight,Unknown,Unknown,Clear,Sideswipe,Non-Related,Parked Vehicle,Not Applicable,Not Applicable,North Of,,False,True,76185,JACKSON ST,SEVENTEENTH ST,37.35463177,-121.8824155
4471,691059,CR-0000097232,0,0,0,0,23-046-0230,False,False,84,2/14/2023 11:00:00 PM,No Pedestrians Involved,Dry,No Unusual Conditions,Dark - Street Light,Violation Driver 1,Unknown,Clear,Sideswipe,Non-Related,Parked Vehicle,Not Applicable,Not Applicable,South Of,,False,True,76185,JACKSON ST,SEVENTEENTH ST,37.35463177,-121.8824155
4472,681629,CR-0000091026,2,0,0,0,22-044-0701,False,False,21,2/13/2022 7:11:00 PM,No Pedestrians Involved,Dry,No Unusual Conditions,Dark - Street Light,Violation Driver 1,Controls Functioning,Clear,Head On,Related,Other Vehicle,Not Applicable,Not Applicable,South Of,,False,False,56891,EMPIRE ST,SEVENTEENTH ST,37.35249065,-121.8808204
4473,699102,CR-0000100418,0,0,0,0,23-177-0043,False,False,33,6/25/2023 9:42:00 PM,No Pedestrians Involved,Dry,No Unusual Conditions,Dark - Street Light,Violation Driver 1,Controls Functioning,Clear,Rear End,Related,Parked Vehicle,Not Applicable,Not Applicable,South Of,,True,True,56891,EMPIRE ST,SEVENTEENTH ST,37.35249065,-121.8808204
4474,696036,CR-0000099171,0,0,0,0,23-206-0863,True,False,126,7/25/2023 7:30:00 PM,No Pedestrians Involved,Dry,No Unusual Conditions,Daylight,Violation Driver 1,No Controls Present/Factor,Clear,Sideswipe,Non-Related,Parked Vehicle,Not Applicable,Not Applicable,North Of,CITY VEHICLE,False,False,56891,EMPIRE ST,SEVENTEENTH ST,37.35249065,-121.8808204
4475,688838,CR-0000094693,0,0,0,0,22-293-0482,True,False,280,10/20/2022 1:30:00 PM,No Pedestrians Involved,Dry,No Unusual Conditions,Daylight,Unknown,Controls Functioning,Clear,Hit Object,Non-Related,Fixed Object,Not Applicable,Not Applicable,South Of,Guard Rail,False,False,79573,KING RD,SCHULTE DR,37.36067026,-121.8633422
4476,683492,CR-0000093092,0,0,0,0,22-192-0020,True,False,60,7/11/2022 12:18:00 AM,No Pedestrians Involved,Dry,No Unusual Conditions,Dark - Street Light,Violation Driver 1,Controls Functioning,Clear,Head On,Non-Related,Fixed Object,Not Applicable,Not Applicable,South Of,GUARD RAIL,True,False,79573,KING RD,SCHULTE DR,37.36067026,-121.8633422
4477,717473,CR-0000102497,1,0,0,0,24-079-0185,False,False,52,3/19/2024 8:50:00 AM,No Pedestrians Involved,Dry,No Unusual Conditions,Daylight,Violation Driver 1,Unknown,Clear,Broadside,Non-Related,Other Vehicle,Not Applicable,Not Applicable,South Of,,False,False,79573,KING RD,SCHULTE DR,37.36067026,-121.8633422
4478,687560,CR-0000094352,0,1,0,0,22-261-0695,False,False,210,9/18/2022 6:18:00 PM,No Pedestrians Involved,Wet,No Unusual Conditions,Dark - Street Light,Violation Driver 1,No Controls Present/Factor,Rain,Vehicle/Bike,Non-Related,Bike,Not Applicable,Not Applicable,South Of,BIKE,False,False,115950,PATH WY,SADDLE BROOK DR,37.26555394,-121.8239727
4479,716046,CR-0000101800,0,0,0,0,23-133-0499,False,False,81,5/13/2023 11:14:00 AM,No Pedestrians Involved,Dry,No Unusual Conditions,Daylight,Violation Driver 1,No Controls Present/Factor,Clear,Rear End,Non-Related,Parked Vehicle,Not Applicable,Not Applicable,West Of,,False,True,92245,MONET CI,ROSENBAUM AV,37.27301559,-121.8386101
4480,717424,CR-0000102439,0,0,0,0,23-226-4001,False,True,51,8/8/2023 5:30:00 PM,No Pedestrians Involved,Unknown,Unknown,Unknown,Unknown,Unknown,Unknown,Other,Non-Related,Parked Vehicle,Not Applicable,Not Applicable,South Of,,False,False,97360,OLD POST WY,OLD STONE PL,37.3909869,-121.8686962
4481,681714,CR-0000091112,2,0,0,0,22-057-0366,False,False,0,2/26/2022 11:48:00 AM,No Pedestrians Involved,Dry,No Unusual Conditions,Daylight,Violation Driver 1,No Controls Present/Factor,Clear,Broadside,Intersection,Other Vehicle,Not Applicable,Not Applicable,At,,False,False,78968,KERLEY DR,ROSEMARY ST,37.36079004,-121.9067839
4482,694140,CR-0000097969,0,0,0,0,23-067-0661,False,False,75,3/8/2023 4:52:00 PM,No Pedestrians Involved,Dry,No Unusual Conditions,Daylight,Violation Driver 1,No Controls Present/Factor,Clear,Sideswipe,Non-Related,Parked Vehicle,Not Applicable,Not Applicable,East Of,,False,False,78968,KERLEY DR,ROSEMARY ST,37.36079004,-121.9067839
4483,681558,CR-0000090955,0,0,0,0,22-040-1008,False,False,159,2/9/2022 11:36:00 PM,No Pedestrians Involved,Dry,No Unusual Conditions,Dark - Street Light,Violation Driver 1,No Controls Present/Factor,Clear,Other,Non-Related,Parked Vehicle,Not Applicable,Not Applicable,West Of,,False,False,13408,BARONI AV,SNELL AV,37.27576125,-121.8407833
4484,682817,CR-0000092380,2,0,0,0,22-169-0805,False,False,0,6/18/2022 9:07:00 PM,No Pedestrians Involved,Dry,No Unusual Conditions,Dark - Street Light,Violation Driver 1,Controls Functioning,Clear,Broadside,Intersection,Other Vehicle,Not Applicable,Not Applicable,At,,False,False,67363,GOLD RUN WY/THE WOODS DR,SNELL AV,37.27503726,-121.8400994
4485,698692,CR-0000099940,3,1,0,0,23-293-0927,False,False,0,10/20/2023 12:37:00 PM,No Pedestrians Involved,Dry,No Unusual Conditions,Dark - Street Light,Violation Driver 1,Controls Functioning,Clear,Broadside,Intersection,Other Vehicle,Not Applicable,Not Applicable,At,,False,False,67363,GOLD RUN WY/THE WOODS DR,SNELL AV,37.27503726,-121.8400994
4486,711533,CR-0000101425,0,0,0,0,23-348-4002,False,True,51,12/10/2023 10:25:00 PM,No Pedestrians Involved,Unknown,Unknown,Unknown,Unknown,Unknown,Unknown,Other,Non-Related,Other Vehicle,Not Applicable,Not Applicable,Unknown,,False,False,67363,GOLD RUN WY/THE WOODS DR,SNELL AV,37.27503726,-121.8400994
4487,681778,CR-0000091178,0,1,0,0,22-048-0569,False,False,0,2/17/2022 2:44:00 PM,No Pedestrians Involved,Dry,No Unusual Conditions,Daylight,Bike At Fault,Controls Functioning,Clear,Vehicle/Bike,Intersection,Bike,Not Applicable,Not Applicable,At,BIKE,False,False,102486,QUIMBY RD,RUBY AV,37.32496667,-121.7821405
4488,682151,CR-0000091693,0,0,0,0,22-090-9702,False,True,0,3/30/2022 8:10:00 AM,No Pedestrians Involved,Dry,No Unusual Conditions,Daylight,Unknown,Controls Functioning,Clear,Rear End,Intersection,Motor Vehicle On Other Roadway,Not Applicable,Not Applicable,At,,False,False,102486,QUIMBY RD,RUBY AV,37.32496667,-121.7821405
4489,694244,CR-0000098167,1,1,0,0,23-151-0285,False,False,0,5/31/2023 10:14:00 AM,No Pedestrians Involved,Dry,No Unusual Conditions,Daylight,Violation Driver 1,Unknown,Clear,Broadside,Intersection,Other Vehicle,Not Applicable,Not Applicable,At,,False,False,102486,QUIMBY RD,RUBY AV,37.32496667,-121.7821405
4490,682743,CR-0000092325,0,0,2,0,22-163-0072,True,False,418,6/5/2022 12:55:00 AM,No Pedestrians Involved,Dry,No Unusual Conditions,Dusk - Dawn,Violation Driver 1,No Controls Present/Factor,Clear,Head On,Non-Related,Fixed Object,Not Applicable,Not Applicable,South Of,TREE,True,False,137136,MURILLO AV,ROSE TERRASSE,37.32234855,-121.7659042