_id,CrashFactId,Name,MinorInjuries,ModerateInjuries,SevereInjuries,FatalInjuries,TcrNumber,CityDamageFlag,ShortFormFlag,Distance,CrashDateTime,PedestrianAction,RoadwaySurface,RoadwayCondition,Lighting,PrimaryCollisionFactor,TrafficControl,Weather,CollisionType,ProximityToIntersection,VehicleInvolvedWith,PedestrianDirectionFrom,PedestrianDirectionTo,DirectionFromIntersection,Comment,SpeedingFlag,HitAndRunFlag,IntersectionNumber,AStreetName,BStreetName,Latitude,Longitude
4491,699197,CR-0000100517,0,0,0,0,23-181-0110,True,False,33,6/30/2023 4:20:00 AM,No Pedestrians Involved,Dry,No Unusual Conditions,Dark - Street Light,Violation Driver 1,No Controls Present/Factor,Clear,Hit Object,Related,Fixed Object,Not Applicable,Not Applicable,South Of,TREE,False,False,137136,MURILLO AV,ROSE TERRASSE,37.32234855,-121.7659042
4492,683443,CR-0000093039,0,0,0,0,22-079-0254,False,False,188,3/20/2022 8:55:00 AM,No Pedestrians Involved,Dry,Unknown,Daylight,Violation Driver 1,No Controls Present/Factor,Clear,Sideswipe,Non-Related,Parked Vehicle,Not Applicable,Not Applicable,North Of,,True,True,94160,MT MADONNA DR,MT ST HELENA DR,37.34966681,-121.8020909
4493,681446,CR-0000090836,1,0,0,0,22-025-0717,False,False,0,1/25/2022 5:42:00 PM,No Pedestrians Involved,Unknown,Unknown,Daylight,Violation Driver 1,Unknown,Unknown,Broadside,Intersection,Other Vehicle,Not Applicable,Not Applicable,At,,False,False,88318,MARTEN AV,MT RUSHMORE DR,37.34810456,-121.8017141
4494,684946,CR-0000093651,1,0,0,0,22-222-0251,False,False,0,8/10/2022 9:08:00 AM,Crossing In Crosswalk - At Intersection,Dry,No Unusual Conditions,Daylight,Violation Driver 1,Controls Functioning,Clear,Vehicle/Pedestrian,Intersection,Pedestrian,East,West,At,PEDESTRIAN,False,False,88318,MARTEN AV,MT RUSHMORE DR,37.34810456,-121.8017141
4495,722107,CR-0000103372,0,0,0,0,24-069-0314,False,False,390,3/9/2024 2:00:00 AM,No Pedestrians Involved,Dry,No Unusual Conditions,Dark - Street Light,Violation Driver 1,No Controls Present/Factor,Clear,Rear End,Non-Related,Parked Vehicle,Not Applicable,Not Applicable,East Of,,True,True,88318,MARTEN AV,MT RUSHMORE DR,37.34810456,-121.8017141
4496,711538,CR-0000100899,0,1,0,0,23-311-0390,False,False,421,11/7/2023 11:18:00 AM,No Pedestrians Involved,Dry,No Unusual Conditions,Daylight,Violation Driver 1,No Controls Present/Factor,Clear,Rear End,Non-Related,Parked Vehicle,Not Applicable,Not Applicable,West Of,,True,True,61467,FLINTDALE DR,FLINTMONT DR,37.34413985,-121.7989581
4497,689456,CR-0000095433,0,1,0,0,22-307-0463,False,False,0,11/3/2022 1:16:00 PM,No Pedestrians Involved,Dry,No Unusual Conditions,Daylight,Violation Driver 1,Unknown,Clear,Vehicle/Bike,Intersection,Bike,Not Applicable,Not Applicable,At,BIKE,True,False,118557,LUKE CT,MCCREERY AV,37.34269998,-121.8412334
4498,682359,CR-0000091922,0,0,0,0,22-109-4002,False,True,51,4/16/2022 3:35:00 PM,No Pedestrians Involved,Unknown,Unknown,Daylight,Unknown,Unknown,Unknown,Other,Non-Related,Parked Vehicle,Not Applicable,Not Applicable,West Of,,False,True,38720,CHIPLAY DR,CLIFFWOOD DR,37.3360456,-121.8358696
4499,691173,CR-0000097375,0,0,0,0,23-049-0961,False,False,105,2/18/2023 11:34:00 PM,No Pedestrians Involved,Dry,Unknown,Dark - No Street Light,Violation Driver 1,Unknown,Clear,Sideswipe,Non-Related,Parked Vehicle,Not Applicable,Not Applicable,South Of,,False,True,88175,MARSH ST,POMPANO ST,37.33756976,-121.8420807
4500,696111,CR-0000099251,0,0,0,0,23-238-0024,False,False,,8/26/2023 12:28:00 AM,No Pedestrians Involved,Dry,No Unusual Conditions,Dark - Street Light,Violation Driver 1,Unknown,Unknown,Sideswipe,Related,Other Vehicle,Not Applicable,Not Applicable,North Of,,False,False,101584,POMPANO ST,SCOTTY ST,37.33642215,-121.8410431
4501,682530,CR-0000092097,0,1,0,0,22-095-0880,False,False,440,4/5/2022 8:25:00 PM,Crossing - Not In Crosswalk,Dry,No Unusual Conditions,Dark - Street Light,Pedestrian At Fault,No Controls Present/Factor,Clear,Vehicle/Pedestrian,Non-Related,Pedestrian,South,North,North Of,PED,False,False,42448,COMMERCIAL ST,OAKLAND RD,37.36469384,-121.8917097
4502,683334,CR-0000092922,0,0,0,0,22-153-4000,False,True,0,6/1/2022 6:00:00 PM,No Pedestrians Involved,Unknown,Unknown,Daylight,Unknown,Unknown,Unknown,Sideswipe,Intersection,Other Vehicle,Not Applicable,Not Applicable,At,,False,False,42448,COMMERCIAL ST,OAKLAND RD,37.36469384,-121.8917097
4503,696429,CR-0000099606,1,0,0,0,23-002-9703,False,False,0,4/17/2022 1:43:00 PM,No Pedestrians Involved,Dry,No Unusual Conditions,Daylight,Violation Driver 1,Controls Functioning,Clear,Broadside,Intersection,Other Vehicle,Not Applicable,Not Applicable,At,,False,True,42448,COMMERCIAL ST,OAKLAND RD,37.36469384,-121.8917097
4504,690090,CR-0000096171,0,0,0,0,22-108-9707,False,True,,4/16/2022 12:15:00 PM,No Pedestrians Involved,Dry,Construction - Repair Zone,Daylight,Unknown,Controls Functioning,Clear,Sideswipe,Related,Other Vehicle,Not Applicable,Not Applicable,West Of,,False,True,42448,COMMERCIAL ST,OAKLAND RD,37.36469384,-121.8917097
4505,681835,CR-0000091243,0,1,0,0,22-089-0428,False,False,160,3/30/2022 1:07:00 PM,No Pedestrians Involved,Dry,No Unusual Conditions,Daylight,Violation Driver 1,Controls Functioning,Clear,Broadside,Non-Related,Other Vehicle,Not Applicable,Not Applicable,East Of,,False,False,42448,COMMERCIAL ST,OAKLAND RD,37.36469384,-121.8917097
4506,681746,CR-0000091146,1,1,0,0,22-052-0147,False,False,0,2/21/2022 7:26:00 AM,No Pedestrians Involved,Dry,No Unusual Conditions,Daylight,Violation Driver 1,Controls Functioning,Clear,Sideswipe,Intersection,Other Vehicle,Not Applicable,Not Applicable,At,,False,False,42448,COMMERCIAL ST,OAKLAND RD,37.36469384,-121.8917097
4507,689558,CR-0000095535,0,1,0,0,22-346-0794,False,False,285,12/12/2022 7:21:00 PM,No Pedestrians Involved,Dry,No Unusual Conditions,Dark - Street Light,Violation Driver 1,Controls Functioning,Clear,Head On,Non-Related,Other Vehicle,Not Applicable,Not Applicable,East Of,,False,False,42448,COMMERCIAL ST,OAKLAND RD,37.36469384,-121.8917097
4508,689409,CR-0000095355,0,1,0,0,22-333-0766,False,False,518,11/29/2022 6:37:00 PM,In Road - Includes Shoulder,Dry,No Unusual Conditions,Dark - Street Light,Violation Driver 1,Controls Functioning,Clear,Vehicle/Pedestrian,Non-Related,Pedestrian,East,West,West Of,PED,True,False,42448,COMMERCIAL ST,OAKLAND RD,37.36469384,-121.8917097
4509,688751,CR-0000094577,0,0,0,0,22-275-4005,False,True,51,10/2/2022 2:50:00 PM,No Pedestrians Involved,Unknown,Unknown,Daylight,Unknown,Unknown,Unknown,Head On,Non-Related,Other Vehicle,Not Applicable,Not Applicable,East Of,,False,False,42448,COMMERCIAL ST,OAKLAND RD,37.36469384,-121.8917097
4510,688877,CR-0000094733,0,1,0,0,22-277-0684,False,False,299,10/4/2022 4:48:00 PM,No Pedestrians Involved,Dry,No Unusual Conditions,Daylight,Violation Driver 1,Controls Functioning,Clear,Broadside,Non-Related,Other Vehicle,Not Applicable,Not Applicable,West Of,,False,False,42448,COMMERCIAL ST,OAKLAND RD,37.36469384,-121.8917097
4511,683439,CR-0000093034,0,0,0,0,22-164-9708,False,True,51,6/13/2022 11:30:00 AM,No Pedestrians Involved,Dry,Construction - Repair Zone,Daylight,Unknown,Controls Functioning,Clear,Sideswipe,Non-Related,Other Vehicle,Not Applicable,Not Applicable,South Of,,False,True,42448,COMMERCIAL ST,OAKLAND RD,37.36469384,-121.8917097
4512,683127,CR-0000092710,0,0,0,0,22-189-0626,False,False,0,7/8/2022 8:12:00 PM,No Pedestrians Involved,Dry,No Unusual Conditions,Daylight,Violation Driver 1,Controls Functioning,Clear,Rear End,Intersection,Other Vehicle,Not Applicable,Not Applicable,At,,True,True,42448,COMMERCIAL ST,OAKLAND RD,37.36469384,-121.8917097
4513,687461,CR-0000094240,1,0,0,0,22-255-0096,False,False,0,9/12/2022 2:14:00 AM,No Pedestrians Involved,Dry,No Unusual Conditions,Dark - Street Light,Violation Driver 1,Controls Functioning,Clear,Hit Object,Intersection,Non-Collision,Not Applicable,Not Applicable,At,Median,False,False,42448,COMMERCIAL ST,OAKLAND RD,37.36469384,-121.8917097
4514,685137,CR-0000093813,1,1,1,0,22-234-0445,False,False,0,8/22/2022 12:15:00 PM,No Pedestrians Involved,Dry,No Unusual Conditions,Daylight,Violation Driver 1,Controls Functioning,Clear,Broadside,Intersection,Other Vehicle,Not Applicable,Not Applicable,At,,False,False,42448,COMMERCIAL ST,OAKLAND RD,37.36469384,-121.8917097
4515,699195,CR-0000100515,0,0,0,0,23-169-0996,False,False,0,6/18/2023 11:30:00 PM,No Pedestrians Involved,Dry,No Unusual Conditions,Dark - Street Light,Violation Driver 1,Controls Functioning,Clear,Sideswipe,Intersection,Other Vehicle,Not Applicable,Not Applicable,At,,True,True,42448,COMMERCIAL ST,OAKLAND RD,37.36469384,-121.8917097
4516,699339,CR-0000100666,0,0,0,0,23-153-0684,False,False,0,6/2/2023 5:21:00 PM,No Pedestrians Involved,Dry,No Unusual Conditions,Daylight,Violation Driver 1,Controls Functioning,Clear,Rear End,Intersection,Other Vehicle,Not Applicable,Not Applicable,At,,False,True,42448,COMMERCIAL ST,OAKLAND RD,37.36469384,-121.8917097
4517,698694,CR-0000099941,1,0,0,0,23-292-0725,False,False,0,10/19/2023 6:19:00 PM,No Pedestrians Involved,Dry,No Unusual Conditions,Daylight,Violation Driver 1,No Controls Present/Factor,Clear,Broadside,Intersection,Motorcycle,Not Applicable,Not Applicable,At,,False,False,42448,COMMERCIAL ST,OAKLAND RD,37.36469384,-121.8917097
4518,692438,CR-0000097722,1,0,0,0,23-083-0637,False,False,278,3/24/2023 5:00:00 PM,No Pedestrians Involved,Dry,No Unusual Conditions,Daylight,Violation Driver 1,No Controls Present/Factor,Clear,Broadside,Non-Related,Other Vehicle,Not Applicable,Not Applicable,North Of,,False,False,42448,COMMERCIAL ST,OAKLAND RD,37.36469384,-121.8917097
4519,690706,CR-0000096843,2,0,0,0,23-001-0608,False,False,0,1/1/2023 4:24:00 PM,No Pedestrians Involved,Dry,No Unusual Conditions,Daylight,Violation Driver 1,Unknown,Clear,Rear End,Intersection,Other Vehicle,Not Applicable,Not Applicable,At,,True,False,42448,COMMERCIAL ST,OAKLAND RD,37.36469384,-121.8917097
4520,690300,CR-0000096392,0,0,0,0,22-339-9703,False,False,,11/23/2022 1:30:00 PM,No Pedestrians Involved,Unknown,Unknown,Daylight,Unknown,Controls Functioning,Clear,Sideswipe,Related,Other Vehicle,Not Applicable,Not Applicable,East Of,,False,False,42448,COMMERCIAL ST,OAKLAND RD,37.36469384,-121.8917097
4521,711878,CR-0000100989,0,0,0,0,23-266-0627,False,False,0,9/23/2023 6:14:00 PM,No Pedestrians Involved,Dry,No Unusual Conditions,Daylight,Violation Driver 1,No Controls Present/Factor,Clear,Broadside,Intersection,Other Vehicle,Not Applicable,Not Applicable,At,,False,True,42448,COMMERCIAL ST,OAKLAND RD,37.36469384,-121.8917097
4522,711751,CR-0000101549,0,0,0,0,23-343-0750,False,False,0,12/11/2023 5:44:00 PM,No Pedestrians Involved,Dry,No Unusual Conditions,Dusk - Dawn,Violation Driver 1,No Controls Present/Factor,Clear,Broadside,Intersection,Other Vehicle,Not Applicable,Not Applicable,At,,False,False,42448,COMMERCIAL ST,OAKLAND RD,37.36469384,-121.8917097
4523,715967,CR-0000101967,3,0,0,0,24-003-0196,False,False,655,1/3/2024 8:50:00 AM,No Pedestrians Involved,Dry,No Unusual Conditions,Daylight,Violation Driver 1,Unknown,Clear,Rear End,Non-Related,Other Vehicle,Not Applicable,Not Applicable,East Of,,False,False,42448,COMMERCIAL ST,OAKLAND RD,37.36469384,-121.8917097
4524,722100,CR-0000103356,0,0,0,0,24-068-0541,False,False,285,3/8/2024 2:55:00 PM,No Pedestrians Involved,Dry,No Unusual Conditions,Daylight,Violation Driver 1,Controls Functioning,Clear,Broadside,Non-Related,Other Vehicle,Not Applicable,Not Applicable,North Of,,False,True,42448,COMMERCIAL ST,OAKLAND RD,37.36469384,-121.8917097
4525,722171,CR-0000103437,0,0,0,0,24-076-4000,False,True,51,3/15/2024 4:30:00 PM,No Pedestrians Involved,Unknown,Unknown,Unknown,Unknown,Unknown,Unknown,Broadside,Non-Related,Other Vehicle,Not Applicable,Not Applicable,North Of,,False,False,42448,COMMERCIAL ST,OAKLAND RD,37.36469384,-121.8917097
4526,720860,CR-0000103063,0,0,0,0,24-052-4000,False,True,51,2/13/2024 10:54:00 AM,No Pedestrians Involved,Unknown,Unknown,Unknown,Unknown,Unknown,Unknown,Rear End,Non-Related,Other Vehicle,Not Applicable,Not Applicable,Unknown,,False,False,42448,COMMERCIAL ST,OAKLAND RD,37.36469384,-121.8917097
4527,719637,CR-0000102798,0,0,0,0,24-004-4007,False,True,51,1/4/2024 12:15:00 PM,No Pedestrians Involved,Unknown,Unknown,Unknown,Unknown,Unknown,Unknown,Other,Non-Related,Other Vehicle,Not Applicable,Not Applicable,Unknown,,False,False,42448,COMMERCIAL ST,OAKLAND RD,37.36469384,-121.8917097
4528,712000,CR-0000101345,0,0,0,0,23-252-1014,False,False,24,9/9/2023 10:55:00 PM,No Pedestrians Involved,Dry,No Unusual Conditions,Dark - Street Light,Violation Driver 1,Controls Functioning,Clear,Rear End,Related,Other Vehicle,Not Applicable,Not Applicable,South Of,,False,False,60280,FIRST ST,JACKSON ST,37.34694895,-121.8985928
4529,696407,CR-0000099583,0,0,0,0,23-151-0202,False,False,51,5/31/2023 8:11:00 AM,No Pedestrians Involved,Dry,No Unusual Conditions,Daylight,Violation Driver 1,No Controls Present/Factor,Cloudy,Sideswipe,Non-Related,Other Vehicle,Not Applicable,Not Applicable,North Of,,True,False,60191,FIRST ST,GEORGE ST,37.34783336,-121.8992651
4530,688899,CR-0000094758,0,0,0,0,22-277-0336,True,False,0,10/4/2022 10:00:00 AM,No Pedestrians Involved,Dry,No Unusual Conditions,Daylight,Violation Driver 1,Controls Functioning,Cloudy,Hit Object,Intersection,Fixed Object,Not Applicable,Not Applicable,At,TRAFFIC LIGHT,False,True,60675,FIRST ST,TAYLOR ST,37.3490802,-121.9002226
4531,689126,CR-0000094983,0,0,0,0,22-238-0388,False,False,0,8/26/2022 12:26:00 PM,No Pedestrians Involved,Unknown,No Unusual Conditions,Daylight,Violation Driver 1,Unknown,Unknown,Broadside,Intersection,Train,Not Applicable,Not Applicable,At,,False,False,60675,FIRST ST,TAYLOR ST,37.3490802,-121.9002226
4532,696060,CR-0000099195,0,0,0,0,23-029-4005,False,True,,1/29/2023 6:38:00 PM,No Pedestrians Involved,Unknown,Unknown,Unknown,Unknown,Unknown,Unknown,Rear End,Related,Other Vehicle,Not Applicable,Not Applicable,Unknown,,False,False,60675,FIRST ST,TAYLOR ST,37.3490802,-121.9002226
4533,690268,CR-0000096359,0,0,0,0,22-259-9707,False,True,,9/16/2022 3:35:00 PM,No Pedestrians Involved,Dry,No Unusual Conditions,Daylight,Unknown,Controls Functioning,Clear,Sideswipe,Related,Other Vehicle,Not Applicable,Not Applicable,North Of,,False,False,60675,FIRST ST,TAYLOR ST,37.3490802,-121.9002226
4534,691275,CR-0000097520,0,0,0,0,23-054-4006,False,True,0,2/23/2023 11:50:00 AM,No Pedestrians Involved,Unknown,Unknown,Unknown,Unknown,Unknown,Unknown,Rear End,Intersection,Other Vehicle,Not Applicable,Not Applicable,At,,False,False,60675,FIRST ST,TAYLOR ST,37.3490802,-121.9002226
4535,716070,CR-0000102021,0,1,0,0,24-011-0304,False,False,0,1/10/2024 10:00:00 AM,Crossing In Crosswalk - At Intersection,Dry,No Unusual Conditions,Daylight,Violation Driver 1,Unknown,Clear,Vehicle/Pedestrian,Intersection,Pedestrian,East,West,At,PEDESTRIAN,False,False,60675,FIRST ST,TAYLOR ST,37.3490802,-121.9002226
4536,722168,CR-0000103434,0,0,0,0,24-075-0497,False,False,50,3/15/2024 2:20:00 PM,No Pedestrians Involved,Dry,No Unusual Conditions,Daylight,Violation Driver 1,Controls Functioning,Clear,Rear End,Related,Other Vehicle,Not Applicable,Not Applicable,West Of,,False,True,60675,FIRST ST,TAYLOR ST,37.3490802,-121.9002226
4537,688839,CR-0000094694,1,0,0,0,22-293-0831,False,False,390,10/20/2022 7:10:00 PM,No Pedestrians Involved,Dry,No Unusual Conditions,Daylight,Violation Driver 1,No Controls Present/Factor,Clear,Sideswipe,Non-Related,Parked Vehicle,Not Applicable,Not Applicable,North Of,,False,True,60389,FIRST ST,MISSION ST,37.35120029,-121.9018229
4538,683252,CR-0000092855,0,0,0,0,22-206-9701,False,True,175,7/21/2022 3:00:00 AM,No Pedestrians Involved,Dry,Other,Daylight,Unknown,No Controls Present/Factor,Clear,Other,Non-Related,Parked Vehicle,Not Applicable,Not Applicable,South Of,,False,True,94808,MYRTLE ST,NEWHALL ST,37.34566525,-121.9255488
4539,690205,CR-0000096295,0,0,0,0,22-313-0250,False,False,110,11/9/2022 9:53:00 AM,No Pedestrians Involved,Dry,No Unusual Conditions,Daylight,Violation Driver 1,Controls Functioning,Clear,Hit Object,Non-Related,Fixed Object,Not Applicable,Not Applicable,North Of,pole,False,False,17775,BERRYWOOD DR,KING RD,37.35903547,-121.8617183
4540,722371,CR-0000103665,0,0,0,0,24-095-9707,False,True,260,4/1/2023 8:00:00 PM,No Pedestrians Involved,Dry,No Unusual Conditions,Dark - Street Light,Unknown,No Controls Present/Factor,Clear,Other,Non-Related,Parked Vehicle,Not Applicable,Not Applicable,East Of,,False,False,49708,DEL MAR AV,MARLBORO CT,37.30968591,-121.9304775
4541,722370,CR-0000103664,0,0,0,0,24-095-9704,False,True,51,4/1/2024 8:00:00 PM,No Pedestrians Involved,Dry,No Unusual Conditions,Dusk - Dawn,Unknown,No Controls Present/Factor,Clear,Sideswipe,Non-Related,Parked Vehicle,Not Applicable,Not Applicable,East Of,,False,False,49708,DEL MAR AV,MARLBORO CT,37.30968591,-121.9304775
4542,711697,CR-0000101079,0,0,0,0,23-302-4004,False,True,51,10/28/2023 11:00:00 PM,No Pedestrians Involved,Unknown,Unknown,Unknown,Unknown,Unknown,Unknown,Sideswipe,Non-Related,Other Vehicle,Not Applicable,Not Applicable,Unknown,,False,False,13903,BASCOM AV,LINDAIRE AV,37.30832791,-121.9317739
4543,688687,CR-0000094509,3,0,0,0,22-267-0396,False,False,0,9/24/2022 11:01:00 AM,No Pedestrians Involved,Dry,No Unusual Conditions,Daylight,Violation Driver 1,Controls Functioning,Clear,Broadside,Intersection,Other Vehicle,Not Applicable,Not Applicable,At,,False,False,68420,GREENBRIAR AV,VAN SANSUL AV,37.30837767,-121.9462808
4544,695864,CR-0000098929,0,0,0,0,23-093-0109,False,False,105,4/3/2023 2:43:00 AM,No Pedestrians Involved,Dry,No Unusual Conditions,Dark - Street Light,Violation Driver 1,No Controls Present/Factor,Clear,Rear End,Non-Related,Parked Vehicle,Not Applicable,Not Applicable,West Of,,True,True,49092,DE MARIETTA AV,STOKES ST,37.30131778,-121.9257723
4545,694761,CR-0000098798,2,0,0,0,23-230-0692,False,False,0,8/18/2023 5:37:00 PM,No Pedestrians Involved,Dry,No Unusual Conditions,Daylight,Violation Driver 1,Controls Functioning,Clear,Head On,Intersection,Other Vehicle,Not Applicable,Not Applicable,At,,False,False,67726,GOODWIN AV,LEIGH AV,37.30878059,-121.9222956
4546,689098,CR-0000094960,0,0,0,0,22-331-0615,False,False,0,11/27/2022 5:47:00 PM,No Pedestrians Involved,Dry,No Unusual Conditions,Dark - Street Light,Violation Driver 1,Controls Functioning,Clear,Broadside,Intersection,Motor Vehicle On Other Roadway,Not Applicable,Not Applicable,At,,False,False,63920,FRUITDALE AV,LEIGH AV,37.31069683,-121.9232796
4547,689289,CR-0000095261,0,0,1,0,22-310-0792,False,False,321,11/6/2022 8:40:00 PM,No Pedestrians Involved,Dry,No Unusual Conditions,Dark - Street Light,Violation Driver 1,Controls Functioning,Clear,Sideswipe,Non-Related,Parked Vehicle,Not Applicable,Not Applicable,South Of,,False,False,63920,FRUITDALE AV,LEIGH AV,37.31069683,-121.9232796
4548,682449,CR-0000092013,0,0,0,0,22-110-0641,False,False,0,4/20/2022 4:41:00 PM,No Pedestrians Involved,Dry,No Unusual Conditions,Daylight,Violation Driver 1,Controls Functioning,Clear,Rear End,Intersection,Other Vehicle,Not Applicable,Not Applicable,At,,False,True,63920,FRUITDALE AV,LEIGH AV,37.31069683,-121.9232796
4549,697624,CR-0000099838,1,0,0,0,23-301-0975,False,False,0,10/28/2023 11:17:00 PM,No Pedestrians Involved,Dry,No Unusual Conditions,Dark - Street Light,Violation Driver 1,Controls Functioning,Clear,Broadside,Intersection,Other Vehicle,Not Applicable,Not Applicable,At,,False,True,63920,FRUITDALE AV,LEIGH AV,37.31069683,-121.9232796
4550,696552,CR-0000099749,1,0,0,0,23-348-0841,False,False,0,12/14/2023 7:30:00 PM,No Pedestrians Involved,Dry,No Unusual Conditions,Dark - Street Light,Violation Driver 1,Unknown,Clear,Vehicle/Bike,Intersection,Bike,Not Applicable,Not Applicable,At,BIKE,False,True,63920,FRUITDALE AV,LEIGH AV,37.31069683,-121.9232796
4551,698870,CR-0000100155,1,0,0,0,23-117-0724,False,False,0,4/27/2023 6:00:00 PM,No Pedestrians Involved,Dry,No Unusual Conditions,Daylight,Violation Driver 1,Controls Functioning,Clear,Rear End,Intersection,Other Vehicle,Not Applicable,Not Applicable,At,,True,True,63920,FRUITDALE AV,LEIGH AV,37.31069683,-121.9232796
4552,689848,CR-0000095874,1,1,1,0,22-244-0382,False,False,52,9/1/2022 11:39:00 AM,No Pedestrians Involved,Dry,No Unusual Conditions,Daylight,Violation Driver 1,Controls Functioning,Clear,Rear End,Non-Related,Other Vehicle,Not Applicable,Not Applicable,East Of,,True,False,63920,FRUITDALE AV,LEIGH AV,37.31069683,-121.9232796
4553,690762,CR-0000096899,0,1,0,0,23-015-0664,False,False,197,1/15/2023 8:10:00 PM,No Pedestrians Involved,Wet,No Unusual Conditions,Dark - Street Light,Violation Driver 1,No Controls Present/Factor,Rain,Sideswipe,Non-Related,Parked Vehicle,Not Applicable,Not Applicable,South Of,SIGN,False,False,63920,FRUITDALE AV,LEIGH AV,37.31069683,-121.9232796
4554,690513,CR-0000096624,0,0,3,1,23-141-0458,False,False,30,5/21/2023 1:38:00 PM,No Pedestrians Involved,Dry,No Unusual Conditions,Daylight,Violation Driver 1,Controls Functioning,Clear,Head On,Related,Other Vehicle,Not Applicable,Not Applicable,South Of,Fatality,False,False,63920,FRUITDALE AV,LEIGH AV,37.31069683,-121.9232796
4555,691367,CR-0000097616,0,0,0,0,23-062-9708,False,True,,3/2/2023 8:25:00 AM,No Pedestrians Involved,Dry,No Unusual Conditions,Daylight,Unknown,Unknown,Clear,Rear End,Related,Other Vehicle,Not Applicable,Not Applicable,Unknown,,False,False,63920,FRUITDALE AV,LEIGH AV,37.31069683,-121.9232796
4556,717476,CR-0000102509,1,0,0,0,24-087-0191,False,False,60,3/27/2024 8:07:00 AM,No Pedestrians Involved,Dry,No Unusual Conditions,Daylight,Violation Driver 1,No Controls Present/Factor,Clear,Broadside,Non-Related,Other Vehicle,Not Applicable,Not Applicable,West Of,,False,False,63920,FRUITDALE AV,LEIGH AV,37.31069683,-121.9232796
4557,690349,CR-0000096443,0,0,0,0,22-140-4006,False,True,0,5/20/2022 12:45:00 AM,No Pedestrians Involved,Unknown,Unknown,Unknown,Unknown,Unknown,Unknown,Other,Intersection,Other Vehicle,Not Applicable,Not Applicable,At,,False,True,112342,TUCSON DR,VIA MONTE DR,37.24620714,-121.8770629
4558,692379,CR-0000097661,1,0,0,0,23-066-0653,False,False,126,3/7/2023 4:40:00 PM,No Pedestrians Involved,Dry,No Unusual Conditions,Daylight,Violation Driver 1,No Controls Present/Factor,Clear,Broadside,Non-Related,Motor Vehicle On Other Roadway,Not Applicable,Not Applicable,South Of,,False,False,112342,TUCSON DR,VIA MONTE DR,37.24620714,-121.8770629
4559,689586,CR-0000095563,1,0,0,0,22-311-0528,False,False,0,11/7/2022 2:00:00 PM,No Pedestrians Involved,Dry,No Unusual Conditions,Daylight,Violation Driver 1,Controls Functioning,Clear,Rear End,Intersection,Other Vehicle,Not Applicable,Not Applicable,At,,False,False,116357,SILICON VALLEY BL,SOUTH VALLEY FR,37.2451795,-121.772792
4560,685370,CR-0000094096,0,0,0,0,22-230-0066,False,False,0,8/18/2022 2:00:00 AM,No Pedestrians Involved,Dry,No Unusual Conditions,Dark - Street Light,Violation Driver 1,Controls Functioning,Clear,Rear End,Intersection,Other Vehicle,Not Applicable,Not Applicable,At,,False,True,116357,SILICON VALLEY BL,SOUTH VALLEY FR,37.2451795,-121.772792
4561,694150,CR-0000097938,0,0,1,0,23-090-0881,False,False,0,3/31/2023 8:35:00 PM,In Road - Includes Shoulder,Dry,No Unusual Conditions,Dark - Street Light,Violation Driver 1,Controls Functioning,Clear,Vehicle/Pedestrian,Intersection,Pedestrian,North,South,At,PED,False,False,117545,RUE FERRARI,SILICON VALLEY BL,37.24677284,-121.772849
4562,695806,CR-0000098871,0,1,0,0,23-269-0332,False,False,0,9/26/2023 8:20:00 AM,No Pedestrians Involved,Dry,No Unusual Conditions,Daylight,Violation Driver 1,Controls Functioning,Clear,Vehicle/Bike,Intersection,Bike,Not Applicable,Not Applicable,At,BIKE,False,True,117545,RUE FERRARI,SILICON VALLEY BL,37.24677284,-121.772849
4563,711955,CR-0000101067,0,0,0,0,23-290-0748,False,False,690,10/17/2023 6:30:00 PM,No Pedestrians Involved,Dry,No Unusual Conditions,Daylight,Violation Driver 1,No Controls Present/Factor,Clear,Sideswipe,Non-Related,Other Vehicle,Not Applicable,Not Applicable,West Of,,True,False,117545,RUE FERRARI,SILICON VALLEY BL,37.24677284,-121.772849
4564,683019,CR-0000092657,0,0,0,0,22-154-0010,False,False,200,6/3/2022 12:06:00 AM,No Pedestrians Involved,Dry,No Unusual Conditions,Dark - Street Light,Violation Driver 1,No Controls Present/Factor,Clear,Hit Object,Non-Related,Fixed Object,Not Applicable,Not Applicable,West Of,FIRE HYDRANT,True,False,98867,PARK ESTATES WY,ROYAL ESTATES CT,37.29747254,-121.7668349
4565,682738,CR-0000092320,0,0,0,0,22-154-1160,False,False,1180,6/3/2022 11:48:00 PM,No Pedestrians Involved,Dry,No Unusual Conditions,Dark - No Street Light,Violation Driver 1,No Controls Present/Factor,Clear,Rear End,Non-Related,Other Vehicle,Not Applicable,Not Applicable,North Of,,True,True,92663,MONTEREY RD,PALM AV,37.18398334,-121.7057079
4566,681686,CR-0000091083,0,0,0,0,22-063-0080,False,False,600,3/4/2022 2:51:00 AM,No Pedestrians Involved,Dry,No Unusual Conditions,Dark - No Street Light,Other Than Driver,No Controls Present/Factor,Clear,Head On,Non-Related,Animal,Not Applicable,Not Applicable,South Of,,False,False,92663,MONTEREY RD,PALM AV,37.18398334,-121.7057079