_id,CrashFactId,Name,MinorInjuries,ModerateInjuries,SevereInjuries,FatalInjuries,TcrNumber,CityDamageFlag,ShortFormFlag,Distance,CrashDateTime,PedestrianAction,RoadwaySurface,RoadwayCondition,Lighting,PrimaryCollisionFactor,TrafficControl,Weather,CollisionType,ProximityToIntersection,VehicleInvolvedWith,PedestrianDirectionFrom,PedestrianDirectionTo,DirectionFromIntersection,Comment,SpeedingFlag,HitAndRunFlag,IntersectionNumber,AStreetName,BStreetName,Latitude,Longitude
4567,684764,CR-0000093450,2,0,0,0,22-199-0725,False,False,0,7/18/2022 9:19:00 PM,No Pedestrians Involved,Dry,No Unusual Conditions,Daylight,Violation Driver 1,No Controls Present/Factor,Clear,Rear End,Intersection,Other Vehicle,Not Applicable,Not Applicable,At,,True,False,92663,MONTEREY RD,PALM AV,37.18398334,-121.7057079
4568,689670,CR-0000095652,1,0,0,0,22-320-0529,False,False,22,11/16/2022 5:27:00 PM,No Pedestrians Involved,Dry,No Unusual Conditions,Daylight,Violation Driver 1,Controls Functioning,Clear,Rear End,Related,Other Vehicle,Not Applicable,Not Applicable,South Of,,False,False,92663,MONTEREY RD,PALM AV,37.18398334,-121.7057079
4569,694635,CR-0000098668,1,0,0,0,23-209-0711,False,False,0,9/28/2023 6:27:00 PM,No Pedestrians Involved,Dry,No Unusual Conditions,Daylight,Violation Driver 1,Controls Functioning,Clear,Broadside,Intersection,Other Vehicle,Not Applicable,Not Applicable,At,,False,False,92663,MONTEREY RD,PALM AV,37.18398334,-121.7057079
4570,698741,CR-0000099993,1,0,0,0,23-258-0504,False,False,70,9/15/2023 2:29:00 PM,No Pedestrians Involved,Dry,No Unusual Conditions,Daylight,Violation Driver 1,Controls Functioning,Clear,Rear End,Non-Related,Other Vehicle,Not Applicable,Not Applicable,North Of,,False,False,92663,MONTEREY RD,PALM AV,37.18398334,-121.7057079
4571,691373,CR-0000097622,1,0,0,0,23-062-0954,True,False,51,3/3/2023 11:40:00 PM,No Pedestrians Involved,Dry,No Unusual Conditions,Dark - Street Light,Violation Driver 1,Controls Functioning,Clear,Hit Object,Non-Related,Fixed Object,Not Applicable,Not Applicable,North Of,Median wall,False,False,92663,MONTEREY RD,PALM AV,37.18398334,-121.7057079
4572,690856,CR-0000096997,2,0,0,0,23-008-0814,False,False,1584,1/8/2023 11:36:00 PM,No Pedestrians Involved,Wet,No Unusual Conditions,Dark - Street Light,Unknown,No Controls Present/Factor,Rain,Rear End,Non-Related,Other Vehicle,Not Applicable,Not Applicable,North Of,,False,False,92663,MONTEREY RD,PALM AV,37.18398334,-121.7057079
4573,689950,CR-0000095969,0,0,1,0,22-219-0867,False,False,1584,8/7/2022 9:12:00 PM,No Pedestrians Involved,Dry,No Unusual Conditions,Dark - No Street Light,Violation Driver 1,Controls Functioning,Clear,Head On,Non-Related,Other Vehicle,Not Applicable,Not Applicable,South Of,,False,True,92663,MONTEREY RD,PALM AV,37.18398334,-121.7057079
4574,689997,CR-0000096018,2,0,0,0,22-223-0615,False,False,0,8/11/2022 4:32:00 PM,No Pedestrians Involved,Dry,No Unusual Conditions,Daylight,Violation Driver 1,Controls Functioning,Clear,Rear End,Intersection,Motor Vehicle On Other Roadway,Not Applicable,Not Applicable,At,,True,False,92663,MONTEREY RD,PALM AV,37.18398334,-121.7057079
4575,690250,CR-0000096341,0,0,0,0,22-320-9704,False,True,0,11/14/2022 4:00:00 PM,No Pedestrians Involved,Dry,No Unusual Conditions,Daylight,Unknown,Controls Functioning,Clear,Broadside,Intersection,Other Vehicle,Not Applicable,Not Applicable,At,,False,False,92663,MONTEREY RD,PALM AV,37.18398334,-121.7057079
4576,719730,CR-0000102902,0,0,1,1,24-216-0890,False,False,0,8/3/2024 10:02:00 PM,In Road - Includes Shoulder,Dry,No Unusual Conditions,Dark - Street Light,Violation Driver 1,Controls Functioning,Clear,Vehicle/Pedestrian,Intersection,Pedestrian,Not Applicable,Not Applicable,At,PED X2,False,False,92663,MONTEREY RD,PALM AV,37.18398334,-121.7057079
4577,716234,CR-0000102202,1,0,0,0,24-043-0357,True,False,0,2/12/2024 11:44:00 AM,No Pedestrians Involved,Dry,No Unusual Conditions,Daylight,Violation Driver 1,Controls Functioning,Clear,Hit Object,Intersection,Fixed Object,Not Applicable,Not Applicable,At,CENTER DIVIDER,False,False,92663,MONTEREY RD,PALM AV,37.18398334,-121.7057079
4578,688745,CR-0000094571,0,0,0,0,22-238-4009,False,True,51,8/24/2022 4:09:00 PM,No Pedestrians Involved,Unknown,Unknown,Daylight,Unknown,Unknown,Unknown,Sideswipe,Non-Related,Other Vehicle,Not Applicable,Not Applicable,West Of,,False,True,96524,NORWOOD AV,RUBY AV,37.33173012,-121.7828474
4579,685029,CR-0000093674,0,0,0,0,22-207-0279,False,False,0,7/26/2022 9:57:00 AM,No Pedestrians Involved,Dry,No Unusual Conditions,Daylight,Violation Driver 1,No Controls Present/Factor,Clear,Broadside,Intersection,Other Vehicle,Not Applicable,Not Applicable,At,,False,False,96524,NORWOOD AV,RUBY AV,37.33173012,-121.7828474
4580,692535,CR-0000097826,1,0,0,0,23-093-0701,False,False,0,4/3/2023 4:25:00 PM,No Pedestrians Involved,Dry,No Unusual Conditions,Daylight,Violation Driver 1,No Controls Present/Factor,Clear,Broadside,Intersection,Other Vehicle,Not Applicable,Not Applicable,At,,False,False,96524,NORWOOD AV,RUBY AV,37.33173012,-121.7828474
4581,694739,CR-0000098744,0,1,0,0,23-217-0384,False,False,138,8/5/2023 12:45:00 PM,No Pedestrians Involved,Dry,No Unusual Conditions,Daylight,Violation Driver 1,No Controls Present/Factor,Clear,Sideswipe,Non-Related,Parked Vehicle,Not Applicable,Not Applicable,East Of,,False,False,96524,NORWOOD AV,RUBY AV,37.33173012,-121.7828474
4582,696216,CR-0000099361,1,0,0,0,23-102-0326,False,False,0,4/12/2023 10:52:00 AM,No Pedestrians Involved,Dry,No Unusual Conditions,Daylight,Violation Driver 1,No Controls Present/Factor,Clear,Broadside,Intersection,Other Vehicle,Not Applicable,Not Applicable,At,,False,False,96524,NORWOOD AV,RUBY AV,37.33173012,-121.7828474
4583,715948,CR-0000101883,1,0,0,0,23-322-0267,False,False,0,11/18/2023 8:04:00 AM,No Pedestrians Involved,Dry,No Unusual Conditions,Daylight,Violation Driver 1,Controls Functioning,Clear,Broadside,Intersection,Other Vehicle,Not Applicable,Not Applicable,At,,False,False,96524,NORWOOD AV,RUBY AV,37.33173012,-121.7828474
4584,715892,CR-0000101977,1,1,0,0,24-004-0885,False,False,40,1/4/2024 10:52:00 PM,No Pedestrians Involved,Dry,No Unusual Conditions,Dark - Street Light,Violation Driver 1,Controls Functioning,Clear,Broadside,Related,Other Vehicle,Not Applicable,Not Applicable,East Of,,True,True,96524,NORWOOD AV,RUBY AV,37.33173012,-121.7828474
4585,690376,CR-0000096471,0,0,0,0,22-174-9706,False,True,51,5/22/2022 11:22:00 PM,No Pedestrians Involved,Dry,No Unusual Conditions,Dark - Street Light,Unknown,Controls Functioning,Clear,Hit Object,Non-Related,Parked Vehicle,Not Applicable,Not Applicable,North Of,,False,True,91706,MINOR AV,VIRGINIA ST,37.32003769,-121.8940921
4586,715982,CR-0000101835,2,1,0,0,24-004-0861,False,False,110,1/4/2024 10:03:00 PM,No Pedestrians Involved,Dry,No Unusual Conditions,Dark - Street Light,Violation Driver 1,Unknown,Clear,Rear End,Non-Related,Other Vehicle,Not Applicable,Not Applicable,West Of,,False,False,91706,MINOR AV,VIRGINIA ST,37.32003769,-121.8940921
4587,696127,CR-0000099269,0,0,0,0,23-235-0710,False,False,18,8/23/2023 3:15:00 PM,No Pedestrians Involved,Dry,No Unusual Conditions,Daylight,Violation Driver 1,No Controls Present/Factor,Clear,Sideswipe,Related,Parked Vehicle,Not Applicable,Not Applicable,East Of,,False,True,26300,BROWN AV,WILLIS AV,37.32161825,-121.8951823
4588,683049,CR-0000092618,1,0,0,0,22-164-9703,False,True,30,6/12/2022 10:50:00 PM,No Pedestrians Involved,Dry,No Unusual Conditions,Dark - Street Light,Unknown,Controls Functioning,Clear,Rear End,Related,Other Vehicle,Not Applicable,Not Applicable,North Of,,False,True,12319,ALMADEN BL/VINE ST,BALBACH ST,37.32656422,-121.8891725
4589,691385,CR-0000097634,0,0,0,0,23-069-0727,True,False,24,3/10/2023 8:05:00 PM,No Pedestrians Involved,Wet,No Unusual Conditions,Dark - Street Light,Violation Driver 1,Controls Functioning,Rain,Hit Object,Related,Fixed Object,Not Applicable,Not Applicable,South Of,Traffic signal pole,True,True,12319,ALMADEN BL/VINE ST,BALBACH ST,37.32656422,-121.8891725
4590,689786,CR-0000095812,1,0,0,0,22-196-0998,False,False,0,7/15/2022 10:39:00 PM,No Pedestrians Involved,Dry,No Unusual Conditions,Dark - Street Light,Violation Driver 1,Controls Functioning,Clear,Vehicle/Bike,Intersection,Scooter Motorized,Not Applicable,Not Applicable,At,,False,True,12319,ALMADEN BL/VINE ST,BALBACH ST,37.32656422,-121.8891725
4591,698952,CR-0000100254,1,0,0,0,23-310-0203,False,False,168,11/6/2023 8:46:00 AM,No Pedestrians Involved,Dry,No Unusual Conditions,Daylight,Violation Driver 1,No Controls Present/Factor,Clear,Broadside,Non-Related,Other Vehicle,Not Applicable,Not Applicable,West Of,,False,False,83984,LINCOLN AV,PACIFIC AV,37.32449459,-121.9087235
4592,689611,CR-0000095592,3,0,0,0,22-134-0032,False,False,52,5/14/2022 12:28:00 AM,No Pedestrians Involved,Dry,Unknown,Dark - Street Light,Violation Driver 1,Controls Functioning,Clear,Head On,Non-Related,Parked Vehicle,Not Applicable,Not Applicable,East Of,,False,True,106303,SAN FERNANDO ST,SECOND ST,37.33481662,-121.8881354
4593,683305,CR-0000092892,0,0,0,0,22-134-0057,False,False,0,5/14/2022 12:45:00 AM,No Pedestrians Involved,Dry,Unknown,Dark - Street Light,Violation Driver 2,Controls Functioning,Clear,Sideswipe,Intersection,Other Vehicle,Not Applicable,Not Applicable,At,,False,True,106303,SAN FERNANDO ST,SECOND ST,37.33481662,-121.8881354
4594,682478,CR-0000092045,0,0,0,0,22-091-0072,False,False,41,4/1/2022 2:15:00 AM,No Pedestrians Involved,Dry,No Unusual Conditions,Dark - Street Light,Violation Driver 1,Controls Functioning,Clear,Rear End,Related,Parked Vehicle,Not Applicable,Not Applicable,East Of,,False,False,106303,SAN FERNANDO ST,SECOND ST,37.33481662,-121.8881354
4595,681637,CR-0000091034,0,0,0,0,22-060-9708,False,False,0,2/27/2022 4:00:00 PM,No Pedestrians Involved,Unknown,Unknown,Daylight,Unknown,Unknown,Unknown,Vehicle/Bike,Intersection,Bike,Not Applicable,Not Applicable,At,BIKE,False,False,106303,SAN FERNANDO ST,SECOND ST,37.33481662,-121.8881354
4596,681726,CR-0000091124,1,0,0,0,22-050-0267,False,False,0,2/19/2022 10:03:00 AM,Crossing In Crosswalk - At Intersection,Dry,Unknown,Daylight,Violation Driver 1,Controls Functioning,Clear,Vehicle/Bike,Intersection,Bike,South,North,At,Bike,False,False,106303,SAN FERNANDO ST,SECOND ST,37.33481662,-121.8881354
4597,682095,CR-0000091626,0,0,0,0,22-025-9701,False,True,0,1/23/2022 1:30:00 PM,No Pedestrians Involved,Dry,No Unusual Conditions,Daylight,Unknown,Controls Functioning,Clear,Sideswipe,Intersection,Other Vehicle,Not Applicable,Not Applicable,South Of,,False,False,106303,SAN FERNANDO ST,SECOND ST,37.33481662,-121.8881354
4598,691266,CR-0000097511,0,0,0,0,23-052-9704,False,True,51,2/19/2023 2:00:00 AM,No Pedestrians Involved,Dry,No Unusual Conditions,Dark - Street Light,Unknown,No Controls Present/Factor,Clear,Other,Non-Related,Other Vehicle,Not Applicable,Not Applicable,North Of,,False,False,106303,SAN FERNANDO ST,SECOND ST,37.33481662,-121.8881354
4599,690896,CR-0000097040,0,0,0,0,23-035-0056,True,False,164,2/4/2023 1:42:00 AM,No Pedestrians Involved,Dry,No Unusual Conditions,Dark - Street Light,Violation Driver 1,No Controls Present/Factor,Clear,Sideswipe,Non-Related,Parked Vehicle,Not Applicable,Not Applicable,North Of,,False,False,106303,SAN FERNANDO ST,SECOND ST,37.33481662,-121.8881354
4600,715811,CR-0000101729,0,0,0,0,23-225-0516,False,False,51,8/13/2023 3:18:00 PM,No Pedestrians Involved,Dry,No Unusual Conditions,Dark - Street Light,Violation Driver 1,Controls Functioning,Clear,Sideswipe,Non-Related,Other Vehicle,Not Applicable,Not Applicable,North Of,,False,True,106303,SAN FERNANDO ST,SECOND ST,37.33481662,-121.8881354
4601,716256,CR-0000102227,1,0,0,0,24-049-0110,False,False,0,2/18/2024 2:55:00 AM,No Pedestrians Involved,Dry,No Unusual Conditions,Dark - Street Light,Violation Driver 1,Controls Functioning,Clear,Broadside,Intersection,Other Vehicle,Not Applicable,Not Applicable,At,,False,False,106303,SAN FERNANDO ST,SECOND ST,37.33481662,-121.8881354
4602,722106,CR-0000103371,0,0,0,0,24-069-0091,False,False,51,3/9/2024 1:34:00 AM,No Pedestrians Involved,Dry,No Unusual Conditions,Dark - Street Light,Violation Driver 1,No Controls Present/Factor,Clear,Rear End,Non-Related,Parked Vehicle,Not Applicable,Not Applicable,South Of,,False,False,106303,SAN FERNANDO ST,SECOND ST,37.33481662,-121.8881354
4603,692544,CR-0000097835,1,2,0,0,23-092-0306,False,False,0,4/2/2023 10:00:00 AM,No Pedestrians Involved,Dry,No Unusual Conditions,Daylight,Violation Driver 1,Controls Functioning,Clear,Broadside,Intersection,Other Vehicle,Not Applicable,Not Applicable,At,,False,False,18798,BIRD AV,VIRGINIA ST,37.3201705,-121.8975896
4604,692589,CR-0000097880,1,2,0,0,23-098-0296,True,False,122,4/8/2023 9:50:00 AM,No Pedestrians Involved,Dry,No Unusual Conditions,Daylight,Violation Driver 1,Unknown,Clear,Head On,Non-Related,Other Vehicle,Not Applicable,Not Applicable,East Of,TREE,True,False,18798,BIRD AV,VIRGINIA ST,37.3201705,-121.8975896
4605,694684,CR-0000098718,0,0,0,0,23-240-0643,False,False,0,8/28/2023 4:01:00 PM,No Pedestrians Involved,Dry,No Unusual Conditions,Daylight,Violation Driver 1,Controls Functioning,Clear,Sideswipe,Intersection,Other Vehicle,Not Applicable,Not Applicable,At,,False,False,18798,BIRD AV,VIRGINIA ST,37.3201705,-121.8975896
4606,720892,CR-0000103095,0,0,0,0,24-045-0652,False,False,207,2/14/2024 5:21:00 PM,No Pedestrians Involved,Wet,No Unusual Conditions,Dark - Street Light,Violation Driver 1,Controls Functioning,Rain,Sideswipe,Non-Related,Other Vehicle,Not Applicable,Not Applicable,South Of,,False,True,18798,BIRD AV,VIRGINIA ST,37.3201705,-121.8975896
4607,716293,CR-0000102281,0,1,0,0,24-035-0755,False,False,0,2/4/2024 4:00:00 PM,No Pedestrians Involved,Wet,No Unusual Conditions,Daylight,Violation Driver 1,Controls Not Functioning,Rain,Broadside,Intersection,Other Vehicle,Not Applicable,Not Applicable,At,,False,False,18798,BIRD AV,VIRGINIA ST,37.3201705,-121.8975896
4608,715820,CR-0000101905,0,0,0,0,23-322-0997,False,False,0,11/19/2023 6:59:00 AM,No Pedestrians Involved,Dry,No Unusual Conditions,Dark - Street Light,Violation Driver 1,Controls Functioning,Unknown,Rear End,Intersection,Other Vehicle,Not Applicable,Not Applicable,At,,True,True,18798,BIRD AV,VIRGINIA ST,37.3201705,-121.8975896
4609,712125,CR-0000100845,0,0,0,0,23-183-0157,True,False,0,7/2/2023 2:31:00 AM,No Pedestrians Involved,Dry,No Unusual Conditions,Dark - Street Light,Violation Driver 1,No Controls Present/Factor,Clear,Hit Object,Intersection,Fixed Object,Not Applicable,Not Applicable,At,SIGNAL,True,True,18798,BIRD AV,VIRGINIA ST,37.3201705,-121.8975896
4610,712077,CR-0000101213,0,0,0,0,23-330-4002,False,True,51,11/26/2023 5:35:00 AM,No Pedestrians Involved,Unknown,Unknown,Unknown,Unknown,Unknown,Unknown,Rear End,Non-Related,Other Vehicle,Not Applicable,Not Applicable,South Of,,False,False,18798,BIRD AV,VIRGINIA ST,37.3201705,-121.8975896
4611,711965,CR-0000101058,0,0,0,0,23-301-9711,False,True,51,10/23/2023 5:45:00 AM,No Pedestrians Involved,Dry,No Unusual Conditions,Dusk - Dawn,Unknown,Unknown,Clear,Sideswipe,Non-Related,Other Vehicle,Not Applicable,Not Applicable,Unknown,,False,False,18798,BIRD AV,VIRGINIA ST,37.3201705,-121.8975896
4612,682939,CR-0000092580,0,0,0,0,22-174-0815,False,False,0,6/23/2022 7:50:00 PM,No Pedestrians Involved,Dry,No Unusual Conditions,Unknown,Violation Driver 1,Controls Functioning,Clear,Broadside,Intersection,Other Vehicle,Not Applicable,Not Applicable,At,,False,True,106127,SAN CARLOS ST,SUNOL ST,37.32372827,-121.9060424
4613,684826,CR-0000093362,0,0,0,0,22-183-0008,False,False,400,7/2/2022 12:18:00 AM,No Pedestrians Involved,Dry,No Unusual Conditions,Dark - Street Light,Violation Driver 1,Controls Functioning,Clear,Rear End,Non-Related,Parked Vehicle,Not Applicable,Not Applicable,West Of,,False,False,106127,SAN CARLOS ST,SUNOL ST,37.32372827,-121.9060424
4614,687504,CR-0000094294,1,0,0,0,22-261-0135,False,False,30,9/18/2022 2:32:00 AM,No Pedestrians Involved,Dry,No Unusual Conditions,Dark - Street Light,Violation Driver 1,Controls Functioning,Clear,Broadside,Related,Other Vehicle,Not Applicable,Not Applicable,West Of,,False,False,106127,SAN CARLOS ST,SUNOL ST,37.32372827,-121.9060424
4615,696470,CR-0000099647,0,0,0,0,23-318-0156,False,False,0,11/14/2023 7:36:00 AM,No Pedestrians Involved,Dry,No Unusual Conditions,Dark - Street Light Not Functioning,Violation Driver 1,Controls Functioning,Clear,Rear End,Intersection,Other Vehicle,Not Applicable,Not Applicable,At,,False,False,106127,SAN CARLOS ST,SUNOL ST,37.32372827,-121.9060424
4616,690933,CR-0000097098,1,0,0,0,23-042-0605,False,False,0,2/11/2023 6:04:00 PM,No Pedestrians Involved,Dry,No Unusual Conditions,Daylight,Violation Driver 1,Controls Functioning,Clear,Vehicle/Bike,Intersection,Bike,Not Applicable,Not Applicable,At,BIKE,False,True,106127,SAN CARLOS ST,SUNOL ST,37.32372827,-121.9060424
4617,691217,CR-0000097438,1,0,0,0,22-337-0677,True,False,0,12/3/2022 7:58:00 PM,No Pedestrians Involved,Wet,No Unusual Conditions,Dark - Street Light,Violation Driver 1,Controls Functioning,Rain,Head On,Intersection,Other Vehicle,Not Applicable,Not Applicable,At,TRAFFIC SIGNAL,False,False,106127,SAN CARLOS ST,SUNOL ST,37.32372827,-121.9060424
4618,711624,CR-0000101580,0,0,0,0,23-354-4007,False,True,51,12/20/2023 2:57:00 PM,No Pedestrians Involved,Unknown,Unknown,Unknown,Unknown,Unknown,Unknown,Rear End,Non-Related,Other Vehicle,Not Applicable,Not Applicable,Unknown,,False,False,106127,SAN CARLOS ST,SUNOL ST,37.32372827,-121.9060424
4619,696099,CR-0000099237,1,0,0,0,23-103-0252,False,False,246,4/13/2023 9:10:00 AM,No Pedestrians Involved,Dry,No Unusual Conditions,Daylight,Violation Driver 1,No Controls Present/Factor,Clear,Rear End,Non-Related,Other Vehicle,Not Applicable,Not Applicable,East Of,,False,False,55307,EL PASEO DR,REDMOND AV,37.22928945,-121.8725658
4620,684692,CR-0000093320,1,0,0,0,22-174-0553,True,False,51,6/23/2022 3:43:00 PM,No Pedestrians Involved,Dry,No Unusual Conditions,Daylight,Violation Driver 1,No Controls Present/Factor,Clear,Hit Object,Non-Related,Fixed Object,Not Applicable,Not Applicable,South Of,Median Island,True,False,91057,METCALF RD,MONTEREY RD,37.22643376,-121.7511493
4621,682625,CR-0000092201,0,0,0,0,22-152-0120,False,False,128,6/1/2022 4:50:00 AM,No Pedestrians Involved,Dry,No Unusual Conditions,Dusk - Dawn,Violation Driver 1,No Controls Present/Factor,Clear,Rear End,Non-Related,Other Vehicle,Not Applicable,Not Applicable,North Of,,False,True,91057,METCALF RD,MONTEREY RD,37.22643376,-121.7511493
4622,681181,CR-0000090569,0,0,0,0,22-001-0720,True,False,1330,1/1/2022 6:33:00 PM,No Pedestrians Involved,Dry,No Unusual Conditions,Dark - No Street Light,Violation Driver 1,Controls Functioning,Clear,Hit Object,Non-Related,Fixed Object,Not Applicable,Not Applicable,South Of,TELEPHONE POLE,False,False,91057,METCALF RD,MONTEREY RD,37.22643376,-121.7511493
4623,694670,CR-0000098704,1,1,0,0,23-216-0352,True,False,37,8/4/2023 11:58:00 AM,No Pedestrians Involved,Dry,No Unusual Conditions,Daylight,Violation Driver 1,Unknown,Clear,Hit Object,Related,Fixed Object,Not Applicable,Not Applicable,South Of,TREE,True,False,91057,METCALF RD,MONTEREY RD,37.22643376,-121.7511493
4624,712127,CR-0000101289,0,0,0,0,23-192-4000,False,True,,7/11/2023 7:20:00 AM,No Pedestrians Involved,Unknown,Unknown,Unknown,Unknown,Unknown,Unknown,Sideswipe,Related,Other Vehicle,Not Applicable,Not Applicable,Unknown,,False,False,91057,METCALF RD,MONTEREY RD,37.22643376,-121.7511493
4625,722403,CR-0000103697,1,0,1,0,24-099-0437,False,False,0,4/8/2024 1:21:00 PM,No Pedestrians Involved,Dry,No Unusual Conditions,Daylight,Violation Driver 1,No Controls Present/Factor,Clear,Hit Object,Intersection,Other Object,Not Applicable,Not Applicable,At,,True,False,91057,METCALF RD,MONTEREY RD,37.22643376,-121.7511493
4626,681881,CR-0000091362,0,1,0,0,22-036-0325,False,False,275,2/5/2022 10:36:00 AM,No Pedestrians Involved,Dry,No Unusual Conditions,Daylight,Violation Driver 1,No Controls Present/Factor,Clear,Rear End,Non-Related,Parked Vehicle,Not Applicable,Not Applicable,North Of,,False,False,120350,RINGWOOD AV,SAJAK AV,37.38195696,-121.8879825
4627,712068,CR-0000101078,0,0,0,0,23-295-0897,True,False,35,10/22/2023 10:50:00 PM,No Pedestrians Involved,Wet,No Unusual Conditions,Dark - Street Light,Violation Driver 1,Controls Functioning,Clear,Hit Object,Related,Fixed Object,Not Applicable,Not Applicable,South Of,FENCE,False,False,124992,DE FALCO WY,MAXWEL WY/STANTON WY,37.37630335,-121.8850207
4628,683316,CR-0000092902,0,0,0,0,22-138-9703,False,True,,5/17/2022 3:02:00 PM,No Pedestrians Involved,Dry,No Unusual Conditions,Daylight,Unknown,Controls Functioning,Clear,Rear End,Related,Other Vehicle,Not Applicable,Not Applicable,South Of,,False,False,82499,LAWRENCE EX,MITTY AV,37.31583202,-121.9955766
4629,685224,CR-0000093903,0,1,0,0,22-269-0687,False,False,0,10/26/2022 5:16:00 PM,Crossing In Crosswalk - At Intersection,Dry,No Unusual Conditions,Daylight,Violation Driver 1,No Controls Present/Factor,Clear,Vehicle/Bike,Intersection,Bike,West,East,At,BIKE,False,False,82499,LAWRENCE EX,MITTY AV,37.31583202,-121.9955766
4630,688731,CR-0000094556,0,0,0,0,22-234-4004,False,True,,8/18/2022 11:40:00 AM,No Pedestrians Involved,Unknown,Unknown,Daylight,Unknown,Unknown,Unknown,Rear End,Related,Other Vehicle,Not Applicable,Not Applicable,Unknown,,False,True,82499,LAWRENCE EX,MITTY AV,37.31583202,-121.9955766
4631,688976,CR-0000094835,2,0,0,0,22-301-0242,False,False,39,10/28/2022 9:32:00 AM,No Pedestrians Involved,Dry,No Unusual Conditions,Daylight,Violation Driver 1,Controls Functioning,Clear,Rear End,Related,Other Vehicle,Not Applicable,Not Applicable,South Of,,True,False,82499,LAWRENCE EX,MITTY AV,37.31583202,-121.9955766
4632,694434,CR-0000098398,1,1,0,0,23-159-0547,False,False,20,6/8/2023 5:05:00 PM,No Pedestrians Involved,Dry,No Unusual Conditions,Daylight,Violation Driver 1,Controls Functioning,Clear,Rear End,Related,Other Vehicle,Not Applicable,Not Applicable,South Of,,True,False,82499,LAWRENCE EX,MITTY AV,37.31583202,-121.9955766
4633,690368,CR-0000096461,0,0,0,0,22-231-9706,False,True,,8/18/2022 11:50:00 AM,No Pedestrians Involved,Dry,No Unusual Conditions,Daylight,Unknown,Controls Functioning,Clear,Rear End,Related,Other Vehicle,Not Applicable,Not Applicable,South Of,,False,True,82499,LAWRENCE EX,MITTY AV,37.31583202,-121.9955766
4634,694637,CR-0000098670,1,0,0,0,23-209-0726,False,False,0,7/29/2023 7:06:00 PM,No Pedestrians Involved,Dry,No Unusual Conditions,Daylight,Violation Driver 1,Controls Functioning,Clear,Sideswipe,Intersection,Other Vehicle,Not Applicable,Not Applicable,At,,False,False,38686,CHIECHI AV,WILLARD AV,37.31861034,-121.9168431
4635,683363,CR-0000092953,1,0,0,0,22-177-0355,False,False,0,6/26/2022 11:11:00 AM,No Pedestrians Involved,Dry,No Unusual Conditions,Daylight,Violation Driver 1,Controls Functioning,Clear,Broadside,Intersection,Other Vehicle,Not Applicable,Not Applicable,At,,False,False,40512,CLIFTON AV,SCOTT ST,37.31958052,-121.9248964
4636,691323,CR-0000097570,1,0,0,0,23-010-0780,False,False,0,1/10/2023 4:35:00 PM,No Pedestrians Involved,Wet,Other,Daylight,Violation Driver 1,Controls Not Functioning,Clear,Broadside,Intersection,Other Vehicle,Not Applicable,Not Applicable,At,,True,False,113618,WILLIAMSBURG DR,WINCHESTER BL,37.2977919,-121.9499333
4637,685151,CR-0000093825,0,0,0,0,22-223-0708,False,False,51,8/11/2022 2:00:00 PM,No Pedestrians Involved,Dry,Other,Daylight,Violation Driver 1,No Controls Present/Factor,Clear,Hit Object,Non-Related,Parked Vehicle,Not Applicable,Not Applicable,East Of,,False,False,48861,DAVID AV,WINCHESTER BL,37.29758027,-121.949924
4638,681543,CR-0000090939,0,0,0,0,22-039-4002,False,True,51,2/7/2022 5:15:00 PM,No Pedestrians Involved,Unknown,Unknown,Daylight,Unknown,Unknown,Unknown,Other,Non-Related,Other Vehicle,Not Applicable,Not Applicable,South Of,,False,False,48861,DAVID AV,WINCHESTER BL,37.29758027,-121.949924
4639,691110,CR-0000097303,0,0,0,0,23-046-4001,False,True,,2/14/2023 11:25:00 AM,No Pedestrians Involved,Unknown,Unknown,Unknown,Unknown,Unknown,Unknown,Broadside,Related,Other Vehicle,Not Applicable,Not Applicable,Unknown,,False,False,48861,DAVID AV,WINCHESTER BL,37.29758027,-121.949924
4640,716115,CR-0000102162,0,0,1,0,24-030-0971,False,False,133,1/30/2024 10:15:00 PM,Crossing - Not In Crosswalk,Dry,No Unusual Conditions,Dark - Street Light,Unknown,Unknown,Clear,Vehicle/Pedestrian,Non-Related,Pedestrian,Unknown,Unknown,South Of,PED,False,True,48861,DAVID AV,WINCHESTER BL,37.29758027,-121.949924
4641,690310,CR-0000096402,0,0,0,0,22-326-4001,False,True,51,11/21/2022 1:30:00 AM,No Pedestrians Involved,Unknown,Unknown,Unknown,Unknown,Unknown,Unknown,Sideswipe,Non-Related,Parked Vehicle,Not Applicable,Not Applicable,West Of,,False,True,27763,CADILLAC DR,WINCHESTER BL,37.29686591,-121.949917
4642,689121,CR-0000094987,0,0,0,0,22-309-0547,False,False,0,11/5/2022 4:29:00 PM,No Pedestrians Involved,Dry,No Unusual Conditions,Daylight,Violation Driver 1,Controls Functioning,Clear,Broadside,Intersection,Other Vehicle,Not Applicable,Not Applicable,At,,False,False,75283,IMPALA DR,WINCHESTER BL,37.29600906,-121.9499096
4643,698659,CR-0000099885,4,1,0,0,23-227-0656,False,False,0,8/15/2023 4:17:00 PM,No Pedestrians Involved,Dry,No Unusual Conditions,Daylight,Violation Driver 1,No Controls Present/Factor,Clear,Rear End,Intersection,Other Vehicle,Not Applicable,Not Applicable,At,,True,False,75283,IMPALA DR,WINCHESTER BL,37.29600906,-121.9499096