_id,CrashFactId,Name,MinorInjuries,ModerateInjuries,SevereInjuries,FatalInjuries,TcrNumber,CityDamageFlag,ShortFormFlag,Distance,CrashDateTime,PedestrianAction,RoadwaySurface,RoadwayCondition,Lighting,PrimaryCollisionFactor,TrafficControl,Weather,CollisionType,ProximityToIntersection,VehicleInvolvedWith,PedestrianDirectionFrom,PedestrianDirectionTo,DirectionFromIntersection,Comment,SpeedingFlag,HitAndRunFlag,IntersectionNumber,AStreetName,BStreetName,Latitude,Longitude
4644,688717,CR-0000094542,0,0,0,0,22-188-4001,False,True,51,7/6/2022 5:00:00 PM,No Pedestrians Involved,Unknown,Unknown,Daylight,Unknown,Unknown,Unknown,Rear End,Non-Related,Parked Vehicle,Not Applicable,Not Applicable,West Of,,False,True,48839,DAVID AV,DE TRACEY ST,37.29755686,-121.9471434
4645,690625,CR-0000096746,0,0,0,0,23-001-0843,False,False,155,1/1/2023 8:45:00 PM,No Pedestrians Involved,Dry,No Unusual Conditions,Dark - Street Light,Violation Driver 1,No Controls Present/Factor,Clear,Head On,Non-Related,Other Vehicle,Not Applicable,Not Applicable,West Of,,True,True,48839,DAVID AV,DE TRACEY ST,37.29755686,-121.9471434
4646,690144,CR-0000096230,0,0,0,0,22-326-0803,False,False,27,11/22/2022 8:25:00 PM,No Pedestrians Involved,Dry,No Unusual Conditions,Dark - Street Light,Violation Driver 1,Controls Functioning,Clear,Sideswipe,Related,Motor Vehicle On Other Roadway,Not Applicable,Not Applicable,South Of,,True,True,93180,MOORPARK AV,THORNTON WY,37.31609452,-121.93873
4647,694787,CR-0000098824,1,0,0,0,23-213-0400,False,False,36,8/1/2023 11:53:00 AM,No Pedestrians Involved,Dry,No Unusual Conditions,Daylight,Violation Driver 1,Controls Functioning,Clear,Rear End,Related,Other Vehicle,Not Applicable,Not Applicable,West Of,,False,False,93180,MOORPARK AV,THORNTON WY,37.31609452,-121.93873
4648,715922,CR-0000101960,0,1,0,0,24-002-0644,False,False,0,1/2/2024 6:06:00 PM,No Pedestrians Involved,Wet,No Unusual Conditions,Dark - Street Light,Bike At Fault,Controls Functioning,Clear,Vehicle/Bike,Intersection,Bike,Not Applicable,Not Applicable,At,BIKE,False,False,93180,MOORPARK AV,THORNTON WY,37.31609452,-121.93873
4649,711752,CR-0000100889,0,0,0,0,23-200-9703,False,True,0,7/18/2023 9:33:00 PM,No Pedestrians Involved,Dry,No Unusual Conditions,Dark - Street Light,Unknown,Controls Functioning,Clear,Broadside,Intersection,Other Vehicle,Not Applicable,Not Applicable,At,,False,False,93180,MOORPARK AV,THORNTON WY,37.31609452,-121.93873
4650,716154,CR-0000102160,1,0,0,0,24-020-0483,False,False,0,1/20/2024 12:52:00 PM,No Pedestrians Involved,Dry,No Unusual Conditions,Daylight,Violation Driver 1,Controls Functioning,Clear,Broadside,Intersection,Other Vehicle,Not Applicable,Not Applicable,At,,False,False,93180,MOORPARK AV,THORNTON WY,37.31609452,-121.93873
4651,719736,CR-0000102908,0,0,0,0,24-017-0079,True,False,98,1/17/2024 3:54:00 AM,No Pedestrians Involved,Wet,No Unusual Conditions,Dark - No Street Light,Violation Driver 1,No Controls Present/Factor,Rain,Hit Object,Non-Related,Fixed Object,Not Applicable,Not Applicable,North Of,TREE,True,False,93180,MOORPARK AV,THORNTON WY,37.31609452,-121.93873
4652,719512,CR-0000102632,1,0,0,0,24-072-0224,False,False,440,3/12/2024 9:00:00 AM,No Pedestrians Involved,Wet,No Unusual Conditions,Daylight,Violation Driver 1,No Controls Present/Factor,Rain,Rear End,Non-Related,Other Vehicle,Not Applicable,Not Applicable,West Of,,False,False,93180,MOORPARK AV,THORNTON WY,37.31609452,-121.93873
4653,722288,CR-0000103582,1,0,0,0,24-087-0171,False,False,418,3/27/2024 7:32:00 AM,No Pedestrians Involved,Dry,Unknown,Daylight,Violation Driver 1,No Controls Present/Factor,Clear,Rear End,Non-Related,Other Vehicle,Not Applicable,Not Applicable,West Of,,True,False,93180,MOORPARK AV,THORNTON WY,37.31609452,-121.93873
4654,682704,CR-0000092282,0,0,0,0,22-149-4000,False,True,0,5/28/2022 9:30:00 PM,No Pedestrians Involved,Unknown,Unknown,Unknown,Unknown,Unknown,Unknown,Broadside,Intersection,Other Vehicle,Not Applicable,Not Applicable,At,,False,False,22208,BORINA DR,SARATOGA AV,37.30983422,-121.9774003
4655,689295,CR-0000095251,1,0,0,0,22-306-0660,False,False,163,11/2/2022 4:07:00 PM,No Pedestrians Involved,Dry,No Unusual Conditions,Daylight,Violation Driver 1,No Controls Present/Factor,Clear,Rear End,Non-Related,Parked Vehicle,Not Applicable,Not Applicable,North Of,,False,False,85250,LOS FELICE DR,SARATOGA AV,37.29695218,-121.986031
4656,696389,CR-0000099547,0,0,0,0,23-142-4006,False,True,51,5/22/2023 10:20:00 AM,No Pedestrians Involved,Unknown,Unknown,Daylight,Unknown,Unknown,Unknown,Broadside,Non-Related,Unknown,Not Applicable,Not Applicable,South Of,,False,False,85250,LOS FELICE DR,SARATOGA AV,37.29695218,-121.986031
4657,690710,CR-0000096847,0,1,0,0,23-091-0901,True,False,51,1/19/2023 10:48:00 PM,No Pedestrians Involved,Dry,No Unusual Conditions,Dark - Street Light,Violation Driver 1,No Controls Present/Factor,Clear,Hit Object,Non-Related,Fixed Object,Not Applicable,Not Applicable,West Of,TREE,False,False,85250,LOS FELICE DR,SARATOGA AV,37.29695218,-121.986031
4658,682272,CR-0000091833,0,0,0,0,22-101-0946,True,False,185,4/11/2022 11:52:00 PM,No Pedestrians Involved,Dry,No Unusual Conditions,Dark - Street Light,Violation Driver 1,No Controls Present/Factor,Clear,Head On,Non-Related,Fixed Object,Not Applicable,Not Applicable,East Of,LIGHT POLE,False,False,10020,ATHERTON AV,SARATOGA AV,37.29503806,-121.9881902
4659,689869,CR-0000095895,2,0,0,0,22-334-0388,False,False,0,11/30/2022 12:50:00 PM,No Pedestrians Involved,Dry,No Unusual Conditions,Daylight,Violation Driver 1,Controls Functioning,Clear,Broadside,Intersection,Other Vehicle,Not Applicable,Not Applicable,At,,False,False,10020,ATHERTON AV,SARATOGA AV,37.29503806,-121.9881902
4660,690898,CR-0000097043,1,1,0,0,23-051-0565,False,False,0,2/20/2023 3:54:00 PM,No Pedestrians Involved,Dry,No Unusual Conditions,Daylight,Violation Driver 1,Controls Functioning,Clear,Broadside,Intersection,Other Vehicle,Not Applicable,Not Applicable,At,,True,True,10020,ATHERTON AV,SARATOGA AV,37.29503806,-121.9881902
4661,685201,CR-0000093879,0,1,0,0,22-146-0064,True,False,40,5/26/2022 1:44:00 AM,No Pedestrians Involved,Dry,No Unusual Conditions,Dark - Street Light,Violation Driver 1,Controls Functioning,Clear,Hit Object,Related,Fixed Object,Not Applicable,Not Applicable,South Of,,False,False,49125,DE MILLE DR,SARATOGA AV,37.30627464,-121.9781939
4662,696533,CR-0000099720,2,0,0,0,23-350-0283,False,False,350,12/16/2023 9:36:00 AM,No Pedestrians Involved,Dry,No Unusual Conditions,Daylight,Violation Driver 1,Controls Functioning,Clear,Head On,Non-Related,Other Vehicle,Not Applicable,Not Applicable,East Of,,True,False,49125,DE MILLE DR,SARATOGA AV,37.30627464,-121.9781939
4663,698918,CR-0000100220,1,0,0,0,23-312-0232,False,False,0,11/8/2023 9:00:00 AM,No Pedestrians Involved,Dry,No Unusual Conditions,Daylight,Violation Driver 1,Controls Functioning,Clear,Rear End,Intersection,Other Vehicle,Not Applicable,Not Applicable,At,,False,False,101200,PIPER DR,SARATOGA AV,37.30539622,-121.9785456
4664,682944,CR-0000092513,0,0,0,0,22-160-0190,False,False,20,6/9/2022 8:32:00 AM,No Pedestrians Involved,Dry,No Unusual Conditions,Daylight,Violation Driver 1,Controls Functioning,Clear,Rear End,Related,Other Vehicle,Not Applicable,Not Applicable,West Of,,True,True,107601,SARATOGA AV,VENICE DR,37.3048815,-121.9787954
4665,696401,CR-0000099577,0,0,0,0,23-150-0345,True,False,0,5/30/2023 11:20:00 AM,No Pedestrians Involved,Dry,No Unusual Conditions,Daylight,Violation Driver 1,No Controls Present/Factor,Clear,Hit Object,Intersection,Fixed Object,Not Applicable,Not Applicable,At,Light pole,True,False,107601,SARATOGA AV,VENICE DR,37.3048815,-121.9787954
4666,720942,CR-0000103177,0,0,0,0,24-048-0637,True,False,32,2/17/2024 7:19:00 PM,No Pedestrians Involved,Wet,No Unusual Conditions,Dark - Street Light,Violation Driver 1,No Controls Present/Factor,Rain,Hit Object,Related,Fixed Object,Not Applicable,Not Applicable,South Of,LIGHTPOLE,True,False,107601,SARATOGA AV,VENICE DR,37.3048815,-121.9787954
4667,682989,CR-0000092561,0,1,0,0,22-165-1026,True,False,360,6/14/2022 11:25:00 PM,No Pedestrians Involved,Dry,No Unusual Conditions,Dark - Street Light,Violation Driver 1,No Controls Present/Factor,Clear,Hit Object,Non-Related,Fixed Object,Not Applicable,Not Applicable,North Of,GUARDRAIL,False,False,120438,MEADOWLANDS LN (S),SAN FELIPE RD,37.27785236,-121.7502918
4668,715927,CR-0000101969,0,2,0,0,24-003-0226,False,False,362,1/3/2024 9:34:00 AM,No Pedestrians Involved,Wet,No Unusual Conditions,Daylight,Violation Driver 1,No Controls Present/Factor,Rain,Head On,Non-Related,Other Vehicle,Not Applicable,Not Applicable,North Of,,True,False,120438,MEADOWLANDS LN (S),SAN FELIPE RD,37.27785236,-121.7502918
4669,681365,CR-0000090752,0,0,0,0,22-017-0475,True,False,0,1/17/2022 2:48:00 PM,No Pedestrians Involved,Dry,Construction - Repair Zone,Daylight,Violation Driver 1,Controls Functioning,Clear,Sideswipe,Intersection,Fixed Object,Not Applicable,Not Applicable,At,TRAFFIC SIGNAL,False,False,42393,COMMERCIAL ST,FOURTH ST,37.3591488,-121.9034114
4670,681195,CR-0000090565,0,0,0,0,22-001-0260,False,False,190,1/1/2022 6:03:00 AM,No Pedestrians Involved,Dry,No Unusual Conditions,Dusk - Dawn,Violation Driver 1,No Controls Present/Factor,Clear,Rear End,Non-Related,Other Vehicle,Not Applicable,Not Applicable,West Of,,True,False,62952,FOURTH ST,ROSEMARY ST,37.361535,-121.9052098
4671,694740,CR-0000098747,0,0,0,0,23-224-0144,True,False,95,8/12/2023 3:40:00 AM,No Pedestrians Involved,Dry,No Unusual Conditions,Dark - Street Light,Violation Driver 1,Controls Functioning,Clear,Hit Object,Non-Related,Fixed Object,Not Applicable,Not Applicable,North Of,TREE,False,True,62952,FOURTH ST,ROSEMARY ST,37.361535,-121.9052098
4672,717447,CR-0000102471,1,0,0,0,24-085-0626,False,False,0,3/25/2024 3:48:00 PM,No Pedestrians Involved,Dry,No Unusual Conditions,Daylight,Violation Driver 1,No Controls Present/Factor,Clear,Broadside,Intersection,Other Vehicle,Not Applicable,Not Applicable,At,,False,False,62952,FOURTH ST,ROSEMARY ST,37.361535,-121.9052098
4673,695963,CR-0000099096,0,0,0,0,23-226-0079,False,False,264,8/14/2023 2:15:00 AM,No Pedestrians Involved,Dry,No Unusual Conditions,Dark - Street Light,Violation Driver 1,No Controls Present/Factor,Clear,Overturned,Non-Related,Parked Vehicle,Not Applicable,Not Applicable,North Of,,True,True,62864,FOURTH ST,GISH RD,37.36338053,-121.9065734
4674,711746,CR-0000101372,0,0,0,0,23-308-0666,False,False,36,11/4/2023 7:00:00 PM,No Pedestrians Involved,Dry,No Unusual Conditions,Dark - Street Light,Violation Driver 1,Controls Functioning,Clear,Rear End,Related,Other Vehicle,Not Applicable,Not Applicable,South Of,,True,True,62864,FOURTH ST,GISH RD,37.36338053,-121.9065734
4675,694708,CR-0000098770,1,0,1,0,23-238-0719,False,False,117,8/26/2023 6:46:00 PM,No Pedestrians Involved,Dry,No Unusual Conditions,Daylight,Violation Driver 1,No Controls Present/Factor,Clear,Rear End,Non-Related,Other Vehicle,Not Applicable,Not Applicable,South Of,,True,False,62919,FOURTH ST,KOLL CI,37.36582334,-121.9083834
4676,690181,CR-0000096270,0,0,0,0,22-018-4000,False,True,0,1/18/2022 7:52:00 AM,No Pedestrians Involved,Unknown,Unknown,Unknown,Unknown,Unknown,Unknown,Head On,Intersection,Other Vehicle,Not Applicable,Not Applicable,At,,False,True,83159,LENFEST RD,MABURY RD,37.36520545,-121.8718485
4677,696362,CR-0000099519,1,0,0,0,23-303-0591,False,False,29,10/30/2023 4:30:00 PM,No Pedestrians Involved,Dry,No Unusual Conditions,Daylight,Violation Driver 1,Controls Functioning,Clear,Rear End,Related,Other Vehicle,Not Applicable,Not Applicable,East Of,,False,False,83159,LENFEST RD,MABURY RD,37.36520545,-121.8718485
4678,681728,CR-0000091126,0,1,0,0,22-050-0349,False,False,500,2/19/2022 11:54:00 AM,No Pedestrians Involved,Dry,No Unusual Conditions,Daylight,Violation Driver 1,No Controls Present/Factor,Clear,Broadside,Non-Related,Other Vehicle,Not Applicable,Not Applicable,West Of,,False,False,119866,COMMERCIAL CT,COMMERCIAL ST,37.36787934,-121.886717
4679,684990,CR-0000093634,2,0,0,0,22-234-0470,False,False,665,8/22/2022 1:30:00 PM,No Pedestrians Involved,Dry,No Unusual Conditions,Daylight,Violation Driver 1,No Controls Present/Factor,Clear,Broadside,Non-Related,Other Vehicle,Not Applicable,Not Applicable,West Of,,False,False,119866,COMMERCIAL CT,COMMERCIAL ST,37.36787934,-121.886717
4680,685049,CR-0000093718,1,0,0,0,22-241-0529,False,False,350,8/29/2022 1:28:00 PM,No Pedestrians Involved,Dry,No Unusual Conditions,Daylight,Violation Driver 1,No Controls Present/Factor,Clear,Broadside,Non-Related,Other Vehicle,Not Applicable,Not Applicable,East Of,,False,False,119866,COMMERCIAL CT,COMMERCIAL ST,37.36787934,-121.886717
4681,684951,CR-0000093595,0,0,0,0,22-232-0862,False,False,51,8/20/2022 8:58:00 PM,No Pedestrians Involved,Dry,No Unusual Conditions,Dark - Street Light,Violation Driver 1,No Controls Present/Factor,Clear,Head On,Non-Related,Fixed Object,Not Applicable,Not Applicable,West Of,PG&E POLE,True,False,119866,COMMERCIAL CT,COMMERCIAL ST,37.36787934,-121.886717
4682,696293,CR-0000099449,0,1,0,0,23-286-0445,False,False,120,10/13/2023 2:00:00 PM,No Pedestrians Involved,Dry,No Unusual Conditions,Daylight,Violation Driver 1,No Controls Present/Factor,Clear,Head On,Non-Related,Other Vehicle,Not Applicable,Not Applicable,West Of,,False,False,119866,COMMERCIAL CT,COMMERCIAL ST,37.36787934,-121.886717
4683,690833,CR-0000096972,0,0,0,0,23-009-0507,False,False,238,1/9/2023 2:16:00 PM,No Pedestrians Involved,Wet,No Unusual Conditions,Daylight,Violation Driver 1,No Controls Present/Factor,Clear,Broadside,Non-Related,Other Vehicle,Not Applicable,Not Applicable,East Of,,True,True,119866,COMMERCIAL CT,COMMERCIAL ST,37.36787934,-121.886717
4684,694149,CR-0000098162,1,0,0,0,23-144-0697,False,False,772,5/24/2023 4:09:00 PM,No Pedestrians Involved,Dry,No Unusual Conditions,Daylight,Violation Driver 1,No Controls Present/Factor,Clear,Broadside,Non-Related,Motorcycle,Not Applicable,Not Applicable,West Of,,False,False,119866,COMMERCIAL CT,COMMERCIAL ST,37.36787934,-121.886717
4685,716146,CR-0000102104,0,1,0,0,24-021-0378,False,False,267,1/21/2024 12:18:00 PM,No Pedestrians Involved,Dry,No Unusual Conditions,Daylight,Violation Driver 1,No Controls Present/Factor,Clear,Broadside,Non-Related,Other Vehicle,Not Applicable,Not Applicable,East Of,,False,False,119866,COMMERCIAL CT,COMMERCIAL ST,37.36787934,-121.886717
4686,685230,CR-0000093909,0,0,0,0,22-153-0439,False,False,0,6/2/2022 12:25:00 PM,No Pedestrians Involved,Dry,No Unusual Conditions,Daylight,Violation Driver 1,Controls Functioning,Clear,Sideswipe,Intersection,Other Vehicle,Not Applicable,Not Applicable,At,,False,False,38389,CHESTNUT ST,HEDDING ST,37.34539329,-121.9163591
4687,694330,CR-0000098274,3,0,0,0,23-181-0431,False,False,0,6/30/2023 2:16:00 PM,No Pedestrians Involved,Dry,No Unusual Conditions,Daylight,Violation Driver 1,Controls Functioning,Clear,Broadside,Intersection,Other Vehicle,Not Applicable,Not Applicable,At,,False,False,38389,CHESTNUT ST,HEDDING ST,37.34539329,-121.9163591
4688,696461,CR-0000099638,1,1,0,0,23-331-0609,False,False,0,11/27/2023 2:55:00 PM,No Pedestrians Involved,Dry,No Unusual Conditions,Daylight,Violation Driver 1,No Controls Present/Factor,Clear,Head On,Intersection,Other Vehicle,Not Applicable,Not Applicable,At,,False,False,38389,CHESTNUT ST,HEDDING ST,37.34539329,-121.9163591
4689,712035,CR-0000101333,0,0,0,0,24-005-9708,False,True,51,12/3/2023 2:30:00 PM,No Pedestrians Involved,Unknown,No Unusual Conditions,Daylight,Unknown,No Controls Present/Factor,Clear,Sideswipe,Non-Related,Parked Vehicle,Not Applicable,Not Applicable,West Of,,False,False,38389,CHESTNUT ST,HEDDING ST,37.34539329,-121.9163591
4690,681275,CR-0000090661,0,1,0,0,22-008-0534,False,False,0,1/8/2022 4:45:00 PM,In Road - Includes Shoulder,Dry,No Unusual Conditions,Daylight,Violation Driver 1,Controls Functioning,Clear,Vehicle/Pedestrian,Intersection,Pedestrian,North,South,At,PEDESTRIAN,False,False,55703,ELEVENTH ST,HORNING ST,37.36055942,-121.8943433
4691,689221,CR-0000095162,0,0,0,0,22-301-0953,False,False,123,10/28/2022 11:04:00 PM,No Pedestrians Involved,Dry,No Unusual Conditions,Dark - Street Light,Violation Driver 1,No Controls Present/Factor,Clear,Rear End,Non-Related,Other Vehicle,Not Applicable,Not Applicable,East Of,,False,False,95182,NEET AV,WALGROVE WY,37.30646802,-121.9479942
4692,696151,CR-0000099293,0,0,0,0,23-097-0850,False,False,0,4/7/2023 9:30:00 PM,No Pedestrians Involved,Dry,No Unusual Conditions,Dark - Street Light,Violation Driver 1,Controls Functioning,Clear,Sideswipe,Intersection,Other Vehicle,Not Applicable,Not Applicable,At,,False,True,95182,NEET AV,WALGROVE WY,37.30646802,-121.9479942
4693,682668,CR-0000092244,0,0,0,0,22-128-4000,False,True,,5/7/2022 11:52:00 PM,No Pedestrians Involved,Unknown,Unknown,Unknown,Unknown,Unknown,Unknown,Rear End,Related,Parked Vehicle,Not Applicable,Not Applicable,North Of,,False,False,31020,CAMINO VERDE DR,MANILA DR,37.22658309,-121.79899
4694,719655,CR-0000102826,0,0,0,0,24-009-4001,False,True,51,1/6/2024 6:20:00 PM,No Pedestrians Involved,Unknown,Unknown,Unknown,Unknown,Unknown,Unknown,Vehicle/Bike,Non-Related,Bike,Not Applicable,Not Applicable,South Of,,False,False,83820,LIMEWELL CT,SAGEWELL WY,37.24995185,-121.7900763
4695,711680,CR-0000100973,0,0,0,0,23-248-9703,False,False,51,9/4/2023 11:00:00 PM,No Pedestrians Involved,Dry,No Unusual Conditions,Dark - Street Light,Unknown,No Controls Present/Factor,Clear,Broadside,Non-Related,Parked Vehicle,Not Applicable,Not Applicable,South Of,,False,True,97426,OLDWELL CT,SAGEWELL WY,37.24952375,-121.7893532
4696,681941,CR-0000091450,0,1,0,0,22-089-0982,True,False,450,3/30/2022 11:15:00 PM,No Pedestrians Involved,Dry,No Unusual Conditions,Dark - Street Light,Violation Driver 1,Controls Functioning,Clear,Hit Object,Non-Related,Fixed Object,Not Applicable,Not Applicable,East Of,LIGHT POLE,True,False,57045,ENCINAL DR/LISSOW DR,SANTA TERESA BL,37.23692113,-121.7961715
4697,690048,CR-0000096124,0,0,0,0,22-330-0148,True,False,240,11/26/2022 4:24:00 AM,No Pedestrians Involved,Dry,No Unusual Conditions,Dark - Street Light,Violation Driver 1,Unknown,Clear,Hit Object,Non-Related,Fixed Object,Not Applicable,Not Applicable,East Of,TREE,False,False,57045,ENCINAL DR/LISSOW DR,SANTA TERESA BL,37.23692113,-121.7961715
4698,681391,CR-0000090780,1,1,0,0,22-019-0497,False,False,122,1/19/2022 1:57:00 PM,No Pedestrians Involved,Dry,No Unusual Conditions,Daylight,Violation Driver 1,Controls Functioning,Clear,Rear End,Non-Related,Other Vehicle,Not Applicable,Not Applicable,West Of,,True,False,92102,MIYUKI AV,SANTA TERESA BL,37.23660732,-121.7936986
4699,717484,CR-0000102517,2,0,0,0,24-086-0553,False,False,0,3/26/2024 3:44:00 PM,No Pedestrians Involved,Dry,No Unusual Conditions,Daylight,Violation Driver 1,No Controls Present/Factor,Clear,Broadside,Intersection,Other Vehicle,Not Applicable,Not Applicable,At,,True,False,109570,SKYWAY DR,STONE CANYON DR,37.26984704,-121.8326356
4700,684711,CR-0000093404,0,0,0,0,22-189-0672,False,False,533,7/8/2022 5:25:00 PM,No Pedestrians Involved,Dry,No Unusual Conditions,Daylight,Violation Driver 1,No Controls Present/Factor,Clear,Rear End,Non-Related,Parked Vehicle,Not Applicable,Not Applicable,East Of,,False,True,106237,SAN CLEMENTE AV,SAN JOAQUIN AV,37.27071935,-121.900177
4701,688836,CR-0000094691,0,0,0,0,22-292-0441,False,False,200,10/19/2022 10:30:00 AM,No Pedestrians Involved,Dry,No Unusual Conditions,Daylight,Unknown,No Controls Present/Factor,Clear,Sideswipe,Non-Related,Parked Vehicle,Not Applicable,Not Applicable,West Of,,False,True,37509,CHERRY AV,EDGAR CT,37.25804557,-121.880133
4702,682298,CR-0000091828,0,0,0,0,22-125-1079,False,False,45,5/6/2022 12:22:00 AM,No Pedestrians Involved,Dry,No Unusual Conditions,Dark - Street Light,Violation Driver 1,Controls Functioning,Clear,Sideswipe,Related,Other Vehicle,Not Applicable,Not Applicable,South Of,,True,True,37509,CHERRY AV,EDGAR CT,37.25804557,-121.880133
4703,694085,CR-0000097913,0,2,0,0,23-120-0409,False,False,0,4/30/2023 12:30:00 PM,No Pedestrians Involved,Dry,No Unusual Conditions,Daylight,Violation Driver 1,No Controls Present/Factor,Clear,Rear End,Intersection,Motor Vehicle On Other Roadway,Not Applicable,Not Applicable,At,,True,False,37509,CHERRY AV,EDGAR CT,37.25804557,-121.880133
4704,683131,CR-0000092722,0,0,0,0,22-045-4005,False,True,51,2/14/2022 11:30:00 AM,No Pedestrians Involved,Unknown,Unknown,Daylight,Unknown,Unknown,Unknown,Sideswipe,Non-Related,Parked Vehicle,Not Applicable,Not Applicable,North Of,,False,False,55296,EL PASEO DR,KELEZ DR,37.2278304,-121.8725604
4705,711661,CR-0000101533,0,0,0,0,23-359-0151,False,False,236,12/25/2023 2:54:00 AM,No Pedestrians Involved,Dry,No Unusual Conditions,Dark - Street Light,Violation Driver 1,No Controls Present/Factor,Clear,Rear End,Non-Related,Parked Vehicle,Not Applicable,Not Applicable,West Of,,False,False,82378,LAUSETT AV,SCHARFF AV,37.35570188,-121.843775
4706,699147,CR-0000100464,0,0,0,0,23-156-0821,False,False,120,6/5/2023 6:46:00 PM,No Pedestrians Involved,Dry,No Unusual Conditions,Daylight,Violation Driver 1,No Controls Present/Factor,Clear,Broadside,Non-Related,Parked Vehicle,Not Applicable,Not Applicable,East Of,,False,True,82389,LAUSETT AV,SUNSET AV,37.35384309,-121.8476806
4707,682911,CR-0000092477,1,0,0,0,22-042-0239,False,False,0,2/11/2022 10:03:00 AM,Crossing In Crosswalk - At Intersection,Dry,No Unusual Conditions,Daylight,Violation Driver 1,Controls Functioning,Clear,Vehicle/Pedestrian,Intersection,Pedestrian,South,North,At,PED,False,True,6038,ALUM ROCK AV,JOSE FIGUERES AV,37.35693676,-121.8468194
4708,690451,CR-0000096557,0,0,0,0,22-092-9703,False,True,,4/1/2022 7:22:00 PM,No Pedestrians Involved,Dry,No Unusual Conditions,Dark - Street Light,Unknown,Controls Functioning,Clear,Rear End,Related,Other Vehicle,Not Applicable,Not Applicable,North Of,,False,False,6038,ALUM ROCK AV,JOSE FIGUERES AV,37.35693676,-121.8468194
4709,685262,CR-0000093942,1,0,0,0,22-208-0315,False,False,28,7/27/2022 10:18:00 AM,Crossing In Crosswalk - At Intersection,Dry,No Unusual Conditions,Daylight,Violation Driver 1,Controls Functioning,Clear,Vehicle/Pedestrian,Related,Pedestrian,Unknown,Unknown,East Of,PED,False,False,6038,ALUM ROCK AV,JOSE FIGUERES AV,37.35693676,-121.8468194
4710,695955,CR-0000099088,0,0,0,0,23-225-0956,True,False,140,8/13/2023 11:59:00 PM,No Pedestrians Involved,Dry,No Unusual Conditions,Dark - Street Light,Violation Driver 1,Controls Functioning,Clear,Hit Object,Non-Related,Fixed Object,Not Applicable,Not Applicable,West Of,,True,True,6038,ALUM ROCK AV,JOSE FIGUERES AV,37.35693676,-121.8468194
4711,696292,CR-0000099448,0,1,0,0,23-287-0696,False,False,0,10/14/2023 5:50:00 PM,No Pedestrians Involved,Dry,No Unusual Conditions,Daylight,Violation Driver 1,Controls Functioning,Clear,Vehicle/Bike,Intersection,Bike,Not Applicable,Not Applicable,At,BIKE,True,False,6038,ALUM ROCK AV,JOSE FIGUERES AV,37.35693676,-121.8468194
4712,690212,CR-0000096301,0,0,0,0,22-294-9706,False,True,0,9/7/2022 5:00:00 PM,No Pedestrians Involved,Dry,No Unusual Conditions,Daylight,Unknown,Controls Functioning,Clear,Other,Intersection,Other Vehicle,Not Applicable,Not Applicable,At,,False,False,6038,ALUM ROCK AV,JOSE FIGUERES AV,37.35693676,-121.8468194
4713,712094,CR-0000101235,0,0,0,0,23-306-0359,False,False,36,11/2/2023 11:20:00 AM,No Pedestrians Involved,Dry,No Unusual Conditions,Daylight,Violation Driver 1,Controls Functioning,Clear,Rear End,Related,Other Vehicle,Not Applicable,Not Applicable,East Of,,False,False,6038,ALUM ROCK AV,JOSE FIGUERES AV,37.35693676,-121.8468194
4714,719548,CR-0000102695,1,0,0,0,24-088-0539,False,False,0,3/28/2024 3:34:00 PM,No Pedestrians Involved,Dry,No Unusual Conditions,Daylight,Violation Driver 1,Controls Functioning,Clear,Broadside,Intersection,Other Vehicle,Not Applicable,Not Applicable,At,,False,False,6038,ALUM ROCK AV,JOSE FIGUERES AV,37.35693676,-121.8468194
4715,689029,CR-0000094909,0,0,0,0,22-320-0289,False,False,16,11/16/2022 10:18:00 AM,No Pedestrians Involved,Dry,No Unusual Conditions,Daylight,Violation Driver 1,Controls Functioning,Clear,Sideswipe,Related,Other Vehicle,Not Applicable,Not Applicable,North Of,,False,True,6016,ALUM ROCK AV,FOSS AV/I-680,37.35906193,-121.8423418
4716,689598,CR-0000095575,2,1,0,0,22-321-0222,False,False,0,11/17/2022 9:00:00 AM,No Pedestrians Involved,Dry,No Unusual Conditions,Daylight,Violation Driver 1,Controls Functioning,Clear,Broadside,Intersection,Other Vehicle,Not Applicable,Not Applicable,At,,False,False,6016,ALUM ROCK AV,FOSS AV/I-680,37.35906193,-121.8423418
4717,682334,CR-0000091897,0,1,0,0,22-099-0071,False,False,27,4/9/2022 1:24:00 AM,No Pedestrians Involved,Dry,No Unusual Conditions,Dark - Street Light,Violation Driver 1,Controls Functioning,Clear,Head On,Related,Other Vehicle,Not Applicable,Not Applicable,West Of,,True,False,6016,ALUM ROCK AV,FOSS AV/I-680,37.35906193,-121.8423418
4718,682725,CR-0000092306,0,0,0,0,22-129-0710,False,False,0,5/9/2022 5:50:00 PM,No Pedestrians Involved,Dry,No Unusual Conditions,Daylight,Violation Driver 1,Controls Functioning,Clear,Broadside,Intersection,Other Vehicle,Not Applicable,Not Applicable,At,,True,True,6016,ALUM ROCK AV,FOSS AV/I-680,37.35906193,-121.8423418