_id,CrashFactId,Name,MinorInjuries,ModerateInjuries,SevereInjuries,FatalInjuries,TcrNumber,CityDamageFlag,ShortFormFlag,Distance,CrashDateTime,PedestrianAction,RoadwaySurface,RoadwayCondition,Lighting,PrimaryCollisionFactor,TrafficControl,Weather,CollisionType,ProximityToIntersection,VehicleInvolvedWith,PedestrianDirectionFrom,PedestrianDirectionTo,DirectionFromIntersection,Comment,SpeedingFlag,HitAndRunFlag,IntersectionNumber,AStreetName,BStreetName,Latitude,Longitude
4719,683106,CR-0000092716,0,0,0,0,22-044-4005,False,True,0,2/13/2022 5:20:00 PM,No Pedestrians Involved,Unknown,Unknown,Daylight,Unknown,Unknown,Unknown,Rear End,Intersection,Other Vehicle,Not Applicable,Not Applicable,At,,False,False,6016,ALUM ROCK AV,FOSS AV/I-680,37.35906193,-121.8423418
4720,722429,CR-0000103725,0,0,0,0,24-099-4007,False,True,226,4/6/2024 11:00:00 PM,No Pedestrians Involved,Unknown,Unknown,Unknown,Unknown,Unknown,Unknown,Other,Non-Related,Parked Vehicle,Not Applicable,Not Applicable,South Of,,False,False,6016,ALUM ROCK AV,FOSS AV/I-680,37.35906193,-121.8423418
4721,681765,CR-0000091165,3,0,0,0,22-058-0624,False,False,0,2/27/2022 4:37:00 PM,No Pedestrians Involved,Dry,No Unusual Conditions,Daylight,Violation Driver 1,Controls Functioning,Clear,Sideswipe,Intersection,Other Vehicle,Not Applicable,Not Applicable,At,,False,False,6027,ALUM ROCK AV,JACKSON AV,37.35851529,-121.843495
4722,682499,CR-0000092066,0,0,0,0,22-093-0154,False,False,0,4/3/2022 2:37:00 AM,No Pedestrians Involved,Dry,No Unusual Conditions,Dark - Street Light,Violation Driver 1,Controls Functioning,Clear,Rear End,Intersection,Parked Vehicle,Not Applicable,Not Applicable,At,,False,False,6027,ALUM ROCK AV,JACKSON AV,37.35851529,-121.843495
4723,682522,CR-0000092089,2,0,0,0,22-095-0824,False,False,220,4/5/2022 7:27:00 PM,No Pedestrians Involved,Dry,No Unusual Conditions,Dark - Street Light,Violation Driver 1,No Controls Present/Factor,Clear,Broadside,Non-Related,Other Vehicle,Not Applicable,Not Applicable,South Of,,False,False,6027,ALUM ROCK AV,JACKSON AV,37.35851529,-121.843495
4724,683206,CR-0000092781,2,1,0,0,22-093-0142,True,False,0,4/3/2022 2:32:00 AM,No Pedestrians Involved,Dry,No Unusual Conditions,Dark - Street Light,Violation Driver 1,Controls Functioning,Clear,Broadside,Intersection,Other Vehicle,Not Applicable,Not Applicable,At,Lamp Post,False,True,6027,ALUM ROCK AV,JACKSON AV,37.35851529,-121.843495
4725,684955,CR-0000093652,0,0,0,0,22-222-0700,False,False,81,8/10/2022 4:30:00 PM,No Pedestrians Involved,Dry,No Unusual Conditions,Daylight,Violation Driver 1,Controls Functioning,Clear,Sideswipe,Non-Related,Other Vehicle,Not Applicable,Not Applicable,East Of,,False,True,6027,ALUM ROCK AV,JACKSON AV,37.35851529,-121.843495
4726,684933,CR-0000093596,0,0,0,0,22-232-1075,False,False,101,8/20/2022 11:55:00 PM,No Pedestrians Involved,Dry,No Unusual Conditions,Dark - Street Light,Violation Driver 1,Controls Functioning,Clear,Rear End,Non-Related,Other Vehicle,Not Applicable,Not Applicable,East Of,PD (EMERGENCY VEHICLE),False,False,6027,ALUM ROCK AV,JACKSON AV,37.35851529,-121.843495
4727,690285,CR-0000096377,0,0,0,0,22-312-0055,False,False,22,11/8/2022 2:01:00 AM,No Pedestrians Involved,Wet,No Unusual Conditions,Dark - Street Light,Violation Driver 1,Controls Functioning,Rain,Sideswipe,Related,Other Vehicle,Not Applicable,Not Applicable,North Of,,False,True,6027,ALUM ROCK AV,JACKSON AV,37.35851529,-121.843495
4728,689979,CR-0000096039,1,0,0,0,22-245-9706,False,True,0,8/22/2022 4:30:00 PM,No Pedestrians Involved,Dry,No Unusual Conditions,Daylight,Unknown,Controls Functioning,Clear,Broadside,Intersection,Other Vehicle,Not Applicable,Not Applicable,At,,False,False,6027,ALUM ROCK AV,JACKSON AV,37.35851529,-121.843495
4729,689930,CR-0000095990,0,1,0,0,22-309-0367,False,False,0,11/5/2022 12:08:00 PM,No Pedestrians Involved,Wet,No Unusual Conditions,Daylight,Violation Driver 1,No Controls Present/Factor,Rain,Rear End,Intersection,Other Vehicle,Not Applicable,Not Applicable,At,,False,False,6027,ALUM ROCK AV,JACKSON AV,37.35851529,-121.843495
4730,690702,CR-0000096839,0,1,0,0,23-022-0138,False,False,177,1/22/2023 2:02:00 AM,No Pedestrians Involved,Dry,No Unusual Conditions,Dark - Street Light,Violation Driver 1,No Controls Present/Factor,Clear,Rear End,Non-Related,Other Vehicle,Not Applicable,Not Applicable,South Of,,True,True,6027,ALUM ROCK AV,JACKSON AV,37.35851529,-121.843495
4731,690543,CR-0000096664,0,1,0,0,23-006-0512,False,False,0,1/6/2023 2:47:00 PM,No Pedestrians Involved,Dry,No Unusual Conditions,Daylight,Bike At Fault,Controls Functioning,Clear,Vehicle/Bike,Intersection,Bike,Not Applicable,Not Applicable,At,BIKE,False,False,6027,ALUM ROCK AV,JACKSON AV,37.35851529,-121.843495
4732,694119,CR-0000098104,1,0,0,0,23-113-0869,False,False,0,4/23/2023 10:30:00 PM,Crossing In Crosswalk - At Intersection,Dry,No Unusual Conditions,Dark - Street Light,Pedestrian At Fault,Controls Functioning,Clear,Vehicle/Pedestrian,Intersection,Pedestrian,South,North,At,PED,False,False,6027,ALUM ROCK AV,JACKSON AV,37.35851529,-121.843495
4733,692428,CR-0000097712,0,1,0,0,23-082-0956,False,False,0,3/23/2023 10:38:00 PM,No Pedestrians Involved,Wet,No Unusual Conditions,Dark - Street Light Not Functioning,Bike At Fault,Controls Functioning,Cloudy,Vehicle/Bike,Intersection,Bike,Not Applicable,Not Applicable,At,BIKE,False,False,6027,ALUM ROCK AV,JACKSON AV,37.35851529,-121.843495
4734,691166,CR-0000097368,0,0,0,0,23-036-0159,False,False,23,2/5/2023 4:05:00 AM,No Pedestrians Involved,Wet,No Unusual Conditions,Dark - Street Light,Violation Driver 1,Controls Functioning,Clear,Hit Object,Related,Fixed Object,Not Applicable,Not Applicable,West Of,,True,True,6027,ALUM ROCK AV,JACKSON AV,37.35851529,-121.843495
4735,691304,CR-0000097549,1,0,0,0,23-024-0259,False,False,,1/24/2023 9:39:00 AM,No Pedestrians Involved,Dry,No Unusual Conditions,Daylight,Violation Driver 1,Controls Functioning,Clear,Rear End,Related,Other Vehicle,Not Applicable,Not Applicable,East Of,,True,False,6027,ALUM ROCK AV,JACKSON AV,37.35851529,-121.843495
4736,696017,CR-0000099152,2,1,0,0,23-188-0743,False,False,0,7/7/2023 7:00:00 PM,No Pedestrians Involved,Unknown,No Unusual Conditions,Daylight,Violation Driver 1,Controls Functioning,Clear,Broadside,Intersection,Other Vehicle,Not Applicable,Not Applicable,At,,True,False,6027,ALUM ROCK AV,JACKSON AV,37.35851529,-121.843495
4737,695797,CR-0000098862,1,0,0,0,23-251-0367,False,False,43,9/8/2023 11:30:00 AM,No Pedestrians Involved,Dry,No Unusual Conditions,Daylight,Violation Driver 1,No Controls Present/Factor,Clear,Rear End,Related,Other Vehicle,Not Applicable,Not Applicable,South Of,,True,False,6027,ALUM ROCK AV,JACKSON AV,37.35851529,-121.843495
4738,697606,CR-0000099845,1,0,0,0,23-291-0638,False,False,0,10/18/2023 4:00:00 PM,No Pedestrians Involved,Dry,No Unusual Conditions,Daylight,Violation Driver 1,Controls Not Functioning,Clear,Broadside,Intersection,Motor Vehicle On Other Roadway,Not Applicable,Not Applicable,At,,False,False,6027,ALUM ROCK AV,JACKSON AV,37.35851529,-121.843495
4739,722441,CR-0000103756,0,1,0,0,24-101-0803,False,False,100,4/10/2024 9:20:00 PM,No Pedestrians Involved,Dry,No Unusual Conditions,Dark - Street Light,Violation Driver 1,No Controls Present/Factor,Clear,Head On,Non-Related,Other Vehicle,Not Applicable,Not Applicable,South Of,,False,True,6027,ALUM ROCK AV,JACKSON AV,37.35851529,-121.843495
4740,722470,CR-0000103769,0,0,0,0,24-104-0395,False,False,0,4/13/2024 1:35:00 PM,No Pedestrians Involved,Dry,No Unusual Conditions,Daylight,Violation Driver 1,Controls Functioning,Clear,Rear End,Intersection,Other Vehicle,Not Applicable,Not Applicable,At,,True,True,6027,ALUM ROCK AV,JACKSON AV,37.35851529,-121.843495
4741,716149,CR-0000102099,4,0,0,0,24-026-0724,False,False,0,1/26/2024 6:11:00 PM,No Pedestrians Involved,Dry,No Unusual Conditions,Dusk - Dawn,Violation Driver 1,Controls Functioning,Clear,Sideswipe,Intersection,Other Vehicle,Not Applicable,Not Applicable,At,,False,False,6027,ALUM ROCK AV,JACKSON AV,37.35851529,-121.843495
4742,716013,CR-0000101838,2,0,0,0,23-354-0480,False,False,24,12/20/2023 2:41:00 PM,No Pedestrians Involved,Wet,No Unusual Conditions,Daylight,Violation Driver 1,Controls Functioning,Rain,Broadside,Related,Other Vehicle,Not Applicable,Not Applicable,East Of,,True,False,6027,ALUM ROCK AV,JACKSON AV,37.35851529,-121.843495
4743,698704,CR-0000099953,0,1,0,1,23-295-0093,False,False,272,10/22/2023 1:00:00 AM,No Pedestrians Involved,Dry,No Unusual Conditions,Dark - Street Light,Violation Driver 1,Controls Functioning,Clear,Broadside,Non-Related,Motorcycle,Not Applicable,Not Applicable,North Of,,False,False,75998,JACKSON AV,LUZ AV,37.3595793,-121.8446042
4744,691348,CR-0000097596,0,1,0,0,23-089-0847,False,False,0,3/30/2023 7:49:00 PM,No Pedestrians Involved,Dry,No Unusual Conditions,Daylight,Violation Driver 1,Controls Functioning,Clear,Vehicle/Pedestrian,Intersection,Pedestrian,Not Applicable,Not Applicable,At,PED,False,True,75998,JACKSON AV,LUZ AV,37.3595793,-121.8446042
4745,696030,CR-0000099165,1,0,0,0,23-197-0052,False,False,0,7/16/2023 12:30:00 AM,No Pedestrians Involved,Dry,No Unusual Conditions,Dark - Street Light,Violation Driver 1,No Controls Present/Factor,Clear,Broadside,Intersection,Other Vehicle,Not Applicable,Not Applicable,At,,False,False,86228,LYNETTE WY,SAN ANTONIO ST,37.35094968,-121.8503758
4746,689500,CR-0000095477,0,0,0,0,22-360-4000,False,True,51,12/25/2022 11:00:00 PM,No Pedestrians Involved,Unknown,Unknown,Daylight,Unknown,Unknown,Unknown,Sideswipe,Non-Related,Parked Vehicle,Not Applicable,Not Applicable,East Of,,False,False,92069,MITZI DR,SARATOGA AV,37.30439396,-121.9790372
4747,698863,CR-0000100146,2,0,0,0,23-364-0651,False,False,0,12/30/2023 7:44:00 PM,No Pedestrians Involved,Wet,No Unusual Conditions,Dark - Street Light,Violation Driver 1,Controls Functioning,Cloudy,Rear End,Intersection,Other Vehicle,Not Applicable,Not Applicable,At,,True,False,13639,BARRYMORE DR,SARATOGA AV,37.30358277,-121.9795394
4748,685304,CR-0000093985,0,0,0,0,22-247-0142,False,False,382,9/4/2022 3:49:00 AM,No Pedestrians Involved,Dry,No Unusual Conditions,Dark - Street Light,Violation Driver 1,Controls Functioning,Clear,Rear End,Non-Related,Parked Vehicle,Not Applicable,Not Applicable,East Of,,False,True,52360,DOYLE RD/SAN TOMAS AQUINO RD,SARATOGA AV,37.30284709,-121.9800529
4749,681723,CR-0000091120,0,0,0,0,22-061-9704,False,True,0,2/26/2022 7:30:00 PM,No Pedestrians Involved,Dry,No Unusual Conditions,Dark - Street Light,Unknown,Controls Functioning,Clear,Rear End,Intersection,Other Vehicle,Not Applicable,Not Applicable,At,,False,False,52360,DOYLE RD/SAN TOMAS AQUINO RD,SARATOGA AV,37.30284709,-121.9800529
4750,696547,CR-0000099743,1,0,0,0,23-350-0678,False,False,51,12/16/2023 6:00:00 PM,No Pedestrians Involved,Dry,No Unusual Conditions,Dark - Street Light,Violation Driver 1,Controls Functioning,Cloudy,Sideswipe,Non-Related,Other Vehicle,Not Applicable,Not Applicable,South Of,,False,True,52360,DOYLE RD/SAN TOMAS AQUINO RD,SARATOGA AV,37.30284709,-121.9800529
4751,696179,CR-0000099323,1,0,0,0,23-145-9702,False,True,,5/19/2023 9:00:00 PM,In Road - Includes Shoulder,Dry,No Unusual Conditions,Dark - Street Light,Unknown,Controls Functioning,Clear,Vehicle/Pedestrian,Related,Pedestrian,No Direction (Not Walking),No Direction (Not Walking),West Of,PED,False,False,52360,DOYLE RD/SAN TOMAS AQUINO RD,SARATOGA AV,37.30284709,-121.9800529
4752,689479,CR-0000095456,1,0,0,0,22-351-0228,False,False,341,12/17/2022 8:14:00 AM,No Pedestrians Involved,Dry,No Unusual Conditions,Daylight,Violation Driver 1,No Controls Present/Factor,Clear,Hit Object,Non-Related,Fixed Object,Not Applicable,Not Applicable,South Of,,False,False,52360,DOYLE RD/SAN TOMAS AQUINO RD,SARATOGA AV,37.30284709,-121.9800529
4753,689827,CR-0000095853,2,1,0,0,22-336-0712,False,False,0,12/2/2022 6:20:00 PM,No Pedestrians Involved,Dry,No Unusual Conditions,Dark - Street Light,Violation Driver 1,Controls Functioning,Clear,Broadside,Intersection,Other Vehicle,Not Applicable,Not Applicable,At,,True,False,52360,DOYLE RD/SAN TOMAS AQUINO RD,SARATOGA AV,37.30284709,-121.9800529
4754,692470,CR-0000097758,0,0,0,0,23-080-9707,False,True,0,3/14/2023 7:05:00 PM,No Pedestrians Involved,Wet,No Unusual Conditions,Daylight,Unknown,Controls Functioning,Rain,Rear End,Intersection,Other Vehicle,Not Applicable,Not Applicable,At,,False,False,52360,DOYLE RD/SAN TOMAS AQUINO RD,SARATOGA AV,37.30284709,-121.9800529
4755,694201,CR-0000097952,2,0,0,0,23-076-0268,False,False,36,3/17/2023 9:15:00 AM,No Pedestrians Involved,Dry,No Unusual Conditions,Daylight,Violation Driver 1,Controls Functioning,Clear,Rear End,Related,Other Vehicle,Not Applicable,Not Applicable,South Of,,True,False,52360,DOYLE RD/SAN TOMAS AQUINO RD,SARATOGA AV,37.30284709,-121.9800529
4756,715882,CR-0000101760,0,0,0,0,23-027-9701,False,True,51,1/26/2023 6:05:00 PM,No Pedestrians Involved,Dry,No Unusual Conditions,Dark - Street Light,Unknown,Unknown,Clear,Rear End,Non-Related,Other Vehicle,Not Applicable,Not Applicable,South Of,,False,False,52360,DOYLE RD/SAN TOMAS AQUINO RD,SARATOGA AV,37.30284709,-121.9800529
4757,722174,CR-0000103440,0,0,0,0,24-078-4003,False,True,51,3/15/2024 5:00:00 PM,No Pedestrians Involved,Unknown,Unknown,Unknown,Unknown,Unknown,Unknown,Rear End,Non-Related,Unknown,Not Applicable,Not Applicable,Unknown,,False,False,52360,DOYLE RD/SAN TOMAS AQUINO RD,SARATOGA AV,37.30284709,-121.9800529
4758,684949,CR-0000093636,0,0,0,0,22-235-0464,False,False,48,8/23/2022 11:36:00 AM,No Pedestrians Involved,Dry,No Unusual Conditions,Daylight,Violation Driver 1,Controls Not Functioning,Clear,Rear End,Related,Other Vehicle,Not Applicable,Not Applicable,South Of,PD - EMERGENCY VEHICLE INVOLVED,True,False,99483,PAYNE AV,SARATOGA AV,37.30087689,-121.9817338
4759,694299,CR-0000098207,0,1,0,0,23-149-0531,False,False,0,5/29/2023 3:53:00 PM,No Pedestrians Involved,Dry,No Unusual Conditions,Daylight,Violation Driver 1,Controls Functioning,Clear,Broadside,Intersection,Other Vehicle,Not Applicable,Not Applicable,At,,True,False,99483,PAYNE AV,SARATOGA AV,37.30087689,-121.9817338
4760,696361,CR-0000099518,1,0,0,0,23-303-0517,False,False,0,10/30/2023 2:53:00 PM,No Pedestrians Involved,Dry,No Unusual Conditions,Daylight,Violation Driver 1,Controls Functioning,Clear,Rear End,Intersection,Other Vehicle,Not Applicable,Not Applicable,At,,True,False,99483,PAYNE AV,SARATOGA AV,37.30087689,-121.9817338
4761,694763,CR-0000098800,1,0,0,0,23-216-0149,False,False,275,8/4/2023 7:01:00 AM,No Pedestrians Involved,Dry,No Unusual Conditions,Daylight,Violation Driver 1,Controls Functioning,Clear,Rear End,Non-Related,Other Vehicle,Not Applicable,Not Applicable,North Of,,True,False,99483,PAYNE AV,SARATOGA AV,37.30087689,-121.9817338
4762,715821,CR-0000101824,0,0,0,0,23-133-4000,False,True,0,5/13/2023 9:05:00 AM,No Pedestrians Involved,Unknown,Unknown,Unknown,Unknown,Unknown,Unknown,Rear End,Related,Other Vehicle,Not Applicable,Not Applicable,At,,False,False,99483,PAYNE AV,SARATOGA AV,37.30087689,-121.9817338
4763,689215,CR-0000095149,0,0,0,0,22-298-0720,True,False,124,10/25/2022 4:58:00 PM,No Pedestrians Involved,Dry,No Unusual Conditions,Daylight,Violation Driver 1,No Controls Present/Factor,Clear,Sideswipe,Non-Related,Parked Vehicle,Not Applicable,Not Applicable,East Of,City vehicle,False,False,88923,MAYELLEN AV,SCOTT ST,37.31966759,-121.9204899
4764,690596,CR-0000096717,1,0,0,0,23-023-0027,False,False,24,1/23/2022 12:41:00 AM,No Pedestrians Involved,Dry,No Unusual Conditions,Dark - No Street Light,Violation Driver 1,Unknown,Clear,Rear End,Related,Other Vehicle,Not Applicable,Not Applicable,East Of,,True,True,88923,MAYELLEN AV,SCOTT ST,37.31966759,-121.9204899
4765,692579,CR-0000097870,0,0,0,0,23-043-0710,False,False,130,2/12/2023 9:18:00 PM,No Pedestrians Involved,Dry,No Unusual Conditions,Dark - Street Light,Violation Driver 1,No Controls Present/Factor,Clear,Sideswipe,Non-Related,Parked Vehicle,Not Applicable,Not Applicable,West Of,,True,True,26927,BUENA VISTA AV,SCOTT ST,37.31965762,-121.9190115
4766,717498,CR-0000102540,0,2,0,0,24-075-0098,False,False,0,3/15/2024 5:22:00 AM,No Pedestrians Involved,Dry,No Unusual Conditions,Dark - Street Light,Violation Driver 1,No Controls Present/Factor,Clear,Broadside,Intersection,Other Vehicle,Not Applicable,Not Applicable,At,,False,False,26927,BUENA VISTA AV,SCOTT ST,37.31965762,-121.9190115
4767,681302,CR-0000090688,0,0,0,0,22-011-0408,False,False,0,1/11/2022 11:54:00 AM,No Pedestrians Involved,Dry,No Unusual Conditions,Daylight,Violation Driver 1,No Controls Present/Factor,Clear,Rear End,Intersection,Other Vehicle,Not Applicable,Not Applicable,At,,False,False,71609,HEDDING ST,SPRING ST,37.34797325,-121.9127755
4768,683114,CR-0000092721,0,0,0,0,22-045-4002,False,True,51,2/11/2022 4:10:00 PM,No Pedestrians Involved,Unknown,Unknown,Daylight,Unknown,Unknown,Unknown,Broadside,Non-Related,Parked Vehicle,Not Applicable,Not Applicable,West Of,,False,False,36651,CHAPMAN ST,FREMONT ST,37.33281283,-121.9198969
4769,689602,CR-0000095578,0,1,0,0,22-049-0790,False,False,343,2/18/2022 6:07:00 PM,No Pedestrians Involved,Dry,No Unusual Conditions,Dusk - Dawn,Violation Driver 1,No Controls Present/Factor,Clear,Vehicle/Bike,Driveway,Bike,Not Applicable,Not Applicable,West Of,,False,True,15113,BAYSHORE WEST,TWENTY FIRST ST,37.36180136,-121.8826998
4770,717496,CR-0000102538,1,0,0,0,24-061-0003,False,False,0,3/1/2024 12:02:00 AM,No Pedestrians Involved,Wet,No Unusual Conditions,Dark - Street Light,Violation Driver 1,Controls Functioning,Cloudy,Broadside,Intersection,Other Vehicle,Not Applicable,Not Applicable,At,,False,False,15113,BAYSHORE WEST,TWENTY FIRST ST,37.36180136,-121.8826998
4771,719668,CR-0000102839,0,0,0,0,24-022-4006,False,True,51,1/7/2024 7:54:00 PM,No Pedestrians Involved,Unknown,Unknown,Unknown,Unknown,Unknown,Unknown,Other,Non-Related,Parked Vehicle,Not Applicable,Not Applicable,East Of,,False,False,15113,BAYSHORE WEST,TWENTY FIRST ST,37.36180136,-121.8826998
4772,689741,CR-0000095753,1,0,0,0,22-325-0218,False,False,0,11/21/2022 8:26:00 AM,No Pedestrians Involved,Dry,No Unusual Conditions,Daylight,Violation Driver 1,No Controls Present/Factor,Clear,Vehicle/Bike,Intersection,Bike,Not Applicable,Not Applicable,At,BIKE,False,False,137224,ARCADE AV/LAKESIDE DR,COLONNA AV,37.32103803,-121.7743215
4773,690444,CR-0000096548,0,0,0,0,22-301-9701,False,True,51,10/28/2022 2:35:00 PM,Crossing In Crosswalk - Not At Intersection,Dry,No Unusual Conditions,Dark - Street Light,Unknown,No Controls Present/Factor,Clear,Vehicle/Pedestrian,Non-Related,Pedestrian,Unknown,Unknown,South Of,PEDESTRIAN,False,True,86250,LYNG DR,SAVSTROM WY,37.27253856,-121.8067526
4774,688772,CR-0000094607,0,0,0,0,22-288-4000,False,True,51,10/13/2022 9:00:00 PM,No Pedestrians Involved,Unknown,Unknown,Unknown,Unknown,Unknown,Unknown,Sideswipe,Non-Related,Unknown,Not Applicable,Not Applicable,South Of,,False,True,107777,SAVSTROM WY,SNOW DR,37.27281956,-121.804912
4775,696066,CR-0000099201,0,0,0,0,23-030-4004,False,True,51,1/30/2023 6:50:00 PM,No Pedestrians Involved,Unknown,Unknown,Unknown,Unknown,Unknown,Unknown,Other,Non-Related,Parked Vehicle,Not Applicable,Not Applicable,North Of,,False,False,62710,FOURTEENTH ST,JULIAN ST,37.34690023,-121.8804455
4776,698708,CR-0000099957,2,1,0,0,23-147-0448,False,False,0,5/27/2023 1:21:00 PM,No Pedestrians Involved,Dry,No Unusual Conditions,Daylight,Violation Driver 1,Unknown,Clear,Broadside,Intersection,Other Vehicle,Not Applicable,Not Applicable,At,,False,False,62710,FOURTEENTH ST,JULIAN ST,37.34690023,-121.8804455
4777,695837,CR-0000098902,0,0,0,0,23-091-0288,True,False,0,4/1/2023 10:32:00 AM,No Pedestrians Involved,Dry,No Unusual Conditions,Daylight,Violation Driver 1,No Controls Present/Factor,Clear,Hit Object,Intersection,Fixed Object,Not Applicable,Not Applicable,At,SIGN,True,True,110384,ST JAMES ST,TWENTY FIFTH ST,37.35008308,-121.8694059
4778,690505,CR-0000096611,0,0,0,0,22-302-9704,False,True,51,10/27/2022 2:00:00 PM,No Pedestrians Involved,Dry,No Unusual Conditions,Daylight,Unknown,Unknown,Clear,Other,Non-Related,Parked Vehicle,Not Applicable,Not Applicable,West Of,,False,True,110384,ST JAMES ST,TWENTY FIFTH ST,37.35008308,-121.8694059
4779,691281,CR-0000097526,0,0,0,0,23-052-4002,False,True,51,2/20/2023 11:59:00 PM,No Pedestrians Involved,Unknown,Unknown,Unknown,Unknown,Unknown,Unknown,Sideswipe,Non-Related,Parked Vehicle,Not Applicable,Not Applicable,North Of,,False,False,110384,ST JAMES ST,TWENTY FIFTH ST,37.35008308,-121.8694059
4780,690893,CR-0000097037,0,0,0,0,23-017-4008,False,False,51,1/17/2023 4:30:00 PM,No Pedestrians Involved,Unknown,Unknown,Unknown,Unknown,Unknown,Unknown,Other,Non-Related,Other Vehicle,Unknown,Unknown,South Of,,False,False,110384,ST JAMES ST,TWENTY FIFTH ST,37.35008308,-121.8694059
4781,712114,CR-0000100903,0,0,0,0,23-201-4001,False,True,,7/19/2023 9:15:00 PM,No Pedestrians Involved,Unknown,Unknown,Unknown,Unknown,Unknown,Unknown,Other,Related,Parked Vehicle,Not Applicable,Not Applicable,East Of,,False,False,71026,HAWTHORNE WY,SAN PEDRO ST,37.3437707,-121.899335
4782,689600,CR-0000095580,2,0,0,0,22-125-1061,False,False,0,5/5/2022 11:10:00 PM,No Pedestrians Involved,Dry,No Unusual Conditions,Dark - Street Light,Violation Driver 1,No Controls Present/Factor,Clear,Rear End,Intersection,Other Vehicle,Not Applicable,Not Applicable,At,,True,True,107062,SANTA CLARA ST,SEVENTEENTH ST,37.34385397,-121.8743809
4783,719652,CR-0000102823,0,0,0,0,23-005-0685,False,False,0,1/5/2023 5:36:00 PM,Crossing In Crosswalk - At Intersection,Wet,No Unusual Conditions,Dark - Street Light,Violation Driver 1,Controls Functioning,Cloudy,Vehicle/Pedestrian,Intersection,Pedestrian,North,South,At,PED,False,False,107062,SANTA CLARA ST,SEVENTEENTH ST,37.34385397,-121.8743809
4784,689099,CR-0000094950,0,0,0,0,22-296-0163,False,False,80,10/23/2022 2:29:00 AM,No Pedestrians Involved,Dry,No Unusual Conditions,Dark - Street Light,Violation Driver 1,Controls Functioning,Clear,Rear End,Non-Related,Parked Vehicle,Not Applicable,Not Applicable,West Of,,False,True,95842,NINETEENTH ST,SANTA CLARA ST,37.34473696,-121.8725331
4785,694574,CR-0000098598,0,0,1,0,23-182-0988,False,False,43,7/1/2023 10:28:00 PM,No Pedestrians Involved,Dry,No Unusual Conditions,Dark - Street Light,Violation Driver 1,No Controls Present/Factor,Clear,Vehicle/Bike,Related,Bike,Not Applicable,Not Applicable,East Of,BIKE,False,False,95842,NINETEENTH ST,SANTA CLARA ST,37.34473696,-121.8725331
4786,694464,CR-0000098429,0,1,0,0,23-152-0998,False,False,0,6/1/2023 10:40:00 PM,No Pedestrians Involved,Dry,No Unusual Conditions,Dark - Street Light,Bike At Fault,Controls Functioning,Clear,Vehicle/Bike,Intersection,Bike,Not Applicable,Not Applicable,At,BIKE,False,False,95842,NINETEENTH ST,SANTA CLARA ST,37.34473696,-121.8725331
4787,689210,CR-0000095109,1,0,0,0,22-298-0622,False,False,0,10/25/2022 4:28:00 PM,No Pedestrians Involved,Dry,No Unusual Conditions,Daylight,Violation Driver 1,Controls Functioning,Clear,Vehicle/Bike,Intersection,Bike,Not Applicable,Not Applicable,At,BIKE,False,False,108316,SEVENTEENTH ST,ST JOHN ST,37.34534158,-121.8754923
4788,689550,CR-0000095527,1,0,0,0,22-339-0601,False,False,51,12/5/2022 4:13:00 PM,No Pedestrians Involved,Dry,No Unusual Conditions,Daylight,Violation Driver 1,Controls Functioning,Clear,Sideswipe,Non-Related,Other Vehicle,Not Applicable,Not Applicable,North Of,,False,False,79386,KING RD,LAS PLUMAS AV,37.36248591,-121.8651495
4789,685203,CR-0000093882,0,2,0,0,22-177-0971,False,False,102,6/26/2022 10:00:00 PM,No Pedestrians Involved,Dry,No Unusual Conditions,Dark - Street Light,Violation Driver 1,Controls Functioning,Clear,Sideswipe,Non-Related,Motorcycle,Not Applicable,Not Applicable,South Of,MC,False,False,79386,KING RD,LAS PLUMAS AV,37.36248591,-121.8651495
4790,682779,CR-0000092358,0,1,0,0,22-142-0291,False,False,0,5/22/2022 8:00:00 AM,No Pedestrians Involved,Dry,No Unusual Conditions,Daylight,Violation Driver 1,Controls Functioning,Clear,Sideswipe,Intersection,Other Vehicle,Not Applicable,Not Applicable,At,,False,False,79386,KING RD,LAS PLUMAS AV,37.36248591,-121.8651495
4791,681808,CR-0000091217,0,0,0,0,22-078-0181,True,False,135,3/19/2022 6:17:00 AM,No Pedestrians Involved,Dry,No Unusual Conditions,Dark - Street Light,Violation Driver 1,No Controls Present/Factor,Clear,Hit Object,Non-Related,Fixed Object,Not Applicable,Not Applicable,East Of,LIGHT POLE,True,False,79386,KING RD,LAS PLUMAS AV,37.36248591,-121.8651495
4792,694056,CR-0000098035,1,0,0,0,23-108-0625,False,False,152,4/18/2023 4:37:00 PM,No Pedestrians Involved,Dry,No Unusual Conditions,Daylight,Violation Driver 1,No Controls Present/Factor,Clear,Rear End,Non-Related,Other Vehicle,Not Applicable,Not Applicable,North Of,,False,True,79386,KING RD,LAS PLUMAS AV,37.36248591,-121.8651495
4793,690696,CR-0000096831,0,0,1,0,23-028-0145,False,False,0,1/28/2023 2:58:00 AM,No Pedestrians Involved,Dry,No Unusual Conditions,Dark - Street Light,Violation Driver 1,Controls Functioning,Clear,Broadside,Intersection,Other Vehicle,Not Applicable,Not Applicable,At,,False,True,79386,KING RD,LAS PLUMAS AV,37.36248591,-121.8651495