_id,CrashFactId,Name,MinorInjuries,ModerateInjuries,SevereInjuries,FatalInjuries,TcrNumber,CityDamageFlag,ShortFormFlag,Distance,CrashDateTime,PedestrianAction,RoadwaySurface,RoadwayCondition,Lighting,PrimaryCollisionFactor,TrafficControl,Weather,CollisionType,ProximityToIntersection,VehicleInvolvedWith,PedestrianDirectionFrom,PedestrianDirectionTo,DirectionFromIntersection,Comment,SpeedingFlag,HitAndRunFlag,IntersectionNumber,AStreetName,BStreetName,Latitude,Longitude
4794,690050,CR-0000096122,0,0,0,0,22-325-0726,False,False,0,11/21/2022 6:27:00 PM,No Pedestrians Involved,Dry,No Unusual Conditions,Dark - No Street Light,Bike At Fault,No Controls Present/Factor,Clear,Vehicle/Bike,Related,Bike,Not Applicable,Not Applicable,At,BIKE,False,False,79386,KING RD,LAS PLUMAS AV,37.36248591,-121.8651495
4795,722363,CR-0000103657,0,1,0,0,24-092-0583,False,False,,4/1/2024 4:24:00 AM,No Pedestrians Involved,Dry,No Unusual Conditions,Daylight,Violation Driver 1,Controls Functioning,Clear,Rear End,Related,Motorcycle,Not Applicable,Not Applicable,West Of,,True,True,79386,KING RD,LAS PLUMAS AV,37.36248591,-121.8651495
4796,682021,CR-0000091531,0,0,1,0,22-061-0893,False,False,0,3/2/2022 8:17:00 PM,Crossing In Crosswalk - At Intersection,Dry,No Unusual Conditions,Dark - Street Light,Violation Driver 1,Controls Functioning,Clear,Vehicle/Pedestrian,Intersection,Pedestrian,South,North,At,PEDESTRIAN,False,False,104389,ROBERTS AV,STORY RD,37.32880286,-121.859436
4797,688988,CR-0000094849,0,1,0,0,22-298-0374,False,False,21,10/25/2022 11:27:00 AM,Crossing In Crosswalk - At Intersection,Dry,No Unusual Conditions,Daylight,Violation Driver 1,Controls Functioning,Clear,Vehicle/Pedestrian,Related,Pedestrian,North,South,East Of,PEDESTRIAN,False,False,104389,ROBERTS AV,STORY RD,37.32880286,-121.859436
4798,696555,CR-0000099752,0,1,0,0,23-341-0491,False,False,150,12/7/2023 12:45:00 PM,No Pedestrians Involved,Dry,No Unusual Conditions,Daylight,Violation Driver 1,Unknown,Clear,Vehicle/Bike,Non-Related,Bike,Not Applicable,Not Applicable,West Of,BIKE,False,True,104389,ROBERTS AV,STORY RD,37.32880286,-121.859436
4799,698850,CR-0000100133,1,0,0,0,23-336-0504,False,False,27,12/2/2023 3:20:00 PM,No Pedestrians Involved,Dry,No Unusual Conditions,Daylight,Violation Driver 1,Controls Functioning,Cloudy,Rear End,Related,Other Vehicle,Not Applicable,Not Applicable,West Of,,True,True,104389,ROBERTS AV,STORY RD,37.32880286,-121.859436
4800,699095,CR-0000100410,0,0,0,0,23-160-0962,False,False,99,6/10/2023 8:31:00 AM,No Pedestrians Involved,Dry,No Unusual Conditions,Dark - Street Light,Violation Driver 1,Controls Functioning,Clear,Head On,Non-Related,Other Vehicle,Not Applicable,Not Applicable,South Of,,False,False,104389,ROBERTS AV,STORY RD,37.32880286,-121.859436
4801,695918,CR-0000099046,0,0,0,0,23-218-4000,False,True,,8/5/2023 10:45:00 PM,No Pedestrians Involved,Unknown,Unknown,Unknown,Unknown,Unknown,Unknown,Other,Related,Parked Vehicle,Not Applicable,Not Applicable,Unknown,,False,False,62512,FORRESTAL AV,GISH RD,37.3602881,-121.9126791
4802,682128,CR-0000091679,0,0,0,0,22-145-9708,False,True,51,3/10/2022 5:30:00 PM,In Road - Includes Shoulder,Dry,No Unusual Conditions,Daylight,Unknown,Controls Functioning,Clear,Vehicle/Pedestrian,Non-Related,Pedestrian,Not Applicable,Not Applicable,North Of,,False,False,66220,GISH RD,SAN PEDRO ST,37.3606373,-121.9119401
4803,711740,CR-0000101404,0,0,0,0,23-309-0522,False,False,50,11/5/2023 3:00:00 PM,No Pedestrians Involved,Dry,No Unusual Conditions,Daylight,Violation Driver 1,No Controls Present/Factor,Clear,Sideswipe,Related,Other Vehicle,Not Applicable,Not Applicable,North Of,,False,True,16543,BENDORF DR,CARRYBACK AV,37.25931261,-121.8019657
4804,689580,CR-0000095557,1,0,0,0,22-338-0480,False,False,0,12/4/2022 3:11:00 PM,No Pedestrians Involved,Dry,No Unusual Conditions,Daylight,Violation Driver 1,Controls Functioning,Clear,Broadside,Intersection,Other Vehicle,Not Applicable,Not Applicable,At,,False,False,20349,BLOSSOM HILL RD,PLAYA DEL REY,37.25031501,-121.852909
4805,695831,CR-0000098896,0,0,0,0,23-097-9705,False,True,0,4/4/2023 8:35:00 PM,No Pedestrians Involved,Dry,No Unusual Conditions,Dark - Street Light,Unknown,Controls Functioning,Clear,Broadside,Intersection,Other Vehicle,Not Applicable,Not Applicable,At,,False,False,20349,BLOSSOM HILL RD,PLAYA DEL REY,37.25031501,-121.852909
4806,699476,CR-0000100775,1,0,0,0,23-201-0886,False,False,0,7/20/2023 9:30:00 PM,No Pedestrians Involved,Dry,Unknown,Unknown,Violation Driver 1,Controls Functioning,Clear,Rear End,Intersection,Other Vehicle,Not Applicable,Not Applicable,At,,True,True,20349,BLOSSOM HILL RD,PLAYA DEL REY,37.25031501,-121.852909
4807,688831,CR-0000094686,0,0,0,0,22-292-9708,False,True,0,10/18/2022 3:30:00 PM,No Pedestrians Involved,Dry,No Unusual Conditions,Daylight,Unknown,No Controls Present/Factor,Clear,Broadside,Intersection,Other Vehicle,Not Applicable,Not Applicable,At,,False,False,58101,EZIE ST,SENTER RD,37.27811209,-121.8313986
4808,684881,CR-0000093554,2,0,0,0,22-210-0545,False,False,140,7/29/2022 3:03:00 PM,No Pedestrians Involved,Dry,No Unusual Conditions,Daylight,Violation Driver 1,Controls Functioning,Clear,Broadside,Non-Related,Other Vehicle,Not Applicable,Not Applicable,East Of,,False,False,58101,EZIE ST,SENTER RD,37.27811209,-121.8313986
4809,681813,CR-0000091222,0,0,0,0,22-081-0449,False,False,0,3/22/2022 4:28:00 PM,No Pedestrians Involved,Dry,No Unusual Conditions,Daylight,Violation Driver 1,Controls Functioning,Clear,Sideswipe,Intersection,Motor Vehicle On Other Roadway,Not Applicable,Not Applicable,At,,False,False,58101,EZIE ST,SENTER RD,37.27811209,-121.8313986
4810,699267,CR-0000100590,0,0,0,0,23-163-4003,False,True,51,6/11/2023 12:00:00 PM,Unknown,Unknown,Unknown,Unknown,Unknown,Unknown,Unknown,Other,Non-Related,Unknown,Unknown,Unknown,East Of,,False,False,58101,EZIE ST,SENTER RD,37.27811209,-121.8313986
4811,689993,CR-0000096022,0,1,0,0,22-222-0795,False,False,0,8/10/2022 6:30:00 PM,No Pedestrians Involved,Dry,No Unusual Conditions,Daylight,Violation Driver 1,No Controls Present/Factor,Clear,Vehicle/Bike,Intersection,Bike,Not Applicable,Not Applicable,At,BIKE,False,False,40941,COAKLEY DR,MOORPARK AV,37.31602599,-121.963014
4812,685115,CR-0000093788,0,0,0,0,22-233-0475,False,False,79,8/21/2022 1:08:00 PM,No Pedestrians Involved,Dry,No Unusual Conditions,Daylight,Violation Driver 1,Controls Functioning,Clear,Head On,Non-Related,Fixed Object,Not Applicable,Not Applicable,West Of,Fence and Residence,True,True,48421,DANIEL WY,ORI AV,37.31514376,-121.9416068
4813,696015,CR-0000099150,0,0,0,0,23-196-0054,False,False,30,7/15/2023 12:58:00 AM,No Pedestrians Involved,Dry,No Unusual Conditions,Dark - Street Light,Violation Driver 1,No Controls Present/Factor,Clear,Rear End,Related,Parked Vehicle,Not Applicable,Not Applicable,East Of,,False,True,55164,EL GRANDE DR,VISTA OAK,37.3940221,-121.8333956
4814,696319,CR-0000099475,0,1,0,0,23-291-0206,False,False,0,10/18/2023 8:20:00 AM,No Pedestrians Involved,Dry,No Unusual Conditions,Daylight,Violation Driver 1,No Controls Present/Factor,Clear,Vehicle/Bike,Intersection,Bike,Not Applicable,Not Applicable,At,BIKE,False,False,61038,FLEUR DE LIS CT,PIEDMONT RD,37.39333444,-121.8438222
4815,689113,CR-0000094968,0,1,0,0,22-299-0596,False,False,23,10/26/2022 3:15:00 PM,No Pedestrians Involved,Dry,No Unusual Conditions,Daylight,Violation Driver 1,No Controls Present/Factor,Clear,Sideswipe,Related,Parked Vehicle,Not Applicable,Not Applicable,North Of,,True,False,46529,CUESTA DR,FLINT AV,37.34201691,-121.7940249
4816,694247,CR-0000098144,2,0,0,0,23-130-0331,False,False,0,5/10/2023 8:32:00 AM,No Pedestrians Involved,Dry,No Unusual Conditions,Daylight,Violation Driver 1,Controls Obscured,Cloudy,Head On,Intersection,Other Vehicle,Not Applicable,Not Applicable,At,,False,False,46529,CUESTA DR,FLINT AV,37.34201691,-121.7940249
4817,699114,CR-0000100430,0,0,0,0,23-157-0799,False,False,142,6/6/2023 8:23:00 AM,No Pedestrians Involved,Dry,No Unusual Conditions,Daylight,Violation Driver 1,No Controls Present/Factor,Clear,Sideswipe,Non-Related,Parked Vehicle,Not Applicable,Not Applicable,South Of,,True,False,55494,EL VISTA WY,SAN RIVAS DR,37.33376593,-121.7920569
4818,681977,CR-0000091486,0,0,0,0,22-060-0881,False,False,49,3/1/2022 8:19:00 PM,No Pedestrians Involved,Dry,No Unusual Conditions,Dark - Street Light,Violation Driver 1,No Controls Present/Factor,Clear,Sideswipe,Related,Parked Vehicle,Not Applicable,Not Applicable,South Of,,False,True,49664,DEL MAR AV,FRUITDALE AV,37.31068741,-121.9304667
4819,682531,CR-0000092098,1,0,0,0,22-095-1013,False,False,0,4/5/2022 11:41:00 PM,No Pedestrians Involved,Dry,No Unusual Conditions,Dark - Street Light,Violation Driver 1,Controls Functioning,Clear,Sideswipe,Intersection,Other Vehicle,Not Applicable,Not Applicable,At,,False,True,49664,DEL MAR AV,FRUITDALE AV,37.31068741,-121.9304667
4820,698885,CR-0000100182,0,1,0,0,23-333-0731,False,False,170,11/29/2023 6:03:00 PM,No Pedestrians Involved,Dry,No Unusual Conditions,Dark - Street Light,Violation Driver 1,Controls Functioning,Clear,Rear End,Non-Related,Other Vehicle,Not Applicable,Not Applicable,East Of,,True,True,49664,DEL MAR AV,FRUITDALE AV,37.31068741,-121.9304667
4821,698783,CR-0000100064,1,0,0,0,23-338-0648,False,False,0,12/4/2023 3:45:00 PM,No Pedestrians Involved,Dry,No Unusual Conditions,Daylight,Violation Driver 1,Controls Functioning,Clear,Broadside,Intersection,Other Vehicle,Not Applicable,Not Applicable,At,,False,False,49664,DEL MAR AV,FRUITDALE AV,37.31068741,-121.9304667
4822,696417,CR-0000099594,3,0,0,0,23-284-0511,False,False,50,10/11/2023 3:15:00 PM,No Pedestrians Involved,Dry,No Unusual Conditions,Daylight,Violation Driver 1,Controls Functioning,Clear,Sideswipe,Related,Other Vehicle,Not Applicable,Not Applicable,West Of,,False,False,49664,DEL MAR AV,FRUITDALE AV,37.31068741,-121.9304667
4823,690569,CR-0000096690,0,1,0,0,23-020-0518,False,False,196,1/20/2023 2:38:00 PM,No Pedestrians Involved,Dry,No Unusual Conditions,Daylight,Violation Driver 1,No Controls Present/Factor,Clear,Vehicle/Bike,Non-Related,Bike,Not Applicable,Not Applicable,East Of,BIKE,False,False,49664,DEL MAR AV,FRUITDALE AV,37.31068741,-121.9304667
4824,711629,CR-0000101024,0,0,0,0,23-256-0563,False,False,107,9/13/2023 3:33:00 PM,No Pedestrians Involved,Dry,No Unusual Conditions,Daylight,Violation Driver 1,No Controls Present/Factor,Clear,Head On,Non-Related,Other Vehicle,Not Applicable,Not Applicable,East Of,,False,False,49664,DEL MAR AV,FRUITDALE AV,37.31068741,-121.9304667
4825,716127,CR-0000102083,1,0,0,0,24-012-0332,False,False,0,1/12/2024 11:58:00 AM,No Pedestrians Involved,Dry,No Unusual Conditions,Daylight,Violation Driver 1,No Controls Present/Factor,Clear,Broadside,Intersection,Other Vehicle,Not Applicable,Not Applicable,At,,False,False,49664,DEL MAR AV,FRUITDALE AV,37.31068741,-121.9304667
4826,716212,CR-0000102198,1,0,0,0,24-049-0545,False,False,0,2/18/2024 4:30:00 PM,No Pedestrians Involved,Wet,No Unusual Conditions,Daylight,Violation Driver 1,No Controls Present/Factor,Rain,Broadside,Intersection,Other Vehicle,Not Applicable,Not Applicable,At,,False,False,49664,DEL MAR AV,FRUITDALE AV,37.31068741,-121.9304667
4827,712105,CR-0000100947,0,0,0,0,23-194-4007,False,True,,7/13/2023 9:00:00 AM,No Pedestrians Involved,Unknown,Unknown,Unknown,Unknown,Unknown,Unknown,Other,Related,Other Vehicle,Not Applicable,Not Applicable,East Of,,False,False,13947,BASCOM AV,MOORPARK AV,37.31617679,-121.9318367
4828,683230,CR-0000092819,0,0,0,0,22-118-4000,False,True,51,4/28/2022 12:55:00 PM,No Pedestrians Involved,Unknown,Unknown,Daylight,Unknown,Unknown,Unknown,Rear End,Non-Related,Other Vehicle,Not Applicable,Not Applicable,South Of,,False,False,14057,BASCOM AV,RENOVA DR,37.31420274,-121.93182
4829,688809,CR-0000094655,0,0,0,0,22-245-4007,False,True,51,9/2/2022 9:37:00 AM,No Pedestrians Involved,Unknown,Unknown,Daylight,Unknown,Unknown,Unknown,Rear End,Non-Related,Other Vehicle,Not Applicable,Not Applicable,East Of,,False,True,49720,DEL MAR AV,REXFORD WY,37.31212357,-121.9303995
4830,694215,CR-0000097919,1,0,0,0,23-079-0590,False,False,130,3/20/2023 3:21:00 PM,No Pedestrians Involved,Dry,No Unusual Conditions,Daylight,Violation Driver 1,Unknown,Clear,Other,Non-Related,Non-Collision,Not Applicable,Not Applicable,East Of,,True,False,48036,DAKAN CT,FARM DR,37.27976069,-121.8705123
4831,711877,CR-0000101181,0,0,0,0,23-342-9703,False,True,51,11/21/2023 7:30:00 PM,No Pedestrians Involved,Dry,No Unusual Conditions,Dark - Street Light,Unknown,Unknown,Clear,Other,Non-Related,Parked Vehicle,Not Applicable,Not Applicable,South Of,,False,False,48036,DAKAN CT,FARM DR,37.27976069,-121.8705123
4832,719841,CR-0000103014,0,0,0,0,24-039-9703,False,True,44,2/8/2024 8:17:00 AM,No Pedestrians Involved,Dry,No Unusual Conditions,Daylight,Unknown,No Controls Present/Factor,Clear,Rear End,Related,Parked Vehicle,Not Applicable,Not Applicable,East Of,,False,False,128567,MACKIN WOODS LN,MARCEL CT,37.31092777,-121.7648317
4833,696262,CR-0000099409,0,0,0,0,23-113-0483,True,False,83,4/23/2023 3:04:00 PM,No Pedestrians Involved,Dry,No Unusual Conditions,Daylight,Violation Driver 1,Unknown,Clear,Hit Object,Non-Related,Fixed Object,Not Applicable,Not Applicable,East Of,LIGHT POLE,True,False,125421,ASHLEY RIDGE CT,HILLSTONE DR,37.29320845,-121.7815366
4834,683513,CR-0000093106,0,1,0,1,22-209-0185,False,False,0,7/28/2022 8:00:00 AM,No Pedestrians Involved,Dry,No Unusual Conditions,Daylight,Unknown,Controls Functioning,Clear,Broadside,Intersection,Motorcycle,Not Applicable,Not Applicable,At,MC,False,False,25112,BRIARWOOD DR,CURTNER AV,37.28217468,-121.9081192
4835,689696,CR-0000095678,2,0,0,0,22-349-0418,False,False,0,12/15/2022 1:15:00 PM,No Pedestrians Involved,Dry,No Unusual Conditions,Daylight,Violation Driver 1,No Controls Present/Factor,Clear,Broadside,Intersection,Other Vehicle,Not Applicable,Not Applicable,At,,False,False,25112,BRIARWOOD DR,CURTNER AV,37.28217468,-121.9081192
4836,722477,CR-0000103779,0,0,0,0,24-105-9703,False,True,0,4/13/2024 10:00:00 PM,No Pedestrians Involved,Dry,No Unusual Conditions,Dark - Street Light,Unknown,Controls Functioning,Rain,Rear End,Intersection,Parked Vehicle,Not Applicable,Not Applicable,At,,False,False,25112,BRIARWOOD DR,CURTNER AV,37.28217468,-121.9081192
4837,682684,CR-0000092260,1,1,0,0,22-145-0632,False,False,347,5/25/2022 3:36:00 PM,No Pedestrians Involved,Dry,No Unusual Conditions,Daylight,Violation Driver 1,Controls Functioning,Clear,Head On,Non-Related,Other Vehicle,Not Applicable,Not Applicable,West Of,,False,False,123441,HILLSDALE AV,MOUNTAIN SPRINGS DR,37.2804411,-121.8610129
4838,681900,CR-0000091391,1,0,0,0,22-054-0445,True,False,51,2/23/2022 12:28:00 PM,No Pedestrians Involved,Dry,No Unusual Conditions,Daylight,Violation Driver 1,Controls Functioning,Clear,Broadside,Non-Related,Fixed Object,Not Applicable,Not Applicable,East Of,Stop Sign,False,False,123441,HILLSDALE AV,MOUNTAIN SPRINGS DR,37.2804411,-121.8610129
4839,691155,CR-0000097356,0,0,1,0,23-043-0497,False,False,108,2/12/2023 4:33:00 PM,No Pedestrians Involved,Dry,No Unusual Conditions,Daylight,Bike At Fault,No Controls Present/Factor,Clear,Other,Non-Related,Non-Collision,Not Applicable,Not Applicable,West Of,,True,False,123441,HILLSDALE AV,MOUNTAIN SPRINGS DR,37.2804411,-121.8610129
4840,695808,CR-0000098873,0,1,0,0,23-272-0121,False,False,51,9/29/2023 4:10:00 AM,No Pedestrians Involved,Dry,No Unusual Conditions,Dark - Street Light,Violation Driver 1,No Controls Present/Factor,Clear,Vehicle/Bike,Non-Related,Bike,Not Applicable,Not Applicable,West Of,E.SCOOTER,False,True,123441,HILLSDALE AV,MOUNTAIN SPRINGS DR,37.2804411,-121.8610129
4841,698782,CR-0000100063,1,0,0,0,23-353-0942,True,False,170,12/19/2023 11:15:00 PM,No Pedestrians Involved,Wet,No Unusual Conditions,Dark - Street Light,Violation Driver 1,No Controls Present/Factor,Cloudy,Hit Object,Non-Related,Fixed Object,Not Applicable,Not Applicable,East Of,TREE,False,False,123441,HILLSDALE AV,MOUNTAIN SPRINGS DR,37.2804411,-121.8610129
4842,685136,CR-0000093811,0,0,0,0,22-234-9703,False,True,0,8/21/2022 7:45:00 AM,No Pedestrians Involved,Dry,No Unusual Conditions,Daylight,Bike At Fault,Controls Functioning,Clear,Vehicle/Bike,Intersection,Bike,Not Applicable,Not Applicable,At,BIKE,False,True,24199,BRANHAM LN,SILVERA LN,37.26419,-121.8722504
4843,689843,CR-0000095869,1,0,0,0,22-361-9707,False,False,0,12/20/2022 1:40:00 PM,Crossing In Crosswalk - At Intersection,Dry,No Unusual Conditions,Daylight,Violation Driver 1,Controls Functioning,Clear,Vehicle/Pedestrian,Intersection,Pedestrian,East,West,At,PED,False,False,24199,BRANHAM LN,SILVERA LN,37.26419,-121.8722504
4844,685282,CR-0000093962,0,1,0,0,22-255-0450,False,False,0,9/12/2022 12:31:00 PM,No Pedestrians Involved,Dry,No Unusual Conditions,Daylight,Violation Driver 1,Controls Functioning,Clear,Hit Object,Intersection,Fixed Object,Not Applicable,Not Applicable,At,TRAFFIC POLE,True,False,4652,ALMADEN EX,CHERRY AV/CHYNOWETH AV,37.25905821,-121.8762331
4845,688881,CR-0000094739,1,0,0,0,22-227-0325,True,False,0,10/3/2022 10:10:00 AM,No Pedestrians Involved,Dry,No Unusual Conditions,Daylight,Violation Driver 1,Controls Functioning,Clear,Hit Object,Intersection,Fixed Object,Not Applicable,Not Applicable,At,Crossing Button,True,False,4652,ALMADEN EX,CHERRY AV/CHYNOWETH AV,37.25905821,-121.8762331
4846,688969,CR-0000094829,1,0,0,0,22-292-0837,False,False,0,10/19/2022 7:54:00 PM,No Pedestrians Involved,Dry,No Unusual Conditions,Dark - Street Light,Violation Driver 1,Controls Functioning,Clear,Rear End,Intersection,Other Vehicle,Not Applicable,Not Applicable,At,,True,False,4652,ALMADEN EX,CHERRY AV/CHYNOWETH AV,37.25905821,-121.8762331
4847,689321,CR-0000095282,0,0,0,1,22-306-0107,False,False,100,11/2/2022 4:30:00 AM,Crossing - Not In Crosswalk,Dry,No Unusual Conditions,Dark - Street Light,Other Than Driver,No Controls Present/Factor,Clear,Vehicle/Pedestrian,Non-Related,Pedestrian,Unknown,Unknown,West Of,PED,False,False,4652,ALMADEN EX,CHERRY AV/CHYNOWETH AV,37.25905821,-121.8762331
4848,681897,CR-0000091379,0,0,1,0,22-085-0404,False,False,0,3/26/2022 1:33:00 PM,Crossing In Crosswalk - At Intersection,Dry,No Unusual Conditions,Daylight,Pedestrian At Fault,Controls Functioning,Clear,Vehicle/Pedestrian,Intersection,Pedestrian,West,East,At,PEDESTRIAN,False,False,4652,ALMADEN EX,CHERRY AV/CHYNOWETH AV,37.25905821,-121.8762331
4849,683180,CR-0000092758,0,0,0,0,22-041-4006,False,True,,2/10/2022 6:30:00 PM,No Pedestrians Involved,Unknown,Unknown,Unknown,Unknown,Unknown,Unknown,Rear End,Related,Other Vehicle,Not Applicable,Not Applicable,North Of,,False,False,4652,ALMADEN EX,CHERRY AV/CHYNOWETH AV,37.25905821,-121.8762331
4850,682656,CR-0000092232,1,0,0,0,22-136-0828,False,False,30,5/16/2022 7:21:00 PM,Crossing In Crosswalk - At Intersection,Dry,No Unusual Conditions,Daylight,Violation Driver 1,Controls Functioning,Clear,Vehicle/Bike,Related,Bike,South,North,West Of,BIKE,False,False,4652,ALMADEN EX,CHERRY AV/CHYNOWETH AV,37.25905821,-121.8762331
4851,682752,CR-0000092334,2,0,0,0,22-131-0112,False,False,0,5/11/2022 5:53:00 AM,No Pedestrians Involved,Dry,No Unusual Conditions,Daylight,Violation Driver 1,Controls Functioning,Clear,Head On,Intersection,Other Vehicle,Not Applicable,Not Applicable,At,,True,False,4652,ALMADEN EX,CHERRY AV/CHYNOWETH AV,37.25905821,-121.8762331
4852,682733,CR-0000092314,0,1,0,0,22-154-0545,False,False,0,6/4/2022 3:10:00 PM,Crossing In Crosswalk - At Intersection,Dry,No Unusual Conditions,Daylight,Violation Driver 1,Controls Functioning,Clear,Vehicle/Pedestrian,Intersection,Pedestrian,East,West,At,,False,False,4652,ALMADEN EX,CHERRY AV/CHYNOWETH AV,37.25905821,-121.8762331
4853,690481,CR-0000096591,0,0,0,0,22-350-4000,False,True,51,12/15/2022 6:50:00 PM,No Pedestrians Involved,Unknown,Unknown,Unknown,Unknown,Unknown,Unknown,Rear End,Non-Related,Other Vehicle,Not Applicable,Not Applicable,Unknown,,False,False,4652,ALMADEN EX,CHERRY AV/CHYNOWETH AV,37.25905821,-121.8762331
4854,690252,CR-0000096342,0,0,0,0,22-279-9702,False,True,51,9/9/2022 4:45:00 PM,No Pedestrians Involved,Dry,No Unusual Conditions,Daylight,Unknown,Controls Functioning,Clear,Sideswipe,Non-Related,Other Vehicle,Not Applicable,Not Applicable,West Of,,False,False,4652,ALMADEN EX,CHERRY AV/CHYNOWETH AV,37.25905821,-121.8762331
4855,690259,CR-0000096350,0,0,0,0,22-267-4000,False,True,,9/23/2022 3:30:00 AM,No Pedestrians Involved,Unknown,Unknown,Unknown,Unknown,Unknown,Unknown,Rear End,Related,Other Vehicle,Not Applicable,Not Applicable,North Of,,False,False,4652,ALMADEN EX,CHERRY AV/CHYNOWETH AV,37.25905821,-121.8762331
4856,690939,CR-0000097108,3,0,0,0,23-049-0695,False,False,99,2/18/2023 6:42:00 PM,No Pedestrians Involved,Dry,No Unusual Conditions,Dark - Street Light,Violation Driver 1,Controls Functioning,Clear,Rear End,Non-Related,Other Vehicle,Not Applicable,Not Applicable,West Of,,True,True,4652,ALMADEN EX,CHERRY AV/CHYNOWETH AV,37.25905821,-121.8762331
4857,690920,CR-0000097083,1,0,0,0,23-038-0198,False,False,0,2/7/2023 8:32:00 AM,No Pedestrians Involved,Dry,No Unusual Conditions,Daylight,Bike At Fault,No Controls Present/Factor,Clear,Vehicle/Bike,Intersection,Bike,Not Applicable,Not Applicable,At,MOTO. SCOOTER,False,False,4652,ALMADEN EX,CHERRY AV/CHYNOWETH AV,37.25905821,-121.8762331
4858,694158,CR-0000097915,0,0,1,0,23-085-0655,False,False,298,3/26/2023 6:06:00 PM,In Road - Includes Shoulder,Dry,No Unusual Conditions,Daylight,Pedestrian At Fault,No Controls Present/Factor,Clear,Vehicle/Pedestrian,Non-Related,Pedestrian,North,South,North Of,PEDESTRIAN,False,False,4652,ALMADEN EX,CHERRY AV/CHYNOWETH AV,37.25905821,-121.8762331
4859,698770,CR-0000100051,3,0,0,0,23-358-0412,False,False,0,12/24/2023 1:57:00 PM,No Pedestrians Involved,Dry,No Unusual Conditions,Daylight,Violation Driver 1,Controls Functioning,Clear,Sideswipe,Intersection,Other Vehicle,Not Applicable,Not Applicable,At,,False,False,4652,ALMADEN EX,CHERRY AV/CHYNOWETH AV,37.25905821,-121.8762331
4860,698631,CR-0000099855,0,0,0,0,23-146-0690,False,False,51,5/26/2023 5:52:00 PM,No Pedestrians Involved,Dry,No Unusual Conditions,Daylight,Violation Driver 1,No Controls Present/Factor,Clear,Rear End,Non-Related,Other Vehicle,Not Applicable,Not Applicable,West Of,,False,False,4652,ALMADEN EX,CHERRY AV/CHYNOWETH AV,37.25905821,-121.8762331
4861,719678,CR-0000102849,0,0,0,0,24-016-4006,False,True,,1/14/2024 1:44:00 PM,No Pedestrians Involved,Unknown,Unknown,Unknown,Unknown,Unknown,Unknown,Rear End,Related,Other Vehicle,Not Applicable,Not Applicable,Unknown,,False,False,4652,ALMADEN EX,CHERRY AV/CHYNOWETH AV,37.25905821,-121.8762331
4862,720929,CR-0000103164,0,0,0,0,24-046-9714,False,True,,2/15/2024 3:10:00 PM,No Pedestrians Involved,Dry,No Unusual Conditions,Daylight,Unknown,Controls Functioning,Clear,Rear End,Related,Other Vehicle,Not Applicable,Not Applicable,Unknown,,False,False,4652,ALMADEN EX,CHERRY AV/CHYNOWETH AV,37.25905821,-121.8762331
4863,720861,CR-0000103064,0,0,0,0,24-044-4007,False,True,51,2/13/2024 7:00:00 PM,No Pedestrians Involved,Unknown,Unknown,Unknown,Unknown,Unknown,Unknown,Rear End,Non-Related,Other Vehicle,Not Applicable,Not Applicable,East Of,,False,False,4652,ALMADEN EX,CHERRY AV/CHYNOWETH AV,37.25905821,-121.8762331
4864,711844,CR-0000101274,0,0,0,0,23-199-4004,False,True,,7/18/2023 1:45:00 PM,No Pedestrians Involved,Unknown,Unknown,Unknown,Unknown,Unknown,Unknown,Other,Related,Other Vehicle,Not Applicable,Not Applicable,South Of,,False,False,4652,ALMADEN EX,CHERRY AV/CHYNOWETH AV,37.25905821,-121.8762331
4865,711834,CR-0000101583,0,0,0,0,23-353-4002,False,True,51,12/17/2023 5:03:00 PM,No Pedestrians Involved,Unknown,Unknown,Unknown,Unknown,Unknown,Unknown,Sideswipe,Non-Related,Other Vehicle,Not Applicable,Not Applicable,East Of,,False,False,4652,ALMADEN EX,CHERRY AV/CHYNOWETH AV,37.25905821,-121.8762331
4866,711541,CR-0000101594,0,0,0,0,23-349-4005,False,True,0,12/15/2023 9:45:00 PM,No Pedestrians Involved,Unknown,Unknown,Unknown,Unknown,Unknown,Unknown,Rear End,Intersection,Other Vehicle,Not Applicable,Not Applicable,At,,False,False,4652,ALMADEN EX,CHERRY AV/CHYNOWETH AV,37.25905821,-121.8762331
4867,683224,CR-0000092788,0,0,0,0,22-102-4000,False,True,,4/12/2022 7:15:00 AM,No Pedestrians Involved,Unknown,Unknown,Daylight,Unknown,Unknown,Unknown,Sideswipe,Related,Other Vehicle,Not Applicable,Not Applicable,South Of,,False,False,125476,ALMADEN EX,WEST VALLEY FR,37.25698012,-121.8760196
4868,682108,CR-0000091624,0,0,0,0,22-023-4009,False,True,0,1/23/2022 11:00:00 AM,No Pedestrians Involved,Unknown,Unknown,Daylight,Unknown,Unknown,Unknown,Sideswipe,Intersection,Other Vehicle,Not Applicable,Not Applicable,At,,False,False,125476,ALMADEN EX,WEST VALLEY FR,37.25698012,-121.8760196
4869,682893,CR-0000092473,0,0,0,0,22-049-4002,False,True,0,2/17/2022 7:20:00 PM,No Pedestrians Involved,Unknown,Unknown,Unknown,Unknown,Unknown,Unknown,Sideswipe,Intersection,Other Vehicle,Not Applicable,Not Applicable,At,,False,False,125476,ALMADEN EX,WEST VALLEY FR,37.25698012,-121.8760196
4870,688956,CR-0000094814,0,0,0,0,22-254-4002,False,True,0,9/11/2022 11:30:00 AM,No Pedestrians Involved,Unknown,Unknown,Daylight,Unknown,Unknown,Unknown,Rear End,Intersection,Other Vehicle,Not Applicable,Not Applicable,At,,False,False,125476,ALMADEN EX,WEST VALLEY FR,37.25698012,-121.8760196