_id,CrashFactId,Name,MinorInjuries,ModerateInjuries,SevereInjuries,FatalInjuries,TcrNumber,CityDamageFlag,ShortFormFlag,Distance,CrashDateTime,PedestrianAction,RoadwaySurface,RoadwayCondition,Lighting,PrimaryCollisionFactor,TrafficControl,Weather,CollisionType,ProximityToIntersection,VehicleInvolvedWith,PedestrianDirectionFrom,PedestrianDirectionTo,DirectionFromIntersection,Comment,SpeedingFlag,HitAndRunFlag,IntersectionNumber,AStreetName,BStreetName,Latitude,Longitude
4871,688726,CR-0000094551,0,0,0,0,22-257-4001,False,True,51,8/8/2022 12:55:00 PM,No Pedestrians Involved,Unknown,Unknown,Daylight,Unknown,Unknown,Unknown,Rear End,Non-Related,Other Vehicle,Not Applicable,Not Applicable,Unknown,,False,False,125476,ALMADEN EX,WEST VALLEY FR,37.25698012,-121.8760196
4872,699309,CR-0000100636,0,0,0,0,23-158-4000,False,True,0,6/7/2023 8:35:00 AM,No Pedestrians Involved,Unknown,Unknown,Unknown,Unknown,Unknown,Unknown,Rear End,Intersection,Other Vehicle,Not Applicable,Not Applicable,At,,False,False,125476,ALMADEN EX,WEST VALLEY FR,37.25698012,-121.8760196
4873,696093,CR-0000099229,1,0,0,0,23-212-0554,False,False,0,7/31/2023 2:21:00 PM,No Pedestrians Involved,Dry,No Unusual Conditions,Daylight,Violation Driver 1,Controls Functioning,Clear,Rear End,Intersection,Other Vehicle,Not Applicable,Not Applicable,At,,False,False,125476,ALMADEN EX,WEST VALLEY FR,37.25698012,-121.8760196
4874,690171,CR-0000096260,0,0,0,0,22-159-4001,False,True,51,6/8/2022 12:50:00 PM,No Pedestrians Involved,Unknown,Unknown,Unknown,Unknown,Unknown,Unknown,Rear End,Non-Related,Other Vehicle,Not Applicable,Not Applicable,South Of,,False,True,125476,ALMADEN EX,WEST VALLEY FR,37.25698012,-121.8760196
4875,690078,CR-0000096159,0,0,0,0,22-210-9703,False,True,0,7/27/2022 12:00:00 AM,No Pedestrians Involved,Dry,No Unusual Conditions,Daylight,Unknown,Controls Functioning,Clear,Rear End,Intersection,Other Vehicle,Not Applicable,Not Applicable,At,,False,True,125476,ALMADEN EX,WEST VALLEY FR,37.25698012,-121.8760196
4876,711853,CR-0000100906,2,0,0,0,23-308-9703,False,True,0,11/2/2023 3:45:00 PM,No Pedestrians Involved,Dry,No Unusual Conditions,Daylight,Unknown,Controls Functioning,Clear,Rear End,Intersection,Other Vehicle,Not Applicable,Not Applicable,At,,False,False,125476,ALMADEN EX,WEST VALLEY FR,37.25698012,-121.8760196
4877,712175,CR-0000101606,0,0,0,0,23-359-4003,False,True,0,12/8/2023 4:10:00 PM,No Pedestrians Involved,Unknown,Unknown,Unknown,Unknown,Unknown,Unknown,Rear End,Intersection,Other Vehicle,Not Applicable,Not Applicable,At,,False,False,125476,ALMADEN EX,WEST VALLEY FR,37.25698012,-121.8760196
4878,722269,CR-0000103563,0,0,0,0,24-086-0706,False,False,0,3/26/2024 6:47:00 PM,No Pedestrians Involved,Dry,No Unusual Conditions,Daylight,Unknown,Controls Functioning,Clear,Vehicle/Pedestrian,Intersection,Bike,Not Applicable,Not Applicable,At,BIKE,False,False,125476,ALMADEN EX,WEST VALLEY FR,37.25698012,-121.8760196
4879,722243,CR-0000103509,0,0,0,0,24-083-9705,False,True,51,3/23/2024 2:40:00 PM,No Pedestrians Involved,Dry,No Unusual Conditions,Daylight,Unknown,Controls Functioning,Clear,Rear End,Non-Related,Other Vehicle,Not Applicable,Not Applicable,South Of,,False,False,125476,ALMADEN EX,WEST VALLEY FR,37.25698012,-121.8760196
4880,681289,CR-0000090675,0,0,0,0,22-013-4002,False,True,51,1/9/2022 10:00:00 AM,No Pedestrians Involved,Unknown,Unknown,Daylight,Unknown,Unknown,Unknown,Broadside,Non-Related,Parked Vehicle,Not Applicable,Not Applicable,North Of,,False,False,23561,BRANHAM LN,EAGLE LAKE DR,37.26502441,-121.8688928
4881,689610,CR-0000095591,0,1,0,0,22-130-0013,False,False,24,5/10/2022 12:12:00 AM,No Pedestrians Involved,Dry,No Unusual Conditions,Dark - Street Light,Violation Driver 1,Controls Functioning,Clear,Sideswipe,Related,Parked Vehicle,Not Applicable,Not Applicable,South Of,,True,True,29710,CAMDEN AV,CLOVIS AV,37.23905782,-121.9034764
4882,694781,CR-0000098818,0,0,0,0,23-214-1013,False,False,0,8/2/2023 11:21:00 PM,No Pedestrians Involved,Dry,No Unusual Conditions,Dark - Street Light,Violation Driver 1,No Controls Present/Factor,Clear,Broadside,Intersection,Other Vehicle,Not Applicable,Not Applicable,At,,False,False,29710,CAMDEN AV,CLOVIS AV,37.23905782,-121.9034764
4883,712027,CR-0000100904,1,0,0,0,23-306-1011,False,False,234,11/2/2023 11:50:00 PM,No Pedestrians Involved,Dry,No Unusual Conditions,Dark - Street Light,Violation Driver 1,No Controls Present/Factor,Clear,Hit Object,Non-Related,Fixed Object,Not Applicable,Not Applicable,South Of,,True,False,29710,CAMDEN AV,CLOVIS AV,37.23905782,-121.9034764
4884,712266,CR-0000101721,0,0,0,0,23-007-4000,False,True,51,1/6/2023 10:00:00 PM,No Pedestrians Involved,Unknown,Unknown,Unknown,Unknown,Unknown,Unknown,Broadside,Non-Related,Parked Vehicle,Not Applicable,Not Applicable,West Of,,False,False,110879,STOCKTON AV,VILLA AV,37.33976448,-121.9124478
4885,711732,CR-0000101218,0,0,0,0,23-331-4003,False,True,51,11/26/2023 7:00:00 PM,No Pedestrians Involved,Unknown,Unknown,Unknown,Unknown,Unknown,Unknown,Sideswipe,Non-Related,Parked Vehicle,Not Applicable,Not Applicable,West Of,,False,False,110879,STOCKTON AV,VILLA AV,37.33976448,-121.9124478
4886,689844,CR-0000095870,2,0,0,0,22-107-0659,True,False,128,4/17/2022 7:07:00 PM,In Road - Includes Shoulder,Dry,No Unusual Conditions,Daylight,Violation Driver 1,Controls Functioning,Clear,Vehicle/Pedestrian,Non-Related,Pedestrian,Unknown,Unknown,East Of,MEDIAN & PED,True,True,76230,JACKSON AV,STORY RD,37.34698603,-121.8326472
4887,682744,CR-0000092326,0,0,0,0,22-156-0140,False,False,30,6/5/2022 2:35:00 AM,No Pedestrians Involved,Dry,No Unusual Conditions,Dark - Street Light,Violation Driver 1,Controls Functioning,Clear,Head On,Related,Other Vehicle,Not Applicable,Not Applicable,North Of,,False,False,76230,JACKSON AV,STORY RD,37.34698603,-121.8326472
4888,682972,CR-0000092592,2,0,0,0,22-175-0242,False,False,44,6/24/2022 8:11:00 AM,No Pedestrians Involved,Dry,No Unusual Conditions,Daylight,Violation Driver 1,No Controls Present/Factor,Clear,Sideswipe,Related,Other Vehicle,Not Applicable,Not Applicable,North Of,,False,False,76230,JACKSON AV,STORY RD,37.34698603,-121.8326472
4889,682841,CR-0000092413,1,0,0,0,22-145-0141,False,False,151,5/25/2022 5:45:00 AM,No Pedestrians Involved,Dry,No Unusual Conditions,Daylight,Violation Driver 1,Controls Functioning,Clear,Rear End,Non-Related,Other Vehicle,Not Applicable,Not Applicable,East Of,,True,False,76230,JACKSON AV,STORY RD,37.34698603,-121.8326472
4890,682412,CR-0000091974,0,0,0,0,22-106-0859,False,False,45,4/16/2022 11:30:00 PM,No Pedestrians Involved,Dry,No Unusual Conditions,Dark - Street Light,Violation Driver 1,Controls Functioning,Clear,Rear End,Related,Other Vehicle,Not Applicable,Not Applicable,North Of,,True,True,76230,JACKSON AV,STORY RD,37.34698603,-121.8326472
4891,681297,CR-0000090683,0,0,0,0,22-014-4002,False,True,,1/10/2022 11:58:00 PM,No Pedestrians Involved,Unknown,Unknown,Unknown,Unknown,Unknown,Unknown,Rear End,Related,Unknown,Not Applicable,Not Applicable,Unknown,,False,False,76230,JACKSON AV,STORY RD,37.34698603,-121.8326472
4892,681162,CR-0000090546,0,0,1,0,22-016-0292,False,False,0,1/16/2022 10:48:00 AM,No Pedestrians Involved,Dry,No Unusual Conditions,Daylight,Violation Driver 1,Controls Functioning,Clear,Vehicle/Bike,Intersection,Bike,Not Applicable,Not Applicable,At,,False,False,76230,JACKSON AV,STORY RD,37.34698603,-121.8326472
4893,681345,CR-0000090735,0,0,0,0,22-014-4004,False,True,,1/14/2022 8:00:00 PM,No Pedestrians Involved,Unknown,Unknown,Unknown,Unknown,Unknown,Unknown,Rear End,Related,Other Vehicle,Not Applicable,Not Applicable,Unknown,,False,False,76230,JACKSON AV,STORY RD,37.34698603,-121.8326472
4894,688764,CR-0000094599,0,0,0,0,22-239-4001,False,True,,8/27/2022 12:15:00 PM,No Pedestrians Involved,Unknown,Unknown,Daylight,Unknown,Unknown,Unknown,Rear End,Related,Other Vehicle,Not Applicable,Not Applicable,Unknown,,False,False,76230,JACKSON AV,STORY RD,37.34698603,-121.8326472
4895,685213,CR-0000093892,1,0,0,0,22-258-0735,False,False,0,9/15/2022 3:35:00 PM,No Pedestrians Involved,Dry,No Unusual Conditions,Daylight,Violation Driver 1,Controls Functioning,Clear,Rear End,Intersection,Other Vehicle,Not Applicable,Not Applicable,At,,True,True,76230,JACKSON AV,STORY RD,37.34698603,-121.8326472
4896,694680,CR-0000098714,1,0,0,0,23-218-1015,False,False,0,8/6/2023 11:38:00 PM,No Pedestrians Involved,Dry,No Unusual Conditions,Dark - Street Light,Violation Driver 1,Controls Functioning,Clear,Sideswipe,Intersection,Other Vehicle,Not Applicable,Not Applicable,At,,True,True,76230,JACKSON AV,STORY RD,37.34698603,-121.8326472
4897,694560,CR-0000098554,0,0,0,0,23-199-0877,False,False,89,7/18/2023 9:04:00 PM,No Pedestrians Involved,Dry,No Unusual Conditions,Dark - Street Light,Violation Driver 1,Controls Functioning,Clear,Rear End,Non-Related,Other Vehicle,Not Applicable,Not Applicable,North Of,,False,False,76230,JACKSON AV,STORY RD,37.34698603,-121.8326472
4898,696400,CR-0000099578,0,0,0,0,23-150-0803,False,False,108,5/30/2023 7:23:00 PM,No Pedestrians Involved,Dry,No Unusual Conditions,Dusk - Dawn,Violation Driver 1,Controls Functioning,Clear,Hit Object,Non-Related,Fixed Object,Not Applicable,Not Applicable,North Of,Bus stop,False,False,76230,JACKSON AV,STORY RD,37.34698603,-121.8326472
4899,699106,CR-0000100422,0,0,0,0,23-170-0775,False,False,75,6/19/2023 7:00:00 PM,No Pedestrians Involved,Dry,No Unusual Conditions,Dusk - Dawn,Violation Driver 1,Controls Functioning,Clear,Rear End,Non-Related,Other Vehicle,Not Applicable,Not Applicable,North Of,,True,True,76230,JACKSON AV,STORY RD,37.34698603,-121.8326472
4900,698722,CR-0000099971,0,0,0,1,24-030-0818,False,False,0,1/30/2024 6:40:00 PM,No Pedestrians Involved,Dry,No Unusual Conditions,Dark - Street Light,Unknown,Controls Functioning,Clear,Broadside,Intersection,Motorcycle,Not Applicable,Not Applicable,At,,False,False,76230,JACKSON AV,STORY RD,37.34698603,-121.8326472
4901,696544,CR-0000099731,0,0,0,0,23-346-4011,False,True,0,12/12/2023 5:22:00 AM,No Pedestrians Involved,Unknown,Unknown,Unknown,Unknown,Unknown,Unknown,Sideswipe,Intersection,Other Vehicle,Not Applicable,Not Applicable,At,,False,False,76230,JACKSON AV,STORY RD,37.34698603,-121.8326472
4902,696565,CR-0000099762,1,0,0,0,23-331-0762,False,False,0,7/20/2023 7:30:00 AM,Crossing In Crosswalk - At Intersection,Dry,No Unusual Conditions,Daylight,Violation Driver 1,Controls Functioning,Unknown,Vehicle/Pedestrian,Intersection,Pedestrian,East,West,At,PED,False,True,76230,JACKSON AV,STORY RD,37.34698603,-121.8326472
4903,689662,CR-0000095645,1,0,0,0,22-352-0118,False,False,23,12/18/2022 3:06:00 AM,No Pedestrians Involved,Dry,No Unusual Conditions,Dark - No Street Light,Violation Driver 1,Controls Functioning,Clear,Head On,Related,Other Vehicle,Not Applicable,Not Applicable,West Of,,True,True,76230,JACKSON AV,STORY RD,37.34698603,-121.8326472
4904,690560,CR-0000096681,2,0,0,0,23-006-0821,False,False,72,1/6/2023 8:03:00 PM,No Pedestrians Involved,Dry,No Unusual Conditions,Dark - Street Light,Violation Driver 1,Controls Functioning,Clear,Rear End,Non-Related,Other Vehicle,Not Applicable,Not Applicable,North Of,,True,False,76230,JACKSON AV,STORY RD,37.34698603,-121.8326472
4905,690769,CR-0000096907,1,0,0,0,23-012-0749,False,False,0,1/12/2023 5:58:00 PM,Crossing In Crosswalk - At Intersection,Dry,No Unusual Conditions,Dark - Street Light,Violation Driver 1,No Controls Present/Factor,Clear,Vehicle/Pedestrian,Intersection,Pedestrian,North,South,At,PED,False,False,76230,JACKSON AV,STORY RD,37.34698603,-121.8326472
4906,694362,CR-0000098306,1,0,0,0,23-162-0842,False,False,87,6/11/2023 9:59:00 PM,No Pedestrians Involved,Dry,No Unusual Conditions,Dark - Street Light,Violation Driver 1,Controls Functioning,Clear,Rear End,Non-Related,Other Vehicle,Not Applicable,Not Applicable,East Of,,True,False,76230,JACKSON AV,STORY RD,37.34698603,-121.8326472
4907,691158,CR-0000097359,0,0,0,0,23-046-0984,False,False,,2/15/2023 10:12:00 PM,No Pedestrians Involved,Dry,No Unusual Conditions,Dark - No Street Light,Violation Driver 1,No Controls Present/Factor,Clear,Rear End,Related,Other Vehicle,Not Applicable,Not Applicable,North Of,,False,False,76230,JACKSON AV,STORY RD,37.34698603,-121.8326472
4908,699445,CR-0000100768,0,0,0,0,23-206-0767,False,False,0,7/25/2023 6:03:00 PM,No Pedestrians Involved,Dry,No Unusual Conditions,Daylight,Violation Driver 1,No Controls Present/Factor,Clear,Sideswipe,Intersection,Other Vehicle,Not Applicable,Not Applicable,At,,False,True,76230,JACKSON AV,STORY RD,37.34698603,-121.8326472
4909,716091,CR-0000102057,1,1,0,0,24-019-0118,False,False,0,1/19/2024 5:40:00 AM,No Pedestrians Involved,Dry,Unknown,Dark - Street Light,Violation Driver 1,Controls Functioning,Clear,Broadside,Intersection,Other Vehicle,Not Applicable,Not Applicable,At,,False,False,76230,JACKSON AV,STORY RD,37.34698603,-121.8326472
4910,720919,CR-0000103154,0,0,0,0,24-047-0883,False,False,29,2/15/2024 8:58:00 PM,No Pedestrians Involved,Dry,No Unusual Conditions,Dark - Street Light,Violation Driver 1,Controls Functioning,Clear,Broadside,Related,Other Vehicle,Not Applicable,Not Applicable,North Of,,False,True,76230,JACKSON AV,STORY RD,37.34698603,-121.8326472
4911,722101,CR-0000103357,0,0,0,0,24-068-0684,False,False,51,3/8/2024 5:45:00 PM,No Pedestrians Involved,Dry,No Unusual Conditions,Daylight,Violation Driver 1,Controls Functioning,Clear,Rear End,Non-Related,Other Vehicle,Not Applicable,Not Applicable,East Of,,False,True,76230,JACKSON AV,STORY RD,37.34698603,-121.8326472
4912,719744,CR-0000102916,0,0,0,0,24-019-0762,False,False,0,1/19/2024 7:33:00 PM,No Pedestrians Involved,Wet,Unknown,Dark - Street Light,Violation Driver 1,Controls Functioning,Rain,Broadside,Intersection,Other Vehicle,Not Applicable,Not Applicable,At,,False,True,76230,JACKSON AV,STORY RD,37.34698603,-121.8326472
4913,716364,CR-0000102346,1,0,0,0,24-052-0337,False,False,0,2/21/2024 11:17:00 AM,No Pedestrians Involved,Dry,No Unusual Conditions,Daylight,Violation Driver 1,Controls Functioning,Clear,Sideswipe,Intersection,Other Vehicle,Not Applicable,Not Applicable,At,,False,True,76230,JACKSON AV,STORY RD,37.34698603,-121.8326472
4914,688872,CR-0000094728,0,0,0,0,22-275-0851,False,False,385,10/2/2022 10:20:00 PM,No Pedestrians Involved,Dry,No Unusual Conditions,Dark - Street Light,Violation Driver 1,No Controls Present/Factor,Clear,Broadside,Non-Related,Parked Vehicle,Not Applicable,Not Applicable,South Of,,True,True,1946,ADRIAN WY,AMADOR DR,37.34528059,-121.8334907
4915,696100,CR-0000099238,0,0,0,0,23-238-1033,False,False,210,8/26/2023 11:35:00 PM,No Pedestrians Involved,Dry,No Unusual Conditions,Dark - Street Light,Violation Driver 1,No Controls Present/Factor,Clear,Overturned,Non-Related,Other Vehicle,Not Applicable,Not Applicable,South Of,,False,True,1946,ADRIAN WY,AMADOR DR,37.34528059,-121.8334907
4916,716246,CR-0000102226,2,0,0,0,24-057-0038,False,False,22,2/26/2024 12:49:00 AM,No Pedestrians Involved,Dry,No Unusual Conditions,Dark - Street Light,Violation Driver 1,No Controls Present/Factor,Clear,Rear End,Related,Parked Vehicle,Not Applicable,Not Applicable,South Of,,True,False,1946,ADRIAN WY,AMADOR DR,37.34528059,-121.8334907
4917,711936,CR-0000101016,0,0,0,0,23-250-0196,False,False,61,9/7/2023 7:52:00 AM,No Pedestrians Involved,Dry,No Unusual Conditions,Daylight,Violation Driver 1,No Controls Present/Factor,Clear,Sideswipe,Non-Related,Motor Vehicle On Other Roadway,Not Applicable,Not Applicable,East Of,,False,False,1946,ADRIAN WY,AMADOR DR,37.34528059,-121.8334907
4918,689005,CR-0000094865,1,0,0,0,22-294-9703,False,True,51,10/11/2022 3:30:00 PM,No Pedestrians Involved,Dry,No Unusual Conditions,Daylight,Unknown,Unknown,Clear,Rear End,Non-Related,Other Vehicle,Not Applicable,Not Applicable,North Of,,False,False,1979,ADRIAN WY,NEWTON AV,37.34337348,-121.8316343
4919,681329,CR-0000090716,0,1,0,0,22-012-0027,False,False,333,1/13/2022 12:47:00 AM,No Pedestrians Involved,Dry,No Unusual Conditions,Dark - Street Light,Violation Driver 1,No Controls Present/Factor,Clear,Sideswipe,Non-Related,Parked Vehicle,Not Applicable,Not Applicable,North Of,,False,False,1979,ADRIAN WY,NEWTON AV,37.34337348,-121.8316343
4920,696167,CR-0000099310,0,0,0,0,23-094-0364,False,False,93,4/4/2023 10:10:00 AM,No Pedestrians Involved,Dry,No Unusual Conditions,Daylight,Violation Driver 1,No Controls Present/Factor,Clear,Sideswipe,Non-Related,Parked Vehicle,Not Applicable,Not Applicable,North Of,,True,True,1979,ADRIAN WY,NEWTON AV,37.34337348,-121.8316343
4921,685164,CR-0000093840,0,0,0,0,22-231-0408,False,False,110,8/26/2022 7:16:00 AM,No Pedestrians Involved,Dry,No Unusual Conditions,Daylight,Violation Driver 1,No Controls Present/Factor,Clear,Sideswipe,Non-Related,Parked Vehicle,Not Applicable,Not Applicable,North Of,,True,True,105731,SAMOA WY,TALLAHASSEE DR,37.3453969,-121.8313294
4922,699371,CR-0000100698,0,0,0,0,23-184-4005,False,True,51,7/3/2023 7:00:00 PM,No Pedestrians Involved,Unknown,Unknown,Unknown,Unknown,Unknown,Unknown,Broadside,Non-Related,Other Vehicle,Not Applicable,Not Applicable,North Of,,False,False,105731,SAMOA WY,TALLAHASSEE DR,37.3453969,-121.8313294
4923,682431,CR-0000091995,0,0,0,0,22-116-0642,True,False,90,4/26/2022 5:30:00 PM,No Pedestrians Involved,Dry,No Unusual Conditions,Daylight,Violation Driver 1,No Controls Present/Factor,Clear,Other,Non-Related,Other Object,Not Applicable,Not Applicable,South Of,Light Pole,False,False,16323,BELMONT WY,BELMONT AV,37.31045365,-121.8867723
4924,712169,CR-0000101600,0,0,0,0,23-358-9702,False,True,0,12/23/2023 3:30:00 PM,No Pedestrians Involved,Dry,No Unusual Conditions,Unknown,Unknown,Controls Functioning,Clear,Rear End,Intersection,Other Vehicle,Not Applicable,Not Applicable,At,,False,False,4070,ALMA AV,BELMONT WY,37.30919043,-121.8866031
4925,722077,CR-0000103331,0,0,0,0,24-064-0742,False,False,0,3/4/2024 5:56:00 PM,No Pedestrians Involved,Dry,No Unusual Conditions,Dusk - Dawn,Violation Driver 1,Unknown,Cloudy,Rear End,Intersection,Other Vehicle,Not Applicable,Not Applicable,At,,False,True,83082,LELONG ST,WILLOW ST,37.31507009,-121.8885102
4926,699305,CR-0000100630,0,0,0,0,23-156-4000,False,True,0,5/30/2023 7:35:00 PM,No Pedestrians Involved,Unknown,Unknown,Unknown,Unknown,Unknown,Unknown,Other,Intersection,Other Vehicle,Not Applicable,Not Applicable,At,,False,False,4146,ALMA AV,MINNESOTA AV,37.30891892,-121.8880679
4927,681983,CR-0000091492,1,0,0,0,22-061-0113,True,False,35,3/2/2022 4:09:00 AM,No Pedestrians Involved,Dry,No Unusual Conditions,Dark - Street Light,Violation Driver 1,Controls Functioning,Fog,Head On,Related,Fixed Object,Not Applicable,Not Applicable,East Of,Light Pole/PG&E,False,False,72380,HERVEY LN,MINNESOTA AV,37.30823459,-121.8898659
4928,690681,CR-0000096816,0,0,0,0,23-021-0240,True,False,0,1/21/2023 9:10:00 AM,No Pedestrians Involved,Dry,No Unusual Conditions,Daylight,Violation Driver 1,No Controls Present/Factor,Clear,Hit Object,Intersection,Fixed Object,Not Applicable,Not Applicable,At,LIGHT POLE,True,False,72380,HERVEY LN,MINNESOTA AV,37.30823459,-121.8898659
4929,689042,CR-0000094913,0,0,1,0,22-292-0642,False,False,466,10/19/2022 4:36:00 PM,No Pedestrians Involved,Dry,No Unusual Conditions,Daylight,Violation Driver 1,No Controls Present/Factor,Clear,Broadside,Non-Related,Other Vehicle,Not Applicable,Not Applicable,East Of,,False,False,32328,CAPITOL AV,FLORENCE AV,37.35958678,-121.8330629
4930,689402,CR-0000095344,1,0,0,0,22-330-0690,False,False,0,11/26/2022 8:39:00 PM,No Pedestrians Involved,Dry,No Unusual Conditions,Dark - Street Light,Violation Driver 1,Controls Functioning,Clear,Broadside,Intersection,Other Vehicle,Not Applicable,Not Applicable,At,,False,False,32328,CAPITOL AV,FLORENCE AV,37.35958678,-121.8330629
4931,689647,CR-0000095629,1,0,0,0,22-331-0203,False,False,0,11/27/2022 6:01:00 AM,No Pedestrians Involved,Dry,No Unusual Conditions,Dark - Street Light,Violation Driver 1,Controls Functioning,Clear,Broadside,Intersection,Motorcycle,Not Applicable,Not Applicable,At,,False,False,32328,CAPITOL AV,FLORENCE AV,37.35958678,-121.8330629
4932,690464,CR-0000096574,0,0,0,0,22-336-0958,False,False,0,12/2/2022 10:38:00 PM,No Pedestrians Involved,Dry,No Unusual Conditions,Dark - Street Light,Violation Driver 1,No Controls Present/Factor,Clear,Sideswipe,Intersection,Non-Collision,Not Applicable,Not Applicable,At,,False,False,32328,CAPITOL AV,FLORENCE AV,37.35958678,-121.8330629
4933,691183,CR-0000097385,0,0,0,0,23-055-0701,False,False,123,2/24/2023 6:20:00 PM,No Pedestrians Involved,Dry,No Unusual Conditions,Daylight,Violation Driver 1,No Controls Present/Factor,Clear,Sideswipe,Non-Related,Other Vehicle,Not Applicable,Not Applicable,South Of,,True,True,32328,CAPITOL AV,FLORENCE AV,37.35958678,-121.8330629
4934,691186,CR-0000097388,0,0,0,0,23-056-4001,False,True,,2/24/2023 6:00:00 PM,No Pedestrians Involved,Unknown,Unknown,Unknown,Unknown,Unknown,Unknown,Rear End,Related,Other Vehicle,Not Applicable,Not Applicable,South Of,,False,False,32328,CAPITOL AV,FLORENCE AV,37.35958678,-121.8330629
4935,699105,CR-0000100421,0,0,0,0,23-181-0817,False,False,0,6/30/2023 8:10:00 PM,No Pedestrians Involved,Dry,Unknown,Daylight,Violation Driver 1,Controls Functioning,Clear,Broadside,Intersection,Train,Not Applicable,Not Applicable,At,,False,False,32328,CAPITOL AV,FLORENCE AV,37.35958678,-121.8330629
4936,696252,CR-0000099399,2,0,0,0,23-190-0605,False,False,29,7/9/2023 6:14:00 PM,No Pedestrians Involved,Dry,No Unusual Conditions,Daylight,Violation Driver 1,Controls Functioning,Clear,Rear End,Related,Other Vehicle,Not Applicable,Not Applicable,South Of,,True,False,32328,CAPITOL AV,FLORENCE AV,37.35958678,-121.8330629
4937,719556,CR-0000102703,2,0,0,0,24-087-0548,False,False,0,3/27/2024 2:36:00 PM,No Pedestrians Involved,Dry,No Unusual Conditions,Daylight,Violation Driver 1,Controls Functioning,Clear,Broadside,Intersection,Other Vehicle,Not Applicable,Not Applicable,At,,False,False,32328,CAPITOL AV,FLORENCE AV,37.35958678,-121.8330629
4938,722439,CR-0000103726,0,0,0,0,24-406-9704,False,True,,4/6/2024 3:21:00 PM,No Pedestrians Involved,Dry,No Unusual Conditions,Daylight,Unknown,Controls Functioning,Clear,Rear End,Related,Other Vehicle,Not Applicable,Not Applicable,South Of,,False,False,32328,CAPITOL AV,FLORENCE AV,37.35958678,-121.8330629
4939,695787,CR-0000098852,0,1,0,0,23-244-0157,False,False,0,9/1/2023 5:30:00 AM,No Pedestrians Involved,Dry,No Unusual Conditions,Dark - Street Light,Violation Driver 1,No Controls Present/Factor,Clear,Sideswipe,Intersection,Parked Vehicle,Not Applicable,Not Applicable,At,,False,False,61005,FLEMING AV,ROSEMAR AV,37.36858805,-121.8068594
4940,684971,CR-0000093646,0,0,0,0,22-220-0188,False,False,120,8/8/2022 2:00:00 AM,No Pedestrians Involved,Dry,No Unusual Conditions,Dark - Street Light,Unknown,No Controls Present/Factor,Clear,Sideswipe,Non-Related,Parked Vehicle,Not Applicable,Not Applicable,North Of,,False,True,61016,FLEMING AV/MARCHANT CT,STORY RD,37.36756225,-121.8047485
4941,711593,CR-0000101285,0,0,0,0,23-223-0972,False,False,48,8/11/2023 10:55:00 PM,No Pedestrians Involved,Dry,No Unusual Conditions,Daylight,Violation Driver 1,Controls Functioning,Clear,Rear End,Related,Parked Vehicle,Not Applicable,Not Applicable,North Of,,True,True,36343,CHALET AV,LITTLEWOOD LN,37.37135319,-121.8338331
4942,687622,CR-0000094415,3,0,0,0,22-273-0197,True,False,34,9/30/2022 7:35:00 AM,No Pedestrians Involved,Dry,No Unusual Conditions,Daylight,Violation Driver 1,No Controls Present/Factor,Clear,Sideswipe,Related,Other Vehicle,Not Applicable,Not Applicable,East Of,,False,False,31085,CAMPBELL AV,CASTRO DR/WOODGLEN DR,37.28633522,-121.9844386
4943,682598,CR-0000092165,0,0,0,0,22-128-0961,False,False,62,5/8/2022 9:02:00 PM,No Pedestrians Involved,Dry,No Unusual Conditions,Dark - Street Light,Violation Driver 1,No Controls Present/Factor,Clear,Rear End,Non-Related,Parked Vehicle,Not Applicable,Not Applicable,South Of,,False,True,31085,CAMPBELL AV,CASTRO DR/WOODGLEN DR,37.28633522,-121.9844386
4944,687599,CR-0000094392,1,1,0,0,22-265-0172,False,False,0,9/22/2022 7:54:00 AM,No Pedestrians Involved,Dry,No Unusual Conditions,Daylight,Violation Driver 1,No Controls Present/Factor,Clear,Head On,Intersection,Other Vehicle,Not Applicable,Not Applicable,At,,False,False,55758,ELEVENTH ST,MADERA AV,37.35911408,-121.8932121
4945,683429,CR-0000093025,0,1,0,0,22-160-0218,False,False,0,6/9/2022 9:15:00 AM,No Pedestrians Involved,Dry,No Unusual Conditions,Daylight,Bike At Fault,No Controls Present/Factor,Clear,Vehicle/Bike,Intersection,Bike,Not Applicable,Not Applicable,At,BIKE,False,False,55846,ELEVENTH ST,SANTA ANA AV,37.35983163,-121.8937426
4946,685052,CR-0000093733,1,1,0,0,22-213-0255,False,False,67,8/1/2022 9:07:00 AM,No Pedestrians Involved,Dry,No Unusual Conditions,Daylight,Violation Driver 1,Controls Functioning,Clear,Rear End,Non-Related,Other Vehicle,Not Applicable,Not Applicable,East Of,,True,False,62699,FOURTEENTH ST,HEDDING ST,37.35972973,-121.8900062
4947,689053,CR-0000094894,0,0,0,0,22-287-0864,False,False,0,10/14/2022 7:13:00 PM,No Pedestrians Involved,Dry,No Unusual Conditions,Dark - Street Light,Violation Driver 1,No Controls Present/Factor,Clear,Rear End,Intersection,Other Vehicle,Not Applicable,Not Applicable,At,,True,True,62699,FOURTEENTH ST,HEDDING ST,37.35972973,-121.8900062