_id,CrashFactId,Name,MinorInjuries,ModerateInjuries,SevereInjuries,FatalInjuries,TcrNumber,CityDamageFlag,ShortFormFlag,Distance,CrashDateTime,PedestrianAction,RoadwaySurface,RoadwayCondition,Lighting,PrimaryCollisionFactor,TrafficControl,Weather,CollisionType,ProximityToIntersection,VehicleInvolvedWith,PedestrianDirectionFrom,PedestrianDirectionTo,DirectionFromIntersection,Comment,SpeedingFlag,HitAndRunFlag,IntersectionNumber,AStreetName,BStreetName,Latitude,Longitude
4948,712053,CR-0000101013,0,0,0,0,23-249-0172,False,False,0,9/6/2023 8:09:00 AM,No Pedestrians Involved,Dry,No Unusual Conditions,Daylight,Violation Driver 1,No Controls Present/Factor,Clear,Sideswipe,Intersection,Other Vehicle,Not Applicable,Not Applicable,At,,False,True,62699,FOURTEENTH ST,HEDDING ST,37.35972973,-121.8900062
4949,719552,CR-0000102699,3,0,0,0,24-089-0260,False,False,0,3/29/2024 10:03:00 AM,No Pedestrians Involved,Dry,No Unusual Conditions,Daylight,Violation Driver 1,Controls Functioning,Cloudy,Broadside,Intersection,Other Vehicle,Not Applicable,Not Applicable,At,,False,False,54757,EIGHTEENTH ST,TAYLOR ST,37.35722155,-121.883078
4950,699268,CR-0000100591,0,0,0,0,23-153-4002,False,True,,6/1/2023 11:30:00 PM,No Pedestrians Involved,Unknown,Unknown,Unknown,Unknown,Unknown,Unknown,Other,Related,Other Vehicle,Not Applicable,Not Applicable,Unknown,,False,False,108327,SEVENTEENTH ST,TAYLOR ST,37.35677381,-121.8840129
4951,681828,CR-0000091237,0,0,0,0,22-088-0090,False,False,385,3/29/2022 3:18:00 AM,No Pedestrians Involved,Dry,No Unusual Conditions,Dark - Street Light,Violation Driver 1,No Controls Present/Factor,Clear,Rear End,Non-Related,Parked Vehicle,Not Applicable,Not Applicable,East Of,,True,False,73710,HOOVER AV,SCHIELE AV,37.33732009,-121.9139489
4952,689431,CR-0000095405,0,0,0,0,22-335-0457,False,False,0,11/23/2022 2:10:00 PM,No Pedestrians Involved,Dry,No Unusual Conditions,Daylight,Unknown,No Controls Present/Factor,Clear,Broadside,Intersection,Parked Vehicle,Not Applicable,Not Applicable,At,,False,False,78297,KARL ST,MABEL AV,37.34475585,-121.8341281
4953,684884,CR-0000093524,0,0,0,0,22-190-0678,True,False,0,7/9/2022 4:30:00 PM,No Pedestrians Involved,Dry,No Unusual Conditions,Daylight,Violation Driver 1,Unknown,Clear,Rear End,Intersection,Other Vehicle,Not Applicable,Not Applicable,At,PD,False,False,54471,EDITH ST,MABEL AV,37.34429234,-121.8348151
4954,715883,CR-0000101828,0,0,0,0,23-302-0781,False,True,51,10/29/2023 9:33:00 PM,No Pedestrians Involved,Unknown,Unknown,Unknown,Unknown,Unknown,Unknown,Other,Non-Related,Parked Vehicle,Not Applicable,Not Applicable,West Of,,False,False,54471,EDITH ST,MABEL AV,37.34429234,-121.8348151
4955,683167,CR-0000092764,0,0,0,0,22-053-4002,False,True,51,2/20/2022 2:20:00 AM,No Pedestrians Involved,Unknown,Unknown,Unknown,Unknown,Unknown,Unknown,Other,Non-Related,Parked Vehicle,Not Applicable,Not Applicable,West Of,,False,False,129436,PACKING PL,PRESERVATION DR,37.35299106,-121.8416446
4956,719702,CR-0000102874,0,0,0,0,24-039-4002,False,True,51,1/13/2024 7:40:00 PM,No Pedestrians Involved,Unknown,Unknown,Unknown,Unknown,Unknown,Unknown,Other,Non-Related,Parked Vehicle,Not Applicable,Not Applicable,East Of,,False,False,10152,AUDUBON DR,POWELL CT,37.3280431,-121.8465807
4957,685010,CR-0000093694,0,0,0,0,22-213-9702,False,True,51,7/31/2022 11:30:00 PM,No Pedestrians Involved,Dry,No Unusual Conditions,Dark - Street Light,Unknown,Unknown,Clear,Sideswipe,Non-Related,Parked Vehicle,Not Applicable,Not Applicable,East Of,,False,False,10141,AUDUBON DR,PEARSON CT,37.32753904,-121.8473258
4958,695922,CR-0000099051,0,0,0,0,23-228-4008,False,True,,8/4/2023 4:15:00 PM,No Pedestrians Involved,Unknown,Unknown,Unknown,Unknown,Unknown,Unknown,Sideswipe,Related,Parked Vehicle,Not Applicable,Not Applicable,South Of,,False,False,46397,CRUCERO CT,CRUCERO DR,37.32749935,-121.8428078
4959,696332,CR-0000099488,0,1,0,0,23-296-0087,False,False,221,10/23/2023 2:26:00 AM,No Pedestrians Involved,Wet,No Unusual Conditions,Dark - Street Light,Violation Driver 1,No Controls Present/Factor,Rain,Overturned,Non-Related,Non-Collision,Not Applicable,Not Applicable,North Of,,True,False,46420,CRUCERO DR,JOE DIMAGGIO CT,37.32797134,-121.8432693
4960,688707,CR-0000094532,0,0,0,0,22-192-4008,False,True,51,7/9/2022 12:00:00 AM,No Pedestrians Involved,Unknown,Unknown,Unknown,Unknown,Unknown,Unknown,Other,Non-Related,Unknown,Not Applicable,Not Applicable,Unknown,,False,True,2045,AETNA WY,UMBARGER RD,37.30772509,-121.8257728
4961,681662,CR-0000091059,0,0,0,0,22-031-0674,False,True,0,1/31/2022 5:48:00 PM,No Pedestrians Involved,Unknown,Unknown,Daylight,Unknown,Unknown,Clear,Broadside,Intersection,Parked Vehicle,Not Applicable,Not Applicable,At,,False,False,89891,MCLAUGHLIN AV,SAGEMILL CT,37.30580075,-121.8274502
4962,688819,CR-0000094674,0,0,0,0,22-289-0783,False,False,127,10/16/2022 7:13:00 PM,No Pedestrians Involved,Dry,No Unusual Conditions,Dark - Street Light,Violation Driver 1,No Controls Present/Factor,Clear,Rear End,Non-Related,Parked Vehicle,Not Applicable,Not Applicable,West Of,Stolen Vehicle( D1 exited vehicle while it was moving),False,True,60170,FIRST ST,FLOYD ST,37.31746455,-121.8749903
4963,685036,CR-0000093689,0,0,0,0,22-211-9703,False,True,0,7/30/2022 1:20:00 PM,No Pedestrians Involved,Dry,No Unusual Conditions,Daylight,Unknown,No Controls Present/Factor,Clear,Rear End,Intersection,Parked Vehicle,Not Applicable,Not Applicable,At,,False,False,50819,DEVINE ST,TERRAINE ST,37.3382293,-121.8966494
4964,683173,CR-0000092750,0,0,0,0,22-040-9707,False,True,51,2/8/2022 7:50:00 AM,No Pedestrians Involved,Dry,No Unusual Conditions,Daylight,Unknown,No Controls Present/Factor,Clear,Sideswipe,Non-Related,Parked Vehicle,Not Applicable,Not Applicable,West Of,,False,False,61918,FLOYD ST,SHERMAN ST,37.31669894,-121.8761396
4965,691175,CR-0000097377,0,0,0,0,23-052-0900,False,False,165,2/21/2023 7:50:00 PM,No Pedestrians Involved,Dry,No Unusual Conditions,Dark - Street Light,Unknown,No Controls Present/Factor,Clear,Broadside,Non-Related,Parked Vehicle,Not Applicable,Not Applicable,North Of,,False,False,61918,FLOYD ST,SHERMAN ST,37.31669894,-121.8761396
4966,711724,CR-0000101380,0,0,0,0,23-312-0868,False,False,160,11/8/2023 9:41:00 PM,No Pedestrians Involved,Dry,No Unusual Conditions,Dark - Street Light,Violation Driver 1,No Controls Present/Factor,Clear,Sideswipe,Non-Related,Parked Vehicle,Not Applicable,Not Applicable,North Of,,False,False,61918,FLOYD ST,SHERMAN ST,37.31669894,-121.8761396
4967,722113,CR-0000103378,0,0,0,0,24-070-4005,False,True,51,3/9/2024 12:00:00 AM,No Pedestrians Involved,Unknown,Unknown,Unknown,Unknown,Unknown,Unknown,Sideswipe,Non-Related,Parked Vehicle,Not Applicable,Not Applicable,South Of,,False,False,59971,FIFTH ST,WILLIAM ST,37.33058797,-121.8806751
4968,681318,CR-0000090705,0,0,0,0,22-021-4003,False,True,,1/12/2022 1:40:00 PM,No Pedestrians Involved,Unknown,Unknown,Daylight,Unknown,Unknown,Unknown,Sideswipe,Related,Other Vehicle,Not Applicable,Not Applicable,Unknown,,False,False,63051,FOURTH ST,WILLIAM ST,37.33008118,-121.8817558
4969,682443,CR-0000092007,0,0,0,0,22-109-0729,False,False,0,4/19/2022 6:22:00 PM,No Pedestrians Involved,Unknown,Unknown,Daylight,Bike At Fault,Unknown,Unknown,Vehicle/Bike,Intersection,Bike,Not Applicable,Not Applicable,At,BIKE,False,True,63051,FOURTH ST,WILLIAM ST,37.33008118,-121.8817558
4970,689542,CR-0000095519,1,0,0,0,22-365-0061,True,False,0,12/31/2022 1:25:00 AM,No Pedestrians Involved,Wet,No Unusual Conditions,Dark - Street Light,Violation Driver 1,Controls Functioning,Rain,Sideswipe,Intersection,Other Vehicle,Not Applicable,Not Applicable,At,Street Light,False,True,63051,FOURTH ST,WILLIAM ST,37.33008118,-121.8817558
4971,681705,CR-0000091102,1,0,0,0,22-059-1339,False,False,20,2/28/2022 7:12:00 PM,No Pedestrians Involved,Unknown,No Unusual Conditions,Dark - Street Light,Violation Driver 1,Controls Functioning,Clear,Rear End,Related,Other Vehicle,Not Applicable,Not Applicable,West Of,,True,True,109504,SIXTH ST,WILLIAM ST,37.33110523,-121.8795923
4972,681847,CR-0000091301,0,0,0,0,22-072-9704,False,True,,3/10/2022 2:25:00 PM,No Pedestrians Involved,Dry,No Unusual Conditions,Daylight,Unknown,Controls Functioning,Clear,Rear End,Related,Other Vehicle,Not Applicable,Not Applicable,Unknown,,False,False,109504,SIXTH ST,WILLIAM ST,37.33110523,-121.8795923
4973,690438,CR-0000096539,0,0,0,0,22-311-0092,False,False,81,10/31/2022 3:14:00 AM,No Pedestrians Involved,Wet,No Unusual Conditions,Dark - Street Light,Violation Driver 1,Controls Functioning,Cloudy,Broadside,Non-Related,Parked Vehicle,Not Applicable,Not Applicable,East Of,,False,False,109504,SIXTH ST,WILLIAM ST,37.33110523,-121.8795923
4974,681587,CR-0000090984,0,0,0,0,22-045-0152,False,False,0,2/13/2022 4:00:00 PM,No Pedestrians Involved,Dry,No Unusual Conditions,Daylight,Violation Driver 1,Controls Functioning,Clear,Rear End,Intersection,Parked Vehicle,Not Applicable,Not Applicable,At,,True,False,74612,HUMBOLDT ST,SHERMAN ST,37.31800965,-121.8774431
4975,722004,CR-0000103258,0,0,0,0,24-055-4002,False,True,0,2/24/2024 1:30:00 PM,No Pedestrians Involved,Unknown,Unknown,Unknown,Unknown,Unknown,Unknown,Sideswipe,Intersection,Other Vehicle,Not Applicable,Not Applicable,At,,False,False,74612,HUMBOLDT ST,SHERMAN ST,37.31800965,-121.8774431
4976,689607,CR-0000095588,1,0,0,0,22-121-0376,False,False,0,5/1/2022 1:48:00 PM,Other,Dry,No Unusual Conditions,Daylight,Violation Driver 2,No Controls Present/Factor,Clear,Vehicle/Pedestrian,Intersection,Pedestrian,No Direction (Not Walking),No Direction (Not Walking),At,,False,True,90463,MENKER AV,MOORPARK AV,37.31628931,-121.9216788
4977,682913,CR-0000092495,0,0,0,0,22-173-0327,False,False,25,6/22/2022 11:05:00 AM,No Pedestrians Involved,Dry,No Unusual Conditions,Daylight,Violation Driver 1,Controls Functioning,Clear,Sideswipe,Related,Other Vehicle,Not Applicable,Not Applicable,West Of,,False,False,82873,LEIGH AV,MOORPARK AV,37.31638489,-121.9237517
4978,682456,CR-0000092021,1,0,0,0,22-111-0521,False,False,480,4/21/2022 2:59:00 PM,No Pedestrians Involved,Dry,No Unusual Conditions,Daylight,Violation Driver 1,No Controls Present/Factor,Cloudy,Broadside,Non-Related,Other Vehicle,Not Applicable,Not Applicable,South Of,,False,False,82873,LEIGH AV,MOORPARK AV,37.31638489,-121.9237517
4979,681575,CR-0000090972,1,0,0,0,22-043-0145,True,False,144,2/12/2022 3:45:00 AM,No Pedestrians Involved,Dry,No Unusual Conditions,Dark - Street Light,Violation Driver 1,Controls Functioning,Clear,Hit Object,Non-Related,Fixed Object,Not Applicable,Not Applicable,South Of,CURB/TREE,False,False,82873,LEIGH AV,MOORPARK AV,37.31638489,-121.9237517
4980,683151,CR-0000092684,1,0,0,0,22-165-0162,False,False,0,6/15/2022 6:22:00 AM,Crossing - Not In Crosswalk,Dry,No Unusual Conditions,Daylight,Violation Driver 1,Controls Functioning,Clear,Vehicle/Pedestrian,Intersection,Pedestrian,South,North,At,PEDESTRIAN,False,False,82873,LEIGH AV,MOORPARK AV,37.31638489,-121.9237517
4981,690146,CR-0000096234,0,0,0,0,22-342-4005,False,False,0,12/8/2022 7:45:00 PM,No Pedestrians Involved,Unknown,Unknown,Unknown,Unknown,Unknown,Unknown,Rear End,Intersection,Other Vehicle,Not Applicable,Not Applicable,At,,False,False,82873,LEIGH AV,MOORPARK AV,37.31638489,-121.9237517
4982,689728,CR-0000095740,1,0,0,0,22-359-0606,False,False,0,12/25/2022 8:06:00 PM,No Pedestrians Involved,Dry,No Unusual Conditions,Dark - Street Light,Violation Driver 1,Controls Functioning,Clear,Broadside,Intersection,Other Vehicle,Not Applicable,Not Applicable,At,,False,False,82873,LEIGH AV,MOORPARK AV,37.31638489,-121.9237517
4983,695971,CR-0000099106,0,1,0,0,23-213-0626,False,False,100,8/1/2023 4:15:00 PM,No Pedestrians Involved,Dry,No Unusual Conditions,Daylight,Violation Driver 1,No Controls Present/Factor,Clear,Sideswipe,Non-Related,Other Vehicle,Not Applicable,Not Applicable,West Of,,False,False,82873,LEIGH AV,MOORPARK AV,37.31638489,-121.9237517
4984,719683,CR-0000102854,0,0,0,0,24-016-0813,False,False,105,1/16/2024 8:00:00 PM,No Pedestrians Involved,Wet,No Unusual Conditions,Dark - Street Light,Violation Driver 1,No Controls Present/Factor,Rain,Sideswipe,Non-Related,Other Vehicle,Not Applicable,Not Applicable,South Of,,False,False,82873,LEIGH AV,MOORPARK AV,37.31638489,-121.9237517
4985,715865,CR-0000101919,2,0,0,0,23-358-0475,False,False,51,12/24/2023 3:53:00 PM,No Pedestrians Involved,Dry,No Unusual Conditions,Daylight,Violation Driver 1,No Controls Present/Factor,Clear,Sideswipe,Non-Related,Other Vehicle,Not Applicable,Not Applicable,North Of,,False,False,82873,LEIGH AV,MOORPARK AV,37.31638489,-121.9237517
4986,722407,CR-0000103701,0,0,0,0,24-104-0448,False,False,70,4/8/2024 5:00:00 PM,No Pedestrians Involved,Unknown,No Unusual Conditions,Daylight,Violation Driver 1,No Controls Present/Factor,Unknown,Other,Non-Related,Motorcycle,Not Applicable,Not Applicable,South Of,,True,True,82873,LEIGH AV,MOORPARK AV,37.31638489,-121.9237517
4987,690783,CR-0000096921,0,0,0,0,23-026-0684,False,False,150,1/26/2023 8:00:00 PM,No Pedestrians Involved,Dry,No Unusual Conditions,Dusk - Dawn,Violation Driver 1,No Controls Present/Factor,Clear,Sideswipe,Non-Related,Parked Vehicle,Not Applicable,Not Applicable,North Of,,False,False,110880,STOKES ST,VANESSA DR,37.30316526,-121.9188331
4988,712090,CR-0000101405,0,0,0,0,23-320-0583,False,False,160,11/16/2023 4:20:00 PM,No Pedestrians Involved,Dry,No Unusual Conditions,Daylight,Violation Driver 1,Controls Functioning,Cloudy,Rear End,Non-Related,Other Vehicle,Not Applicable,Not Applicable,South Of,,False,True,75789,ISABEL DR/MINNESOTA AV,MERIDIAN AV,37.30093098,-121.9136105
4989,711529,CR-0000101578,0,0,0,0,23-355-4002,False,True,51,12/20/2023 2:30:00 AM,No Pedestrians Involved,Unknown,Unknown,Unknown,Unknown,Unknown,Unknown,Other,Non-Related,Parked Vehicle,Not Applicable,Not Applicable,East Of,,False,False,75789,ISABEL DR/MINNESOTA AV,MERIDIAN AV,37.30093098,-121.9136105
4990,716021,CR-0000101935,0,0,0,0,23-226-0477,False,False,26,8/14/2023 12:46:00 PM,No Pedestrians Involved,Dry,No Unusual Conditions,Daylight,Violation Driver 1,No Controls Present/Factor,Clear,Head On,Related,Parked Vehicle,Not Applicable,Not Applicable,West Of,,False,True,19030,BLACKFORD LN,MERIDIAN AV,37.29811291,-121.9135697
4991,681948,CR-0000091457,1,0,0,0,22-087-0432,False,False,104,3/28/2022 12:43:00 PM,No Pedestrians Involved,Dry,No Unusual Conditions,Daylight,Violation Driver 1,Controls Functioning,Clear,Rear End,Non-Related,Other Vehicle,Not Applicable,Not Applicable,West Of,,False,False,17160,BERNAL RD,REALM DR,37.22854569,-121.7753382
4992,681751,CR-0000091151,0,0,0,0,22-051-0680,False,False,0,2/21/2022 4:34:00 PM,No Pedestrians Involved,Dry,No Unusual Conditions,Dusk - Dawn,Violation Driver 1,No Controls Present/Factor,Clear,Head On,Intersection,Fixed Object,Not Applicable,Not Applicable,At,PG&E Pole,True,True,12154,BAILEY AV,SANTA TERESA BL,37.20112869,-121.7364039
4993,681414,CR-0000090804,0,1,0,0,22-024-0830,False,False,5280,1/24/2022 8:30:00 PM,No Pedestrians Involved,Dry,No Unusual Conditions,Dark - Street Light,Violation Driver 1,No Controls Present/Factor,Clear,Overturned,Non-Related,Non-Collision,Not Applicable,Not Applicable,West Of,,True,False,12154,BAILEY AV,SANTA TERESA BL,37.20112869,-121.7364039
4994,682439,CR-0000092003,0,0,0,0,22-110-0039,False,False,0,4/19/2022 11:20:00 PM,No Pedestrians Involved,Dry,No Unusual Conditions,Dark - No Street Light,Violation Driver 1,Controls Functioning,Clear,Sideswipe,Intersection,Other Vehicle,Not Applicable,Not Applicable,At,,False,True,12154,BAILEY AV,SANTA TERESA BL,37.20112869,-121.7364039
4995,685003,CR-0000093682,0,0,0,0,22-209-0655,False,False,64,7/28/2022 5:15:00 PM,No Pedestrians Involved,Dry,No Unusual Conditions,Daylight,Violation Driver 1,Controls Functioning,Clear,Sideswipe,Non-Related,Other Vehicle,Not Applicable,Not Applicable,South Of,,True,True,12154,BAILEY AV,SANTA TERESA BL,37.20112869,-121.7364039
4996,685333,CR-0000094059,1,0,0,0,22-260-0516,True,False,1056,9/17/2022 4:14:00 PM,No Pedestrians Involved,Dry,No Unusual Conditions,Daylight,Violation Driver 1,No Controls Present/Factor,Clear,Hit Object,Non-Related,Fixed Object,Not Applicable,Not Applicable,North Of,TREE,False,False,12154,BAILEY AV,SANTA TERESA BL,37.20112869,-121.7364039
4997,689190,CR-0000095091,0,0,0,1,22-322-0972,False,False,210,11/18/2022 11:24:00 PM,No Pedestrians Involved,Dry,No Unusual Conditions,Dark - No Street Light,Violation Driver 1,No Controls Present/Factor,Clear,Hit Object,Non-Related,Fixed Object,Not Applicable,Not Applicable,South Of,Roadway shoulder and structure,True,False,12154,BAILEY AV,SANTA TERESA BL,37.20112869,-121.7364039
4998,689283,CR-0000095238,0,1,0,0,22-302-0499,False,False,500,10/29/2022 2:58:00 PM,No Pedestrians Involved,Dry,Loose Material On Roadway,Daylight,Violation Driver 1,Controls Functioning,Clear,Broadside,Non-Related,Non-Collision,Not Applicable,Not Applicable,South Of,,False,False,12154,BAILEY AV,SANTA TERESA BL,37.20112869,-121.7364039
4999,691383,CR-0000097632,0,0,0,0,23-069-0796,False,False,2222,3/10/2023 9:12:00 PM,No Pedestrians Involved,Wet,No Unusual Conditions,Dark - No Street Light,Violation Driver 1,Unknown,Clear,Other,Non-Related,Non-Collision,Not Applicable,Not Applicable,South Of,Ran off road and went into a muddy ditch,False,False,12154,BAILEY AV,SANTA TERESA BL,37.20112869,-121.7364039
5000,694265,CR-0000098118,0,1,0,0,23-124-0197,False,False,0,5/4/2023 9:00:00 AM,No Pedestrians Involved,Dry,No Unusual Conditions,Daylight,Violation Driver 1,Controls Functioning,Clear,Broadside,Intersection,Other Vehicle,Not Applicable,Not Applicable,At,,False,False,12154,BAILEY AV,SANTA TERESA BL,37.20112869,-121.7364039
5001,694194,CR-0000098045,1,0,0,0,23-110-0793,False,False,350,4/20/2023 7:05:00 PM,No Pedestrians Involved,Dry,No Unusual Conditions,Daylight,Violation Driver 1,No Controls Present/Factor,Clear,Sideswipe,Non-Related,Motorcycle,Not Applicable,Not Applicable,East Of,,False,False,12154,BAILEY AV,SANTA TERESA BL,37.20112869,-121.7364039
5002,696351,CR-0000099507,3,0,0,0,23-299-0666,False,False,1056,10/26/2023 4:58:00 PM,No Pedestrians Involved,Dry,Unknown,Daylight,Violation Driver 1,No Controls Present/Factor,Clear,Rear End,Non-Related,Other Vehicle,Not Applicable,Not Applicable,North Of,,True,False,12154,BAILEY AV,SANTA TERESA BL,37.20112869,-121.7364039
5003,694804,CR-0000098842,0,1,0,0,23-220-0663,False,False,4798,8/8/2023 4:16:00 PM,No Pedestrians Involved,Dry,No Unusual Conditions,Daylight,Violation Driver 1,No Controls Present/Factor,Clear,Broadside,Non-Related,Other Vehicle,Not Applicable,Not Applicable,West Of,,False,False,12154,BAILEY AV,SANTA TERESA BL,37.20112869,-121.7364039
5004,694396,CR-0000098349,1,0,0,0,23-169-0730,True,False,350,6/18/2023 6:49:00 PM,No Pedestrians Involved,Dry,No Unusual Conditions,Daylight,Violation Driver 1,Controls Functioning,Clear,Sideswipe,Non-Related,Fixed Object,Not Applicable,Not Applicable,North Of,SIGN,False,False,12154,BAILEY AV,SANTA TERESA BL,37.20112869,-121.7364039
5005,699329,CR-0000100656,0,0,0,0,23-181-4003,False,True,51,6/30/2023 3:10:00 PM,No Pedestrians Involved,Unknown,Unknown,Unknown,Unknown,Unknown,Unknown,Sideswipe,Non-Related,Other Vehicle,Not Applicable,Not Applicable,North Of,,False,False,12154,BAILEY AV,SANTA TERESA BL,37.20112869,-121.7364039
5006,712160,CR-0000101004,0,5,0,0,23-259-0272,False,False,51,9/15/2023 9:31:00 AM,No Pedestrians Involved,Dry,No Unusual Conditions,Dark - No Street Light,Violation Driver 1,Controls Functioning,Clear,Hit Object,Non-Related,Fixed Object,Not Applicable,Not Applicable,Unknown,CURB,True,True,12154,BAILEY AV,SANTA TERESA BL,37.20112869,-121.7364039
5007,711954,CR-0000100874,0,1,0,0,23-306-0363,False,False,450,11/2/2023 11:28:00 AM,No Pedestrians Involved,Dry,No Unusual Conditions,Daylight,Bike At Fault,No Controls Present/Factor,Clear,Vehicle/Bike,Non-Related,Bike,Not Applicable,Not Applicable,East Of,BICYCLIST,False,False,12154,BAILEY AV,SANTA TERESA BL,37.20112869,-121.7364039
5008,716402,CR-0000102401,0,0,0,1,24-176-0237,True,False,2606,6/24/2024 8:28:00 AM,No Pedestrians Involved,Dry,No Unusual Conditions,Daylight,Violation Driver 1,No Controls Present/Factor,Clear,Hit Object,Non-Related,Fixed Object,Not Applicable,Not Applicable,South Of,TREE,True,False,12154,BAILEY AV,SANTA TERESA BL,37.20112869,-121.7364039
5009,722042,CR-0000103296,0,0,0,0,24-062-0489,False,False,5039,2/29/2024 1:10:00 PM,No Pedestrians Involved,Wet,No Unusual Conditions,Daylight,Violation Driver 2,No Controls Present/Factor,Rain,Broadside,Non-Related,Other Vehicle,Not Applicable,Not Applicable,West Of,,True,False,12154,BAILEY AV,SANTA TERESA BL,37.20112869,-121.7364039
5010,688803,CR-0000094649,0,0,0,0,22-304-4001,False,True,51,10/31/2022 10:15:00 AM,No Pedestrians Involved,Unknown,Unknown,Daylight,Unknown,Unknown,Unknown,Sideswipe,Non-Related,Parked Vehicle,Not Applicable,Not Applicable,West Of,,False,True,45506,CRESTA VISTA WY,DONDERO WY,37.23288847,-121.7942662
5011,684718,CR-0000093365,0,0,0,0,22-183-0198,False,False,170,7/2/2022 7:07:00 AM,No Pedestrians Involved,Dry,No Unusual Conditions,Daylight,Violation Driver 1,No Controls Present/Factor,Clear,Sideswipe,Non-Related,Parked Vehicle,Not Applicable,Not Applicable,North Of,,True,True,104543,ROEDER RD,WHIRLAWAY DR,37.26370726,-121.8099795
5012,696358,CR-0000099513,3,0,0,0,23-302-0754,False,False,240,10/29/2023 6:30:00 PM,No Pedestrians Involved,Dry,No Unusual Conditions,Daylight,Violation Driver 1,No Controls Present/Factor,Clear,Broadside,Non-Related,Other Vehicle,Not Applicable,Not Applicable,North Of,,True,False,104543,ROEDER RD,WHIRLAWAY DR,37.26370726,-121.8099795
5013,716086,CR-0000102044,0,1,0,0,24-123-0229,False,False,0,5/2/2024 8:36:00 AM,Crossing In Crosswalk - At Intersection,Dry,No Unusual Conditions,Daylight,Violation Driver 1,No Controls Present/Factor,Clear,Vehicle/Pedestrian,Intersection,Pedestrian,Unknown,Unknown,At,PED,False,False,47156,CURIE DR,WOOSLEY DR,37.22790121,-121.8072963
5014,689329,CR-0000095320,1,0,0,0,22-307-0544,False,False,0,11/3/2022 3:20:00 PM,No Pedestrians Involved,Dry,No Unusual Conditions,Daylight,Violation Driver 1,No Controls Present/Factor,Clear,Vehicle/Bike,Intersection,Bike,Not Applicable,Not Applicable,At,BIKE,False,False,6005,ALUM ROCK AV,EASTGATE AV,37.35364642,-121.8537828
5015,698689,CR-0000099937,2,0,0,0,23-127-0187,False,False,0,5/7/2023 6:46:00 AM,No Pedestrians Involved,Dry,No Unusual Conditions,Unknown,Violation Driver 1,Controls Functioning,Clear,Rear End,Intersection,Other Vehicle,Not Applicable,Not Applicable,At,,False,True,6005,ALUM ROCK AV,EASTGATE AV,37.35364642,-121.8537828
5016,689375,CR-0000095293,0,1,0,0,22-326-0566,False,False,21,11/22/2022 4:07:00 PM,No Pedestrians Involved,Dry,No Unusual Conditions,Daylight,Violation Driver 1,Controls Functioning,Clear,Vehicle/Bike,Related,Scooter Motorized,Not Applicable,Not Applicable,North Of,E.SCOOTER,False,False,41524,COLEMAN AV,TAYLOR ST,37.34235641,-121.9109126
5017,685429,CR-0000094164,1,0,0,0,22-245-0137,False,False,0,9/2/2022 5:45:00 AM,No Pedestrians Involved,Dry,No Unusual Conditions,Daylight,Violation Driver 1,Controls Functioning,Clear,Head On,Intersection,Other Vehicle,Not Applicable,Not Applicable,At,,False,False,41524,COLEMAN AV,TAYLOR ST,37.34235641,-121.9109126
5018,682371,CR-0000091934,1,0,0,0,22-104-0328,False,False,222,4/14/2022 11:50:00 AM,No Pedestrians Involved,Dry,No Unusual Conditions,Daylight,Violation Driver 1,No Controls Present/Factor,Cloudy,Sideswipe,Non-Related,Other Vehicle,Not Applicable,Not Applicable,South Of,,False,False,41524,COLEMAN AV,TAYLOR ST,37.34235641,-121.9109126
5019,682375,CR-0000091938,1,0,0,0,22-104-9712,False,True,0,4/14/2022 1:15:00 PM,No Pedestrians Involved,Wet,No Unusual Conditions,Daylight,Unknown,Controls Functioning,Rain,Rear End,Intersection,Other Vehicle,Not Applicable,Not Applicable,At,,False,False,41524,COLEMAN AV,TAYLOR ST,37.34235641,-121.9109126
5020,696209,CR-0000099353,0,0,0,0,22-102-0245,False,False,216,4/12/2022 9:15:00 AM,No Pedestrians Involved,Dry,No Unusual Conditions,Daylight,Unknown,Controls Functioning,Clear,Hit Object,Non-Related,Fixed Object,Not Applicable,Not Applicable,South Of,,False,False,41524,COLEMAN AV,TAYLOR ST,37.34235641,-121.9109126
5021,681385,CR-0000090774,1,0,0,0,22-019-0150,False,False,51,1/19/2022 5:36:00 AM,No Pedestrians Involved,Dry,No Unusual Conditions,Dark - Street Light,Violation Driver 1,No Controls Present/Factor,Clear,Vehicle/Bike,Non-Related,Bike,Not Applicable,Not Applicable,South Of,BIKE,False,False,41524,COLEMAN AV,TAYLOR ST,37.34235641,-121.9109126
5022,681619,CR-0000091016,1,0,0,0,22-050-0484,False,False,60,2/19/2022 3:25:00 PM,No Pedestrians Involved,Dry,Unknown,Daylight,Violation Driver 1,Controls Functioning,Clear,Rear End,Non-Related,Other Vehicle,Not Applicable,Not Applicable,East Of,,True,False,41524,COLEMAN AV,TAYLOR ST,37.34235641,-121.9109126
5023,696545,CR-0000099732,0,0,0,0,23-345-4007,False,True,0,12/11/2023 10:30:00 AM,No Pedestrians Involved,Unknown,Unknown,Unknown,Unknown,Unknown,Unknown,Sideswipe,Intersection,Other Vehicle,Not Applicable,Not Applicable,At,,False,False,41524,COLEMAN AV,TAYLOR ST,37.34235641,-121.9109126