_id,CrashFactId,Name,MinorInjuries,ModerateInjuries,SevereInjuries,FatalInjuries,TcrNumber,CityDamageFlag,ShortFormFlag,Distance,CrashDateTime,PedestrianAction,RoadwaySurface,RoadwayCondition,Lighting,PrimaryCollisionFactor,TrafficControl,Weather,CollisionType,ProximityToIntersection,VehicleInvolvedWith,PedestrianDirectionFrom,PedestrianDirectionTo,DirectionFromIntersection,Comment,SpeedingFlag,HitAndRunFlag,IntersectionNumber,AStreetName,BStreetName,Latitude,Longitude
5024,698872,CR-0000100157,1,0,0,0,23-179-9702,False,True,51,6/24/2023 3:00:00 PM,No Pedestrians Involved,Dry,No Unusual Conditions,Daylight,Unknown,Controls Functioning,Clear,Rear End,Non-Related,Other Vehicle,Not Applicable,Not Applicable,South Of,,False,False,41524,COLEMAN AV,TAYLOR ST,37.34235641,-121.9109126
5025,699164,CR-0000100483,0,0,0,0,23-166-0729,False,False,0,6/15/2023 5:43:00 PM,No Pedestrians Involved,Dry,No Unusual Conditions,Daylight,Unknown,Controls Functioning,Clear,Sideswipe,Intersection,Motorcycle,Not Applicable,Not Applicable,At,,False,True,41524,COLEMAN AV,TAYLOR ST,37.34235641,-121.9109126
5026,695822,CR-0000098887,0,0,0,0,23-093-0114,False,False,50,4/3/2023 2:54:00 AM,No Pedestrians Involved,Dry,No Unusual Conditions,Dark - Street Light Not Functioning,Violation Driver 1,No Controls Present/Factor,Clear,Broadside,Related,Other Vehicle,Not Applicable,Not Applicable,South Of,,True,False,41524,COLEMAN AV,TAYLOR ST,37.34235641,-121.9109126
5027,695836,CR-0000098901,0,0,0,0,23-091-0084,True,False,341,4/1/2023 2:11:00 AM,No Pedestrians Involved,Dry,No Unusual Conditions,Dark - Street Light,Violation Driver 1,Controls Functioning,Clear,Hit Object,Non-Related,Fixed Object,Not Applicable,Not Applicable,East Of,TREE,False,False,41524,COLEMAN AV,TAYLOR ST,37.34235641,-121.9109126
5028,692582,CR-0000097874,0,0,0,0,23-051-9701,False,True,0,2/18/2023 10:00:00 PM,No Pedestrians Involved,Dry,No Unusual Conditions,Dark - Street Light,Unknown,Controls Functioning,Clear,Sideswipe,Intersection,Other Vehicle,Not Applicable,Not Applicable,At,,False,False,41524,COLEMAN AV,TAYLOR ST,37.34235641,-121.9109126
5029,689461,CR-0000095438,1,0,0,0,22-352-0423,False,False,500,12/18/2022 2:25:00 PM,No Pedestrians Involved,Dry,No Unusual Conditions,Daylight,Violation Driver 1,No Controls Present/Factor,Clear,Rear End,Non-Related,Other Vehicle,Not Applicable,Not Applicable,South Of,,True,False,41524,COLEMAN AV,TAYLOR ST,37.34235641,-121.9109126
5030,690472,CR-0000096584,0,0,0,0,22-343-0238,True,False,0,12/9/2022 10:24:00 AM,No Pedestrians Involved,Dry,No Unusual Conditions,Daylight,Unknown,No Controls Present/Factor,Clear,Sideswipe,Intersection,Other Vehicle,Not Applicable,Not Applicable,At,,False,False,41524,COLEMAN AV,TAYLOR ST,37.34235641,-121.9109126
5031,722175,CR-0000103441,0,0,0,0,24-077-9701,False,True,0,3/15/2024 8:00:00 AM,No Pedestrians Involved,Dry,No Unusual Conditions,Daylight,Unknown,Controls Functioning,Clear,Broadside,Intersection,Other Vehicle,Not Applicable,Not Applicable,At,,False,False,41524,COLEMAN AV,TAYLOR ST,37.34235641,-121.9109126
5032,711700,CR-0000101155,0,0,0,0,23-274-9704,False,True,0,10/5/2023 4:19:00 PM,No Pedestrians Involved,Dry,No Unusual Conditions,Daylight,Unknown,Controls Functioning,Clear,Sideswipe,Intersection,Other Vehicle,Not Applicable,Not Applicable,At,,False,False,41524,COLEMAN AV,TAYLOR ST,37.34235641,-121.9109126
5033,712157,CR-0000101442,0,0,0,0,23-364-0050,False,False,0,12/30/2023 1:00:00 AM,No Pedestrians Involved,Wet,No Unusual Conditions,Dark - Street Light,Violation Driver 1,Controls Functioning,Clear,Rear End,Intersection,Other Vehicle,Not Applicable,Not Applicable,At,,False,True,41524,COLEMAN AV,TAYLOR ST,37.34235641,-121.9109126
5034,682480,CR-0000092047,0,0,0,0,22-091-0534,False,False,0,4/1/2022 3:21:00 PM,No Pedestrians Involved,Dry,No Unusual Conditions,Daylight,Violation Driver 1,Controls Functioning,Clear,Sideswipe,Intersection,Other Vehicle,Not Applicable,Not Applicable,At,,True,True,9503,ASBURY ST,COLEMAN AV,37.34328169,-121.9119297
5035,684779,CR-0000093394,1,0,0,0,22-187-0617,False,False,0,7/6/2022 4:07:00 PM,No Pedestrians Involved,Dry,No Unusual Conditions,Daylight,Violation Driver 1,Controls Functioning,Clear,Rear End,Intersection,Motor Vehicle On Other Roadway,Not Applicable,Not Applicable,At,,False,False,9503,ASBURY ST,COLEMAN AV,37.34328169,-121.9119297
5036,689502,CR-0000095479,1,0,0,0,22-361-0642,False,False,17,12/27/2022 6:02:00 PM,Crossing - Not In Crosswalk,Wet,No Unusual Conditions,Dark - Street Light,Unknown,Unknown,Clear,Vehicle/Pedestrian,Related,Pedestrian,West,East,North Of,PED,False,True,9503,ASBURY ST,COLEMAN AV,37.34328169,-121.9119297
5037,689871,CR-0000095897,0,0,0,0,22-363-0628,False,False,0,12/29/2022 5:21:00 PM,No Pedestrians Involved,Wet,No Unusual Conditions,Dark - Street Light,Violation Driver 1,No Controls Present/Factor,Rain,Broadside,Intersection,Other Vehicle,Not Applicable,Not Applicable,At,,False,True,9503,ASBURY ST,COLEMAN AV,37.34328169,-121.9119297
5038,689746,CR-0000095765,1,0,0,0,22-351-0416,False,False,0,12/17/2022 1:29:00 PM,No Pedestrians Involved,Dry,No Unusual Conditions,Dusk - Dawn,Violation Driver 1,Controls Functioning,Clear,Broadside,Intersection,Other Vehicle,Not Applicable,Not Applicable,At,,False,False,9503,ASBURY ST,COLEMAN AV,37.34328169,-121.9119297
5039,697566,CR-0000099777,0,0,0,0,23-143-0110,False,False,74,5/23/2023 2:48:00 AM,No Pedestrians Involved,Dry,No Unusual Conditions,Dark - Street Light,Violation Driver 1,Controls Functioning,Clear,Rear End,Non-Related,Parked Vehicle,Not Applicable,Not Applicable,South Of,,True,False,9503,ASBURY ST,COLEMAN AV,37.34328169,-121.9119297
5040,716121,CR-0000102105,1,0,0,0,24-022-0870,False,False,0,1/22/2024 9:20:00 PM,No Pedestrians Involved,Dry,No Unusual Conditions,Daylight,Violation Driver 1,Controls Functioning,Clear,Head On,Intersection,Other Vehicle,Not Applicable,Not Applicable,At,,True,True,9503,ASBURY ST,COLEMAN AV,37.34328169,-121.9119297
5041,711957,CR-0000101002,0,0,0,0,23-271-0565,False,False,0,9/28/2023 3:35:00 PM,No Pedestrians Involved,Unknown,No Unusual Conditions,Daylight,Bike At Fault,No Controls Present/Factor,Clear,Vehicle/Bike,Intersection,Bike,Not Applicable,Not Applicable,At,BIKE,False,True,9503,ASBURY ST,COLEMAN AV,37.34328169,-121.9119297
5042,689689,CR-0000095671,0,0,0,0,22-345-0260,False,False,20,12/11/2022 10:23:00 AM,No Pedestrians Involved,Wet,No Unusual Conditions,Daylight,Violation Driver 1,Controls Functioning,Clear,Rear End,Related,Other Vehicle,Not Applicable,Not Applicable,East Of,,True,True,21680,BONITA AV,SAN ANTONIO ST,37.34619582,-121.8604253
5043,716047,CR-0000101975,1,0,0,0,24-004-0680,False,False,0,1/4/2024 6:07:00 PM,No Pedestrians Involved,Dry,No Unusual Conditions,Dark - Street Light,Violation Driver 1,Controls Functioning,Clear,Sideswipe,Intersection,Other Vehicle,Not Applicable,Not Applicable,At,,False,True,21680,BONITA AV,SAN ANTONIO ST,37.34619582,-121.8604253
5044,696324,CR-0000099480,0,1,0,0,23-300-0956,False,False,0,10/27/2023 11:04:00 PM,No Pedestrians Involved,Dry,No Unusual Conditions,Dark - Street Light,Violation Driver 1,No Controls Present/Factor,Clear,Head On,Intersection,Other Vehicle,Not Applicable,Not Applicable,At,,False,True,107183,SANTA CLARA ST,TWENTIETH ST,37.34519082,-121.87157
5045,711707,CR-0000101029,0,0,0,0,23-250-0553,False,False,0,9/7/2023 6:26:00 PM,No Pedestrians Involved,Dry,No Unusual Conditions,Daylight,Violation Driver 1,Controls Functioning,Clear,Sideswipe,Intersection,Other Vehicle,Not Applicable,Not Applicable,At,,False,False,107183,SANTA CLARA ST,TWENTIETH ST,37.34519082,-121.87157
5046,722084,CR-0000103338,0,0,0,0,24-066-0673,False,False,76,3/6/2024 3:58:00 PM,No Pedestrians Involved,Dry,Unknown,Daylight,Violation Driver 1,Controls Functioning,Cloudy,Sideswipe,Non-Related,Other Vehicle,Not Applicable,Not Applicable,East Of,,False,False,107183,SANTA CLARA ST,TWENTIETH ST,37.34519082,-121.87157
5047,690033,CR-0000096098,0,0,0,0,22-055-0372,False,False,90,2/24/2022 3:45:00 AM,No Pedestrians Involved,Dry,No Unusual Conditions,Dark - No Street Light,Unknown,No Controls Present/Factor,Clear,Hit Object,Non-Related,Other Object,Not Applicable,Not Applicable,North Of,garbage cans,False,True,55770,ELEVENTH ST,MARTHA ST,37.32763604,-121.8699074
5048,696336,CR-0000099492,0,1,0,0,23-293-0968,False,False,0,10/20/2023 10:09:00 PM,No Pedestrians Involved,Dry,No Unusual Conditions,Dark - Street Light,Violation Driver 1,Controls Functioning,Clear,Vehicle/Bike,Intersection,Bike,Not Applicable,Not Applicable,At,BIKE,True,False,55770,ELEVENTH ST,MARTHA ST,37.32763604,-121.8699074
5049,697613,CR-0000099808,1,0,0,0,23-216-9706,False,True,0,8/13/2023 10:30:00 PM,No Pedestrians Involved,Dry,No Unusual Conditions,Dark - Street Light,Unknown,Controls Functioning,Clear,Head On,Intersection,Other Vehicle,Not Applicable,Not Applicable,At,,False,False,55770,ELEVENTH ST,MARTHA ST,37.32763604,-121.8699074
5050,690502,CR-0000096612,0,0,0,0,22-303-9701,False,True,51,10/29/2022 9:30:00 PM,No Pedestrians Involved,Dry,No Unusual Conditions,Dark - Street Light,Unknown,No Controls Present/Factor,Clear,Sideswipe,Non-Related,Parked Vehicle,Not Applicable,Not Applicable,East Of,,False,True,55770,ELEVENTH ST,MARTHA ST,37.32763604,-121.8699074
5051,720928,CR-0000103163,0,0,0,0,24-047-9712,False,True,51,2/15/2024 10:34:00 PM,No Pedestrians Involved,Dry,No Unusual Conditions,Dark - Street Light,Unknown,No Controls Present/Factor,Clear,Sideswipe,Non-Related,Parked Vehicle,Not Applicable,Not Applicable,North Of,,False,False,55770,ELEVENTH ST,MARTHA ST,37.32763604,-121.8699074
5052,719826,CR-0000102999,0,0,0,0,24-037-4002,False,True,,2/6/2024 8:12:00 AM,No Pedestrians Involved,Unknown,Unknown,Unknown,Unknown,Unknown,Unknown,Sideswipe,Non-Related,Other Vehicle,Not Applicable,Not Applicable,North Of,,False,False,55770,ELEVENTH ST,MARTHA ST,37.32763604,-121.8699074
5053,717403,CR-0000102413,0,0,0,0,23-353-0452,False,False,0,12/19/2023 12:55:00 PM,No Pedestrians Involved,Wet,No Unusual Conditions,Daylight,Violation Driver 1,No Controls Present/Factor,Rain,Broadside,Intersection,Other Vehicle,Not Applicable,Not Applicable,At,,False,False,55770,ELEVENTH ST,MARTHA ST,37.32763604,-121.8699074
5054,697593,CR-0000099834,2,0,0,0,23-295-0432,False,False,0,10/22/2023 11:41:00 AM,No Pedestrians Involved,Dry,No Unusual Conditions,Daylight,Violation Driver 1,Controls Functioning,Cloudy,Broadside,Intersection,Other Vehicle,Not Applicable,Not Applicable,At,,False,False,88384,MARTHA ST,TENTH ST,37.32714284,-121.8709468
5055,696489,CR-0000099667,0,1,1,0,23-332-0554,False,False,0,11/28/2023 3:04:00 PM,Crossing In Crosswalk - At Intersection,Dry,No Unusual Conditions,Daylight,Violation Driver 1,Controls Functioning,Clear,Vehicle/Pedestrian,Intersection,Pedestrian,West,East,At,PEDESTRIAN X2,False,False,88384,MARTHA ST,TENTH ST,37.32714284,-121.8709468
5056,699350,CR-0000100677,0,0,0,0,23-193-9704,False,True,0,7/11/2023 11:00:00 PM,No Pedestrians Involved,Dry,No Unusual Conditions,Dark - Street Light,Unknown,No Controls Present/Factor,Clear,Broadside,Intersection,Parked Vehicle,Not Applicable,Not Applicable,At,,False,False,88340,MARTHA ST,NINTH ST,37.32664521,-121.8720004
5057,682398,CR-0000091961,0,0,1,0,22-113-0040,False,False,0,4/23/2022 12:43:00 AM,Crossing - Not In Crosswalk,Dry,No Unusual Conditions,Dark - Street Light,Violation Driver 1,Controls Functioning,Clear,Vehicle/Pedestrian,Intersection,Pedestrian,East,West,At,PED,True,True,79078,KEYES ST,NINTH ST,37.32371635,-121.8698182
5058,682417,CR-0000091980,0,1,1,0,22-107-0513,False,False,0,4/17/2022 3:57:00 PM,No Pedestrians Involved,Dry,No Unusual Conditions,Daylight,Violation Driver 1,No Controls Present/Factor,Clear,Broadside,Intersection,Motorcycle,Not Applicable,Not Applicable,At,,False,False,79078,KEYES ST,NINTH ST,37.32371635,-121.8698182
5059,694691,CR-0000098725,1,0,0,0,23-225-0737,True,False,0,8/13/2023 7:40:00 PM,No Pedestrians Involved,Dry,No Unusual Conditions,Daylight,Violation Driver 1,Controls Functioning,Clear,Hit Object,Intersection,Fixed Object,Not Applicable,Not Applicable,At,LIGHTPOLE,True,False,79078,KEYES ST,NINTH ST,37.32371635,-121.8698182
5060,694406,CR-0000098360,0,2,0,0,23-179-0580,False,False,0,6/28/2023 4:01:00 PM,No Pedestrians Involved,Dry,No Unusual Conditions,Daylight,Violation Driver 1,Controls Functioning,Clear,Sideswipe,Intersection,Other Vehicle,Not Applicable,Not Applicable,At,,False,False,79078,KEYES ST,NINTH ST,37.32371635,-121.8698182
5061,720866,CR-0000103069,0,0,0,0,24-025-0154,False,False,30,1/25/2024 7:50:00 AM,No Pedestrians Involved,Dry,No Unusual Conditions,Daylight,Violation Driver 1,No Controls Present/Factor,Clear,Other,Related,Other Vehicle,Not Applicable,Not Applicable,South Of,,False,True,54856,EIGHTH ST,MARTHA ST,37.32614286,-121.8730461
5062,682589,CR-0000092156,0,0,0,0,22-149-0704,False,False,82,5/29/2022 5:40:00 PM,No Pedestrians Involved,Dry,No Unusual Conditions,Daylight,Violation Driver 1,No Controls Present/Factor,Clear,Sideswipe,Non-Related,Parked Vehicle,Not Applicable,Not Applicable,West Of,,False,True,88362,MARTHA ST,SEVENTH ST,37.32564264,-121.8740988
5063,682866,CR-0000092415,2,0,0,0,22-146-0387,False,False,0,5/26/2022 11:00:00 AM,No Pedestrians Involved,Dry,No Unusual Conditions,Daylight,Violation Driver 1,Controls Functioning,Clear,Broadside,Intersection,Other Vehicle,Not Applicable,Not Applicable,At,,False,False,88362,MARTHA ST,SEVENTH ST,37.32564264,-121.8740988
5064,696029,CR-0000099164,1,0,0,0,23-194-0528,False,False,0,7/13/2023 2:55:00 PM,No Pedestrians Involved,Dry,No Unusual Conditions,Daylight,Violation Driver 1,Controls Functioning,Clear,Head On,Intersection,Other Vehicle,Not Applicable,Not Applicable,At,,False,False,88362,MARTHA ST,SEVENTH ST,37.32564264,-121.8740988
5065,697582,CR-0000099794,0,1,0,0,23-246-0461,False,False,0,9/3/2023 2:25:00 PM,No Pedestrians Involved,Dry,No Unusual Conditions,Daylight,Violation Driver 1,Controls Not Functioning,Clear,Vehicle/Bike,Intersection,Scooter Motorized,Not Applicable,Not Applicable,At,M.SCOOTER,False,True,88362,MARTHA ST,SEVENTH ST,37.32564264,-121.8740988
5066,690771,CR-0000096909,0,0,0,0,23-018-0772,True,False,0,1/18/2023 7:27:00 PM,No Pedestrians Involved,Dry,No Unusual Conditions,Dark - Street Light,Violation Driver 1,Controls Functioning,Clear,Hit Object,Intersection,Fixed Object,Not Applicable,Not Applicable,At,Traffic Pole,False,False,88362,MARTHA ST,SEVENTH ST,37.32564264,-121.8740988
5067,720835,CR-0000103038,0,0,0,0,24-042-0471,False,False,0,2/11/2024 3:00:00 PM,No Pedestrians Involved,Dry,No Unusual Conditions,Daylight,Violation Driver 1,Controls Not Functioning,Clear,Head On,Intersection,Other Vehicle,Not Applicable,Not Applicable,At,,False,False,88362,MARTHA ST,SEVENTH ST,37.32564264,-121.8740988
5068,712184,CR-0000101615,0,0,0,0,23-354-4011,False,True,0,12/13/2023 5:00:00 PM,No Pedestrians Involved,Unknown,Unknown,Unknown,Unknown,Unknown,Unknown,Other,Intersection,Other Vehicle,Not Applicable,Not Applicable,At,,False,False,88362,MARTHA ST,SEVENTH ST,37.32564264,-121.8740988
5069,689365,CR-0000095317,0,0,0,0,22-327-0803,True,False,160,11/23/2022 10:56:00 PM,No Pedestrians Involved,Dry,No Unusual Conditions,Dark - Street Light,Violation Driver 1,No Controls Present/Factor,Clear,Sideswipe,Non-Related,Parked Vehicle,Not Applicable,Not Applicable,South Of,SIGN,False,False,4333,ALMADEN AV,HUMBOLDT ST,37.31619641,-121.8801779
5070,685054,CR-0000093727,2,2,0,0,22-242-0884,False,False,0,8/30/2022 6:47:00 PM,No Pedestrians Involved,Dry,No Unusual Conditions,Daylight,Violation Driver 1,No Controls Present/Factor,Clear,Head On,Intersection,Other Vehicle,Not Applicable,Not Applicable,At,,False,False,4333,ALMADEN AV,HUMBOLDT ST,37.31619641,-121.8801779
5071,685120,CR-0000093793,1,1,0,0,22-202-0590,False,False,50,7/21/2022 3:26:00 PM,No Pedestrians Involved,Dry,No Unusual Conditions,Daylight,Violation Driver 1,No Controls Present/Factor,Clear,Sideswipe,Related,Other Vehicle,Not Applicable,Not Applicable,South Of,,False,False,4333,ALMADEN AV,HUMBOLDT ST,37.31619641,-121.8801779
5072,690985,CR-0000097156,0,1,0,0,23-033-0469,False,False,220,2/2/2023 12:50:00 PM,No Pedestrians Involved,Dry,No Unusual Conditions,Daylight,Violation Driver 1,No Controls Present/Factor,Clear,Vehicle/Bike,Non-Related,Scooter Motorized,Not Applicable,Not Applicable,North Of,M. SCOOTER,False,False,4333,ALMADEN AV,HUMBOLDT ST,37.31619641,-121.8801779
5073,694520,CR-0000098514,0,2,0,0,23-191-0151,False,False,0,7/10/2023 6:21:00 AM,No Pedestrians Involved,Dry,No Unusual Conditions,Daylight,Violation Driver 1,Controls Functioning,Clear,Broadside,Intersection,Other Vehicle,Not Applicable,Not Applicable,At,,False,False,4333,ALMADEN AV,HUMBOLDT ST,37.31619641,-121.8801779
5074,716369,CR-0000102377,1,1,0,0,24-048-0574,False,False,0,2/17/2024 5:41:00 PM,No Pedestrians Involved,Wet,Unknown,Dark - Street Light,Violation Driver 1,Controls Functioning,Rain,Broadside,Intersection,Other Vehicle,Not Applicable,Not Applicable,At,,False,False,4333,ALMADEN AV,HUMBOLDT ST,37.31619641,-121.8801779
5075,691203,CR-0000097406,0,0,0,0,23-059-9701,False,True,51,2/28/2023 8:09:00 AM,No Pedestrians Involved,Wet,No Unusual Conditions,Daylight,Unknown,No Controls Present/Factor,Rain,Sideswipe,Non-Related,Parked Vehicle,Not Applicable,Not Applicable,North Of,,False,False,71829,HELLYER AV,SACRAMENTO AV,37.28438448,-121.8194694
5076,682958,CR-0000092526,0,0,0,0,22-162-0132,False,False,72,6/11/2022 2:49:00 AM,No Pedestrians Involved,Dry,No Unusual Conditions,Dark - Street Light,Violation Driver 1,Controls Functioning,Clear,Sideswipe,Non-Related,Parked Vehicle,Not Applicable,Not Applicable,South Of,,False,False,59619,FIFTEENTH ST,HEDDING ST,37.36017476,-121.8890745
5077,695785,CR-0000098850,1,0,0,0,23-263-0959,False,False,0,9/20/2023 11:27:00 PM,No Pedestrians Involved,Dry,No Unusual Conditions,Dark - Street Light,Violation Driver 1,No Controls Present/Factor,Clear,Broadside,Intersection,Other Vehicle,Not Applicable,Not Applicable,At,,False,True,59619,FIFTEENTH ST,HEDDING ST,37.36017476,-121.8890745
5078,696535,CR-0000099722,0,0,1,0,23-335-0994,False,False,0,12/1/2023 10:56:00 PM,No Pedestrians Involved,Dry,No Unusual Conditions,Dark - Street Light,Violation Driver 1,Controls Functioning,Clear,Broadside,Intersection,Other Vehicle,Not Applicable,Not Applicable,At,,False,False,59619,FIFTEENTH ST,HEDDING ST,37.36017476,-121.8890745
5079,695933,CR-0000099062,0,0,0,0,23-248-4009,False,True,0,8/25/2023 2:30:00 PM,No Pedestrians Involved,Unknown,Unknown,Unknown,Unknown,Unknown,Unknown,Sideswipe,Intersection,Parked Vehicle,Not Applicable,Not Applicable,At,,False,False,10812,AVENIDA ABETOS,AVENIDA ARBOLES,37.25538098,-121.8367764
5080,683111,CR-0000092735,0,0,0,0,22-046-4006,False,False,51,2/15/2022 8:45:00 PM,No Pedestrians Involved,Unknown,Unknown,Unknown,Unknown,Unknown,Unknown,Other,Non-Related,Other Vehicle,Not Applicable,Not Applicable,Unknown,,False,False,28456,CALERO AV,LEAN AV,37.24107283,-121.8172796
5081,689599,CR-0000095576,1,0,0,0,22-316-0382,False,False,0,11/12/2022 12:39:00 PM,Crossing In Crosswalk - At Intersection,Dry,No Unusual Conditions,Daylight,Violation Driver 1,No Controls Present/Factor,Clear,Vehicle/Pedestrian,Intersection,Pedestrian,East,West,At,PEDESTRIAN,False,False,28456,CALERO AV,LEAN AV,37.24107283,-121.8172796
5082,716187,CR-0000102121,1,0,0,0,24-024-0269,False,False,0,1/24/2024 10:23:00 AM,No Pedestrians Involved,Wet,No Unusual Conditions,Daylight,Violation Driver 1,Controls Functioning,Cloudy,Rear End,Intersection,Other Vehicle,Not Applicable,Not Applicable,At,,False,False,28456,CALERO AV,LEAN AV,37.24107283,-121.8172796
5083,711536,CR-0000101469,0,0,0,0,23-256-4006,False,True,51,9/13/2023 2:30:00 PM,No Pedestrians Involved,Unknown,Unknown,Unknown,Unknown,Unknown,Unknown,Sideswipe,Non-Related,Parked Vehicle,Not Applicable,Not Applicable,Unknown,,False,False,33901,CARRIE LEE WY,GARDENDALE DR,37.26954496,-121.8814882
5084,681643,CR-0000091040,0,0,0,0,22-030-0758,False,False,72,1/30/2022 8:18:00 PM,No Pedestrians Involved,Dry,No Unusual Conditions,Dark - Street Light,Violation Driver 1,No Controls Present/Factor,Clear,Sideswipe,Non-Related,Parked Vehicle,Not Applicable,Not Applicable,West Of,,False,True,40732,CLOVERCREST DR,GLEN BRAE LN,37.25064021,-121.8808989
5085,681372,CR-0000090760,0,0,0,0,22-017-4004,False,False,,1/17/2022 1:30:00 PM,No Pedestrians Involved,Unknown,Unknown,Daylight,Unknown,Unknown,Unknown,Broadside,Related,Parked Vehicle,Not Applicable,Not Applicable,Unknown,,False,False,134298,BRANHAM LN,LA CRESCENT LP,37.26519591,-121.8682432
5086,716306,CR-0000102300,1,0,0,0,24-057-0153,False,False,30,2/26/2024 7:10:00 AM,Crossing - Not In Crosswalk,Dry,No Unusual Conditions,Daylight,Violation Driver 1,No Controls Present/Factor,Clear,Vehicle/Pedestrian,Related,Pedestrian,South,North,East Of,PED,False,False,7358,ANGIE AV,DIANA AV,37.34585425,-121.8359388
5087,720922,CR-0000103157,0,0,0,0,24-047-4003,False,True,51,2/15/2024 6:40:00 PM,No Pedestrians Involved,Unknown,Unknown,Unknown,Unknown,Unknown,Unknown,Rear End,Non-Related,Other Vehicle,Not Applicable,Not Applicable,North Of,,False,False,82642,LE COMPTE PL,ROBERTS AV,37.32578144,-121.8564547
5088,682767,CR-0000092349,0,0,0,0,22-156-0897,False,False,0,6/5/2022 1:35:00 AM,No Pedestrians Involved,Dry,No Unusual Conditions,Dark - Street Light,Violation Driver 1,No Controls Present/Factor,Clear,Broadside,Intersection,Parked Vehicle,Not Applicable,Not Applicable,At,,False,True,91959,MISSION ST,TWELFTH ST,37.35669887,-121.8902741
5089,683026,CR-0000092661,0,0,0,0,22-132-9706,False,True,0,5/8/2022 10:15:00 PM,No Pedestrians Involved,Dry,No Unusual Conditions,Dark - Street Light,Unknown,Controls Functioning,Clear,Broadside,Intersection,Other Vehicle,Not Applicable,Not Applicable,At,,False,False,111561,TAYLOR ST,THIRTEENTH ST,37.35500492,-121.887746
5090,682616,CR-0000092183,0,0,0,0,22-126-4002,False,True,51,5/5/2022 8:00:00 AM,No Pedestrians Involved,Unknown,Unknown,Daylight,Unknown,Unknown,Unknown,Broadside,Non-Related,Parked Vehicle,Not Applicable,Not Applicable,North Of,,False,False,111561,TAYLOR ST,THIRTEENTH ST,37.35500492,-121.887746
5091,682249,CR-0000091824,0,0,0,0,22-126-9707,False,True,51,5/5/2022 8:00:00 PM,No Pedestrians Involved,Dry,No Unusual Conditions,Dusk - Dawn,Unknown,No Controls Present/Factor,Clear,Head On,Non-Related,Parked Vehicle,Not Applicable,Not Applicable,North Of,,False,False,111561,TAYLOR ST,THIRTEENTH ST,37.35500492,-121.887746
5092,681223,CR-0000090608,2,0,0,0,22-004-0998,False,False,0,1/4/2022 11:16:00 PM,No Pedestrians Involved,Dry,No Unusual Conditions,Dark - Street Light,Violation Driver 1,Controls Functioning,Clear,Broadside,Intersection,Other Vehicle,Not Applicable,Not Applicable,At,POLICE VEHICLE INVOLVED,False,False,111561,TAYLOR ST,THIRTEENTH ST,37.35500492,-121.887746
5093,681423,CR-0000090813,0,1,0,0,22-026-0198,False,False,0,1/26/2022 8:02:00 AM,No Pedestrians Involved,Dry,No Unusual Conditions,Daylight,Violation Driver 1,Controls Functioning,Clear,Broadside,Intersection,Other Vehicle,Not Applicable,Not Applicable,At,,False,False,111561,TAYLOR ST,THIRTEENTH ST,37.35500492,-121.887746
5094,681684,CR-0000091081,0,0,0,0,22-082-4002,False,True,51,3/23/2022 7:35:00 AM,No Pedestrians Involved,Unknown,Unknown,Daylight,Unknown,Unknown,Unknown,Sideswipe,Non-Related,Parked Vehicle,Not Applicable,Not Applicable,South Of,,False,False,111561,TAYLOR ST,THIRTEENTH ST,37.35500492,-121.887746
5095,682051,CR-0000091589,1,0,0,0,22-068-0808,False,False,0,3/9/2022 7:34:00 PM,No Pedestrians Involved,Dry,No Unusual Conditions,Dark - Street Light,Violation Driver 1,Controls Functioning,Clear,Rear End,Intersection,Motor Vehicle On Other Roadway,Not Applicable,Not Applicable,At,,False,False,111561,TAYLOR ST,THIRTEENTH ST,37.35500492,-121.887746
5096,689318,CR-0000095277,1,0,1,0,22-301-0099,True,False,0,10/28/2022 4:07:00 AM,No Pedestrians Involved,Dry,No Unusual Conditions,Dark - Street Light,Violation Driver 1,No Controls Present/Factor,Clear,Broadside,Intersection,Other Vehicle,Not Applicable,Not Applicable,At,SIGN,False,False,111561,TAYLOR ST,THIRTEENTH ST,37.35500492,-121.887746
5097,694565,CR-0000098589,2,0,0,0,23-200-0400,False,False,0,7/19/2023 12:35:00 PM,No Pedestrians Involved,Dry,Construction - Repair Zone,Daylight,Violation Driver 1,Controls Functioning,Clear,Broadside,Intersection,Other Vehicle,Not Applicable,Not Applicable,At,,False,False,111561,TAYLOR ST,THIRTEENTH ST,37.35500492,-121.887746
5098,694657,CR-0000098690,0,0,0,0,23-242-0643,False,False,362,8/30/2023 3:22:00 PM,No Pedestrians Involved,Dry,No Unusual Conditions,Daylight,Violation Driver 1,No Controls Present/Factor,Clear,Sideswipe,Non-Related,Parked Vehicle,Not Applicable,Not Applicable,South Of,,False,False,111561,TAYLOR ST,THIRTEENTH ST,37.35500492,-121.887746
5099,698764,CR-0000100045,0,0,1,0,23-361-0708,False,False,0,12/27/2023 6:09:00 PM,No Pedestrians Involved,Wet,No Unusual Conditions,Dark - Street Light,Violation Driver 1,Controls Functioning,Cloudy,Broadside,Intersection,Other Vehicle,Not Applicable,Not Applicable,At,,True,False,111561,TAYLOR ST,THIRTEENTH ST,37.35500492,-121.887746