_id,CrashFactId,Name,MinorInjuries,ModerateInjuries,SevereInjuries,FatalInjuries,TcrNumber,CityDamageFlag,ShortFormFlag,Distance,CrashDateTime,PedestrianAction,RoadwaySurface,RoadwayCondition,Lighting,PrimaryCollisionFactor,TrafficControl,Weather,CollisionType,ProximityToIntersection,VehicleInvolvedWith,PedestrianDirectionFrom,PedestrianDirectionTo,DirectionFromIntersection,Comment,SpeedingFlag,HitAndRunFlag,IntersectionNumber,AStreetName,BStreetName,Latitude,Longitude
5100,699189,CR-0000100509,0,0,0,0,23-181-0785,False,False,403,6/30/2023 7:43:00 PM,No Pedestrians Involved,Dry,No Unusual Conditions,Daylight,Violation Driver 1,No Controls Present/Factor,Clear,Broadside,Non-Related,Other Vehicle,Not Applicable,Not Applicable,North Of,,False,False,111561,TAYLOR ST,THIRTEENTH ST,37.35500492,-121.887746
5101,719559,CR-0000102706,1,0,0,0,24-080-0884,False,False,0,3/20/2024 9:16:00 PM,No Pedestrians Involved,Dry,No Unusual Conditions,Dark - Street Light,Violation Driver 1,Controls Functioning,Clear,Head On,Intersection,Other Vehicle,Not Applicable,Not Applicable,At,,False,False,111561,TAYLOR ST,THIRTEENTH ST,37.35500492,-121.887746
5102,711599,CR-0000101474,0,0,0,0,23-268-9706,False,True,0,9/11/2023 5:00:00 PM,No Pedestrians Involved,Dry,Unknown,Daylight,Unknown,Unknown,Clear,Sideswipe,Intersection,Other Vehicle,Not Applicable,Not Applicable,At,,False,False,111561,TAYLOR ST,THIRTEENTH ST,37.35500492,-121.887746
5103,722476,CR-0000103768,2,1,0,0,24-104-0385,False,False,215,4/13/2024 1:23:00 PM,No Pedestrians Involved,Dry,No Unusual Conditions,Daylight,Violation Driver 1,Controls Functioning,Cloudy,Rear End,Non-Related,Other Vehicle,Not Applicable,Not Applicable,North Of,,False,False,111561,TAYLOR ST,THIRTEENTH ST,37.35500492,-121.887746
5104,682889,CR-0000092507,1,0,0,0,22-181-1048,False,False,0,6/30/2022 11:24:00 PM,No Pedestrians Involved,Dry,No Unusual Conditions,Dark - Street Light,Violation Driver 1,No Controls Present/Factor,Clear,Broadside,Intersection,Parked Vehicle,Not Applicable,Not Applicable,At,,False,False,59730,FIFTEENTH ST,TAYLOR ST,37.35588825,-121.8858818
5105,696439,CR-0000099616,0,0,0,0,23-114-0202,False,False,0,4/24/2023 8:21:00 AM,No Pedestrians Involved,Dry,No Unusual Conditions,Daylight,Violation Driver 1,Unknown,Clear,Broadside,Intersection,Other Vehicle,Not Applicable,Not Applicable,At,,False,True,59730,FIFTEENTH ST,TAYLOR ST,37.35588825,-121.8858818
5106,692546,CR-0000097837,1,0,0,0,23-095-0190,False,False,0,4/5/2023 8:00:00 AM,No Pedestrians Involved,Dry,No Unusual Conditions,Daylight,Violation Driver 1,Controls Functioning,Clear,Broadside,Intersection,Other Vehicle,Not Applicable,Not Applicable,At,,False,False,59730,FIFTEENTH ST,TAYLOR ST,37.35588825,-121.8858818
5107,689923,CR-0000095999,1,0,0,0,22-218-0619,False,False,0,8/6/2022 4:35:00 PM,No Pedestrians Involved,Dry,No Unusual Conditions,Daylight,Violation Driver 1,No Controls Present/Factor,Clear,Broadside,Intersection,Motorcycle,Not Applicable,Not Applicable,At,,False,False,59730,FIFTEENTH ST,TAYLOR ST,37.35588825,-121.8858818
5108,722273,CR-0000103567,0,0,0,0,24-087-4000,False,True,51,3/26/2024 2:00:00 PM,No Pedestrians Involved,Unknown,Unknown,Unknown,Unknown,Unknown,Unknown,Broadside,Non-Related,Other Vehicle,Not Applicable,Not Applicable,Unknown,,False,False,59730,FIFTEENTH ST,TAYLOR ST,37.35588825,-121.8858818
5109,687431,CR-0000094209,0,0,0,0,22-268-0013,False,False,237,9/25/2022 12:08:00 AM,No Pedestrians Involved,Dry,No Unusual Conditions,Dark - Street Light,Violation Driver 1,No Controls Present/Factor,Clear,Sideswipe,Non-Related,Parked Vehicle,Not Applicable,Not Applicable,North Of,,False,True,95864,NINETEENTH ST,TAYLOR ST,37.35766376,-121.8821433
5110,690550,CR-0000096672,3,0,0,0,23-006-0633,False,False,0,1/6/2023 5:03:00 PM,No Pedestrians Involved,Wet,No Unusual Conditions,Daylight,Violation Driver 1,Unknown,Cloudy,Broadside,Intersection,Other Vehicle,Not Applicable,Not Applicable,At,,False,False,95864,NINETEENTH ST,TAYLOR ST,37.35766376,-121.8821433
5111,722484,CR-0000103806,2,0,0,0,24-108-0404,False,False,0,4/17/2024 12:33:00 PM,No Pedestrians Involved,Dry,No Unusual Conditions,Daylight,Violation Driver 1,Controls Functioning,Clear,Broadside,Intersection,Other Vehicle,Not Applicable,Not Applicable,At,,False,False,95864,NINETEENTH ST,TAYLOR ST,37.35766376,-121.8821433
5112,719508,CR-0000102628,0,1,0,0,24-070-0158,False,False,177,3/10/2024 3:23:00 AM,No Pedestrians Involved,Dry,No Unusual Conditions,Dark - Street Light,Violation Driver 1,Controls Functioning,Clear,Vehicle/Bike,Non-Related,Scooter Motorized,Not Applicable,Not Applicable,South Of,M.SCOOTER,False,True,120702,MARKET ST,PLAZA,37.33315387,-121.8903636
5113,690966,CR-0000097137,1,1,0,0,23-056-0402,False,False,0,2/25/2023 12:40:00 PM,No Pedestrians Involved,Dry,No Unusual Conditions,Daylight,Violation Driver 1,Controls Functioning,Clear,Broadside,Intersection,Other Vehicle,Not Applicable,Not Applicable,At,,False,False,110362,ST JAMES ST,TWELFTH ST,37.34457024,-121.8812369
5114,689596,CR-0000095573,2,1,0,0,22-321-0259,False,False,0,11/17/2022 9:45:00 AM,No Pedestrians Involved,Dry,No Unusual Conditions,Daylight,Unknown,Controls Functioning,Clear,Broadside,Intersection,Other Vehicle,Not Applicable,Not Applicable,At,,False,False,55880,ELEVENTH ST,ST JAMES ST,37.34412793,-121.882169
5115,689062,CR-0000094908,0,0,0,0,22-288-0127,False,False,123,10/15/2022 2:32:00 AM,No Pedestrians Involved,Dry,No Unusual Conditions,Dark - Street Light,Violation Driver 1,Controls Functioning,Clear,Rear End,Non-Related,Parked Vehicle,Not Applicable,Not Applicable,North Of,,False,True,55880,ELEVENTH ST,ST JAMES ST,37.34412793,-121.882169
5116,681479,CR-0000090869,0,0,0,0,22-033-9711,False,True,260,2/2/2022 6:00:00 AM,No Pedestrians Involved,Dry,No Unusual Conditions,Dark - Street Light,Unknown,No Controls Present/Factor,Clear,Sideswipe,Non-Related,Parked Vehicle,Not Applicable,Not Applicable,South Of,,False,False,55880,ELEVENTH ST,ST JAMES ST,37.34412793,-121.882169
5117,694074,CR-0000098081,1,0,0,0,23-065-0230,False,False,0,3/6/2023 9:44:00 AM,No Pedestrians Involved,Dry,No Unusual Conditions,Daylight,Violation Driver 1,Controls Functioning,Clear,Hit Object,Intersection,Fixed Object,Not Applicable,Not Applicable,At,CENTER MEDIAN,False,False,55880,ELEVENTH ST,ST JAMES ST,37.34412793,-121.882169
5118,689758,CR-0000095777,0,0,1,0,22-166-0498,False,False,0,6/15/2022 2:58:00 PM,No Pedestrians Involved,Dry,No Unusual Conditions,Daylight,Violation Driver 1,Controls Functioning,Clear,Broadside,Intersection,Other Vehicle,Not Applicable,Not Applicable,At,,True,True,55880,ELEVENTH ST,ST JAMES ST,37.34412793,-121.882169
5119,695796,CR-0000098861,1,0,0,0,23-248-0182,False,False,54,9/5/2023 7:55:00 AM,No Pedestrians Involved,Dry,No Unusual Conditions,Daylight,Violation Driver 1,Controls Functioning,Clear,Rear End,Non-Related,Other Vehicle,Not Applicable,Not Applicable,West Of,,False,False,55880,ELEVENTH ST,ST JAMES ST,37.34412793,-121.882169
5120,681582,CR-0000090979,0,0,0,0,22-043-1062,False,False,73,2/12/2022 11:50:00 PM,No Pedestrians Involved,Dry,No Unusual Conditions,Dark - Street Light,Violation Driver 1,No Controls Present/Factor,Clear,Head On,Non-Related,Parked Vehicle,Not Applicable,Not Applicable,South Of,,True,False,56814,EMPIRE ST,FIFTH ST,37.34682051,-121.8927615
5121,690069,CR-0000096136,0,0,0,0,22-324-0082,False,False,164,11/20/2022 1:32:00 AM,No Pedestrians Involved,Dry,No Unusual Conditions,Dark - Street Light,Violation Driver 1,No Controls Present/Factor,Clear,Rear End,Non-Related,Parked Vehicle,Not Applicable,Not Applicable,North Of,,True,True,56957,EMPIRE ST,THIRD ST,37.34580695,-121.894896
5122,711808,CR-0000101531,0,0,0,0,23-349-1058,False,False,36,12/15/2023 11:28:00 PM,No Pedestrians Involved,Dry,No Unusual Conditions,Dark - No Street Light,Violation Driver 1,Controls Functioning,Clear,Broadside,Related,Train,Not Applicable,Not Applicable,East Of,,False,False,13705,BASCOM AV,BORELLO DR,37.29810521,-121.9316777
5123,711750,CR-0000101340,0,0,0,0,23-341-0415,False,False,512,12/7/2023 11:50:00 AM,No Pedestrians Involved,Dry,No Unusual Conditions,Daylight,Violation Driver 1,No Controls Present/Factor,Clear,Head On,Non-Related,Other Vehicle,Not Applicable,Not Applicable,West Of,,True,True,13705,BASCOM AV,BORELLO DR,37.29810521,-121.9316777
5124,689320,CR-0000095278,0,0,0,0,22-301-0628,False,False,500,10/28/2022 5:05:00 PM,No Pedestrians Involved,Dry,No Unusual Conditions,Daylight,Violation Driver 1,No Controls Present/Factor,Clear,Rear End,Non-Related,Other Vehicle,Not Applicable,Not Applicable,South Of,,True,True,14101,BASCOM AV,SOUTHWEST EX,37.2977829,-121.9316614
5125,696018,CR-0000099153,0,0,0,0,23-195-0768,False,False,109,7/14/2023 7:23:00 PM,No Pedestrians Involved,Dry,No Unusual Conditions,Daylight,Violation Driver 1,No Controls Present/Factor,Clear,Rear End,Non-Related,Parked Vehicle,Not Applicable,Not Applicable,East Of,,True,True,14101,BASCOM AV,SOUTHWEST EX,37.2977829,-121.9316614
5126,721967,CR-0000103221,0,0,0,0,24-049-4003,False,True,51,2/18/2024 12:15:00 PM,No Pedestrians Involved,Unknown,Unknown,Unknown,Unknown,Unknown,Unknown,Other,Non-Related,Parked Vehicle,Not Applicable,Not Applicable,East Of,,False,False,14101,BASCOM AV,SOUTHWEST EX,37.2977829,-121.9316614
5127,695924,CR-0000099053,0,0,0,0,23-235-4001,False,True,0,8/22/2023 8:15:00 PM,No Pedestrians Involved,Unknown,Unknown,Unknown,Unknown,Unknown,Unknown,Broadside,Intersection,Unknown,Not Applicable,Not Applicable,At,,False,False,103905,RIDDLE RD,WINCHESTER BL,37.31535891,-121.9501058
5128,699011,CR-0000100316,1,0,0,0,23-317-0562,False,False,40,11/13/2023 2:59:00 PM,No Pedestrians Involved,Dry,No Unusual Conditions,Daylight,Violation Driver 1,Controls Functioning,Clear,Rear End,Related,Other Vehicle,Not Applicable,Not Applicable,South Of,,False,False,68276,GRAVES AV,SARATOGA AV,37.29406817,-121.9893321
5129,718480,CR-0000102568,0,1,0,0,24-079-0865,False,False,0,3/19/2024 7:21:00 PM,No Pedestrians Involved,Dry,No Unusual Conditions,Dark - Street Light,Violation Driver 1,No Controls Present/Factor,Clear,Vehicle/Bike,Intersection,Bike,Not Applicable,Not Applicable,At,BIKE,False,False,68276,GRAVES AV,SARATOGA AV,37.29406817,-121.9893321
5130,711579,CR-0000101053,0,0,0,0,23-296-4002,False,True,51,10/22/2023 5:10:00 PM,No Pedestrians Involved,Unknown,Unknown,Unknown,Unknown,Unknown,Unknown,Rear End,Non-Related,Other Vehicle,Not Applicable,Not Applicable,West Of,,False,False,68276,GRAVES AV,SARATOGA AV,37.29406817,-121.9893321
5131,722394,CR-0000103688,1,0,0,0,24-098-0755,False,False,250,4/7/2024 8:24:00 PM,No Pedestrians Involved,Dry,No Unusual Conditions,Dark - Street Light,Violation Driver 1,Controls Functioning,Clear,Rear End,Non-Related,Other Vehicle,Not Applicable,Not Applicable,South Of,,True,False,68276,GRAVES AV,SARATOGA AV,37.29406817,-121.9893321
5132,722339,CR-0000103633,0,2,0,0,24-093-0689,False,False,0,4/2/2024 4:34:00 PM,No Pedestrians Involved,Dry,No Unusual Conditions,Daylight,Violation Driver 1,Controls Functioning,Clear,Vehicle/Bike,Intersection,Bike,Not Applicable,Not Applicable,At,BIKE,False,False,68276,GRAVES AV,SARATOGA AV,37.29406817,-121.9893321
5133,712138,CR-0000101409,0,0,0,0,23-337-0123,False,False,0,12/3/2023 2:07:00 AM,No Pedestrians Involved,Dry,Unknown,Dark - Street Light,Violation Driver 1,No Controls Present/Factor,Clear,Overturned,Intersection,Parked Vehicle,Not Applicable,Not Applicable,At,,True,False,96491,NORWOOD AV,REQUA CT,37.3311403,-121.785826
5134,692590,CR-0000097881,1,0,0,0,23-116-0734,False,False,0,4/26/2023 7:08:00 PM,No Pedestrians Involved,Dry,No Unusual Conditions,Dusk - Dawn,Violation Driver 1,No Controls Present/Factor,Clear,Vehicle/Bike,Intersection,Bike,Not Applicable,Not Applicable,At,,False,False,119129,HOITING DR,RUBY AV,37.33531408,-121.783934
5135,695928,CR-0000099057,0,0,0,0,23-250-4000,False,True,51,8/28/2023 8:25:00 AM,No Pedestrians Involved,Unknown,Unknown,Unknown,Unknown,Unknown,Unknown,Other,Non-Related,Unknown,Not Applicable,Not Applicable,North Of,,False,False,42790,CONESTOGA WY,PINELAND AV,37.23907932,-121.8258884
5136,688729,CR-0000094554,0,0,0,0,22-233-4001,False,True,51,8/12/2022 3:45:00 PM,No Pedestrians Involved,Unknown,Unknown,Daylight,Unknown,Unknown,Unknown,Sideswipe,Non-Related,Unknown,Not Applicable,Not Applicable,South Of,,False,True,72060,HENSLEY ST,THIRD ST,37.34466889,-121.8940497
5137,684940,CR-0000093662,0,0,0,0,22-225-0199,True,False,538,8/13/2022 6:24:00 AM,No Pedestrians Involved,Dry,No Unusual Conditions,Daylight,Violation Driver 1,Controls Functioning,Clear,Hit Object,Non-Related,Fixed Object,Not Applicable,Not Applicable,South Of,SIGN,False,False,72060,HENSLEY ST,THIRD ST,37.34466889,-121.8940497
5138,684917,CR-0000093585,0,0,0,0,22-233-9701,False,True,0,8/20/2022 7:45:00 PM,No Pedestrians Involved,Dry,No Unusual Conditions,Dusk - Dawn,Unknown,Unknown,Clear,Sideswipe,Intersection,Other Vehicle,Not Applicable,Not Applicable,At,,False,False,72060,HENSLEY ST,THIRD ST,37.34466889,-121.8940497
5139,691390,CR-0000097639,0,1,0,0,23-063-0109,False,False,385,3/4/2023 2:35:00 AM,No Pedestrians Involved,Unknown,No Unusual Conditions,Dark - Street Light,Violation Driver 1,No Controls Present/Factor,Clear,Rear End,Non-Related,Parked Vehicle,Not Applicable,Not Applicable,South Of,,True,False,72060,HENSLEY ST,THIRD ST,37.34466889,-121.8940497
5140,694273,CR-0000098136,2,0,0,0,23-129-0760,False,False,100,5/9/2023 6:08:00 PM,No Pedestrians Involved,Dry,No Unusual Conditions,Daylight,Violation Driver 1,No Controls Present/Factor,Clear,Head On,Non-Related,Other Vehicle,Not Applicable,Not Applicable,North Of,,False,True,72060,HENSLEY ST,THIRD ST,37.34466889,-121.8940497
5141,711851,CR-0000101173,0,0,0,0,23-327-0589,False,False,335,11/23/2023 8:20:00 PM,No Pedestrians Involved,Dry,No Unusual Conditions,Dark - Street Light,Violation Driver 1,No Controls Present/Factor,Clear,Sideswipe,Non-Related,Parked Vehicle,Not Applicable,Not Applicable,South Of,,False,False,59960,FIFTH ST,WASHINGTON ST,37.34465464,-121.8911502
5142,683298,CR-0000092884,0,0,0,0,22-141-0292,False,False,309,5/21/2022 9:51:00 AM,No Pedestrians Involved,Dry,No Unusual Conditions,Daylight,Violation Driver 1,No Controls Present/Factor,Clear,Broadside,Non-Related,Other Vehicle,Not Applicable,Not Applicable,North Of,,False,True,77714,JULIAN ST,SIXTH ST,37.34307383,-121.8885063
5143,694288,CR-0000098179,0,2,0,0,23-137-0821,False,False,0,5/17/2023 7:04:00 PM,No Pedestrians Involved,Dry,No Unusual Conditions,Daylight,Violation Driver 1,No Controls Present/Factor,Clear,Vehicle/Bike,Intersection,Bike,Not Applicable,Not Applicable,At,BIKE(2),True,False,77714,JULIAN ST,SIXTH ST,37.34307383,-121.8885063
5144,716145,CR-0000102141,1,0,0,0,24-026-0408,False,False,30,1/26/2024 12:20:00 PM,No Pedestrians Involved,Dry,No Unusual Conditions,Daylight,Unknown,Controls Functioning,Clear,Broadside,Related,Other Vehicle,Not Applicable,Not Applicable,South Of,,False,False,77714,JULIAN ST,SIXTH ST,37.34307383,-121.8885063
5145,716175,CR-0000102143,1,0,0,0,24-026-0661,False,False,0,1/26/2024 5:02:00 PM,No Pedestrians Involved,Dry,No Unusual Conditions,Daylight,Violation Driver 1,Controls Functioning,Clear,Broadside,Intersection,Other Vehicle,Not Applicable,Not Applicable,At,,False,False,77714,JULIAN ST,SIXTH ST,37.34307383,-121.8885063
5146,684913,CR-0000093577,0,0,0,0,22-232-0124,False,False,310,8/20/2022 2:57:00 AM,No Pedestrians Involved,Dry,No Unusual Conditions,Dark - Street Light,Violation Driver 1,No Controls Present/Factor,Clear,Head On,Non-Related,Parked Vehicle,Not Applicable,Not Applicable,North Of,,True,True,109493,SIXTH ST,WASHINGTON ST,37.34517,-121.8900687
5147,716076,CR-0000102035,2,0,0,0,24-015-0073,False,False,22,1/15/2024 1:45:00 AM,No Pedestrians Involved,Dry,No Unusual Conditions,Dark - Street Light,Violation Driver 1,Controls Functioning,Clear,Head On,Related,Other Vehicle,Not Applicable,Not Applicable,North Of,,False,True,109493,SIXTH ST,WASHINGTON ST,37.34517,-121.8900687
5148,694176,CR-0000098092,0,1,0,0,23-111-0774,False,False,0,4/21/2023 6:00:00 PM,In Road - Includes Shoulder,Dry,No Unusual Conditions,Daylight,Violation Driver 1,Controls Functioning,Clear,Vehicle/Pedestrian,Intersection,Pedestrian,South,North,At,PED,True,True,40677,CLOVER OAK DR,KLEIN RD,37.33555716,-121.7804217
5149,699184,CR-0000100504,0,0,0,0,23-180-0005,False,False,29,6/29/2023 12:03:00 AM,No Pedestrians Involved,Dry,No Unusual Conditions,Dark - Street Light,Violation Driver 1,No Controls Present/Factor,Clear,Sideswipe,Related,Parked Vehicle,Not Applicable,Not Applicable,North Of,,True,True,84083,LINCOLN AV,ROYCOTT WY,37.29481075,-121.8911579
5150,690346,CR-0000096440,0,0,0,0,22-140-4004,False,True,0,5/10/2022 10:45:00 AM,No Pedestrians Involved,Unknown,Unknown,Unknown,Unknown,Unknown,Unknown,Sideswipe,Intersection,Unknown,Not Applicable,Not Applicable,At,,False,True,60576,FIRST ST,SAN FERNANDO ST,37.33431142,-121.8891978
5151,698822,CR-0000100104,1,0,0,0,23-342-1050,False,False,82,12/8/2023 10:11:00 PM,Crossing In Crosswalk - Not At Intersection,Dry,No Unusual Conditions,Unknown,Violation Driver 1,Unknown,Clear,Vehicle/Pedestrian,Non-Related,Pedestrian,West,East,South Of,PED,False,False,60576,FIRST ST,SAN FERNANDO ST,37.33431142,-121.8891978
5152,697600,CR-0000099831,1,1,0,0,23-304-0287,False,False,149,10/31/2023 10:29:00 AM,No Pedestrians Involved,Dry,No Unusual Conditions,Daylight,Bike At Fault,No Controls Present/Factor,Clear,Vehicle/Bike,Non-Related,Scooter Motorized,Not Applicable,Not Applicable,West Of,Bike Vs E. Scooter,False,False,60576,FIRST ST,SAN FERNANDO ST,37.33431142,-121.8891978
5153,694539,CR-0000098533,1,0,0,0,23-196-0022,False,False,0,7/15/2023 12:26:00 AM,No Pedestrians Involved,Dry,No Unusual Conditions,Dark - Street Light,Violation Driver 1,Controls Not Functioning,Clear,Vehicle/Bike,Intersection,Bike,Not Applicable,Not Applicable,At,BIKE(E.SCOOTER,True,False,60576,FIRST ST,SAN FERNANDO ST,37.33431142,-121.8891978
5154,690935,CR-0000097102,3,0,0,0,23-043-0701,False,False,0,2/12/2023 8:56:00 PM,No Pedestrians Involved,Dry,No Unusual Conditions,Dark - Street Light,Violation Driver 1,Controls Functioning,Clear,Head On,Intersection,Other Vehicle,Not Applicable,Not Applicable,At,,True,True,60576,FIRST ST,SAN FERNANDO ST,37.33431142,-121.8891978
5155,681205,CR-0000090590,1,0,0,0,22-003-0405,False,False,51,1/3/2022 11:30:00 AM,Not In Road,Dry,No Unusual Conditions,Daylight,Violation Driver 1,Controls Functioning,Clear,Vehicle/Pedestrian,Non-Related,Pedestrian,West,East,East Of,"PEDESTRIAN (Sheriffs Pursuit Collision)
(VTA Bus Stop)",False,False,18732,BARACK OBAMA BL,SAN CARLOS ST,37.32462799,-121.9004449
5156,684750,CR-0000093437,0,0,0,0,22-185-4000,False,True,,7/4/2022 12:30:00 PM,No Pedestrians Involved,Unknown,Unknown,Daylight,Unknown,Unknown,Unknown,Other,Related,Other Vehicle,Not Applicable,Not Applicable,West Of,,False,False,18732,BARACK OBAMA BL,SAN CARLOS ST,37.32462799,-121.9004449
5157,690880,CR-0000097024,0,0,0,0,23-014-9705,False,False,0,1/13/2023 5:15:00 PM,No Pedestrians Involved,Wet,No Unusual Conditions,Dusk - Dawn,Unknown,Controls Functioning,Rain,Sideswipe,Intersection,Other Vehicle,Not Applicable,Not Applicable,At,,False,False,18732,BARACK OBAMA BL,SAN CARLOS ST,37.32462799,-121.9004449
5158,695983,CR-0000099118,0,0,0,0,23-225-4004,False,True,,8/13/2023 3:04:00 PM,No Pedestrians Involved,Unknown,Unknown,Unknown,Unknown,Unknown,Unknown,Rear End,Related,Unknown,Not Applicable,Not Applicable,South Of,,False,False,18732,BARACK OBAMA BL,SAN CARLOS ST,37.32462799,-121.9004449
5159,711689,CR-0000101429,2,0,0,0,23-355-0642,False,False,108,12/25/2023 4:43:00 PM,No Pedestrians Involved,Dry,No Unusual Conditions,Daylight,Violation Driver 1,Controls Functioning,Clear,Rear End,Non-Related,Other Vehicle,Not Applicable,Not Applicable,North Of,,True,False,18732,BARACK OBAMA BL,SAN CARLOS ST,37.32462799,-121.9004449
5160,683012,CR-0000092551,1,0,0,0,22-165-0506,False,False,0,6/14/2022 1:42:00 PM,No Pedestrians Involved,Dry,No Unusual Conditions,Daylight,Violation Driver 1,Controls Functioning,Clear,Rear End,Related,Other Vehicle,Not Applicable,Not Applicable,At,,True,True,10471,AUZERAIS AV,BARACK OBAMA BL/BIRD AV,37.32329561,-121.8992588
5161,687603,CR-0000094396,0,2,0,0,22-266-1039,False,False,0,9/23/2022 9:30:00 PM,No Pedestrians Involved,Dry,No Unusual Conditions,Daylight,Violation Driver 1,Controls Functioning,Clear,Broadside,Intersection,Motorcycle,Not Applicable,Not Applicable,At,,False,False,10471,AUZERAIS AV,BARACK OBAMA BL/BIRD AV,37.32329561,-121.8992588
5162,688837,CR-0000094692,2,0,0,0,22-292-0354,False,False,240,10/19/2022 11:30:00 AM,No Pedestrians Involved,Dry,No Unusual Conditions,Daylight,Violation Driver 1,Controls Functioning,Clear,Sideswipe,Non-Related,Other Vehicle,Not Applicable,Not Applicable,South Of,,False,False,10471,AUZERAIS AV,BARACK OBAMA BL/BIRD AV,37.32329561,-121.8992588
5163,688957,CR-0000094815,0,0,0,0,22-248-4004,False,True,0,9/5/2022 2:35:00 PM,No Pedestrians Involved,Unknown,Unknown,Daylight,Unknown,Unknown,Unknown,Broadside,Intersection,Other Vehicle,Not Applicable,Not Applicable,At,,False,False,10471,AUZERAIS AV,BARACK OBAMA BL/BIRD AV,37.32329561,-121.8992588
5164,689095,CR-0000094942,1,0,0,0,22-293-0578,False,False,0,10/20/2022 3:26:00 PM,No Pedestrians Involved,Dry,No Unusual Conditions,Daylight,Violation Driver 1,Controls Functioning,Clear,Sideswipe,Intersection,Other Vehicle,Not Applicable,Not Applicable,At,,False,False,10471,AUZERAIS AV,BARACK OBAMA BL/BIRD AV,37.32329561,-121.8992588
5165,681361,CR-0000090748,0,0,0,0,22-016-0787,False,False,22,1/16/2022 10:01:00 PM,No Pedestrians Involved,Dry,No Unusual Conditions,Dark - Street Light,Violation Driver 1,Controls Functioning,Clear,Broadside,Related,Other Vehicle,Not Applicable,Not Applicable,South Of,,False,False,10471,AUZERAIS AV,BARACK OBAMA BL/BIRD AV,37.32329561,-121.8992588
5166,682702,CR-0000092280,0,1,0,0,22-150-0722,True,False,0,5/30/2022 5:47:00 PM,No Pedestrians Involved,Dry,No Unusual Conditions,Daylight,Violation Driver 1,Controls Functioning,Clear,Hit Object,Intersection,Fixed Object,Not Applicable,Not Applicable,At,LIGHT POLE,False,False,10471,AUZERAIS AV,BARACK OBAMA BL/BIRD AV,37.32329561,-121.8992588
5167,695815,CR-0000098880,0,1,0,0,23-263-0608,False,False,0,9/20/2023 4:14:00 PM,No Pedestrians Involved,Dry,No Unusual Conditions,Daylight,Violation Driver 1,Controls Functioning,Clear,Head On,Intersection,Other Vehicle,Not Applicable,Not Applicable,At,,False,True,10471,AUZERAIS AV,BARACK OBAMA BL/BIRD AV,37.32329561,-121.8992588
5168,690789,CR-0000096928,0,0,0,0,23-009-4001,False,True,0,1/7/2023 6:00:00 PM,No Pedestrians Involved,Unknown,Unknown,Unknown,Unknown,Unknown,Unknown,Sideswipe,Intersection,Other Vehicle,Not Applicable,Not Applicable,At,,False,False,10471,AUZERAIS AV,BARACK OBAMA BL/BIRD AV,37.32329561,-121.8992588
5169,711971,CR-0000101462,0,0,0,0,23-258-4002,False,True,0,9/15/2023 10:10:00 AM,No Pedestrians Involved,Unknown,Unknown,Unknown,Unknown,Unknown,Unknown,Broadside,Intersection,Other Vehicle,Not Applicable,Not Applicable,At,,False,False,10471,AUZERAIS AV,BARACK OBAMA BL/BIRD AV,37.32329561,-121.8992588
5170,722146,CR-0000103412,0,0,0,0,24-073-0143,False,False,0,3/13/2024 7:02:00 AM,No Pedestrians Involved,Dry,No Unusual Conditions,Daylight,Violation Driver 1,Controls Functioning,Cloudy,Sideswipe,Intersection,Other Vehicle,Not Applicable,Not Applicable,At,,False,True,10471,AUZERAIS AV,BARACK OBAMA BL/BIRD AV,37.32329561,-121.8992588
5171,722514,CR-0000103829,0,0,0,0,24-131-9707,False,True,51,4/17/2024 5:11:00 PM,No Pedestrians Involved,Dry,No Unusual Conditions,Daylight,Unknown,Controls Functioning,Clear,Rear End,Non-Related,Other Vehicle,Not Applicable,Not Applicable,North Of,,False,False,10471,AUZERAIS AV,BARACK OBAMA BL/BIRD AV,37.32329561,-121.8992588
5172,690627,CR-0000096749,0,0,0,0,23-001-0173,False,False,0,1/1/2023 2:26:00 AM,No Pedestrians Involved,Wet,No Unusual Conditions,Daylight,Violation Driver 1,No Controls Present/Factor,Clear,Hit Object,Intersection,Fixed Object,Not Applicable,Not Applicable,At,,False,False,77153,JOHNSON AV,TOMPKINS DR,37.30708379,-122.0042229
5173,685310,CR-0000093991,0,0,0,0,22-248-0324,False,False,235,9/5/2022 9:55:00 AM,No Pedestrians Involved,Dry,No Unusual Conditions,Daylight,Violation Driver 1,No Controls Present/Factor,Clear,Sideswipe,Non-Related,Parked Vehicle,Not Applicable,Not Applicable,West Of,,True,True,31118,CAMPBELL AV,FALLBROOK AV/NORTHLAWN DR,37.28800945,-121.9870991
5174,699158,CR-0000100476,0,0,1,0,23-171-0965,False,False,0,6/20/2023 9:00:00 PM,Crossing In Crosswalk - At Intersection,Dry,No Unusual Conditions,Dark - Street Light,Pedestrian At Fault,Controls Functioning,Clear,Vehicle/Pedestrian,Intersection,Pedestrian,North,South,At,PED,False,False,31118,CAMPBELL AV,FALLBROOK AV/NORTHLAWN DR,37.28800945,-121.9870991
5175,722050,CR-0000103304,0,0,0,0,24-061-0849,False,False,56,3/1/2024 10:20:00 PM,No Pedestrians Involved,Wet,No Unusual Conditions,Dark - Street Light,Violation Driver 1,No Controls Present/Factor,Rain,Sideswipe,Non-Related,Parked Vehicle,Not Applicable,Not Applicable,West Of,,False,False,31118,CAMPBELL AV,FALLBROOK AV/NORTHLAWN DR,37.28800945,-121.9870991