_id,CrashFactId,Name,MinorInjuries,ModerateInjuries,SevereInjuries,FatalInjuries,TcrNumber,CityDamageFlag,ShortFormFlag,Distance,CrashDateTime,PedestrianAction,RoadwaySurface,RoadwayCondition,Lighting,PrimaryCollisionFactor,TrafficControl,Weather,CollisionType,ProximityToIntersection,VehicleInvolvedWith,PedestrianDirectionFrom,PedestrianDirectionTo,DirectionFromIntersection,Comment,SpeedingFlag,HitAndRunFlag,IntersectionNumber,AStreetName,BStreetName,Latitude,Longitude
5252,690191,CR-0000096283,0,0,0,0,22-262-4003,False,True,,9/18/2022 12:55:00 PM,No Pedestrians Involved,Unknown,Unknown,Unknown,Unknown,Unknown,Unknown,Rear End,Related,Other Vehicle,Not Applicable,Not Applicable,Unknown,,False,False,78121,JUNIPERO SERRA FR,SARATOGA AV,37.31672049,-121.9753335
5253,689795,CR-0000095821,2,1,0,0,22-193-0423,False,False,0,7/12/2022 12:41:00 PM,No Pedestrians Involved,Dry,No Unusual Conditions,Daylight,Violation Driver 1,Controls Functioning,Clear,Broadside,Intersection,Other Vehicle,Not Applicable,Not Applicable,At,,False,False,78121,JUNIPERO SERRA FR,SARATOGA AV,37.31672049,-121.9753335
5254,689873,CR-0000095900,1,0,0,0,22-267-0664,False,False,,9/24/2022 4:52:00 PM,No Pedestrians Involved,Dry,No Unusual Conditions,Dusk - Dawn,Violation Driver 1,Controls Functioning,Clear,Rear End,Related,Other Vehicle,Not Applicable,Not Applicable,North Of,,False,True,78121,JUNIPERO SERRA FR,SARATOGA AV,37.31672049,-121.9753335
5255,699241,CR-0000100563,1,1,0,0,23-170-0822,False,False,0,6/19/2023 8:11:00 PM,No Pedestrians Involved,Dry,No Unusual Conditions,Dusk - Dawn,Violation Driver 1,Controls Functioning,Clear,Head On,Intersection,Other Vehicle,Not Applicable,Not Applicable,At,,False,False,78121,JUNIPERO SERRA FR,SARATOGA AV,37.31672049,-121.9753335
5256,695993,CR-0000099128,0,0,0,0,23-245-9706,False,True,0,8/29/2023 7:40:00 AM,No Pedestrians Involved,Dry,No Unusual Conditions,Daylight,Unknown,No Controls Present/Factor,Clear,Rear End,Intersection,Other Vehicle,Not Applicable,Not Applicable,At,,False,False,78121,JUNIPERO SERRA FR,SARATOGA AV,37.31672049,-121.9753335
5257,694599,CR-0000098623,0,0,1,0,23-204-0096,False,False,33,7/23/2023 1:43:00 AM,No Pedestrians Involved,Dry,No Unusual Conditions,Dark - Street Light,Violation Driver 1,Controls Functioning,Clear,Broadside,Related,Other Vehicle,Not Applicable,Not Applicable,North Of,,True,False,78121,JUNIPERO SERRA FR,SARATOGA AV,37.31672049,-121.9753335
5258,684785,CR-0000093427,0,0,0,0,22-185-0040,False,False,380,7/4/2022 12:00:00 AM,No Pedestrians Involved,Dry,No Unusual Conditions,Dark - Street Light,Violation Driver 1,No Controls Present/Factor,Clear,Sideswipe,Non-Related,Parked Vehicle,Not Applicable,Not Applicable,North Of,,False,True,22791,BOYNTON AV,GREENLEE DR,37.31738323,-121.9660654
5259,685250,CR-0000093930,1,0,0,0,22-201-0791,False,False,161,7/20/2022 7:09:00 PM,No Pedestrians Involved,Dry,No Unusual Conditions,Daylight,Violation Driver 1,Controls Functioning,Clear,Rear End,Non-Related,Other Vehicle,Not Applicable,Not Applicable,North Of,,False,False,137763,COLEMAN AV,NEWHALL DR,37.35181615,-121.9227965
5260,688996,CR-0000094856,0,0,0,0,22-262-4004,False,True,51,9/18/2022 10:00:00 PM,No Pedestrians Involved,Unknown,Unknown,Unknown,Unknown,Unknown,Unknown,Rear End,Non-Related,Other Vehicle,Not Applicable,Not Applicable,West Of,,False,False,137763,COLEMAN AV,NEWHALL DR,37.35181615,-121.9227965
5261,681874,CR-0000091355,1,0,0,0,22-041-0462,True,False,235,2/10/2022 12:08:00 PM,No Pedestrians Involved,Dry,No Unusual Conditions,Daylight,Violation Driver 1,Controls Functioning,Clear,Head On,Non-Related,Fixed Object,Not Applicable,Not Applicable,West Of,Light Pole #10J77,True,False,137763,COLEMAN AV,NEWHALL DR,37.35181615,-121.9227965
5262,681529,CR-0000090925,0,0,0,0,22-038-0001,True,False,1064,2/7/2022 12:00:00 AM,No Pedestrians Involved,Dry,No Unusual Conditions,Dark - Street Light,Violation Driver 1,No Controls Present/Factor,Clear,Hit Object,Non-Related,Fixed Object,Not Applicable,Not Applicable,West Of,NO PARKING SIGN,False,False,137763,COLEMAN AV,NEWHALL DR,37.35181615,-121.9227965
5263,697626,CR-0000099806,2,0,0,0,23-237-9708,False,True,,8/24/2023 10:03:00 PM,No Pedestrians Involved,Dry,No Unusual Conditions,Dark - Street Light,Unknown,Unknown,Clear,Rear End,Related,Other Vehicle,Not Applicable,Not Applicable,Unknown,,False,False,137763,COLEMAN AV,NEWHALL DR,37.35181615,-121.9227965
5264,712205,CR-0000101638,0,0,0,0,23-195-9703,False,True,0,7/12/2023 9:00:00 PM,No Pedestrians Involved,Dry,No Unusual Conditions,Dark - Street Light,Unknown,Unknown,Clear,Broadside,Intersection,Other Vehicle,Not Applicable,Not Applicable,At,,False,False,137763,COLEMAN AV,NEWHALL DR,37.35181615,-121.9227965
5265,715842,CR-0000101929,0,0,0,0,23-222-9706,False,True,0,8/9/2023 6:00:00 PM,No Pedestrians Involved,Dry,No Unusual Conditions,Daylight,Unknown,Controls Functioning,Clear,Rear End,Intersection,Other Vehicle,Not Applicable,Not Applicable,At,,False,False,137763,COLEMAN AV,NEWHALL DR,37.35181615,-121.9227965
5266,699450,CR-0000100780,0,0,0,0,23-196-0112,False,False,51,7/15/2023 2:25:00 AM,No Pedestrians Involved,Dry,No Unusual Conditions,Dark - Street Light,Violation Driver 1,No Controls Present/Factor,Clear,Rear End,Non-Related,Parked Vehicle,Not Applicable,Not Applicable,West Of,,True,True,137763,COLEMAN AV,NEWHALL DR,37.35181615,-121.9227965
5267,690680,CR-0000096815,0,1,0,0,23-019-0599,False,False,0,1/19/2023 5:14:00 PM,Crossing In Crosswalk - At Intersection,Dry,No Unusual Conditions,Daylight,Violation Driver 1,No Controls Present/Factor,Clear,Vehicle/Pedestrian,Intersection,Pedestrian,East,West,At,PED,False,False,89737,MCKINLEY AV,WILLOWHAVEN DR,37.30714432,-121.9176346
5268,688775,CR-0000094619,0,0,0,0,22-291-4000,False,True,0,10/2/2022 9:15:00 AM,No Pedestrians Involved,Unknown,Unknown,Daylight,Unknown,Unknown,Unknown,Rear End,Intersection,Other Vehicle,Not Applicable,Not Applicable,At,,False,False,80904,LA BARBARA DR,SOUTHWEST EX,37.30842824,-121.9199263
5269,711692,CR-0000101061,0,0,0,0,23-283-4001,False,True,51,10/9/2023 4:10:00 PM,No Pedestrians Involved,Unknown,Unknown,Unknown,Unknown,Unknown,Unknown,Rear End,Non-Related,Parked Vehicle,Not Applicable,Not Applicable,South Of,,False,False,80904,LA BARBARA DR,SOUTHWEST EX,37.30842824,-121.9199263
5270,683045,CR-0000092670,1,0,0,0,22-141-0342,False,False,435,5/21/2022 10:59:00 AM,No Pedestrians Involved,Dry,No Unusual Conditions,Daylight,Violation Driver 1,No Controls Present/Factor,Clear,Vehicle/Bike,Non-Related,Bike,Not Applicable,Not Applicable,West Of,,True,True,2936,ALBANY DR,KIELY BL,37.32105818,-121.9755165
5271,683240,CR-0000092866,0,0,0,0,22-199-4000,False,True,51,6/3/2022 8:30:00 AM,No Pedestrians Involved,Unknown,Unknown,Daylight,Unknown,Unknown,Unknown,Rear End,Non-Related,Other Vehicle,Not Applicable,Not Applicable,South Of,,False,True,79177,KIELY BL,NORWALK DR,37.32030706,-121.9748234
5272,687437,CR-0000094216,0,0,0,0,22-272-0148,False,False,425,9/29/2022 7:07:00 AM,No Pedestrians Involved,Dry,No Unusual Conditions,Daylight,Violation Driver 1,No Controls Present/Factor,Clear,Sideswipe,Non-Related,Other Vehicle,Not Applicable,Not Applicable,South Of,,False,True,79177,KIELY BL,NORWALK DR,37.32030706,-121.9748234
5273,683538,CR-0000093136,0,0,0,0,22-206-0209,False,False,0,7/25/2022 7:15:00 AM,No Pedestrians Involved,Dry,No Unusual Conditions,Daylight,Violation Driver 1,Controls Functioning,Clear,Rear End,Intersection,Other Vehicle,Not Applicable,Not Applicable,At,,True,True,79177,KIELY BL,NORWALK DR,37.32030706,-121.9748234
5274,687614,CR-0000094407,2,0,0,0,22-269-0868,False,False,0,9/26/2022 9:20:00 PM,No Pedestrians Involved,Dry,No Unusual Conditions,Dark - Street Light,Violation Driver 1,Controls Functioning,Clear,Broadside,Intersection,Other Vehicle,Not Applicable,Not Applicable,At,,False,False,79199,KIELY BL,STEVENS CREEK BL,37.3231646,-121.9753511
5275,694384,CR-0000098328,1,0,0,0,23-167-1077,False,False,0,6/16/2023 10:50:00 PM,No Pedestrians Involved,Dry,No Unusual Conditions,Dark - Street Light,Violation Driver 1,Controls Functioning,Clear,Broadside,Intersection,Other Vehicle,Not Applicable,Not Applicable,At,,False,False,79199,KIELY BL,STEVENS CREEK BL,37.3231646,-121.9753511
5276,711918,CR-0000101036,0,0,0,0,23-263-0493,False,False,0,9/20/2023 1:58:00 PM,No Pedestrians Involved,Dry,No Unusual Conditions,Daylight,Violation Driver 1,Controls Functioning,Clear,Broadside,Intersection,Other Vehicle,Not Applicable,Not Applicable,At,,False,False,79199,KIELY BL,STEVENS CREEK BL,37.3231646,-121.9753511
5277,715924,CR-0000101918,1,0,0,0,23-356-0434,False,False,135,12/22/2023 12:52:00 PM,No Pedestrians Involved,Dry,No Unusual Conditions,Daylight,Violation Driver 1,No Controls Present/Factor,Clear,Rear End,Non-Related,Other Vehicle,Not Applicable,Not Applicable,South Of,,True,False,79199,KIELY BL,STEVENS CREEK BL,37.3231646,-121.9753511
5278,683287,CR-0000092864,0,0,0,0,22-166-4001,False,True,51,6/15/2022 6:40:00 PM,No Pedestrians Involved,Unknown,Unknown,Unknown,Unknown,Unknown,Unknown,Rear End,Non-Related,Other Vehicle,Not Applicable,Not Applicable,West Of,,False,True,79188,KIELY BL,SARATOGA AV,37.32015115,-121.9724316
5279,684844,CR-0000093508,0,0,0,0,22-200-4001,False,True,51,7/18/2022 1:30:00 PM,No Pedestrians Involved,Unknown,Unknown,Daylight,Unknown,Unknown,Unknown,Rear End,Non-Related,Other Vehicle,Not Applicable,Not Applicable,West Of,,False,True,79188,KIELY BL,SARATOGA AV,37.32015115,-121.9724316
5280,683390,CR-0000092982,0,2,0,0,22-076-0085,False,False,0,3/16/2022 9:00:00 PM,No Pedestrians Involved,Dry,No Unusual Conditions,Dark - Street Light,Violation Driver 1,Controls Functioning,Cloudy,Vehicle/Bike,Intersection,Bike,Not Applicable,Not Applicable,At,BIKE,False,True,79188,KIELY BL,SARATOGA AV,37.32015115,-121.9724316
5281,690385,CR-0000096480,0,0,0,0,22-107-9701,False,True,0,4/16/2022 7:15:00 PM,No Pedestrians Involved,Dry,No Unusual Conditions,Dusk - Dawn,Unknown,Controls Functioning,Clear,Rear End,Intersection,Other Vehicle,Not Applicable,Not Applicable,At,,False,False,79188,KIELY BL,SARATOGA AV,37.32015115,-121.9724316
5282,682268,CR-0000091804,0,0,0,0,22-104-9708,False,True,0,4/13/2022 2:52:00 PM,No Pedestrians Involved,Dry,No Unusual Conditions,Daylight,Unknown,Controls Functioning,Clear,Rear End,Intersection,Other Vehicle,Not Applicable,Not Applicable,At,,False,False,79188,KIELY BL,SARATOGA AV,37.32015115,-121.9724316
5283,698816,CR-0000100098,1,0,0,0,23-341-0806,False,False,,12/7/2023 5:57:00 PM,No Pedestrians Involved,Dry,No Unusual Conditions,Dark - Street Light,Violation Driver 1,Controls Functioning,Clear,Rear End,Related,Other Vehicle,Not Applicable,Not Applicable,South Of,,True,False,79188,KIELY BL,SARATOGA AV,37.32015115,-121.9724316
5284,699134,CR-0000100450,0,0,0,0,23-163-0165,False,False,154,6/12/2023 8:04:00 AM,No Pedestrians Involved,Dry,No Unusual Conditions,Dusk - Dawn,Violation Driver 1,Controls Functioning,Clear,Rear End,Non-Related,Other Vehicle,Not Applicable,Not Applicable,East Of,,True,True,79188,KIELY BL,SARATOGA AV,37.32015115,-121.9724316
5285,690110,CR-0000096198,0,0,0,0,22-349-0167,False,False,40,12/15/2022 8:00:00 AM,No Pedestrians Involved,Dry,No Unusual Conditions,Daylight,Violation Driver 1,Controls Functioning,Clear,Sideswipe,Related,Other Vehicle,Not Applicable,Not Applicable,West Of,,True,True,79188,KIELY BL,SARATOGA AV,37.32015115,-121.9724316
5286,694298,CR-0000098206,1,0,0,0,23-147-0230,False,False,0,5/27/2023 6:46:00 AM,No Pedestrians Involved,Dry,No Unusual Conditions,Dusk - Dawn,Violation Driver 1,Controls Functioning,Cloudy,Head On,Intersection,Other Vehicle,Not Applicable,Not Applicable,At,,False,False,79188,KIELY BL,SARATOGA AV,37.32015115,-121.9724316
5287,692437,CR-0000097721,1,0,0,0,23-083-0230,False,False,0,3/24/2023 9:10:00 AM,No Pedestrians Involved,Dry,No Unusual Conditions,Daylight,Unknown,Controls Not Functioning,Cloudy,Broadside,Intersection,Other Vehicle,Not Applicable,Not Applicable,At,,False,False,79188,KIELY BL,SARATOGA AV,37.32015115,-121.9724316
5288,711555,CR-0000101296,0,0,0,0,23-236-0169,False,False,43,8/24/2023 7:12:00 AM,No Pedestrians Involved,Dry,No Unusual Conditions,Daylight,Violation Driver 1,Controls Functioning,Clear,Rear End,Related,Other Vehicle,Not Applicable,Not Applicable,South Of,,True,True,79188,KIELY BL,SARATOGA AV,37.32015115,-121.9724316
5289,719667,CR-0000102838,0,0,0,0,24-007-4003,False,True,0,1/7/2024 2:00:00 PM,No Pedestrians Involved,Unknown,Unknown,Unknown,Unknown,Unknown,Unknown,Broadside,Intersection,Other Vehicle,Not Applicable,Not Applicable,At,,False,False,79188,KIELY BL,SARATOGA AV,37.32015115,-121.9724316
5290,719722,CR-0000102894,0,0,0,0,24-010-4007,False,True,,1/10/2024 3:15:00 PM,No Pedestrians Involved,Unknown,Unknown,Unknown,Unknown,Unknown,Unknown,Sideswipe,Related,Other Vehicle,Not Applicable,Not Applicable,South Of,,False,False,79188,KIELY BL,SARATOGA AV,37.32015115,-121.9724316
5291,682764,CR-0000092346,2,0,0,0,22-132-0354,False,False,0,5/12/2022 11:50:00 AM,No Pedestrians Involved,Dry,No Unusual Conditions,Daylight,Violation Driver 1,Controls Functioning,Clear,Broadside,Intersection,Other Vehicle,Not Applicable,Not Applicable,At,,False,False,106886,SAN TOMAS EX,STEVENS CREEK BL,37.32324858,-121.9640947
5292,681460,CR-0000090850,0,0,0,0,22-015-9707,False,True,0,1/14/2022 3:25:00 PM,No Pedestrians Involved,Dry,No Unusual Conditions,Daylight,Violation Driver 1,Controls Functioning,Clear,Sideswipe,Intersection,Other Vehicle,Not Applicable,Not Applicable,At,,False,False,106886,SAN TOMAS EX,STEVENS CREEK BL,37.32324858,-121.9640947
5293,681807,CR-0000091216,0,0,0,0,22-078-0107,True,False,0,3/19/2022 8:16:00 AM,No Pedestrians Involved,Dry,No Unusual Conditions,Dark - Street Light,Violation Driver 1,Controls Functioning,Clear,Hit Object,Intersection,Fixed Object,Not Applicable,Not Applicable,At,TRAFFIC SIGNAL,True,False,106886,SAN TOMAS EX,STEVENS CREEK BL,37.32324858,-121.9640947
5294,681783,CR-0000091183,0,2,0,0,22-056-0815,False,False,0,2/25/2022 7:23:00 PM,No Pedestrians Involved,Dry,No Unusual Conditions,Dark - Street Light,Violation Driver 1,Controls Functioning,Clear,Head On,Intersection,Other Vehicle,Not Applicable,Not Applicable,At,,False,False,106886,SAN TOMAS EX,STEVENS CREEK BL,37.32324858,-121.9640947
5295,684756,CR-0000093463,2,0,0,0,22-184-0650,False,False,45,7/3/2022 6:10:00 PM,No Pedestrians Involved,Dry,No Unusual Conditions,Daylight,Violation Driver 1,Controls Functioning,Clear,Broadside,Related,Other Vehicle,Not Applicable,Not Applicable,North Of,,False,False,106886,SAN TOMAS EX,STEVENS CREEK BL,37.32324858,-121.9640947
5296,684745,CR-0000093391,0,1,0,0,22-187-0079,False,False,0,7/6/2022 3:15:00 AM,No Pedestrians Involved,Dry,No Unusual Conditions,Dark - Street Light,Violation Driver 1,Controls Functioning,Clear,Sideswipe,Intersection,Other Vehicle,Not Applicable,Not Applicable,At,,False,True,106886,SAN TOMAS EX,STEVENS CREEK BL,37.32324858,-121.9640947
5297,683501,CR-0000093098,1,0,0,0,22-194-0327,False,False,0,7/13/2022 10:44:00 AM,No Pedestrians Involved,Dry,No Unusual Conditions,Daylight,Violation Driver 1,Controls Functioning,Clear,Broadside,Intersection,Other Vehicle,Not Applicable,Not Applicable,At,,False,False,106886,SAN TOMAS EX,STEVENS CREEK BL,37.32324858,-121.9640947
5298,685131,CR-0000093804,1,1,0,0,22-235-0799,False,False,0,8/23/2022 5:00:00 PM,No Pedestrians Involved,Dry,No Unusual Conditions,Daylight,Unknown,Controls Functioning,Clear,Head On,Intersection,Other Vehicle,Not Applicable,Not Applicable,At,,False,False,106886,SAN TOMAS EX,STEVENS CREEK BL,37.32324858,-121.9640947
5299,685098,CR-0000093769,1,1,0,0,22-225-0163,False,False,0,8/13/2022 4:15:00 AM,No Pedestrians Involved,Dry,No Unusual Conditions,Dark - Street Light,Violation Driver 1,Controls Functioning,Clear,Broadside,Intersection,Other Vehicle,Not Applicable,Not Applicable,At,,False,False,106886,SAN TOMAS EX,STEVENS CREEK BL,37.32324858,-121.9640947
5300,689152,CR-0000095040,0,0,0,0,22-320-0658,True,False,,11/16/2022 4:58:00 PM,No Pedestrians Involved,Dry,No Unusual Conditions,Dark - Street Light,Violation Driver 1,Controls Functioning,Clear,Sideswipe,Non-Related,Other Vehicle,Not Applicable,Not Applicable,East Of,CITY VEHICLE INVOLVED,True,False,106886,SAN TOMAS EX,STEVENS CREEK BL,37.32324858,-121.9640947
5301,689173,CR-0000095022,0,3,1,0,22-296-0483,False,False,0,10/23/2022 1:16:00 PM,No Pedestrians Involved,Dry,No Unusual Conditions,Daylight,Unknown,Controls Functioning,Clear,Broadside,Intersection,Other Vehicle,Not Applicable,Not Applicable,At,,False,False,106886,SAN TOMAS EX,STEVENS CREEK BL,37.32324858,-121.9640947
5302,689441,CR-0000095416,1,0,0,0,22-315-0350,False,False,0,11/11/2022 12:59:00 PM,No Pedestrians Involved,Dry,No Unusual Conditions,Daylight,Violation Driver 1,Controls Functioning,Clear,Broadside,Intersection,Other Vehicle,Not Applicable,Not Applicable,At,,False,False,106886,SAN TOMAS EX,STEVENS CREEK BL,37.32324858,-121.9640947
5303,690737,CR-0000096874,0,1,0,0,23-016-0084,True,False,0,1/16/2023 2:20:00 AM,No Pedestrians Involved,Slippery (Muddy Oily etc.),Flooded,Dark - Street Light,Violation Driver 1,Controls Functioning,Rain,Hit Object,Intersection,Fixed Object,Not Applicable,Not Applicable,At,TRAFFIC POLE,True,False,106886,SAN TOMAS EX,STEVENS CREEK BL,37.32324858,-121.9640947
5304,690774,CR-0000096912,1,0,1,0,23-005-0271,False,False,0,1/5/2023 9:49:00 AM,No Pedestrians Involved,Wet,No Unusual Conditions,Daylight,Violation Driver 1,Controls Functioning,Rain,Broadside,Intersection,Other Vehicle,Not Applicable,Not Applicable,At,,False,False,106886,SAN TOMAS EX,STEVENS CREEK BL,37.32324858,-121.9640947
5305,690606,CR-0000096727,3,0,0,0,23-026-0970,False,False,0,1/26/2023 11:37:00 PM,No Pedestrians Involved,Dry,Unknown,Dark - Street Light,Violation Driver 1,Unknown,Clear,Broadside,Intersection,Other Vehicle,Not Applicable,Not Applicable,At,,False,False,106886,SAN TOMAS EX,STEVENS CREEK BL,37.32324858,-121.9640947
5306,690128,CR-0000096211,0,0,0,0,22-340-0224,False,False,,12/6/2022 9:06:00 AM,No Pedestrians Involved,Dry,No Unusual Conditions,Daylight,Violation Driver 1,No Controls Present/Factor,Clear,Sideswipe,Related,Other Vehicle,Not Applicable,Not Applicable,South Of,,True,True,106886,SAN TOMAS EX,STEVENS CREEK BL,37.32324858,-121.9640947
5307,690005,CR-0000096027,1,1,0,0,22-221-0946,False,False,0,8/9/2022 8:52:00 PM,No Pedestrians Involved,Dry,No Unusual Conditions,Dark - Street Light,Violation Driver 1,Controls Functioning,Clear,Head On,Intersection,Other Vehicle,Not Applicable,Not Applicable,At,,False,False,106886,SAN TOMAS EX,STEVENS CREEK BL,37.32324858,-121.9640947
5308,699160,CR-0000100478,0,1,0,0,23-154-1048,False,False,0,6/3/2023 11:35:00 PM,No Pedestrians Involved,Dry,No Unusual Conditions,Dark - Street Light,Violation Driver 1,Controls Functioning,Clear,Broadside,Intersection,Other Vehicle,Not Applicable,Not Applicable,At,,True,False,106886,SAN TOMAS EX,STEVENS CREEK BL,37.32324858,-121.9640947
5309,699292,CR-0000100617,0,0,0,0,23-180-4005,False,True,0,6/29/2023 6:15:00 PM,No Pedestrians Involved,Unknown,Unknown,Unknown,Unknown,Unknown,Unknown,Rear End,Intersection,Other Vehicle,Not Applicable,Not Applicable,At,,False,False,106886,SAN TOMAS EX,STEVENS CREEK BL,37.32324858,-121.9640947
5310,716208,CR-0000102192,1,0,0,0,24-044-0242,False,False,0,2/13/2024 8:52:00 AM,No Pedestrians Involved,Dry,No Unusual Conditions,Daylight,Violation Driver 1,Controls Functioning,Clear,Sideswipe,Intersection,Motor Vehicle On Other Roadway,Not Applicable,Not Applicable,At,,False,False,106886,SAN TOMAS EX,STEVENS CREEK BL,37.32324858,-121.9640947
5311,716221,CR-0000102175,2,0,0,0,24-037-0469,False,False,0,2/6/2024 12:56:00 PM,No Pedestrians Involved,Dry,No Unusual Conditions,Daylight,Violation Driver 1,No Controls Present/Factor,Clear,Broadside,Intersection,Motor Vehicle On Other Roadway,Not Applicable,Not Applicable,East Of,,True,False,106886,SAN TOMAS EX,STEVENS CREEK BL,37.32324858,-121.9640947
5312,722044,CR-0000103298,0,0,0,0,24-060-4002,False,True,0,2/29/2024 8:20:00 AM,No Pedestrians Involved,Unknown,Unknown,Unknown,Unknown,Unknown,Unknown,Sideswipe,Intersection,Other Vehicle,Not Applicable,Not Applicable,At,,False,False,106886,SAN TOMAS EX,STEVENS CREEK BL,37.32324858,-121.9640947
5313,682685,CR-0000092261,0,1,0,0,22-151-0791,False,False,0,5/31/2022 4:51:00 PM,No Pedestrians Involved,Dry,No Unusual Conditions,Daylight,Violation Driver 1,Controls Functioning,Clear,Broadside,Intersection,Other Vehicle,Not Applicable,Not Applicable,At,,False,False,22879,BOYNTON AV,STEVENS CREEK BL,37.32322389,-121.9661259
5314,722154,CR-0000103420,0,0,0,0,24-074-9711,False,True,51,3/13/2024 4:15:00 PM,No Pedestrians Involved,Unknown,No Unusual Conditions,Daylight,Unknown,No Controls Present/Factor,Clear,Sideswipe,Non-Related,Other Vehicle,Not Applicable,Not Applicable,South Of,,False,False,22879,BOYNTON AV,STEVENS CREEK BL,37.32322389,-121.9661259
5315,689030,CR-0000094910,1,0,0,0,22-300-0250,False,False,0,10/27/2022 9:20:00 AM,Crossing In Crosswalk - At Intersection,Dry,No Unusual Conditions,Daylight,Violation Driver 1,Controls Functioning,Clear,Vehicle/Pedestrian,Intersection,Pedestrian,South,North,At,PEDESTRIAN,False,False,2970,ALBANY DR/CRONIN DR,STEVENS CREEK BL,37.32309573,-121.9873062
5316,687438,CR-0000094217,0,0,0,0,22-274-0021,False,False,0,10/1/2022 12:28:00 AM,No Pedestrians Involved,Dry,No Unusual Conditions,Dark - Street Light,Violation Driver 1,No Controls Present/Factor,Clear,Rear End,Intersection,Parked Vehicle,Not Applicable,Not Applicable,At,,False,True,121153,KIPERASH DR,KYLE ST,37.38794151,-121.845386
5317,690461,CR-0000096571,0,0,0,0,22-245-0740,False,False,,9/2/2022 5:33:00 PM,No Pedestrians Involved,Dry,No Unusual Conditions,Daylight,Violation Driver 1,No Controls Present/Factor,Clear,Sideswipe,Non-Related,Parked Vehicle,Not Applicable,Not Applicable,East Of,,False,False,116280,BRANHAM LN,RAHWAY DR,37.26944477,-121.8090608
5318,716106,CR-0000102067,1,0,0,0,24-010-0022,False,False,380,1/10/2024 1:00:00 AM,No Pedestrians Involved,Dry,No Unusual Conditions,Dark - Street Light,Violation Driver 1,No Controls Present/Factor,Clear,Sideswipe,Non-Related,Parked Vehicle,Not Applicable,Not Applicable,West Of,,False,False,116280,BRANHAM LN,RAHWAY DR,37.26944477,-121.8090608
5319,722261,CR-0000103528,0,0,0,0,24-084-4010,False,True,51,3/24/2024 3:25:00 AM,No Pedestrians Involved,Unknown,Unknown,Unknown,Unknown,Unknown,Unknown,Sideswipe,Non-Related,Parked Vehicle,Not Applicable,Not Applicable,West Of,,False,False,116280,BRANHAM LN,RAHWAY DR,37.26944477,-121.8090608
5320,687503,CR-0000094293,0,0,0,0,22-260-0075,False,False,0,9/17/2022 1:55:00 AM,No Pedestrians Involved,Dry,No Unusual Conditions,Dark - Street Light,Violation Driver 1,No Controls Present/Factor,Clear,Rear End,Intersection,Other Vehicle,Not Applicable,Not Applicable,At,,True,False,108272,SERENITY WY,VALLEY QUAIL CT,37.20579289,-121.8482104
5321,689541,CR-0000095518,0,0,0,0,22-356-0094,False,False,84,12/22/2022 4:18:00 AM,No Pedestrians Involved,Dry,No Unusual Conditions,Dark - Street Light,Violation Driver 1,No Controls Present/Factor,Clear,Head On,Non-Related,Parked Vehicle,Not Applicable,Not Applicable,North Of,,False,False,51248,DISCOVERY AV,GREY GHOST AV,37.26583933,-121.8058294
5322,682710,CR-0000092287,6,0,0,0,22-146-0938,False,False,0,5/26/2022 7:28:00 PM,No Pedestrians Involved,Dry,Unknown,Dusk - Dawn,Violation Driver 1,Unknown,Unknown,Broadside,Intersection,Other Vehicle,Not Applicable,Not Applicable,At,,False,False,64570,GARDENDALE DR,HILLSDALE AV,37.27425732,-121.8826178
5323,722311,CR-0000103605,0,0,0,0,24-149-9705,False,True,51,3/29/2024 12:00:00 AM,No Pedestrians Involved,Unknown,Unknown,Unknown,Unknown,Unknown,Unknown,Other,Non-Related,Parked Vehicle,Not Applicable,Not Applicable,South Of,,False,False,64570,GARDENDALE DR,HILLSDALE AV,37.27425732,-121.8826178
5324,682240,CR-0000091750,0,0,0,0,22-062-0788,False,False,51,3/3/2022 6:00:00 PM,No Pedestrians Involved,Dry,No Unusual Conditions,Dusk - Dawn,Violation Driver 1,No Controls Present/Factor,Clear,Broadside,Non-Related,Other Vehicle,Not Applicable,Not Applicable,North Of,,False,False,82917,LEIGH AV,POTRERO DR,37.27151059,-121.9208426
5325,683542,CR-0000093140,0,0,0,0,22-208-1075,True,False,0,7/27/2022 12:59:00 AM,No Pedestrians Involved,Dry,No Unusual Conditions,Dark - Street Light,Violation Driver 1,No Controls Present/Factor,Clear,Sideswipe,Intersection,Fixed Object,Not Applicable,Not Applicable,South Of,CURB,False,False,82917,LEIGH AV,POTRERO DR,37.27151059,-121.9208426
5326,691198,CR-0000097398,1,0,0,0,23-059-4001,False,True,0,2/27/2023 5:15:00 PM,No Pedestrians Involved,Unknown,Unknown,Unknown,Unknown,Unknown,Unknown,Broadside,Intersection,Other Vehicle,Not Applicable,Not Applicable,At,,False,False,82917,LEIGH AV,POTRERO DR,37.27151059,-121.9208426
5327,692522,CR-0000097814,0,1,0,0,23-075-0779,False,False,52,3/16/2023 6:55:00 PM,No Pedestrians Involved,Dry,No Unusual Conditions,Daylight,Violation Driver 1,No Controls Present/Factor,Clear,Hit Object,Non-Related,Fixed Object,Not Applicable,Not Applicable,West Of,TREE,False,False,86074,LUNING DR,PORTOBELO DR,37.2545127,-121.8954001