_id,CrashFactId,Name,MinorInjuries,ModerateInjuries,SevereInjuries,FatalInjuries,TcrNumber,CityDamageFlag,ShortFormFlag,Distance,CrashDateTime,PedestrianAction,RoadwaySurface,RoadwayCondition,Lighting,PrimaryCollisionFactor,TrafficControl,Weather,CollisionType,ProximityToIntersection,VehicleInvolvedWith,PedestrianDirectionFrom,PedestrianDirectionTo,DirectionFromIntersection,Comment,SpeedingFlag,HitAndRunFlag,IntersectionNumber,AStreetName,BStreetName,Latitude,Longitude
5328,683496,CR-0000093085,0,0,0,0,22-124-4000,False,False,51,7/3/2022 12:00:00 PM,No Pedestrians Involved,Unknown,Unknown,Unknown,Unknown,Unknown,Unknown,Other,Non-Related,Unknown,Not Applicable,Not Applicable,East Of,,False,True,144151,BRISAS DR,RIO ROBLES EAST,37.40646765,-121.9409922
5329,681546,CR-0000090942,0,1,0,0,22-038-0759,False,False,143,2/7/2022 6:18:00 PM,Crossing - Not In Crosswalk,Dry,No Unusual Conditions,Dark - Street Light Not Functioning,Pedestrian At Fault,No Controls Present/Factor,Clear,Vehicle/Pedestrian,Non-Related,Pedestrian,North,South,East Of,PEDESTRIAN,False,False,144151,BRISAS DR,RIO ROBLES EAST,37.40646765,-121.9409922
5330,719543,CR-0000102690,0,0,1,0,24-070-0849,False,False,78,3/10/2024 9:41:00 PM,No Pedestrians Involved,Dry,No Unusual Conditions,Dark - Street Light,Violation Driver 1,No Controls Present/Factor,Clear,Hit Object,Non-Related,Fixed Object,Not Applicable,Not Applicable,North Of,CURB,True,False,144148,AMBERLY LN,TOWERS LN,37.3102077,-121.8172729
5331,722052,CR-0000103306,0,0,0,0,24-061-4001,False,True,51,3/1/2024 7:50:00 AM,No Pedestrians Involved,Unknown,Unknown,Daylight,Unknown,Unknown,Unknown,Sideswipe,Non-Related,Other Vehicle,Not Applicable,Not Applicable,East Of,,False,False,144147,ABIGAIL LN,STALLION WY,37.30840267,-121.8173043
5332,681466,CR-0000090856,0,0,0,0,22-032-0311,False,False,0,2/1/2022 10:01:00 AM,No Pedestrians Involved,Dry,No Unusual Conditions,Daylight,Violation Driver 1,Controls Functioning,Clear,Other,Intersection,Other Vehicle,Not Applicable,Not Applicable,At,,False,False,131340,ABORN RD,AVIGNON LN,37.31716805,-121.7706381
5333,682238,CR-0000091780,0,0,0,0,22-097-1073,True,False,27,4/7/2022 11:10:00 PM,No Pedestrians Involved,Dry,No Unusual Conditions,Dark - No Street Light,Violation Driver 1,No Controls Present/Factor,Clear,Hit Object,Related,Fixed Object,Not Applicable,Not Applicable,East Of,LIGHT POLE / STOP SIGN,False,False,131340,ABORN RD,AVIGNON LN,37.31716805,-121.7706381
5334,690951,CR-0000097121,0,0,1,0,23-045-0198,False,False,0,2/14/2023 8:39:00 AM,No Pedestrians Involved,Dry,No Unusual Conditions,Daylight,Violation Driver 1,No Controls Present/Factor,Clear,Broadside,Intersection,Other Vehicle,Not Applicable,Not Applicable,At,,False,False,115499,JACKSON AV,SINCLAIR FR,37.35287166,-121.838168
5335,689317,CR-0000095281,0,0,0,1,23-037-0154,False,False,0,2/6/2023 7:00:00 AM,Crossing In Crosswalk - At Intersection,Dry,No Unusual Conditions,Dusk - Dawn,Unknown,No Controls Present/Factor,Clear,Vehicle/Pedestrian,Intersection,Pedestrian,North,South,At,PED,False,False,115499,JACKSON AV,SINCLAIR FR,37.35287166,-121.838168
5336,690600,CR-0000096721,1,0,0,0,23-020-0111,False,False,0,1/20/2023 4:56:00 AM,No Pedestrians Involved,Dry,No Unusual Conditions,Dusk - Dawn,Violation Driver 1,Unknown,Clear,Sideswipe,Intersection,Other Vehicle,Not Applicable,Not Applicable,At,,False,False,115499,JACKSON AV,SINCLAIR FR,37.35287166,-121.838168
5337,690064,CR-0000096139,0,0,0,0,22-333-0233,False,False,0,11/29/2022 8:49:00 AM,No Pedestrians Involved,Dry,No Unusual Conditions,Daylight,Violation Driver 1,No Controls Present/Factor,Clear,Broadside,Related,Other Vehicle,Not Applicable,Not Applicable,At,,False,False,115499,JACKSON AV,SINCLAIR FR,37.35287166,-121.838168
5338,694690,CR-0000098724,0,1,0,0,23-226-0335,False,False,0,8/14/2023 10:30:00 AM,No Pedestrians Involved,Dry,No Unusual Conditions,Daylight,Violation Driver 1,No Controls Present/Factor,Clear,Broadside,Intersection,Other Vehicle,Not Applicable,Not Applicable,At,,False,False,115499,JACKSON AV,SINCLAIR FR,37.35287166,-121.838168
5339,690283,CR-0000096375,0,0,0,0,22-309-0561,False,False,800,11/5/2022 4:53:00 PM,No Pedestrians Involved,Dry,No Unusual Conditions,Daylight,Violation Driver 1,No Controls Present/Factor,Clear,Hit Object,Non-Related,Fixed Object,Not Applicable,Not Applicable,North Of,power pole,True,True,137774,NEWHALL RD,NEWHALL ST,37.34792763,-121.9223119
5340,682615,CR-0000092182,0,0,0,0,22-125-4001,False,True,,5/5/2022 4:54:00 PM,No Pedestrians Involved,Unknown,Unknown,Daylight,Unknown,Unknown,Unknown,Rear End,Related,Other Vehicle,Not Applicable,Not Applicable,Unknown,,False,False,137851,KING RD,SALAMONI CT,37.37001858,-121.8715227
5341,681458,CR-0000090848,0,0,0,0,22-010-9701,False,True,51,1/6/2022 4:45:00 PM,No Pedestrians Involved,Dry,No Unusual Conditions,Daylight,Violation Driver 1,Controls Functioning,Clear,Broadside,Non-Related,Other Vehicle,Not Applicable,Not Applicable,South Of,,False,False,137851,KING RD,SALAMONI CT,37.37001858,-121.8715227
5342,694399,CR-0000098352,0,1,0,0,23-170-0089,False,False,75,6/19/2023 1:55:00 AM,No Pedestrians Involved,Dry,Reduced Roadway Width,Dark - Street Light,Violation Driver 1,Controls Functioning,Clear,Hit Object,Non-Related,Fixed Object,Not Applicable,Not Applicable,North Of,,True,False,137851,KING RD,SALAMONI CT,37.37001858,-121.8715227
5343,694250,CR-0000098157,0,2,0,0,23-134-0025,True,False,53,5/14/2023 12:18:00 AM,No Pedestrians Involved,Dry,No Unusual Conditions,Dark - Street Light,Violation Driver 1,No Controls Present/Factor,Clear,Hit Object,Non-Related,Fixed Object,Not Applicable,Not Applicable,South Of,TREE,False,False,137940,DOVE RD,HASSLER PW,37.28605017,-121.809033
5344,681889,CR-0000091371,2,0,0,0,22-035-0781,True,False,51,2/4/2022 6:23:00 PM,No Pedestrians Involved,Dry,No Unusual Conditions,Dusk - Dawn,Violation Driver 1,No Controls Present/Factor,Clear,Rear End,Non-Related,Other Vehicle,Not Applicable,Not Applicable,East Of,Emergency Vehicle,True,False,89561,MCKEE RD,SINCLAIR FR,37.36951425,-121.8438415
5345,682098,CR-0000091619,1,0,0,0,22-102-0334,False,False,160,4/12/2022 11:04:00 AM,No Pedestrians Involved,Dry,No Unusual Conditions,Daylight,Violation Driver 1,Controls Functioning,Clear,Rear End,Non-Related,Motor Vehicle On Other Roadway,Not Applicable,Not Applicable,East Of,,True,False,89561,MCKEE RD,SINCLAIR FR,37.36951425,-121.8438415
5346,682361,CR-0000091924,0,0,0,0,22-108-0927,False,True,51,4/18/2022 10:00:00 AM,No Pedestrians Involved,Unknown,Unknown,Daylight,Unknown,Unknown,Unknown,Sideswipe,Non-Related,Other Vehicle,Not Applicable,Not Applicable,North Of,,False,False,89561,MCKEE RD,SINCLAIR FR,37.36951425,-121.8438415
5347,683210,CR-0000092786,0,0,0,0,22-095-0401,False,False,0,4/5/2022 12:09:00 PM,No Pedestrians Involved,Dry,No Unusual Conditions,Daylight,Violation Driver 1,Controls Functioning,Clear,Sideswipe,Intersection,Other Vehicle,Not Applicable,Not Applicable,At,,False,False,89561,MCKEE RD,SINCLAIR FR,37.36951425,-121.8438415
5348,682832,CR-0000092414,1,0,0,0,22-145-0249,False,False,0,5/25/2022 9:08:00 AM,No Pedestrians Involved,Dry,No Unusual Conditions,Daylight,Violation Driver 1,Controls Functioning,Clear,Sideswipe,Intersection,Motor Vehicle On Other Roadway,Not Applicable,Not Applicable,At,,False,False,89561,MCKEE RD,SINCLAIR FR,37.36951425,-121.8438415
5349,719798,CR-0000102971,0,0,0,0,24-040-4004,False,True,51,1/24/2024 6:45:00 PM,No Pedestrians Involved,Unknown,Unknown,Unknown,Unknown,Unknown,Unknown,Other,Non-Related,Other Vehicle,Not Applicable,Not Applicable,East Of,,False,False,89561,MCKEE RD,SINCLAIR FR,37.36951425,-121.8438415
5350,682659,CR-0000092235,0,0,0,0,22-128-0106,True,False,0,5/8/2022 2:21:00 AM,No Pedestrians Involved,Dry,No Unusual Conditions,Dark - Street Light,Violation Driver 1,No Controls Present/Factor,Clear,Hit Object,Intersection,Fixed Object,Not Applicable,Not Applicable,At,Light Pole,False,True,95787,NIMITZ FR,STEVENS CREEK BL,37.32332803,-121.9383731
5351,683123,CR-0000092741,0,0,0,0,22-053-9704,False,True,0,2/21/2022 3:50:00 PM,No Pedestrians Involved,Dry,No Unusual Conditions,Daylight,Unknown,Controls Functioning,Clear,Broadside,Intersection,Other Vehicle,Not Applicable,Not Applicable,At,,False,False,95787,NIMITZ FR,STEVENS CREEK BL,37.32332803,-121.9383731
5352,683422,CR-0000093018,0,0,1,0,22-181-1013,False,False,0,6/30/2022 10:38:00 PM,Crossing - Not In Crosswalk,Dry,No Unusual Conditions,Dark - Street Light,Pedestrian At Fault,Controls Functioning,Cloudy,Vehicle/Pedestrian,Intersection,Pedestrian,South,North,At,,False,False,95787,NIMITZ FR,STEVENS CREEK BL,37.32332803,-121.9383731
5353,688962,CR-0000094822,0,1,0,0,22-287-0725,False,False,0,10/14/2022 5:16:00 PM,No Pedestrians Involved,Dry,No Unusual Conditions,Daylight,Violation Driver 1,Controls Functioning,Clear,Rear End,Intersection,Motorcycle,Not Applicable,Not Applicable,At,MOTORCYCLE,False,False,95787,NIMITZ FR,STEVENS CREEK BL,37.32332803,-121.9383731
5354,691132,CR-0000097328,0,0,0,0,23-034-0263,False,False,0,2/3/2023 9:33:00 AM,No Pedestrians Involved,Wet,No Unusual Conditions,Daylight,Violation Driver 1,No Controls Present/Factor,Rain,Broadside,Intersection,Other Vehicle,Not Applicable,Not Applicable,At,,False,False,95787,NIMITZ FR,STEVENS CREEK BL,37.32332803,-121.9383731
5355,689810,CR-0000095836,0,0,1,0,22-257-0509,False,False,20,9/14/2022 1:53:00 PM,No Pedestrians Involved,Dry,No Unusual Conditions,Daylight,Violation Driver 1,Controls Functioning,Clear,Broadside,Related,Other Vehicle,Not Applicable,Not Applicable,West Of,,False,False,95787,NIMITZ FR,STEVENS CREEK BL,37.32332803,-121.9383731
5356,719540,CR-0000102669,1,0,0,0,24-069-0231,False,False,0,3/9/2024 7:02:00 AM,No Pedestrians Involved,Dry,No Unusual Conditions,Daylight,Violation Driver 1,Controls Functioning,Clear,Sideswipe,Intersection,Other Vehicle,Not Applicable,Not Applicable,At,,False,False,95787,NIMITZ FR,STEVENS CREEK BL,37.32332803,-121.9383731
5357,715901,CR-0000101861,0,0,0,0,23-144-4005,False,True,0,5/21/2023 5:30:00 PM,No Pedestrians Involved,Unknown,Unknown,Unknown,Unknown,Unknown,Unknown,Sideswipe,Intersection,Other Vehicle,Not Applicable,Not Applicable,At,,False,True,95787,NIMITZ FR,STEVENS CREEK BL,37.32332803,-121.9383731
5358,681804,CR-0000091213,0,0,0,0,22-077-0569,False,False,84,3/18/2022 3:14:00 PM,No Pedestrians Involved,Dry,No Unusual Conditions,Daylight,Violation Driver 1,Controls Functioning,Clear,Sideswipe,Non-Related,Parked Vehicle,Not Applicable,Not Applicable,South Of,,True,False,105907,PASEO DE SAN ANTONIO,THIRD ST,37.33354478,-121.8857602
5359,681177,CR-0000090570,1,0,0,0,22-001-0784,False,False,98,1/1/2022 7:43:00 PM,No Pedestrians Involved,Dry,Holes Deep Rut,Dusk - Dawn,Violation Driver 1,Controls Functioning,Clear,Vehicle/Bike,Non-Related,Scooter Motorized,Not Applicable,Not Applicable,South Of,BIKE (E-SCOOTER),False,False,105907,PASEO DE SAN ANTONIO,THIRD ST,37.33354478,-121.8857602
5360,683293,CR-0000092879,0,0,0,0,22-140-0308,True,False,19,5/20/2022 9:47:00 AM,No Pedestrians Involved,Dry,No Unusual Conditions,Daylight,Violation Driver 1,Unknown,Clear,Sideswipe,Related,Parked Vehicle,Not Applicable,Not Applicable,South Of,SJFD EMERGENCY VEHICLE,False,False,105907,PASEO DE SAN ANTONIO,THIRD ST,37.33354478,-121.8857602
5361,694134,CR-0000098115,1,0,0,0,23-123-0412,False,False,112,5/3/2023 1:37:00 PM,No Pedestrians Involved,Dry,No Unusual Conditions,Daylight,Violation Driver 1,Controls Functioning,Cloudy,Vehicle/Bike,Non-Related,Scooter Motorized,Not Applicable,Not Applicable,South Of,BIKE(E.SCOOTER),False,False,105907,PASEO DE SAN ANTONIO,THIRD ST,37.33354478,-121.8857602
5362,688955,CR-0000094813,0,0,0,0,22-258-4002,False,True,51,9/10/2022 8:00:00 PM,No Pedestrians Involved,Unknown,Unknown,Unknown,Unknown,Unknown,Unknown,Sideswipe,Non-Related,Other Vehicle,Not Applicable,Not Applicable,West Of,,False,False,116665,BLOSSOM HILL RD/SILVER CREEK VALLEY RD,COYOTE RD/SOUTH VALLEY FR,37.25718479,-121.7941257
5363,722188,CR-0000103454,0,0,0,0,24-076-4004,False,True,51,3/16/2024 6:34:00 PM,No Pedestrians Involved,Unknown,Unknown,Unknown,Unknown,Unknown,Unknown,Rear End,Non-Related,Other Vehicle,Not Applicable,Not Applicable,West Of,,False,False,116665,BLOSSOM HILL RD/SILVER CREEK VALLEY RD,COYOTE RD/SOUTH VALLEY FR,37.25718479,-121.7941257
5364,690382,CR-0000096477,0,0,0,0,22-118-9800,False,False,198,4/13/2022 4:00:00 PM,No Pedestrians Involved,Dry,No Unusual Conditions,Daylight,Violation Driver 1,No Controls Present/Factor,Clear,Hit Object,Non-Related,Fixed Object,Not Applicable,Not Applicable,South Of,PG&E POLE,False,False,119503,COYOTE RANCH RD,MONTEREY RD,37.21751865,-121.7405624
5365,681553,CR-0000090949,1,0,0,0,22-040-0179,False,False,0,2/9/2022 8:01:00 AM,Crossing In Crosswalk - At Intersection,Dry,Unknown,Dusk - Dawn,Violation Driver 1,Controls Functioning,Clear,Vehicle/Pedestrian,Related,Pedestrian,South,North,At,PEDESTRIAN,False,False,120735,PRICE CLUB DW,STORY RD,37.33186601,-121.854939
5366,681771,CR-0000091171,1,0,0,0,22-043-0486,False,False,0,2/12/2022 2:21:00 PM,No Pedestrians Involved,Dry,No Unusual Conditions,Daylight,Violation Driver 1,Unknown,Clear,Broadside,Intersection,Other Vehicle,Not Applicable,Not Applicable,At,,False,False,120735,PRICE CLUB DW,STORY RD,37.33186601,-121.854939
5367,690503,CR-0000096618,0,0,0,0,22-289-9702,False,True,51,10/15/2022 7:06:00 PM,No Pedestrians Involved,Dry,No Unusual Conditions,Dark - Street Light,Unknown,No Controls Present/Factor,Clear,Rear End,Non-Related,Other Vehicle,Not Applicable,Not Applicable,West Of,,False,True,120735,PRICE CLUB DW,STORY RD,37.33186601,-121.854939
5368,695880,CR-0000098972,0,0,0,0,23-095-4012,False,True,0,4/5/2023 8:50:00 PM,No Pedestrians Involved,Unknown,Unknown,Unknown,Unknown,Unknown,Unknown,Rear End,Intersection,Other Vehicle,Not Applicable,Not Applicable,At,,False,False,120735,PRICE CLUB DW,STORY RD,37.33186601,-121.854939
5369,722336,CR-0000103630,0,0,0,0,24-091-0445,False,True,0,3/31/2024 2:00:00 PM,No Pedestrians Involved,Dry,No Unusual Conditions,Daylight,Unknown,Controls Functioning,Clear,Sideswipe,Intersection,Other Vehicle,Not Applicable,Not Applicable,At,,False,False,120735,PRICE CLUB DW,STORY RD,37.33186601,-121.854939
5370,689385,CR-0000095337,1,0,0,0,22-295-0627,False,False,0,10/22/2022 5:47:00 PM,No Pedestrians Involved,Dry,No Unusual Conditions,Daylight,Violation Driver 1,No Controls Present/Factor,Clear,Rear End,Intersection,Other Vehicle,Not Applicable,Not Applicable,At,,True,False,125036,BAYSHORE FR,TULLY RD,37.31686521,-121.8340362
5371,684766,CR-0000093402,0,0,0,0,22-189-0535,True,False,20,7/8/2022 4:00:00 PM,No Pedestrians Involved,Dry,No Unusual Conditions,Daylight,Violation Driver 1,Controls Functioning,Clear,Head On,Related,Parked Vehicle,Not Applicable,Not Applicable,West Of,STOP SIGN,False,False,3717,ALGIERS AV,MCLAUGHLIN AV,37.32763175,-121.848679
5372,685332,CR-0000094058,1,0,0,0,22-252-0451,True,False,103,9/9/2022 12:27:00 PM,No Pedestrians Involved,Dry,Unknown,Daylight,Violation Driver 1,No Controls Present/Factor,Clear,Rear End,Non-Related,Parked Vehicle,Not Applicable,Not Applicable,North Of,POLE,True,False,3717,ALGIERS AV,MCLAUGHLIN AV,37.32763175,-121.848679
5373,689772,CR-0000095795,1,1,0,0,22-161-1166,False,False,191,6/11/2022 6:36:00 PM,In Road - Includes Shoulder,Dry,No Unusual Conditions,Dark - Street Light,Violation Driver 1,Controls Functioning,Clear,Vehicle/Pedestrian,Non-Related,Pedestrian,East,West,North Of,PEDESTRIAN (2),False,True,3717,ALGIERS AV,MCLAUGHLIN AV,37.32763175,-121.848679
5374,690038,CR-0000096111,0,0,0,0,22-200-9706,False,True,51,7/17/2022 8:22:00 AM,No Pedestrians Involved,Dry,No Unusual Conditions,Daylight,Unknown,Controls Functioning,Clear,Other,Non-Related,Parked Vehicle,Not Applicable,Not Applicable,North Of,,False,True,51787,DOREL DR,PENITENCIA CREEK RD,37.39511483,-121.8280774
5375,711863,CR-0000100905,0,0,0,0,23-203-4001,False,True,51,7/22/2023 9:35:00 AM,No Pedestrians Involved,Unknown,Unknown,Unknown,Unknown,Unknown,Unknown,Other,Non-Related,Parked Vehicle,Not Applicable,Not Applicable,North Of,,False,False,51787,DOREL DR,PENITENCIA CREEK RD,37.39511483,-121.8280774
5376,685258,CR-0000093938,1,0,0,0,22-177-0667,False,False,22,6/26/2022 5:45:00 PM,Crossing In Crosswalk - At Intersection,Dry,No Unusual Conditions,Daylight,Violation Driver 1,Controls Functioning,Clear,Vehicle/Pedestrian,Related,Pedestrian,North,South,West Of,PED,False,False,71796,HELLYER AV,PALISADE DR,37.28416636,-121.8142976
5377,681888,CR-0000091370,0,1,0,0,22-035-0609,False,False,0,2/4/2022 4:02:00 PM,Crossing In Crosswalk - At Intersection,Dry,No Unusual Conditions,Daylight,Violation Driver 1,No Controls Present/Factor,Clear,Vehicle/Pedestrian,Intersection,Pedestrian,West,East,At,ped,False,True,71796,HELLYER AV,PALISADE DR,37.28416636,-121.8142976
5378,690527,CR-0000096643,1,0,0,0,23-028-0549,False,False,0,1/28/2023 3:59:00 PM,Crossing In Crosswalk - At Intersection,Dry,No Unusual Conditions,Daylight,Violation Driver 1,No Controls Present/Factor,Clear,Vehicle/Pedestrian,Intersection,Pedestrian,West,East,At,PED,False,False,71796,HELLYER AV,PALISADE DR,37.28416636,-121.8142976
5379,699274,CR-0000100597,0,0,0,0,23-182-9701,False,True,51,6/30/2023 6:07:00 PM,No Pedestrians Involved,Unknown,No Unusual Conditions,Daylight,Unknown,No Controls Present/Factor,Clear,Sideswipe,Non-Related,Parked Vehicle,Not Applicable,Not Applicable,West Of,,False,False,71796,HELLYER AV,PALISADE DR,37.28416636,-121.8142976
5380,697591,CR-0000099827,2,0,0,0,23-299-0088,False,False,150,10/26/2023 5:14:00 AM,No Pedestrians Involved,Dry,No Unusual Conditions,Dark - Street Light,Violation Driver 1,No Controls Present/Factor,Clear,Head On,Non-Related,Other Vehicle,Not Applicable,Not Applicable,South Of,,False,False,71796,HELLYER AV,PALISADE DR,37.28416636,-121.8142976
5381,719718,CR-0000102890,0,0,0,0,24-010-0133,False,False,108,1/10/2024 7:09:00 AM,No Pedestrians Involved,Dry,No Unusual Conditions,Daylight,Violation Driver 1,Controls Functioning,Clear,Head On,Non-Related,Parked Vehicle,Not Applicable,Not Applicable,West Of,,False,True,71796,HELLYER AV,PALISADE DR,37.28416636,-121.8142976
5382,722333,CR-0000103627,0,0,0,0,24-089-0758,False,False,0,3/29/2024 8:01:00 PM,No Pedestrians Involved,Wet,No Unusual Conditions,Dark - Street Light,Violation Driver 1,No Controls Present/Factor,Rain,Vehicle/Bike,Intersection,Bike,Not Applicable,Not Applicable,At,BIKE,False,True,71796,HELLYER AV,PALISADE DR,37.28416636,-121.8142976
5383,683308,CR-0000092894,0,0,0,0,22-137-9701,False,True,0,5/14/2022 4:00:00 AM,No Pedestrians Involved,Dry,No Unusual Conditions,Dark - Street Light,Unknown,Unknown,Clear,Sideswipe,Intersection,Other Vehicle,Not Applicable,Not Applicable,At,,False,False,44318,COTTLE RD,SANTA TERESA BL,37.23698953,-121.8038402
5384,682786,CR-0000092365,0,0,0,0,22-132-4005,False,True,51,5/12/2022 9:55:00 AM,No Pedestrians Involved,Unknown,No Unusual Conditions,Unknown,Unknown,Unknown,Unknown,Sideswipe,Non-Related,Other Vehicle,Not Applicable,Not Applicable,Unknown,,False,False,44318,COTTLE RD,SANTA TERESA BL,37.23698953,-121.8038402
5385,683255,CR-0000092857,3,0,0,0,22-204-0111,False,False,0,7/23/2022 2:28:00 AM,No Pedestrians Involved,Dry,No Unusual Conditions,Dark - Street Light,Violation Driver 1,Controls Functioning,Clear,Sideswipe,Intersection,Other Vehicle,Not Applicable,Not Applicable,At,,False,False,44318,COTTLE RD,SANTA TERESA BL,37.23698953,-121.8038402
5386,687566,CR-0000094350,2,1,0,0,22-241-0246,False,False,0,8/29/2022 8:37:00 AM,No Pedestrians Involved,Dry,No Unusual Conditions,Daylight,Violation Driver 1,Controls Functioning,Clear,Head On,Intersection,Other Vehicle,Not Applicable,Not Applicable,At,,False,False,44318,COTTLE RD,SANTA TERESA BL,37.23698953,-121.8038402
5387,698775,CR-0000100056,1,0,0,0,23-357-0223,False,False,0,12/23/2023 8:39:00 AM,No Pedestrians Involved,Dry,No Unusual Conditions,Daylight,Violation Driver 1,Controls Functioning,Clear,Broadside,Intersection,Other Vehicle,Not Applicable,Not Applicable,At,,False,False,44318,COTTLE RD,SANTA TERESA BL,37.23698953,-121.8038402
5388,694692,CR-0000098726,1,2,0,0,23-217-0828,False,False,0,8/5/2023 9:53:00 PM,No Pedestrians Involved,Dry,No Unusual Conditions,Dark - Street Light,Violation Driver 1,Unknown,Clear,Broadside,Intersection,Other Vehicle,Not Applicable,Not Applicable,At,,False,False,44318,COTTLE RD,SANTA TERESA BL,37.23698953,-121.8038402
5389,691102,CR-0000097284,1,0,0,0,23-057-0572,True,False,0,2/26/2023 4:21:00 PM,No Pedestrians Involved,Wet,No Unusual Conditions,Daylight,Violation Driver 1,Controls Functioning,Rain,Hit Object,Intersection,Fixed Object,Not Applicable,Not Applicable,At,Signal Pole,True,False,44318,COTTLE RD,SANTA TERESA BL,37.23698953,-121.8038402
5390,716152,CR-0000102156,1,0,0,0,24-028-0120,True,False,98,1/28/2024 2:19:00 AM,No Pedestrians Involved,Dry,No Unusual Conditions,Dark - Street Light,Violation Driver 1,Controls Functioning,Clear,Hit Object,Non-Related,Fixed Object,Not Applicable,Not Applicable,North Of,SIGNAL,False,True,44318,COTTLE RD,SANTA TERESA BL,37.23698953,-121.8038402
5391,717404,CR-0000102414,0,0,0,0,23-365-4000,False,True,,12/31/2023 3:22:00 PM,No Pedestrians Involved,Unknown,Unknown,Unknown,Unknown,Unknown,Unknown,Rear End,Related,Other Vehicle,Not Applicable,Not Applicable,Unknown,,False,False,44318,COTTLE RD,SANTA TERESA BL,37.23698953,-121.8038402
5392,698706,CR-0000099955,1,0,0,0,23-147-0039,False,False,265,5/27/2023 12:51:00 AM,No Pedestrians Involved,Dry,No Unusual Conditions,Dark - Street Light,Violation Driver 1,No Controls Present/Factor,Clear,Hit Object,Non-Related,Other Object,Not Applicable,Not Applicable,South Of,Rock,False,False,70542,HARRIS AV,LEIGH AV,37.27835307,-121.9235005
5393,689104,CR-0000094959,2,1,0,0,22-301-0195,False,False,0,10/28/2022 8:37:00 AM,No Pedestrians Involved,Dry,No Unusual Conditions,Daylight,Violation Driver 1,No Controls Present/Factor,Clear,Rear End,Intersection,Other Vehicle,Not Applicable,Not Applicable,At,,False,False,69717,HAMILTON AV,LATIMER AV,37.29375094,-121.9794246
5394,689437,CR-0000095412,1,0,0,0,22-305-0617,False,False,0,11/1/2022 3:41:00 PM,No Pedestrians Involved,Dry,No Unusual Conditions,Daylight,Violation Driver 1,No Controls Present/Factor,Clear,Broadside,Intersection,Other Vehicle,Not Applicable,Not Applicable,At,,False,True,69717,HAMILTON AV,LATIMER AV,37.29375094,-121.9794246
5395,694371,CR-0000098315,0,5,0,0,23-165-0048,False,False,0,6/14/2023 1:02:00 AM,No Pedestrians Involved,Dry,No Unusual Conditions,Unknown,Violation Driver 1,Controls Functioning,Clear,Broadside,Intersection,Other Vehicle,Not Applicable,Not Applicable,At,,False,False,69717,HAMILTON AV,LATIMER AV,37.29375094,-121.9794246
5396,716195,CR-0000102087,0,0,1,0,24-013-0069,False,False,42,1/13/2024 12:33:00 AM,Crossing - Not In Crosswalk,Dry,No Unusual Conditions,Dark - Street Light,Violation Driver 1,No Controls Present/Factor,Clear,Vehicle/Pedestrian,Related,Pedestrian,West,East,South Of,PEDESTRIAN,False,False,64316,GALEN DR,MINDY WY,37.22926407,-121.8266947
5397,682660,CR-0000092236,1,0,0,0,22-128-0304,False,False,0,5/8/2022 10:34:00 AM,No Pedestrians Involved,Dry,No Unusual Conditions,Daylight,Violation Driver 1,No Controls Present/Factor,Clear,Sideswipe,Intersection,Other Vehicle,Not Applicable,Not Applicable,At,,False,True,55065,EL CAJON DR,SEVEN TREES BL,37.28350249,-121.832867
5398,697627,CR-0000099809,0,0,0,0,23-218-9701,False,True,51,8/6/2023 11:17:00 AM,No Pedestrians Involved,Dry,No Unusual Conditions,Daylight,Unknown,Controls Functioning,Clear,Rear End,Non-Related,Other Vehicle,Not Applicable,Not Applicable,North Of,,False,False,55065,EL CAJON DR,SEVEN TREES BL,37.28350249,-121.832867
5399,712062,CR-0000101189,0,0,0,0,23-332-1084,False,False,45,11/17/2023 8:52:00 PM,No Pedestrians Involved,Wet,No Unusual Conditions,Dark - Street Light,Violation Driver 1,Controls Functioning,Rain,Broadside,Related,Other Vehicle,Not Applicable,Not Applicable,North Of,,False,False,55065,EL CAJON DR,SEVEN TREES BL,37.28350249,-121.832867
5400,682565,CR-0000092132,0,0,0,0,22-150-0700,False,False,63,5/30/2022 6:52:00 PM,No Pedestrians Involved,Dry,No Unusual Conditions,Daylight,Violation Driver 1,Controls Functioning,Clear,Rear End,Non-Related,Other Vehicle,Not Applicable,Not Applicable,East Of,,True,True,71830,HELLYER AV/SEBASIAN WY,SENTER RD,37.28444696,-121.8249466
5401,684678,CR-0000093306,1,0,0,0,22-175-9711,False,True,0,6/16/2022 1:00:00 PM,No Pedestrians Involved,Dry,No Unusual Conditions,Daylight,Unknown,Controls Functioning,Clear,Vehicle/Bike,Intersection,Bike,Not Applicable,Not Applicable,At,"BIKE
Injuries: Head injury traumatic brain injury, neck pain, arm leg pain, road rash on back stiffness

TCR#22-175-9711 Narrative: I, Angel Perez Jr was traveling on Sebasian Way which turns into Hellyer Ave. I was riding my bike in the crosswalk passing over the intersection of Senter Rd. When VTA bus hit me in front of the bus. My Bike went under the bus and I was thrown into the middle of the intersection. U don't remember much other that I lost vision. I got up drivers passing by stopped. I left and continued walking and went to Kaiser ER with my mom Angela Perez.",False,False,71830,HELLYER AV/SEBASIAN WY,SENTER RD,37.28444696,-121.8249466