_id,CrashFactId,Name,MinorInjuries,ModerateInjuries,SevereInjuries,FatalInjuries,TcrNumber,CityDamageFlag,ShortFormFlag,Distance,CrashDateTime,PedestrianAction,RoadwaySurface,RoadwayCondition,Lighting,PrimaryCollisionFactor,TrafficControl,Weather,CollisionType,ProximityToIntersection,VehicleInvolvedWith,PedestrianDirectionFrom,PedestrianDirectionTo,DirectionFromIntersection,Comment,SpeedingFlag,HitAndRunFlag,IntersectionNumber,AStreetName,BStreetName,Latitude,Longitude
5402,685403,CR-0000094138,1,0,0,0,22-260-0314,False,False,85,9/17/2022 11:55:00 AM,No Pedestrians Involved,Dry,No Unusual Conditions,Daylight,Violation Driver 1,Controls Functioning,Clear,Hit Object,Non-Related,Fixed Object,Not Applicable,Not Applicable,South Of,"CURB, HOUSE AND WALL",False,False,71830,HELLYER AV/SEBASIAN WY,SENTER RD,37.28444696,-121.8249466
5403,698645,CR-0000099870,0,1,0,0,23-236-0424,False,False,18,8/24/2023 1:45:00 PM,No Pedestrians Involved,Dry,No Unusual Conditions,Daylight,Violation Driver 1,Controls Functioning,Clear,Rear End,Related,Other Vehicle,Not Applicable,Not Applicable,North Of,,True,False,71830,HELLYER AV/SEBASIAN WY,SENTER RD,37.28444696,-121.8249466
5404,699406,CR-0000100738,0,0,0,0,23-141-0346,False,False,233,5/21/2023 10:47:00 AM,No Pedestrians Involved,Dry,No Unusual Conditions,Daylight,Violation Driver 1,No Controls Present/Factor,Clear,Rear End,Non-Related,Other Vehicle,Not Applicable,Not Applicable,North Of,,False,True,71830,HELLYER AV/SEBASIAN WY,SENTER RD,37.28444696,-121.8249466
5405,696122,CR-0000099264,1,0,0,0,23-224-0516,False,False,191,8/12/2023 3:35:00 PM,No Pedestrians Involved,Dry,No Unusual Conditions,Daylight,Violation Driver 1,Controls Functioning,Clear,Rear End,Non-Related,Other Vehicle,Not Applicable,Not Applicable,North Of,,True,False,71830,HELLYER AV/SEBASIAN WY,SENTER RD,37.28444696,-121.8249466
5406,690932,CR-0000097095,0,0,0,0,23-047-4001,False,True,,2/10/2023 5:10:00 PM,No Pedestrians Involved,Unknown,Unknown,Unknown,Unknown,Unknown,Unknown,Sideswipe,Related,Other Vehicle,Not Applicable,Not Applicable,South Of,,False,False,71830,HELLYER AV/SEBASIAN WY,SENTER RD,37.28444696,-121.8249466
5407,690754,CR-0000096891,1,0,0,0,23-010-0586,False,False,0,1/10/2023 12:48:00 PM,No Pedestrians Involved,Wet,No Unusual Conditions,Daylight,Violation Driver 1,Unknown,Rain,Broadside,Intersection,Other Vehicle,Not Applicable,Not Applicable,At,,False,False,71830,HELLYER AV/SEBASIAN WY,SENTER RD,37.28444696,-121.8249466
5408,689765,CR-0000095786,2,0,0,0,22-157-0777,False,False,0,6/6/2022 5:30:00 PM,No Pedestrians Involved,Dry,No Unusual Conditions,Daylight,Violation Driver 1,No Controls Present/Factor,Clear,Rear End,Intersection,Other Vehicle,Not Applicable,Not Applicable,At,,True,True,71830,HELLYER AV/SEBASIAN WY,SENTER RD,37.28444696,-121.8249466
5409,711837,CR-0000101382,0,0,0,0,23-313-0860,False,False,51,11/9/2023 10:55:00 PM,No Pedestrians Involved,Dry,No Unusual Conditions,Dark - No Street Light,Violation Driver 1,Controls Functioning,Clear,Broadside,Non-Related,Other Vehicle,Not Applicable,Not Applicable,North Of,,False,False,71830,HELLYER AV/SEBASIAN WY,SENTER RD,37.28444696,-121.8249466
5410,717443,CR-0000102467,1,0,0,0,24-082-0973,False,False,32,3/22/2024 10:24:00 PM,No Pedestrians Involved,Wet,No Unusual Conditions,Daylight,Violation Driver 1,Controls Functioning,Rain,Sideswipe,Related,Other Vehicle,Not Applicable,Not Applicable,South Of,,False,False,71830,HELLYER AV/SEBASIAN WY,SENTER RD,37.28444696,-121.8249466
5411,722225,CR-0000103491,0,0,0,0,24-082-0892,False,False,0,3/22/2024 8:36:00 PM,No Pedestrians Involved,Wet,No Unusual Conditions,Dark - Street Light,Violation Driver 1,Controls Functioning,Rain,Broadside,Intersection,Other Vehicle,Not Applicable,Not Applicable,At,,False,True,71830,HELLYER AV/SEBASIAN WY,SENTER RD,37.28444696,-121.8249466
5412,691336,CR-0000097583,0,0,1,0,23-075-0314,False,False,0,3/16/2023 8:00:00 AM,Crossing In Crosswalk - At Intersection,Dry,No Unusual Conditions,Daylight,Violation Driver 1,No Controls Present/Factor,Clear,Vehicle/Pedestrian,Intersection,Pedestrian,South,North,At,PED,False,True,40479,CLIFTON AV,GENEVIEVE LN,37.30699041,-121.9423967
5413,722186,CR-0000103452,0,0,0,0,24-076-4003,False,True,51,3/16/2024 5:45:00 PM,No Pedestrians Involved,Unknown,Unknown,Unknown,Unknown,Unknown,Unknown,Other,Non-Related,Parked Vehicle,Not Applicable,Not Applicable,West Of,,False,False,68430,GREENBRIAR AV,WALGROVE WY,37.30647149,-121.9464152
5414,690620,CR-0000096741,1,0,0,0,23-023-0281,False,False,0,1/23/2023 9:00:00 AM,No Pedestrians Involved,Dry,No Unusual Conditions,Daylight,Violation Driver 1,Unknown,Clear,Broadside,Intersection,Other Vehicle,Not Applicable,Not Applicable,At,,False,False,68441,GREENBRIAR AV,WESTFIELD AV,37.30516785,-121.9462575
5415,685056,CR-0000093713,0,1,0,0,22-240-0693,False,False,75,8/28/2022 5:21:00 PM,No Pedestrians Involved,Dry,No Unusual Conditions,Daylight,Violation Driver 1,Unknown,Clear,Vehicle/Bike,Non-Related,Bike,Not Applicable,Not Applicable,North Of,BIKE,False,False,62413,FORESTBROOK WY,SENTER RD,37.28383934,-121.8244179
5416,689102,CR-0000094962,1,0,0,0,22-300-0596,False,False,0,10/27/2022 3:41:00 PM,No Pedestrians Involved,Dry,No Unusual Conditions,Daylight,Violation Driver 1,No Controls Present/Factor,Clear,Rear End,Intersection,Other Vehicle,Not Applicable,Not Applicable,At,,False,False,62413,FORESTBROOK WY,SENTER RD,37.28383934,-121.8244179
5417,682378,CR-0000091941,1,0,0,0,22-105-0258,False,False,55,4/15/2022 10:25:00 AM,No Pedestrians Involved,Dry,No Unusual Conditions,Daylight,Violation Driver 1,No Controls Present/Factor,Clear,Sideswipe,Non-Related,Other Vehicle,Not Applicable,Not Applicable,North Of,,True,False,62413,FORESTBROOK WY,SENTER RD,37.28383934,-121.8244179
5418,694354,CR-0000098298,0,1,0,0,23-163-0535,False,False,54,6/12/2023 2:22:00 PM,No Pedestrians Involved,Dry,No Unusual Conditions,Daylight,Violation Driver 1,Controls Functioning,Clear,Sideswipe,Non-Related,Other Vehicle,Not Applicable,Not Applicable,North Of,,True,False,62413,FORESTBROOK WY,SENTER RD,37.28383934,-121.8244179
5419,682580,CR-0000092147,2,0,0,0,22-138-0159,False,False,175,5/18/2022 7:28:00 AM,No Pedestrians Involved,Dry,No Unusual Conditions,Daylight,Violation Driver 1,Controls Functioning,Clear,Rear End,Non-Related,Other Vehicle,Not Applicable,Not Applicable,North Of,,True,False,121065,PARK JOHNSON PL,SENTER RD,37.28565868,-121.8259979
5420,691236,CR-0000097461,0,0,0,0,23-045-9702,False,True,0,2/14/2023 7:12:00 PM,No Pedestrians Involved,Dry,No Unusual Conditions,Dark - No Street Light,Unknown,Controls Functioning,Other,Sideswipe,Intersection,Other Vehicle,Not Applicable,Not Applicable,At,,False,False,121065,PARK JOHNSON PL,SENTER RD,37.28565868,-121.8259979
5421,691147,CR-0000097346,0,0,0,0,22-344-0166,False,False,218,12/10/2022 4:19:00 AM,No Pedestrians Involved,Wet,No Unusual Conditions,Dark - Street Light,Violation Driver 1,Controls Functioning,Rain,Head On,Non-Related,Parked Vehicle,Not Applicable,Not Applicable,South Of,,True,False,121065,PARK JOHNSON PL,SENTER RD,37.28565868,-121.8259979
5422,681518,CR-0000090914,0,0,0,0,22-030-0234,False,False,45,1/30/2022 6:37:00 AM,No Pedestrians Involved,Unknown,Unknown,Daylight,Violation Driver 1,Unknown,Unknown,Broadside,Related,Parked Vehicle,Not Applicable,Not Applicable,South Of,,False,True,99153,PARKWEST DR,VALLEJO DR,37.29366847,-121.984694
5423,684770,CR-0000093378,0,1,0,0,22-228-0972,False,False,0,8/16/2022 8:27:00 PM,Crossing In Crosswalk - At Intersection,Dry,No Unusual Conditions,Daylight,Violation Driver 1,Controls Functioning,Clear,Vehicle/Pedestrian,Intersection,Pedestrian,East,West,At,PED,False,True,69783,HAMILTON AV,PARKWEST DR,37.29298844,-121.9839767
5424,681328,CR-0000090715,0,0,0,0,22-013-0025,False,False,35,1/13/2022 12:43:00 AM,No Pedestrians Involved,Dry,No Unusual Conditions,Dark - Street Light,Violation Driver 1,Controls Functioning,Clear,Sideswipe,Related,Parked Vehicle,Not Applicable,Not Applicable,South Of,,False,False,10010,ATHERTON AV,HAMILTON AV,37.29242737,-121.9846383
5425,699470,CR-0000100766,0,0,0,0,23-189-0043,False,False,419,7/8/2023 12:05:00 AM,No Pedestrians Involved,Dry,No Unusual Conditions,Dark - Street Light,Violation Driver 1,No Controls Present/Factor,Clear,Broadside,Non-Related,Parked Vehicle,Not Applicable,Not Applicable,North Of,,True,True,10010,ATHERTON AV,HAMILTON AV,37.29242737,-121.9846383
5426,683251,CR-0000092865,0,0,0,0,22-167-4004,False,True,51,6/13/2022 11:00:00 PM,No Pedestrians Involved,Unknown,Unknown,Unknown,Unknown,Unknown,Unknown,Sideswipe,Non-Related,Other Vehicle,Not Applicable,Not Applicable,West Of,,False,True,15223,BAYWOOD AV,HUFF AV,37.313784,-121.9456451
5427,719734,CR-0000102906,0,0,0,0,24-018-0587,False,False,105,1/18/2024 7:04:00 PM,No Pedestrians Involved,Dry,No Unusual Conditions,Daylight,Violation Driver 1,No Controls Present/Factor,Clear,Rear End,Non-Related,Parked Vehicle,Not Applicable,Not Applicable,North Of,,False,False,92311,MONROE ST,NEAL AV,37.31209584,-121.9435043
5428,689592,CR-0000095569,0,0,0,0,22-319-0743,False,False,0,11/15/2022 6:05:00 PM,No Pedestrians Involved,Dry,No Unusual Conditions,Dark - Street Light,Violation Driver 1,Controls Functioning,Clear,Broadside,Intersection,Other Vehicle,Not Applicable,Not Applicable,At,,False,False,54108,EDEN AV,WILLIAMS RD,37.30882811,-121.9545675
5429,694405,CR-0000098359,0,1,0,0,23-171-0240,False,False,0,6/20/2023 8:24:00 AM,No Pedestrians Involved,Dry,No Unusual Conditions,Daylight,Violation Driver 1,No Controls Present/Factor,Clear,Vehicle/Bike,Intersection,Bike,Not Applicable,Not Applicable,At,BIKE,False,False,54108,EDEN AV,WILLIAMS RD,37.30882811,-121.9545675
5430,698728,CR-0000099977,1,0,0,0,23-253-0548,False,False,0,9/10/2023 2:51:00 PM,No Pedestrians Involved,Dry,No Unusual Conditions,Daylight,Violation Driver 1,Controls Functioning,Clear,Head On,Intersection,Other Vehicle,Not Applicable,Not Applicable,At,,False,False,54108,EDEN AV,WILLIAMS RD,37.30882811,-121.9545675
5431,722029,CR-0000103283,0,0,0,0,24-094-9702,False,True,0,2/27/2024 10:30:00 AM,No Pedestrians Involved,Dry,No Unusual Conditions,Daylight,Unknown,Controls Functioning,Clear,Broadside,Intersection,Other Vehicle,Not Applicable,Not Applicable,At,,False,False,54108,EDEN AV,WILLIAMS RD,37.30882811,-121.9545675
5432,712017,CR-0000100830,0,0,0,0,23-208-9711,False,True,51,7/26/2023 1:10:00 PM,No Pedestrians Involved,Dry,No Unusual Conditions,Daylight,Unknown,Controls Functioning,Clear,Broadside,Non-Related,Other Vehicle,Not Applicable,Not Applicable,West Of,,False,False,14013,BASCOM AV,PAMLAR AV,37.29931033,-121.9316891
5433,688749,CR-0000094575,0,0,0,0,22-235-4001,False,True,51,8/21/2022 7:00:00 PM,No Pedestrians Involved,Unknown,Unknown,Unknown,Unknown,Unknown,Unknown,Sideswipe,Non-Related,Unknown,Not Applicable,Not Applicable,East Of,,False,True,53965,EDEN AV,LOMA VERDE DR,37.29879495,-121.9544606
5434,683318,CR-0000092904,0,0,0,0,22-138-0188,False,False,425,5/18/2022 8:10:00 AM,No Pedestrians Involved,Dry,No Unusual Conditions,Dark - Street Light,Violation Driver 1,No Controls Present/Factor,Other,Sideswipe,Non-Related,Parked Vehicle,Not Applicable,Not Applicable,East Of,,False,True,53965,EDEN AV,LOMA VERDE DR,37.29879495,-121.9544606
5435,695989,CR-0000099124,0,0,0,0,23-216-0369,False,False,210,8/4/2023 12:20:00 PM,No Pedestrians Involved,Dry,No Unusual Conditions,Daylight,Violation Driver 1,No Controls Present/Factor,Clear,Sideswipe,Non-Related,Other Vehicle,Not Applicable,Not Applicable,East Of,,False,True,53965,EDEN AV,LOMA VERDE DR,37.29879495,-121.9544606
5436,722326,CR-0000103620,0,0,0,0,24-091-0261,False,False,394,3/31/2024 9:30:00 AM,No Pedestrians Involved,Dry,No Unusual Conditions,Daylight,Violation Driver 1,No Controls Present/Factor,Clear,Sideswipe,Non-Related,Parked Vehicle,Not Applicable,Not Applicable,East Of,,False,True,53965,EDEN AV,LOMA VERDE DR,37.29879495,-121.9544606
5437,722351,CR-0000103645,0,1,0,0,24-094-0614,False,False,1350,4/3/2024 4:05:00 PM,No Pedestrians Involved,Dry,No Unusual Conditions,Daylight,Violation Driver 1,No Controls Present/Factor,Clear,Rear End,Non-Related,Other Vehicle,Not Applicable,Not Applicable,North Of,,False,False,56539,EMADO AV,MONTEREY RD,37.21155794,-121.7341285
5438,685306,CR-0000093987,0,0,0,0,22-247-0348,False,False,0,9/4/2022 12:00:00 PM,No Pedestrians Involved,Dry,No Unusual Conditions,Daylight,Violation Driver 1,Controls Functioning,Clear,Sideswipe,Intersection,Parked Vehicle,Not Applicable,Not Applicable,At,SJFD VEHICLE INVOLVED,True,False,38015,CHERRY GROVE DR,MERIDIAN AV,37.2926588,-121.9135244
5439,682532,CR-0000092099,0,0,0,0,22-094-4006,False,True,,4/4/2022 8:30:00 AM,No Pedestrians Involved,Unknown,Unknown,Daylight,Unknown,Unknown,Unknown,Sideswipe,Related,Parked Vehicle,Not Applicable,Not Applicable,Unknown,,False,False,143911,BIRCH ST,WILLOWHURST AV,37.29345719,-121.9158182
5440,682869,CR-0000092446,0,0,0,0,22-157-1087,False,False,346,6/6/2022 11:40:00 PM,No Pedestrians Involved,Dry,No Unusual Conditions,Dark - Street Light,Violation Driver 1,No Controls Present/Factor,Clear,Sideswipe,Non-Related,Parked Vehicle,Not Applicable,Not Applicable,West Of,,False,False,121241,BIRCH ST,HAMILTON AV,37.29441658,-121.9158237
5441,690657,CR-0000096779,2,0,0,0,23-009-0343,False,False,265,1/9/2023 11:26:00 AM,No Pedestrians Involved,Wet,No Unusual Conditions,Daylight,Violation Driver 1,Unknown,Cloudy,Rear End,Non-Related,Other Vehicle,Not Applicable,Not Applicable,East Of,,False,False,121252,HAMILTON AV,HURST AV,37.29440057,-121.9180737
5442,690838,CR-0000096977,0,0,0,0,23-009-0654,False,False,285,1/9/2023 12:00:00 PM,No Pedestrians Involved,Wet,No Unusual Conditions,Daylight,Violation Driver 1,Controls Functioning,Cloudy,Sideswipe,Non-Related,Parked Vehicle,Not Applicable,Not Applicable,West Of,,False,True,121252,HAMILTON AV,HURST AV,37.29440057,-121.9180737
5443,711967,CR-0000101466,0,0,0,0,23-257-4004,False,True,51,9/14/2023 6:10:00 PM,No Pedestrians Involved,Unknown,Unknown,Unknown,Unknown,Unknown,Unknown,Rear End,Non-Related,Other Vehicle,Not Applicable,Not Applicable,East Of,,False,False,121252,HAMILTON AV,HURST AV,37.29440057,-121.9180737
5444,683409,CR-0000093002,0,0,0,0,22-148-9706,False,True,51,5/27/2022 5:20:00 PM,No Pedestrians Involved,Dry,No Unusual Conditions,Daylight,Unknown,Controls Functioning,Clear,Vehicle/Bike,Non-Related,Scooter Motorized,Not Applicable,Not Applicable,East Of,BIKE (ELECTRIC UNICYCLE),False,False,69750,HAMILTON AV,MERIDIAN AV,37.29444127,-121.9135364
5445,681838,CR-0000091247,1,1,0,0,22-090-0956,False,False,93,3/31/2022 9:10:00 PM,No Pedestrians Involved,Dry,No Unusual Conditions,Dark - Street Light,Violation Driver 1,Controls Functioning,Clear,Broadside,Non-Related,Other Vehicle,Not Applicable,Not Applicable,West Of,,True,False,69750,HAMILTON AV,MERIDIAN AV,37.29444127,-121.9135364
5446,689271,CR-0000095241,0,0,0,0,22-302-0436,False,False,192,10/29/2022 1:10:00 PM,No Pedestrians Involved,Dry,No Unusual Conditions,Daylight,Violation Driver 1,Controls Functioning,Clear,Broadside,Non-Related,Motorcycle,Not Applicable,Not Applicable,North Of,,False,False,69750,HAMILTON AV,MERIDIAN AV,37.29444127,-121.9135364
5447,694226,CR-0000097965,0,0,0,0,23-067-0772,False,False,0,3/8/2023 6:45:00 PM,No Pedestrians Involved,Dry,No Unusual Conditions,Dusk - Dawn,Violation Driver 1,Controls Functioning,Clear,Rear End,Intersection,Other Vehicle,Not Applicable,Not Applicable,At,,True,False,69750,HAMILTON AV,MERIDIAN AV,37.29444127,-121.9135364
5448,690441,CR-0000096546,0,0,0,0,22-288-9704,False,True,51,10/13/2022 8:20:00 PM,No Pedestrians Involved,Dry,No Unusual Conditions,Dusk - Dawn,Unknown,Controls Functioning,Clear,Rear End,Non-Related,Other Vehicle,Not Applicable,Not Applicable,Unknown,,False,True,69750,HAMILTON AV,MERIDIAN AV,37.29444127,-121.9135364
5449,690180,CR-0000096269,0,0,0,0,22-158-4001,False,False,50,6/6/2022 8:00:00 AM,No Pedestrians Involved,Unknown,Unknown,Unknown,Unknown,Unknown,Unknown,Sideswipe,Related,Motorcycle,Not Applicable,Not Applicable,South Of,,False,False,69750,HAMILTON AV,MERIDIAN AV,37.29444127,-121.9135364
5450,695903,CR-0000099031,0,0,0,0,23-232-4002,False,True,0,8/20/2023 10:45:00 AM,No Pedestrians Involved,Unknown,Unknown,Unknown,Unknown,Unknown,Unknown,Broadside,Intersection,Other Vehicle,Not Applicable,Not Applicable,At,,False,False,69750,HAMILTON AV,MERIDIAN AV,37.29444127,-121.9135364
5451,696409,CR-0000099585,0,0,0,0,23-151-0852,False,False,125,5/31/2023 9:22:00 PM,No Pedestrians Involved,Dry,No Unusual Conditions,Dark - Street Light,Violation Driver 1,Controls Functioning,Clear,Rear End,Non-Related,Other Vehicle,Not Applicable,Not Applicable,East Of,,True,True,69750,HAMILTON AV,MERIDIAN AV,37.29444127,-121.9135364
5452,712029,CR-0000101075,0,0,0,0,23-295-0120,False,False,253,10/22/2023 8:49:00 PM,No Pedestrians Involved,Dry,No Unusual Conditions,Dark - Street Light,Violation Driver 2,Controls Functioning,Clear,Other,Non-Related,Other Vehicle,Not Applicable,Not Applicable,South Of,,False,True,69750,HAMILTON AV,MERIDIAN AV,37.29444127,-121.9135364
5453,719583,CR-0000102739,0,0,0,0,24-001-4001,False,True,,1/1/2024 8:00:00 PM,No Pedestrians Involved,Unknown,Unknown,Unknown,Unknown,Unknown,Unknown,Sideswipe,Related,Other Vehicle,Not Applicable,Not Applicable,Unknown,,False,False,69750,HAMILTON AV,MERIDIAN AV,37.29444127,-121.9135364
5454,716288,CR-0000102262,1,0,0,0,24-053-0460,False,False,0,2/22/2024 8:30:00 AM,No Pedestrians Involved,Dry,No Unusual Conditions,Daylight,Violation Driver 1,Controls Functioning,Clear,Rear End,Intersection,Other Vehicle,Not Applicable,Not Applicable,At,,True,False,69750,HAMILTON AV,MERIDIAN AV,37.29444127,-121.9135364
5455,722345,CR-0000103639,0,0,0,0,24-181-9701,False,True,,4/2/2024 4:00:00 PM,No Pedestrians Involved,Dry,No Unusual Conditions,Daylight,Unknown,Controls Functioning,Clear,Rear End,Related,Other Vehicle,Not Applicable,Not Applicable,Unknown,,False,False,69750,HAMILTON AV,MERIDIAN AV,37.29444127,-121.9135364
5456,722457,CR-0000103741,0,0,0,0,24-110-4005,False,True,51,4/9/2024 1:16:00 PM,No Pedestrians Involved,Unknown,Unknown,Unknown,Unknown,Unknown,Unknown,Sideswipe,Non-Related,Other Vehicle,Not Applicable,Not Applicable,South Of,,False,False,69750,HAMILTON AV,MERIDIAN AV,37.29444127,-121.9135364
5457,699198,CR-0000100518,0,0,0,0,23-175-0214,False,False,102,6/24/2023 7:50:00 AM,No Pedestrians Involved,Dry,No Unusual Conditions,Unknown,Violation Driver 1,No Controls Present/Factor,Clear,Rear End,Non-Related,Parked Vehicle,Not Applicable,Not Applicable,East Of,,False,True,27774,CADIZ DR,CALERO AV,37.24346089,-121.8510948
5458,683223,CR-0000092791,0,0,0,0,22-107-4002,False,True,0,4/12/2022 11:55:00 AM,No Pedestrians Involved,Unknown,Unknown,Daylight,Unknown,Unknown,Unknown,Other,Intersection,Parked Vehicle,Not Applicable,Not Applicable,At,,False,False,50380,DENALI WY,TOLBERT DR,37.32111645,-121.8328186
5459,690348,CR-0000096442,0,0,0,0,22-139-4000,False,True,0,5/7/2022 1:00:00 PM,No Pedestrians Involved,Unknown,Unknown,Unknown,Unknown,Unknown,Unknown,Sideswipe,Intersection,Parked Vehicle,Not Applicable,Not Applicable,At,,False,True,50380,DENALI WY,TOLBERT DR,37.32111645,-121.8328186
5460,683177,CR-0000092748,0,0,0,0,22-040-9708,False,True,51,2/7/2022 3:37:00 PM,No Pedestrians Involved,Dry,No Unusual Conditions,Daylight,Unknown,Controls Functioning,Clear,Other,Non-Related,Parked Vehicle,Not Applicable,Not Applicable,East Of,,False,False,46705,CUNNINGHAM AV,LANAI AV,37.32643744,-121.8345621
5461,684929,CR-0000093641,0,0,0,0,22-218-0823,False,False,44,8/6/2022 7:43:00 PM,No Pedestrians Involved,Dry,No Unusual Conditions,Dusk - Dawn,Violation Driver 1,No Controls Present/Factor,Clear,Rear End,Related,Motorcycle,Not Applicable,Not Applicable,East Of,,True,True,46705,CUNNINGHAM AV,LANAI AV,37.32643744,-121.8345621
5462,698690,CR-0000099938,1,0,0,0,23-292-0193,False,False,60,10/25/2023 8:30:00 AM,No Pedestrians Involved,Dry,No Unusual Conditions,Daylight,Violation Driver 1,No Controls Present/Factor,Clear,Rear End,Non-Related,Other Vehicle,Not Applicable,Not Applicable,South Of,,True,False,46705,CUNNINGHAM AV,LANAI AV,37.32643744,-121.8345621
5463,689528,CR-0000095505,0,0,0,0,22-357-0846,True,False,100,12/23/2022 9:06:00 PM,No Pedestrians Involved,Dry,No Unusual Conditions,Dark - Street Light,Violation Driver 1,No Controls Present/Factor,Clear,Sideswipe,Non-Related,Other Vehicle,Not Applicable,Not Applicable,West Of,BUSH,True,True,46705,CUNNINGHAM AV,LANAI AV,37.32643744,-121.8345621
5464,690337,CR-0000096431,0,0,0,0,22-140-4001,False,True,0,5/18/2022 3:50:00 AM,No Pedestrians Involved,Unknown,Unknown,Unknown,Unknown,Unknown,Unknown,Rear End,Intersection,Other Vehicle,Not Applicable,Not Applicable,At,,False,True,110780,STEVENS LN,WHITE RD,37.32006556,-121.7953171
5465,689785,CR-0000095811,1,0,0,0,22-091-0280,False,False,0,4/1/2022 10:52:00 AM,No Pedestrians Involved,Dry,No Unusual Conditions,Daylight,Violation Driver 1,Controls Functioning,Clear,Sideswipe,Intersection,Motor Vehicle On Other Roadway,Not Applicable,Not Applicable,At,,True,False,110780,STEVENS LN,WHITE RD,37.32006556,-121.7953171
5466,682599,CR-0000092166,1,0,0,0,22-129-0920,False,False,81,5/9/2022 11:06:00 AM,No Pedestrians Involved,Unknown,No Unusual Conditions,Dark - Street Light,Violation Driver 1,No Controls Present/Factor,Clear,Head On,Non-Related,Parked Vehicle,Not Applicable,Not Applicable,North Of,,False,False,113420,WESTGROVE LN,WHITE RD,37.31765321,-121.7938213
5467,682014,CR-0000091523,0,0,0,0,22-076-0953,False,False,278,3/17/2022 8:08:00 PM,No Pedestrians Involved,Dry,No Unusual Conditions,Dark - Street Light,Violation Driver 1,No Controls Present/Factor,Clear,Sideswipe,Non-Related,Parked Vehicle,Not Applicable,Not Applicable,North Of,,False,False,113420,WESTGROVE LN,WHITE RD,37.31765321,-121.7938213
5468,699047,CR-0000100353,1,0,0,0,23-195-0725,False,False,0,7/14/2023 6:47:00 PM,No Pedestrians Involved,Dry,No Unusual Conditions,Daylight,Violation Driver 1,No Controls Present/Factor,Clear,Head On,Intersection,Other Vehicle,Not Applicable,Not Applicable,At,,True,True,113420,WESTGROVE LN,WHITE RD,37.31765321,-121.7938213
5469,689350,CR-0000095315,0,0,0,0,22-328-0620,False,False,0,11/24/2022 8:58:00 PM,No Pedestrians Involved,Dry,No Unusual Conditions,Dark - Street Light,Violation Driver 1,No Controls Present/Factor,Clear,Hit Object,Intersection,Fixed Object,Not Applicable,Not Applicable,At,Trees & fences,False,True,103597,REMINGTON WY,S WHITE RD,37.32263446,-121.7962526
5470,691160,CR-0000097362,0,0,1,0,23-046-0930,False,False,51,2/15/2023 8:53:00 PM,No Pedestrians Involved,Dry,Unknown,Dark - Street Light,Violation Driver 1,Controls Obscured,Clear,Hit Object,Non-Related,Other Object,Not Applicable,Not Applicable,North Of,Dirt berm,True,False,111077,STUTZ WY,WHITE RD,37.32124429,-121.7957229
5471,690002,CR-0000096019,0,2,0,0,22-229-0290,False,False,0,8/17/2022 9:19:00 AM,No Pedestrians Involved,Dry,No Unusual Conditions,Daylight,Violation Driver 1,No Controls Present/Factor,Clear,Broadside,Intersection,Other Vehicle,Not Applicable,Not Applicable,At,,False,False,8425,ARAMIS DR,PARK PLEASANT CI,37.35751316,-121.8097173
5472,695886,CR-0000099005,0,0,0,0,23-214-0101,False,False,135,8/2/2023 3:23:00 AM,No Pedestrians Involved,Dry,No Unusual Conditions,Daylight,Violation Driver 1,No Controls Present/Factor,Clear,Other,Non-Related,Animal,Not Applicable,Not Applicable,East Of,DOG,True,True,88329,MARTEN AV,RUBION DR,37.34939057,-121.7992024
5473,681169,CR-0000090542,2,0,0,0,22-015-0290,False,False,0,1/15/2022 11:26:00 AM,No Pedestrians Involved,Dry,No Unusual Conditions,Daylight,Violation Driver 1,Controls Functioning,Clear,Broadside,Intersection,Other Vehicle,Not Applicable,Not Applicable,At,,False,False,110945,STONEHEDGE WY,STORY RD,37.35560652,-121.8199411
5474,682211,CR-0000091761,1,0,0,0,22-071-0746,False,False,102,3/12/2022 6:55:00 PM,No Pedestrians Involved,Dry,No Unusual Conditions,Daylight,Violation Driver 1,No Controls Present/Factor,Clear,Rear End,Non-Related,Other Vehicle,Not Applicable,Not Applicable,West Of,,True,False,110945,STONEHEDGE WY,STORY RD,37.35560652,-121.8199411
5475,690008,CR-0000096042,0,0,1,0,22-310-0368,False,False,350,11/6/2022 12:04:00 PM,No Pedestrians Involved,Dry,No Unusual Conditions,Daylight,Violation Driver 1,No Controls Present/Factor,Cloudy,Sideswipe,Non-Related,Motorcycle,Not Applicable,Not Applicable,West Of,,False,True,110945,STONEHEDGE WY,STORY RD,37.35560652,-121.8199411
5476,692572,CR-0000097863,1,1,1,0,23-042-0489,False,False,30,2/11/2023 3:50:00 PM,No Pedestrians Involved,Dry,No Unusual Conditions,Daylight,Violation Driver 1,Controls Functioning,Clear,Sideswipe,Related,Other Vehicle,Not Applicable,Not Applicable,East Of,,False,False,110945,STONEHEDGE WY,STORY RD,37.35560652,-121.8199411
5477,722078,CR-0000103332,0,0,0,0,24-064-4007,False,False,51,3/4/2024 9:30:00 PM,No Pedestrians Involved,Unknown,Unknown,Unknown,Unknown,Unknown,Unknown,Broadside,Non-Related,Other Vehicle,Not Applicable,Not Applicable,West Of,,False,False,110945,STONEHEDGE WY,STORY RD,37.35560652,-121.8199411