_id,CrashFactId,Name,MinorInjuries,ModerateInjuries,SevereInjuries,FatalInjuries,TcrNumber,CityDamageFlag,ShortFormFlag,Distance,CrashDateTime,PedestrianAction,RoadwaySurface,RoadwayCondition,Lighting,PrimaryCollisionFactor,TrafficControl,Weather,CollisionType,ProximityToIntersection,VehicleInvolvedWith,PedestrianDirectionFrom,PedestrianDirectionTo,DirectionFromIntersection,Comment,SpeedingFlag,HitAndRunFlag,IntersectionNumber,AStreetName,BStreetName,Latitude,Longitude
5478,712050,CR-0000100949,0,0,0,0,23-198-4003,False,True,51,7/17/2023 10:05:00 AM,No Pedestrians Involved,Unknown,Unknown,Unknown,Unknown,Unknown,Unknown,Rear End,Non-Related,Unknown,Not Applicable,Not Applicable,East Of,,False,False,110945,STONEHEDGE WY,STORY RD,37.35560652,-121.8199411
5479,722384,CR-0000103678,0,0,0,0,24-096-0443,False,False,0,4/5/2024 2:47:00 PM,No Pedestrians Involved,Dry,No Unusual Conditions,Daylight,Violation Driver 1,No Controls Present/Factor,Clear,Vehicle/Bike,Intersection,Bike,Not Applicable,Not Applicable,At,BIKE,False,True,94380,MT PRIETA DR,MT RUSHMORE DR,37.34871096,-121.8022695
5480,689340,CR-0000095316,1,0,0,0,22-329-0053,False,False,37,11/25/2022 1:14:00 AM,No Pedestrians Involved,Dry,No Unusual Conditions,Dark - Street Light,Violation Driver 1,No Controls Present/Factor,Clear,Rear End,Related,Parked Vehicle,Not Applicable,Not Applicable,West Of,mail box and hydrant,False,False,88296,MARTEN AV,MT KENYA DR,37.35000757,-121.7980069
5481,694053,CR-0000098105,1,0,0,0,23-113-0738,False,False,0,4/23/2023 7:48:00 PM,No Pedestrians Involved,Dry,No Unusual Conditions,Dark - Street Light,Violation Driver 1,Controls Functioning,Clear,Rear End,Intersection,Other Vehicle,Not Applicable,Not Applicable,At,,True,False,13969,BASCOM AV,NAGLEE AV,37.32780556,-121.9320333
5482,694321,CR-0000098265,1,0,0,0,23-179-0432,False,False,18,6/28/2023 12:52:00 PM,No Pedestrians Involved,Dry,No Unusual Conditions,Daylight,Violation Driver 1,Controls Functioning,Clear,Sideswipe,Related,Other Vehicle,Not Applicable,Not Applicable,South Of,,False,False,13969,BASCOM AV,NAGLEE AV,37.32780556,-121.9320333
5483,690529,CR-0000096658,0,0,0,0,22-350-4003,False,True,,12/16/2022 9:35:00 PM,No Pedestrians Involved,Unknown,Unknown,Unknown,Unknown,Unknown,Unknown,Sideswipe,Related,Other Vehicle,Not Applicable,Not Applicable,South Of,,False,False,13969,BASCOM AV,NAGLEE AV,37.32780556,-121.9320333
5484,717421,CR-0000102435,0,0,0,0,23-048-4003,False,True,0,2/15/2023 8:57:00 AM,No Pedestrians Involved,Unknown,Unknown,Unknown,Unknown,Unknown,Unknown,Rear End,Intersection,Other Vehicle,Not Applicable,Not Applicable,At,,False,False,13969,BASCOM AV,NAGLEE AV,37.32780556,-121.9320333
5485,690343,CR-0000096437,0,0,0,0,22-139-4002,False,True,51,5/18/2022 12:00:00 AM,No Pedestrians Involved,Unknown,Unknown,Unknown,Unknown,Unknown,Unknown,Head On,Non-Related,Parked Vehicle,Not Applicable,Not Applicable,East Of,,False,True,16070,BELLEROSE DR,CLARMAR WY,37.32630814,-121.9359816
5486,689143,CR-0000094986,0,0,0,0,22-308-0991,True,False,53,11/4/2022 11:20:00 PM,No Pedestrians Involved,Dry,No Unusual Conditions,Dark - Street Light,Violation Driver 1,No Controls Present/Factor,Clear,Hit Object,Non-Related,Fixed Object,Not Applicable,Not Applicable,East Of,TREE,False,False,73699,HONOLULU DR,SYLVANDALE AV,37.28791969,-121.8232565
5487,689301,CR-0000095266,0,0,0,0,22-306-0758,False,True,0,11/2/2022 5:57:00 PM,No Pedestrians Involved,Unknown,Unknown,Unknown,Unknown,Unknown,Unknown,Rear End,Intersection,Other Vehicle,Not Applicable,Not Applicable,At,,False,False,24200,BRANHAM LN,SNELL AV,37.26597956,-121.8310874
5488,684899,CR-0000093516,1,0,0,0,22-183-0751,False,False,0,7/2/2022 7:13:00 PM,No Pedestrians Involved,Dry,No Unusual Conditions,Daylight,Violation Driver 1,Controls Functioning,Clear,Rear End,Intersection,Motorcycle,Not Applicable,Not Applicable,At,,False,False,24200,BRANHAM LN,SNELL AV,37.26597956,-121.8310874
5489,683588,CR-0000093194,0,0,0,0,22-190-0720,False,False,0,7/9/2022 6:16:00 PM,No Pedestrians Involved,Dry,No Unusual Conditions,Daylight,Violation Driver 1,Controls Functioning,Clear,Sideswipe,Intersection,Other Vehicle,Not Applicable,Not Applicable,At,,False,False,24200,BRANHAM LN,SNELL AV,37.26597956,-121.8310874
5490,683462,CR-0000093058,2,2,0,0,22-083-0546,False,False,0,3/24/2022 2:22:00 PM,No Pedestrians Involved,Dry,No Unusual Conditions,Daylight,Violation Driver 1,Controls Functioning,Clear,Broadside,Intersection,Other Vehicle,Not Applicable,Not Applicable,At,,False,False,24200,BRANHAM LN,SNELL AV,37.26597956,-121.8310874
5491,681552,CR-0000090948,0,0,0,0,22-040-9703,False,True,,2/8/2022 1:15:00 PM,No Pedestrians Involved,Dry,No Unusual Conditions,Daylight,Unknown,Controls Functioning,Clear,Rear End,Related,Other Vehicle,Not Applicable,Not Applicable,North Of,,False,False,24200,BRANHAM LN,SNELL AV,37.26597956,-121.8310874
5492,681576,CR-0000090973,0,0,0,0,22-043-0232,True,False,0,2/12/2022 8:49:00 AM,No Pedestrians Involved,Dry,No Unusual Conditions,Daylight,Violation Driver 1,Controls Functioning,Clear,Hit Object,Intersection,Fixed Object,Not Applicable,Not Applicable,At,LIGHT POLE,False,False,24200,BRANHAM LN,SNELL AV,37.26597956,-121.8310874
5493,681490,CR-0000090880,0,1,0,0,22-035-0219,False,False,95,2/4/2022 9:56:00 AM,No Pedestrians Involved,Dry,No Unusual Conditions,Daylight,Violation Driver 1,Controls Functioning,Clear,Hit Object,Non-Related,Fixed Object,Not Applicable,Not Applicable,North Of,PG&E POLE,False,False,24200,BRANHAM LN,SNELL AV,37.26597956,-121.8310874
5494,690642,CR-0000096764,1,0,0,0,23-025-0575,False,False,18,1/25/2023 2:52:00 PM,No Pedestrians Involved,Dry,Unknown,Daylight,Violation Driver 1,Controls Functioning,Clear,Rear End,Related,Other Vehicle,Not Applicable,Not Applicable,South Of,,False,False,24200,BRANHAM LN,SNELL AV,37.26597956,-121.8310874
5495,689723,CR-0000095735,1,0,0,0,22-362-0568,False,False,225,12/28/2022 4:08:00 PM,Crossing In Crosswalk - Not At Intersection,Dry,No Unusual Conditions,Daylight,Violation Driver 1,No Controls Present/Factor,Clear,Vehicle/Pedestrian,Non-Related,Pedestrian,West,East,West Of,,False,False,24200,BRANHAM LN,SNELL AV,37.26597956,-121.8310874
5496,690214,CR-0000096303,0,0,0,0,22-247-4002,False,True,0,9/4/2022 9:30:00 PM,No Pedestrians Involved,Unknown,Unknown,Unknown,Unknown,Unknown,Unknown,Other,Intersection,Other Vehicle,Not Applicable,Not Applicable,At,,False,False,24200,BRANHAM LN,SNELL AV,37.26597956,-121.8310874
5497,699072,CR-0000100378,0,0,0,0,23-221-4002,False,True,51,8/9/2023 8:02:00 AM,No Pedestrians Involved,Unknown,Unknown,Unknown,Unknown,Unknown,Unknown,Sideswipe,Non-Related,Other Vehicle,Not Applicable,Not Applicable,Unknown,,False,False,24200,BRANHAM LN,SNELL AV,37.26597956,-121.8310874
5498,717493,CR-0000102535,1,0,0,0,24-061-0464,False,False,0,3/1/2024 2:50:00 PM,Crossing In Crosswalk - At Intersection,Wet,No Unusual Conditions,Daylight,Pedestrian At Fault,Controls Functioning,Rain,Vehicle/Pedestrian,Intersection,Pedestrian,West,East,At,M. SCOOTER WHEELCHAIR (PED),False,False,24200,BRANHAM LN,SNELL AV,37.26597956,-121.8310874
5499,715963,CR-0000101924,0,0,0,0,23-361-9703,False,True,0,12/24/2023 7:20:00 AM,No Pedestrians Involved,Dry,No Unusual Conditions,Daylight,Unknown,Controls Functioning,Clear,Broadside,Intersection,Other Vehicle,Not Applicable,Not Applicable,At,,False,False,24200,BRANHAM LN,SNELL AV,37.26597956,-121.8310874
5500,694492,CR-0000098486,0,1,0,0,23-181-0721,False,False,384,6/30/2023 6:56:00 PM,No Pedestrians Involved,Dry,No Unusual Conditions,Daylight,Violation Driver 1,No Controls Present/Factor,Clear,Vehicle/Bike,Non-Related,Bike,Not Applicable,Not Applicable,West Of,BICYCLIST,True,False,121274,QUAIL CREEK CI,QUAIL COVE WY,37.20486457,-121.849625
5501,682620,CR-0000092186,1,0,0,1,22-129-0862,False,False,247,5/9/2022 9:06:00 PM,No Pedestrians Involved,Dry,No Unusual Conditions,Dark - Street Light,Violation Driver 1,No Controls Present/Factor,Clear,Rear End,Non-Related,Other Vehicle,Not Applicable,Not Applicable,East Of,,False,False,107469,SANTA TERESA BL,TAORMINO AV,37.24019846,-121.8569136
5502,689853,CR-0000095879,1,1,0,0,22-246-0940,False,False,0,9/3/2022 11:10:00 PM,No Pedestrians Involved,Dry,No Unusual Conditions,Dark - Street Light,Violation Driver 1,No Controls Present/Factor,Clear,Sideswipe,Intersection,Motor Vehicle On Other Roadway,Not Applicable,Not Applicable,At,,True,False,79529,KING RD,PENSACOLA DR,37.32682889,-121.8303054
5503,694054,CR-0000098119,2,0,0,0,23-125-0559,False,False,0,5/5/2023 4:41:00 PM,No Pedestrians Involved,Dry,No Unusual Conditions,Daylight,Violation Driver 1,No Controls Present/Factor,Clear,Broadside,Intersection,Other Vehicle,Not Applicable,Not Applicable,At,,False,False,79529,KING RD,PENSACOLA DR,37.32682889,-121.8303054
5504,689023,CR-0000094883,0,0,0,0,22-285-0237,False,False,311,10/12/2022 2:54:00 AM,No Pedestrians Involved,Dry,No Unusual Conditions,Dark - Street Light,Violation Driver 1,No Controls Present/Factor,Clear,Sideswipe,Non-Related,Parked Vehicle,Not Applicable,Not Applicable,East Of,,False,True,99637,PEAK DR,RENRAW DR,37.36259816,-121.802541
5505,689027,CR-0000094887,0,0,0,0,22-288-0174,False,False,0,10/15/2022 4:30:00 AM,No Pedestrians Involved,Dry,No Unusual Conditions,Dark - Street Light Not Functioning,Violation Driver 1,No Controls Present/Factor,Clear,Head On,Intersection,Parked Vehicle,Not Applicable,Not Applicable,At,,False,False,99637,PEAK DR,RENRAW DR,37.36259816,-121.802541
5506,681494,CR-0000090884,0,0,0,0,22-035-0230,False,False,94,2/4/2022 9:18:00 AM,No Pedestrians Involved,Dry,No Unusual Conditions,Daylight,Violation Driver 1,Controls Functioning,Clear,Vehicle/Bike,Non-Related,Bike,Not Applicable,Not Applicable,North Of,BIKE,False,False,67891,GRANADA WY,LUCRETIA AV,37.32011026,-121.8475085
5507,692469,CR-0000097757,0,1,0,0,23-073-0943,False,False,0,3/14/2023 9:19:00 PM,Crossing In Crosswalk - Not At Intersection,Wet,Unknown,Dark - Street Light,Violation Driver 1,Unknown,Cloudy,Vehicle/Pedestrian,Intersection,Pedestrian,East,West,At,PED,False,True,67891,GRANADA WY,LUCRETIA AV,37.32011026,-121.8475085
5508,690819,CR-0000096958,0,1,0,0,23-010-0465,False,False,0,1/10/2023 10:37:00 AM,Crossing In Crosswalk - Not At Intersection,Wet,No Unusual Conditions,Daylight,Violation Driver 1,No Controls Present/Factor,Rain,Vehicle/Pedestrian,Intersection,Pedestrian,East,West,At,PED,False,False,67891,GRANADA WY,LUCRETIA AV,37.32011026,-121.8475085
5509,691092,CR-0000097265,0,0,0,0,23-056-0150,True,False,0,2/25/2023 5:15:00 AM,No Pedestrians Involved,Dry,No Unusual Conditions,Dark - Street Light,Unknown,No Controls Present/Factor,Clear,Hit Object,Intersection,Fixed Object,Not Applicable,Not Applicable,At,MEDIAN,False,False,67891,GRANADA WY,LUCRETIA AV,37.32011026,-121.8475085
5510,717405,CR-0000102417,0,0,0,0,23-056-0180,True,False,0,2/25/2023 6:25:00 AM,No Pedestrians Involved,Dry,No Unusual Conditions,Dark - Street Light,Unknown,No Controls Present/Factor,Clear,Hit Object,Intersection,Fixed Object,Not Applicable,Not Applicable,At,LIGHTPOLE,False,False,67891,GRANADA WY,LUCRETIA AV,37.32011026,-121.8475085
5511,722412,CR-0000103707,0,0,0,1,24-254-0127,False,False,0,9/10/2024 6:24:00 AM,No Pedestrians Involved,Dry,No Unusual Conditions,Dark - Street Light,Violation Driver 1,Controls Functioning,Cloudy,Broadside,Intersection,Motorcycle,Not Applicable,Not Applicable,At,,False,False,67891,GRANADA WY,LUCRETIA AV,37.32011026,-121.8475085
5512,690439,CR-0000096543,0,0,0,0,22-242-9702,False,True,,8/18/2022 8:00:00 AM,Crossing - Not In Crosswalk,Unknown,Unknown,Daylight,Unknown,Unknown,Unknown,Vehicle/Pedestrian,Related,Pedestrian,Unknown,Unknown,Unknown,PED,False,False,73666,HONEYSUCKLE DR,LANAI AV,37.3232748,-121.8317016
5513,720931,CR-0000103166,0,0,0,0,24-047-0121,False,False,58,2/16/2024 6:18:00 AM,No Pedestrians Involved,Dry,No Unusual Conditions,Dusk - Dawn,Violation Driver 1,No Controls Present/Factor,Cloudy,Head On,Non-Related,Parked Vehicle,Not Applicable,Not Applicable,West Of,,True,True,20900,BLUEBELL AV,HONEYSUCKLE DR,37.32374333,-121.8309677
5514,692424,CR-0000097707,0,0,0,0,23-083-9702,False,True,,3/22/2023 5:15:00 AM,No Pedestrians Involved,Dry,No Unusual Conditions,Dark - Street Light,Unknown,No Controls Present/Factor,Clear,Broadside,Related,Parked Vehicle,Not Applicable,Not Applicable,North Of,,False,False,81410,LANAI AV,TOLBERT DR,37.32241653,-121.8308475
5515,689326,CR-0000095283,0,0,0,0,22-328-0520,False,False,30,11/24/2022 6:12:00 PM,No Pedestrians Involved,Dry,No Unusual Conditions,Dark - Street Light,Violation Driver 1,No Controls Present/Factor,Clear,Sideswipe,Related,Parked Vehicle,Not Applicable,Not Applicable,South Of,,False,False,135101,ARABELLE WY,SIERRA RD,37.39893901,-121.848772
5516,689934,CR-0000095967,0,0,0,0,22-363-4003,False,True,51,12/29/2022 2:00:00 PM,No Pedestrians Involved,Unknown,Unknown,Daylight,Unknown,Unknown,Unknown,Sideswipe,Non-Related,Parked Vehicle,Not Applicable,Not Applicable,South Of,,False,False,9426,ARROYO DE PLATINA,CHECKERS DR,37.35834764,-121.8556955
5517,681351,CR-0000090738,0,0,0,0,22-015-4001,False,False,,1/15/2022 12:40:00 AM,No Pedestrians Involved,Unknown,Unknown,Unknown,Unknown,Unknown,Unknown,Other,Related,Parked Vehicle,Not Applicable,Not Applicable,Unknown,,False,False,81399,LANAI AV,PENSACOLA DR,37.32506587,-121.8332334
5518,682657,CR-0000092233,0,0,0,0,22-136-0954,False,False,20,5/16/2022 10:05:00 PM,No Pedestrians Involved,Dry,No Unusual Conditions,Dark - Street Light,Violation Driver 1,Controls Functioning,Clear,Broadside,Related,Other Vehicle,Not Applicable,Not Applicable,East Of,,False,True,81399,LANAI AV,PENSACOLA DR,37.32506587,-121.8332334
5519,696132,CR-0000099274,0,0,0,0,23-213-0321,False,False,277,8/1/2023 10:00:00 AM,No Pedestrians Involved,Dry,No Unusual Conditions,Daylight,Violation Driver 1,Controls Functioning,Clear,Sideswipe,Non-Related,Parked Vehicle,Not Applicable,Not Applicable,North Of,,False,True,81399,LANAI AV,PENSACOLA DR,37.32506587,-121.8332334
5520,689280,CR-0000095220,0,0,0,0,22-299-0061,False,False,405,10/26/2022 2:13:00 AM,No Pedestrians Involved,Dry,No Unusual Conditions,Dark - Street Light,Violation Driver 1,No Controls Present/Factor,Clear,Rear End,Non-Related,Parked Vehicle,Not Applicable,Not Applicable,North Of,,False,False,47992,DAFFODIL WY,WILLIAMS RD,37.30827349,-121.9711354
5521,694659,CR-0000098692,0,1,0,0,23-229-0327,False,False,380,8/17/2023 4:30:00 AM,In Road - Includes Shoulder,Dry,No Unusual Conditions,Dusk - Dawn,Violation Driver 1,No Controls Present/Factor,Clear,Vehicle/Pedestrian,Non-Related,Pedestrian,North,South,North Of,PED,True,True,47992,DAFFODIL WY,WILLIAMS RD,37.30827349,-121.9711354
5522,695879,CR-0000098971,0,0,0,0,23-104-0377,False,False,73,4/14/2023 12:21:00 PM,No Pedestrians Involved,Dry,No Unusual Conditions,Daylight,Bike At Fault,Controls Functioning,Clear,Vehicle/Bike,Non-Related,Scooter Motorized,Not Applicable,Not Applicable,South Of,E.SCOOTER,False,False,95138,NEAL AV,WINCHESTER BL,37.31156631,-121.9500663
5523,696475,CR-0000099652,0,0,0,0,23-324-0178,False,False,271,11/20/2023 6:00:00 AM,No Pedestrians Involved,Dry,No Unusual Conditions,Dark - Street Light,Violation Driver 1,No Controls Present/Factor,Clear,Broadside,Non-Related,Parked Vehicle,Not Applicable,Not Applicable,East Of,,False,True,95138,NEAL AV,WINCHESTER BL,37.31156631,-121.9500663
5524,716186,CR-0000102116,4,1,0,0,24-023-0262,False,False,0,1/23/2024 9:33:00 AM,No Pedestrians Involved,Wet,No Unusual Conditions,Daylight,Violation Driver 1,No Controls Present/Factor,Cloudy,Head On,Intersection,Other Vehicle,Not Applicable,Not Applicable,At,,False,False,95138,NEAL AV,WINCHESTER BL,37.31156631,-121.9500663
5525,694723,CR-0000098753,1,0,0,0,23-219-0280,False,False,0,8/7/2023 8:50:00 AM,No Pedestrians Involved,Wet,No Unusual Conditions,Daylight,Violation Driver 1,No Controls Present/Factor,Clear,Broadside,Intersection,Other Vehicle,Not Applicable,Not Applicable,At,,False,False,21560,BOLLINGER RD,WUNDERLICH DR,37.3097937,-121.9981092
5526,690126,CR-0000096205,0,0,0,0,22-335-0309,False,False,0,12/1/2022 10:12:00 AM,No Pedestrians Involved,Wet,Loose Material On Roadway,Daylight,Violation Driver 1,No Controls Present/Factor,Rain,Rear End,Intersection,Other Vehicle,Not Applicable,Not Applicable,At,,True,False,21560,BOLLINGER RD,WUNDERLICH DR,37.3097937,-121.9981092
5527,683455,CR-0000093051,0,0,0,0,22-082-0972,False,False,0,3/23/2022 9:12:00 PM,No Pedestrians Involved,Dry,No Unusual Conditions,Dark - Street Light,Violation Driver 1,Controls Functioning,Clear,Sideswipe,Intersection,Parked Vehicle,Not Applicable,Not Applicable,At,,False,True,58057,EZIE ST,RICHDALE AV,37.2854941,-121.8293851
5528,690202,CR-0000096285,0,0,0,0,22-207-0694,False,True,51,7/26/2022 5:37:00 PM,No Pedestrians Involved,Unknown,Unknown,Unknown,Unknown,Unknown,Unknown,Sideswipe,Non-Related,Other Vehicle,Not Applicable,Not Applicable,North Of,,False,False,58057,EZIE ST,RICHDALE AV,37.2854941,-121.8293851
5529,682900,CR-0000092494,0,0,0,0,22-172-0997,False,False,189,6/21/2022 10:00:00 PM,No Pedestrians Involved,Unknown,No Unusual Conditions,Dark - Street Light,Violation Driver 1,No Controls Present/Factor,Clear,Rear End,Non-Related,Parked Vehicle,Not Applicable,Not Applicable,South Of,,True,True,44846,COYOTE RD,SCARLETT WY,37.27331307,-121.798076
5530,681499,CR-0000090889,0,0,0,0,22-036-0918,False,False,466,2/5/2022 10:48:00 PM,No Pedestrians Involved,Dry,No Unusual Conditions,Dark - Street Light,Violation Driver 1,Controls Functioning,Clear,Sideswipe,Non-Related,Parked Vehicle,Not Applicable,Not Applicable,South Of,,False,False,55010,EL CAJON DR,EZIE ST,37.28348825,-121.8315882
5531,681947,CR-0000091456,0,0,0,0,22-087-0130,False,False,0,3/28/2022 5:47:00 AM,No Pedestrians Involved,Wet,No Unusual Conditions,Dark - No Street Light,Violation Driver 1,No Controls Present/Factor,Cloudy,Sideswipe,Intersection,Other Vehicle,Not Applicable,Not Applicable,At,,False,False,55010,EL CAJON DR,EZIE ST,37.28348825,-121.8315882
5532,683150,CR-0000092729,0,0,0,0,22-045-4008,False,True,0,2/14/2022 6:50:00 PM,No Pedestrians Involved,Unknown,Unknown,Daylight,Unknown,Unknown,Unknown,Broadside,Intersection,Other Vehicle,Not Applicable,Not Applicable,At,,False,False,55010,EL CAJON DR,EZIE ST,37.28348825,-121.8315882
5533,690437,CR-0000096540,0,0,0,0,22-307-9702,False,True,51,10/6/2022 8:30:00 PM,No Pedestrians Involved,Dry,No Unusual Conditions,Dark - Street Light,Unknown,No Controls Present/Factor,Clear,Broadside,Non-Related,Parked Vehicle,Not Applicable,Not Applicable,West Of,,False,True,55010,EL CAJON DR,EZIE ST,37.28348825,-121.8315882
5534,690592,CR-0000096713,0,1,0,0,23-017-0204,False,False,0,1/17/2023 8:01:00 AM,Crossing In Crosswalk - At Intersection,Dry,No Unusual Conditions,Daylight,Violation Driver 1,No Controls Present/Factor,Clear,Vehicle/Pedestrian,Intersection,Pedestrian,North,North,At,PED,False,True,55010,EL CAJON DR,EZIE ST,37.28348825,-121.8315882
5535,690323,CR-0000096417,0,0,0,0,22-300-0957,False,False,51,8/18/2022 9:01:00 PM,No Pedestrians Involved,Dry,No Unusual Conditions,Dark - Street Light,Violation Driver 1,No Controls Present/Factor,Clear,Hit Object,Non-Related,Fixed Object,Not Applicable,Not Applicable,North Of,fence,True,False,118491,MIDHURST WY,SAN FELIPE RD,37.30705733,-121.7788988
5536,692371,CR-0000097653,1,1,0,0,23-065-0529,False,False,0,3/6/2023 3:28:00 PM,No Pedestrians Involved,Dry,No Unusual Conditions,Daylight,Violation Driver 1,Controls Functioning,Clear,Broadside,Intersection,Other Vehicle,Not Applicable,Not Applicable,At,,False,False,50302,DELTA RD,SAN FELIPE RD,37.30597373,-121.7778723
5537,696368,CR-0000099525,0,0,0,0,23-142-0089,False,False,97,5/22/2023 2:14:00 AM,No Pedestrians Involved,Dry,No Unusual Conditions,Dark - Street Light,Violation Driver 1,Controls Functioning,Clear,Sideswipe,Non-Related,Parked Vehicle,Not Applicable,Not Applicable,North Of,,False,False,120119,ABORN RD,ALLESANDRO/HERITAGE ESTATES DR,37.31582831,-121.7794733
5538,719795,CR-0000102968,0,0,0,0,24-024-4001,False,True,2400,1/24/2024 12:00:00 PM,No Pedestrians Involved,Unknown,Unknown,Unknown,Unknown,Unknown,Unknown,Sideswipe,Non-Related,Parked Vehicle,Not Applicable,Not Applicable,North Of,,False,False,120119,ABORN RD,ALLESANDRO/HERITAGE ESTATES DR,37.31582831,-121.7794733
5539,694076,CR-0000098138,1,0,0,0,23-129-0659,False,False,0,5/9/2023 4:27:00 PM,No Pedestrians Involved,Dry,No Unusual Conditions,Daylight,Violation Driver 1,Controls Functioning,Clear,Vehicle/Bike,Intersection,Bike,Not Applicable,Not Applicable,At,BIKE,False,False,69684,HAMILTON AV,HAMILTON WY,37.29437421,-121.9096536
5540,694338,CR-0000098282,1,0,0,0,23-173-0527,False,False,0,6/22/2023 3:04:00 PM,No Pedestrians Involved,Dry,No Unusual Conditions,Daylight,Bike At Fault,Controls Functioning,Clear,Vehicle/Bike,Intersection,Bike,Not Applicable,Not Applicable,At,BIKE,False,False,83170,LENN DR,MERIDIAN AV,37.29162163,-121.9135141
5541,691294,CR-0000097539,0,0,0,0,23-061-4005,False,True,,3/1/2023 7:45:00 AM,No Pedestrians Involved,Unknown,Unknown,Unknown,Unknown,Unknown,Clear,Rear End,Related,Other Vehicle,Not Applicable,Not Applicable,Unknown,,False,False,83170,LENN DR,MERIDIAN AV,37.29162163,-121.9135141
5542,716125,CR-0000102149,0,0,0,0,24-032-9703,False,True,51,1/30/2024 7:50:00 AM,No Pedestrians Involved,Dry,No Unusual Conditions,Daylight,Unknown,Controls Functioning,Clear,Other,Non-Related,Other Vehicle,Not Applicable,Not Applicable,Unknown,,False,False,83170,LENN DR,MERIDIAN AV,37.29162163,-121.9135141
5543,690669,CR-0000096802,0,0,0,0,23-009-4002,False,False,0,1/9/2023 6:30:00 AM,No Pedestrians Involved,Unknown,Unknown,Daylight,Unknown,Unknown,Unknown,Broadside,Intersection,Parked Vehicle,Not Applicable,Not Applicable,At,,False,False,124409,RIDGEMONT DR,ROSE CREEK DR,37.34251901,-121.811531
5544,696317,CR-0000099473,0,0,1,0,23-274-0056,False,False,0,10/1/2023 1:03:00 AM,Crossing In Crosswalk - At Intersection,Dry,No Unusual Conditions,Dark - Street Light,Violation Driver 1,Controls Functioning,Clear,Vehicle/Pedestrian,Intersection,Pedestrian,South,North,At,PED,True,True,81432,LANAI AV,WAVERLY AV,37.32384389,-121.8322678
5545,719591,CR-0000102747,0,0,0,0,24-001-4003,False,True,51,1/1/2024 12:45:00 PM,No Pedestrians Involved,Unknown,Unknown,Unknown,Unknown,Unknown,Unknown,Other,Non-Related,Unknown,Not Applicable,Not Applicable,East Of,,False,False,81432,LANAI AV,WAVERLY AV,37.32384389,-121.8322678
5546,716308,CR-0000102277,1,0,0,0,24-058-0202,False,False,0,2/27/2024 8:14:00 AM,No Pedestrians Involved,Dry,No Unusual Conditions,Daylight,Violation Driver 1,Controls Functioning,Clear,Broadside,Intersection,Other Vehicle,Not Applicable,Not Applicable,At,,False,False,81432,LANAI AV,WAVERLY AV,37.32384389,-121.8322678
5547,681596,CR-0000090993,0,0,0,0,22-046-0487,False,False,0,2/15/2022 12:19:00 PM,No Pedestrians Involved,Dry,No Unusual Conditions,Daylight,Violation Driver 1,Controls Functioning,Clear,Rear End,Intersection,Other Vehicle,Not Applicable,Not Applicable,At,,True,False,33032,CAPITOL EX,TULLY RD,37.33124885,-121.8127559
5548,681689,CR-0000091087,2,0,0,0,22-059-0993,False,False,0,2/28/2022 12:20:00 PM,No Pedestrians Involved,Dry,No Unusual Conditions,Daylight,Violation Driver 1,Controls Functioning,Clear,Rear End,Intersection,Motor Vehicle On Other Roadway,Not Applicable,Not Applicable,At,,True,False,33032,CAPITOL EX,TULLY RD,37.33124885,-121.8127559
5549,682171,CR-0000091715,1,0,0,0,22-066-0075,True,False,0,3/7/2022 1:59:00 AM,No Pedestrians Involved,Dry,No Unusual Conditions,Dark - Street Light,Violation Driver 1,Controls Functioning,Clear,Head On,Intersection,Fixed Object,Not Applicable,Not Applicable,At,Light Pole,True,False,33032,CAPITOL EX,TULLY RD,37.33124885,-121.8127559
5550,682183,CR-0000091738,0,0,0,0,22-067-1040,False,False,72,3/8/2022 11:17:00 PM,No Pedestrians Involved,Dry,No Unusual Conditions,Dark - Street Light,Violation Driver 1,Controls Functioning,Clear,Rear End,Non-Related,Other Vehicle,Not Applicable,Not Applicable,West Of,,False,False,33032,CAPITOL EX,TULLY RD,37.33124885,-121.8127559
5551,681871,CR-0000091352,2,0,0,0,22-042-0306,False,False,48,2/11/2022 10:34:00 AM,No Pedestrians Involved,Dry,No Unusual Conditions,Daylight,Violation Driver 1,Controls Functioning,Clear,Rear End,Related,Other Vehicle,Not Applicable,Not Applicable,North Of,,False,False,33032,CAPITOL EX,TULLY RD,37.33124885,-121.8127559
5552,683459,CR-0000093056,0,1,0,0,22-083-0194,False,False,0,3/24/2022 8:04:00 AM,No Pedestrians Involved,Dry,No Unusual Conditions,Daylight,Violation Driver 1,Controls Functioning,Clear,Rear End,Intersection,Other Vehicle,Not Applicable,Not Applicable,At,,True,False,33032,CAPITOL EX,TULLY RD,37.33124885,-121.8127559
5553,690371,CR-0000096466,0,0,0,0,22-125-9702,False,True,0,5/4/2022 9:30:00 PM,No Pedestrians Involved,Dry,Other,Dark - Street Light,Unknown,Controls Functioning,Clear,Rear End,Intersection,Other Vehicle,Not Applicable,Not Applicable,At,,False,True,33032,CAPITOL EX,TULLY RD,37.33124885,-121.8127559
5554,682757,CR-0000092340,2,0,0,0,22-139-1035,False,False,0,5/19/2022 9:55:00 PM,No Pedestrians Involved,Dry,No Unusual Conditions,Dark - Street Light,Violation Driver 1,Controls Functioning,Clear,Broadside,Intersection,Other Vehicle,Not Applicable,Not Applicable,At,,False,False,33032,CAPITOL EX,TULLY RD,37.33124885,-121.8127559