_id,CrashFactId,Name,MinorInjuries,ModerateInjuries,SevereInjuries,FatalInjuries,TcrNumber,CityDamageFlag,ShortFormFlag,Distance,CrashDateTime,PedestrianAction,RoadwaySurface,RoadwayCondition,Lighting,PrimaryCollisionFactor,TrafficControl,Weather,CollisionType,ProximityToIntersection,VehicleInvolvedWith,PedestrianDirectionFrom,PedestrianDirectionTo,DirectionFromIntersection,Comment,SpeedingFlag,HitAndRunFlag,IntersectionNumber,AStreetName,BStreetName,Latitude,Longitude
5555,689019,CR-0000094879,0,0,0,0,22-287-9702,False,True,0,10/10/2022 8:00:00 PM,No Pedestrians Involved,Dry,No Unusual Conditions,Dark - Street Light,Violation Driver 1,Controls Functioning,Clear,Sideswipe,Intersection,Other Vehicle,Not Applicable,Not Applicable,At,,False,True,33032,CAPITOL EX,TULLY RD,37.33124885,-121.8127559
5556,688980,CR-0000094839,1,0,0,0,22-293-0134,False,False,0,10/20/2022 6:28:00 AM,No Pedestrians Involved,Dry,No Unusual Conditions,Daylight,Violation Driver 1,Controls Functioning,Clear,Broadside,Intersection,Other Vehicle,Not Applicable,Not Applicable,At,,False,False,33032,CAPITOL EX,TULLY RD,37.33124885,-121.8127559
5557,683528,CR-0000093127,1,0,0,0,22-204-0166,False,False,0,7/23/2022 5:34:00 AM,No Pedestrians Involved,Dry,No Unusual Conditions,Daylight,Violation Driver 1,Controls Functioning,Clear,Sideswipe,Intersection,Other Vehicle,Not Applicable,Not Applicable,At,,False,False,33032,CAPITOL EX,TULLY RD,37.33124885,-121.8127559
5558,683085,CR-0000092650,0,2,1,0,22-173-0974,False,False,0,6/22/2022 9:52:00 PM,No Pedestrians Involved,Dry,No Unusual Conditions,Dark - Street Light,Violation Driver 1,Controls Functioning,Clear,Rear End,Intersection,Other Vehicle,Not Applicable,Not Applicable,At,,False,False,33032,CAPITOL EX,TULLY RD,37.33124885,-121.8127559
5559,685285,CR-0000093965,0,1,0,0,22-256-0240,False,False,0,9/13/2022 8:55:00 AM,No Pedestrians Involved,Dry,No Unusual Conditions,Daylight,Violation Driver 1,Controls Functioning,Clear,Broadside,Intersection,Other Vehicle,Not Applicable,Not Applicable,At,,False,False,33032,CAPITOL EX,TULLY RD,37.33124885,-121.8127559
5560,687492,CR-0000094280,0,0,0,0,22-257-0865,False,False,0,9/14/2022 9:44:00 PM,No Pedestrians Involved,Dry,No Unusual Conditions,Dark - Street Light,Violation Driver 1,No Controls Present/Factor,Clear,Broadside,Intersection,Other Vehicle,Not Applicable,Not Applicable,At,,False,False,33032,CAPITOL EX,TULLY RD,37.33124885,-121.8127559
5561,696309,CR-0000099465,1,0,0,0,23-278-0616,True,False,39,10/5/2023 4:49:00 PM,No Pedestrians Involved,Dry,No Unusual Conditions,Daylight,Violation Driver 1,No Controls Present/Factor,Clear,Hit Object,Related,Fixed Object,Not Applicable,Not Applicable,West Of,TREE,True,False,33032,CAPITOL EX,TULLY RD,37.33124885,-121.8127559
5562,696455,CR-0000099632,2,0,0,0,23-322-0216,False,False,0,11/18/2023 6:06:00 AM,No Pedestrians Involved,Wet,Unknown,Dusk - Dawn,Unknown,Controls Functioning,Clear,Sideswipe,Intersection,Other Vehicle,Not Applicable,Not Applicable,At,,False,False,33032,CAPITOL EX,TULLY RD,37.33124885,-121.8127559
5563,695816,CR-0000098881,1,0,0,0,23-266-0120,False,False,0,9/23/2023 2:30:00 AM,No Pedestrians Involved,Dry,No Unusual Conditions,Dark - Street Light,Violation Driver 1,Controls Functioning,Clear,Rear End,Intersection,Other Vehicle,Not Applicable,Not Applicable,At,,True,True,33032,CAPITOL EX,TULLY RD,37.33124885,-121.8127559
5564,694611,CR-0000098644,1,0,0,0,23-205-0239,False,False,85,7/24/2023 9:05:00 AM,No Pedestrians Involved,Dry,No Unusual Conditions,Daylight,Violation Driver 1,Controls Functioning,Clear,Rear End,Non-Related,Other Vehicle,Not Applicable,Not Applicable,North Of,,False,False,33032,CAPITOL EX,TULLY RD,37.33124885,-121.8127559
5565,694530,CR-0000098524,1,0,0,0,23-195-0667,False,False,0,7/14/2023 7:10:00 PM,No Pedestrians Involved,Dry,No Unusual Conditions,Daylight,Violation Driver 1,Controls Functioning,Clear,Rear End,Intersection,Other Vehicle,Not Applicable,Not Applicable,At,,False,False,33032,CAPITOL EX,TULLY RD,37.33124885,-121.8127559
5566,699122,CR-0000100438,0,0,0,0,23-153-0829,True,False,42,6/2/2023 7:51:00 PM,No Pedestrians Involved,Dry,No Unusual Conditions,Daylight,Violation Driver 1,Controls Functioning,Clear,Hit Object,Related,Fixed Object,Not Applicable,Not Applicable,West Of,TREE,True,False,33032,CAPITOL EX,TULLY RD,37.33124885,-121.8127559
5567,690672,CR-0000096806,1,0,0,0,23-013-0663,False,False,0,1/13/2023 6:24:00 PM,No Pedestrians Involved,Wet,No Unusual Conditions,Dark - Street Light,Violation Driver 1,Controls Functioning,Cloudy,Rear End,Intersection,Other Vehicle,Not Applicable,Not Applicable,At,,False,False,33032,CAPITOL EX,TULLY RD,37.33124885,-121.8127559
5568,690631,CR-0000096753,0,0,0,0,23-010-0506,False,False,0,1/10/2023 11:20:00 AM,No Pedestrians Involved,Slippery (Muddy Oily etc.),Other,Daylight,Violation Driver 1,Controls Not Functioning,Rain,Broadside,Intersection,Other Vehicle,Not Applicable,Not Applicable,At,,False,False,33032,CAPITOL EX,TULLY RD,37.33124885,-121.8127559
5569,690536,CR-0000096640,0,1,0,0,23-009-0602,False,False,39,1/9/2023 5:00:00 PM,No Pedestrians Involved,Dry,No Unusual Conditions,Daylight,Violation Driver 1,Controls Functioning,Cloudy,Rear End,Related,Other Vehicle,Not Applicable,Not Applicable,West Of,,True,False,33032,CAPITOL EX,TULLY RD,37.33124885,-121.8127559
5570,690580,CR-0000096701,0,0,0,0,23-010-0407,False,False,0,1/10/2023 9:40:00 AM,No Pedestrians Involved,Wet,No Unusual Conditions,Daylight,Violation Driver 1,Controls Not Functioning,Rain,Broadside,Intersection,Other Vehicle,Not Applicable,Not Applicable,At,,True,True,33032,CAPITOL EX,TULLY RD,37.33124885,-121.8127559
5571,690145,CR-0000096233,0,0,0,0,22-307-0778,False,False,0,11/3/2022 6:50:00 PM,No Pedestrians Involved,Dry,No Unusual Conditions,Dark - Street Light,Violation Driver 1,Controls Functioning,Clear,Broadside,Intersection,Other Vehicle,Not Applicable,Not Applicable,At,,True,True,33032,CAPITOL EX,TULLY RD,37.33124885,-121.8127559
5572,690210,CR-0000096275,0,0,0,0,22-162-4000,False,True,51,6/11/2022 8:40:00 AM,No Pedestrians Involved,Unknown,Unknown,Unknown,Unknown,Unknown,Unknown,Rear End,Non-Related,Other Vehicle,Not Applicable,Not Applicable,Unknown,,False,False,33032,CAPITOL EX,TULLY RD,37.33124885,-121.8127559
5573,690012,CR-0000096058,2,0,0,0,22-296-0977,False,False,0,10/19/2022 10:45:00 PM,No Pedestrians Involved,Dry,No Unusual Conditions,Dark - Street Light,Violation Driver 1,Controls Functioning,Clear,Broadside,Intersection,Other Vehicle,Not Applicable,Not Applicable,At,,True,True,33032,CAPITOL EX,TULLY RD,37.33124885,-121.8127559
5574,691324,CR-0000097571,0,0,0,0,23-010-0400,False,False,0,1/10/2023 10:29:00 AM,No Pedestrians Involved,Wet,Unknown,Daylight,Violation Driver 1,Controls Not Functioning,Rain,Broadside,Intersection,Motor Vehicle On Other Roadway,Not Applicable,Not Applicable,At,,True,True,33032,CAPITOL EX,TULLY RD,37.33124885,-121.8127559
5575,691012,CR-0000097185,0,0,0,0,23-051-0127,False,False,0,2/20/2023 3:50:00 AM,No Pedestrians Involved,Dry,No Unusual Conditions,Dark - No Street Light,Violation Driver 1,Controls Functioning,Clear,Sideswipe,Intersection,Other Vehicle,Not Applicable,Not Applicable,At,,False,False,33032,CAPITOL EX,TULLY RD,37.33124885,-121.8127559
5576,690863,CR-0000097005,1,0,0,0,23-016-0895,False,False,0,1/16/2023 10:32:00 PM,No Pedestrians Involved,Dry,No Unusual Conditions,Dark - Street Light,Violation Driver 1,Controls Functioning,Clear,Broadside,Intersection,Other Vehicle,Not Applicable,Not Applicable,At,,False,False,33032,CAPITOL EX,TULLY RD,37.33124885,-121.8127559
5577,690849,CR-0000096990,0,0,0,0,23-022-0872,False,False,0,1/22/2023 11:39:00 PM,No Pedestrians Involved,Dry,No Unusual Conditions,Dark - Street Light,Violation Driver 1,Controls Functioning,Clear,Sideswipe,Intersection,Motor Vehicle On Other Roadway,Not Applicable,Not Applicable,At,,False,False,33032,CAPITOL EX,TULLY RD,37.33124885,-121.8127559
5578,690923,CR-0000097088,2,0,0,0,23-044-0226,False,False,0,2/14/2023 11:59:00 AM,No Pedestrians Involved,Dry,No Unusual Conditions,Daylight,Violation Driver 1,Controls Functioning,Clear,Rear End,Intersection,Other Vehicle,Not Applicable,Not Applicable,At,,False,False,33032,CAPITOL EX,TULLY RD,37.33124885,-121.8127559
5579,690940,CR-0000097109,1,0,0,0,23-050-0117,False,False,0,2/19/2023 2:40:00 AM,No Pedestrians Involved,Dry,No Unusual Conditions,Dark - Street Light,Violation Driver 1,Controls Functioning,Clear,Broadside,Intersection,Other Vehicle,Not Applicable,Not Applicable,At,,False,True,33032,CAPITOL EX,TULLY RD,37.33124885,-121.8127559
5580,694124,CR-0000098185,0,0,1,0,23-139-0994,False,False,,5/19/2023 9:01:00 PM,Crossing - Not In Crosswalk,Dry,No Unusual Conditions,Dark - Street Light,Pedestrian At Fault,Controls Functioning,Clear,Vehicle/Pedestrian,Related,Pedestrian,Unknown,Unknown,South Of,PED,False,False,33032,CAPITOL EX,TULLY RD,37.33124885,-121.8127559
5581,694048,CR-0000098166,1,0,0,0,23-151-0860,False,False,36,5/31/2023 9:38:00 PM,No Pedestrians Involved,Dry,No Unusual Conditions,Dark - Street Light,Violation Driver 1,Controls Functioning,Clear,Rear End,Related,Other Vehicle,Not Applicable,Not Applicable,North Of,,False,False,33032,CAPITOL EX,TULLY RD,37.33124885,-121.8127559
5582,692525,CR-0000097815,1,0,0,0,23-101-0415,False,False,0,4/11/2023 12:00:00 PM,No Pedestrians Involved,Dry,No Unusual Conditions,Daylight,Violation Driver 1,Controls Functioning,Clear,Rear End,Intersection,Other Vehicle,Not Applicable,Not Applicable,At,,False,True,33032,CAPITOL EX,TULLY RD,37.33124885,-121.8127559
5583,692432,CR-0000097716,0,0,0,0,23-082-0757,False,False,0,3/23/2023 6:30:00 PM,No Pedestrians Involved,Dry,No Unusual Conditions,Daylight,Violation Driver 1,Controls Functioning,Clear,Sideswipe,Intersection,Other Vehicle,Not Applicable,Not Applicable,At,,False,False,33032,CAPITOL EX,TULLY RD,37.33124885,-121.8127559
5584,719770,CR-0000102943,1,0,0,0,24-023-0801,True,False,0,1/23/2024 7:27:00 PM,No Pedestrians Involved,Unknown,No Unusual Conditions,Unknown,Violation Driver 1,Controls Functioning,Clear,Hit Object,Intersection,Fixed Object,Not Applicable,Not Applicable,At,LIGHTPOLE,True,False,33032,CAPITOL EX,TULLY RD,37.33124885,-121.8127559
5585,721985,CR-0000103239,0,0,0,0,24-052-0720,False,False,0,2/21/2024 5:59:00 PM,No Pedestrians Involved,Dry,No Unusual Conditions,Dark - Street Light,Violation Driver 1,No Controls Present/Factor,Clear,Rear End,Intersection,Other Vehicle,Not Applicable,Not Applicable,At,,False,False,33032,CAPITOL EX,TULLY RD,37.33124885,-121.8127559
5586,722005,CR-0000103259,0,0,0,0,24-056-4002,False,True,51,2/24/2024 7:30:00 PM,No Pedestrians Involved,Unknown,Unknown,Unknown,Unknown,Unknown,Unknown,Sideswipe,Non-Related,Other Vehicle,Not Applicable,Not Applicable,West Of,,False,False,33032,CAPITOL EX,TULLY RD,37.33124885,-121.8127559
5587,715847,CR-0000101819,0,0,0,0,23-127-9702,False,True,0,5/5/2023 4:55:00 PM,No Pedestrians Involved,Dry,No Unusual Conditions,Daylight,Unknown,Controls Functioning,Cloudy,Sideswipe,Intersection,Other Vehicle,Not Applicable,Not Applicable,At,,False,False,33032,CAPITOL EX,TULLY RD,37.33124885,-121.8127559
5588,715874,CR-0000101995,0,1,0,0,24-009-0832,False,False,0,1/9/2024 11:40:00 PM,No Pedestrians Involved,Dry,No Unusual Conditions,Dark - Street Light,Violation Driver 1,Controls Not Functioning,Cloudy,Broadside,Intersection,Other Vehicle,Not Applicable,Not Applicable,At,,False,False,33032,CAPITOL EX,TULLY RD,37.33124885,-121.8127559
5589,715887,CR-0000101936,0,0,0,0,23-224-9702,False,True,0,8/10/2023 4:45:00 PM,No Pedestrians Involved,Dry,No Unusual Conditions,Daylight,Unknown,Controls Functioning,Clear,Rear End,Intersection,Other Vehicle,Not Applicable,Not Applicable,At,,False,False,33032,CAPITOL EX,TULLY RD,37.33124885,-121.8127559
5590,715817,CR-0000101945,0,0,0,0,23-221-9707,False,True,0,8/8/2023 5:11:00 PM,No Pedestrians Involved,Dry,No Unusual Conditions,Daylight,Unknown,Controls Functioning,Clear,Rear End,Intersection,Other Vehicle,Not Applicable,Not Applicable,At,,False,False,33032,CAPITOL EX,TULLY RD,37.33124885,-121.8127559
5591,711880,CR-0000101443,0,0,0,0,23-002-9702,False,True,0,12/31/2023 9:00:00 PM,No Pedestrians Involved,Dry,No Unusual Conditions,Dark - Street Light,Unknown,Controls Functioning,Clear,Rear End,Intersection,Other Vehicle,Not Applicable,Not Applicable,At,,False,False,33032,CAPITOL EX,TULLY RD,37.33124885,-121.8127559
5592,711803,CR-0000100941,0,0,0,0,23-192-9704,False,True,,7/8/2023 10:43:00 PM,No Pedestrians Involved,Dry,No Unusual Conditions,Dark - Street Light,Unknown,Controls Functioning,Clear,Rear End,Related,Other Vehicle,Not Applicable,Not Applicable,North Of,,False,False,33032,CAPITOL EX,TULLY RD,37.33124885,-121.8127559
5593,688891,CR-0000094749,0,0,0,0,22-276-0744,False,False,56,10/3/2022 5:34:00 PM,No Pedestrians Involved,Dry,No Unusual Conditions,Daylight,Violation Driver 1,No Controls Present/Factor,Clear,Broadside,Non-Related,Parked Vehicle,Not Applicable,Not Applicable,West Of,,False,True,46771,CUNNINGHAM AV,SARASOTA WY,37.32599474,-121.8352601
5594,694347,CR-0000098291,1,0,0,0,23-157-0608,False,False,0,6/6/2023 3:58:00 PM,No Pedestrians Involved,Dry,No Unusual Conditions,Daylight,Violation Driver 1,Controls Functioning,Clear,Rear End,Intersection,Other Vehicle,Not Applicable,Not Applicable,At,,True,False,4641,ALMADEN EX,CHARD DR,37.27305448,-121.8785848
5595,682761,CR-0000092343,0,0,0,0,22-131-4001,False,True,,5/11/2022 2:35:00 PM,No Pedestrians Involved,Unknown,Unknown,Daylight,Unknown,Unknown,Unknown,Rear End,Related,Other Vehicle,Not Applicable,Not Applicable,South Of,,False,False,125333,CAMDEN AV,LITTLE BRANHAM LN/HWY-85,37.24889172,-121.9098568
5596,683227,CR-0000092838,0,0,0,0,22-131-0458,False,False,0,5/11/2022 12:30:00 PM,No Pedestrians Involved,Dry,No Unusual Conditions,Daylight,Violation Driver 1,Controls Not Functioning,Clear,Rear End,Intersection,Other Vehicle,Not Applicable,Not Applicable,At,,True,True,125333,CAMDEN AV,LITTLE BRANHAM LN/HWY-85,37.24889172,-121.9098568
5597,689941,CR-0000095982,4,0,0,0,22-311-0532,False,False,30,11/7/2022 2:13:00 PM,No Pedestrians Involved,Dry,No Unusual Conditions,Dusk - Dawn,Violation Driver 1,Controls Functioning,Clear,Rear End,Related,Other Vehicle,Not Applicable,Not Applicable,North Of,,False,False,125333,CAMDEN AV,LITTLE BRANHAM LN/HWY-85,37.24889172,-121.9098568
5598,695897,CR-0000099025,0,0,0,0,23-239-4002,False,True,0,8/27/2023 12:25:00 PM,No Pedestrians Involved,Unknown,Unknown,Unknown,Unknown,Unknown,Unknown,Sideswipe,Intersection,Other Vehicle,Not Applicable,Not Applicable,At,,False,False,125333,CAMDEN AV,LITTLE BRANHAM LN/HWY-85,37.24889172,-121.9098568
5599,716396,CR-0000102395,2,0,0,0,24-047-0658,False,False,21,2/16/2024 5:20:00 PM,No Pedestrians Involved,Dry,No Unusual Conditions,Dark - Street Light,Violation Driver 1,Controls Functioning,Clear,Rear End,Related,Other Vehicle,Not Applicable,Not Applicable,South Of,,True,True,125333,CAMDEN AV,LITTLE BRANHAM LN/HWY-85,37.24889172,-121.9098568
5600,681672,CR-0000091069,0,0,0,0,22-070-4000,False,True,0,3/10/2022 7:39:00 PM,No Pedestrians Involved,Unknown,Unknown,Unknown,Unknown,Unknown,Unknown,Sideswipe,Intersection,Other Vehicle,Not Applicable,Not Applicable,At,,False,False,23980,BRANHAM LN,PEARL AV,37.26564362,-121.865998
5601,694621,CR-0000098654,1,0,0,0,23-207-0849,False,False,0,7/26/2023 7:49:00 PM,No Pedestrians Involved,Dry,No Unusual Conditions,Dusk - Dawn,Violation Driver 1,Controls Functioning,Clear,Broadside,Intersection,Other Vehicle,Not Applicable,Not Applicable,At,,False,False,23980,BRANHAM LN,PEARL AV,37.26564362,-121.865998
5602,685241,CR-0000093921,1,0,0,0,22-258-0241,False,False,100,9/15/2022 9:00:00 AM,No Pedestrians Involved,Dry,Unknown,Daylight,Violation Driver 1,Unknown,Clear,Rear End,Non-Related,Other Vehicle,Not Applicable,Not Applicable,South Of,,True,True,32768,CAPITOL EX,CHARD DR,37.27549277,-121.8771483
5603,685105,CR-0000093777,0,1,0,0,22-228-0793,False,False,83,8/16/2022 5:36:00 PM,No Pedestrians Involved,Dry,No Unusual Conditions,Daylight,Violation Driver 1,No Controls Present/Factor,Clear,Sideswipe,Non-Related,Motorcycle,Not Applicable,Not Applicable,East Of,,False,False,23781,BRANHAM LN,KIRK RD,37.25319299,-121.90268
5604,681994,CR-0000091503,0,1,0,0,22-070-0474,False,False,102,3/11/2022 1:26:00 PM,No Pedestrians Involved,Dry,No Unusual Conditions,Daylight,Violation Driver 1,No Controls Present/Factor,Clear,Broadside,Non-Related,Other Vehicle,Not Applicable,Not Applicable,West Of,,False,False,23781,BRANHAM LN,KIRK RD,37.25319299,-121.90268
5605,682475,CR-0000092040,2,0,0,0,22-120-0397,False,False,0,4/30/2022 12:25:00 PM,No Pedestrians Involved,Dry,No Unusual Conditions,Daylight,Violation Driver 1,No Controls Present/Factor,Clear,Broadside,Intersection,Other Vehicle,Not Applicable,Not Applicable,At,,False,False,23781,BRANHAM LN,KIRK RD,37.25319299,-121.90268
5606,698864,CR-0000100147,0,2,0,0,23-365-0611,False,False,150,12/31/2023 6:24:00 PM,No Pedestrians Involved,Dry,No Unusual Conditions,Dark - Street Light,Bike At Fault,Controls Functioning,Clear,Vehicle/Bike,Non-Related,Bike,Not Applicable,Not Applicable,East Of,BIKE,False,False,23781,BRANHAM LN,KIRK RD,37.25319299,-121.90268
5607,689936,CR-0000095962,2,2,1,0,22-363-0857,False,False,0,12/29/2022 10:35:00 PM,No Pedestrians Involved,Wet,No Unusual Conditions,Dark - Street Light,Violation Driver 1,No Controls Present/Factor,Clear,Vehicle/Pedestrian,Intersection,Pedestrian,North,South,At,PED(3),False,False,23781,BRANHAM LN,KIRK RD,37.25319299,-121.90268
5608,689913,CR-0000095943,0,1,0,0,22-363-0085,False,False,0,12/29/2022 3:51:00 AM,No Pedestrians Involved,Wet,No Unusual Conditions,Dark - Street Light,Violation Driver 1,No Controls Present/Factor,Rain,Rear End,Intersection,Parked Vehicle,Not Applicable,Not Applicable,At,,True,False,23781,BRANHAM LN,KIRK RD,37.25319299,-121.90268
5609,690501,CR-0000096600,0,0,0,0,22-301-4000,False,True,0,10/27/2022 7:50:00 AM,Crossing In Crosswalk - At Intersection,Unknown,Unknown,Unknown,Unknown,Unknown,Unknown,Vehicle/Pedestrian,Intersection,Pedestrian,East,West,At,,False,False,23781,BRANHAM LN,KIRK RD,37.25319299,-121.90268
5610,692585,CR-0000097873,0,0,0,0,23-044-0387,False,False,37,2/13/2023 12:22:00 PM,No Pedestrians Involved,Dry,No Unusual Conditions,Daylight,Violation Driver 1,Controls Functioning,Clear,Rear End,Related,Other Vehicle,Not Applicable,Not Applicable,North Of,,False,False,23781,BRANHAM LN,KIRK RD,37.25319299,-121.90268
5611,691041,CR-0000097212,2,0,0,0,23-027-0516,False,False,172,1/27/2023 2:58:00 PM,No Pedestrians Involved,Dry,No Unusual Conditions,Daylight,Violation Driver 1,Unknown,Clear,Rear End,Non-Related,Other Vehicle,Not Applicable,Not Applicable,East Of,,True,False,23781,BRANHAM LN,KIRK RD,37.25319299,-121.90268
5612,711897,CR-0000101407,0,0,0,0,23-341-9703,False,True,51,12/7/2023 8:20:00 AM,No Pedestrians Involved,Dry,No Unusual Conditions,Daylight,Unknown,No Controls Present/Factor,Cloudy,Rear End,Non-Related,Parked Vehicle,Not Applicable,Not Applicable,South Of,,False,False,115323,CURCI DR,ST ELIZABETH DR,37.30786917,-121.9161426
5613,698739,CR-0000099991,1,0,0,0,23-258-0409,False,False,55,9/15/2023 12:37:00 PM,No Pedestrians Involved,Dry,No Unusual Conditions,Daylight,Violation Driver 1,No Controls Present/Factor,Clear,Other,Non-Related,Other Vehicle,Not Applicable,Not Applicable,West Of,,False,False,116841,QUAIL CREST WY,VALLEY QUAIL CI,37.2007709,-121.8501338
5614,685288,CR-0000093968,0,1,0,0,22-259-0676,False,False,89,9/16/2022 4:50:00 PM,No Pedestrians Involved,Dry,No Unusual Conditions,Daylight,Violation Driver 1,No Controls Present/Factor,Clear,Broadside,Non-Related,Other Vehicle,Not Applicable,Not Applicable,South Of,,False,False,78550,KEESLING AV,MERIDIAN AV,37.29544743,-121.9135468
5615,689160,CR-0000095025,0,0,0,0,22-300-0521,False,False,22,10/27/2022 2:30:00 PM,No Pedestrians Involved,Dry,No Unusual Conditions,Daylight,Violation Driver 1,No Controls Present/Factor,Clear,Rear End,Related,Other Vehicle,Not Applicable,Not Applicable,North Of,,False,True,78550,KEESLING AV,MERIDIAN AV,37.29544743,-121.9135468
5616,695881,CR-0000098973,0,0,0,0,23-109-4003,False,True,,4/17/2023 3:00:00 PM,No Pedestrians Involved,Unknown,Unknown,Unknown,Unknown,Unknown,Unknown,Other,Related,Other Vehicle,Not Applicable,Not Applicable,North Of,,False,False,78550,KEESLING AV,MERIDIAN AV,37.29544743,-121.9135468
5617,684860,CR-0000093502,0,0,0,0,22-195-0001,False,False,203,7/14/2022 12:12:00 AM,No Pedestrians Involved,Dry,No Unusual Conditions,Dark - Street Light,Violation Driver 1,No Controls Present/Factor,Clear,Head On,Non-Related,Parked Vehicle,Not Applicable,Not Applicable,South Of,,False,True,49224,DE ROSE WY,WILLOWHAVEN DR,37.30547508,-121.9193549
5618,682674,CR-0000092250,1,0,0,0,22-146-1053,False,False,54,5/26/2022 9:37:00 PM,No Pedestrians Involved,Dry,No Unusual Conditions,Dark - Street Light,Violation Driver 1,No Controls Present/Factor,Clear,Rear End,Non-Related,Parked Vehicle,Not Applicable,Not Applicable,West Of,CURB,False,False,16103,BELLEROSE DR,HEDDING ST,37.33038347,-121.9370667
5619,692372,CR-0000097654,1,0,0,0,23-065-0700,False,False,33,3/6/2023 6:39:00 PM,Crossing - Not In Crosswalk,Wet,No Unusual Conditions,Dark - No Street Light,Pedestrian At Fault,No Controls Present/Factor,Clear,Vehicle/Pedestrian,Related,Pedestrian,North,South,East Of,,False,False,39577,CIRO AV,FOREST AV,37.32704337,-121.9382372
5620,694342,CR-0000098286,0,2,0,0,23-156-0726,False,False,0,6/5/2023 4:58:00 PM,No Pedestrians Involved,Dry,No Unusual Conditions,Daylight,Violation Driver 1,No Controls Present/Factor,Clear,Broadside,Intersection,Other Vehicle,Not Applicable,Not Applicable,At,,False,False,39577,CIRO AV,FOREST AV,37.32704337,-121.9382372
5621,689562,CR-0000095539,1,1,0,0,22-357-0414,False,False,0,12/23/2022 1:32:00 PM,No Pedestrians Involved,Dry,No Unusual Conditions,Daylight,Violation Driver 1,Controls Functioning,Clear,Broadside,Intersection,Other Vehicle,Not Applicable,Not Applicable,At,,False,False,39577,CIRO AV,FOREST AV,37.32704337,-121.9382372
5622,696448,CR-0000099625,0,0,0,0,23-110-0211,False,False,0,4/20/2023 8:30:00 AM,No Pedestrians Involved,Dry,No Unusual Conditions,Daylight,Violation Driver 1,No Controls Present/Factor,Clear,Sideswipe,Intersection,Other Vehicle,Not Applicable,Not Applicable,At,,False,False,16092,BELLEROSE DR,FOREST AV,37.32708069,-121.9360138
5623,696446,CR-0000099623,0,0,0,0,23-110-0989,False,False,420,4/20/2023 11:10:00 PM,No Pedestrians Involved,Dry,No Unusual Conditions,Dusk - Dawn,Violation Driver 1,No Controls Present/Factor,Clear,Sideswipe,Non-Related,Parked Vehicle,Not Applicable,Not Applicable,East Of,,False,True,16092,BELLEROSE DR,FOREST AV,37.32708069,-121.9360138
5624,699200,CR-0000100521,0,0,0,0,23-168-0965,True,False,99,6/17/2023 11:10:00 PM,No Pedestrians Involved,Dry,No Unusual Conditions,Dark - Street Light,Violation Driver 1,Controls Functioning,Clear,Head On,Non-Related,Parked Vehicle,Not Applicable,Not Applicable,South Of,SIGN,False,False,16092,BELLEROSE DR,FOREST AV,37.32708069,-121.9360138
5625,681914,CR-0000091408,0,0,0,0,22-072-0136,False,False,0,3/13/2022 4:27:00 AM,No Pedestrians Involved,Dry,No Unusual Conditions,Dark - No Street Light,Violation Driver 1,Controls Functioning,Clear,Hit Object,Intersection,Fixed Object,Not Applicable,Not Applicable,At,Brick wall,True,False,124167,ARTHUR AV,FORMOSA RIDGE DR,37.35981988,-121.8118103
5626,694429,CR-0000098392,1,0,0,0,23-158-0658,False,False,0,6/7/2023 4:04:00 PM,No Pedestrians Involved,Dry,No Unusual Conditions,Daylight,Bike At Fault,Controls Functioning,Clear,Vehicle/Bike,Intersection,Bike,Not Applicable,Not Applicable,At,BIKE,False,False,73160,HILLSDALE AV,SUMMERCREEK DR,37.27911195,-121.8675549
5627,691049,CR-0000097222,0,0,0,0,23-059-0627,True,False,0,2/28/2023 5:04:00 PM,No Pedestrians Involved,Wet,No Unusual Conditions,Daylight,Violation Driver 1,No Controls Present/Factor,Rain,Hit Object,Intersection,Fixed Object,Not Applicable,Not Applicable,At,SIGN,True,False,23462,BRANHAM LN,CAPAY DR,37.2596307,-121.8893783
5628,692447,CR-0000097732,0,0,0,0,23-083-0876,False,False,99,3/24/2023 9:09:00 PM,No Pedestrians Involved,Dry,No Unusual Conditions,Dark - Street Light,Violation Driver 1,No Controls Present/Factor,Clear,Head On,Non-Related,Parked Vehicle,Not Applicable,Not Applicable,South Of,,True,True,69222,GUMDROP DR,PEANUT BRITTLE DR,37.33021499,-121.7944207
5629,691000,CR-0000097170,0,0,0,0,23-036-0788,False,False,40,2/5/2023 9:20:00 PM,No Pedestrians Involved,Dry,No Unusual Conditions,Dark - Street Light,Violation Driver 1,No Controls Present/Factor,Clear,Hit Object,Related,Fixed Object,Not Applicable,Not Applicable,West Of,,True,True,9294,ARQUEADO DR/PEANUT BRITTLE DR,FLINT AV,37.331104,-121.7895946
5630,694143,CR-0000098193,0,1,0,0,23-142-0471,False,False,381,5/22/2023 1:08:00 PM,No Pedestrians Involved,Dry,No Unusual Conditions,Daylight,Unknown,No Controls Present/Factor,Clear,Rear End,Non-Related,Parked Vehicle,Not Applicable,Not Applicable,East Of,,False,False,83599,LEYLAND PARK DR,WOODCLIFF DR,37.21965702,-121.8806404