_id,CrashFactId,Name,MinorInjuries,ModerateInjuries,SevereInjuries,FatalInjuries,TcrNumber,CityDamageFlag,ShortFormFlag,Distance,CrashDateTime,PedestrianAction,RoadwaySurface,RoadwayCondition,Lighting,PrimaryCollisionFactor,TrafficControl,Weather,CollisionType,ProximityToIntersection,VehicleInvolvedWith,PedestrianDirectionFrom,PedestrianDirectionTo,DirectionFromIntersection,Comment,SpeedingFlag,HitAndRunFlag,IntersectionNumber,AStreetName,BStreetName,Latitude,Longitude
5631,683520,CR-0000093118,1,0,0,0,22-202-0716,False,False,0,7/21/2022 5:22:00 PM,No Pedestrians Involved,Dry,No Unusual Conditions,Daylight,Violation Driver 1,No Controls Present/Factor,Clear,Vehicle/Bike,Intersection,Bike,Not Applicable,Not Applicable,At,BICYCLE,False,False,2474,ALAMEDA,ALAMEDA CT/IDAHO ST,37.34392463,-121.9300862
5632,687429,CR-0000094208,1,0,0,0,22-251-0256,False,False,0,9/8/2022 9:23:00 AM,No Pedestrians Involved,Dry,No Unusual Conditions,Daylight,Violation Driver 1,No Controls Present/Factor,Clear,Broadside,Intersection,Other Vehicle,Not Applicable,Not Applicable,At,,False,False,2474,ALAMEDA,ALAMEDA CT/IDAHO ST,37.34392463,-121.9300862
5633,689119,CR-0000094979,0,0,0,0,22-215-0928,False,False,112,6/3/2022 10:13:00 PM,No Pedestrians Involved,Dry,No Unusual Conditions,Dark - Street Light,Violation Driver 1,Unknown,Clear,Rear End,Non-Related,Other Vehicle,Not Applicable,Not Applicable,North Of,,True,True,2474,ALAMEDA,ALAMEDA CT/IDAHO ST,37.34392463,-121.9300862
5634,719731,CR-0000102903,0,0,0,0,24-018-0067,False,False,313,1/18/2024 2:45:00 AM,No Pedestrians Involved,Dry,No Unusual Conditions,Dark - Street Light,Violation Driver 1,No Controls Present/Factor,Clear,Sideswipe,Non-Related,Other Vehicle,Not Applicable,Not Applicable,West Of,,False,True,2474,ALAMEDA,ALAMEDA CT/IDAHO ST,37.34392463,-121.9300862
5635,694540,CR-0000098534,2,0,0,0,23-196-0286,False,False,0,7/15/2023 9:07:00 AM,No Pedestrians Involved,Dry,Construction - Repair Zone,Daylight,Violation Driver 1,Controls Not Functioning,Clear,Broadside,Intersection,Other Vehicle,Not Applicable,Not Applicable,At,,False,False,13980,BASCOM AV,NIMITZ FR,37.33552094,-121.9367352
5636,683365,CR-0000092955,2,0,0,0,22-177-0633,False,False,30,6/26/2022 5:12:00 PM,No Pedestrians Involved,Dry,No Unusual Conditions,Daylight,Violation Driver 1,No Controls Present/Factor,Clear,Broadside,Related,Other Vehicle,Not Applicable,Not Applicable,North Of,,False,False,13749,BASCOM AV,CHERRYSTONE DR,37.33617036,-121.9369308
5637,694760,CR-0000098794,1,0,0,0,23-243-0571,False,False,0,8/31/2023 2:19:00 PM,No Pedestrians Involved,Dry,No Unusual Conditions,Daylight,Violation Driver 1,No Controls Present/Factor,Clear,Broadside,Intersection,Other Vehicle,Not Applicable,Not Applicable,At,,False,False,13749,BASCOM AV,CHERRYSTONE DR,37.33617036,-121.9369308
5638,691269,CR-0000097514,0,0,0,0,23-089-4005,False,True,0,2/28/2023 8:20:00 AM,No Pedestrians Involved,Unknown,Unknown,Unknown,Unknown,Unknown,Unknown,Broadside,Intersection,Other Vehicle,Not Applicable,Not Applicable,At,,False,False,13749,BASCOM AV,CHERRYSTONE DR,37.33617036,-121.9369308
5639,683335,CR-0000092923,0,0,0,0,22-164-4010,False,True,,6/13/2022 11:48:00 AM,No Pedestrians Involved,Unknown,Unknown,Unknown,Unknown,Unknown,Unknown,Sideswipe,Related,Other Vehicle,Not Applicable,Not Applicable,East Of,,False,False,78165,JUNIPERO SERRA FR/TISCH WY,WINCHESTER BL,37.31728124,-121.9501206
5640,685289,CR-0000093969,2,0,0,0,22-259-0968,False,False,0,9/16/2022 8:54:00 PM,No Pedestrians Involved,Unknown,No Unusual Conditions,Daylight,Violation Driver 1,Controls Functioning,Clear,Rear End,Intersection,Other Vehicle,Not Applicable,Not Applicable,At,,True,False,78165,JUNIPERO SERRA FR/TISCH WY,WINCHESTER BL,37.31728124,-121.9501206
5641,691130,CR-0000097326,1,0,0,0,23-034-9703,False,False,0,2/1/2023 12:45:00 PM,No Pedestrians Involved,Dry,No Unusual Conditions,Daylight,Unknown,Controls Functioning,Clear,Sideswipe,Intersection,Other Vehicle,Not Applicable,Not Applicable,At,,False,False,78165,JUNIPERO SERRA FR/TISCH WY,WINCHESTER BL,37.31728124,-121.9501206
5642,691067,CR-0000097240,1,0,0,0,23-032-0463,False,False,0,2/1/2023 1:04:00 PM,No Pedestrians Involved,Dry,No Unusual Conditions,Daylight,Violation Driver 1,Controls Functioning,Clear,Sideswipe,Intersection,Other Vehicle,Not Applicable,Not Applicable,At,,False,False,78165,JUNIPERO SERRA FR/TISCH WY,WINCHESTER BL,37.31728124,-121.9501206
5643,690938,CR-0000097107,1,0,0,0,23-058-0600,False,False,0,2/27/2023 4:39:00 PM,No Pedestrians Involved,Dry,No Unusual Conditions,Daylight,Violation Driver 1,Controls Functioning,Clear,Rear End,Intersection,Other Vehicle,Not Applicable,Not Applicable,At,,True,False,78165,JUNIPERO SERRA FR/TISCH WY,WINCHESTER BL,37.31728124,-121.9501206
5644,694203,CR-0000098044,1,0,0,0,23-110-0283,False,False,87,4/20/2023 10:08:00 AM,No Pedestrians Involved,Dry,No Unusual Conditions,Daylight,Violation Driver 1,Controls Functioning,Clear,Rear End,Non-Related,Other Vehicle,Not Applicable,Not Applicable,South Of,,False,False,78165,JUNIPERO SERRA FR/TISCH WY,WINCHESTER BL,37.31728124,-121.9501206
5645,692420,CR-0000097703,1,0,0,0,23-081-0540,False,False,0,3/22/2023 3:30:00 PM,No Pedestrians Involved,Dry,No Unusual Conditions,Daylight,Violation Driver 1,Controls Functioning,Cloudy,Broadside,Intersection,Other Vehicle,Not Applicable,Not Applicable,At,,False,False,78165,JUNIPERO SERRA FR/TISCH WY,WINCHESTER BL,37.31728124,-121.9501206
5646,698713,CR-0000099962,0,0,0,0,23-149-4000,False,True,51,5/27/2023 3:39:00 PM,No Pedestrians Involved,Unknown,Unknown,Daylight,Unknown,Unknown,Unknown,Rear End,Non-Related,Other Vehicle,Not Applicable,Not Applicable,North Of,,False,False,78165,JUNIPERO SERRA FR/TISCH WY,WINCHESTER BL,37.31728124,-121.9501206
5647,696529,CR-0000099716,1,0,0,0,23-345-0756,False,False,0,12/11/2023 5:50:00 PM,No Pedestrians Involved,Dry,No Unusual Conditions,Dark - Street Light Not Functioning,Violation Driver 1,Controls Functioning,Clear,Broadside,Intersection,Other Vehicle,Not Applicable,Not Applicable,At,,True,False,78165,JUNIPERO SERRA FR/TISCH WY,WINCHESTER BL,37.31728124,-121.9501206
5648,722454,CR-0000103738,0,0,0,0,24-100-4001,False,True,,4/9/2024 9:25:00 AM,No Pedestrians Involved,Unknown,Unknown,Unknown,Unknown,Unknown,Unknown,Rear End,Non-Related,Other Vehicle,Not Applicable,Not Applicable,South Of,,False,False,78165,JUNIPERO SERRA FR/TISCH WY,WINCHESTER BL,37.31728124,-121.9501206
5649,685175,CR-0000093829,1,2,0,0,22-224-0792,False,False,0,8/12/2022 7:05:00 PM,No Pedestrians Involved,Dry,No Unusual Conditions,Daylight,Violation Driver 1,Controls Functioning,Clear,Head On,Intersection,Other Vehicle,Not Applicable,Not Applicable,At,,False,False,47838,CYPRESS AV,MOORPARK AV,37.31606798,-121.9597885
5650,688997,CR-0000094857,0,0,0,0,22-272-4001,False,True,51,9/19/2022 8:00:00 PM,No Pedestrians Involved,Unknown,Unknown,Unknown,Unknown,Unknown,Unknown,Other,Non-Related,Parked Vehicle,Not Applicable,Not Applicable,South Of,,False,True,47838,CYPRESS AV,MOORPARK AV,37.31606798,-121.9597885
5651,689022,CR-0000094882,0,0,0,0,22-285-0074,True,False,30,10/12/2022 2:23:00 AM,No Pedestrians Involved,Dry,No Unusual Conditions,Dark - Street Light,Violation Driver 1,No Controls Present/Factor,Clear,Hit Object,Related,Fixed Object,Not Applicable,Not Applicable,East Of,SOUNDWALL,False,False,47838,CYPRESS AV,MOORPARK AV,37.31606798,-121.9597885
5652,683013,CR-0000092509,0,0,0,0,22-159-0079,False,False,200,6/8/2022 2:00:00 AM,No Pedestrians Involved,Dry,No Unusual Conditions,Dark - Street Light,Violation Driver 1,No Controls Present/Factor,Clear,Hit Object,Non-Related,Other Object,Not Applicable,Not Applicable,East Of,,False,True,53987,EDEN AV,MOORPARK AV,37.31608927,-121.9546648
5653,681493,CR-0000090883,0,1,0,0,22-035-0186,False,False,204,2/4/2022 8:23:00 AM,No Pedestrians Involved,Dry,No Unusual Conditions,Daylight,Violation Driver 1,No Controls Present/Factor,Clear,Rear End,Non-Related,Other Vehicle,Not Applicable,Not Applicable,East Of,,True,False,53987,EDEN AV,MOORPARK AV,37.31608927,-121.9546648
5654,694403,CR-0000098357,0,1,0,0,23-171-0971,False,False,164,6/20/2023 9:07:00 PM,No Pedestrians Involved,Dry,No Unusual Conditions,Dark - Street Light,Violation Driver 1,No Controls Present/Factor,Clear,Broadside,Non-Related,Motorcycle,Not Applicable,Not Applicable,East Of,,False,False,53987,EDEN AV,MOORPARK AV,37.31608927,-121.9546648
5655,696183,CR-0000099327,1,0,0,0,23-211-0539,True,False,271,7/30/2023 3:00:00 PM,No Pedestrians Involved,Dry,No Unusual Conditions,Daylight,Violation Driver 1,Controls Functioning,Clear,Sideswipe,Non-Related,Other Vehicle,Not Applicable,Not Applicable,East Of,LIGHT POLE,False,False,53987,EDEN AV,MOORPARK AV,37.31608927,-121.9546648
5656,696256,CR-0000099402,1,0,0,0,23-190-0098,False,False,0,7/9/2023 2:04:00 AM,No Pedestrians Involved,Dry,No Unusual Conditions,Dark - Street Light,Violation Driver 1,Controls Functioning,Clear,Hit Object,Intersection,Fixed Object,Not Applicable,Not Applicable,West Of,CURB,True,False,64514,GARDEN DR,NAGLEE AV,37.33036917,-121.928716
5657,716243,CR-0000102243,0,1,0,0,24-042-0685,True,False,249,2/11/2024 8:29:00 PM,No Pedestrians Involved,Dry,No Unusual Conditions,Dark - Street Light,Violation Driver 1,No Controls Present/Factor,Clear,Hit Object,Non-Related,Fixed Object,Not Applicable,Not Applicable,South Of,FENCE,True,False,73480,HOLDERMAN DR,RUBY AV,37.34255377,-121.7904939
5658,682886,CR-0000092496,1,0,0,0,22-173-0718,False,False,51,6/22/2022 5:00:00 PM,No Pedestrians Involved,Dry,No Unusual Conditions,Daylight,Violation Driver 1,No Controls Present/Factor,Clear,Rear End,Non-Related,Other Vehicle,Not Applicable,Not Applicable,North Of,,True,True,5851,ALTA GLEN DR,MERIDIAN AV,37.29653847,-121.9135572
5659,698845,CR-0000100128,1,1,0,0,23-339-0575,False,False,0,12/5/2023 4:05:00 PM,No Pedestrians Involved,Dry,No Unusual Conditions,Daylight,Violation Driver 1,Controls Functioning,Clear,Sideswipe,Intersection,Motor Vehicle On Other Roadway,Not Applicable,Not Applicable,At,,False,False,5851,ALTA GLEN DR,MERIDIAN AV,37.29653847,-121.9135572
5660,722263,CR-0000103530,0,0,0,0,24-084-4013,False,True,0,3/24/2024 8:30:00 PM,No Pedestrians Involved,Unknown,Unknown,Unknown,Unknown,Unknown,Unknown,Broadside,Intersection,Unknown,Not Applicable,Not Applicable,At,,False,False,58805,FARAONE DR,HEPPNER LN,37.26658288,-121.8633276
5661,699293,CR-0000100618,0,0,0,0,23-158-4004,False,True,51,6/7/2023 4:40:00 PM,No Pedestrians Involved,Unknown,Unknown,Unknown,Unknown,Unknown,Unknown,Other,Non-Related,Other Vehicle,Not Applicable,Not Applicable,South Of,,False,False,30590,CAMDEN AV,MERRILL LP,37.24195658,-121.9051294
5662,690736,CR-0000096873,0,0,0,0,23-014-0648,True,False,0,1/14/2023 6:32:00 PM,No Pedestrians Involved,Wet,No Unusual Conditions,Dark - No Street Light,Violation Driver 1,Controls Not Functioning,Rain,Hit Object,Intersection,Fixed Object,Not Applicable,Not Applicable,At,STREET SIGN,False,False,30590,CAMDEN AV,MERRILL LP,37.24195658,-121.9051294
5663,690705,CR-0000096842,0,0,0,0,23-014-0057,True,False,184,1/14/2023 1:09:00 AM,No Pedestrians Involved,Wet,No Unusual Conditions,Dark - Street Light,Violation Driver 1,Controls Functioning,Rain,Hit Object,Non-Related,Fixed Object,Not Applicable,Not Applicable,South Of,SIGN,False,True,30590,CAMDEN AV,MERRILL LP,37.24195658,-121.9051294
5664,698733,CR-0000099983,1,0,1,0,23-262-0773,True,False,48,9/19/2023 6:03:00 PM,Crossing In Crosswalk - At Intersection,Dry,No Unusual Conditions,Daylight,Violation Driver 1,No Controls Present/Factor,Clear,Vehicle/Pedestrian,Related,Pedestrian,Unknown,Unknown,West Of,PED/LIGHT POLE,True,True,70399,HARLISS AV,VIRGINIA ST,37.32022376,-121.8885795
5665,695916,CR-0000099044,0,0,0,0,23-219-9709,False,True,0,8/6/2023 10:36:00 AM,No Pedestrians Involved,Wet,No Unusual Conditions,Daylight,Unknown,Unknown,Clear,Other,Intersection,Parked Vehicle,Not Applicable,Not Applicable,At,,False,False,70399,HARLISS AV,VIRGINIA ST,37.32022376,-121.8885795
5666,694357,CR-0000098301,0,1,1,0,23-164-0628,False,False,0,6/13/2023 4:50:00 PM,Crossing In Crosswalk - At Intersection,Dry,No Unusual Conditions,Daylight,Violation Driver 1,No Controls Present/Factor,Clear,Vehicle/Pedestrian,Intersection,Pedestrian,South,North,At,PED(2),False,False,117017,OAKGATE WY,QUIMBY RD,37.32488009,-121.7838897
5667,722045,CR-0000103299,0,0,0,0,24-061-9703,False,True,0,2/29/2024 8:40:00 AM,No Pedestrians Involved,Dry,No Unusual Conditions,Daylight,Unknown,Controls Functioning,Clear,Broadside,Intersection,Other Vehicle,Not Applicable,Not Applicable,At,,False,False,117017,OAKGATE WY,QUIMBY RD,37.32488009,-121.7838897
5668,711739,CR-0000101128,0,0,0,0,23-299-0175,False,False,204,10/26/2023 8:30:00 AM,No Pedestrians Involved,Dry,No Unusual Conditions,Daylight,Violation Driver 1,Controls Functioning,Clear,Rear End,Non-Related,Other Vehicle,Not Applicable,Not Applicable,East Of,,False,False,117017,OAKGATE WY,QUIMBY RD,37.32488009,-121.7838897
5669,682772,CR-0000092352,0,0,0,0,22-139-1068,True,False,100,5/19/2022 10:36:00 PM,No Pedestrians Involved,Dry,No Unusual Conditions,Dark - Street Light,Violation Driver 1,No Controls Present/Factor,Clear,Hit Object,Non-Related,Fixed Object,Not Applicable,Not Applicable,East Of,LIGHT POLE AND ELECTRIC TRANSFORMER,True,False,127863,MARSTON WY/RUE MIRASSOU,QUIMBY RD,37.32587846,-121.7700095
5670,690913,CR-0000097076,1,0,0,0,23-055-0086,True,False,62,2/24/2023 4:01:00 AM,No Pedestrians Involved,Wet,No Unusual Conditions,Dark - Street Light,Violation Driver 1,No Controls Present/Factor,Rain,Hit Object,Non-Related,Fixed Object,Not Applicable,Not Applicable,East Of,TREE,True,False,127863,MARSTON WY/RUE MIRASSOU,QUIMBY RD,37.32587846,-121.7700095
5671,690155,CR-0000096243,0,0,0,0,22-324-0217,True,False,,11/20/2022 9:49:00 AM,No Pedestrians Involved,Dry,No Unusual Conditions,Daylight,Violation Driver 1,Controls Functioning,Clear,Head On,Non-Related,Fixed Object,Not Applicable,Not Applicable,East Of,light pole,False,False,127863,MARSTON WY/RUE MIRASSOU,QUIMBY RD,37.32587846,-121.7700095
5672,716019,CR-0000102002,2,1,1,0,24-008-0847,True,False,51,1/8/2024 9:10:00 PM,No Pedestrians Involved,Dry,No Unusual Conditions,Dark - Street Light,Violation Driver 1,No Controls Present/Factor,Clear,Hit Object,Non-Related,Fixed Object,Not Applicable,Not Applicable,East Of,"CURB, TREE",False,False,127863,MARSTON WY/RUE MIRASSOU,QUIMBY RD,37.32587846,-121.7700095
5673,716361,CR-0000102345,0,1,0,0,24-052-0596,False,False,0,2/21/2024 3:51:00 PM,No Pedestrians Involved,Dry,No Unusual Conditions,Daylight,Violation Driver 1,No Controls Present/Factor,Clear,Broadside,Intersection,Motorcycle,Not Applicable,Not Applicable,At,,True,False,127863,MARSTON WY/RUE MIRASSOU,QUIMBY RD,37.32587846,-121.7700095
5674,681301,CR-0000090687,1,0,0,0,22-011-0643,False,False,390,1/11/2022 8:20:00 AM,No Pedestrians Involved,Dry,No Unusual Conditions,Daylight,Violation Driver 1,No Controls Present/Factor,Clear,Rear End,Non-Related,Other Vehicle,Not Applicable,Not Applicable,East Of,,True,False,102464,QUIMBY RD,REMINGTON WY,37.32483948,-121.7870456
5675,681955,CR-0000091464,0,0,0,0,22-084-0273,False,False,0,3/25/2022 6:24:00 PM,Crossing In Crosswalk - At Intersection,Dry,No Unusual Conditions,Daylight,Violation Driver 1,Controls Functioning,Clear,Vehicle/Pedestrian,Intersection,Pedestrian,Unknown,Unknown,At,PEDESTRIAN,False,False,102464,QUIMBY RD,REMINGTON WY,37.32483948,-121.7870456
5676,684875,CR-0000093530,2,0,0,0,22-194-0896,False,False,0,7/13/2022 8:59:00 PM,No Pedestrians Involved,Dry,No Unusual Conditions,Dark - Street Light,Violation Driver 1,Controls Functioning,Clear,Broadside,Intersection,Other Vehicle,Not Applicable,Not Applicable,At,,False,False,102464,QUIMBY RD,REMINGTON WY,37.32483948,-121.7870456
5677,684901,CR-0000093531,1,0,0,0,22-194-0997,False,False,45,7/13/2022 10:44:00 PM,No Pedestrians Involved,Dry,No Unusual Conditions,Dark - Street Light,Violation Driver 1,Controls Not Functioning,Clear,Rear End,Related,Other Vehicle,Not Applicable,Not Applicable,East Of,,True,False,102464,QUIMBY RD,REMINGTON WY,37.32483948,-121.7870456
5678,698955,CR-0000100257,1,0,0,0,23-312-0579,False,False,0,11/8/2023 3:56:00 PM,No Pedestrians Involved,Dry,No Unusual Conditions,Daylight,Violation Driver 1,Controls Functioning,Clear,Vehicle/Bike,Intersection,Bike,Not Applicable,Not Applicable,At,BIKE,False,False,102464,QUIMBY RD,REMINGTON WY,37.32483948,-121.7870456
5679,699026,CR-0000100332,1,0,0,0,23-300-0734,True,False,0,10/27/2023 6:21:00 PM,No Pedestrians Involved,Dry,No Unusual Conditions,Dark - Street Light,Violation Driver 1,No Controls Present/Factor,Clear,Hit Object,Intersection,Fixed Object,Not Applicable,Not Applicable,At,TREE,True,False,104598,ROMERO ST,STOKES ST,37.30149646,-121.9331378
5680,716120,CR-0000102095,1,0,0,0,24-020-0094,False,False,33,1/20/2024 2:47:00 AM,No Pedestrians Involved,Wet,No Unusual Conditions,Dark - Street Light,Violation Driver 1,Controls Functioning,Rain,Rear End,Related,Parked Vehicle,Not Applicable,Not Applicable,East Of,,False,False,40864,CLOVIS AV,RUDY DR,37.23905114,-121.9057834
5681,712170,CR-0000101601,0,0,0,0,23-357-4000,False,True,51,12/23/2023 6:41:00 AM,No Pedestrians Involved,Unknown,Unknown,Unknown,Unknown,Unknown,Unknown,Rear End,Non-Related,Other Vehicle,Not Applicable,Not Applicable,West Of,,False,False,53481,EAST HILLS DR,LAUMER AV,37.36684195,-121.8180962
5682,689537,CR-0000095514,0,1,0,0,22-345-0728,False,False,0,12/11/2022 10:05:00 PM,Crossing In Crosswalk - At Intersection,Wet,No Unusual Conditions,Dark - Street Light,Violation Driver 1,Controls Functioning,Rain,Vehicle/Pedestrian,Intersection,Pedestrian,East,West,At,PED,False,True,53547,EAST HILLS DR,WHITE RD,37.36224773,-121.8247268
5683,681632,CR-0000091029,0,0,0,1,22-002-0721,False,False,,1/2/2022 8:04:00 PM,In Road - Includes Shoulder,Dry,No Unusual Conditions,Dark - Street Light,Unknown,No Controls Present/Factor,Clear,Vehicle/Pedestrian,Related,Pedestrian,No Direction (Not Walking),No Direction (Not Walking),South Of,PED,False,True,53547,EAST HILLS DR,WHITE RD,37.36224773,-121.8247268
5684,698931,CR-0000100233,1,0,0,0,23-326-0793,False,False,463,11/22/2023 7:24:00 PM,No Pedestrians Involved,Dry,No Unusual Conditions,Dark - Street Light,Violation Driver 1,No Controls Present/Factor,Clear,Rear End,Non-Related,Other Vehicle,Not Applicable,Not Applicable,South Of,,True,False,53547,EAST HILLS DR,WHITE RD,37.36224773,-121.8247268
5685,694701,CR-0000098736,1,0,0,0,23-223-0979,True,False,0,8/11/2023 11:47:00 PM,No Pedestrians Involved,Dry,No Unusual Conditions,Dark - Street Light,Violation Driver 1,Controls Functioning,Clear,Hit Object,Intersection,Fixed Object,Not Applicable,Not Applicable,At,SIGN,False,False,53547,EAST HILLS DR,WHITE RD,37.36224773,-121.8247268
5686,690350,CR-0000096444,0,0,0,0,22-240-4001,False,True,,8/27/2022 11:00:00 PM,No Pedestrians Involved,Unknown,Unknown,Unknown,Unknown,Unknown,Unknown,Rear End,Non-Related,Other Vehicle,Not Applicable,Not Applicable,South Of,,False,True,53547,EAST HILLS DR,WHITE RD,37.36224773,-121.8247268
5687,691152,CR-0000097353,0,0,0,0,23-037-9705,False,True,51,2/5/2023 4:09:00 PM,No Pedestrians Involved,Unknown,Unknown,Daylight,Unknown,Unknown,Clear,Other,Non-Related,Other Vehicle,Not Applicable,Not Applicable,North Of,,False,False,53547,EAST HILLS DR,WHITE RD,37.36224773,-121.8247268
5688,692457,CR-0000097744,0,0,0,0,23-084-0550,False,False,60,3/25/2023 5:03:00 PM,No Pedestrians Involved,Dry,No Unusual Conditions,Daylight,Violation Driver 1,Controls Functioning,Clear,Rear End,Non-Related,Other Vehicle,Not Applicable,Not Applicable,South Of,,False,True,53547,EAST HILLS DR,WHITE RD,37.36224773,-121.8247268
5689,692567,CR-0000097858,0,0,1,0,23-097-0558,False,False,122,4/7/2023 4:07:00 PM,No Pedestrians Involved,Dry,No Unusual Conditions,Daylight,Violation Driver 1,Controls Functioning,Clear,Sideswipe,Non-Related,Motorcycle,Not Applicable,Not Applicable,North Of,,True,False,53547,EAST HILLS DR,WHITE RD,37.36224773,-121.8247268
5690,715867,CR-0000101949,0,0,0,0,23-225-0697,False,False,51,8/13/2023 6:35:00 PM,No Pedestrians Involved,Dry,Unknown,Daylight,Violation Driver 1,Controls Functioning,Clear,Rear End,Non-Related,Other Vehicle,Not Applicable,Not Applicable,North Of,,True,True,53547,EAST HILLS DR,WHITE RD,37.36224773,-121.8247268
5691,711566,CR-0000101238,0,0,0,0,23-293-4005,False,True,0,10/20/2023 4:45:00 PM,No Pedestrians Involved,Unknown,Unknown,Unknown,Unknown,Unknown,Unknown,Rear End,Intersection,Other Vehicle,Not Applicable,Not Applicable,At,,False,False,53547,EAST HILLS DR,WHITE RD,37.36224773,-121.8247268
5692,699265,CR-0000100588,0,0,0,0,23-169-4001,False,True,51,6/17/2023 8:00:00 PM,No Pedestrians Involved,Unknown,Unknown,Unknown,Unknown,Unknown,Unknown,Other,Non-Related,Parked Vehicle,Not Applicable,Not Applicable,South Of,,False,False,76933,JERILYN DR,DAVENPORT DR/MAHONEY DR,37.36787088,-121.812194
5693,716277,CR-0000102254,0,0,1,0,24-035-1225,False,False,0,2/4/2024 11:46:00 PM,Not In Road,Wet,No Unusual Conditions,Dark - Street Light,Violation Driver 1,No Controls Present/Factor,Rain,Vehicle/Pedestrian,Intersection,Pedestrian,No Direction (Not Walking),No Direction (Not Walking),At,PED,False,False,48806,DAVENPORT DR,FELLER AV,37.36654701,-121.8093169
5694,679945,CR-0000089171,0,0,0,1,22-022-0688,False,False,0,1/22/2022 7:33:00 PM,Crossing - Not In Crosswalk,Dry,No Unusual Conditions,Dark - Street Light,Pedestrian At Fault,Controls Functioning,Clear,Vehicle/Pedestrian,Intersection,Pedestrian,West,East,At,Hit and Run,True,False,76042,JACKSON AV,ALEXIAN DW/MATHER DR,37.36283138,-121.8477681
5695,682901,CR-0000092500,0,0,0,0,22-177-0172,False,False,216,6/26/2022 5:00:00 AM,No Pedestrians Involved,Dry,No Unusual Conditions,Daylight,Violation Driver 1,No Controls Present/Factor,Clear,Rear End,Non-Related,Parked Vehicle,Not Applicable,Not Applicable,East Of,,False,True,76042,JACKSON AV,ALEXIAN DW/MATHER DR,37.36283138,-121.8477681
5696,695784,CR-0000098849,1,2,0,0,23-253-0674,False,False,0,9/10/2023 5:25:00 PM,No Pedestrians Involved,Dry,No Unusual Conditions,Daylight,Unknown,Controls Functioning,Clear,Broadside,Intersection,Motor Vehicle On Other Roadway,Not Applicable,Not Applicable,At,,False,False,76042,JACKSON AV,ALEXIAN DW/MATHER DR,37.36283138,-121.8477681
5697,690998,CR-0000097169,2,0,0,0,23-006-0294,False,False,30,1/6/2023 10:31:00 AM,No Pedestrians Involved,Dry,No Unusual Conditions,Daylight,Violation Driver 1,Controls Functioning,Clear,Rear End,Related,Other Vehicle,Not Applicable,Not Applicable,South Of,,False,False,76042,JACKSON AV,ALEXIAN DW/MATHER DR,37.36283138,-121.8477681
5698,721986,CR-0000103240,0,0,0,0,24-053-4000,False,True,51,2/21/2024 12:30:00 PM,No Pedestrians Involved,Unknown,Unknown,Unknown,Unknown,Unknown,Unknown,Sideswipe,Non-Related,Parked Vehicle,Not Applicable,Not Applicable,East Of,,False,False,76042,JACKSON AV,ALEXIAN DW/MATHER DR,37.36283138,-121.8477681
5699,691007,CR-0000097178,0,0,0,0,23-059-0204,False,False,60,2/28/2023 8:30:00 AM,No Pedestrians Involved,Wet,No Unusual Conditions,Daylight,Violation Driver 1,No Controls Present/Factor,Rain,Rear End,Non-Related,Parked Vehicle,Not Applicable,Not Applicable,South Of,,True,True,24584,BRENTON AV,COUNTRY LN,37.29854367,-121.9921259
5700,711940,CR-0000100881,0,0,0,0,23-186-9704,False,True,0,7/3/2023 9:45:00 PM,No Pedestrians Involved,Dry,No Unusual Conditions,Dark - Street Light,Unknown,Controls Functioning,Clear,Rear End,Intersection,Other Vehicle,Not Applicable,Not Applicable,At,,False,False,55054,EL CAJON DR/NOKOMIS DR,SENTER RD,37.28238765,-121.8234756
5701,699130,CR-0000100446,0,0,0,0,23-147-0063,False,False,380,6/23/2023 1:26:00 AM,No Pedestrians Involved,Dry,No Unusual Conditions,Dark - Street Light,Unknown,No Controls Present/Factor,Clear,Rear End,Non-Related,Other Vehicle,Not Applicable,Not Applicable,West Of,,False,True,64382,GALLANT FOX AV,WHIRLAWAY DR,37.26369933,-121.8067246
5702,682227,CR-0000091766,0,0,0,0,22-066-0628,True,False,66,3/7/2022 2:16:00 PM,No Pedestrians Involved,Dry,No Unusual Conditions,Daylight,Violation Driver 1,Controls Functioning,Clear,Rear End,Non-Related,Other Vehicle,Not Applicable,Not Applicable,North Of,DOT,False,False,109560,SKYWAY DR,SNELL AV,37.26890229,-121.8338253
5703,681929,CR-0000091424,0,0,0,0,22-049-1014,True,False,400,2/18/2022 10:20:00 PM,No Pedestrians Involved,Dry,No Unusual Conditions,Dark - Street Light,Violation Driver 1,No Controls Present/Factor,Clear,Hit Object,Non-Related,Fixed Object,Not Applicable,Not Applicable,East Of,Light Pole #17P426,False,False,109560,SKYWAY DR,SNELL AV,37.26890229,-121.8338253
5704,696520,CR-0000099707,1,0,0,0,23-335-0263,False,False,0,12/1/2023 1:34:00 PM,No Pedestrians Involved,Dry,No Unusual Conditions,Daylight,Violation Driver 1,Controls Functioning,Clear,Rear End,Intersection,Other Vehicle,Not Applicable,Not Applicable,At,,True,False,109560,SKYWAY DR,SNELL AV,37.26890229,-121.8338253
5705,695909,CR-0000099037,0,0,0,0,23-218-4001,False,True,0,8/6/2023 2:45:00 PM,No Pedestrians Involved,Unknown,Unknown,Unknown,Unknown,Unknown,Unknown,Rear End,Intersection,Other Vehicle,Not Applicable,Not Applicable,At,,False,False,109560,SKYWAY DR,SNELL AV,37.26890229,-121.8338253