_id,CrashFactId,Name,MinorInjuries,ModerateInjuries,SevereInjuries,FatalInjuries,TcrNumber,CityDamageFlag,ShortFormFlag,Distance,CrashDateTime,PedestrianAction,RoadwaySurface,RoadwayCondition,Lighting,PrimaryCollisionFactor,TrafficControl,Weather,CollisionType,ProximityToIntersection,VehicleInvolvedWith,PedestrianDirectionFrom,PedestrianDirectionTo,DirectionFromIntersection,Comment,SpeedingFlag,HitAndRunFlag,IntersectionNumber,AStreetName,BStreetName,Latitude,Longitude
5706,689669,CR-0000095651,2,0,0,0,22-351-0489,False,False,0,12/17/2022 3:21:00 PM,No Pedestrians Involved,Dry,No Unusual Conditions,Daylight,Violation Driver 1,Controls Functioning,Clear,Head On,Intersection,Other Vehicle,Not Applicable,Not Applicable,At,,False,False,109560,SKYWAY DR,SNELL AV,37.26890229,-121.8338253
5707,682022,CR-0000091532,1,0,0,0,22-062-0851,False,False,345,3/3/2022 7:04:00 PM,No Pedestrians Involved,Dry,No Unusual Conditions,Dark - Street Light,Violation Driver 1,Controls Functioning,Clear,Rear End,Non-Related,Other Vehicle,Not Applicable,Not Applicable,South Of,,False,False,20272,BLOSSOM HILL RD,MONTEREY RD,37.25627054,-121.8034319
5708,682484,CR-0000092051,2,0,0,0,22-111-0839,False,False,0,4/21/2022 8:30:00 PM,No Pedestrians Involved,Wet,Construction - Repair Zone,Dark - Street Light,Violation Driver 1,Controls Functioning,Clear,Vehicle/Bike,Intersection,Bike,Not Applicable,Not Applicable,At,(2) BIKES - BOTH MEN ON ONE BIKE. ONE WAS GIVING A RIDE TO THE OTHER.,False,True,20272,BLOSSOM HILL RD,MONTEREY RD,37.25627054,-121.8034319
5709,682985,CR-0000092594,0,0,0,0,22-175-0540,False,False,0,6/24/2022 1:35:00 PM,No Pedestrians Involved,Dry,No Unusual Conditions,Daylight,Violation Driver 1,Controls Functioning,Clear,Head On,Intersection,Fixed Object,Not Applicable,Not Applicable,At,Light Pole,True,True,20272,BLOSSOM HILL RD,MONTEREY RD,37.25627054,-121.8034319
5710,684958,CR-0000093599,0,0,0,0,22-215-0118,False,False,285,8/3/2022 4:16:00 AM,No Pedestrians Involved,Dry,No Unusual Conditions,Dark - Street Light,Violation Driver 1,No Controls Present/Factor,Clear,Rear End,Non-Related,Other Vehicle,Not Applicable,Not Applicable,South Of,,True,True,20272,BLOSSOM HILL RD,MONTEREY RD,37.25627054,-121.8034319
5711,685128,CR-0000093801,0,0,0,0,22-235-0319,False,False,72,8/23/2022 9:39:00 AM,No Pedestrians Involved,Dry,No Unusual Conditions,Daylight,Violation Driver 1,No Controls Present/Factor,Clear,Broadside,Non-Related,Other Vehicle,Not Applicable,Not Applicable,North Of,,False,False,20272,BLOSSOM HILL RD,MONTEREY RD,37.25627054,-121.8034319
5712,689652,CR-0000095634,0,0,0,0,22-354-0602,False,False,,12/20/2022 3:22:00 PM,No Pedestrians Involved,Dry,No Unusual Conditions,Daylight,Violation Driver 1,Controls Functioning,Clear,Sideswipe,Related,Other Vehicle,Not Applicable,Not Applicable,East Of,,False,True,20272,BLOSSOM HILL RD,MONTEREY RD,37.25627054,-121.8034319
5713,689524,CR-0000095501,2,0,0,0,22-355-0135,False,False,0,12/21/2022 7:20:00 AM,No Pedestrians Involved,Dry,No Unusual Conditions,Daylight,Violation Driver 1,Controls Functioning,Clear,Broadside,Intersection,Motor Vehicle On Other Roadway,Not Applicable,Not Applicable,At,,True,False,20272,BLOSSOM HILL RD,MONTEREY RD,37.25627054,-121.8034319
5714,690237,CR-0000096327,0,0,0,0,22-256-9704,False,True,0,9/11/2022 10:00:00 AM,No Pedestrians Involved,Unknown,Unknown,Unknown,Unknown,Unknown,Unknown,Rear End,Intersection,Other Vehicle,Not Applicable,Not Applicable,At,,False,False,20272,BLOSSOM HILL RD,MONTEREY RD,37.25627054,-121.8034319
5715,692570,CR-0000097861,0,0,1,0,23-038-0137,False,False,1153,2/7/2023 6:51:00 AM,No Pedestrians Involved,Dry,No Unusual Conditions,Dark - Street Light,Violation Driver 1,No Controls Present/Factor,Clear,Vehicle/Bike,Non-Related,Bike,Not Applicable,Not Applicable,North Of,BIKE,False,False,20272,BLOSSOM HILL RD,MONTEREY RD,37.25627054,-121.8034319
5716,695802,CR-0000098867,1,0,0,0,23-258-0757,False,False,100,9/15/2023 6:42:00 PM,No Pedestrians Involved,Dry,No Unusual Conditions,Daylight,Violation Driver 1,Controls Functioning,Clear,Rear End,Non-Related,Other Vehicle,Not Applicable,Not Applicable,North Of,,True,True,20272,BLOSSOM HILL RD,MONTEREY RD,37.25627054,-121.8034319
5717,694607,CR-0000098640,2,0,0,0,23-205-0544,False,False,472,7/24/2023 2:36:00 PM,No Pedestrians Involved,Dry,No Unusual Conditions,Daylight,Violation Driver 1,Controls Functioning,Clear,Rear End,Non-Related,Other Vehicle,Not Applicable,Not Applicable,North Of,,False,False,20272,BLOSSOM HILL RD,MONTEREY RD,37.25627054,-121.8034319
5718,696285,CR-0000099441,0,1,0,0,23-289-0445,True,False,1171,10/16/2023 12:35:00 PM,No Pedestrians Involved,Dry,No Unusual Conditions,Daylight,Violation Driver 1,Controls Functioning,Cloudy,Hit Object,Non-Related,Fixed Object,Not Applicable,Not Applicable,North Of,LIGHTPOLE,False,False,20272,BLOSSOM HILL RD,MONTEREY RD,37.25627054,-121.8034319
5719,696465,CR-0000099642,1,2,0,0,23-327-0134,False,False,23,11/23/2023 5:00:00 AM,No Pedestrians Involved,Dry,No Unusual Conditions,Dark - Street Light,Violation Driver 1,Controls Functioning,Clear,Rear End,Related,Other Vehicle,Not Applicable,Not Applicable,North Of,,False,False,20272,BLOSSOM HILL RD,MONTEREY RD,37.25627054,-121.8034319
5720,699455,CR-0000100779,0,0,0,0,23-197-0704,False,False,0,7/16/2023 6:30:00 PM,No Pedestrians Involved,Dry,No Unusual Conditions,Daylight,Violation Driver 1,Unknown,Clear,Rear End,Intersection,Other Vehicle,Not Applicable,Not Applicable,At,,True,True,20272,BLOSSOM HILL RD,MONTEREY RD,37.25627054,-121.8034319
5721,712026,CR-0000101339,0,0,0,0,23-342-1146,False,False,0,12/8/2023 11:48:00 PM,No Pedestrians Involved,Dry,No Unusual Conditions,Dark - Street Light,Violation Driver 1,Controls Functioning,Clear,Rear End,Intersection,Other Vehicle,Not Applicable,Not Applicable,At,,False,True,20272,BLOSSOM HILL RD,MONTEREY RD,37.25627054,-121.8034319
5722,719557,CR-0000102704,1,0,0,0,24-087-0061,False,False,159,3/27/2024 2:59:00 AM,No Pedestrians Involved,Dry,No Unusual Conditions,Dark - Street Light,Violation Driver 1,No Controls Present/Factor,Clear,Hit Object,Non-Related,Fixed Object,Not Applicable,Not Applicable,South Of,,False,False,20272,BLOSSOM HILL RD,MONTEREY RD,37.25627054,-121.8034319
5723,716286,CR-0000102240,2,0,0,0,24-035-0424,False,False,0,2/4/2024 9:55:00 AM,No Pedestrians Involved,Wet,No Unusual Conditions,Daylight,Violation Driver 1,Controls Functioning,Clear,Broadside,Intersection,Other Vehicle,Not Applicable,Not Applicable,At,,True,False,20272,BLOSSOM HILL RD,MONTEREY RD,37.25627054,-121.8034319
5724,685139,CR-0000093815,0,0,0,0,22-234-0585,False,False,65,8/22/2022 12:00:00 PM,No Pedestrians Involved,Dry,No Unusual Conditions,Daylight,Violation Driver 1,Controls Functioning,Clear,Sideswipe,Non-Related,Parked Vehicle,Not Applicable,Not Applicable,East Of,,True,True,54273,EDENVIEW DR,MONTEREY RD,37.26227714,-121.813465
5725,683096,CR-0000092693,1,0,0,0,22-180-0724,False,False,0,6/29/2022 5:58:00 PM,No Pedestrians Involved,Dry,No Unusual Conditions,Daylight,Violation Driver 1,Controls Functioning,Clear,Rear End,Intersection,Other Vehicle,Not Applicable,Not Applicable,At,,False,False,54273,EDENVIEW DR,MONTEREY RD,37.26227714,-121.813465
5726,683236,CR-0000092827,5,0,0,0,22-190-0669,False,False,36,7/9/2022 4:53:00 PM,No Pedestrians Involved,Dry,No Unusual Conditions,Daylight,Violation Driver 1,Unknown,Clear,Rear End,Related,Other Vehicle,Not Applicable,Not Applicable,North Of,,True,False,54273,EDENVIEW DR,MONTEREY RD,37.26227714,-121.813465
5727,688856,CR-0000094712,0,0,0,0,22-275-0465,True,False,105,10/2/2022 1:56:00 PM,No Pedestrians Involved,Dry,No Unusual Conditions,Daylight,Violation Driver 1,Controls Functioning,Clear,Rear End,Non-Related,Other Vehicle,Not Applicable,Not Applicable,South Of,PD,True,False,54273,EDENVIEW DR,MONTEREY RD,37.26227714,-121.813465
5728,682716,CR-0000092294,2,0,0,0,22-145-0637,False,False,397,5/25/2022 3:39:00 PM,No Pedestrians Involved,Dry,No Unusual Conditions,Daylight,Violation Driver 1,Controls Functioning,Clear,Rear End,Non-Related,Other Vehicle,Not Applicable,Not Applicable,South Of,,True,False,54273,EDENVIEW DR,MONTEREY RD,37.26227714,-121.813465
5729,692507,CR-0000097796,0,0,0,0,23-075-0725,False,False,500,3/16/2023 6:05:00 PM,No Pedestrians Involved,Dry,No Unusual Conditions,Daylight,Violation Driver 1,Controls Functioning,Clear,Sideswipe,Non-Related,Other Vehicle,Not Applicable,Not Applicable,North Of,,False,True,54273,EDENVIEW DR,MONTEREY RD,37.26227714,-121.813465
5730,712210,CR-0000101643,0,0,0,0,23-263-0056,False,False,93,9/20/2023 1:55:00 AM,No Pedestrians Involved,Dry,No Unusual Conditions,Dark - Street Light,Unknown,Controls Functioning,Clear,Rear End,Non-Related,Parked Vehicle,Not Applicable,Not Applicable,East Of,,False,False,54273,EDENVIEW DR,MONTEREY RD,37.26227714,-121.813465
5731,682510,CR-0000092077,1,0,0,0,22-093-0849,False,False,0,4/3/2022 9:00:00 PM,No Pedestrians Involved,Dry,No Unusual Conditions,Dark - Street Light,Violation Driver 1,Controls Functioning,Clear,Rear End,Intersection,Other Vehicle,Not Applicable,Not Applicable,At,,True,True,39126,CHYNOWETH AV/ROEDER RD,MONTEREY RD,37.260264,-121.8101455
5732,683244,CR-0000092821,0,0,0,0,22-119-4002,False,True,51,4/29/2022 5:51:00 PM,No Pedestrians Involved,Unknown,Unknown,Daylight,Unknown,Unknown,Unknown,Rear End,Non-Related,Unknown,Not Applicable,Not Applicable,South Of,,False,False,39126,CHYNOWETH AV/ROEDER RD,MONTEREY RD,37.260264,-121.8101455
5733,681626,CR-0000091023,1,0,0,0,22-087-0556,False,False,56,3/28/2022 3:16:00 PM,No Pedestrians Involved,Dry,No Unusual Conditions,Daylight,Violation Driver 1,Controls Functioning,Clear,Rear End,Non-Related,Other Vehicle,Not Applicable,Not Applicable,South Of,,True,False,39126,CHYNOWETH AV/ROEDER RD,MONTEREY RD,37.260264,-121.8101455
5734,681256,CR-0000090642,0,0,0,0,22-007-0243,False,False,0,1/7/2022 10:02:00 AM,No Pedestrians Involved,Dry,Unknown,Daylight,Violation Driver 1,Controls Functioning,Cloudy,Head On,Intersection,Other Vehicle,Not Applicable,Not Applicable,At,,False,False,39126,CHYNOWETH AV/ROEDER RD,MONTEREY RD,37.260264,-121.8101455
5735,681519,CR-0000090915,1,0,0,0,22-030-0246,False,False,1120,1/30/2022 7:40:00 AM,No Pedestrians Involved,Dry,No Unusual Conditions,Daylight,Violation Driver 1,Controls Functioning,Clear,Head On,Non-Related,Other Vehicle,Not Applicable,Not Applicable,South Of,,False,False,39126,CHYNOWETH AV/ROEDER RD,MONTEREY RD,37.260264,-121.8101455
5736,689698,CR-0000095680,2,0,0,0,22-342-0116,False,False,32,12/8/2022 5:42:00 AM,No Pedestrians Involved,Dry,No Unusual Conditions,Dusk - Dawn,Violation Driver 1,Controls Functioning,Clear,Rear End,Related,Other Vehicle,Not Applicable,Not Applicable,South Of,,True,False,39126,CHYNOWETH AV/ROEDER RD,MONTEREY RD,37.260264,-121.8101455
5737,685192,CR-0000093870,0,0,0,0,22-241-0826,False,False,0,8/30/2022 12:38:00 AM,No Pedestrians Involved,Dry,No Unusual Conditions,Daylight,Violation Driver 1,Controls Functioning,Clear,Rear End,Intersection,Other Vehicle,Not Applicable,Not Applicable,At,,True,True,39126,CHYNOWETH AV/ROEDER RD,MONTEREY RD,37.260264,-121.8101455
5738,692568,CR-0000097859,1,0,0,0,23-097-0895,False,False,51,4/7/2023 7:30:00 PM,Not In Road,Dry,No Unusual Conditions,Dark - Street Light,Violation Driver 1,Unknown,Clear,Vehicle/Pedestrian,Non-Related,Pedestrian,South,North,South Of,,True,False,39126,CHYNOWETH AV/ROEDER RD,MONTEREY RD,37.260264,-121.8101455
5739,692554,CR-0000097845,1,0,0,0,23-096-0566,False,False,51,4/6/2023 2:30:00 PM,No Pedestrians Involved,Dry,No Unusual Conditions,Daylight,Violation Driver 1,No Controls Present/Factor,Clear,Hit Object,Non-Related,Fixed Object,Not Applicable,Not Applicable,South Of,,False,False,39126,CHYNOWETH AV/ROEDER RD,MONTEREY RD,37.260264,-121.8101455
5740,690900,CR-0000097045,1,0,0,0,23-045-0714,False,False,0,2/14/2023 6:45:00 PM,No Pedestrians Involved,Dry,No Unusual Conditions,Dark - Street Light,Violation Driver 1,Controls Functioning,Clear,Rear End,Intersection,Other Vehicle,Not Applicable,Not Applicable,At,,True,True,39126,CHYNOWETH AV/ROEDER RD,MONTEREY RD,37.260264,-121.8101455
5741,690829,CR-0000096968,0,0,1,0,23-018-0739,True,False,606,1/18/2023 6:40:00 PM,No Pedestrians Involved,Dry,No Unusual Conditions,Dark - Street Light,Violation Driver 1,Controls Functioning,Clear,Rear End,Non-Related,Motorcycle,Not Applicable,Not Applicable,South Of,MEDIAN,False,False,39126,CHYNOWETH AV/ROEDER RD,MONTEREY RD,37.260264,-121.8101455
5742,690504,CR-0000096620,0,0,0,0,22-300-9703,False,True,51,10/26/2022 8:10:00 PM,No Pedestrians Involved,Dry,No Unusual Conditions,Dark - Street Light,Unknown,Controls Functioning,Clear,Rear End,Non-Related,Other Vehicle,Not Applicable,Not Applicable,North Of,,False,True,39126,CHYNOWETH AV/ROEDER RD,MONTEREY RD,37.260264,-121.8101455
5743,690733,CR-0000096870,1,0,0,0,23-044-0591,False,False,0,2/13/2023 4:18:00 PM,No Pedestrians Involved,Dry,No Unusual Conditions,Daylight,Violation Driver 1,Controls Functioning,Clear,Broadside,Intersection,Other Vehicle,Not Applicable,Not Applicable,At,,False,True,39126,CHYNOWETH AV/ROEDER RD,MONTEREY RD,37.260264,-121.8101455
5744,690801,CR-0000096939,0,0,0,1,23-037-0840,False,False,1000,2/6/2023 9:05:00 PM,Crossing - Not In Crosswalk,Dry,No Unusual Conditions,Dark - Street Light,Unknown,Controls Functioning,Clear,Vehicle/Pedestrian,Non-Related,Pedestrian,East,West,South Of,PED,False,False,39126,CHYNOWETH AV/ROEDER RD,MONTEREY RD,37.260264,-121.8101455
5745,696126,CR-0000099268,0,0,0,0,23-236-0757,False,False,139,8/24/2023 5:50:00 PM,No Pedestrians Involved,Dry,No Unusual Conditions,Daylight,Violation Driver 1,Controls Functioning,Clear,Sideswipe,Non-Related,Other Vehicle,Not Applicable,Not Applicable,South Of,,False,False,39126,CHYNOWETH AV/ROEDER RD,MONTEREY RD,37.260264,-121.8101455
5746,712129,CR-0000101048,0,0,0,0,23-299-4004,False,True,51,10/21/2023 11:00:00 AM,No Pedestrians Involved,Unknown,Unknown,Unknown,Unknown,Unknown,Unknown,Rear End,Non-Related,Other Vehicle,Not Applicable,Not Applicable,Unknown,,False,False,39126,CHYNOWETH AV/ROEDER RD,MONTEREY RD,37.260264,-121.8101455
5747,716042,CR-0000101880,2,0,0,0,23-326-0331,False,False,0,11/22/2023 10:45:00 AM,No Pedestrians Involved,Dry,No Unusual Conditions,Daylight,Violation Driver 1,Controls Functioning,Clear,Rear End,Intersection,Other Vehicle,Not Applicable,Not Applicable,At,,True,False,39126,CHYNOWETH AV/ROEDER RD,MONTEREY RD,37.260264,-121.8101455
5748,699472,CR-0000100793,0,0,0,0,23-199-0734,False,False,191,7/18/2023 6:22:00 PM,No Pedestrians Involved,Dry,No Unusual Conditions,Daylight,Violation Driver 1,Controls Functioning,Clear,Rear End,Non-Related,Motorcycle,Not Applicable,Not Applicable,South Of,,False,False,39126,CHYNOWETH AV/ROEDER RD,MONTEREY RD,37.260264,-121.8101455
5749,719819,CR-0000102992,0,0,0,0,24-037-0006,False,False,16,2/6/2024 12:12:00 AM,No Pedestrians Involved,Wet,No Unusual Conditions,Dark - Street Light,Violation Driver 1,Controls Functioning,Cloudy,Hit Object,Related,Fixed Object,Not Applicable,Not Applicable,West Of,RAILROAD ARM,False,False,39126,CHYNOWETH AV/ROEDER RD,MONTEREY RD,37.260264,-121.8101455
5750,719576,CR-0000102723,1,0,0,0,24-079-0172,False,False,18,3/19/2024 7:57:00 AM,Crossing In Crosswalk - At Intersection,Dry,No Unusual Conditions,Daylight,Violation Driver 1,Controls Functioning,Cloudy,Vehicle/Pedestrian,Related,Pedestrian,West,East,South Of,PED,True,True,39126,CHYNOWETH AV/ROEDER RD,MONTEREY RD,37.260264,-121.8101455
5751,722452,CR-0000103748,1,0,0,0,24-101-0245,False,False,51,4/10/2024 8:56:00 AM,No Pedestrians Involved,Dry,Construction - Repair Zone,Daylight,Violation Driver 1,No Controls Present/Factor,Clear,Rear End,Non-Related,Other Vehicle,Not Applicable,Not Applicable,South Of,,True,False,39126,CHYNOWETH AV/ROEDER RD,MONTEREY RD,37.260264,-121.8101455
5752,691124,CR-0000097320,0,0,1,0,23-047-0031,True,False,77,2/16/2023 12:50:00 AM,No Pedestrians Involved,Dry,No Unusual Conditions,Dark - Street Light,Violation Driver 1,Controls Functioning,Clear,Hit Object,Non-Related,Fixed Object,Not Applicable,Not Applicable,West Of,TREE,False,False,96667,NUBE CT,TULLY RD,37.33696727,-121.7935863
5753,692495,CR-0000097783,0,0,0,0,23-075-0351,False,False,106,3/15/2023 10:30:00 AM,No Pedestrians Involved,Dry,No Unusual Conditions,Dusk - Dawn,Violation Driver 1,No Controls Present/Factor,Clear,Sideswipe,Non-Related,Parked Vehicle,Not Applicable,Not Applicable,West Of,,False,True,51644,DONNA LN,ROSS AV,37.26240212,-121.9159399
5754,698895,CR-0000100193,0,1,0,0,23-326-0792,False,False,51,11/22/2023 7:24:00 PM,In Road - Includes Shoulder,Dry,No Unusual Conditions,Dark - Street Light,Unknown,Unknown,Clear,Vehicle/Pedestrian,Non-Related,Pedestrian,West,East,East Of,PED,False,True,143997,CABANA DR,HURST AV,37.28763571,-121.918029
5755,698758,CR-0000100039,0,0,0,0,23-362-0059,False,False,35,12/28/2023 2:00:00 AM,No Pedestrians Involved,Wet,No Unusual Conditions,Dark - Street Light,Violation Driver 1,No Controls Present/Factor,Clear,Sideswipe,Related,Parked Vehicle,Not Applicable,Not Applicable,South Of,,True,True,82455,LAVONA DR,RUSSO DR,37.25079154,-121.879938
5756,689250,CR-0000095206,0,0,0,0,22-303-0738,False,False,44,10/30/2022 6:57:00 PM,No Pedestrians Involved,Dry,No Unusual Conditions,Dark - Street Light,Violation Driver 1,Controls Functioning,Clear,Rear End,Related,Parked Vehicle,Not Applicable,Not Applicable,West Of,,False,False,55032,EL CAJON DR,SAN BERNARDINO WY,37.28262491,-121.8278586
5757,711679,CR-0000100825,0,0,0,0,23-184-0157,True,False,46,7/3/2023 5:08:00 AM,No Pedestrians Involved,Dry,No Unusual Conditions,Dark - Street Light,Violation Driver 1,Controls Functioning,Clear,Hit Object,Related,Fixed Object,Not Applicable,Not Applicable,West Of,"TREE, LIGHTPOLE",False,True,73204,HILLSDALE AV,WOODMONT DR,37.27318371,-121.8867243
5758,681670,CR-0000091067,0,0,0,0,22-069-4001,False,False,51,3/9/2022 3:30:00 PM,No Pedestrians Involved,Unknown,Unknown,Daylight,Unknown,Unknown,Unknown,Broadside,Non-Related,Other Vehicle,Not Applicable,Not Applicable,West Of,,False,False,52084,DOW DR,HILLSDALE AV,37.27891799,-121.868362
5759,699101,CR-0000100417,0,0,0,0,23-174-0195,False,False,0,6/23/2023 7:01:00 AM,No Pedestrians Involved,Dry,No Unusual Conditions,Daylight,Violation Driver 1,No Controls Present/Factor,Clear,Sideswipe,Intersection,Other Vehicle,Not Applicable,Not Applicable,At,,False,True,52084,DOW DR,HILLSDALE AV,37.27891799,-121.868362
5760,719515,CR-0000102644,1,0,0,0,24-066-0211,False,False,0,3/6/2024 7:45:00 AM,No Pedestrians Involved,Dry,No Unusual Conditions,Daylight,Violation Driver 1,Controls Functioning,Rain,Broadside,Intersection,Other Vehicle,Not Applicable,Not Applicable,At,,False,False,52084,DOW DR,HILLSDALE AV,37.27891799,-121.868362
5761,722075,CR-0000103329,0,0,0,0,24-092-4006,False,True,51,3/3/2024 5:00:00 PM,No Pedestrians Involved,Unknown,Unknown,Unknown,Unknown,Unknown,Unknown,Other,Non-Related,Other Vehicle,Not Applicable,Not Applicable,West Of,,False,False,52084,DOW DR,HILLSDALE AV,37.27891799,-121.868362
5762,696484,CR-0000099662,3,0,0,0,23-316-0265,False,False,0,11/12/2023 9:25:00 AM,No Pedestrians Involved,Dry,No Unusual Conditions,Daylight,Violation Driver 1,Controls Functioning,Clear,Sideswipe,Intersection,Other Vehicle,Not Applicable,Not Applicable,At,,False,False,4861,ALMADEN EX,REDMOND AV,37.22929392,-121.8703702
5763,698691,CR-0000099939,2,1,0,0,23-294-0926,False,False,48,10/21/2023 11:09:00 PM,No Pedestrians Involved,Dry,No Unusual Conditions,Dark - Street Light,Violation Driver 1,Controls Functioning,Clear,Hit Object,Related,Fixed Object,Not Applicable,Not Applicable,West Of,WALL,True,False,4861,ALMADEN EX,REDMOND AV,37.22929392,-121.8703702
5764,694455,CR-0000098420,0,1,1,0,23-154-0327,False,False,22,6/3/2023 10:13:00 AM,No Pedestrians Involved,Dry,No Unusual Conditions,Daylight,Violation Driver 1,Controls Functioning,Clear,Sideswipe,Related,Motorcycle,Not Applicable,Not Applicable,South Of,,True,False,4861,ALMADEN EX,REDMOND AV,37.22929392,-121.8703702
5765,691243,CR-0000097468,0,1,2,0,23-033-0790,False,False,0,2/2/2023 7:43:00 PM,No Pedestrians Involved,Dry,No Unusual Conditions,Dark - Street Light,Violation Driver 1,Controls Functioning,Clear,Broadside,Intersection,Other Vehicle,Not Applicable,Not Applicable,At,,False,False,4861,ALMADEN EX,REDMOND AV,37.22929392,-121.8703702
5766,691042,CR-0000097214,1,0,0,0,23-049-0175,True,False,350,2/18/2023 6:02:00 AM,No Pedestrians Involved,Dry,No Unusual Conditions,Dusk - Dawn,Violation Driver 1,Unknown,Clear,Hit Object,Non-Related,Fixed Object,Not Applicable,Not Applicable,At,WALL,True,False,4861,ALMADEN EX,REDMOND AV,37.22929392,-121.8703702
5767,689816,CR-0000095843,1,0,0,0,22-336-0945,False,False,27,12/2/2022 10:19:00 PM,No Pedestrians Involved,Dry,No Unusual Conditions,Dark - Street Light,Violation Driver 1,Controls Functioning,Clear,Rear End,Related,Other Vehicle,Not Applicable,Not Applicable,North Of,,False,False,4861,ALMADEN EX,REDMOND AV,37.22929392,-121.8703702
5768,690967,CR-0000097138,1,0,0,0,23-033-0299,False,False,0,2/3/2023 12:09:00 PM,No Pedestrians Involved,Unknown,Unknown,Daylight,Violation Driver 1,Controls Functioning,Clear,Broadside,Intersection,Other Vehicle,Not Applicable,Not Applicable,At,,False,False,19975,BLOSSOM HILL RD,CHAMBERTIN DR/DARTMOUTH DR,37.23918955,-121.8957677
5769,694153,CR-0000098181,0,1,0,0,23-137-0244,False,False,90,5/17/2023 8:15:00 AM,Crossing - Not In Crosswalk,Dry,No Unusual Conditions,Daylight,Bike At Fault,No Controls Present/Factor,Clear,Vehicle/Pedestrian,Non-Related,Pedestrian,East,West,North Of,PED,False,False,19975,BLOSSOM HILL RD,CHAMBERTIN DR/DARTMOUTH DR,37.23918955,-121.8957677
5770,715900,CR-0000101864,0,0,0,0,23-140-4002,False,True,50,5/20/2023 9:00:00 PM,No Pedestrians Involved,Unknown,Unknown,Unknown,Unknown,Unknown,Unknown,Sideswipe,Related,Other Vehicle,Not Applicable,Not Applicable,East Of,,False,True,19975,BLOSSOM HILL RD,CHAMBERTIN DR/DARTMOUTH DR,37.23918955,-121.8957677
5771,682271,CR-0000091800,0,0,0,0,22-122-0041,True,False,32,5/2/2022 1:33:00 AM,No Pedestrians Involved,Dry,No Unusual Conditions,Dark - Street Light,Violation Driver 1,No Controls Present/Factor,Clear,Hit Object,Related,Fixed Object,Not Applicable,Not Applicable,North Of,curb,True,True,84105,LINCOLN AV,SAVAKER ST,37.31775183,-121.9081212
5772,694110,CR-0000098020,2,0,0,0,23-104-0526,False,False,0,4/14/2023 3:45:00 PM,No Pedestrians Involved,Dry,No Unusual Conditions,Daylight,Violation Driver 1,No Controls Present/Factor,Clear,Head On,Intersection,Other Vehicle,Not Applicable,Not Applicable,At,,False,False,84105,LINCOLN AV,SAVAKER ST,37.31775183,-121.9081212
5773,694624,CR-0000098657,0,0,1,0,23-207-0133,False,False,0,7/26/2023 4:35:00 AM,In Road - Includes Shoulder,Dry,No Unusual Conditions,Dark - Street Light,Pedestrian At Fault,No Controls Present/Factor,Clear,Vehicle/Pedestrian,Intersection,Pedestrian,North,South,At,,False,False,84105,LINCOLN AV,SAVAKER ST,37.31775183,-121.9081212
5774,682622,CR-0000092188,0,0,0,0,22-130-0059,False,False,0,5/10/2022 1:29:00 AM,No Pedestrians Involved,Dry,No Unusual Conditions,Dark - Street Light,Violation Driver 1,Controls Functioning,Clear,Sideswipe,Intersection,Parked Vehicle,Not Applicable,Not Applicable,At,,False,True,10647,AUZERAIS AV,WILLIS AV,37.32498531,-121.8963722
5775,696433,CR-0000099610,0,0,0,0,23-111-0886,True,False,0,4/21/2023 10:10:00 PM,No Pedestrians Involved,Dry,No Unusual Conditions,Dark - Street Light,Violation Driver 1,Unknown,Clear,Head On,Intersection,Other Vehicle,Not Applicable,Not Applicable,At,,False,True,109340,SINCLAIR FR,TENTH ST,37.32790286,-121.871511
5776,698715,CR-0000099964,0,0,0,0,23-147-4006,False,True,51,5/27/2023 9:05:00 PM,No Pedestrians Involved,Unknown,Unknown,Unknown,Unknown,Unknown,Unknown,Broadside,Non-Related,Parked Vehicle,Not Applicable,Not Applicable,South Of,,False,False,109340,SINCLAIR FR,TENTH ST,37.32790286,-121.871511
5777,690984,CR-0000097155,0,1,0,0,23-037-0652,False,False,0,2/6/2023 5:16:00 PM,No Pedestrians Involved,Dry,No Unusual Conditions,Daylight,Violation Driver 1,Controls Functioning,Clear,Vehicle/Bike,Intersection,Scooter Motorized,Not Applicable,Not Applicable,At,M. SCOOTER,False,False,109340,SINCLAIR FR,TENTH ST,37.32790286,-121.871511
5778,691321,CR-0000097567,0,0,0,0,23-080-9705,False,True,,3/3/2023 7:00:00 PM,No Pedestrians Involved,Dry,No Unusual Conditions,Dark - Street Light,Unknown,Controls Functioning,Clear,Sideswipe,Related,Other Vehicle,Not Applicable,Not Applicable,East Of,,False,False,109340,SINCLAIR FR,TENTH ST,37.32790286,-121.871511
5779,712168,CR-0000101599,0,0,0,0,23-352-4011,False,True,0,12/18/2023 2:55:00 PM,No Pedestrians Involved,Unknown,Unknown,Unknown,Unknown,Unknown,Unknown,Broadside,Intersection,Other Vehicle,Not Applicable,Not Applicable,At,,False,False,109340,SINCLAIR FR,TENTH ST,37.32790286,-121.871511
5780,711648,CR-0000100896,0,0,0,0,23-188-9716,False,True,51,7/7/2023 1:30:00 PM,No Pedestrians Involved,Dry,No Unusual Conditions,Daylight,Unknown,Controls Functioning,Clear,Rear End,Non-Related,Other Vehicle,Not Applicable,Not Applicable,Unknown,,False,False,109340,SINCLAIR FR,TENTH ST,37.32790286,-121.871511