_id,CrashFactId,Name,MinorInjuries,ModerateInjuries,SevereInjuries,FatalInjuries,TcrNumber,CityDamageFlag,ShortFormFlag,Distance,CrashDateTime,PedestrianAction,RoadwaySurface,RoadwayCondition,Lighting,PrimaryCollisionFactor,TrafficControl,Weather,CollisionType,ProximityToIntersection,VehicleInvolvedWith,PedestrianDirectionFrom,PedestrianDirectionTo,DirectionFromIntersection,Comment,SpeedingFlag,HitAndRunFlag,IntersectionNumber,AStreetName,BStreetName,Latitude,Longitude
5781,717482,CR-0000102515,1,0,0,0,24-086-0245,False,False,0,3/26/2024 10:17:00 AM,No Pedestrians Involved,Dry,Unknown,Daylight,Violation Driver 1,Controls Functioning,Clear,Broadside,Intersection,Other Vehicle,Not Applicable,Not Applicable,At,,False,False,109340,SINCLAIR FR,TENTH ST,37.32790286,-121.871511
5782,685292,CR-0000093972,0,0,0,0,22-261-0924,False,False,0,9/18/2022 11:01:00 PM,No Pedestrians Involved,Wet,No Unusual Conditions,Dark - Street Light,Violation Driver 1,Controls Functioning,Rain,Hit Object,Intersection,Parked Vehicle,Not Applicable,Not Applicable,At,,True,True,10504,AUZERAIS AV,GIFFORD AV,37.32528492,-121.8958562
5783,694569,CR-0000098593,1,1,0,0,23-201-0273,False,False,195,7/20/2023 9:54:00 AM,No Pedestrians Involved,Dry,No Unusual Conditions,Daylight,Violation Driver 1,No Controls Present/Factor,Clear,Head On,Non-Related,Other Vehicle,Not Applicable,Not Applicable,East Of,,False,False,49477,DEEP PURPLE WY,GLENBURRY WY,37.25443108,-121.8537349
5784,689672,CR-0000095654,1,0,0,0,22-323-0008,False,False,0,11/19/2022 12:09:00 AM,No Pedestrians Involved,Dry,No Unusual Conditions,Dark - Street Light,Violation Driver 1,Controls Functioning,Clear,Broadside,Intersection,Other Vehicle,Not Applicable,Not Applicable,At,,False,False,108393,SEVENTH ST,VIRGINIA ST/I-280 SB,37.32707611,-121.8751722
5785,682899,CR-0000092467,1,0,0,0,22-040-0128,False,False,0,2/9/2022 2:54:00 AM,No Pedestrians Involved,Dry,No Unusual Conditions,Dark - Street Light,Violation Driver 1,Controls Functioning,Clear,Head On,Intersection,Other Vehicle,Not Applicable,Not Applicable,At,,False,True,108393,SEVENTH ST,VIRGINIA ST/I-280 SB,37.32707611,-121.8751722
5786,695795,CR-0000098860,0,0,1,0,23-249-0206,False,False,0,9/6/2023 9:02:00 AM,No Pedestrians Involved,Dry,No Unusual Conditions,Daylight,Violation Driver 1,Controls Not Functioning,Clear,Vehicle/Bike,Intersection,Bike,Not Applicable,Not Applicable,At,BIKE,False,False,108393,SEVENTH ST,VIRGINIA ST/I-280 SB,37.32707611,-121.8751722
5787,695818,CR-0000098883,0,1,0,0,23-270-0148,False,False,0,9/27/2023 6:20:00 AM,No Pedestrians Involved,Dry,No Unusual Conditions,Dusk - Dawn,Violation Driver 1,Controls Functioning,Clear,Vehicle/Bike,Intersection,Scooter Motorized,Not Applicable,Not Applicable,At,E.SCOOTER,True,True,108393,SEVENTH ST,VIRGINIA ST/I-280 SB,37.32707611,-121.8751722
5788,696500,CR-0000099687,1,0,0,0,23-348-0915,False,False,201,12/14/2023 8:59:00 PM,Not In Road,Dry,No Unusual Conditions,Dark - Street Light,Violation Driver 1,Controls Functioning,Clear,Vehicle/Pedestrian,Non-Related,Pedestrian,No Direction (Not Walking),No Direction (Not Walking),South Of,PED,False,False,108393,SEVENTH ST,VIRGINIA ST/I-280 SB,37.32707611,-121.8751722
5789,698793,CR-0000100074,2,0,0,0,23-013-9705,False,True,,12/12/2023 5:30:00 PM,No Pedestrians Involved,Unknown,Unknown,Unknown,Unknown,Unknown,Unknown,Other,Related,Other Vehicle,Not Applicable,Not Applicable,North Of,,False,False,108393,SEVENTH ST,VIRGINIA ST/I-280 SB,37.32707611,-121.8751722
5790,691200,CR-0000097403,3,0,0,0,23-020-9709,False,True,0,12/31/2022 11:45:00 PM,No Pedestrians Involved,Unknown,No Unusual Conditions,Dark - Street Light,Unknown,Unknown,Rain,Sideswipe,Intersection,Other Vehicle,Not Applicable,Not Applicable,At,,False,False,108393,SEVENTH ST,VIRGINIA ST/I-280 SB,37.32707611,-121.8751722
5791,690584,CR-0000096705,0,0,0,0,23-029-0096,True,False,50,1/29/2023 1:54:00 AM,No Pedestrians Involved,Dry,No Unusual Conditions,Dark - Street Light,Violation Driver 1,No Controls Present/Factor,Clear,Hit Object,Related,Fixed Object,Not Applicable,Not Applicable,West Of,TREE,True,False,108393,SEVENTH ST,VIRGINIA ST/I-280 SB,37.32707611,-121.8751722
5792,690593,CR-0000096714,0,0,1,0,23-029-0149,False,False,180,1/29/2023 3:05:00 AM,Not In Road,Dry,No Unusual Conditions,Dark - Street Light,Unknown,No Controls Present/Factor,Clear,Vehicle/Pedestrian,Non-Related,Pedestrian,Unknown,Unknown,North Of,PED,False,True,108393,SEVENTH ST,VIRGINIA ST/I-280 SB,37.32707611,-121.8751722
5793,722033,CR-0000103287,0,0,0,0,24-059-0202,False,False,0,2/28/2024 10:45:00 AM,Crossing In Crosswalk - At Intersection,Dry,No Unusual Conditions,Daylight,Violation Driver 1,Controls Functioning,Clear,Vehicle/Pedestrian,Intersection,Pedestrian,South,North,At,PED,False,False,108393,SEVENTH ST,VIRGINIA ST/I-280 SB,37.32707611,-121.8751722
5794,711950,CR-0000101320,0,0,0,0,23-334-0283,False,False,90,11/30/2023 10:21:00 AM,No Pedestrians Involved,Dry,No Unusual Conditions,Daylight,Violation Driver 1,No Controls Present/Factor,Clear,Sideswipe,Non-Related,Other Vehicle,Not Applicable,Not Applicable,North Of,,False,False,108393,SEVENTH ST,VIRGINIA ST/I-280 SB,37.32707611,-121.8751722
5795,689987,CR-0000096033,1,0,0,0,22-238-0226,False,False,0,8/26/2022 9:30:00 AM,Unknown,Unknown,Unknown,Daylight,Violation Driver 1,No Controls Present/Factor,Clear,Broadside,Intersection,Other Vehicle,Unknown,Unknown,At,,True,True,74579,HUMBOLDT ST,PLUM ST,37.31676158,-121.8793225
5796,722182,CR-0000103448,1,1,0,0,24-076-0639,False,False,0,3/16/2024 5:25:00 PM,No Pedestrians Involved,Dry,No Unusual Conditions,Daylight,Violation Driver 1,No Controls Present/Factor,Clear,Broadside,Intersection,Other Vehicle,Not Applicable,Not Applicable,At,,False,False,74579,HUMBOLDT ST,PLUM ST,37.31676158,-121.8793225
5797,682712,CR-0000092290,0,0,1,0,22-149-0109,False,False,0,5/29/2022 1:48:00 AM,No Pedestrians Involved,Dry,No Unusual Conditions,Dark - Street Light,Violation Driver 1,Controls Functioning,Clear,Sideswipe,Intersection,Motorcycle,Not Applicable,Not Applicable,At,,False,False,60510,FIRST ST/MARKET ST,REED ST,37.32708306,-121.8838101
5798,682825,CR-0000092381,0,0,0,0,22-169-0999,False,False,,6/18/2022 11:11:00 PM,No Pedestrians Involved,Dry,No Unusual Conditions,Dark - Street Light,Violation Driver 1,Controls Functioning,Clear,Sideswipe,Related,Other Vehicle,Not Applicable,Not Applicable,East Of,,False,True,60510,FIRST ST/MARKET ST,REED ST,37.32708306,-121.8838101
5799,690363,CR-0000096458,0,0,0,0,22-241-0286,False,False,0,8/29/2022 9:21:00 AM,No Pedestrians Involved,Dry,Obstruction On Roadway,Daylight,Violation Driver 1,Controls Functioning,Clear,Broadside,Intersection,Other Vehicle,Not Applicable,Not Applicable,At,,False,True,60510,FIRST ST/MARKET ST,REED ST,37.32708306,-121.8838101
5800,694283,CR-0000098074,0,0,0,0,23-077-0062,False,False,200,3/18/2023 1:27:00 AM,No Pedestrians Involved,Dry,No Unusual Conditions,Dark - Street Light,Violation Driver 1,No Controls Present/Factor,Clear,Sideswipe,Non-Related,Parked Vehicle,Not Applicable,Not Applicable,North Of,,False,False,55714,ELEVENTH ST,HUMBOLDT ST,37.32331273,-121.8666646
5801,690203,CR-0000096293,0,0,0,0,22-306-9710,False,True,51,11/2/2022 12:00:00 AM,No Pedestrians Involved,Dry,No Unusual Conditions,Dark - Street Light,Unknown,No Controls Present/Factor,Clear,Sideswipe,Non-Related,Parked Vehicle,Not Applicable,Not Applicable,South Of,,False,True,37641,CHERRY AV,KIMBERLY DR,37.26867286,-121.8877219
5802,699434,CR-0000100774,0,0,0,0,23-182-0858,False,False,0,7/1/2023 8:34:00 PM,No Pedestrians Involved,Dry,No Unusual Conditions,Daylight,Violation Driver 1,No Controls Present/Factor,Clear,Sideswipe,Intersection,Parked Vehicle,Not Applicable,Not Applicable,At,,False,False,37641,CHERRY AV,KIMBERLY DR,37.26867286,-121.8877219
5803,685266,CR-0000093946,0,0,0,0,22-213-9703,False,True,0,7/30/2022 9:00:00 AM,No Pedestrians Involved,Dry,No Unusual Conditions,Daylight,Unknown,Controls Functioning,Clear,Broadside,Intersection,Other Vehicle,Not Applicable,Not Applicable,At,,False,False,13892,BASCOM AV,LEON DR,37.30616174,-121.9317509
5804,684906,CR-0000093526,0,0,0,0,22-192-0796,False,False,206,7/11/2022 5:45:00 PM,No Pedestrians Involved,Dry,No Unusual Conditions,Daylight,Violation Driver 1,No Controls Present/Factor,Clear,Rear End,Non-Related,Other Vehicle,Not Applicable,Not Applicable,North Of,,False,True,13892,BASCOM AV,LEON DR,37.30616174,-121.9317509
5805,715838,CR-0000101825,0,0,0,0,23-141-4001,False,True,,5/12/2023 3:10:00 PM,No Pedestrians Involved,Unknown,Unknown,Unknown,Unknown,Unknown,Unknown,Other,Related,Other Vehicle,Not Applicable,Not Applicable,South Of,,False,False,13892,BASCOM AV,LEON DR,37.30616174,-121.9317509
5806,690076,CR-0000096162,0,0,0,0,22-211-9702,False,True,51,7/30/2022 9:00:00 AM,No Pedestrians Involved,Dry,No Unusual Conditions,Daylight,Unknown,Controls Functioning,Clear,Broadside,Non-Related,Other Vehicle,Not Applicable,Not Applicable,West Of,,False,True,13760,BASCOM AV,DOWNING AV,37.30519899,-121.9317414
5807,689947,CR-0000095980,3,0,0,0,22-311-0600,False,False,0,11/7/2022 3:42:00 PM,No Pedestrians Involved,Wet,No Unusual Conditions,Dusk - Dawn,Violation Driver 1,Controls Functioning,Cloudy,Head On,Intersection,Other Vehicle,Not Applicable,Not Applicable,At,,False,False,13760,BASCOM AV,DOWNING AV,37.30519899,-121.9317414
5808,694561,CR-0000098555,2,0,0,0,23-199-0717,False,False,38,7/18/2023 6:03:00 PM,No Pedestrians Involved,Dry,No Unusual Conditions,Daylight,Violation Driver 1,No Controls Present/Factor,Clear,Broadside,Related,Other Vehicle,Not Applicable,Not Applicable,West Of,,False,False,13760,BASCOM AV,DOWNING AV,37.30519899,-121.9317414
5809,716222,CR-0000102180,0,0,0,0,24-056-0659,False,False,35,2/25/2024 5:10:00 PM,No Pedestrians Involved,Dry,No Unusual Conditions,Daylight,Violation Driver 1,No Controls Present/Factor,Clear,Vehicle/Bike,Related,Bike,Not Applicable,Not Applicable,West Of,BIKE,False,True,13760,BASCOM AV,DOWNING AV,37.30519899,-121.9317414
5810,695849,CR-0000098914,0,0,0,0,23-106-4000,False,True,0,4/15/2023 12:00:00 PM,No Pedestrians Involved,Unknown,Unknown,Daylight,Unknown,Unknown,Unknown,Broadside,Intersection,Parked Vehicle,Not Applicable,Not Applicable,At,,False,False,49686,DEL MAR AV,LYNNHAVEN DR,37.30845634,-121.9306343
5811,682064,CR-0000091603,0,0,0,0,22-063-1028,False,False,0,3/4/2022 11:44:00 PM,No Pedestrians Involved,Wet,No Unusual Conditions,Dark - Street Light,Violation Driver 1,Controls Functioning,Rain,Hit Object,Intersection,Fixed Object,Not Applicable,Not Applicable,At,PG&E POLE,True,True,22835,BOYNTON AV,PAYNE AV,37.30111605,-121.9660096
5812,698766,CR-0000100047,0,1,0,0,23-338-0741,False,False,93,12/4/2023 5:22:00 PM,Crossing - Not In Crosswalk,Dry,No Unusual Conditions,Dusk - Dawn,Pedestrian At Fault,No Controls Present/Factor,Clear,Vehicle/Pedestrian,Non-Related,Pedestrian,South,North,North Of,PED,False,False,22835,BOYNTON AV,PAYNE AV,37.30111605,-121.9660096
5813,681588,CR-0000090985,0,0,0,0,22-044-0447,False,False,81,2/13/2022 1:02:00 PM,No Pedestrians Involved,Dry,No Unusual Conditions,Daylight,Violation Driver 1,No Controls Present/Factor,Clear,Rear End,Non-Related,Parked Vehicle,Not Applicable,Not Applicable,East Of,,False,False,14618,BAVA CT,SANTA TERESA BL,37.2369249,-121.8125198
5814,683073,CR-0000092599,0,0,0,0,22-164-0083,False,False,290,6/13/2022 2:01:00 AM,No Pedestrians Involved,Dry,No Unusual Conditions,Dark - Street Light,Violation Driver 1,No Controls Present/Factor,Clear,Sideswipe,Non-Related,Motorcycle,Not Applicable,Not Applicable,South Of,,True,True,21262,BOLADO DR,DEL RIO DR,37.22590816,-121.7809817
5815,699394,CR-0000100723,0,0,0,0,23-189-0375,False,False,0,7/8/2023 11:31:00 AM,No Pedestrians Involved,Dry,No Unusual Conditions,Daylight,Violation Driver 1,No Controls Present/Factor,Clear,Broadside,Intersection,Parked Vehicle,Not Applicable,Not Applicable,At,,True,True,21262,BOLADO DR,DEL RIO DR,37.22590816,-121.7809817
5816,690864,CR-0000097006,0,0,0,0,23-013-0949,False,False,104,1/13/2023 11:59:00 PM,No Pedestrians Involved,Wet,No Unusual Conditions,Dark - Street Light,Violation Driver 1,No Controls Present/Factor,Rain,Sideswipe,Non-Related,Other Vehicle,Not Applicable,Not Applicable,West Of,,False,True,120823,KIPERASH CT,KIPERASH DR,37.38721437,-121.8468573
5817,682397,CR-0000091960,0,0,0,0,22-112-0630,False,False,0,4/22/2022 5:47:00 PM,No Pedestrians Involved,Dry,No Unusual Conditions,Daylight,Violation Driver 1,No Controls Present/Factor,Clear,Sideswipe,Intersection,Parked Vehicle,Not Applicable,Not Applicable,At,,True,True,22659,BOWLING GREEN DR,CENTER RIDGE DR,37.31760758,-121.822553
5818,682639,CR-0000092215,1,0,0,0,22-153-0462,False,False,26,6/2/2022 12:53:00 PM,No Pedestrians Involved,Dry,No Unusual Conditions,Daylight,Bike At Fault,No Controls Present/Factor,Clear,Vehicle/Bike,Related,Scooter Motorized,Not Applicable,Not Applicable,South Of,NON MOTORIZED SCOOTER,False,False,22660,BOWLING GREEN DR,KING RD,37.31809569,-121.8218272
5819,681665,CR-0000091062,0,0,0,0,22-064-4000,False,True,0,3/5/2022 1:10:00 PM,No Pedestrians Involved,Unknown,Unknown,Daylight,Unknown,Unknown,Unknown,Broadside,Intersection,Other Vehicle,Not Applicable,Not Applicable,At,,False,False,22660,BOWLING GREEN DR,KING RD,37.31809569,-121.8218272
5820,712022,CR-0000101336,0,0,0,0,23-345-0854,False,False,200,12/11/2023 7:47:00 PM,No Pedestrians Involved,Dry,No Unusual Conditions,Dark - Street Light,Violation Driver 1,Unknown,Clear,Sideswipe,Non-Related,Motor Vehicle On Other Roadway,Not Applicable,Not Applicable,South Of,,True,False,22660,BOWLING GREEN DR,KING RD,37.31809569,-121.8218272
5821,681225,CR-0000090610,1,0,0,0,22-005-0027,False,False,34,1/5/2022 12:50:00 AM,No Pedestrians Involved,Dry,No Unusual Conditions,Dark - Street Light,Violation Driver 1,No Controls Present/Factor,Clear,Sideswipe,Related,Parked Vehicle,Not Applicable,Not Applicable,West Of,,False,False,97657,OPHELIA AV,RIGOLETTO DR,37.32001209,-121.8202142
5822,698821,CR-0000100103,0,0,1,0,23-342-0677,False,False,0,12/8/2023 4:09:00 PM,No Pedestrians Involved,Dry,No Unusual Conditions,Daylight,Violation Driver 1,No Controls Present/Factor,Clear,Sideswipe,Intersection,Parked Vehicle,Not Applicable,Not Applicable,At,,True,False,97657,OPHELIA AV,RIGOLETTO DR,37.32001209,-121.8202142
5823,681408,CR-0000090798,1,0,0,0,22-027-0894,False,False,0,1/23/2022 9:00:00 PM,Crossing - Not In Crosswalk,Dry,No Unusual Conditions,Dark - Street Light,Violation Driver 1,No Controls Present/Factor,Clear,Vehicle/Pedestrian,Intersection,Pedestrian,North,South,At,PEDESTRIAN,False,False,23275,BRAHMS AV,RIGOLETTO DR,37.32085674,-121.8187752
5824,681956,CR-0000091465,2,0,0,0,22-084-0624,False,False,83,3/25/2022 5:09:00 PM,No Pedestrians Involved,Dry,No Unusual Conditions,Daylight,Violation Driver 1,No Controls Present/Factor,Clear,Head On,Non-Related,Other Vehicle,Not Applicable,Not Applicable,West Of,,False,False,23275,BRAHMS AV,RIGOLETTO DR,37.32085674,-121.8187752
5825,722262,CR-0000103529,0,0,0,0,24-084-4011,False,True,51,3/24/2024 5:30:00 AM,No Pedestrians Involved,Unknown,Unknown,Unknown,Unknown,Unknown,Unknown,Other,Non-Related,Other Vehicle,Not Applicable,Not Applicable,Unknown,,False,False,23275,BRAHMS AV,RIGOLETTO DR,37.32085674,-121.8187752
5826,682981,CR-0000092586,0,0,0,0,22-175-0032,False,False,93,6/24/2022 12:49:00 AM,No Pedestrians Involved,Dry,No Unusual Conditions,Dark - Street Light,Violation Driver 1,No Controls Present/Factor,Clear,Rear End,Non-Related,Parked Vehicle,Not Applicable,Not Applicable,East Of,,False,True,93774,MOZART AV,RIGOLETTO DR,37.32128146,-121.8180491
5827,699137,CR-0000100453,0,0,0,0,23-161-0736,False,False,28,6/10/2023 7:22:00 PM,No Pedestrians Involved,Dry,No Unusual Conditions,Daylight,Violation Driver 1,No Controls Present/Factor,Clear,Sideswipe,Related,Parked Vehicle,Not Applicable,Not Applicable,East Of,,True,False,98207,PAGANINI AV,RIGOLETTO DR,37.32170393,-121.8173266
5828,682418,CR-0000091981,0,0,0,0,22-107-0568,False,False,0,4/17/2022 5:09:00 PM,No Pedestrians Involved,Dry,No Unusual Conditions,Daylight,Violation Driver 1,No Controls Present/Factor,Clear,Head On,Intersection,Other Vehicle,Not Applicable,Not Applicable,At,,False,False,104026,RIGOLETTO DR,SIBELIUS AV,37.32212707,-121.8166053
5829,692517,CR-0000097807,0,0,0,0,23-073-0327,True,False,58,3/14/2023 10:45:00 AM,No Pedestrians Involved,Wet,No Unusual Conditions,Daylight,Violation Driver 1,Controls Functioning,Rain,Hit Object,Non-Related,Fixed Object,Not Applicable,Not Applicable,East Of,SIGN,False,False,24342,BRANHAM LN,WESSEX DR,37.26575677,-121.8642537
5830,681821,CR-0000091230,0,0,0,0,22-084-0090,True,False,115,3/25/2022 3:12:00 AM,No Pedestrians Involved,Dry,No Unusual Conditions,Dark - Street Light,Violation Driver 1,No Controls Present/Factor,Clear,Head On,Non-Related,Fixed Object,Not Applicable,Not Applicable,North Of,TREE,False,False,131020,RUBINO CT,RUBINO DR,37.27884617,-121.8746799
5831,720883,CR-0000103086,2,1,0,0,24-028-0521,False,False,0,1/28/2024 2:57:00 PM,No Pedestrians Involved,Dry,No Unusual Conditions,Daylight,Violation Driver 1,No Controls Present/Factor,Clear,Sideswipe,Intersection,Motor Vehicle On Other Roadway,Not Applicable,Not Applicable,At,,False,False,131020,RUBINO CT,RUBINO DR,37.27884617,-121.8746799
5832,694331,CR-0000098275,0,2,0,0,23-172-0969,True,False,58,6/21/2023 11:15:00 PM,No Pedestrians Involved,Dry,No Unusual Conditions,Dark - Street Light,Violation Driver 1,No Controls Present/Factor,Clear,Hit Object,Non-Related,Fixed Object,Not Applicable,Not Applicable,West Of,TREE,False,False,24243,BRANHAM LN,SUTCLIFF AV,37.25784195,-121.8933852
5833,694509,CR-0000098503,1,0,0,0,23-177-0617,False,False,0,6/26/2023 4:16:00 PM,No Pedestrians Involved,Dry,No Unusual Conditions,Daylight,Violation Driver 1,No Controls Present/Factor,Clear,Rear End,Intersection,Other Vehicle,Not Applicable,Not Applicable,At,,True,False,5543,ALMADEN VALLEY DR,COLEMAN RD,37.23154845,-121.8954097
5834,682613,CR-0000092180,0,0,0,0,22-125-4000,False,True,,5/5/2022 6:00:00 AM,No Pedestrians Involved,Unknown,Unknown,Daylight,Unknown,Unknown,Unknown,Broadside,Related,Parked Vehicle,Not Applicable,Not Applicable,Unknown,,False,False,38125,CHERYL WY,CURTNER AV,37.28527398,-121.9005153
5835,722119,CR-0000103384,0,0,0,0,24-070-0249,True,False,80,3/10/2024 6:52:00 AM,No Pedestrians Involved,Dry,No Unusual Conditions,Dark - Street Light,Violation Driver 1,Controls Functioning,Clear,Hit Object,Non-Related,Fixed Object,Not Applicable,Not Applicable,East Of,SIGN and TREE,True,False,91684,MINNESOTA AV,WHITEHURST CT,37.30870818,-121.8888657
5836,699438,CR-0000100769,0,0,0,0,23-207-0095,True,False,16,7/26/2023 2:28:00 AM,No Pedestrians Involved,Dry,No Unusual Conditions,Dark - Street Light,Violation Driver 1,No Controls Present/Factor,Clear,Hit Object,Related,Fixed Object,Not Applicable,Not Applicable,South Of,SIGN,False,False,103069,RAVENSCOURT AV,TOLWORTH DR,37.30449427,-121.9393869
5837,694476,CR-0000098470,0,0,0,1,23-265-0343,False,False,301,9/22/2023 10:30:00 AM,Crossing - Not In Crosswalk,Dry,No Unusual Conditions,Daylight,Unknown,Controls Functioning,Clear,Vehicle/Pedestrian,Non-Related,Wheelchair,South,North,West Of,PED(Wheel Chair),False,False,63975,FRUITDALE AV,PRINCESS ANNE DR,37.31069229,-121.9276482
5838,696213,CR-0000099358,1,1,0,0,23-102-0064,False,False,0,4/12/2023 5:20:00 PM,No Pedestrians Involved,Dry,No Unusual Conditions,Daylight,Violation Driver 1,Controls Functioning,Clear,Rear End,Intersection,Other Vehicle,Not Applicable,Not Applicable,At,,True,False,63975,FRUITDALE AV,PRINCESS ANNE DR,37.31069229,-121.9276482
5839,690689,CR-0000096824,4,0,0,0,23-016-0759,False,False,294,1/16/2023 7:13:00 PM,No Pedestrians Involved,Wet,No Unusual Conditions,Dark - Street Light,Violation Driver 1,No Controls Present/Factor,Clear,Head On,Non-Related,Other Vehicle,Not Applicable,Not Applicable,West Of,,True,False,63975,FRUITDALE AV,PRINCESS ANNE DR,37.31069229,-121.9276482
5840,683283,CR-0000092831,1,0,0,0,22-191-0617,False,False,0,7/10/2022 3:28:00 PM,No Pedestrians Involved,Dry,No Unusual Conditions,Daylight,Violation Driver 1,No Controls Present/Factor,Clear,Rear End,Intersection,Other Vehicle,Not Applicable,Not Applicable,At,,True,False,107580,SARATOGA AV,OLGA DR/STRAWBERRY PARK DR,37.31067293,-121.9773396
5841,699064,CR-0000100370,1,1,0,0,23-365-0231,False,False,50,12/31/2023 8:55:00 AM,No Pedestrians Involved,Dry,No Unusual Conditions,Daylight,Violation Driver 1,No Controls Present/Factor,Clear,Hit Object,Related,Fixed Object,Not Applicable,Not Applicable,South Of,WALL,True,True,107580,SARATOGA AV,OLGA DR/STRAWBERRY PARK DR,37.31067293,-121.9773396
5842,683063,CR-0000092602,1,0,0,0,22-164-0538,False,False,0,6/13/2022 2:31:00 PM,No Pedestrians Involved,Dry,No Unusual Conditions,Daylight,Violation Driver 1,Controls Functioning,Clear,Broadside,Intersection,Other Vehicle,Not Applicable,Not Applicable,At,,False,False,104290,RIVER OAKS PW,ZANKER RD,37.40463464,-121.9342323
5843,696434,CR-0000099611,0,0,0,0,23-108-0937,False,False,0,4/18/2023 1:35:00 AM,No Pedestrians Involved,Dry,No Unusual Conditions,Dark - Street Light,Violation Driver 1,No Controls Present/Factor,Clear,Head On,Intersection,Fixed Object,Not Applicable,Not Applicable,At,SIGNAL POLE,False,False,138093,ALICANTE DR,ZANKER RD,37.40816256,-121.9356012
5844,688811,CR-0000094657,0,0,0,0,22-249-4000,False,True,51,9/4/2022 2:45:00 PM,No Pedestrians Involved,Unknown,Unknown,Daylight,Unknown,Unknown,Unknown,Sideswipe,Non-Related,Other Vehicle,Not Applicable,Not Applicable,East Of,,False,False,77571,JULIAN ST,LITTLE MARKET ST,37.33992085,-121.8951525
5845,682974,CR-0000092582,1,0,0,0,22-172-0259,False,False,0,6/21/2022 8:52:00 AM,No Pedestrians Involved,Dry,No Unusual Conditions,Daylight,Violation Driver 1,Controls Functioning,Clear,Broadside,Intersection,Other Vehicle,Not Applicable,Not Applicable,At,,False,False,77571,JULIAN ST,LITTLE MARKET ST,37.33992085,-121.8951525
5846,681905,CR-0000091396,0,0,0,0,22-054-0809,False,False,0,2/23/2022 7:33:00 PM,No Pedestrians Involved,Dry,No Unusual Conditions,Dark - Street Light,Violation Driver 1,Controls Functioning,Clear,Sideswipe,Intersection,Other Vehicle,Not Applicable,Not Applicable,At,,False,True,41360,COLEMAN AV/MARKET ST,JULIAN ST,37.33982716,-121.895314
5847,684982,CR-0000093623,0,0,0,0,22-219-0199,False,False,0,8/7/2022 3:17:00 AM,No Pedestrians Involved,Dry,No Unusual Conditions,Dark - Street Light Not Functioning,Violation Driver 1,No Controls Present/Factor,Clear,Rear End,Intersection,Parked Vehicle,Not Applicable,Not Applicable,At,,False,False,41360,COLEMAN AV/MARKET ST,JULIAN ST,37.33982716,-121.895314
5848,717411,CR-0000102424,0,0,0,0,22-177-0098,False,False,895,6/26/2022 3:00:00 AM,No Pedestrians Involved,Dry,Unknown,Dark - Street Light,Violation Driver 1,Controls Functioning,Clear,Hit Object,Non-Related,Fixed Object,Not Applicable,Not Applicable,North Of,,True,False,41360,COLEMAN AV/MARKET ST,JULIAN ST,37.33982716,-121.895314
5849,692422,CR-0000097705,2,0,0,0,23-081-0814,False,False,0,3/22/2023 9:43:00 PM,No Pedestrians Involved,Dry,No Unusual Conditions,Dark - Street Light,Violation Driver 1,Controls Functioning,Clear,Broadside,Intersection,Other Vehicle,Not Applicable,Not Applicable,At,,False,False,41360,COLEMAN AV/MARKET ST,JULIAN ST,37.33982716,-121.895314
5850,719848,CR-0000103021,0,0,0,0,24-041-4005,False,True,51,2/9/2024 7:00:00 PM,No Pedestrians Involved,Unknown,Unknown,Unknown,Unknown,Unknown,Unknown,Rear End,Non-Related,Parked Vehicle,Not Applicable,Not Applicable,West Of,,False,False,41360,COLEMAN AV/MARKET ST,JULIAN ST,37.33982716,-121.895314
5851,722251,CR-0000103518,0,0,0,0,24-084-0194,False,False,0,3/24/2024 6:30:00 AM,No Pedestrians Involved,Wet,No Unusual Conditions,Dark - Street Light,Violation Driver 1,No Controls Present/Factor,Cloudy,Rear End,Intersection,Motor Vehicle On Other Roadway,Not Applicable,Not Applicable,At,,True,True,41360,COLEMAN AV/MARKET ST,JULIAN ST,37.33982716,-121.895314
5852,681324,CR-0000090711,0,0,0,0,22-029-0201,False,False,155,1/29/2022 6:25:00 AM,No Pedestrians Involved,Dry,No Unusual Conditions,Daylight,Violation Driver 1,No Controls Present/Factor,Clear,Rear End,Non-Related,Parked Vehicle,Not Applicable,Not Applicable,West Of,,True,True,83995,LINCOLN AV,PARK AV,37.32614217,-121.9088375
5853,690974,CR-0000097145,0,1,0,0,23-042-0282,False,False,0,2/11/2023 10:27:00 AM,No Pedestrians Involved,Dry,Unknown,Daylight,Violation Driver 1,Unknown,Cloudy,Other,Intersection,Non-Collision,Not Applicable,Not Applicable,At,"MOTO. SCOOTER

Although there was no collision V1 cut off B1 resulting in B1 getting injured. PD determined V1 to be at fault.",False,False,83995,LINCOLN AV,PARK AV,37.32614217,-121.9088375
5854,688852,CR-0000094708,0,1,0,0,22-265-0947,False,False,0,9/22/2022 8:47:00 PM,In Road - Includes Shoulder,Dry,No Unusual Conditions,Dark - Street Light,Violation Driver 1,No Controls Present/Factor,Clear,Vehicle/Pedestrian,Intersection,Pedestrian,South,North,At,PED,True,False,93477,MORRISON AV,SAN FERNANDO ST,37.32883567,-121.9085104
5855,695953,CR-0000099086,0,0,0,0,23-215-0441,False,False,0,8/3/2023 1:09:00 PM,No Pedestrians Involved,Dry,No Unusual Conditions,Daylight,Violation Driver 1,Controls Functioning,Clear,Sideswipe,Intersection,Other Vehicle,Not Applicable,Not Applicable,At,,True,False,93477,MORRISON AV,SAN FERNANDO ST,37.32883567,-121.9085104