_id,CrashFactId,Name,MinorInjuries,ModerateInjuries,SevereInjuries,FatalInjuries,TcrNumber,CityDamageFlag,ShortFormFlag,Distance,CrashDateTime,PedestrianAction,RoadwaySurface,RoadwayCondition,Lighting,PrimaryCollisionFactor,TrafficControl,Weather,CollisionType,ProximityToIntersection,VehicleInvolvedWith,PedestrianDirectionFrom,PedestrianDirectionTo,DirectionFromIntersection,Comment,SpeedingFlag,HitAndRunFlag,IntersectionNumber,AStreetName,BStreetName,Latitude,Longitude
5856,683202,CR-0000092798,0,0,0,0,22-116-9706,False,True,0,4/24/2022 10:20:00 PM,No Pedestrians Involved,Dry,No Unusual Conditions,Dark - Street Light,Unknown,No Controls Present/Factor,Clear,Rear End,Intersection,Parked Vehicle,Not Applicable,Not Applicable,At,,False,False,93455,MORRISON AV,PARK AV,37.32616719,-121.9083212
5857,682416,CR-0000091979,0,0,0,0,22-116-9709,False,True,0,4/24/2022 10:20:00 PM,No Pedestrians Involved,Dry,No Unusual Conditions,Dark - Street Light,Unknown,No Controls Present/Factor,Clear,Rear End,Intersection,Parked Vehicle,Not Applicable,Not Applicable,At,,False,False,93455,MORRISON AV,PARK AV,37.32616719,-121.9083212
5858,690243,CR-0000096333,0,0,0,0,22-314-4001,False,True,51,11/10/2022 12:05:00 AM,No Pedestrians Involved,Unknown,Unknown,Unknown,Unknown,Unknown,Unknown,Sideswipe,Non-Related,Parked Vehicle,Not Applicable,Not Applicable,North Of,,False,True,93455,MORRISON AV,PARK AV,37.32616719,-121.9083212
5859,681243,CR-0000090628,0,0,0,0,22-029-0509,False,False,51,1/29/2022 2:59:00 PM,No Pedestrians Involved,Dry,No Unusual Conditions,Daylight,Violation Driver 1,No Controls Present/Factor,Clear,Sideswipe,Non-Related,Other Vehicle,Not Applicable,Not Applicable,North Of,,False,False,42492,COMPONENT DR,FIRST ST,37.38275328,-121.925324
5860,689544,CR-0000095521,0,0,0,0,22-343-0923,False,False,0,12/9/2022 10:56:00 PM,No Pedestrians Involved,Dry,No Unusual Conditions,Dark - Street Light,Violation Driver 1,Controls Functioning,Clear,Sideswipe,Intersection,Train,Not Applicable,Not Applicable,At,TRAIN,False,False,42492,COMPONENT DR,FIRST ST,37.38275328,-121.925324
5861,689624,CR-0000095605,0,0,0,0,22-364-0303,False,False,0,12/20/2022 11:07:00 AM,No Pedestrians Involved,Wet,Unknown,Daylight,Violation Driver 1,Controls Functioning,Cloudy,Broadside,Intersection,Light Rail Vehicle,Not Applicable,Not Applicable,At,,False,True,42492,COMPONENT DR,FIRST ST,37.38275328,-121.925324
5862,684974,CR-0000093602,0,0,0,0,22-193-9701,False,True,51,7/11/2022 6:30:00 PM,No Pedestrians Involved,Dry,No Unusual Conditions,Daylight,Unknown,No Controls Present/Factor,Clear,Other,Non-Related,Parked Vehicle,Not Applicable,Not Applicable,South Of,,False,False,124035,URSHAN CT,URSHAN WY,37.23460111,-121.764288
5863,682813,CR-0000092377,0,0,0,0,22-169-0425,False,False,500,6/18/2022 3:00:00 AM,No Pedestrians Involved,Dry,No Unusual Conditions,Dark - Street Light,Violation Driver 1,No Controls Present/Factor,Clear,Rear End,Non-Related,Other Vehicle,Not Applicable,Not Applicable,East Of,,True,True,11065,AVENIDA ESPANA,KAYBE CT,37.220706,-121.7689572
5864,683139,CR-0000092717,0,0,0,0,22-123-0166,False,False,85,5/3/2022 8:24:00 AM,No Pedestrians Involved,Dry,No Unusual Conditions,Daylight,Violation Driver 1,Controls Functioning,Clear,Sideswipe,Non-Related,Other Vehicle,Not Applicable,Not Applicable,East Of,,False,False,121472,MCKEE RD,PRAIRIE VIEW CT,37.37207451,-121.8400559
5865,689901,CR-0000095929,2,0,0,0,22-357-0428,False,False,397,12/23/2022 1:52:00 PM,No Pedestrians Involved,Dry,No Unusual Conditions,Daylight,Violation Driver 1,No Controls Present/Factor,Clear,Head On,Non-Related,Other Vehicle,Not Applicable,Not Applicable,West Of,,False,False,121472,MCKEE RD,PRAIRIE VIEW CT,37.37207451,-121.8400559
5866,694351,CR-0000098295,2,0,0,0,23-161-0329,True,False,389,6/10/2023 10:37:00 AM,No Pedestrians Involved,Dry,No Unusual Conditions,Daylight,Violation Driver 1,Controls Functioning,Clear,Sideswipe,Non-Related,Other Vehicle,Not Applicable,Not Applicable,West Of,SIGN,False,False,121472,MCKEE RD,PRAIRIE VIEW CT,37.37207451,-121.8400559
5867,694262,CR-0000097935,0,0,0,0,23-110-0189,False,False,381,4/20/2023 8:00:00 AM,No Pedestrians Involved,Dry,No Unusual Conditions,Daylight,Violation Driver 1,No Controls Present/Factor,Clear,Broadside,Non-Related,Other Vehicle,Not Applicable,Not Applicable,West Of,,False,False,121472,MCKEE RD,PRAIRIE VIEW CT,37.37207451,-121.8400559
5868,682564,CR-0000092131,0,0,0,0,22-150-0724,False,False,51,5/30/2022 5:48:00 PM,No Pedestrians Involved,Dry,No Unusual Conditions,Daylight,Violation Driver 1,Controls Functioning,Clear,Broadside,Non-Related,Parked Vehicle,Not Applicable,Not Applicable,North Of,,False,True,143936,GRIDLEY ST,SAN PABLO AV,37.38720737,-121.8380718
5869,682297,CR-0000091841,1,0,0,0,22-103-0360,False,False,263,4/12/2022 10:00:00 PM,No Pedestrians Involved,Dry,No Unusual Conditions,Dark - Street Light,Violation Driver 1,No Controls Present/Factor,Clear,Sideswipe,Non-Related,Parked Vehicle,Not Applicable,Not Applicable,South Of,,False,True,33670,CAROBWOOD LN,MADRID DR,37.41810392,-121.8657657
5870,696054,CR-0000099189,0,0,0,0,23-034-4001,False,True,51,2/3/2023 3:45:00 AM,No Pedestrians Involved,Unknown,Unknown,Unknown,Unknown,Unknown,Unknown,Other,Non-Related,Unknown,Not Applicable,Not Applicable,South Of,,False,False,48840,DAVID AV,MERRY LN,37.29754518,-121.9451437
5871,682664,CR-0000092240,0,0,0,0,22-132-4003,False,True,51,5/8/2022 12:55:00 PM,No Pedestrians Involved,Unknown,Unknown,Unknown,Unknown,Unknown,Unknown,Rear End,Non-Related,Parked Vehicle,Not Applicable,Not Applicable,North Of,,False,False,60532,FIRST ST,RIVER OAKS PW/PL,37.40199199,-121.9394831
5872,683149,CR-0000092731,0,0,0,0,22-127-0364,False,False,51,5/6/2022 5:50:00 PM,No Pedestrians Involved,Dry,No Unusual Conditions,Daylight,Unknown,No Controls Present/Factor,Clear,Other,Non-Related,Parked Vehicle,Not Applicable,Not Applicable,West Of,,False,True,60532,FIRST ST,RIVER OAKS PW/PL,37.40199199,-121.9394831
5873,685254,CR-0000093934,0,0,0,0,22-155-0559,False,False,0,6/4/2022 3:46:00 PM,No Pedestrians Involved,Dry,No Unusual Conditions,Daylight,Violation Driver 1,Controls Functioning,Clear,Broadside,Intersection,Train,Not Applicable,Not Applicable,At,VTA TRAIN,False,False,60532,FIRST ST,RIVER OAKS PW/PL,37.40199199,-121.9394831
5874,696048,CR-0000099183,0,0,0,0,23-031-9704,False,True,0,1/31/2023 2:00:00 PM,No Pedestrians Involved,Dry,No Unusual Conditions,Daylight,Unknown,Controls Functioning,Clear,Rear End,Intersection,Other Vehicle,Not Applicable,Not Applicable,At,,False,False,60532,FIRST ST,RIVER OAKS PW/PL,37.40199199,-121.9394831
5875,690842,CR-0000096983,0,0,0,0,23-021-0191,False,False,138,1/21/2023 7:28:00 AM,No Pedestrians Involved,Dry,No Unusual Conditions,Daylight,Violation Driver 1,Controls Functioning,Clear,Sideswipe,Non-Related,Other Vehicle,Not Applicable,Not Applicable,West Of,,False,False,60532,FIRST ST,RIVER OAKS PW/PL,37.40199199,-121.9394831
5876,690651,CR-0000096773,0,0,0,0,23-028-0141,True,False,372,1/28/2023 2:51:00 AM,No Pedestrians Involved,Dry,No Unusual Conditions,Dark - Street Light,Violation Driver 1,Controls Functioning,Clear,Hit Object,Non-Related,Fixed Object,Not Applicable,Not Applicable,North Of,LIGHT POLE,False,True,60532,FIRST ST,RIVER OAKS PW/PL,37.40199199,-121.9394831
5877,722458,CR-0000103762,0,0,0,0,24-101-4008,False,True,51,4/10/2024 5:15:00 PM,No Pedestrians Involved,Unknown,Unknown,Unknown,Unknown,Unknown,Unknown,Rear End,Non-Related,Other Vehicle,Not Applicable,Not Applicable,North Of,,False,False,60532,FIRST ST,RIVER OAKS PW/PL,37.40199199,-121.9394831
5878,722483,CR-0000103767,2,0,0,0,24-104-0365,False,False,0,4/13/2024 12:47:00 PM,No Pedestrians Involved,Dry,No Unusual Conditions,Daylight,Unknown,Controls Functioning,Clear,Broadside,Intersection,Other Vehicle,Not Applicable,Not Applicable,At,,False,False,60532,FIRST ST,RIVER OAKS PW/PL,37.40199199,-121.9394831
5879,698853,CR-0000100136,1,0,0,0,23-353-0824,False,False,0,12/19/2023 7:30:00 PM,No Pedestrians Involved,Wet,No Unusual Conditions,Dusk - Dawn,Violation Driver 1,Controls Functioning,Rain,Rear End,Intersection,Other Vehicle,Not Applicable,Not Applicable,At,,False,False,115103,FIRST ST,RIO ROBLES,37.40607886,-121.942539
5880,699179,CR-0000100499,0,0,0,0,23-172-0831,True,False,0,6/21/2023 7:57:00 PM,No Pedestrians Involved,Dry,No Unusual Conditions,Dark - Street Light,Violation Driver 1,No Controls Present/Factor,Clear,Hit Object,Intersection,Fixed Object,Not Applicable,Not Applicable,At,LIGHTPOLE,True,False,116159,BAYPOINTE DR,FIRST ST,37.40691699,-121.9431466
5881,681699,CR-0000091096,1,0,0,0,22-073-0649,False,False,166,3/14/2022 4:52:00 PM,No Pedestrians Involved,Dry,No Unusual Conditions,Daylight,Violation Driver 1,Controls Functioning,Clear,Rear End,Non-Related,Other Vehicle,Not Applicable,Not Applicable,West Of,,False,False,115092,FIRST ST,TASMAN DR,37.40922013,-121.9448501
5882,690245,CR-0000096335,0,0,0,0,22-319-9702,False,True,51,11/15/2022 9:00:00 AM,No Pedestrians Involved,Dry,No Unusual Conditions,Daylight,Unknown,Controls Functioning,Clear,Sideswipe,Non-Related,Other Vehicle,Not Applicable,Not Applicable,South Of,,False,True,115092,FIRST ST,TASMAN DR,37.40922013,-121.9448501
5883,716178,CR-0000102119,0,0,0,0,24-016-0476,False,False,102,1/16/2024 2:00:00 PM,No Pedestrians Involved,Dry,No Unusual Conditions,Daylight,Violation Driver 1,No Controls Present/Factor,Clear,Sideswipe,Non-Related,Other Vehicle,Not Applicable,Not Applicable,North Of,,False,False,115092,FIRST ST,TASMAN DR,37.40922013,-121.9448501
5884,711548,CR-0000101134,0,0,0,0,23-297-4007,False,True,51,10/24/2023 4:40:00 PM,No Pedestrians Involved,Unknown,Unknown,Unknown,Unknown,Unknown,Unknown,Rear End,Non-Related,Other Vehicle,Not Applicable,Not Applicable,East Of,,False,False,115092,FIRST ST,TASMAN DR,37.40922013,-121.9448501
5885,690235,CR-0000096325,0,0,0,0,22-257-4006,False,True,51,9/14/2022 4:20:00 PM,Unknown,Unknown,Unknown,Unknown,Unknown,Unknown,Unknown,Sideswipe,Non-Related,Motorcycle,Unknown,Unknown,West Of,,False,False,116126,BAYPOINTE PW,TASMAN DR,37.41099386,-121.9411972
5886,722494,CR-0000103796,0,0,1,0,24-106-0941,False,False,95,4/15/2024 11:25:00 PM,No Pedestrians Involved,Dry,No Unusual Conditions,Dusk - Dawn,Violation Driver 1,Controls Functioning,Clear,Sideswipe,Non-Related,Motorcycle,Not Applicable,Not Applicable,South Of,,False,False,122935,CORTESE CI,TOYON AV,37.3838789,-121.8282549
5887,681939,CR-0000091448,2,0,0,0,22-044-0722,False,False,0,2/13/2022 7:36:00 PM,No Pedestrians Involved,Dry,No Unusual Conditions,Daylight,Violation Driver 1,Controls Functioning,Clear,Sideswipe,Intersection,Other Vehicle,Not Applicable,Not Applicable,At,,False,False,32340,CAPITOL AV,GIANNOTTA WY,37.37345575,-121.8463367
5888,687457,CR-0000094236,1,0,0,0,22-254-0632,False,False,45,9/11/2022 5:01:00 PM,No Pedestrians Involved,Dry,No Unusual Conditions,Daylight,Violation Driver 1,Controls Functioning,Cloudy,Rear End,Related,Other Vehicle,Not Applicable,Not Applicable,North Of,,False,False,32340,CAPITOL AV,GIANNOTTA WY,37.37345575,-121.8463367
5889,696518,CR-0000099705,2,0,0,0,23-336-0868,False,False,51,12/2/2023 10:28:00 PM,No Pedestrians Involved,Dry,No Unusual Conditions,Dark - Street Light,Violation Driver 1,Controls Functioning,Clear,Rear End,Non-Related,Other Vehicle,Not Applicable,Not Applicable,South Of,,True,False,32340,CAPITOL AV,GIANNOTTA WY,37.37345575,-121.8463367
5890,696347,CR-0000099503,1,0,0,0,23-291-0639,False,False,0,10/18/2023 3:22:00 PM,No Pedestrians Involved,Dry,No Unusual Conditions,Daylight,Violation Driver 1,Controls Functioning,Clear,Rear End,Intersection,Other Vehicle,Not Applicable,Not Applicable,At,,False,False,32340,CAPITOL AV,GIANNOTTA WY,37.37345575,-121.8463367
5891,688719,CR-0000094544,0,0,0,0,22-191-4002,False,True,51,7/10/2022 1:11:00 PM,No Pedestrians Involved,Unknown,Unknown,Daylight,Unknown,Unknown,Unknown,Rear End,Non-Related,Parked Vehicle,Not Applicable,Not Applicable,North Of,,False,False,49928,DELAWARE AV,MORTON WY,37.24906937,-121.8497644
5892,682626,CR-0000092202,0,0,0,0,22-152-0277,False,False,165,6/1/2022 9:41:00 AM,No Pedestrians Involved,Dry,No Unusual Conditions,Daylight,Violation Driver 1,No Controls Present/Factor,Clear,Rear End,Non-Related,Parked Vehicle,Not Applicable,Not Applicable,West Of,,False,False,126719,DOVETAIL CT/PLACID CT,RUNNING SPRINGS RD,37.27452883,-121.7428317
5893,688720,CR-0000094545,0,0,0,0,22-202-4005,False,True,51,7/20/2022 7:21:00 PM,No Pedestrians Involved,Unknown,Unknown,Unknown,Unknown,Unknown,Unknown,Sideswipe,Non-Related,Parked Vehicle,Not Applicable,Not Applicable,North Of,,False,True,106776,SAN RIVAS DR,VISTA VERDE DR,37.3337645,-121.7934862
5894,685121,CR-0000093794,2,0,0,0,22-202-0634,False,False,17,7/21/2022 3:30:00 PM,No Pedestrians Involved,Dry,No Unusual Conditions,Daylight,Violation Driver 1,Controls Functioning,Clear,Rear End,Related,Other Vehicle,Not Applicable,Not Applicable,South Of,,False,False,99461,PAYNE AV,SAN TOMAS PW,37.30115373,-121.9648086
5895,715861,CR-0000101816,0,0,0,0,23-132-4001,False,True,51,5/11/2023 7:00:00 PM,No Pedestrians Involved,Unknown,Unknown,Unknown,Unknown,Unknown,Unknown,Other,Non-Related,Parked Vehicle,Not Applicable,Not Applicable,South Of,,False,False,99461,PAYNE AV,SAN TOMAS PW,37.30115373,-121.9648086
5896,699203,CR-0000100524,0,0,0,0,23-153-0462,False,False,50,6/1/2023 1:40:00 PM,No Pedestrians Involved,Dry,No Unusual Conditions,Daylight,Violation Driver 1,No Controls Present/Factor,Clear,Sideswipe,Related,Other Vehicle,Not Applicable,Not Applicable,North Of,,True,True,90573,MERIDIAN AV,NOREEN DR,37.2619032,-121.9018972
5897,699301,CR-0000100626,0,0,0,0,23-155-4002,False,True,51,6/1/2023 1:40:00 PM,No Pedestrians Involved,Unknown,Unknown,Unknown,Unknown,Unknown,Unknown,Broadside,Non-Related,Parked Vehicle,Not Applicable,Not Applicable,North Of,,False,False,90573,MERIDIAN AV,NOREEN DR,37.2619032,-121.9018972
5898,694541,CR-0000098535,0,0,0,1,23-284-0899,True,False,64,10/11/2023 11:17:00 PM,No Pedestrians Involved,Dry,No Unusual Conditions,Dark - Street Light,Violation Driver 1,No Controls Present/Factor,Clear,Hit Object,Non-Related,Fixed Object,Not Applicable,Not Applicable,South Of,CURB/MC,True,False,29655,CAMDEN AV,CANNA LN,37.23125441,-121.9037238
5899,685303,CR-0000093984,1,0,0,0,22-246-0834,False,False,0,9/3/2022 9:24:00 PM,No Pedestrians Involved,Dry,No Unusual Conditions,Dark - Street Light,Violation Driver 1,No Controls Present/Factor,Clear,Rear End,Intersection,Other Vehicle,Not Applicable,Not Applicable,At,,True,True,50291,DELTA RD,RUBY AV,37.3070184,-121.7705918
5900,715953,CR-0000101734,0,0,0,0,23-224-0812,False,False,160,8/12/2023 9:06:00 PM,No Pedestrians Involved,Dry,No Unusual Conditions,Dark - Street Light,Violation Driver 1,Controls Functioning,Clear,Rear End,Non-Related,Other Vehicle,Not Applicable,Not Applicable,West Of,,True,True,70510,HAROLD AV,STEVENS CREEK BL,37.32326237,-121.9621764
5901,681901,CR-0000091392,1,0,0,0,22-054-0466,False,False,0,2/23/2022 12:50:00 PM,No Pedestrians Involved,Dry,No Unusual Conditions,Daylight,Violation Driver 1,No Controls Present/Factor,Clear,Head On,Intersection,Other Vehicle,Not Applicable,Not Applicable,At,,False,False,73149,HILLSDALE AV,SAN LUIS REY AV,37.2690772,-121.9004991
5902,681678,CR-0000091075,0,0,0,0,22-075-4001,False,True,51,3/15/2022 7:00:00 PM,Unknown,Unknown,Unknown,Unknown,Unknown,Unknown,Unknown,Other,Non-Related,Other Vehicle,Not Applicable,Not Applicable,North Of,,False,False,16136,BELLEVUE AV,FORD AV,37.31271325,-121.8717753
5903,681255,CR-0000090641,0,0,0,0,22-007-0139,False,False,0,1/7/2022 7:28:00 AM,No Pedestrians Involved,Dry,No Unusual Conditions,Daylight,Violation Driver 1,No Controls Present/Factor,Clear,Rear End,Intersection,Other Vehicle,Not Applicable,Not Applicable,At,,False,False,13309,BARNARD AV,LITTLE ORCHARD ST,37.30755452,-121.8740644
5904,689097,CR-0000094945,2,1,0,0,22-292-0421,False,False,0,10/19/2022 12:30:00 PM,No Pedestrians Involved,Dry,No Unusual Conditions,Daylight,Violation Driver 1,No Controls Present/Factor,Clear,Broadside,Intersection,Other Vehicle,Not Applicable,Not Applicable,At,,False,False,13309,BARNARD AV,LITTLE ORCHARD ST,37.30755452,-121.8740644
5905,689612,CR-0000095593,1,0,0,0,22-344-0354,False,False,0,12/10/2022 11:00:00 AM,In Road - Includes Shoulder,Wet,Flooded,Daylight,Violation Driver 1,No Controls Present/Factor,Rain,Vehicle/Pedestrian,Intersection,Wheelchair,West,East,At,WHEEL CHAIR,False,True,13309,BARNARD AV,LITTLE ORCHARD ST,37.30755452,-121.8740644
5906,698880,CR-0000100176,0,1,0,0,23-308-0849,False,False,0,11/4/2023 10:19:00 PM,No Pedestrians Involved,Dry,No Unusual Conditions,Dark - Street Light,Violation Driver 1,No Controls Present/Factor,Clear,Broadside,Intersection,Other Vehicle,Not Applicable,Not Applicable,At,,False,True,13309,BARNARD AV,LITTLE ORCHARD ST,37.30755452,-121.8740644
5907,698995,CR-0000100299,1,0,0,0,23-326-0852,False,False,0,11/22/2023 10:30:00 PM,No Pedestrians Involved,Dry,No Unusual Conditions,Dark - Street Light,Violation Driver 1,No Controls Present/Factor,Clear,Vehicle/Bike,Intersection,Bike,Not Applicable,Not Applicable,At,BIKE,False,False,13309,BARNARD AV,LITTLE ORCHARD ST,37.30755452,-121.8740644
5908,711708,CR-0000101319,0,0,0,0,23-337-0186,False,False,39,12/3/2023 4:38:00 AM,No Pedestrians Involved,Dry,No Unusual Conditions,Dark - Street Light,Violation Driver 1,No Controls Present/Factor,Clear,Hit Object,Related,Fixed Object,Not Applicable,Not Applicable,South Of,FENCE,True,True,13309,BARNARD AV,LITTLE ORCHARD ST,37.30755452,-121.8740644
5909,722405,CR-0000103699,0,0,0,0,24-099-0533,False,False,0,4/8/2024 3:15:00 PM,No Pedestrians Involved,Dry,No Unusual Conditions,Daylight,Violation Driver 1,No Controls Present/Factor,Clear,Broadside,Intersection,Other Vehicle,Not Applicable,Not Applicable,At,,True,True,13309,BARNARD AV,LITTLE ORCHARD ST,37.30755452,-121.8740644
5910,689458,CR-0000095435,1,0,0,0,22-307-0752,False,False,0,11/3/2022 6:19:00 PM,No Pedestrians Involved,Dry,No Unusual Conditions,Dark - Street Light,Violation Driver 1,Controls Functioning,Clear,Broadside,Intersection,Other Vehicle,Not Applicable,Not Applicable,At,,False,False,4245,ALMA AV,VINE ST,37.31281811,-121.8790895
5911,689403,CR-0000095340,2,0,0,0,22-328-0314,False,False,0,11/24/2022 12:08:00 PM,No Pedestrians Involved,Dry,No Unusual Conditions,Daylight,Violation Driver 1,Controls Functioning,Clear,Broadside,Intersection,Other Vehicle,Not Applicable,Not Applicable,At,,False,False,4245,ALMA AV,VINE ST,37.31281811,-121.8790895
5912,689336,CR-0000095331,2,0,0,0,22-324-0514,False,False,0,11/20/2022 4:08:00 PM,No Pedestrians Involved,Dry,No Unusual Conditions,Dusk - Dawn,Violation Driver 1,Controls Functioning,Clear,Broadside,Intersection,Other Vehicle,Not Applicable,Not Applicable,At,,True,False,4245,ALMA AV,VINE ST,37.31281811,-121.8790895
5913,684939,CR-0000093627,2,0,0,0,22-216-0326,False,False,0,8/4/2022 10:15:00 AM,No Pedestrians Involved,Dry,No Unusual Conditions,Daylight,Violation Driver 1,Controls Functioning,Clear,Broadside,Intersection,Other Vehicle,Not Applicable,Not Applicable,At,,False,False,4245,ALMA AV,VINE ST,37.31281811,-121.8790895
5914,684752,CR-0000093396,1,0,0,0,22-187-0755,False,False,0,7/6/2022 6:33:00 PM,Crossing In Crosswalk - At Intersection,Dry,No Unusual Conditions,Daylight,Violation Driver 1,Controls Functioning,Clear,Broadside,Intersection,Other Vehicle,Not Applicable,Not Applicable,At,,False,False,4245,ALMA AV,VINE ST,37.31281811,-121.8790895
5915,682633,CR-0000092209,1,0,0,0,22-152-1009,False,False,0,6/1/2022 10:25:00 PM,No Pedestrians Involved,Dry,No Unusual Conditions,Dark - Street Light,Unknown,Controls Functioning,Clear,Broadside,Intersection,Other Vehicle,Not Applicable,Not Applicable,At,ON-DUTY EMERGENCY VEHICLE INVOLVED,False,False,4245,ALMA AV,VINE ST,37.31281811,-121.8790895
5916,682210,CR-0000091773,0,0,0,0,22-066-0888,False,False,0,3/7/2022 4:39:00 PM,No Pedestrians Involved,Dry,No Unusual Conditions,Dusk - Dawn,Violation Driver 1,Controls Functioning,Clear,Sideswipe,Intersection,Other Vehicle,Not Applicable,Not Applicable,At,,False,True,4245,ALMA AV,VINE ST,37.31281811,-121.8790895
5917,682833,CR-0000092445,1,0,0,0,22-157-0840,False,False,0,6/6/2022 7:16:00 PM,No Pedestrians Involved,Dry,No Unusual Conditions,Daylight,Violation Driver 1,Controls Functioning,Clear,Head On,Intersection,Other Vehicle,Not Applicable,Not Applicable,At,,False,False,4245,ALMA AV,VINE ST,37.31281811,-121.8790895
5918,698847,CR-0000100130,2,0,0,0,23-358-0519,False,False,0,12/24/2023 5:00:00 PM,No Pedestrians Involved,Dry,No Unusual Conditions,Dark - Street Light,Violation Driver 1,Controls Functioning,Clear,Broadside,Intersection,Other Vehicle,Not Applicable,Not Applicable,At,,False,False,4245,ALMA AV,VINE ST,37.31281811,-121.8790895
5919,696502,CR-0000099689,0,0,1,0,23-343-0126,False,False,0,12/9/2023 3:13:00 AM,No Pedestrians Involved,Dry,No Unusual Conditions,Dark - Street Light,Violation Driver 1,No Controls Present/Factor,Clear,Hit Object,Intersection,Fixed Object,Not Applicable,Not Applicable,At,Telephone Pole,False,False,4245,ALMA AV,VINE ST,37.31281811,-121.8790895
5920,696033,CR-0000099168,0,0,0,0,23-193-0309,True,False,209,7/12/2023 10:49:00 AM,No Pedestrians Involved,Dry,No Unusual Conditions,Daylight,Violation Driver 1,No Controls Present/Factor,Clear,Rear End,Non-Related,Other Vehicle,Not Applicable,Not Applicable,North Of,,False,False,4245,ALMA AV,VINE ST,37.31281811,-121.8790895
5921,690646,CR-0000096768,0,0,0,0,23-021-0645,False,False,0,1/21/2023 6:53:00 PM,No Pedestrians Involved,Dry,No Unusual Conditions,Dark - Street Light,Violation Driver 1,Controls Functioning,Clear,Broadside,Intersection,Other Vehicle,Not Applicable,Not Applicable,At,,False,True,4245,ALMA AV,VINE ST,37.31281811,-121.8790895
5922,690695,CR-0000096830,1,0,0,0,23-029-0364,True,False,0,1/29/2023 10:52:00 AM,No Pedestrians Involved,Dry,No Unusual Conditions,Daylight,Violation Driver 1,Controls Obscured,Cloudy,Broadside,Intersection,Other Vehicle,Not Applicable,Not Applicable,At,LIGHT POLE,False,True,4245,ALMA AV,VINE ST,37.31281811,-121.8790895
5923,690895,CR-0000097039,0,0,0,0,23-009-4003,False,True,51,1/9/2023 12:05:00 PM,No Pedestrians Involved,Unknown,Unknown,Unknown,Unknown,Unknown,Unknown,Sideswipe,Non-Related,Parked Vehicle,Not Applicable,Not Applicable,Unknown,,False,False,4245,ALMA AV,VINE ST,37.31281811,-121.8790895
5924,691060,CR-0000097233,1,0,0,0,23-034-0144,False,False,0,2/3/2023 5:47:00 AM,No Pedestrians Involved,Wet,No Unusual Conditions,Dark - Street Light,Violation Driver 1,Controls Functioning,Rain,Broadside,Intersection,Other Vehicle,Not Applicable,Not Applicable,At,,False,False,4245,ALMA AV,VINE ST,37.31281811,-121.8790895
5925,722194,CR-0000103460,1,0,0,0,24-077-0503,False,False,45,3/17/2024 2:57:00 PM,No Pedestrians Involved,Dry,No Unusual Conditions,Daylight,Violation Driver 1,Controls Functioning,Clear,Broadside,Related,Other Vehicle,Not Applicable,Not Applicable,North Of,,False,False,4245,ALMA AV,VINE ST,37.31281811,-121.8790895
5926,711932,CR-0000101239,0,0,0,0,23-332-4003,False,True,0,11/20/2023 10:50:00 PM,No Pedestrians Involved,Unknown,Unknown,Unknown,Unknown,Unknown,Unknown,Broadside,Intersection,Other Vehicle,Not Applicable,Not Applicable,At,,False,False,4245,ALMA AV,VINE ST,37.31281811,-121.8790895
5927,716359,CR-0000102366,1,0,0,0,24-033-9704,False,True,0,2/1/2024 5:00:00 PM,No Pedestrians Involved,Wet,No Unusual Conditions,Dusk - Dawn,Unknown,Controls Functioning,Rain,Head On,Intersection,Other Vehicle,Not Applicable,Not Applicable,At,,False,False,4245,ALMA AV,VINE ST,37.31281811,-121.8790895
5928,720898,CR-0000103124,0,0,0,0,24-029-4001,False,True,50,1/29/2024 11:52:00 AM,No Pedestrians Involved,Unknown,Unknown,Unknown,Unknown,Unknown,Unknown,Rear End,Related,Other Object,Not Applicable,Not Applicable,Unknown,,False,False,4245,ALMA AV,VINE ST,37.31281811,-121.8790895
5929,689412,CR-0000095374,2,0,0,0,22-305-0088,False,False,62,11/1/2022 1:50:00 AM,No Pedestrians Involved,Dry,No Unusual Conditions,Dark - Street Light,Violation Driver 1,Controls Functioning,Clear,Rear End,Non-Related,Parked Vehicle,Not Applicable,Not Applicable,South Of,,True,True,62193,CLARMAR WY/FOREST AV,NAGLEE AV,37.32709577,-121.9336807
5930,689737,CR-0000095749,1,1,0,0,22-339-0185,False,False,0,12/5/2022 7:40:00 AM,No Pedestrians Involved,Wet,Unknown,Daylight,Violation Driver 1,Controls Functioning,Rain,Head On,Intersection,Other Vehicle,Not Applicable,Not Applicable,At,,False,False,62193,CLARMAR WY/FOREST AV,NAGLEE AV,37.32709577,-121.9336807
5931,690189,CR-0000096280,0,0,0,0,22-162-4001,False,True,51,6/10/2022 5:00:00 PM,No Pedestrians Involved,Unknown,Unknown,Unknown,Unknown,Unknown,Unknown,Sideswipe,Non-Related,Unknown,Not Applicable,Not Applicable,North Of,,False,True,53338,DUVALL DR,PARKWEST DR,37.29245692,-121.9832446
5932,689348,CR-0000095304,0,0,0,0,22-317-0582,False,False,330,11/13/2022 5:55:00 PM,No Pedestrians Involved,Dry,No Unusual Conditions,Dark - Street Light,Other Than Driver,No Controls Present/Factor,Clear,Sideswipe,Non-Related,Parked Vehicle,Not Applicable,Not Applicable,West Of,,False,False,53349,DUVALL DR,SAGEMONT AV,37.29036094,-121.9856517