_id,CrashFactId,Name,MinorInjuries,ModerateInjuries,SevereInjuries,FatalInjuries,TcrNumber,CityDamageFlag,ShortFormFlag,Distance,CrashDateTime,PedestrianAction,RoadwaySurface,RoadwayCondition,Lighting,PrimaryCollisionFactor,TrafficControl,Weather,CollisionType,ProximityToIntersection,VehicleInvolvedWith,PedestrianDirectionFrom,PedestrianDirectionTo,DirectionFromIntersection,Comment,SpeedingFlag,HitAndRunFlag,IntersectionNumber,AStreetName,BStreetName,Latitude,Longitude
5933,694745,CR-0000098757,0,1,0,0,23-217-0328,False,False,462,8/5/2023 11:15:00 AM,No Pedestrians Involved,Dry,No Unusual Conditions,Daylight,Violation Driver 1,No Controls Present/Factor,Clear,Sideswipe,Non-Related,Motor Vehicle On Other Roadway,Not Applicable,Not Applicable,West Of,,False,False,31525,CANOAS GARDEN AV,MASONIC DR/MILL POND DR,37.29101274,-121.8726316
5934,690136,CR-0000096222,0,0,0,0,22-334-0902,False,False,46,11/30/2022 11:40:00 PM,No Pedestrians Involved,Dry,No Unusual Conditions,Dark - Street Light,Violation Driver 1,No Controls Present/Factor,Cloudy,Rear End,Related,Parked Vehicle,Not Applicable,Not Applicable,North Of,,True,True,49257,DEAN AV,LINCOLN AV,37.29982351,-121.8937919
5935,689867,CR-0000095893,1,0,0,0,22-332-0452,False,False,0,11/28/2022 1:28:00 PM,No Pedestrians Involved,Dry,Construction - Repair Zone,Daylight,Violation Driver 1,Controls Functioning,Clear,Broadside,Intersection,Other Vehicle,Not Applicable,Not Applicable,At,,False,False,122011,LAS COLINAS DR,SAN IGNACIO AV,37.23646084,-121.7791569
5936,691154,CR-0000097355,0,0,0,0,23-048-9728,False,True,51,2/11/2023 10:00:00 AM,No Pedestrians Involved,Wet,Unknown,Daylight,Unknown,Unknown,Rain,Rear End,Non-Related,Parked Vehicle,Not Applicable,Not Applicable,West Of,,False,False,106677,SAN PEDRO ST,SANTA CLARA ST,37.33507426,-121.8928582
5937,682003,CR-0000091512,0,0,0,0,22-079-0759,False,False,141,3/20/2022 6:45:00 PM,No Pedestrians Involved,Dry,No Unusual Conditions,Daylight,Violation Driver 1,Unknown,Clear,Sideswipe,Non-Related,Parked Vehicle,Not Applicable,Not Applicable,West Of,,False,False,106699,SAN PEDRO ST,ST JOHN ST,37.33697058,-121.8942653
5938,690092,CR-0000096165,0,0,0,0,22-190-9704,False,True,51,7/8/2022 10:41:00 PM,No Pedestrians Involved,Dry,No Unusual Conditions,Dark - Street Light,Unknown,No Controls Present/Factor,Clear,Sideswipe,Non-Related,Parked Vehicle,Not Applicable,Not Applicable,North Of,,False,True,106699,SAN PEDRO ST,ST JOHN ST,37.33697058,-121.8942653
5939,722014,CR-0000103268,0,0,0,0,24-056-0937,False,False,50,2/25/2024 11:10:00 PM,No Pedestrians Involved,Dry,No Unusual Conditions,Dark - Street Light,Violation Driver 1,No Controls Present/Factor,Clear,Hit Object,Related,Other Object,Not Applicable,Not Applicable,South Of,Potted Plant,False,False,106699,SAN PEDRO ST,ST JOHN ST,37.33697058,-121.8942653
5940,689380,CR-0000095370,3,0,0,0,22-311-0073,False,False,57,11/7/2022 2:19:00 AM,No Pedestrians Involved,Wet,No Unusual Conditions,Dark - Street Light,Violation Driver 1,No Controls Present/Factor,Rain,Rear End,Non-Related,Other Vehicle,Not Applicable,Not Applicable,South Of,,False,True,101738,POST ST,SAN PEDRO ST,37.33420905,-121.8922117
5941,684908,CR-0000093520,0,0,0,0,22-227-9707,False,True,,7/1/2022 2:08:00 AM,No Pedestrians Involved,Dry,No Unusual Conditions,Dark - Street Light,Unknown,No Controls Present/Factor,Clear,Rear End,Related,Parked Vehicle,Not Applicable,Not Applicable,North Of,,False,False,101738,POST ST,SAN PEDRO ST,37.33420905,-121.8922117
5942,684824,CR-0000093448,4,0,0,0,22-197-0809,False,False,441,7/16/2022 7:58:00 PM,No Pedestrians Involved,Dry,No Unusual Conditions,Dusk - Dawn,Violation Driver 1,Controls Not Functioning,Clear,Broadside,Non-Related,Other Vehicle,Not Applicable,Not Applicable,East Of,,True,False,47431,CURTNER AV,LITTLE ORCHARD ST,37.30002084,-121.8665838
5943,683248,CR-0000092842,0,0,0,0,22-197-0783,False,False,51,7/16/2022 7:21:00 PM,No Pedestrians Involved,Dry,No Unusual Conditions,Dark - Street Light Not Functioning,Unknown,Controls Functioning,Clear,Sideswipe,Non-Related,Other Vehicle,Not Applicable,Not Applicable,West Of,,False,False,47431,CURTNER AV,LITTLE ORCHARD ST,37.30002084,-121.8665838
5944,682919,CR-0000092478,2,0,0,0,22-041-0853,True,False,342,2/10/2022 6:18:00 PM,No Pedestrians Involved,Dry,No Unusual Conditions,Dark - Street Light,Violation Driver 1,Controls Functioning,Clear,Rear End,Non-Related,Other Vehicle,Not Applicable,Not Applicable,East Of,TREE,False,True,47431,CURTNER AV,LITTLE ORCHARD ST,37.30002084,-121.8665838
5945,691355,CR-0000097604,1,0,0,0,23-084-0198,False,False,35,3/25/2023 8:00:00 AM,No Pedestrians Involved,Dry,No Unusual Conditions,Daylight,Violation Driver 1,Controls Functioning,Clear,Rear End,Related,Motor Vehicle On Other Roadway,Not Applicable,Not Applicable,East Of,,True,True,47431,CURTNER AV,LITTLE ORCHARD ST,37.30002084,-121.8665838
5946,692366,CR-0000097648,1,0,0,0,23-065-0379,False,False,51,3/6/2023 12:42:00 PM,No Pedestrians Involved,Wet,No Unusual Conditions,Daylight,Violation Driver 1,Controls Functioning,Rain,Rear End,Non-Related,Other Vehicle,Not Applicable,Not Applicable,East Of,,True,False,47431,CURTNER AV,LITTLE ORCHARD ST,37.30002084,-121.8665838
5947,692430,CR-0000097714,1,0,0,0,23-082-0009,False,False,0,3/23/2023 12:16:00 AM,No Pedestrians Involved,Dry,No Unusual Conditions,Dark - Street Light,Violation Driver 1,Unknown,Clear,Broadside,Intersection,Other Vehicle,Not Applicable,Not Applicable,At,,False,False,47431,CURTNER AV,LITTLE ORCHARD ST,37.30002084,-121.8665838
5948,694608,CR-0000098641,1,0,0,0,23-205-0612,False,False,230,7/24/2023 3:50:00 PM,No Pedestrians Involved,Dry,No Unusual Conditions,Daylight,Violation Driver 1,Controls Functioning,Clear,Rear End,Non-Related,Other Vehicle,Not Applicable,Not Applicable,East Of,,True,False,47431,CURTNER AV,LITTLE ORCHARD ST,37.30002084,-121.8665838
5949,698900,CR-0000100199,1,0,0,0,23-326-0155,False,False,0,11/22/2023 6:24:00 AM,No Pedestrians Involved,Dry,No Unusual Conditions,Daylight,Violation Driver 1,Controls Functioning,Clear,Sideswipe,Intersection,Other Vehicle,Not Applicable,Not Applicable,At,,True,True,47431,CURTNER AV,LITTLE ORCHARD ST,37.30002084,-121.8665838
5950,699373,CR-0000100700,0,0,0,0,23-194-9709,False,True,0,7/9/2023 7:40:00 PM,No Pedestrians Involved,Dry,No Unusual Conditions,Daylight,Unknown,No Controls Present/Factor,Clear,Sideswipe,Intersection,Other Vehicle,Not Applicable,Not Applicable,At,,False,False,47431,CURTNER AV,LITTLE ORCHARD ST,37.30002084,-121.8665838
5951,720875,CR-0000103079,0,0,0,0,24-029-9709,False,True,,1/26/2024 3:57:00 PM,No Pedestrians Involved,Dry,No Unusual Conditions,Daylight,Unknown,Controls Functioning,Clear,Sideswipe,Related,Other Vehicle,Not Applicable,Not Applicable,East Of,,False,False,47431,CURTNER AV,LITTLE ORCHARD ST,37.30002084,-121.8665838
5952,715955,CR-0000101906,0,0,0,0,23-324-0233,False,False,0,11/20/2023 7:55:00 AM,No Pedestrians Involved,Dry,No Unusual Conditions,Daylight,Violation Driver 1,Controls Functioning,Clear,Sideswipe,Intersection,Other Vehicle,Not Applicable,Not Applicable,At,,False,True,47431,CURTNER AV,LITTLE ORCHARD ST,37.30002084,-121.8665838
5953,716090,CR-0000102058,1,0,0,0,24-019-0169,False,False,0,1/19/2024 7:46:00 AM,Crossing In Crosswalk - At Intersection,Dry,No Unusual Conditions,Daylight,Violation Driver 1,Controls Functioning,Clear,Vehicle/Pedestrian,Intersection,Pedestrian,West,East,At,PED,False,True,47431,CURTNER AV,LITTLE ORCHARD ST,37.30002084,-121.8665838
5954,722212,CR-0000103478,0,0,0,0,24-080-0594,False,False,82,3/20/2024 3:13:00 PM,No Pedestrians Involved,Dry,No Unusual Conditions,Daylight,Violation Driver 1,Controls Functioning,Clear,Sideswipe,Non-Related,Parked Vehicle,Not Applicable,Not Applicable,West Of,,False,False,47431,CURTNER AV,LITTLE ORCHARD ST,37.30002084,-121.8665838
5955,681472,CR-0000090862,1,0,0,0,22-033-0190,False,False,51,2/2/2022 8:04:00 AM,No Pedestrians Involved,Dry,No Unusual Conditions,Daylight,Violation Driver 1,Unknown,Clear,Rear End,Non-Related,Other Vehicle,Not Applicable,Not Applicable,East Of,,True,False,47618,CURTNER AV,COMMUNICATIONS HILL/STONE AV,37.29837862,-121.8690714
5956,682926,CR-0000092480,1,0,0,0,22-050-0765,False,False,420,2/19/2022 8:33:00 PM,Not In Road,Dry,No Unusual Conditions,Dark - Street Light,Violation Driver 1,No Controls Present/Factor,Clear,Vehicle/Pedestrian,Non-Related,Pedestrian,No Direction (Not Walking),No Direction (Not Walking),North Of,PED,False,False,47618,CURTNER AV,COMMUNICATIONS HILL/STONE AV,37.29837862,-121.8690714
5957,683285,CR-0000092843,0,0,0,0,22-197-0208,True,False,465,7/16/2022 7:24:00 PM,No Pedestrians Involved,Dry,Other,Dusk - Dawn,Violation Driver 1,No Controls Present/Factor,Clear,Rear End,Non-Related,Other Vehicle,Not Applicable,Not Applicable,West Of,EMERGENCY VEHICLE,False,False,47618,CURTNER AV,COMMUNICATIONS HILL/STONE AV,37.29837862,-121.8690714
5958,688991,CR-0000094851,0,0,0,0,22-256-4000,False,True,51,9/13/2022 7:05:00 AM,No Pedestrians Involved,Unknown,Unknown,Daylight,Unknown,Unknown,Unknown,Rear End,Non-Related,Other Vehicle,Not Applicable,Not Applicable,East Of,,False,False,47618,CURTNER AV,COMMUNICATIONS HILL/STONE AV,37.29837862,-121.8690714
5959,688802,CR-0000094648,0,0,0,0,22-304-4000,False,True,51,10/27/2022 12:00:00 AM,No Pedestrians Involved,Unknown,Unknown,Unknown,Unknown,Unknown,Unknown,Hit Object,Non-Related,Fixed Object,Not Applicable,Not Applicable,South Of,,False,True,47618,CURTNER AV,COMMUNICATIONS HILL/STONE AV,37.29837862,-121.8690714
5960,696469,CR-0000099646,0,1,0,0,23-318-0195,False,False,500,11/14/2023 8:31:00 AM,No Pedestrians Involved,Dry,No Unusual Conditions,Daylight,Violation Driver 1,No Controls Present/Factor,Clear,Vehicle/Bike,Non-Related,Bike,Not Applicable,Not Applicable,West Of,BIKE,False,False,47618,CURTNER AV,COMMUNICATIONS HILL/STONE AV,37.29837862,-121.8690714
5961,694404,CR-0000098358,1,0,0,0,23-171-0899,False,False,247,6/20/2023 7:44:00 PM,No Pedestrians Involved,Dry,No Unusual Conditions,Daylight,Violation Driver 1,Controls Functioning,Clear,Rear End,Non-Related,Other Vehicle,Not Applicable,Not Applicable,East Of,,True,False,47618,CURTNER AV,COMMUNICATIONS HILL/STONE AV,37.29837862,-121.8690714
5962,694027,CR-0000098188,1,0,0,0,23-140-0267,False,False,168,5/20/2023 8:55:00 AM,No Pedestrians Involved,Dry,No Unusual Conditions,Daylight,Violation Driver 1,Controls Functioning,Clear,Rear End,Non-Related,Other Vehicle,Not Applicable,Not Applicable,East Of,,True,False,47618,CURTNER AV,COMMUNICATIONS HILL/STONE AV,37.29837862,-121.8690714
5963,690284,CR-0000096376,0,0,0,0,22-311-0088,True,False,0,11/7/2022 3:11:00 AM,No Pedestrians Involved,Wet,No Unusual Conditions,Dark - Street Light,Violation Driver 1,Controls Functioning,Rain,Hit Object,Intersection,Fixed Object,Not Applicable,Not Applicable,At,light pole,False,True,47618,CURTNER AV,COMMUNICATIONS HILL/STONE AV,37.29837862,-121.8690714
5964,690509,CR-0000096621,0,0,0,0,22-276-9701,False,True,51,10/1/2022 12:00:00 PM,No Pedestrians Involved,Dry,No Unusual Conditions,Daylight,Unknown,Controls Functioning,Clear,Rear End,Non-Related,Other Vehicle,Not Applicable,Not Applicable,West Of,,False,False,47618,CURTNER AV,COMMUNICATIONS HILL/STONE AV,37.29837862,-121.8690714
5965,722436,CR-0000103754,1,0,0,0,24-101-0681,False,False,0,4/10/2024 6:26:00 PM,No Pedestrians Involved,Dry,No Unusual Conditions,Daylight,Violation Driver 1,No Controls Present/Factor,Clear,Rear End,Intersection,Other Vehicle,Not Applicable,Not Applicable,At,,True,False,47618,CURTNER AV,COMMUNICATIONS HILL/STONE AV,37.29837862,-121.8690714
5966,689733,CR-0000095745,0,0,0,0,22-358-0389,True,False,0,12/24/2022 12:47:00 PM,No Pedestrians Involved,Dry,No Unusual Conditions,Daylight,Unknown,No Controls Present/Factor,Clear,Hit Object,Intersection,Fixed Object,Not Applicable,Not Applicable,At,"STREET SIGN, COMM POLE",False,True,84369,LITTLE ORCHARD ST,MONTICELLO AV,37.30063698,-121.8671926
5967,682687,CR-0000092263,0,0,0,0,22-150-0682,False,False,23,5/30/2022 6:18:00 PM,No Pedestrians Involved,Dry,No Unusual Conditions,Daylight,Violation Driver 1,Controls Functioning,Clear,Broadside,Related,Other Vehicle,Not Applicable,Not Applicable,North Of,,False,False,75096,HYLAND AV,WHITE RD,37.36724803,-121.829302
5968,682701,CR-0000092279,0,0,0,0,22-150-0663,False,False,30,5/30/2022 6:23:00 PM,No Pedestrians Involved,Dry,Unknown,Daylight,Violation Driver 1,Controls Functioning,Clear,Rear End,Related,Other Vehicle,Not Applicable,Not Applicable,North Of,,True,True,75096,HYLAND AV,WHITE RD,37.36724803,-121.829302
5969,696418,CR-0000099595,2,0,0,0,23-284-0636,False,False,177,10/11/2023 5:41:00 PM,No Pedestrians Involved,Dry,No Unusual Conditions,Daylight,Violation Driver 1,Controls Functioning,Clear,Rear End,Non-Related,Other Vehicle,Not Applicable,Not Applicable,South Of,,True,False,75096,HYLAND AV,WHITE RD,37.36724803,-121.829302
5970,716052,CR-0000102023,0,2,0,0,24-013-0622,False,False,0,1/13/2024 6:27:00 PM,Crossing In Crosswalk - At Intersection,Dry,No Unusual Conditions,Dusk - Dawn,Violation Driver 1,Controls Functioning,Clear,Vehicle/Pedestrian,Intersection,Pedestrian,East,West,At,PEDESTRIAN,False,True,75096,HYLAND AV,WHITE RD,37.36724803,-121.829302
5971,699289,CR-0000100614,0,0,0,0,23-152-4000,False,True,51,6/1/2023 8:10:00 AM,No Pedestrians Involved,Unknown,Unknown,Unknown,Unknown,Unknown,Unknown,Rear End,Non-Related,Unknown,Not Applicable,Not Applicable,Unknown,,False,False,32537,CAPITOL AV/WONDERAMA DR,OCALA AV,37.34178766,-121.8172427
5972,699110,CR-0000100426,0,0,0,0,23-171-0525,False,False,,6/20/2023 1:45:00 PM,No Pedestrians Involved,Dry,No Unusual Conditions,Daylight,Violation Driver 1,Controls Functioning,Clear,Sideswipe,Related,Other Vehicle,Not Applicable,Not Applicable,West Of,,False,True,32537,CAPITOL AV/WONDERAMA DR,OCALA AV,37.34178766,-121.8172427
5973,691022,CR-0000097194,1,0,0,0,23-033-0521,False,False,0,2/2/2023 2:57:00 PM,No Pedestrians Involved,Dry,No Unusual Conditions,Daylight,Violation Driver 1,No Controls Present/Factor,Clear,Broadside,Intersection,Motorcycle,Not Applicable,Not Applicable,At,,False,False,32537,CAPITOL AV/WONDERAMA DR,OCALA AV,37.34178766,-121.8172427
5974,716269,CR-0000102232,0,1,0,0,24-047-0899,False,False,0,2/16/2024 9:25:00 PM,No Pedestrians Involved,Dry,No Unusual Conditions,Dark - Street Light,Violation Driver 1,Unknown,Clear,Vehicle/Bike,Intersection,Bike,Not Applicable,Not Applicable,At,BIKE,False,False,32537,CAPITOL AV/WONDERAMA DR,OCALA AV,37.34178766,-121.8172427
5975,690295,CR-0000096387,0,0,0,0,22-306-0171,False,False,,11/2/2022 8:10:00 AM,No Pedestrians Involved,Dry,No Unusual Conditions,Daylight,Violation Driver 1,Controls Functioning,Cloudy,Rear End,Related,Other Vehicle,Not Applicable,Not Applicable,East Of,,True,True,57936,EVERMONT CT,OCALA AV,37.34103851,-121.8194822
5976,694231,CR-0000098090,1,0,0,0,23-111-0719,False,False,62,4/21/2023 6:50:00 PM,No Pedestrians Involved,Dry,No Unusual Conditions,Dusk - Dawn,Violation Driver 1,No Controls Present/Factor,Clear,Rear End,Non-Related,Parked Vehicle,Not Applicable,Not Applicable,East Of,,True,False,73182,HILLSDALE AV,WILCOX AV,37.26964023,-121.8984249
5977,687435,CR-0000094214,0,0,0,0,22-252-0042,False,False,308,9/9/2022 1:10:00 AM,No Pedestrians Involved,Dry,No Unusual Conditions,Dark - Street Light,Violation Driver 1,Controls Functioning,Clear,Head On,Non-Related,Parked Vehicle,Not Applicable,Not Applicable,South Of,,True,False,3805,ALLEN AV,BLOSSOM HILL RD,37.25031488,-121.8544265
5978,711869,CR-0000101279,0,0,0,0,23-183-4002,False,True,51,7/2/2023 1:25:00 AM,No Pedestrians Involved,Unknown,Unknown,Unknown,Unknown,Unknown,Unknown,Other,Non-Related,Parked Vehicle,Not Applicable,Not Applicable,East Of,,False,False,3805,ALLEN AV,BLOSSOM HILL RD,37.25031488,-121.8544265
5979,683170,CR-0000092765,0,0,0,0,22-062-9709,False,True,51,2/20/2022 12:30:00 AM,No Pedestrians Involved,Dry,No Unusual Conditions,Dark - Street Light,Unknown,No Controls Present/Factor,Clear,Sideswipe,Non-Related,Parked Vehicle,Not Applicable,Not Applicable,West Of,,False,False,12231,BAL HARBOR WY/PALMWOOD DR,PALMVIEW WY,37.33697852,-121.8344991
5980,683164,CR-0000092753,0,0,0,0,22-041-4001,False,True,,2/9/2022 9:35:00 PM,No Pedestrians Involved,Unknown,Unknown,Unknown,Unknown,Unknown,Unknown,Sideswipe,Related,Other Vehicle,Not Applicable,Not Applicable,Unknown,,False,False,12231,BAL HARBOR WY/PALMWOOD DR,PALMVIEW WY,37.33697852,-121.8344991
5981,689316,CR-0000095272,0,0,0,0,22-300-0731,False,False,42,10/27/2022 5:45:00 PM,No Pedestrians Involved,Dry,No Unusual Conditions,Daylight,Violation Driver 1,Controls Functioning,Clear,Broadside,Related,Other Vehicle,Not Applicable,Not Applicable,North Of,,False,True,113607,WILLIAMS RD,ZARICK DR,37.30829891,-121.9793601
5982,684809,CR-0000093415,0,0,0,0,22-184-0871,False,False,144,7/3/2022 9:26:00 PM,No Pedestrians Involved,Dry,No Unusual Conditions,Dark - Street Light,Violation Driver 1,Controls Functioning,Clear,Sideswipe,Non-Related,Parked Vehicle,Not Applicable,Not Applicable,West Of,,True,True,80244,KLAMATH DR,PAYNE AV,37.30099329,-121.972627
5983,689493,CR-0000095470,4,0,0,0,22-346-0553,False,False,0,12/12/2022 3:07:00 PM,No Pedestrians Involved,Dry,No Unusual Conditions,Daylight,Violation Driver 1,No Controls Present/Factor,Clear,Head On,Intersection,Other Vehicle,Not Applicable,Not Applicable,At,,False,False,99527,PAYNE AV,TOPAZ AV,37.30104444,-121.9698516
5984,718503,CR-0000102609,0,1,0,0,24-072-0684,False,False,19,3/12/2024 5:28:00 PM,No Pedestrians Involved,Dry,No Unusual Conditions,Daylight,Violation Driver 1,Controls Functioning,Clear,Sideswipe,Related,Motorcycle,Not Applicable,Not Applicable,West Of,MC,False,False,99527,PAYNE AV,TOPAZ AV,37.30104444,-121.9698516
5985,687575,CR-0000094366,0,0,0,0,22-256-0453,True,False,0,9/13/2022 12:36:00 PM,No Pedestrians Involved,Dry,No Unusual Conditions,Daylight,Violation Driver 1,Controls Functioning,Clear,Broadside,Intersection,Other Vehicle,Not Applicable,Not Applicable,At,,False,False,31130,CAMPBELL AV,HAMILTON AV,37.28999022,-121.9893504
5986,688990,CR-0000094850,0,1,0,0,22-289-0400,False,False,102,10/16/2022 12:19:00 PM,No Pedestrians Involved,Dry,No Unusual Conditions,Daylight,Violation Driver 1,Controls Functioning,Clear,Rear End,Non-Related,Other Vehicle,Not Applicable,Not Applicable,South Of,,True,False,31130,CAMPBELL AV,HAMILTON AV,37.28999022,-121.9893504
5987,689105,CR-0000094967,2,0,0,0,22-299-0838,False,False,0,10/26/2022 7:25:00 PM,No Pedestrians Involved,Dry,No Unusual Conditions,Dark - Street Light,Violation Driver 1,Controls Functioning,Clear,Broadside,Intersection,Other Vehicle,Not Applicable,Not Applicable,At,,False,False,31130,CAMPBELL AV,HAMILTON AV,37.28999022,-121.9893504
5988,692574,CR-0000097865,0,0,1,0,23-044-0332,False,False,37,2/13/2023 11:17:00 AM,Crossing - Not In Crosswalk,Dry,No Unusual Conditions,Daylight,Pedestrian At Fault,Controls Not Functioning,Clear,Vehicle/Pedestrian,Related,Pedestrian,South,North,East Of,PED,False,False,31130,CAMPBELL AV,HAMILTON AV,37.28999022,-121.9893504
5989,719762,CR-0000102935,1,0,0,0,24-095-9708,False,True,51,10/6/2023 9:38:00 PM,No Pedestrians Involved,Dry,No Unusual Conditions,Dark - Street Light,Unknown,No Controls Present/Factor,Clear,Broadside,Non-Related,Other Vehicle,Not Applicable,Not Applicable,South Of,,False,False,31130,CAMPBELL AV,HAMILTON AV,37.28999022,-121.9893504
5990,689789,CR-0000095815,1,0,0,0,22-201-0754,False,False,70,7/20/2022 6:25:00 PM,No Pedestrians Involved,Dry,No Unusual Conditions,Daylight,Violation Driver 1,Controls Functioning,Clear,Rear End,Non-Related,Other Vehicle,Not Applicable,Not Applicable,South Of,,True,True,123727,FINANCIAL SQUARE,LINCOLN AV,37.30564367,-121.8990704
5991,683087,CR-0000092641,0,0,0,0,22-173-0388,False,False,86,6/22/2022 11:10:00 AM,No Pedestrians Involved,Dry,No Unusual Conditions,Daylight,Violation Driver 1,Controls Functioning,Clear,Other,Non-Related,Other Vehicle,Not Applicable,Not Applicable,South Of,,False,True,31250,CAMPBELL AV,PASEO DE SARATOGA/WESTGATE DW,37.29051448,-121.9906184
5992,681444,CR-0000090834,0,0,0,0,22-027-4003,False,True,0,1/27/2022 12:26:00 PM,No Pedestrians Involved,Unknown,Unknown,Daylight,Unknown,Unknown,Unknown,Sideswipe,Intersection,Unknown,Not Applicable,Not Applicable,At,,False,False,31250,CAMPBELL AV,PASEO DE SARATOGA/WESTGATE DW,37.29051448,-121.9906184
5993,691315,CR-0000097560,0,1,0,0,23-061-0451,False,False,0,3/2/2023 1:16:00 PM,No Pedestrians Involved,Dry,No Unusual Conditions,Daylight,Violation Driver 1,Controls Functioning,Clear,Head On,Intersection,Other Vehicle,Not Applicable,Not Applicable,At,,False,False,31250,CAMPBELL AV,PASEO DE SARATOGA/WESTGATE DW,37.29051448,-121.9906184
5994,698890,CR-0000100188,1,0,0,0,23-311-0203,False,False,,11/7/2023 8:03:00 AM,No Pedestrians Involved,Dry,No Unusual Conditions,Daylight,Violation Driver 1,Controls Functioning,Clear,Rear End,Related,Other Vehicle,Not Applicable,Not Applicable,South Of,,True,True,31250,CAMPBELL AV,PASEO DE SARATOGA/WESTGATE DW,37.29051448,-121.9906184
5995,711985,CR-0000100831,0,0,0,0,23-186-0345,False,False,0,7/3/2023 12:00:00 PM,No Pedestrians Involved,Dry,No Unusual Conditions,Daylight,Violation Driver 1,Controls Functioning,Clear,Sideswipe,Intersection,Other Vehicle,Not Applicable,Not Applicable,At,,True,False,31250,CAMPBELL AV,PASEO DE SARATOGA/WESTGATE DW,37.29051448,-121.9906184
5996,683507,CR-0000093104,0,0,0,0,22-196-0985,False,False,400,7/15/2022 10:39:00 PM,No Pedestrians Involved,Dry,No Unusual Conditions,Dark - No Street Light,Violation Driver 1,No Controls Present/Factor,Clear,Sideswipe,Non-Related,Parked Vehicle,Not Applicable,Not Applicable,West Of,,False,False,52359,DOYLE RD,PRISCILLA DR,37.30327724,-121.9855666
5997,696215,CR-0000099360,2,0,0,0,23-102-0720,False,False,0,4/12/2023 7:01:00 PM,No Pedestrians Involved,Dry,No Unusual Conditions,Dark - Street Light,Violation Driver 1,Controls Functioning,Clear,Broadside,Intersection,Other Vehicle,Not Applicable,Not Applicable,At,,False,False,52359,DOYLE RD,PRISCILLA DR,37.30327724,-121.9855666
5998,682311,CR-0000091874,0,0,0,0,22-097-9702,False,True,100,4/6/2022 7:10:00 PM,No Pedestrians Involved,Dry,No Unusual Conditions,Daylight,Unknown,Controls Functioning,Clear,Sideswipe,Non-Related,Other Vehicle,Not Applicable,Not Applicable,West Of,,False,False,99428,PAYNE AV,PILAND DR,37.3010966,-121.9670144
5999,698929,CR-0000100231,2,0,0,0,23-311-0694,False,False,80,11/7/2023 4:24:00 PM,No Pedestrians Involved,Dry,No Unusual Conditions,Daylight,Violation Driver 1,Controls Functioning,Clear,Rear End,Non-Related,Other Vehicle,Not Applicable,Not Applicable,West Of,,True,False,21438,BOLLINGER RD,JOHNSON AV,37.31028508,-122.0030033
6000,716320,CR-0000102284,1,0,0,0,24-067-9707,False,True,0,2/23/2024 11:18:00 AM,No Pedestrians Involved,Dry,No Unusual Conditions,Daylight,Unknown,Unknown,Clear,Sideswipe,Intersection,Other Vehicle,Not Applicable,Not Applicable,At,,False,False,21438,BOLLINGER RD,JOHNSON AV,37.31028508,-122.0030033
6001,698678,CR-0000099915,1,0,0,0,23-232-0616,False,False,0,8/20/2023 3:30:00 PM,No Pedestrians Involved,Dry,No Unusual Conditions,Daylight,Violation Driver 1,No Controls Present/Factor,Clear,Rear End,Intersection,Other Vehicle,Not Applicable,Not Applicable,At,,False,True,42525,COMPTON LN,DARRYL DR,37.29909065,-121.9646182
6002,681516,CR-0000090910,0,0,0,0,22-037-0559,False,False,60,2/6/2022 3:50:00 PM,No Pedestrians Involved,Dry,No Unusual Conditions,Daylight,Violation Driver 1,No Controls Present/Factor,Clear,Sideswipe,Non-Related,Other Vehicle,Not Applicable,Not Applicable,South Of,,True,False,4443,ALMADEN AV/TERRAINE ST,ST JOHN ST,37.33649594,-121.8953544
6003,696034,CR-0000099169,0,0,0,0,23-204-0965,False,False,132,7/23/2023 9:16:00 PM,No Pedestrians Involved,Dry,No Unusual Conditions,Dark - Street Light,Violation Driver 1,No Controls Present/Factor,Clear,Broadside,Non-Related,Parked Vehicle,Not Applicable,Not Applicable,South Of,,False,True,4443,ALMADEN AV/TERRAINE ST,ST JOHN ST,37.33649594,-121.8953544
6004,683184,CR-0000092752,1,0,0,0,22-040-0914,False,False,105,2/9/2022 8:43:00 PM,No Pedestrians Involved,Dry,No Unusual Conditions,Dark - Street Light,Violation Driver 1,Controls Functioning,Clear,Sideswipe,Non-Related,Parked Vehicle,Not Applicable,Not Applicable,North Of,,True,True,54581,EDWARDS AV,FIRST ST,37.32186385,-121.8794499
6005,697615,CR-0000099833,1,0,0,0,23-303-0530,False,False,51,10/30/2023 3:07:00 PM,No Pedestrians Involved,Dry,No Unusual Conditions,Daylight,Violation Driver 1,Unknown,Clear,Rear End,Non-Related,Other Vehicle,Not Applicable,Not Applicable,North Of,,False,False,54581,EDWARDS AV,FIRST ST,37.32186385,-121.8794499
6006,698902,CR-0000100202,1,0,0,0,23-318-9703,False,True,0,11/13/2023 8:00:00 PM,Crossing - Not In Crosswalk,Dry,No Unusual Conditions,Dark - No Street Light,Unknown,Unknown,Clear,Vehicle/Pedestrian,Intersection,Pedestrian,East,West,At,PED,False,False,54581,EDWARDS AV,FIRST ST,37.32186385,-121.8794499
6007,690712,CR-0000096849,0,0,0,0,23-024-0123,False,False,70,1/24/2023 6:02:00 AM,No Pedestrians Involved,Dry,No Unusual Conditions,Dark - Street Light,Violation Driver 1,No Controls Present/Factor,Clear,Rear End,Non-Related,Parked Vehicle,Not Applicable,Not Applicable,North Of,,False,True,54581,EDWARDS AV,FIRST ST,37.32186385,-121.8794499