_id,CrashFactId,Name,MinorInjuries,ModerateInjuries,SevereInjuries,FatalInjuries,TcrNumber,CityDamageFlag,ShortFormFlag,Distance,CrashDateTime,PedestrianAction,RoadwaySurface,RoadwayCondition,Lighting,PrimaryCollisionFactor,TrafficControl,Weather,CollisionType,ProximityToIntersection,VehicleInvolvedWith,PedestrianDirectionFrom,PedestrianDirectionTo,DirectionFromIntersection,Comment,SpeedingFlag,HitAndRunFlag,IntersectionNumber,AStreetName,BStreetName,Latitude,Longitude
6008,712221,CR-0000101664,0,0,0,0,23-253-0297,True,False,109,9/10/2023 8:37:00 AM,No Pedestrians Involved,Dry,No Unusual Conditions,Daylight,Unknown,No Controls Present/Factor,Clear,Hit Object,Non-Related,Fixed Object,Not Applicable,Not Applicable,South Of,TREE,False,True,54581,EDWARDS AV,FIRST ST,37.32186385,-121.8794499
6009,683487,CR-0000093084,0,1,0,0,22-183-0839,False,False,46,7/2/2022 9:16:00 PM,No Pedestrians Involved,Dry,No Unusual Conditions,Dark - Street Light,Violation Driver 1,No Controls Present/Factor,Clear,Sideswipe,Related,Parked Vehicle,Not Applicable,Not Applicable,North Of,,False,False,4465,ALMADEN AV,UNION ST,37.32289474,-121.8851661
6010,681316,CR-0000090703,0,1,0,0,22-012-0607,False,False,0,1/12/2022 4:43:00 PM,Crossing In Crosswalk - At Intersection,Dry,No Unusual Conditions,Daylight,Violation Driver 1,Controls Functioning,Clear,Vehicle/Pedestrian,Intersection,Pedestrian,West,East,At,PEDESTRIAN,False,False,4487,ALMADEN AV,VIRGINIA ST,37.32211824,-121.8845866
6011,682156,CR-0000091703,0,0,0,0,22-074-1087,False,False,0,3/15/2022 11:35:00 PM,No Pedestrians Involved,Dry,No Unusual Conditions,Dark - Street Light,Violation Driver 1,Controls Functioning,Clear,Sideswipe,Intersection,Other Vehicle,Not Applicable,Not Applicable,At,,False,True,4487,ALMADEN AV,VIRGINIA ST,37.32211824,-121.8845866
6012,682575,CR-0000092142,0,0,0,0,22-122-0161,False,False,0,5/2/2022 8:01:00 AM,No Pedestrians Involved,Dry,No Unusual Conditions,Daylight,Violation Driver 1,Controls Functioning,Cloudy,Broadside,Intersection,Other Vehicle,Not Applicable,Not Applicable,At,,False,False,4487,ALMADEN AV,VIRGINIA ST,37.32211824,-121.8845866
6013,694083,CR-0000097974,1,0,0,0,23-079-0622,False,False,0,3/2/2023 3:59:00 PM,No Pedestrians Involved,Dry,No Unusual Conditions,Daylight,Violation Driver 1,Controls Functioning,Clear,Broadside,Intersection,Other Vehicle,Not Applicable,Not Applicable,At,,False,False,4487,ALMADEN AV,VIRGINIA ST,37.32211824,-121.8845866
6014,695934,CR-0000099063,0,0,0,0,23-243-4008,False,True,0,8/31/2023 7:45:00 PM,No Pedestrians Involved,Unknown,Unknown,Unknown,Unknown,Unknown,Unknown,Broadside,Intersection,Other Vehicle,Not Applicable,Not Applicable,At,,False,False,4487,ALMADEN AV,VIRGINIA ST,37.32211824,-121.8845866
6015,694452,CR-0000098417,1,0,0,0,23-154-0968,False,False,0,6/3/2023 10:36:00 PM,No Pedestrians Involved,Dry,No Unusual Conditions,Dark - Street Light,Violation Driver 1,Controls Functioning,Clear,Broadside,Intersection,Other Vehicle,Not Applicable,Not Applicable,At,,True,False,4487,ALMADEN AV,VIRGINIA ST,37.32211824,-121.8845866
6016,712197,CR-0000101628,0,0,0,0,23-304-0848,False,False,32,10/31/2023 9:43:00 PM,No Pedestrians Involved,Dry,No Unusual Conditions,Dark - Street Light,Violation Driver 1,Controls Functioning,Clear,Rear End,Related,Other Vehicle,Not Applicable,Not Applicable,South Of,,False,True,4487,ALMADEN AV,VIRGINIA ST,37.32211824,-121.8845866
6017,715917,CR-0000101913,1,0,0,0,23-321-0128,False,False,0,11/17/2023 5:52:00 AM,Crossing In Crosswalk - At Intersection,Dry,No Unusual Conditions,Dark - Street Light,Violation Driver 1,Controls Not Functioning,Clear,Vehicle/Pedestrian,Intersection,Pedestrian,East,West,At,PED,False,False,4487,ALMADEN AV,VIRGINIA ST,37.32211824,-121.8845866
6018,717464,CR-0000102488,1,0,0,0,24-081-0116,False,False,0,3/21/2024 5:32:00 AM,No Pedestrians Involved,Dry,No Unusual Conditions,Dark - Street Light,Violation Driver 1,Controls Functioning,Clear,Broadside,Intersection,Other Vehicle,Not Applicable,Not Applicable,At,,False,False,4487,ALMADEN AV,VIRGINIA ST,37.32211824,-121.8845866
6019,722277,CR-0000103571,0,0,0,0,24-089-9707,False,True,0,3/26/2024 10:40:00 AM,No Pedestrians Involved,Dry,No Unusual Conditions,Daylight,Unknown,Unknown,Clear,Sideswipe,Intersection,Other Vehicle,Not Applicable,Not Applicable,At,,False,False,4487,ALMADEN AV,VIRGINIA ST,37.32211824,-121.8845866
6020,689604,CR-0000095582,1,0,0,0,22-128-0300,False,False,0,5/8/2022 10:20:00 AM,No Pedestrians Involved,Dry,No Unusual Conditions,Daylight,Violation Driver 1,Controls Functioning,Clear,Broadside,Intersection,Motor Vehicle On Other Roadway,Not Applicable,Not Applicable,At,,False,True,79133,KEYES ST,THIRD ST,37.32073941,-121.8762261
6021,683479,CR-0000093075,0,0,0,0,22-212-4002,False,True,0,7/30/2022 1:21:00 PM,No Pedestrians Involved,Unknown,Unknown,Daylight,Unknown,Unknown,Unknown,Rear End,Intersection,Other Vehicle,Not Applicable,Not Applicable,At,,False,True,79133,KEYES ST,THIRD ST,37.32073941,-121.8762261
6022,683552,CR-0000093149,0,0,0,0,22-210-0667,False,False,20,7/29/2022 5:09:00 PM,No Pedestrians Involved,Dry,No Unusual Conditions,Daylight,Violation Driver 1,Controls Functioning,Clear,Rear End,Related,Other Vehicle,Not Applicable,Not Applicable,East Of,,True,True,79133,KEYES ST,THIRD ST,37.32073941,-121.8762261
6023,684749,CR-0000093409,1,0,0,0,22-184-0188,True,False,0,7/3/2022 5:39:00 AM,No Pedestrians Involved,Dry,No Unusual Conditions,Daylight,Violation Driver 1,Controls Functioning,Clear,Hit Object,Intersection,Fixed Object,Not Applicable,Not Applicable,At,Light Pole,True,False,79133,KEYES ST,THIRD ST,37.32073941,-121.8762261
6024,684964,CR-0000093630,0,1,0,0,22-202-0570,False,False,0,7/21/2022 3:05:00 PM,No Pedestrians Involved,Dry,No Unusual Conditions,Daylight,Violation Driver 1,Controls Functioning,Clear,Broadside,Intersection,Other Vehicle,Not Applicable,Not Applicable,At,,False,False,79133,KEYES ST,THIRD ST,37.32073941,-121.8762261
6025,687433,CR-0000094212,1,1,0,0,22-268-0076,False,False,0,9/25/2022 1:09:00 AM,No Pedestrians Involved,Dry,No Unusual Conditions,Dark - Street Light,Violation Driver 1,No Controls Present/Factor,Clear,Broadside,Intersection,Other Vehicle,Not Applicable,Not Applicable,At,,False,False,79133,KEYES ST,THIRD ST,37.32073941,-121.8762261
6026,685031,CR-0000093706,0,0,0,0,22-211-0711,False,False,0,7/30/2022 5:21:00 PM,No Pedestrians Involved,Dry,No Unusual Conditions,Daylight,Violation Driver 1,Controls Functioning,Clear,Sideswipe,Intersection,Non-Collision,Not Applicable,Not Applicable,At,,True,True,79133,KEYES ST,THIRD ST,37.32073941,-121.8762261
6027,694616,CR-0000098649,1,0,0,0,23-206-0684,False,False,0,7/25/2023 4:52:00 PM,No Pedestrians Involved,Dry,No Unusual Conditions,Daylight,Violation Driver 1,Controls Functioning,Clear,Broadside,Intersection,Other Vehicle,Not Applicable,Not Applicable,At,,False,False,79133,KEYES ST,THIRD ST,37.32073941,-121.8762261
6028,694166,CR-0000098033,0,0,2,0,23-107-0273,True,False,19,4/17/2023 10:16:00 AM,Crossing In Crosswalk - At Intersection,Dry,No Unusual Conditions,Daylight,Violation Driver 1,Controls Functioning,Clear,Vehicle/Pedestrian,Related,Pedestrian,East,West,North Of,"PEDESTRIAN, ELECTRIC POLE",False,False,79133,KEYES ST,THIRD ST,37.32073941,-121.8762261
6029,691318,CR-0000097563,1,0,0,0,23-061-0647,False,False,0,3/2/2023 4:42:00 PM,No Pedestrians Involved,Dry,No Unusual Conditions,Daylight,Violation Driver 1,Controls Functioning,Clear,Head On,Intersection,Other Vehicle,Not Applicable,Not Applicable,At,,True,False,79133,KEYES ST,THIRD ST,37.32073941,-121.8762261
6030,715925,CR-0000101988,2,0,0,0,24-006-0252,False,False,0,1/6/2024 9:51:00 AM,No Pedestrians Involved,Dry,No Unusual Conditions,Daylight,Violation Driver 1,Controls Functioning,Cloudy,Broadside,Intersection,Other Vehicle,Not Applicable,Not Applicable,At,,False,False,79133,KEYES ST,THIRD ST,37.32073941,-121.8762261
6031,715851,CR-0000101984,0,0,1,0,24-008-0283,False,False,60,1/6/2024 1:00:00 PM,No Pedestrians Involved,Wet,No Unusual Conditions,Daylight,Violation Driver 1,No Controls Present/Factor,Rain,Vehicle/Bike,Non-Related,Bike,Not Applicable,Not Applicable,East Of,,False,True,79133,KEYES ST,THIRD ST,37.32073941,-121.8762261
6032,712212,CR-0000101646,1,0,0,0,23-258-0778,False,False,0,9/15/2023 6:58:00 PM,No Pedestrians Involved,Dry,No Unusual Conditions,Dark - Street Light,Violation Driver 1,Controls Functioning,Clear,Sideswipe,Intersection,Other Vehicle,Not Applicable,Not Applicable,At,,True,True,79133,KEYES ST,THIRD ST,37.32073941,-121.8762261
6033,689172,CR-0000095033,0,1,0,0,22-318-0887,False,False,,11/14/2022 8:30:00 PM,Crossing - Not In Crosswalk,Dry,No Unusual Conditions,Dark - Street Light,Violation Driver 1,Unknown,Clear,Vehicle/Pedestrian,Related,Pedestrian,North,South,East Of,PEDESTRIAN,True,True,79089,KEYES ST,SECOND ST,37.32023184,-121.8772708
6034,689264,CR-0000095237,1,1,0,0,22-304-0831,False,False,131,10/31/2022 7:20:00 PM,Crossing - Not In Crosswalk,Dry,No Unusual Conditions,Dark - Street Light,Violation Driver 1,Controls Functioning,Clear,Vehicle/Pedestrian,Non-Related,Pedestrian,West,East,South Of,PED(2),False,False,79089,KEYES ST,SECOND ST,37.32023184,-121.8772708
6035,698949,CR-0000100251,1,0,0,0,23-328-0249,False,False,177,11/24/2023 10:11:00 AM,No Pedestrians Involved,Dry,No Unusual Conditions,Daylight,Violation Driver 1,No Controls Present/Factor,Clear,Rear End,Non-Related,Other Vehicle,Not Applicable,Not Applicable,South Of,,True,True,79089,KEYES ST,SECOND ST,37.32023184,-121.8772708
6036,696514,CR-0000099701,1,0,0,0,23-335-1001,False,False,0,12/1/2023 11:06:00 PM,No Pedestrians Involved,Dry,No Unusual Conditions,Dark - Street Light,Violation Driver 1,Controls Functioning,Clear,Broadside,Intersection,Other Vehicle,Not Applicable,Not Applicable,At,,False,False,79089,KEYES ST,SECOND ST,37.32023184,-121.8772708
6037,711663,CR-0000101281,0,0,0,0,23-183-4001,False,True,,7/2/2023 7:00:00 AM,No Pedestrians Involved,Unknown,Unknown,Unknown,Unknown,Unknown,Unknown,Sideswipe,Related,Other Vehicle,Not Applicable,Not Applicable,North Of,,False,False,79089,KEYES ST,SECOND ST,37.32023184,-121.8772708
6038,683270,CR-0000092830,0,1,0,0,22-191-0138,False,False,102,7/10/2022 2:00:00 AM,Crossing - Not In Crosswalk,Dry,No Unusual Conditions,Dark - Street Light,Pedestrian At Fault,Controls Functioning,Clear,Vehicle/Pedestrian,Non-Related,Pedestrian,East,West,South Of,PEDESTRIAN,False,False,60720,FIRST ST,WILLOW ST,37.32101475,-121.8786067
6039,694411,CR-0000098365,0,0,1,0,23-155-0095,False,False,0,6/4/2023 2:02:00 AM,Crossing In Crosswalk - At Intersection,Dry,No Unusual Conditions,Dark - Street Light,Pedestrian At Fault,Controls Functioning,Clear,Vehicle/Pedestrian,Intersection,Pedestrian,West,East,At,PED,False,False,60720,FIRST ST,WILLOW ST,37.32101475,-121.8786067
6040,695840,CR-0000098905,0,0,0,0,23-091-0822,False,False,0,4/1/2023 10:13:00 PM,No Pedestrians Involved,Dry,No Unusual Conditions,Dark - Street Light,Violation Driver 1,No Controls Present/Factor,Clear,Rear End,Intersection,Other Vehicle,Not Applicable,Not Applicable,At,,False,True,60720,FIRST ST,WILLOW ST,37.32101475,-121.8786067
6041,695967,CR-0000099101,0,0,0,0,23-219-0270,False,False,0,8/7/2023 8:27:00 AM,No Pedestrians Involved,Dry,No Unusual Conditions,Daylight,Violation Driver 1,Unknown,Clear,Broadside,Intersection,Other Vehicle,Not Applicable,Not Applicable,At,,False,False,60720,FIRST ST,WILLOW ST,37.32101475,-121.8786067
6042,690860,CR-0000097001,1,0,0,0,23-003-0302,False,False,0,1/3/2023 10:07:00 AM,No Pedestrians Involved,Dry,No Unusual Conditions,Daylight,Violation Driver 1,Controls Functioning,Clear,Broadside,Intersection,Other Vehicle,Not Applicable,Not Applicable,At,,False,False,60720,FIRST ST,WILLOW ST,37.32101475,-121.8786067
6043,722031,CR-0000103285,0,0,0,0,24-059-0030,True,False,72,2/28/2024 12:50:00 AM,No Pedestrians Involved,Dry,No Unusual Conditions,Dark - Street Light,Violation Driver 1,Controls Functioning,Clear,Hit Object,Non-Related,Fixed Object,Not Applicable,Not Applicable,South Of,TREE,False,False,60720,FIRST ST,WILLOW ST,37.32101475,-121.8786067
6044,719821,CR-0000102994,0,0,0,0,24-037-0119,False,False,0,2/6/2024 5:42:00 AM,No Pedestrians Involved,Dry,No Unusual Conditions,Dark - Street Light,Violation Driver 1,Controls Functioning,Unknown,Sideswipe,Intersection,Other Vehicle,Not Applicable,Not Applicable,At,,False,True,60720,FIRST ST,WILLOW ST,37.32101475,-121.8786067
6045,696234,CR-0000099380,0,0,0,0,23-103-4006,False,True,51,4/13/2023 4:00:00 PM,No Pedestrians Involved,Unknown,Unknown,Daylight,Unknown,Unknown,Unknown,Other,Non-Related,Parked Vehicle,Not Applicable,Not Applicable,South Of,,False,False,1935,ADRIAN WY,ALFRED WY,37.33885676,-121.8272559
6046,719645,CR-0000102816,0,0,0,0,24-005-0100,False,False,196,1/5/2024 3:21:00 AM,No Pedestrians Involved,Wet,No Unusual Conditions,Dark - Street Light,Violation Driver 1,No Controls Present/Factor,Cloudy,Rear End,Non-Related,Parked Vehicle,Not Applicable,Not Applicable,North Of,,False,True,1935,ADRIAN WY,ALFRED WY,37.33885676,-121.8272559
6047,719669,CR-0000102840,0,0,0,0,24-007-4004,False,True,51,1/7/2024 4:16:00 AM,No Pedestrians Involved,Unknown,Unknown,Unknown,Unknown,Unknown,Unknown,Rear End,Non-Related,Parked Vehicle,Not Applicable,Not Applicable,North Of,,False,False,1935,ADRIAN WY,ALFRED WY,37.33885676,-121.8272559
6048,696495,CR-0000099682,0,1,0,0,23-339-0827,False,False,51,12/5/2023 9:29:00 PM,In Road - Includes Shoulder,Dry,No Unusual Conditions,Dark - Street Light,Pedestrian At Fault,No Controls Present/Factor,Clear,Vehicle/Pedestrian,Non-Related,Pedestrian,No Direction (Not Walking),No Direction (Not Walking),Unknown,PED,False,False,122022,GREAT OAKS BL,LAS COLINAS DR,37.23944054,-121.7764003
6049,719707,CR-0000102879,2,0,0,0,24-008-0511,False,False,666,1/8/2024 1:55:00 PM,No Pedestrians Involved,Dry,No Unusual Conditions,Daylight,Violation Driver 1,No Controls Present/Factor,Clear,Overturned,Non-Related,Other Vehicle,Not Applicable,Not Applicable,South Of,,False,False,122022,GREAT OAKS BL,LAS COLINAS DR,37.23944054,-121.7764003
6050,715992,CR-0000101812,0,0,0,0,23-201-9704,False,True,51,5/9/2023 9:00:00 PM,No Pedestrians Involved,Unknown,Unknown,Unknown,Unknown,Unknown,Unknown,Other,Non-Related,Other Vehicle,Not Applicable,Not Applicable,North Of,,False,False,144039,AVENUE B,PLEASANT RIDGE AV,37.36621178,-121.8346848
6051,681209,CR-0000090594,0,1,0,0,22-004-0761,False,False,0,1/3/2022 11:00:00 PM,Crossing In Crosswalk - At Intersection,Wet,No Unusual Conditions,Dark - Street Light,Violation Driver 1,No Controls Present/Factor,Clear,Vehicle/Pedestrian,Intersection,Pedestrian,South,North,At,PEDESTRIAN (SKATEBOARD),False,False,84138,LINCOLN AV,WILLOW GLEN WY,37.30053606,-121.894158
6052,716268,CR-0000102256,1,0,0,0,24-035-0574,False,False,0,2/4/2024 12:55:00 PM,Crossing In Crosswalk - At Intersection,Wet,No Unusual Conditions,Daylight,Violation Driver 1,Controls Functioning,Rain,Vehicle/Pedestrian,Intersection,Pedestrian,West,East,At,PED,True,False,84138,LINCOLN AV,WILLOW GLEN WY,37.30053606,-121.894158
6053,716240,CR-0000102206,2,0,0,0,24-034-0480,False,False,58,2/3/2024 2:32:00 PM,No Pedestrians Involved,Dry,No Unusual Conditions,Daylight,Violation Driver 1,Controls Functioning,Clear,Rear End,Non-Related,Other Vehicle,Not Applicable,Not Applicable,North Of,,False,False,84138,LINCOLN AV,WILLOW GLEN WY,37.30053606,-121.894158
6054,689417,CR-0000095351,1,1,0,0,22-333-0219,False,False,21,11/29/2022 8:36:00 AM,No Pedestrians Involved,Dry,No Unusual Conditions,Dusk - Dawn,Violation Driver 1,Controls Functioning,Clear,Broadside,Related,Other Vehicle,Not Applicable,Not Applicable,North Of,,False,False,70421,HARMIL WY,MALONE RD,37.29503187,-121.8864872
6055,681369,CR-0000090756,1,0,0,0,22-017-0614,False,False,51,1/17/2022 5:27:00 PM,No Pedestrians Involved,Dry,No Unusual Conditions,Dark - Street Light,Violation Driver 1,Controls Functioning,Clear,Rear End,Non-Related,Other Vehicle,Not Applicable,Not Applicable,East Of,,True,False,123551,CURTNER AV,GUADALUPE FR,37.29370599,-121.873572
6056,681310,CR-0000090697,0,0,0,0,22-013-9706,False,True,0,1/11/2022 7:19:00 PM,No Pedestrians Involved,Dry,No Unusual Conditions,Dark - Street Light,Unknown,No Controls Present/Factor,Clear,Broadside,Intersection,Other Vehicle,Not Applicable,Not Applicable,At,,False,False,84380,LITTLE ORCHARD ST,SAN JOSE AV,37.30979442,-121.874351
6057,699129,CR-0000100445,0,0,0,0,23-176-0422,False,False,31,6/25/2023 2:07:00 PM,No Pedestrians Involved,Dry,No Unusual Conditions,Dark - Street Light,Violation Driver 1,Unknown,Clear,Head On,Related,Parked Vehicle,Not Applicable,Not Applicable,East Of,,False,True,84380,LITTLE ORCHARD ST,SAN JOSE AV,37.30979442,-121.874351
6058,691265,CR-0000097510,0,0,0,0,23-044-9704,False,True,0,2/13/2023 8:20:00 AM,No Pedestrians Involved,Dry,No Unusual Conditions,Daylight,Unknown,Controls Functioning,Clear,Sideswipe,Intersection,Other Vehicle,Not Applicable,Not Applicable,At,,False,False,84380,LITTLE ORCHARD ST,SAN JOSE AV,37.30979442,-121.874351
6059,719619,CR-0000102779,0,0,0,0,23-073-4001,False,True,0,3/14/2023 10:56:00 AM,No Pedestrians Involved,Unknown,Unknown,Unknown,Unknown,Unknown,Unknown,Broadside,Intersection,Other Vehicle,Not Applicable,Not Applicable,At,,False,False,84380,LITTLE ORCHARD ST,SAN JOSE AV,37.30979442,-121.874351
6060,699409,CR-0000100742,0,0,0,0,23-195-0204,False,False,132,7/14/2023 7:00:00 AM,No Pedestrians Involved,Dry,No Unusual Conditions,Dusk - Dawn,Violation Driver 1,No Controls Present/Factor,Clear,Hit Object,Non-Related,Fixed Object,Not Applicable,Not Applicable,East Of,Telephone Pole,True,True,84380,LITTLE ORCHARD ST,SAN JOSE AV,37.30979442,-121.874351
6061,711835,CR-0000101051,0,0,0,0,23-294-9703,False,True,0,10/21/2023 11:50:00 AM,No Pedestrians Involved,Dry,No Unusual Conditions,Daylight,Violation Driver 1,No Controls Present/Factor,Clear,Sideswipe,Intersection,Other Vehicle,Not Applicable,Not Applicable,At,,False,False,84380,LITTLE ORCHARD ST,SAN JOSE AV,37.30979442,-121.874351
6062,689663,CR-0000095646,0,1,0,0,22-340-0235,False,False,0,12/6/2022 9:51:00 AM,No Pedestrians Involved,Wet,Unknown,Daylight,Violation Driver 1,Controls Functioning,Cloudy,Broadside,Intersection,Other Vehicle,Not Applicable,Not Applicable,At,,False,False,125509,GUADALUPE FR,LELONG AV,37.31143925,-121.886008
6063,685209,CR-0000093888,0,0,1,0,22-254-0552,False,False,207,9/11/2022 11:30:00 AM,No Pedestrians Involved,Dry,No Unusual Conditions,Daylight,Violation Driver 1,Controls Functioning,Clear,Sideswipe,Non-Related,Motorcycle,Not Applicable,Not Applicable,South Of,,False,True,125509,GUADALUPE FR,LELONG AV,37.31143925,-121.886008
6064,691307,CR-0000097552,0,0,0,0,23-061-4002,False,True,0,3/1/2023 7:00:00 PM,No Pedestrians Involved,Unknown,Unknown,Unknown,Unknown,Unknown,Unknown,Broadside,Intersection,Other Vehicle,Not Applicable,Not Applicable,At,,False,False,125509,GUADALUPE FR,LELONG AV,37.31143925,-121.886008
6065,692459,CR-0000097746,0,0,1,0,23-084-0271,False,False,0,3/25/2023 10:51:00 AM,No Pedestrians Involved,Dry,No Unusual Conditions,Daylight,Violation Driver 1,No Controls Present/Factor,Clear,Broadside,Intersection,Motor Vehicle On Other Roadway,Not Applicable,Not Applicable,At,,True,False,125509,GUADALUPE FR,LELONG AV,37.31143925,-121.886008
6066,689825,CR-0000095851,1,0,0,0,22-342-0322,False,False,0,12/8/2022 11:29:00 AM,No Pedestrians Involved,Dry,No Unusual Conditions,Daylight,Bike At Fault,Controls Functioning,Clear,Vehicle/Bike,Intersection,Bike,Not Applicable,Not Applicable,At,BIKE,False,False,125509,GUADALUPE FR,LELONG AV,37.31143925,-121.886008
6067,690058,CR-0000096121,0,0,0,0,22-315-0493,False,False,18,11/11/2022 3:52:00 PM,No Pedestrians Involved,Dry,No Unusual Conditions,Daylight,Violation Driver 1,No Controls Present/Factor,Clear,Broadside,Related,Other Vehicle,Not Applicable,Not Applicable,East Of,,False,False,125509,GUADALUPE FR,LELONG AV,37.31143925,-121.886008
6068,682759,CR-0000092341,0,1,0,0,22-131-0565,False,False,0,5/11/2022 3:16:00 PM,Crossing In Crosswalk - At Intersection,Dry,No Unusual Conditions,Daylight,Violation Driver 1,Controls Functioning,Clear,Vehicle/Pedestrian,Intersection,Pedestrian,West,East,At,PED,False,False,76867,JENVEY AV,PLUMMER AV,37.28343771,-121.8995717
6069,690855,CR-0000096996,0,0,0,0,23-017-0374,False,False,210,1/17/2023 11:36:00 AM,No Pedestrians Involved,Dry,No Unusual Conditions,Daylight,Violation Driver 1,Controls Not Functioning,Clear,Sideswipe,Non-Related,Parked Vehicle,Not Applicable,Not Applicable,South Of,,True,True,80596,KOCH LN,RICHLAND AV,37.28148659,-121.8860777
6070,681463,CR-0000090853,1,1,0,0,22-028-0993,False,False,0,1/28/2022 10:24:00 PM,No Pedestrians Involved,Dry,No Unusual Conditions,Dark - Street Light,Violation Driver 1,Controls Functioning,Clear,Broadside,Intersection,Other Vehicle,Not Applicable,Not Applicable,At,PD VEHICLE INVOLVED,False,False,73006,HILLSDALE AV,KILO AV,37.26575567,-121.9115909
6071,711883,CR-0000101118,0,0,0,0,23-299-0912,False,False,0,10/26/2023 9:10:00 PM,No Pedestrians Involved,Dry,No Unusual Conditions,Dark - Street Light,Violation Driver 1,Controls Functioning,Clear,Rear End,Intersection,Other Vehicle,Not Applicable,Not Applicable,At,,True,True,73006,HILLSDALE AV,KILO AV,37.26575567,-121.9115909
6072,716371,CR-0000102365,0,1,0,0,24-050-0707,False,False,80,2/19/2024 3:30:00 PM,Crossing - Not In Crosswalk,Wet,No Unusual Conditions,Daylight,Violation Driver 1,No Controls Present/Factor,Cloudy,Vehicle/Pedestrian,Non-Related,Pedestrian,West,East,North Of,PED,True,True,73006,HILLSDALE AV,KILO AV,37.26575567,-121.9115909
6073,683413,CR-0000093006,0,1,0,0,22-149-0145,False,False,0,5/29/2022 2:39:00 AM,No Pedestrians Involved,Dry,No Unusual Conditions,Dark - Street Light,Violation Driver 1,No Controls Present/Factor,Clear,Rear End,Intersection,Other Vehicle,Not Applicable,Not Applicable,At,,True,False,45154,CRATER LN,TURLOCK LN,37.39875492,-121.8550581
6074,682669,CR-0000092245,0,0,0,0,22-128-4001,False,True,0,5/7/2022 7:15:00 AM,No Pedestrians Involved,Unknown,Unknown,Daylight,Unknown,Unknown,Unknown,Broadside,Intersection,Other Vehicle,Not Applicable,Not Applicable,At,,False,False,4124,ALMA AV,LOCUST ST,37.31220538,-121.8799486
6075,692475,CR-0000097763,0,0,0,0,23-074-0896,False,False,0,3/15/2023 7:30:00 PM,No Pedestrians Involved,Dry,No Unusual Conditions,Dark - Street Light,Violation Driver 1,No Controls Present/Factor,Clear,Sideswipe,Intersection,Other Vehicle,Not Applicable,Not Applicable,At,,False,False,4124,ALMA AV,LOCUST ST,37.31220538,-121.8799486
6076,683077,CR-0000092675,1,0,0,0,22-151-0856,False,False,0,5/31/2022 6:04:00 PM,No Pedestrians Involved,Dry,No Unusual Conditions,Daylight,Violation Driver 1,Controls Functioning,Clear,Broadside,Intersection,Other Vehicle,Not Applicable,Not Applicable,At,,False,False,4168,ALMA AV,PALM ST,37.3115987,-121.8808112
6077,689465,CR-0000095442,1,0,0,0,22-349-0396,False,False,0,12/15/2022 12:50:00 PM,No Pedestrians Involved,Dry,No Unusual Conditions,Daylight,Violation Driver 1,Controls Not Functioning,Clear,Sideswipe,Intersection,Other Vehicle,Not Applicable,Not Applicable,At,,False,False,4102,ALMA AV,LICK AV,37.31102521,-121.8816242
6078,690384,CR-0000096479,0,0,0,0,22-120-9701,False,True,51,4/21/2022 5:45:00 AM,No Pedestrians Involved,Dry,No Unusual Conditions,Daylight,Unknown,No Controls Present/Factor,Clear,Head On,Non-Related,Parked Vehicle,Not Applicable,Not Applicable,West Of,,False,False,84370,LITTLE ORCHARD ST,PERRYMONT AV,37.30130529,-121.8678515
6079,688812,CR-0000094658,0,0,0,1,22-341-0768,False,False,0,12/7/2022 7:32:00 PM,Crossing - Not In Crosswalk,Dry,No Unusual Conditions,Dark - Street Light Not Functioning,Unknown,No Controls Present/Factor,Clear,Vehicle/Pedestrian,Intersection,Pedestrian,East,West,At,PED,False,False,84370,LITTLE ORCHARD ST,PERRYMONT AV,37.30130529,-121.8678515
6080,692521,CR-0000097811,0,1,0,0,23-091-0481,False,False,0,4/1/2023 3:55:00 PM,No Pedestrians Involved,Dry,No Unusual Conditions,Daylight,Violation Driver 1,Controls Functioning,Clear,Broadside,Intersection,Motorcycle,Not Applicable,Not Applicable,At,,False,False,84370,LITTLE ORCHARD ST,PERRYMONT AV,37.30130529,-121.8678515
6081,698674,CR-0000099911,1,0,0,0,23-239-0622,False,False,0,8/27/2023 5:05:00 PM,No Pedestrians Involved,Dry,Construction - Repair Zone,Daylight,Violation Driver 1,No Controls Present/Factor,Clear,Broadside,Intersection,Other Vehicle,Not Applicable,Not Applicable,At,,False,False,84370,LITTLE ORCHARD ST,PERRYMONT AV,37.30130529,-121.8678515
6082,690344,CR-0000096438,0,0,0,0,22-139-4003,False,True,0,5/19/2022 3:10:00 PM,No Pedestrians Involved,Unknown,Unknown,Unknown,Unknown,Unknown,Unknown,Rear End,Intersection,Other Vehicle,Not Applicable,Not Applicable,At,,False,True,4597,ALMADEN EX,BRYAN AV,37.26836878,-121.8786692
6083,694510,CR-0000098504,1,0,0,0,23-177-0347,False,False,0,6/26/2023 11:04:00 AM,No Pedestrians Involved,Dry,No Unusual Conditions,Daylight,Violation Driver 1,No Controls Present/Factor,Clear,Rear End,Intersection,Other Vehicle,Not Applicable,Not Applicable,At,,False,False,4597,ALMADEN EX,BRYAN AV,37.26836878,-121.8786692