_id,CrashFactId,Name,MinorInjuries,ModerateInjuries,SevereInjuries,FatalInjuries,TcrNumber,CityDamageFlag,ShortFormFlag,Distance,CrashDateTime,PedestrianAction,RoadwaySurface,RoadwayCondition,Lighting,PrimaryCollisionFactor,TrafficControl,Weather,CollisionType,ProximityToIntersection,VehicleInvolvedWith,PedestrianDirectionFrom,PedestrianDirectionTo,DirectionFromIntersection,Comment,SpeedingFlag,HitAndRunFlag,IntersectionNumber,AStreetName,BStreetName,Latitude,Longitude
6084,712254,CR-0000101709,0,0,0,0,23-223-4002,False,True,0,3/23/2023 5:15:00 PM,No Pedestrians Involved,Unknown,Unknown,Unknown,Unknown,Unknown,Unknown,Rear End,Intersection,Other Vehicle,Not Applicable,Not Applicable,At,,False,False,4597,ALMADEN EX,BRYAN AV,37.26836878,-121.8786692
6085,719604,CR-0000102761,0,0,0,0,23-099-9701,False,True,51,3/10/2023 5:45:00 PM,No Pedestrians Involved,Dry,No Unusual Conditions,Daylight,Unknown,No Controls Present/Factor,Clear,Sideswipe,Non-Related,Parked Vehicle,Not Applicable,Not Applicable,North Of,,False,False,123133,ABORN RD,SERPA DR,37.31285058,-121.7991151
6086,697629,CR-0000099848,1,0,0,0,23-294-0286,False,False,0,10/21/2023 9:20:00 AM,No Pedestrians Involved,Dry,No Unusual Conditions,Daylight,Violation Driver 1,No Controls Present/Factor,Clear,Vehicle/Bike,Intersection,Bike,Not Applicable,Not Applicable,At,BIKE,False,False,36948,CHARMGLOW CT,NIEMAN BL,37.30496962,-121.7967386
6087,689156,CR-0000095051,0,1,1,0,22-324-0011,True,False,22,11/20/2022 12:05:00 AM,No Pedestrians Involved,Dry,No Unusual Conditions,Dark - Street Light,Violation Driver 1,No Controls Present/Factor,Clear,Head On,Related,Parked Vehicle,Not Applicable,Not Applicable,North Of,"LIGHT POLE, TREE",False,False,95721,NIEMAN BL,WENDOVER LN,37.30461111,-121.7964833
6088,682856,CR-0000092426,3,0,0,0,22-151-0451,False,False,0,5/31/2022 11:51:00 AM,No Pedestrians Involved,Dry,No Unusual Conditions,Daylight,Violation Driver 1,Controls Functioning,Clear,Broadside,Intersection,Other Vehicle,Not Applicable,Not Applicable,At,,False,False,126686,ALVISO MILPITAS RD,FIRST ST,37.4178769,-121.9579921
6089,682637,CR-0000092213,0,0,0,0,22-153-0331,False,False,21,6/2/2022 10:15:00 AM,No Pedestrians Involved,Dry,No Unusual Conditions,Daylight,Violation Driver 1,Controls Functioning,Clear,Sideswipe,Related,Other Vehicle,Not Applicable,Not Applicable,South Of,,False,True,126686,ALVISO MILPITAS RD,FIRST ST,37.4178769,-121.9579921
6090,681613,CR-0000091010,0,0,0,0,22-048-0407,False,False,0,2/17/2022 7:15:00 AM,No Pedestrians Involved,Dry,No Unusual Conditions,Daylight,Violation Driver 1,Controls Functioning,Clear,Sideswipe,Intersection,Other Vehicle,Not Applicable,Not Applicable,At,,False,False,126686,ALVISO MILPITAS RD,FIRST ST,37.4178769,-121.9579921
6091,695853,CR-0000098918,1,0,0,0,23-094-0668,False,False,0,4/4/2023 4:16:00 PM,No Pedestrians Involved,Dry,No Unusual Conditions,Daylight,Bike At Fault,Controls Functioning,Clear,Vehicle/Bike,Intersection,Bike,Not Applicable,Not Applicable,At,BIKE,True,False,126686,ALVISO MILPITAS RD,FIRST ST,37.4178769,-121.9579921
6092,696246,CR-0000099393,3,1,0,0,23-175-0799,False,False,0,6/24/2023 9:26:00 PM,No Pedestrians Involved,Dry,No Unusual Conditions,Dark - Street Light,Violation Driver 1,Controls Functioning,Clear,Broadside,Intersection,Other Vehicle,Not Applicable,Not Applicable,At,,False,False,126686,ALVISO MILPITAS RD,FIRST ST,37.4178769,-121.9579921
6093,696181,CR-0000099325,0,1,0,0,23-124-0183,False,False,447,5/2/2023 5:00:00 PM,No Pedestrians Involved,Unknown,No Unusual Conditions,Daylight,Violation Driver 1,No Controls Present/Factor,Unknown,Vehicle/Bike,Non-Related,Bike,Not Applicable,Not Applicable,South Of,BIKE,False,True,126686,ALVISO MILPITAS RD,FIRST ST,37.4178769,-121.9579921
6094,717478,CR-0000102511,2,0,0,0,24-076-0844,False,False,0,3/16/2024 9:38:00 PM,No Pedestrians Involved,Dry,No Unusual Conditions,Dark - Street Light,Violation Driver 1,Controls Functioning,Clear,Rear End,Intersection,Other Vehicle,Not Applicable,Not Applicable,At,,False,False,126686,ALVISO MILPITAS RD,FIRST ST,37.4178769,-121.9579921
6095,720882,CR-0000103085,0,0,0,0,24-029-9702,False,True,,1/27/2024 5:27:00 PM,No Pedestrians Involved,Dry,No Unusual Conditions,Daylight,Unknown,Controls Functioning,Cloudy,Rear End,Related,Other Vehicle,Not Applicable,Not Applicable,East Of,,False,False,126686,ALVISO MILPITAS RD,FIRST ST,37.4178769,-121.9579921
6096,715812,CR-0000101799,0,0,0,0,23-133-0764,False,False,0,5/13/2023 8:25:00 PM,No Pedestrians Involved,Dry,No Unusual Conditions,Dusk - Dawn,Violation Driver 1,Controls Functioning,Clear,Rear End,Intersection,Other Vehicle,Not Applicable,Not Applicable,At,,True,True,126686,ALVISO MILPITAS RD,FIRST ST,37.4178769,-121.9579921
6097,712081,CR-0000101497,0,0,0,0,23-263-9704,False,True,0,9/18/2023 10:28:00 AM,No Pedestrians Involved,Dry,No Unusual Conditions,Daylight,Unknown,No Controls Present/Factor,Clear,Sideswipe,Intersection,Other Vehicle,Not Applicable,Not Applicable,At,,False,False,126686,ALVISO MILPITAS RD,FIRST ST,37.4178769,-121.9579921
6098,699225,CR-0000100546,0,0,0,0,23-181-9703,False,True,0,6/30/2023 12:40:00 PM,No Pedestrians Involved,Unknown,Unknown,Unknown,Unknown,Unknown,Unknown,Rear End,Intersection,Other Vehicle,Not Applicable,Not Applicable,At,,False,False,125180,MONTAGUE EX,SEELY AV,37.39485707,-121.9166584
6099,682289,CR-0000091832,1,1,0,0,22-127-0614,False,False,220,5/7/2022 4:23:00 PM,No Pedestrians Involved,Dry,No Unusual Conditions,Daylight,Violation Driver 1,No Controls Present/Factor,Clear,Rear End,Non-Related,Other Vehicle,Not Applicable,Not Applicable,East Of,,True,False,125465,MCKEE RD,SINCLAIR FR,37.36643139,-121.8483704
6100,689268,CR-0000095232,1,0,0,0,22-284-0542,False,False,500,10/11/2022 1:15:00 PM,No Pedestrians Involved,Dry,No Unusual Conditions,Daylight,Violation Driver 1,Controls Functioning,Clear,Rear End,Non-Related,Other Vehicle,Not Applicable,Not Applicable,East Of,,True,False,125465,MCKEE RD,SINCLAIR FR,37.36643139,-121.8483704
6101,685159,CR-0000093834,1,0,0,0,22-237-0245,False,False,0,8/25/2022 9:10:00 AM,No Pedestrians Involved,Dry,No Unusual Conditions,Daylight,Violation Driver 1,Controls Functioning,Clear,Rear End,Intersection,Other Vehicle,Not Applicable,Not Applicable,At,,True,False,125465,MCKEE RD,SINCLAIR FR,37.36643139,-121.8483704
6102,698787,CR-0000100068,0,0,1,0,23-354-0003,False,False,75,12/20/2023 12:01:00 AM,In Road - Includes Shoulder,Dry,No Unusual Conditions,Dark - Street Light,Pedestrian At Fault,No Controls Present/Factor,Cloudy,Vehicle/Pedestrian,Non-Related,Pedestrian,Unknown,Unknown,East Of,PED,False,False,125465,MCKEE RD,SINCLAIR FR,37.36643139,-121.8483704
6103,696069,CR-0000099204,0,0,0,0,23-021-4004,False,True,51,1/21/2023 6:00:00 PM,No Pedestrians Involved,Unknown,Unknown,Unknown,Unknown,Unknown,Unknown,Rear End,Non-Related,Other Vehicle,Not Applicable,Not Applicable,East Of,,False,False,125465,MCKEE RD,SINCLAIR FR,37.36643139,-121.8483704
6104,695946,CR-0000099079,0,0,0,0,23-223-9701,False,True,51,8/10/2023 7:00:00 PM,No Pedestrians Involved,Dry,No Unusual Conditions,Daylight,Unknown,Unknown,Clear,Rear End,Non-Related,Other Vehicle,Not Applicable,Not Applicable,East Of,,False,False,125465,MCKEE RD,SINCLAIR FR,37.36643139,-121.8483704
6105,694305,CR-0000098213,0,0,0,1,23-163-0203,False,False,80,6/12/2023 8:04:00 AM,Crossing - Not In Crosswalk,Dry,No Unusual Conditions,Daylight,Unknown,Controls Functioning,Clear,Vehicle/Pedestrian,Non-Related,Pedestrian,South,North,East Of,,False,False,125465,MCKEE RD,SINCLAIR FR,37.36643139,-121.8483704
6106,689944,CR-0000096000,2,0,0,0,22-221-1032,False,False,382,8/9/2022 10:24:00 PM,No Pedestrians Involved,Dry,No Unusual Conditions,Dark - No Street Light,Other Than Driver,No Controls Present/Factor,Clear,Hit Object,Non-Related,Other Object,Not Applicable,Not Applicable,East Of,Shopping Cart,False,False,125465,MCKEE RD,SINCLAIR FR,37.36643139,-121.8483704
6107,722393,CR-0000103687,1,0,0,0,24-098-0746,False,False,565,4/7/2024 8:16:00 PM,No Pedestrians Involved,Dry,No Unusual Conditions,Dark - Street Light,Violation Driver 1,No Controls Present/Factor,Clear,Rear End,Non-Related,Other Vehicle,Not Applicable,Not Applicable,East Of,,True,False,125465,MCKEE RD,SINCLAIR FR,37.36643139,-121.8483704
6108,689488,CR-0000095465,1,0,0,0,22-335-0445,False,False,0,12/1/2022 1:48:00 PM,No Pedestrians Involved,Wet,No Unusual Conditions,Daylight,Violation Driver 1,Unknown,Rain,Head On,Intersection,Other Vehicle,Not Applicable,Not Applicable,At,,False,False,82400,LAVA WY,MABURY RD,37.37520793,-121.8569692
6109,689716,CR-0000095728,0,1,0,0,22-314-0144,False,False,25,11/10/2022 6:41:00 AM,In Road - Includes Shoulder,Dry,No Unusual Conditions,Daylight,Pedestrian At Fault,No Controls Present/Factor,Clear,Vehicle/Pedestrian,Related,Pedestrian,North,South,West Of,PED,False,False,98108,PACHECO DR,RANSON DR,37.37344512,-121.853223
6110,683031,CR-0000092673,0,1,0,0,22-142-0848,False,False,0,5/22/2022 8:34:00 PM,Crossing - Not In Crosswalk,Dry,No Unusual Conditions,Dark - Street Light,Violation Driver 1,Controls Functioning,Clear,Vehicle/Pedestrian,Intersection,Pedestrian,West,East,At,PEDESTRIAN,False,False,70025,HAMPSWOOD WY,QUEENSWOOD WY,37.20481646,-121.8309008
6111,690909,CR-0000097072,0,0,0,0,23-052-0150,False,False,0,2/21/2023 7:30:00 AM,No Pedestrians Involved,Dry,No Unusual Conditions,Daylight,Violation Driver 1,No Controls Present/Factor,Clear,Hit Object,Intersection,Fixed Object,Not Applicable,Not Applicable,At,STREET SIGN,False,True,2111,AGUA VISTA DR,HOSTETTER RD,37.39890299,-121.868353
6112,698988,CR-0000100292,1,0,1,0,23-353-0769,True,False,0,12/19/2023 6:33:00 PM,No Pedestrians Involved,Wet,No Unusual Conditions,Dark - Street Light,Violation Driver 1,No Controls Present/Factor,Rain,Sideswipe,Intersection,Other Vehicle,Not Applicable,Not Applicable,At,TREE,False,False,2111,AGUA VISTA DR,HOSTETTER RD,37.39890299,-121.868353
6113,694577,CR-0000098601,0,2,0,0,23-183-0681,False,False,0,7/2/2023 5:52:00 PM,No Pedestrians Involved,Dry,No Unusual Conditions,Daylight,Violation Driver 1,No Controls Present/Factor,Clear,Broadside,Intersection,Other Vehicle,Not Applicable,Not Applicable,At,,True,False,91156,FIRST ST,MICHIGAN AV,37.42562071,-121.9737522
6114,722157,CR-0000103423,0,0,0,0,24-074-0827,False,False,126,3/14/2024 7:28:00 PM,No Pedestrians Involved,Dry,No Unusual Conditions,Daylight,Violation Driver 1,No Controls Present/Factor,Clear,Hit Object,Non-Related,Fixed Object,Not Applicable,Not Applicable,West Of,PG&E POLE,False,False,91156,FIRST ST,MICHIGAN AV,37.42562071,-121.9737522
6115,711745,CR-0000101087,0,0,0,0,23-237-0917,False,False,110,8/25/2023 7:54:00 PM,No Pedestrians Involved,Dry,No Unusual Conditions,Daylight,Violation Driver 1,No Controls Present/Factor,Clear,Rear End,Non-Related,Parked Vehicle,Not Applicable,Not Applicable,South Of,,False,True,130020,ESPIRIT CT,FLICKENGER RD,37.40107062,-121.8809536
6116,685145,CR-0000093819,0,0,0,0,22-235-9705,False,True,51,8/22/2022 3:20:00 PM,No Pedestrians Involved,Dry,No Unusual Conditions,Daylight,Unknown,No Controls Present/Factor,Clear,Rear End,Non-Related,Other Vehicle,Not Applicable,Not Applicable,West Of,,False,True,143845,GOLD ST,HOPPE ST,37.42510273,-121.976083
6117,685185,CR-0000093861,0,0,0,0,22-239-9703,False,True,0,8/27/2022 5:00:00 AM,No Pedestrians Involved,Dry,No Unusual Conditions,Dark - No Street Light,Unknown,Unknown,Cloudy,Broadside,Intersection,Other Vehicle,Not Applicable,Not Applicable,At,,False,False,23847,BRANHAM LANE EAST,LYRIC LN,37.26918491,-121.8136488
6118,684716,CR-0000093400,0,1,0,0,22-188-0718,False,False,0,7/7/2022 6:24:00 PM,No Pedestrians Involved,Dry,No Unusual Conditions,Daylight,Violation Driver 1,Controls Functioning,Clear,Vehicle/Bike,Intersection,Scooter Motorized,Not Applicable,Not Applicable,At,MOTORIZED SCOOTER,False,False,12605,BALTIC WY,SENTER RD,37.30542301,-121.8452042
6119,694623,CR-0000098656,1,0,0,0,23-207-0920,False,False,0,7/26/2023 9:00:00 PM,No Pedestrians Involved,Dry,No Unusual Conditions,Dark - Street Light,Violation Driver 1,Controls Functioning,Clear,Rear End,Intersection,Other Vehicle,Not Applicable,Not Applicable,At,,False,False,12605,BALTIC WY,SENTER RD,37.30542301,-121.8452042
6120,698905,CR-0000100205,1,0,0,0,23-314-0573,False,False,0,11/10/2023 4:58:00 PM,No Pedestrians Involved,Dry,No Unusual Conditions,Dark - Street Light,Violation Driver 1,Controls Functioning,Clear,Rear End,Intersection,Other Vehicle,Not Applicable,Not Applicable,At,,False,True,12605,BALTIC WY,SENTER RD,37.30542301,-121.8452042
6121,699094,CR-0000100409,0,0,0,0,23-163-0129,False,False,375,6/12/2023 5:11:00 AM,No Pedestrians Involved,Dry,No Unusual Conditions,Dusk - Dawn,Violation Driver 1,Unknown,Clear,Sideswipe,Non-Related,Parked Vehicle,Not Applicable,Not Applicable,South Of,,False,True,12605,BALTIC WY,SENTER RD,37.30542301,-121.8452042
6122,694294,CR-0000098202,1,1,1,0,23-146-0675,False,False,0,5/26/2023 5:43:00 PM,No Pedestrians Involved,Dry,No Unusual Conditions,Daylight,Violation Driver 1,Controls Functioning,Clear,Vehicle/Bike,Intersection,Scooter Motorized,Not Applicable,Not Applicable,At,E.SCOOTER,False,False,12605,BALTIC WY,SENTER RD,37.30542301,-121.8452042
6123,690518,CR-0000096659,0,0,0,0,22-346-9705,False,True,51,12/9/2022 8:13:00 AM,No Pedestrians Involved,Dry,No Unusual Conditions,Daylight,Unknown,No Controls Present/Factor,Clear,Rear End,Non-Related,Other Vehicle,Not Applicable,Not Applicable,East Of,,False,False,8788,ARCTIC AV,BALTIC WY,37.3036848,-121.8477482
6124,716355,CR-0000102357,1,0,0,0,24-046-9703,False,True,51,2/13/2024 4:15:00 PM,Not In Road,Dry,No Unusual Conditions,Daylight,Unknown,Unknown,Clear,Vehicle/Pedestrian,Non-Related,Pedestrian,Unknown,Unknown,South Of,PED,False,False,83390,LEWIS RD,ROCK RIVER CT,37.29809934,-121.837242
6125,683481,CR-0000093077,0,0,0,0,22-215-4000,False,True,,8/3/2022 4:00:00 AM,No Pedestrians Involved,Unknown,Unknown,Unknown,Unknown,Unknown,Unknown,Other,Related,Other Vehicle,Not Applicable,Not Applicable,West Of,,False,True,47926,DADIS WY,GIGI CT,37.29920477,-121.8383576
6126,689025,CR-0000094885,0,0,0,0,22-286-0784,True,False,82,10/13/2022 6:17:00 PM,No Pedestrians Involved,Dry,No Unusual Conditions,Daylight,Violation Driver 1,Controls Functioning,Clear,Hit Object,Non-Related,Fixed Object,Not Applicable,Not Applicable,South Of,TREE,False,True,55978,ELIZABETH ST,HOPPE ST,37.42825465,-121.9790656
6127,689041,CR-0000094904,0,0,0,0,22-287-0480,False,False,0,10/14/2022 1:33:00 PM,No Pedestrians Involved,Slippery (Muddy Oily etc.),No Unusual Conditions,Daylight,Violation Driver 1,Controls Functioning,Clear,Hit Object,Intersection,Fixed Object,Not Applicable,Not Applicable,At,,True,True,55978,ELIZABETH ST,HOPPE ST,37.42825465,-121.9790656
6128,684708,CR-0000093337,0,0,0,0,22-184-9706,False,True,,6/28/2022 6:35:00 PM,No Pedestrians Involved,Dry,No Unusual Conditions,Daylight,Unknown,Controls Functioning,Clear,Rear End,Related,Other Vehicle,Not Applicable,Not Applicable,Unknown,,False,False,62545,FORTUNE DR,LUNDY AV,37.40089079,-121.8912015
6129,681474,CR-0000090864,0,0,0,0,22-033-0624,False,False,560,2/2/2022 3:46:00 PM,No Pedestrians Involved,Dry,No Unusual Conditions,Daylight,Violation Driver 1,No Controls Present/Factor,Clear,Vehicle/Bike,Non-Related,Bike,Not Applicable,Not Applicable,South Of,BIKE,False,False,62545,FORTUNE DR,LUNDY AV,37.40089079,-121.8912015
6130,690000,CR-0000096017,1,0,0,0,22-223-0578,False,False,285,8/11/2022 3:46:00 PM,No Pedestrians Involved,Dry,No Unusual Conditions,Daylight,Bike At Fault,No Controls Present/Factor,Clear,Vehicle/Bike,Non-Related,Bike,Not Applicable,Not Applicable,South Of,BIKE,False,False,62545,FORTUNE DR,LUNDY AV,37.40089079,-121.8912015
6131,696092,CR-0000099227,3,1,0,0,23-120-0115,True,False,0,4/30/2023 2:13:00 AM,No Pedestrians Involved,Dry,No Unusual Conditions,Dark - Street Light,Violation Driver 1,No Controls Present/Factor,Clear,Hit Object,Intersection,Fixed Object,Not Applicable,Not Applicable,At,POLE,True,False,18006,BETHANY AV,DALTREY WY,37.40262092,-121.8709479
6132,692481,CR-0000097769,0,0,0,0,23-075-9701,False,True,,3/15/2023 5:05:00 PM,No Pedestrians Involved,Dry,No Unusual Conditions,Daylight,Unknown,Controls Functioning,Clear,Rear End,Related,Other Vehicle,Not Applicable,Not Applicable,Unknown,,False,False,126521,DE ANZA BL,WEST VALLEY FR,37.30034284,-122.0322554
6133,688913,CR-0000094774,0,0,0,0,22-279-0200,False,False,350,10/6/2022 8:00:00 AM,No Pedestrians Involved,Dry,No Unusual Conditions,Daylight,Violation Driver 1,No Controls Present/Factor,Cloudy,Sideswipe,Non-Related,Other Vehicle,Not Applicable,Not Applicable,West Of,,False,False,136839,OAKRIDGE MALL DW,THORNWOOD DR,37.25358796,-121.8612072
6134,689132,CR-0000094995,0,0,0,0,22-313-0860,False,False,0,11/9/2022 8:45:00 PM,No Pedestrians Involved,Dry,No Unusual Conditions,Dark - Street Light,Violation Driver 1,Controls Functioning,Clear,Broadside,Intersection,Other Vehicle,Not Applicable,Not Applicable,At,,False,True,137587,TULLY RD,VALLEY HEALTH CNTR. DW,37.30620809,-121.8502137
6135,682180,CR-0000091716,1,0,0,0,22-066-0172,False,False,0,3/7/2022 7:15:00 AM,No Pedestrians Involved,Dry,No Unusual Conditions,Daylight,Violation Driver 1,Controls Functioning,Clear,Sideswipe,Intersection,Other Vehicle,Not Applicable,Not Applicable,At,,False,False,137587,TULLY RD,VALLEY HEALTH CNTR. DW,37.30620809,-121.8502137
6136,690914,CR-0000097077,2,0,0,0,23-036-0690,False,False,0,2/5/2023 7:18:00 PM,No Pedestrians Involved,Wet,No Unusual Conditions,Dark - Street Light,Violation Driver 1,Controls Functioning,Clear,Head On,Intersection,Other Vehicle,Not Applicable,Not Applicable,At,,False,False,137587,TULLY RD,VALLEY HEALTH CNTR. DW,37.30620809,-121.8502137
6137,691082,CR-0000097255,2,0,0,0,23-059-0409,False,False,124,2/28/2023 12:56:00 PM,No Pedestrians Involved,Wet,No Unusual Conditions,Daylight,Violation Driver 1,Unknown,Rain,Rear End,Non-Related,Other Vehicle,Not Applicable,Not Applicable,East Of,,False,False,137587,TULLY RD,VALLEY HEALTH CNTR. DW,37.30620809,-121.8502137
6138,715991,CR-0000101957,2,0,0,0,24-002-0340,False,False,0,1/2/2024 11:21:00 AM,No Pedestrians Involved,Dry,No Unusual Conditions,Daylight,Violation Driver 1,Controls Functioning,Clear,Vehicle/Bike,Intersection,Bike,Not Applicable,Not Applicable,At,,False,False,137587,TULLY RD,VALLEY HEALTH CNTR. DW,37.30620809,-121.8502137
6139,691171,CR-0000097373,0,0,0,0,23-047-0718,False,True,51,2/16/2023 5:52:00 PM,No Pedestrians Involved,Unknown,Unknown,Unknown,Unknown,Unknown,Unknown,Sideswipe,Non-Related,Other Vehicle,Not Applicable,Not Applicable,South Of,,False,False,137697,AIRPORT BL,SKYPORT DR,37.36374976,-121.9202992
6140,722058,CR-0000103312,0,0,0,0,24-062-9707,False,True,51,3/1/2024 4:30:00 PM,No Pedestrians Involved,Wet,No Unusual Conditions,Daylight,Unknown,Unknown,Rain,Sideswipe,Non-Related,Other Vehicle,Not Applicable,Not Applicable,South Of,,False,False,137697,AIRPORT BL,SKYPORT DR,37.36374976,-121.9202992
6141,690690,CR-0000096825,3,0,0,0,23-017-0408,False,False,500,1/17/2023 12:10:00 PM,No Pedestrians Involved,Dry,No Unusual Conditions,Daylight,Violation Driver 1,Controls Functioning,Clear,Rear End,Non-Related,Other Vehicle,Not Applicable,Not Applicable,North Of,,False,False,67121,GLENTREE DR,LAWRENCE EX,37.31154389,-121.9957304
6142,683430,CR-0000093026,0,0,0,0,22-160-0911,False,False,0,6/9/2022 9:44:00 PM,No Pedestrians Involved,Dry,No Unusual Conditions,Dark - Street Light,Violation Driver 1,No Controls Present/Factor,Clear,Vehicle/Bike,Intersection,Bike,Not Applicable,Not Applicable,At,BIKE,False,False,30975,CAMINO VERDE DR,CURIE DR,37.22779762,-121.7991655
6143,681540,CR-0000090936,0,0,0,0,22-030-0433,True,False,0,1/30/2022 9:48:00 PM,No Pedestrians Involved,Dry,No Unusual Conditions,Dark - Street Light,Violation Driver 1,No Controls Present/Factor,Cloudy,Head On,Intersection,Fixed Object,Not Applicable,Not Applicable,At,Stop Sign,True,True,101749,POSTON DR,RUE BORDEAUX,37.26552091,-121.8262098
6144,722043,CR-0000103297,0,0,0,0,24-060-0789,False,False,251,2/29/2024 6:30:00 PM,No Pedestrians Involved,Dry,No Unusual Conditions,Dusk - Dawn,Violation Driver 1,Unknown,Clear,Broadside,Non-Related,Parked Vehicle,Not Applicable,Not Applicable,West Of,,True,True,59069,FELDSPAR DR,SUE AV,37.30308048,-121.8442219
6145,696277,CR-0000099424,0,0,0,0,23-113-0188,False,False,51,4/23/2023 5:06:00 AM,No Pedestrians Involved,Dry,No Unusual Conditions,Dusk - Dawn,Violation Driver 1,No Controls Present/Factor,Clear,Rear End,Non-Related,Parked Vehicle,Not Applicable,Not Applicable,West Of,,False,False,48520,DANROMAS WY,PROSPECT RD,37.29359625,-122.0158918
6146,722280,CR-0000103574,0,0,0,0,24-085-0419,False,False,79,3/25/2024 12:25:00 PM,No Pedestrians Involved,Dry,No Unusual Conditions,Daylight,Violation Driver 1,No Controls Present/Factor,Clear,Sideswipe,Non-Related,Parked Vehicle,Not Applicable,Not Applicable,West Of,,False,True,55648,ELESTER DR,MARR LN,37.24394412,-121.9443978
6147,690040,CR-0000096109,0,0,0,0,22-023-0485,False,False,240,1/23/2022 1:29:00 PM,In Road - Includes Shoulder,Dry,No Unusual Conditions,Daylight,Violation Driver 1,No Controls Present/Factor,Clear,Vehicle/Pedestrian,Non-Related,Pedestrian,North,South,West Of,,False,True,14211,BASCOM AV,ENBORG LN/FRUITDALE AV,37.31073377,-121.9317898
6148,689621,CR-0000095602,0,0,0,0,22-353-0703,False,False,51,12/19/2022 7:00:00 PM,No Pedestrians Involved,Dry,No Unusual Conditions,Dark - Street Light,Violation Driver 1,No Controls Present/Factor,Clear,Sideswipe,Non-Related,Motor Vehicle On Other Roadway,Not Applicable,Not Applicable,East Of,,False,True,14211,BASCOM AV,ENBORG LN/FRUITDALE AV,37.31073377,-121.9317898
6149,696457,CR-0000099634,1,0,0,0,23-332-0831,False,False,0,11/28/2023 8:30:00 PM,No Pedestrians Involved,Dry,No Unusual Conditions,Dark - Street Light,Violation Driver 1,Controls Functioning,Clear,Broadside,Intersection,Other Vehicle,Not Applicable,Not Applicable,At,,False,False,26730,BUCKNALL RD,SAN TOMAS RD,37.28360116,-121.976631
6150,711867,CR-0000100832,0,0,0,0,23-195-0218,False,False,0,7/2/2023 12:54:00 AM,No Pedestrians Involved,Dry,No Unusual Conditions,Dark - Street Light,Violation Driver 1,No Controls Present/Factor,Cloudy,Rear End,Intersection,Parked Vehicle,Not Applicable,Not Applicable,At,,True,True,27279,BURLWOOD DR,ELDRIDGE DR,37.21099115,-121.8408
6151,699245,CR-0000100567,1,0,0,0,23-167-0574,False,False,0,6/16/2023 2:57:00 PM,No Pedestrians Involved,Dry,No Unusual Conditions,Daylight,Violation Driver 1,No Controls Present/Factor,Clear,Broadside,Intersection,Other Vehicle,Not Applicable,Not Applicable,At,,False,False,14134,BASCOM AV,SURREY PL,37.27724278,-121.9323135
6152,722428,CR-0000103723,0,0,0,0,24-098-4000,False,True,51,4/6/2024 8:00:00 PM,No Pedestrians Involved,Unknown,Unknown,Unknown,Unknown,Unknown,Unknown,Sideswipe,Non-Related,Other Vehicle,Not Applicable,Not Applicable,North Of,,False,False,14134,BASCOM AV,SURREY PL,37.27724278,-121.9323135
6153,683466,CR-0000093062,1,0,0,0,22-084-0465,False,False,200,3/25/2022 1:54:00 PM,No Pedestrians Involved,Dry,No Unusual Conditions,Daylight,Violation Driver 1,No Controls Present/Factor,Clear,Rear End,Non-Related,Other Vehicle,Not Applicable,Not Applicable,North Of,,True,False,39600,CIRONE WY,UNION AV,37.26861162,-121.9314899
6154,696486,CR-0000099664,0,0,0,0,23-330-0705,False,False,140,11/29/2023 5:36:00 PM,No Pedestrians Involved,Dry,No Unusual Conditions,Dark - Street Light,Violation Driver 1,Controls Functioning,Clear,Sideswipe,Non-Related,Parked Vehicle,Not Applicable,Not Applicable,North Of,,True,True,39600,CIRONE WY,UNION AV,37.26861162,-121.9314899
6155,716270,CR-0000102236,1,0,0,0,23-333-0705,False,False,140,11/29/2023 5:36:00 PM,No Pedestrians Involved,Dry,No Unusual Conditions,Dark - Street Light,Violation Driver 1,Controls Functioning,Clear,Sideswipe,Non-Related,Parked Vehicle,Not Applicable,Not Applicable,North Of,,True,True,39600,CIRONE WY,UNION AV,37.26861162,-121.9314899
6156,682057,CR-0000091593,1,0,0,0,22-069-0646,False,False,0,3/10/2022 5:20:00 PM,Crossing In Crosswalk - At Intersection,Dry,No Unusual Conditions,Daylight,Violation Driver 1,Controls Functioning,Clear,Vehicle/Pedestrian,Intersection,Pedestrian,South,North,At,PED,False,False,63513,FOXWORTHY AV,UNION AV,37.26730916,-121.9314766
6157,691033,CR-0000097205,3,0,0,0,23-047-0576,False,False,0,2/16/2023 3:23:00 PM,No Pedestrians Involved,Dry,No Unusual Conditions,Daylight,Violation Driver 1,Controls Functioning,Clear,Head On,Intersection,Other Vehicle,Not Applicable,Not Applicable,At,,False,False,63513,FOXWORTHY AV,UNION AV,37.26730916,-121.9314766
6158,720914,CR-0000103141,0,0,0,0,24-031-4004,False,True,50,1/31/2024 5:40:00 PM,No Pedestrians Involved,Unknown,Unknown,Unknown,Unknown,Unknown,Unknown,Rear End,Related,Other Vehicle,Not Applicable,Not Applicable,Unknown,,False,True,63513,FOXWORTHY AV,UNION AV,37.26730916,-121.9314766
6159,690226,CR-0000096315,0,0,0,0,22-269-4001,False,True,51,9/26/2022 5:45:00 AM,No Pedestrians Involved,Unknown,Unknown,Unknown,Unknown,Unknown,Unknown,Other,Non-Related,Other Vehicle,Not Applicable,Not Applicable,North Of,,False,False,115610,JUNCTION AV,JUNCTION CT,37.37538991,-121.9046955