_id,CrashFactId,Name,MinorInjuries,ModerateInjuries,SevereInjuries,FatalInjuries,TcrNumber,CityDamageFlag,ShortFormFlag,Distance,CrashDateTime,PedestrianAction,RoadwaySurface,RoadwayCondition,Lighting,PrimaryCollisionFactor,TrafficControl,Weather,CollisionType,ProximityToIntersection,VehicleInvolvedWith,PedestrianDirectionFrom,PedestrianDirectionTo,DirectionFromIntersection,Comment,SpeedingFlag,HitAndRunFlag,IntersectionNumber,AStreetName,BStreetName,Latitude,Longitude
6160,689845,CR-0000095871,0,0,0,0,22-347-0327,False,False,0,12/13/2022 10:33:00 AM,No Pedestrians Involved,Dry,No Unusual Conditions,Daylight,Violation Driver 1,Controls Functioning,Clear,Sideswipe,Intersection,Other Vehicle,Not Applicable,Not Applicable,At,,False,True,76757,JASON CT,SANTA TERESA BL,37.23742408,-121.8193362
6161,696275,CR-0000099422,0,0,0,0,23-103-0051,False,False,0,4/13/2023 1:20:00 AM,No Pedestrians Involved,Dry,No Unusual Conditions,Dark - Street Light,Violation Driver 1,No Controls Present/Factor,Clear,Overturned,Intersection,Fixed Object,Not Applicable,Not Applicable,At,,False,False,200024,BERRYESSA RD,MERCADO WY,37.36839678,-121.8803414
6162,716088,CR-0000102072,0,1,0,0,24-011-0156,False,False,110,1/11/2024 8:00:00 AM,In Road - Includes Shoulder,Dry,Other,Daylight,Violation Driver 1,No Controls Present/Factor,Clear,Vehicle/Pedestrian,Non-Related,Pedestrian,No Direction (Not Walking),No Direction (Not Walking),North Of,PED,True,True,200024,BERRYESSA RD,MERCADO WY,37.36839678,-121.8803414
6163,681320,CR-0000090707,2,0,0,0,22-029-0418,False,False,0,1/29/2022 1:01:00 PM,No Pedestrians Involved,Dry,No Unusual Conditions,Daylight,Violation Driver 1,Controls Functioning,Clear,Rear End,Intersection,Other Vehicle,Not Applicable,Not Applicable,At,,True,True,144196,BERRYESSA RD,FLEA MARKET,37.37049311,-121.8775824
6164,689011,CR-0000094871,0,0,0,0,22-265-4003,False,True,51,9/21/2022 2:00:00 PM,No Pedestrians Involved,Unknown,Unknown,Daylight,Unknown,Unknown,Unknown,Rear End,Non-Related,Other Vehicle,Not Applicable,Not Applicable,East Of,,False,True,144196,BERRYESSA RD,FLEA MARKET,37.37049311,-121.8775824
6165,691372,CR-0000097621,0,1,0,0,23-062-0079,False,False,365,3/3/2023 2:49:00 AM,No Pedestrians Involved,Dry,Unknown,Dark - Street Light,Violation Driver 1,No Controls Present/Factor,Clear,Hit Object,Non-Related,Fixed Object,Not Applicable,Not Applicable,East Of,"Curb, PGE fence",True,False,144196,BERRYESSA RD,FLEA MARKET,37.37049311,-121.8775824
6166,694208,CR-0000098041,1,1,0,0,23-110-0701,False,False,566,4/20/2023 5:44:00 PM,No Pedestrians Involved,Dry,No Unusual Conditions,Daylight,Violation Driver 1,Controls Functioning,Clear,Rear End,Non-Related,Motor Vehicle On Other Roadway,Not Applicable,Not Applicable,East Of,,False,False,144196,BERRYESSA RD,FLEA MARKET,37.37049311,-121.8775824
6167,716151,CR-0000102118,1,0,0,0,24-023-0619,False,False,822,1/24/2024 4:30:00 PM,No Pedestrians Involved,Dry,No Unusual Conditions,Daylight,Violation Driver 1,No Controls Present/Factor,Clear,Vehicle/Bike,Non-Related,Bike,Not Applicable,Not Applicable,East Of,BIKE,False,False,144196,BERRYESSA RD,FLEA MARKET,37.37049311,-121.8775824
6168,719820,CR-0000102993,0,0,0,0,24-037-0096,False,False,0,2/6/2024 4:54:00 AM,No Pedestrians Involved,Dry,No Unusual Conditions,Dark - Street Light,Violation Driver 1,Controls Functioning,Clear,Broadside,Intersection,Other Vehicle,Not Applicable,Not Applicable,At,,True,False,144196,BERRYESSA RD,FLEA MARKET,37.37049311,-121.8775824
6169,694537,CR-0000098531,0,2,0,0,23-196-0390,False,False,39,7/15/2023 12:14:00 PM,No Pedestrians Involved,Dry,No Unusual Conditions,Daylight,Violation Driver 1,No Controls Present/Factor,Clear,Rear End,Related,Parked Vehicle,Not Applicable,Not Applicable,East Of,,True,False,144197,ESFAHAN DR,GOBLE LN,37.29327299,-121.8521947
6170,711731,CR-0000101107,0,0,0,0,23-272-4003,False,True,51,9/29/2023 7:20:00 AM,No Pedestrians Involved,Unknown,Unknown,Unknown,Unknown,Unknown,Unknown,Vehicle/Bike,Non-Related,Bike,Not Applicable,Not Applicable,South Of,BIKE,False,False,144197,ESFAHAN DR,GOBLE LN,37.29327299,-121.8521947
6171,691347,CR-0000097595,0,0,0,0,23-075-9708,False,True,51,3/15/2023 8:00:00 PM,No Pedestrians Involved,Dry,No Unusual Conditions,Dark - Street Light,Unknown,No Controls Present/Factor,Clear,Other,Non-Related,Parked Vehicle,Not Applicable,Not Applicable,West Of,,False,False,144198,GOBLE LN,MONTECITO VISTA DR,37.2922515,-121.8512166
6172,691340,CR-0000097587,0,1,0,0,23-077-0164,False,False,0,3/18/2023 6:05:00 AM,No Pedestrians Involved,Dry,No Unusual Conditions,Dusk - Dawn,Violation Driver 1,No Controls Present/Factor,Clear,Sideswipe,Intersection,Parked Vehicle,Not Applicable,Not Applicable,At,,False,True,144200,MONTECITO VISTA DR,MONTECITO VISTA WY,37.29035635,-121.8539738
6173,696566,CR-0000099763,1,0,0,0,23-273-9706,False,True,51,9/29/2023 7:15:00 AM,No Pedestrians Involved,Dry,No Unusual Conditions,Daylight,Unknown,Controls Functioning,Clear,Vehicle/Bike,Non-Related,Scooter Motorized,Not Applicable,Not Applicable,East Of,E.SCOOTER,False,False,144199,ESFAHAN DR,MONTECITO VISTA WY,37.29109248,-121.8549303
6174,689047,CR-0000094936,0,0,0,0,22-341-9706,False,True,0,10/12/2022 6:00:00 PM,No Pedestrians Involved,Dry,Construction - Repair Zone,Dusk - Dawn,Unknown,Controls Functioning,Clear,Rear End,Intersection,Other Vehicle,Not Applicable,Not Applicable,At,,False,False,144202,AUTUMN PW,JULIAN ST,37.33598594,-121.9009937
6175,681974,CR-0000091483,0,1,0,0,22-082-0654,False,False,0,3/23/2022 3:48:00 PM,Crossing In Crosswalk - At Intersection,Dry,No Unusual Conditions,Daylight,Pedestrian At Fault,Controls Functioning,Clear,Vehicle/Pedestrian,Intersection,Skateboard,South,North,At,PEDESTRIAN (SKATEBOARD),False,False,144202,AUTUMN PW,JULIAN ST,37.33598594,-121.9009937
6176,699392,CR-0000100720,1,0,0,0,23-328-0530,False,False,32,11/14/2023 4:52:00 PM,No Pedestrians Involved,Dry,No Unusual Conditions,Daylight,Violation Driver 1,Controls Functioning,Clear,Vehicle/Bike,Related,Scooter Motorized,Not Applicable,Not Applicable,North Of,E.SCOOTER,False,True,144202,AUTUMN PW,JULIAN ST,37.33598594,-121.9009937
6177,694174,CR-0000097982,2,0,0,0,23-090-0562,False,False,141,3/31/2023 3:40:00 PM,No Pedestrians Involved,Dry,No Unusual Conditions,Daylight,Violation Driver 1,Controls Functioning,Clear,Rear End,Non-Related,Other Vehicle,Not Applicable,Not Applicable,East Of,,True,False,144202,AUTUMN PW,JULIAN ST,37.33598594,-121.9009937
6178,719758,CR-0000102931,0,0,0,0,24-021-9705,False,True,,1/21/2024 12:45:00 PM,No Pedestrians Involved,Dry,No Unusual Conditions,Daylight,Unknown,Unknown,Cloudy,Broadside,Related,Other Vehicle,Not Applicable,Not Applicable,Unknown,,False,False,144202,AUTUMN PW,JULIAN ST,37.33598594,-121.9009937
6179,722392,CR-0000103686,0,1,0,0,24-098-0732,False,False,57,4/7/2024 7:46:00 PM,No Pedestrians Involved,Dry,No Unusual Conditions,Dark - Street Light,Bike At Fault,No Controls Present/Factor,Clear,Vehicle/Bike,Non-Related,Bike,Not Applicable,Not Applicable,West Of,,False,False,144202,AUTUMN PW,JULIAN ST,37.33598594,-121.9009937
6180,685015,CR-0000093701,2,0,0,0,22-188-0524,False,False,0,7/7/2022 3:21:00 PM,No Pedestrians Involved,Dry,No Unusual Conditions,Daylight,Violation Driver 1,Controls Functioning,Clear,Broadside,Related,Other Vehicle,Not Applicable,Not Applicable,At,,False,False,73150,HILLSDALE AV,SNELL AV,37.28051217,-121.8481236
6181,692548,CR-0000097839,0,1,0,0,23-095-0040,False,False,562,4/5/2023 1:03:00 AM,No Pedestrians Involved,Dry,No Unusual Conditions,Dark - Street Light,Violation Driver 1,No Controls Present/Factor,Clear,Hit Object,Non-Related,Fixed Object,Not Applicable,Not Applicable,South Of,Fence,True,False,73150,HILLSDALE AV,SNELL AV,37.28051217,-121.8481236
6182,696494,CR-0000099672,1,3,0,0,23-313-0204,False,False,50,11/9/2023 8:27:00 AM,No Pedestrians Involved,Dry,No Unusual Conditions,Daylight,Violation Driver 1,Controls Functioning,Clear,Head On,Related,Other Vehicle,Not Applicable,Not Applicable,East Of,,False,False,73150,HILLSDALE AV,SNELL AV,37.28051217,-121.8481236
6183,681528,CR-0000090924,0,0,0,0,22-046-9715,False,True,51,2/6/2022 3:20:00 PM,No Pedestrians Involved,Dry,No Unusual Conditions,Daylight,Unknown,Unknown,Clear,Rear End,Non-Related,Other Vehicle,Not Applicable,Not Applicable,West Of,,False,False,4740,ALMADEN EX,HILLSDALE AV,37.27505921,-121.8795526
6184,681692,CR-0000091089,2,0,0,0,22-071-0549,False,False,75,3/12/2022 3:55:00 PM,No Pedestrians Involved,Dry,No Unusual Conditions,Daylight,Violation Driver 1,No Controls Present/Factor,Clear,Rear End,Non-Related,Motor Vehicle On Other Roadway,Not Applicable,Not Applicable,South Of,,True,False,9030,ARIEL DR,SNELL AV,37.24422015,-121.8307214
6185,719492,CR-0000102612,0,1,0,0,24-067-0119,False,False,62,3/7/2024 5:30:00 AM,No Pedestrians Involved,Dry,No Unusual Conditions,Dusk - Dawn,Violation Driver 1,No Controls Present/Factor,Clear,Vehicle/Bike,Non-Related,Bike,Not Applicable,Not Applicable,North Of,BIKE,False,True,111209,SUNNY VISTA DR,WINCHESTER BL,37.33411446,-121.9502015
6186,699113,CR-0000100429,0,0,0,0,23-155-0731,False,False,212,6/4/2023 7:19:00 PM,No Pedestrians Involved,Dry,No Unusual Conditions,Daylight,Unknown,Controls Functioning,Clear,Rear End,Non-Related,Parked Vehicle,Not Applicable,Not Applicable,West Of,,False,False,95457,NEWHALL ST,REDWOOD AV,37.33759436,-121.9475787
6187,722354,CR-0000103648,2,0,0,0,24-094-0851,False,False,0,4/3/2024 8:12:00 PM,No Pedestrians Involved,Dry,No Unusual Conditions,Dark - No Street Light,Violation Driver 1,No Controls Present/Factor,Clear,Head On,Intersection,Other Vehicle,Not Applicable,Not Applicable,At,,False,False,95457,NEWHALL ST,REDWOOD AV,37.33759436,-121.9475787
6188,694461,CR-0000098426,1,1,0,0,23-152-0548,False,False,0,6/1/2023 2:30:00 PM,No Pedestrians Involved,Dry,No Unusual Conditions,Daylight,Bike At Fault,Controls Functioning,Clear,Vehicle/Bike,Intersection,Bike,Not Applicable,Not Applicable,At,BIKE,False,False,112870,VANDERBILT DR,WESTON DR,37.27900228,-121.9792594
6189,689642,CR-0000095624,1,1,0,0,22-332-0393,False,False,0,11/28/2022 12:25:00 PM,No Pedestrians Involved,Dry,No Unusual Conditions,Daylight,Violation Driver 1,No Controls Present/Factor,Clear,Head On,Intersection,Other Vehicle,Not Applicable,Not Applicable,At,,False,False,14156,BASCOM AV,UNIVERSITY AV,37.33034308,-121.9335623
6190,696140,CR-0000099282,0,0,0,0,23-238-0946,False,False,28,8/26/2023 10:20:00 PM,No Pedestrians Involved,Dry,No Unusual Conditions,Dark - Street Light,Violation Driver 1,No Controls Present/Factor,Clear,Rear End,Related,Parked Vehicle,Not Applicable,Not Applicable,South Of,,True,False,44626,COVINA AV,SHAWCROFT DR,37.24073928,-121.8277868
6191,689051,CR-0000094892,0,0,0,0,22-286-0086,True,False,160,10/13/2022 2:19:00 AM,No Pedestrians Involved,Slippery (Muddy Oily etc.),No Unusual Conditions,Dark - Street Light Not Functioning,Violation Driver 1,Unknown,Fog,Hit Object,Non-Related,Fixed Object,Not Applicable,Not Applicable,East Of,PD,True,False,116654,BLOSSOM HILL RD,MONTEREY RD,37.25503575,-121.8013523
6192,685014,CR-0000093704,1,0,0,0,22-202-0877,False,False,24,7/21/2022 5:59:00 PM,Crossing In Crosswalk - At Intersection,Dry,No Unusual Conditions,Daylight,Violation Driver 1,Controls Not Functioning,Clear,Vehicle/Pedestrian,Related,Pedestrian,North,South,East Of,PED,False,False,116654,BLOSSOM HILL RD,MONTEREY RD,37.25503575,-121.8013523
6193,681270,CR-0000090656,0,0,0,0,22-007-0836,False,False,300,1/7/2022 10:06:00 PM,No Pedestrians Involved,Wet,Unknown,Dark - Street Light,Violation Driver 1,No Controls Present/Factor,Cloudy,Sideswipe,Non-Related,Other Vehicle,Not Applicable,Not Applicable,South Of,,False,False,116654,BLOSSOM HILL RD,MONTEREY RD,37.25503575,-121.8013523
6194,682476,CR-0000092041,0,0,0,0,22-120-0512,False,False,51,4/30/2022 3:04:00 PM,No Pedestrians Involved,Dry,No Unusual Conditions,Daylight,Violation Driver 1,Controls Functioning,Clear,Sideswipe,Non-Related,Other Vehicle,Not Applicable,Not Applicable,North Of,,False,True,116654,BLOSSOM HILL RD,MONTEREY RD,37.25503575,-121.8013523
6195,696040,CR-0000099175,0,0,0,0,23-208-0316,False,False,0,7/27/2023 10:39:00 AM,No Pedestrians Involved,Dry,No Unusual Conditions,Daylight,Violation Driver 1,Controls Functioning,Clear,Rear End,Intersection,Other Vehicle,Not Applicable,Not Applicable,At,,True,False,116654,BLOSSOM HILL RD,MONTEREY RD,37.25503575,-121.8013523
6196,690275,CR-0000096367,0,0,0,0,22-262-4010,False,True,,9/18/2022 7:55:00 PM,No Pedestrians Involved,Unknown,Unknown,Unknown,Unknown,Unknown,Unknown,Rear End,Related,Other Vehicle,Not Applicable,Not Applicable,North Of,,False,False,116654,BLOSSOM HILL RD,MONTEREY RD,37.25503575,-121.8013523
6197,690787,CR-0000096925,0,0,0,0,23-022-0797,False,False,36,1/22/2023 9:40:00 PM,No Pedestrians Involved,Dry,No Unusual Conditions,Dark - Street Light,Violation Driver 1,Controls Functioning,Clear,Sideswipe,Related,Other Vehicle,Not Applicable,Not Applicable,East Of,,False,False,116654,BLOSSOM HILL RD,MONTEREY RD,37.25503575,-121.8013523
6198,712021,CR-0000101127,0,0,0,0,23-301-9708,False,True,0,10/26/2023 7:00:00 PM,No Pedestrians Involved,Dry,No Unusual Conditions,Dark - Street Light,Violation Driver 1,Controls Functioning,Unknown,Rear End,Intersection,Other Vehicle,Not Applicable,Not Applicable,At,,False,False,116654,BLOSSOM HILL RD,MONTEREY RD,37.25503575,-121.8013523
6199,681583,CR-0000090980,0,0,0,0,22-044-0029,False,False,234,2/13/2022 12:00:00 AM,No Pedestrians Involved,Dry,No Unusual Conditions,Dark - Street Light,Violation Driver 1,No Controls Present/Factor,Clear,Rear End,Non-Related,Other Vehicle,Not Applicable,Not Applicable,West Of,,True,False,51545,DON JUAN CI,VELASCO DR,37.25313973,-121.8405866
6200,722501,CR-0000103789,0,0,0,0,24-106-0039,False,False,75,4/15/2024 1:02:00 AM,No Pedestrians Involved,Dry,No Unusual Conditions,Dark - Street Light,Violation Driver 1,No Controls Present/Factor,Clear,Sideswipe,Non-Related,Parked Vehicle,Not Applicable,Not Applicable,West Of,,True,True,51545,DON JUAN CI,VELASCO DR,37.25313973,-121.8405866
6201,688929,CR-0000094786,2,1,2,0,22-280-0752,False,False,500,10/7/2022 5:22:00 PM,No Pedestrians Involved,Dry,No Unusual Conditions,Daylight,Violation Driver 1,Controls Functioning,Clear,Rear End,Non-Related,Other Vehicle,Not Applicable,Not Applicable,South Of,,False,False,21504,BOLLINGER RD,DE ANZA BL,37.31222857,-122.0322694
6202,689369,CR-0000095325,2,0,0,0,22-323-0625,False,False,268,11/19/2022 5:10:00 PM,No Pedestrians Involved,Dry,No Unusual Conditions,Dusk - Dawn,Violation Driver 1,No Controls Present/Factor,Clear,Rear End,Non-Related,Other Vehicle,Not Applicable,Not Applicable,South Of,,True,False,21504,BOLLINGER RD,DE ANZA BL,37.31222857,-122.0322694
6203,689655,CR-0000095637,3,0,0,0,22-354-0717,False,False,430,12/20/2022 5:30:00 PM,No Pedestrians Involved,Dry,No Unusual Conditions,Daylight,Violation Driver 1,No Controls Present/Factor,Clear,Rear End,Non-Related,Other Vehicle,Not Applicable,Not Applicable,South Of,,True,False,21504,BOLLINGER RD,DE ANZA BL,37.31222857,-122.0322694
6204,696062,CR-0000099197,0,0,0,0,23-030-4003,False,True,0,1/30/2023 9:20:00 AM,No Pedestrians Involved,Unknown,Unknown,Unknown,Unknown,Unknown,Unknown,Rear End,Intersection,Other Vehicle,Not Applicable,Not Applicable,At,,False,False,21504,BOLLINGER RD,DE ANZA BL,37.31222857,-122.0322694
6205,699234,CR-0000100556,0,0,0,0,23-171-9705,False,True,0,6/19/2023 2:50:00 PM,No Pedestrians Involved,Dry,No Unusual Conditions,Daylight,Unknown,Controls Functioning,Clear,Rear End,Intersection,Other Vehicle,Not Applicable,Not Applicable,At,,False,False,21504,BOLLINGER RD,DE ANZA BL,37.31222857,-122.0322694
6206,722338,CR-0000103632,0,1,0,0,24-093-0220,False,False,28,4/2/2024 8:39:00 AM,No Pedestrians Involved,Dry,No Unusual Conditions,Daylight,Bike At Fault,Controls Functioning,Clear,Vehicle/Bike,Related,Bike,Not Applicable,Not Applicable,South Of,BIKE,False,False,21504,BOLLINGER RD,DE ANZA BL,37.31222857,-122.0322694
6207,711639,CR-0000101123,0,0,0,0,23-299-4008,False,True,,10/26/2023 3:40:00 PM,No Pedestrians Involved,Unknown,Unknown,Unknown,Unknown,Unknown,Unknown,Rear End,Related,Unknown,Not Applicable,Not Applicable,Unknown,,False,False,21504,BOLLINGER RD,DE ANZA BL,37.31222857,-122.0322694
6208,690784,CR-0000096922,0,1,0,0,23-020-0582,False,False,630,1/20/2023 5:00:00 PM,Crossing - Not In Crosswalk,Dry,No Unusual Conditions,Daylight,Pedestrian At Fault,No Controls Present/Factor,Clear,Vehicle/Pedestrian,Non-Related,Pedestrian,South,North,West Of,PED,False,False,29480,CAMARGO DR,CROPLEY AV,37.40723943,-121.8741235
6209,722341,CR-0000103635,0,1,0,0,24-093-0706,True,False,257,4/2/2024 4:51:00 PM,No Pedestrians Involved,Dry,No Unusual Conditions,Daylight,Violation Driver 1,Controls Functioning,Clear,Rear End,Non-Related,Other Vehicle,Not Applicable,Not Applicable,South Of,TREE,True,True,35067,CATALDI DR,MORRILL AV,37.40380391,-121.8663841
6210,682880,CR-0000092453,0,0,0,0,22-178-4004,False,True,51,6/26/2022 11:00:00 PM,No Pedestrians Involved,Unknown,Unknown,Unknown,Unknown,Unknown,Unknown,Rear End,Non-Related,Other Vehicle,Not Applicable,Not Applicable,North Of,,False,True,101375,PLAZA BANDERAS,VIA CINCO DE MAYO,37.40345409,-121.8789903
6211,712211,CR-0000101645,0,0,0,0,23-259-0161,False,False,207,9/16/2023 4:57:00 AM,No Pedestrians Involved,Dry,No Unusual Conditions,Dark - Street Light,Violation Driver 1,Controls Functioning,Clear,Broadside,Non-Related,Parked Vehicle,Not Applicable,Not Applicable,North Of,,False,False,29545,CAMARGO DR,VIA ENCINITAS,37.40809463,-121.8775566
6212,689559,CR-0000095536,1,0,0,0,22-356-0540,False,False,222,12/22/2022 3:20:00 PM,No Pedestrians Involved,Dry,No Unusual Conditions,Daylight,Violation Driver 1,No Controls Present/Factor,Clear,Broadside,Non-Related,Other Vehicle,Not Applicable,Not Applicable,East Of,,True,False,35023,CASTRO DR,VILLARITA DR,37.28702876,-121.9838212
6213,719851,CR-0000103024,0,0,0,0,24-041-1080,False,False,18,2/10/2024 11:43:00 PM,No Pedestrians Involved,Dry,No Unusual Conditions,Dark - Street Light,Violation Driver 1,No Controls Present/Factor,Clear,Hit Object,Related,Fixed Object,Not Applicable,Not Applicable,South Of,CURB/TREE,False,False,79276,KIMBER CT,LEIGH AV,37.2647631,-121.922348
6214,688734,CR-0000094560,0,0,0,0,22-230-4005,False,True,,8/18/2022 10:00:00 PM,No Pedestrians Involved,Unknown,Unknown,Unknown,Unknown,Unknown,Unknown,Rear End,Related,Other Vehicle,Not Applicable,Not Applicable,Unknown,,False,True,138214,KING RD,MERCADO DW,37.33882809,-121.8420569
6215,689625,CR-0000095606,1,0,0,0,22-364-0089,False,False,51,12/30/2022 3:57:00 AM,No Pedestrians Involved,Wet,No Unusual Conditions,Dark - Street Light,Violation Driver 1,No Controls Present/Factor,Rain,Sideswipe,Non-Related,Other Vehicle,Not Applicable,Not Applicable,North Of,,False,True,138214,KING RD,MERCADO DW,37.33882809,-121.8420569
6216,696330,CR-0000099486,0,0,1,0,23-297-0588,False,False,465,10/24/2023 5:00:00 PM,No Pedestrians Involved,Dry,Unknown,Daylight,Bike At Fault,Controls Functioning,Clear,Vehicle/Bike,Non-Related,Bike,Not Applicable,Not Applicable,South Of,BIKE,False,False,138214,KING RD,MERCADO DW,37.33882809,-121.8420569
6217,720944,CR-0000103179,0,0,0,0,24-048-0825,False,False,121,2/17/2024 11:00:00 PM,No Pedestrians Involved,Dry,No Unusual Conditions,Dark - Street Light,Violation Driver 1,Controls Functioning,Clear,Hit Object,Non-Related,Fixed Object,Not Applicable,Not Applicable,North Of,MEDIAN,False,False,138214,KING RD,MERCADO DW,37.33882809,-121.8420569
6218,715960,CR-0000101737,0,0,0,0,23-243-0196,False,False,155,8/31/2023 7:45:00 AM,No Pedestrians Involved,Dry,No Unusual Conditions,Daylight,Violation Driver 1,Unknown,Clear,Rear End,Non-Related,Other Vehicle,Not Applicable,Not Applicable,North Of,,False,True,138214,KING RD,MERCADO DW,37.33882809,-121.8420569
6219,695860,CR-0000098925,0,0,0,0,23-111-9708,False,True,51,4/7/2023 5:20:00 PM,No Pedestrians Involved,Dry,No Unusual Conditions,Daylight,Unknown,Unknown,Unknown,Sideswipe,Non-Related,Parked Vehicle,Not Applicable,Not Applicable,West Of,,False,False,140535,HERON CT,KESTRAL WY,37.3825438,-121.8580709
6220,688912,CR-0000094772,2,0,0,0,22-280-0676,False,False,0,10/7/2022 4:17:00 PM,No Pedestrians Involved,Dry,No Unusual Conditions,Daylight,Violation Driver 1,No Controls Present/Factor,Clear,Broadside,Intersection,Other Vehicle,Not Applicable,Not Applicable,At,,False,False,39160,CHYNOWETH AV,POSTON DR,37.25880278,-121.8266489
6221,687460,CR-0000094239,0,0,0,0,22-256-0208,False,False,85,9/12/2022 1:36:00 AM,No Pedestrians Involved,Dry,No Unusual Conditions,Dark - Street Light,Violation Driver 1,Controls Functioning,Clear,Rear End,Non-Related,Other Vehicle,Not Applicable,Not Applicable,South Of,,True,True,53932,EDEN AV,IMPALA DR,37.29598697,-121.9544408
6222,683136,CR-0000092703,0,0,0,0,22-058-9704,False,True,51,2/27/2022 12:30:00 AM,No Pedestrians Involved,Dry,No Unusual Conditions,Dark - Street Light,Unknown,No Controls Present/Factor,Unknown,Other,Non-Related,Other Vehicle,Not Applicable,Not Applicable,East Of,,False,False,53932,EDEN AV,IMPALA DR,37.29598697,-121.9544408
6223,690427,CR-0000096527,0,0,0,0,22-341-0891,False,False,25,12/7/2022 10:20:00 PM,No Pedestrians Involved,Dry,No Unusual Conditions,Dark - Street Light,Violation Driver 1,No Controls Present/Factor,Clear,Rear End,Related,Parked Vehicle,Not Applicable,Not Applicable,North Of,,True,False,53932,EDEN AV,IMPALA DR,37.29598697,-121.9544408
6224,722163,CR-0000103429,0,0,0,0,24-074-4007,False,True,51,3/14/2024 5:00:00 PM,No Pedestrians Involved,Unknown,Unknown,Unknown,Unknown,Unknown,Unknown,Other,Non-Related,Parked Vehicle,Not Applicable,Not Applicable,East Of,,False,False,53932,EDEN AV,IMPALA DR,37.29598697,-121.9544408
6225,690167,CR-0000096256,0,0,0,0,22-156-4002,False,True,0,6/4/2022 9:30:00 AM,No Pedestrians Involved,Unknown,Unknown,Unknown,Unknown,Unknown,Unknown,Sideswipe,Intersection,Other Vehicle,Not Applicable,Not Applicable,At,,False,True,79408,LEXANN AV,SILVER CREEK RD,37.30901215,-121.8124442
6226,694072,CR-0000098007,1,0,0,0,23-105-0415,False,False,128,4/15/2023 1:15:00 PM,Crossing - Not In Crosswalk,Dry,No Unusual Conditions,Daylight,Violation Driver 1,No Controls Present/Factor,Clear,Vehicle/Pedestrian,Non-Related,Pedestrian,South,North,West Of,PEDESTRIAN,False,False,79408,LEXANN AV,SILVER CREEK RD,37.30901215,-121.8124442
6227,699142,CR-0000100458,0,0,0,0,23-175-4001,False,True,51,6/23/2023 9:08:00 PM,No Pedestrians Involved,Unknown,Unknown,Unknown,Unknown,Unknown,Unknown,Other,Non-Related,Unknown,Not Applicable,Not Applicable,West Of,,False,False,79408,LEXANN AV,SILVER CREEK RD,37.30901215,-121.8124442
6228,720878,CR-0000103081,0,0,0,0,24-027-0087,True,False,25,1/27/2024 3:43:00 AM,No Pedestrians Involved,Dry,No Unusual Conditions,Dark - Street Light,Violation Driver 1,Controls Functioning,Clear,Hit Object,Related,Fixed Object,Not Applicable,Not Applicable,West Of,LIGHTPOLE,False,False,79408,LEXANN AV,SILVER CREEK RD,37.30901215,-121.8124442
6229,682887,CR-0000092488,2,0,0,0,22-169-0984,False,False,0,6/18/2022 10:55:00 PM,No Pedestrians Involved,Dry,No Unusual Conditions,Dark - Street Light,Violation Driver 1,Controls Functioning,Clear,Sideswipe,Intersection,Other Vehicle,Not Applicable,Not Applicable,At,,False,False,32823,CAPITOL EX,SILVER CREEK RD,37.30712981,-121.8108349
6230,681428,CR-0000090818,1,0,0,0,22-026-0967,False,False,0,1/26/2022 10:20:00 PM,No Pedestrians Involved,Dry,No Unusual Conditions,Dark - Street Light,Violation Driver 1,No Controls Present/Factor,Clear,Vehicle/Bike,Intersection,Bike,Not Applicable,Not Applicable,At,BIKE,False,False,32823,CAPITOL EX,SILVER CREEK RD,37.30712981,-121.8108349
6231,682081,CR-0000091588,0,0,0,0,22-068-0784,False,False,0,3/9/2022 7:00:00 PM,No Pedestrians Involved,Dry,No Unusual Conditions,Dusk - Dawn,Violation Driver 1,Controls Functioning,Clear,Rear End,Intersection,Other Vehicle,Not Applicable,Not Applicable,At,,True,True,32823,CAPITOL EX,SILVER CREEK RD,37.30712981,-121.8108349
6232,683364,CR-0000092954,0,0,0,0,22-177-0368,False,False,,6/26/2022 11:20:00 AM,No Pedestrians Involved,Dry,No Unusual Conditions,Daylight,Violation Driver 1,Controls Functioning,Clear,Rear End,Related,Other Vehicle,Not Applicable,Not Applicable,South Of,,True,True,32823,CAPITOL EX,SILVER CREEK RD,37.30712981,-121.8108349
6233,688750,CR-0000094576,0,0,0,0,22-275-4004,False,True,51,10/2/2022 6:15:00 PM,No Pedestrians Involved,Unknown,Unknown,Dusk - Dawn,Unknown,Unknown,Unknown,Sideswipe,Non-Related,Other Vehicle,Not Applicable,Not Applicable,North Of,,False,False,32823,CAPITOL EX,SILVER CREEK RD,37.30712981,-121.8108349
6234,688977,CR-0000094836,0,1,0,0,22-301-0668,False,False,0,10/28/2022 5:33:00 PM,No Pedestrians Involved,Dry,No Unusual Conditions,Daylight,Violation Driver 1,Controls Functioning,Clear,Vehicle/Bike,Intersection,Bike,Not Applicable,Not Applicable,At,BICYCLIST,False,False,32823,CAPITOL EX,SILVER CREEK RD,37.30712981,-121.8108349
6235,689224,CR-0000095167,0,0,0,0,22-302-0493,False,False,0,10/29/2022 2:52:00 PM,No Pedestrians Involved,Dry,No Unusual Conditions,Daylight,Violation Driver 1,Controls Functioning,Clear,Rear End,Intersection,Other Vehicle,Not Applicable,Not Applicable,At,,True,True,32823,CAPITOL EX,SILVER CREEK RD,37.30712981,-121.8108349