_id,CrashFactId,Name,MinorInjuries,ModerateInjuries,SevereInjuries,FatalInjuries,TcrNumber,CityDamageFlag,ShortFormFlag,Distance,CrashDateTime,PedestrianAction,RoadwaySurface,RoadwayCondition,Lighting,PrimaryCollisionFactor,TrafficControl,Weather,CollisionType,ProximityToIntersection,VehicleInvolvedWith,PedestrianDirectionFrom,PedestrianDirectionTo,DirectionFromIntersection,Comment,SpeedingFlag,HitAndRunFlag,IntersectionNumber,AStreetName,BStreetName,Latitude,Longitude
6236,699068,CR-0000100374,2,0,0,0,23-354-0752,False,False,40,12/20/2023 7:21:00 PM,No Pedestrians Involved,Wet,No Unusual Conditions,Dark - Street Light,Violation Driver 1,Controls Functioning,Clear,Rear End,Related,Other Vehicle,Not Applicable,Not Applicable,West Of,,True,False,32823,CAPITOL EX,SILVER CREEK RD,37.30712981,-121.8108349
6237,699402,CR-0000100731,1,0,0,0,23-310-0569,False,False,0,11/6/2023 2:44:00 PM,No Pedestrians Involved,Dry,No Unusual Conditions,Daylight,Violation Driver 1,Controls Functioning,Cloudy,Broadside,Intersection,Other Vehicle,Not Applicable,Not Applicable,At,,False,False,32823,CAPITOL EX,SILVER CREEK RD,37.30712981,-121.8108349
6238,698857,CR-0000100140,2,0,0,0,23-328-0791,False,False,,12/14/2023 6:24:00 PM,No Pedestrians Involved,Dry,No Unusual Conditions,Dark - Street Light,Violation Driver 1,Controls Functioning,Clear,Rear End,Related,Other Vehicle,Not Applicable,Not Applicable,South Of,,True,True,32823,CAPITOL EX,SILVER CREEK RD,37.30712981,-121.8108349
6239,695856,CR-0000098921,0,0,0,0,23-095-0301,False,False,0,4/5/2023 10:33:00 AM,No Pedestrians Involved,Dry,No Unusual Conditions,Daylight,Violation Driver 1,Controls Functioning,Clear,Rear End,Intersection,Other Vehicle,Not Applicable,Not Applicable,At,,False,False,32823,CAPITOL EX,SILVER CREEK RD,37.30712981,-121.8108349
6240,694386,CR-0000098330,0,0,0,0,23-167-0353,False,False,,6/16/2023 11:17:00 AM,No Pedestrians Involved,Dry,No Unusual Conditions,Daylight,Violation Driver 1,Controls Functioning,Clear,Rear End,Related,Motor Vehicle On Other Roadway,Not Applicable,Not Applicable,West Of,,False,False,32823,CAPITOL EX,SILVER CREEK RD,37.30712981,-121.8108349
6241,696388,CR-0000099546,0,0,0,0,23-140-4001,False,True,,5/20/2023 10:35:00 AM,No Pedestrians Involved,Unknown,Unknown,Daylight,Unknown,Unknown,Unknown,Rear End,Related,Other Vehicle,Not Applicable,Not Applicable,Unknown,,False,False,32823,CAPITOL EX,SILVER CREEK RD,37.30712981,-121.8108349
6242,690965,CR-0000097136,1,0,0,0,23-059-0614,False,False,51,2/28/2023 4:51:00 PM,No Pedestrians Involved,Wet,No Unusual Conditions,Daylight,Violation Driver 1,Controls Functioning,Rain,Rear End,Non-Related,Other Vehicle,Not Applicable,Not Applicable,East Of,,True,False,32823,CAPITOL EX,SILVER CREEK RD,37.30712981,-121.8108349
6243,690219,CR-0000096308,0,0,0,0,22-273-9712,False,False,0,9/30/2022 12:00:00 PM,No Pedestrians Involved,Dry,No Unusual Conditions,Daylight,Unknown,Controls Functioning,Clear,Sideswipe,Intersection,Motorcycle,Not Applicable,Not Applicable,At,,False,True,32823,CAPITOL EX,SILVER CREEK RD,37.30712981,-121.8108349
6244,690086,CR-0000096150,0,0,0,0,22-190-9709,False,True,0,7/8/2022 3:50:00 PM,No Pedestrians Involved,Dry,No Unusual Conditions,Daylight,Unknown,Controls Functioning,Clear,Rear End,Intersection,Other Vehicle,Not Applicable,Not Applicable,At,,False,True,32823,CAPITOL EX,SILVER CREEK RD,37.30712981,-121.8108349
6245,722039,CR-0000103293,0,0,0,0,24-059-4007,False,True,51,2/28/2024 7:50:00 AM,No Pedestrians Involved,Unknown,Unknown,Unknown,Unknown,Unknown,Unknown,Sideswipe,Non-Related,Other Vehicle,Not Applicable,Not Applicable,West Of,,False,False,32823,CAPITOL EX,SILVER CREEK RD,37.30712981,-121.8108349
6246,715919,CR-0000101735,0,0,0,0,23-238-0097,True,False,0,8/26/2023 1:16:00 AM,No Pedestrians Involved,Dry,No Unusual Conditions,Dark - Street Light,Violation Driver 1,Controls Functioning,Clear,Hit Object,Intersection,Fixed Object,Not Applicable,Not Applicable,At,TRAFFIC LIGHT POLE,True,True,32823,CAPITOL EX,SILVER CREEK RD,37.30712981,-121.8108349
6247,715819,CR-0000101888,0,0,0,0,23-313-0766,False,False,0,11/9/2023 8:36:00 PM,No Pedestrians Involved,Dry,No Unusual Conditions,Dark - Street Light,Other Than Driver,Controls Functioning,Cloudy,Rear End,Intersection,Other Vehicle,Not Applicable,Not Applicable,At,PARTY #1 HAD MEDICAL EMERGENCY,False,False,32823,CAPITOL EX,SILVER CREEK RD,37.30712981,-121.8108349
6248,715837,CR-0000101849,0,0,0,0,23-182-4001,False,True,5,1/1/2023 10:00:00 AM,No Pedestrians Involved,Unknown,Unknown,Unknown,Unknown,Unknown,Unknown,Other,Related,Parked Vehicle,Not Applicable,Not Applicable,North Of,,False,True,105610,SADDLEWOOD DR,WOODMINSTER DR,37.31366995,-121.8363491
6249,690256,CR-0000096347,0,0,0,0,22-255-9701,False,True,0,9/11/2022 1:00:00 PM,No Pedestrians Involved,Dry,No Unusual Conditions,Daylight,Unknown,No Controls Present/Factor,Clear,Rear End,Intersection,Parked Vehicle,Not Applicable,Not Applicable,At,,False,False,90122,MCLAUGHLIN AV,WOODMINSTER DR,37.31417615,-121.8355557
6250,718481,CR-0000102569,0,1,0,0,24-061-0876,False,False,47,3/1/2024 10:42:00 PM,No Pedestrians Involved,Unknown,No Unusual Conditions,Unknown,Violation Driver 1,No Controls Present/Factor,Rain,Hit Object,Related,Fixed Object,Not Applicable,Not Applicable,North Of,CURB,True,False,90122,MCLAUGHLIN AV,WOODMINSTER DR,37.31417615,-121.8355557
6251,683289,CR-0000092875,0,1,0,0,22-138-0761,False,False,195,5/28/2022 5:40:00 PM,No Pedestrians Involved,Dry,No Unusual Conditions,Daylight,Violation Driver 1,Controls Functioning,Clear,Rear End,Non-Related,Parked Vehicle,Not Applicable,Not Applicable,South Of,,False,False,108745,SHERLOCK DR,WOODMINSTER DR,37.31180628,-121.8392372
6252,695812,CR-0000098877,2,0,0,0,23-246-0698,False,False,136,9/3/2023 7:10:00 PM,In Road - Includes Shoulder,Dry,No Unusual Conditions,Daylight,Violation Driver 1,No Controls Present/Factor,Clear,Vehicle/Pedestrian,Non-Related,Pedestrian,South,North,South Of,,False,True,108745,SHERLOCK DR,WOODMINSTER DR,37.31180628,-121.8392372
6253,683454,CR-0000093050,2,0,0,0,22-820-0786,False,False,59,3/23/2022 5:37:00 PM,No Pedestrians Involved,Dry,No Unusual Conditions,Daylight,Violation Driver 1,Controls Functioning,Clear,Head On,Non-Related,Motor Vehicle On Other Roadway,Not Applicable,Not Applicable,East Of,,False,False,48487,DANIEL MALONEY DR/MARSH MANOR,SILVER CREEK RD,37.30476954,-121.8088711
6254,682038,CR-0000091549,0,0,0,0,22-064-0762,False,False,51,3/5/2022 8:07:00 PM,No Pedestrians Involved,Dry,No Unusual Conditions,Dark - Street Light,Violation Driver 1,No Controls Present/Factor,Clear,Rear End,Non-Related,Other Vehicle,Not Applicable,Not Applicable,East Of,,True,True,48487,DANIEL MALONEY DR/MARSH MANOR,SILVER CREEK RD,37.30476954,-121.8088711
6255,681312,CR-0000090699,1,0,0,0,22-012-0206,False,False,0,1/12/2022 10:44:00 AM,No Pedestrians Involved,Dry,No Unusual Conditions,Daylight,Violation Driver 1,Controls Functioning,Clear,Broadside,Intersection,Other Vehicle,Not Applicable,Not Applicable,At,,False,False,48487,DANIEL MALONEY DR/MARSH MANOR,SILVER CREEK RD,37.30476954,-121.8088711
6256,685414,CR-0000094149,0,0,0,0,22-262-0904,False,False,18,9/19/2022 10:19:00 PM,No Pedestrians Involved,Dry,No Unusual Conditions,Dark - Street Light,Violation Driver 1,Unknown,Clear,Rear End,Related,Other Vehicle,Not Applicable,Not Applicable,East Of,,True,True,48487,DANIEL MALONEY DR/MARSH MANOR,SILVER CREEK RD,37.30476954,-121.8088711
6257,685248,CR-0000093928,1,0,0,0,22-244-0180,False,False,419,9/1/2022 8:23:00 AM,No Pedestrians Involved,Dry,No Unusual Conditions,Daylight,Violation Driver 1,No Controls Present/Factor,Clear,Broadside,Non-Related,Other Vehicle,Not Applicable,Not Applicable,At,,False,False,48487,DANIEL MALONEY DR/MARSH MANOR,SILVER CREEK RD,37.30476954,-121.8088711
6258,698841,CR-0000100124,0,1,0,0,23-359-0452,False,False,45,12/25/2023 4:15:00 PM,No Pedestrians Involved,Dry,No Unusual Conditions,Daylight,Bike At Fault,Controls Functioning,Clear,Vehicle/Bike,Related,Bike,Not Applicable,Not Applicable,East Of,BIKE,False,False,48487,DANIEL MALONEY DR/MARSH MANOR,SILVER CREEK RD,37.30476954,-121.8088711
6259,697607,CR-0000099842,0,1,0,0,23-276-0470,False,False,0,10/3/2023 1:26:00 PM,Crossing In Crosswalk - At Intersection,Dry,No Unusual Conditions,Daylight,Violation Driver 1,Controls Functioning,Clear,Vehicle/Pedestrian,Intersection,Pedestrian,North,South,At,PED,False,False,48487,DANIEL MALONEY DR/MARSH MANOR,SILVER CREEK RD,37.30476954,-121.8088711
6260,698634,CR-0000099858,0,0,0,0,23-147-9702,False,True,51,5/26/2023 8:23:00 PM,No Pedestrians Involved,Dry,Other,Daylight,Unknown,Controls Functioning,Clear,Sideswipe,Non-Related,Other Vehicle,Not Applicable,Not Applicable,South Of,,False,False,48487,DANIEL MALONEY DR/MARSH MANOR,SILVER CREEK RD,37.30476954,-121.8088711
6261,692477,CR-0000097765,1,0,0,0,23-074-0481,False,False,0,3/15/2023 12:54:00 PM,No Pedestrians Involved,Dry,No Unusual Conditions,Daylight,Violation Driver 1,Controls Functioning,Clear,Broadside,Intersection,Other Vehicle,Not Applicable,Not Applicable,At,,False,False,48487,DANIEL MALONEY DR/MARSH MANOR,SILVER CREEK RD,37.30476954,-121.8088711
6262,715855,CR-0000101879,0,0,0,0,23-013-9702,False,True,51,1/12/2023 3:05:00 PM,No Pedestrians Involved,Unknown,Unknown,Unknown,Unknown,Unknown,Unknown,Broadside,Non-Related,Other Vehicle,Not Applicable,Not Applicable,Unknown,,False,False,48487,DANIEL MALONEY DR/MARSH MANOR,SILVER CREEK RD,37.30476954,-121.8088711
6263,711698,CR-0000101499,0,0,0,0,23-272-4000,False,True,0,9/29/2023 7:55:00 AM,No Pedestrians Involved,Unknown,Unknown,Unknown,Unknown,Unknown,Unknown,Rear End,Intersection,Other Vehicle,Not Applicable,Not Applicable,At,,False,False,48487,DANIEL MALONEY DR/MARSH MANOR,SILVER CREEK RD,37.30476954,-121.8088711
6264,681504,CR-0000090894,0,0,0,0,22-036-0152,True,False,45,2/5/2022 3:15:00 AM,No Pedestrians Involved,Dry,No Unusual Conditions,Dark - Street Light,Violation Driver 1,Unknown,Clear,Hit Object,Related,Fixed Object,Not Applicable,Not Applicable,North Of,LIGHT POLE,True,False,121692,HOLGER WY,ZANKER RD,37.41819911,-121.9391191
6265,722373,CR-0000103667,0,1,0,0,24-095-0222,False,False,0,4/4/2024 9:41:00 AM,No Pedestrians Involved,Wet,No Unusual Conditions,Daylight,Violation Driver 1,Controls Functioning,Rain,Broadside,Intersection,Other Vehicle,Not Applicable,Not Applicable,At,,False,False,121692,HOLGER WY,ZANKER RD,37.41819911,-121.9391191
6266,682015,CR-0000091524,0,0,0,0,22-077-0090,False,False,546,3/18/2022 2:00:00 AM,No Pedestrians Involved,Unknown,No Unusual Conditions,Dark - Street Light,Violation Driver 1,No Controls Present/Factor,Clear,Sideswipe,Non-Related,Parked Vehicle,Not Applicable,Not Applicable,North Of,,False,False,109372,SINGLETON RD,WATER ST,37.28709647,-121.8389989
6267,683353,CR-0000092941,0,0,0,0,22-143-0904,False,False,66,5/23/2022 8:22:00 PM,No Pedestrians Involved,Dry,No Unusual Conditions,Dark - Street Light,Violation Driver 1,No Controls Present/Factor,Clear,Sideswipe,Non-Related,Parked Vehicle,Not Applicable,Not Applicable,East Of,,False,True,143863,SINGLETON RD,WOOL AV,37.28749707,-121.8380677
6268,682319,CR-0000091882,0,0,0,0,22-097-1097,True,False,270,4/7/2022 11:40:00 PM,No Pedestrians Involved,Dry,No Unusual Conditions,Dark - Street Light,Violation Driver 1,No Controls Present/Factor,Clear,Head On,Non-Related,Fixed Object,Not Applicable,Not Applicable,South Of,TREE,False,False,136564,FIRST ST,TRINITY PARK DR,37.424425,-121.969766
6269,690335,CR-0000096429,0,0,0,0,22-138-4006,False,True,0,5/18/2022 6:30:00 PM,No Pedestrians Involved,Unknown,Unknown,Unknown,Unknown,Unknown,Unknown,Other,Intersection,Other Vehicle,Not Applicable,Not Applicable,At,,False,True,88659,MASTERS CT,SYLVANDALE AV,37.28780922,-121.8250546
6270,722242,CR-0000103508,0,0,0,0,24-084-4006,False,True,51,3/23/2024 8:00:00 PM,No Pedestrians Involved,Unknown,Unknown,Unknown,Unknown,Unknown,Unknown,Other,Non-Related,Parked Vehicle,Not Applicable,Not Applicable,South Of,,False,False,95006,NASH CT,SYLVANDALE AV,37.28782065,-121.8241604
6271,681367,CR-0000090754,0,2,0,0,22-018-0487,False,False,,1/17/2022 5:00:00 PM,No Pedestrians Involved,Dry,No Unusual Conditions,Dusk - Dawn,Violation Driver 1,No Controls Present/Factor,Clear,Overturned,Related,Non-Collision,Not Applicable,Not Applicable,North Of,,False,False,91068,METCALF RD,SAN FELIPE RD,37.25031009,-121.6848828
6272,690508,CR-0000096599,0,0,0,0,22-113-9805,False,True,0,3/24/2022 8:30:00 PM,No Pedestrians Involved,Dry,No Unusual Conditions,Dark - No Street Light,Unknown,No Controls Present/Factor,Clear,Rear End,Intersection,Other Vehicle,Not Applicable,Not Applicable,North Of,,True,False,90749,MERIDIAN AV,SINCLAIR FR,37.31569379,-121.9148136
6273,699120,CR-0000100436,0,0,0,0,23-155-0625,False,False,0,6/4/2023 5:25:00 PM,No Pedestrians Involved,Dry,No Unusual Conditions,Daylight,Violation Driver 1,No Controls Present/Factor,Clear,Rear End,Intersection,Other Vehicle,Not Applicable,Not Applicable,At,,True,True,11296,AVENIDA DE LAS PALMA,SNELL AV,37.25552763,-121.8308197
6274,687489,CR-0000094277,0,0,0,0,22-257-0345,False,False,20,9/14/2022 10:50:00 AM,No Pedestrians Involved,Dry,No Unusual Conditions,Daylight,Violation Driver 1,Controls Functioning,Clear,Broadside,Related,Other Vehicle,Not Applicable,Not Applicable,East Of,,False,True,14926,BAYSHORE FR,DE LA CRUZ BL,37.37618486,-121.9419546
6275,682203,CR-0000091784,0,1,0,0,22-118-0182,False,False,0,4/28/2022 7:37:00 AM,No Pedestrians Involved,Dry,No Unusual Conditions,Daylight,Bike At Fault,Controls Functioning,Clear,Vehicle/Bike,Intersection,Bike,Not Applicable,Not Applicable,At,bike,False,False,15036,BAYSHORE FR,DE LA CRUZ BL,37.3780339,-121.9408494
6276,716322,CR-0000102298,1,0,0,0,24-060-0208,False,False,0,2/29/2024 8:37:00 AM,No Pedestrians Involved,Dry,Construction - Repair Zone,Daylight,Violation Driver 1,Controls Functioning,Clear,Rear End,Intersection,Other Vehicle,Not Applicable,Not Applicable,At,,False,False,15036,BAYSHORE FR,DE LA CRUZ BL,37.3780339,-121.9408494
6277,691251,CR-0000097476,3,2,0,0,23-049-0374,False,False,0,2/18/2023 12:09:00 PM,No Pedestrians Involved,Dry,No Unusual Conditions,Daylight,Violation Driver 1,Controls Functioning,Clear,Broadside,Intersection,Other Vehicle,Not Applicable,Not Applicable,At,,False,False,6445,ALVISO MILPITAS RD,GREAT AMERICA PW,37.41623767,-121.977516
6278,689988,CR-0000096032,1,0,0,0,22-242-0879,False,False,0,8/30/2022 6:32:00 PM,No Pedestrians Involved,Dry,No Unusual Conditions,Daylight,Unknown,Unknown,Clear,Vehicle/Bike,Intersection,Bike,Not Applicable,Not Applicable,At,BIKE,False,False,6445,ALVISO MILPITAS RD,GREAT AMERICA PW,37.41623767,-121.977516
6279,684841,CR-0000093493,0,1,0,0,22-192-0333,False,False,0,7/11/2022 10:00:00 AM,Crossing - Not In Crosswalk,Dry,No Unusual Conditions,Daylight,Violation Driver 1,No Controls Present/Factor,Clear,Vehicle/Pedestrian,Intersection,Pedestrian,North,South,At,PEDESTRIAN,False,True,29490,CAMARGO DR,LARGO DR,37.40686773,-121.873765
6280,722067,CR-0000103320,0,0,0,0,24-062-4004,False,True,51,3/2/2024 12:13:00 AM,No Pedestrians Involved,Unknown,Unknown,Unknown,Unknown,Unknown,Unknown,Sideswipe,Non-Related,Parked Vehicle,Not Applicable,Not Applicable,East Of,,False,False,90661,MERIDIAN WY,PAULA ST,37.31408334,-121.9131438
6281,689852,CR-0000095878,1,0,0,0,22-270-9701,False,True,0,9/25/2022 9:00:00 AM,No Pedestrians Involved,Dry,Unknown,Daylight,Unknown,No Controls Present/Factor,Clear,Rear End,Intersection,Other Vehicle,Not Applicable,Not Applicable,At,,False,False,90760,MERIDIAN AV,SOUTHWEST EX,37.31285969,-121.91469
6282,684791,CR-0000093433,0,0,0,0,22-185-1158,False,False,30,7/4/2022 11:04:00 PM,No Pedestrians Involved,Dry,No Unusual Conditions,Dark - Street Light,Violation Driver 1,No Controls Present/Factor,Clear,Head On,Related,Fixed Object,Not Applicable,Not Applicable,North Of,Hydrant,True,False,101771,POSTON DR,TIFFIN DR,37.26235602,-121.8261929
6283,685147,CR-0000093821,0,0,0,0,22-224-0187,False,False,51,8/5/2022 7:21:00 PM,No Pedestrians Involved,Dry,No Unusual Conditions,Daylight,Violation Driver 1,No Controls Present/Factor,Clear,Other,Non-Related,Animal,Not Applicable,Not Applicable,West Of,DOG,True,True,101298,PLAINFIELD DR,VIA PRIMAVERA DR,37.27120421,-121.8121865
6284,690374,CR-0000096467,0,0,0,0,22-182-9706,False,True,51,5/24/2022 9:30:00 PM,No Pedestrians Involved,Dry,No Unusual Conditions,Dark - Street Light,Unknown,No Controls Present/Factor,Clear,Sideswipe,Non-Related,Parked Vehicle,Not Applicable,Not Applicable,West Of,,False,True,143841,ESTANCIA DR,ZANKER RD,37.41001223,-121.936276
6285,691199,CR-0000097402,0,0,0,0,23-058-4006,False,True,,2/27/2023 9:00:00 AM,No Pedestrians Involved,Unknown,Unknown,Daylight,Unknown,Unknown,Unknown,Rear End,Related,Other Vehicle,Not Applicable,Not Applicable,West Of,,False,False,143841,ESTANCIA DR,ZANKER RD,37.41001223,-121.936276
6286,711714,CR-0000100997,0,0,0,0,23-265-0664,False,False,0,9/22/2023 4:49:00 PM,No Pedestrians Involved,Dry,No Unusual Conditions,Daylight,Violation Driver 1,No Controls Present/Factor,Clear,Rear End,Intersection,Other Vehicle,Not Applicable,Not Applicable,At,,True,True,143841,ESTANCIA DR,ZANKER RD,37.41001223,-121.936276
6287,691136,CR-0000097332,0,0,0,0,23-034-0123,False,False,0,2/3/2023 5:46:00 AM,No Pedestrians Involved,Wet,No Unusual Conditions,Dark - Street Light,Violation Driver 1,No Controls Present/Factor,Rain,Hit Object,Intersection,Fixed Object,Not Applicable,Not Applicable,At,,False,True,136091,DISK DR,GRAND BL,37.43027345,-121.9656999
6288,682785,CR-0000092364,0,0,0,0,22-132-4000,False,True,51,5/12/2022 7:55:00 AM,No Pedestrians Involved,Unknown,Unknown,Daylight,Unknown,Unknown,Unknown,Rear End,Non-Related,Parked Vehicle,Not Applicable,Not Applicable,South Of,,False,False,200094,PINE GROVE CT,PINE GROVE WY,37.29731557,-122.0082276
6289,712065,CR-0000101415,0,0,0,0,23-335-0927,False,False,194,12/1/2023 9:29:00 PM,No Pedestrians Involved,Dry,No Unusual Conditions,Dark - Street Light,Violation Driver 1,No Controls Present/Factor,Clear,Sideswipe,Non-Related,Other Vehicle,Not Applicable,Not Applicable,South Of,,False,True,200109,WOODSET CT,WOODSET LN,37.35711346,-121.843509
6290,682142,CR-0000091684,0,0,1,0,22-077-0883,False,False,51,3/18/2022 8:42:00 PM,No Pedestrians Involved,Dry,No Unusual Conditions,Dark - Street Light,Violation Driver 1,No Controls Present/Factor,Cloudy,Sideswipe,Non-Related,Motorcycle,Not Applicable,Not Applicable,South Of,,False,False,200079,MERCADO WY,SIERRA RD,37.3710585,-121.8814234
6291,692473,CR-0000097761,0,0,0,0,23-080-4006,False,True,0,3/15/2023 11:30:00 AM,No Pedestrians Involved,Unknown,Unknown,Unknown,Unknown,Unknown,Unknown,Broadside,Intersection,Other Vehicle,Not Applicable,Not Applicable,At,,False,False,200079,MERCADO WY,SIERRA RD,37.3710585,-121.8814234
6292,689308,CR-0000095268,0,0,0,0,22-353-4002,False,True,51,11/26/2022 1:30:00 PM,No Pedestrians Involved,Unknown,Unknown,Daylight,Unknown,Unknown,Unknown,Other,Non-Related,Parked Vehicle,Not Applicable,Not Applicable,South Of,,False,False,200033,CAHALAN AV,CHESBRO AV,37.25388068,-121.8461496
6293,682234,CR-0000091758,0,0,0,0,22-071-0410,False,False,316,3/12/2022 12:23:00 PM,No Pedestrians Involved,Dry,No Unusual Conditions,Daylight,Violation Driver 1,No Controls Present/Factor,Clear,Hit Object,Non-Related,Fixed Object,Not Applicable,Not Applicable,West Of,Control Box,True,False,200031,BRUZZONE WY,MERCADO WY,37.37037691,-121.8823584
6294,682947,CR-0000092532,0,0,0,0,22-162-0232,True,False,16,6/11/2022 7:25:00 AM,No Pedestrians Involved,Dry,No Unusual Conditions,Dusk - Dawn,Violation Driver 1,No Controls Present/Factor,Clear,Hit Object,Related,Fixed Object,Not Applicable,Not Applicable,South Of,PEDESTRIAN SIGNAL,False,True,100737,PIEDMONT RD,RUSKIN DR,37.4043087,-121.8491803
6295,694374,CR-0000098318,1,0,0,0,23-165-0698,False,False,,6/14/2023 6:01:00 PM,No Pedestrians Involved,Dry,No Unusual Conditions,Daylight,Violation Driver 1,Controls Functioning,Clear,Rear End,Related,Other Vehicle,Not Applicable,Not Applicable,North Of,,False,False,100737,PIEDMONT RD,RUSKIN DR,37.4043087,-121.8491803
6296,696164,CR-0000099307,0,0,0,0,23-028-4001,False,True,51,1/28/2023 2:25:00 PM,No Pedestrians Involved,Unknown,Unknown,Unknown,Unknown,Unknown,Unknown,Other,Non-Related,Other Vehicle,Not Applicable,Not Applicable,Unknown,,False,False,100737,PIEDMONT RD,RUSKIN DR,37.4043087,-121.8491803
6297,694105,CR-0000097968,0,1,0,0,23-108-0454,False,False,0,4/18/2023 1:26:00 PM,No Pedestrians Involved,Dry,No Unusual Conditions,Daylight,Violation Driver 1,Controls Functioning,Clear,Broadside,Intersection,Other Vehicle,Not Applicable,Not Applicable,At,,False,False,74029,HOSTETTER RD,PIEDMONT RD,37.40859961,-121.8517473
6298,711831,CR-0000101436,0,0,0,0,23-351-0023,False,False,0,12/17/2023 12:16:00 AM,No Pedestrians Involved,Dry,No Unusual Conditions,Dark - Street Light,Violation Driver 1,No Controls Present/Factor,Clear,Hit Object,Intersection,Fixed Object,Not Applicable,Not Applicable,At,,False,False,143862,GAYLEY PL,RACHAELLA LN,37.28487499,-121.7606406
6299,682541,CR-0000092108,1,0,0,0,22-126-0061,False,False,227,5/6/2022 2:15:00 AM,No Pedestrians Involved,Dry,No Unusual Conditions,Dark - Street Light,Violation Driver 1,No Controls Present/Factor,Cloudy,Rear End,Non-Related,Parked Vehicle,Not Applicable,Not Applicable,North Of,,False,False,62963,FOURTH ST,SAN ANTONIO ST,37.3338201,-121.8845493
6300,690587,CR-0000096708,2,0,0,0,23-020-1022,False,False,280,1/20/2023 7:50:00 PM,No Pedestrians Involved,Dry,No Unusual Conditions,Dark - Street Light,Violation Driver 1,No Controls Present/Factor,Clear,Rear End,Non-Related,Other Vehicle,Not Applicable,Not Applicable,North Of,,True,False,62963,FOURTH ST,SAN ANTONIO ST,37.3338201,-121.8845493
6301,690660,CR-0000096783,3,0,0,0,23-030-0553,False,False,0,1/30/2023 3:01:00 PM,No Pedestrians Involved,Dry,No Unusual Conditions,Daylight,Violation Driver 1,No Controls Present/Factor,Clear,Head On,Intersection,Other Vehicle,Not Applicable,Not Applicable,At,,False,False,115257,EAST HILLS DR,GUNN CT,37.3661136,-121.8191284
6302,690639,CR-0000096761,1,0,0,0,23-024-0640,False,False,360,1/24/2023 3:50:00 PM,No Pedestrians Involved,Dry,No Unusual Conditions,Daylight,Violation Driver 1,No Controls Present/Factor,Clear,Rear End,Non-Related,Other Vehicle,Not Applicable,Not Applicable,North Of,,True,False,32801,CAPITOL EX,FOXDALE DR,37.3447178,-121.8228482
6303,689946,CR-0000095961,0,0,0,0,22-363-9708,False,True,0,12/28/2022 6:00:00 PM,No Pedestrians Involved,Dry,No Unusual Conditions,Dark - Street Light,Unknown,Controls Functioning,Cloudy,Vehicle/Bike,Intersection,Bike,Not Applicable,Not Applicable,At,BIKE,False,False,144182,ALMADEN RANCH WEST DW,CHERRY AV,37.259265,-121.873761
6304,716100,CR-0000102053,1,0,0,0,24-018-0546,True,False,261,1/18/2024 3:14:00 PM,No Pedestrians Involved,Dry,No Unusual Conditions,Daylight,Violation Driver 1,No Controls Present/Factor,Clear,Hit Object,Non-Related,Fixed Object,Not Applicable,Not Applicable,South Of,TREE,False,False,144183,ALMADEN RANCH EAST DW,CHERRY AV,37.258938,-121.871828
6305,689072,CR-0000094895,0,0,1,0,22-286-0434,False,False,60,10/13/2022 3:14:00 PM,No Pedestrians Involved,Dry,No Unusual Conditions,Daylight,Bike At Fault,Controls Functioning,Clear,Vehicle/Bike,Non-Related,Bike,Not Applicable,Not Applicable,North Of,BIKE,False,False,144184,MONTECITO VISTA,MONTEREY RD,37.29272885,-121.8505194
6306,690314,CR-0000096408,0,0,0,0,22-260-9703,False,True,0,9/16/2022 2:15:00 PM,No Pedestrians Involved,Dry,No Unusual Conditions,Daylight,Unknown,Controls Functioning,Clear,Rear End,Intersection,Other Vehicle,Not Applicable,Not Applicable,At,,False,False,144184,MONTECITO VISTA,MONTEREY RD,37.29272885,-121.8505194
6307,690809,CR-0000096948,0,0,0,0,23-010-0915,False,False,40,1/10/2023 7:05:00 PM,No Pedestrians Involved,Wet,No Unusual Conditions,Dark - Street Light,Violation Driver 1,Controls Functioning,Clear,Rear End,Related,Other Vehicle,Not Applicable,Not Applicable,South Of,,False,False,144184,MONTECITO VISTA,MONTEREY RD,37.29272885,-121.8505194
6308,719675,CR-0000102846,0,0,0,0,24-014-4002,False,True,51,1/14/2024 11:09:00 AM,No Pedestrians Involved,Unknown,Unknown,Unknown,Unknown,Unknown,Unknown,Rear End,Non-Related,Other Vehicle,Not Applicable,Not Applicable,Unknown,,False,False,144184,MONTECITO VISTA,MONTEREY RD,37.29272885,-121.8505194
6309,716314,CR-0000102285,2,0,0,0,24-042-0248,False,False,0,2/11/2024 9:12:00 AM,No Pedestrians Involved,Dry,No Unusual Conditions,Daylight,Violation Driver 1,Unknown,Clear,Broadside,Intersection,Other Vehicle,Not Applicable,Not Applicable,At,,False,False,144184,MONTECITO VISTA,MONTEREY RD,37.29272885,-121.8505194
6310,692436,CR-0000097720,1,0,0,0,23-083-0173,False,False,0,3/24/2023 7:26:00 AM,No Pedestrians Involved,Dry,No Unusual Conditions,Daylight,Bike At Fault,No Controls Present/Factor,Clear,Vehicle/Bike,Intersection,Bike,Not Applicable,Not Applicable,At,BIKE,False,False,44868,COYOTE RD,SNOW DR,37.27751609,-121.8084998