_id,CrashFactId,Name,MinorInjuries,ModerateInjuries,SevereInjuries,FatalInjuries,TcrNumber,CityDamageFlag,ShortFormFlag,Distance,CrashDateTime,PedestrianAction,RoadwaySurface,RoadwayCondition,Lighting,PrimaryCollisionFactor,TrafficControl,Weather,CollisionType,ProximityToIntersection,VehicleInvolvedWith,PedestrianDirectionFrom,PedestrianDirectionTo,DirectionFromIntersection,Comment,SpeedingFlag,HitAndRunFlag,IntersectionNumber,AStreetName,BStreetName,Latitude,Longitude
6311,684997,CR-0000093692,1,0,0,0,22-212-0531,False,False,0,7/31/2022 3:27:00 PM,No Pedestrians Involved,Dry,No Unusual Conditions,Daylight,Violation Driver 1,Controls Functioning,Clear,Head On,Intersection,Other Vehicle,Not Applicable,Not Applicable,At,,False,False,71433,HEDDING ST/BERRYESSA RD,MABURY RD,37.36288921,-121.8858086
6312,694045,CR-0000097907,0,2,0,0,23-114-0453,False,False,0,4/24/2023 1:53:00 PM,No Pedestrians Involved,Dry,No Unusual Conditions,Daylight,Violation Driver 1,Controls Functioning,Clear,Sideswipe,Intersection,Other Vehicle,Not Applicable,Not Applicable,At,,False,False,71433,HEDDING ST/BERRYESSA RD,MABURY RD,37.36288921,-121.8858086
6313,694165,CR-0000098008,1,0,0,0,23-100-0698,False,False,0,4/10/2023 4:06:00 PM,No Pedestrians Involved,Dry,No Unusual Conditions,Daylight,Violation Driver 1,No Controls Present/Factor,Clear,Broadside,Intersection,Other Vehicle,Not Applicable,Not Applicable,At,,False,False,71433,HEDDING ST/BERRYESSA RD,MABURY RD,37.36288921,-121.8858086
6314,696482,CR-0000099660,0,0,0,0,23-324-9703,False,True,0,11/20/2023 12:04:00 PM,No Pedestrians Involved,Dry,No Unusual Conditions,Daylight,Unknown,Controls Functioning,Clear,Broadside,Intersection,Other Vehicle,Not Applicable,Not Applicable,At,,False,True,71433,HEDDING ST/BERRYESSA RD,MABURY RD,37.36288921,-121.8858086
6315,698651,CR-0000099876,0,1,0,0,23-229-0175,False,False,0,8/17/2023 7:48:00 AM,No Pedestrians Involved,Dry,No Unusual Conditions,Daylight,Violation Driver 1,Controls Functioning,Clear,Rear End,Intersection,Motorcycle,Not Applicable,Not Applicable,At,,True,False,71433,HEDDING ST/BERRYESSA RD,MABURY RD,37.36288921,-121.8858086
6316,698999,CR-0000100303,0,0,1,0,23-318-0674,False,False,34,11/14/2023 5:30:00 PM,No Pedestrians Involved,Dry,No Unusual Conditions,Dusk - Dawn,Violation Driver 1,Controls Functioning,Clear,Broadside,Related,Motorcycle,Not Applicable,Not Applicable,North Of,,False,False,71433,HEDDING ST/BERRYESSA RD,MABURY RD,37.36288921,-121.8858086
6317,722024,CR-0000103278,0,0,0,0,24-057-9708,False,True,51,2/26/2024 11:00:00 AM,No Pedestrians Involved,Dry,No Unusual Conditions,Daylight,Unknown,No Controls Present/Factor,Clear,Sideswipe,Non-Related,Other Vehicle,Not Applicable,Not Applicable,South Of,,False,False,71433,HEDDING ST/BERRYESSA RD,MABURY RD,37.36288921,-121.8858086
6318,722342,CR-0000103636,0,0,0,0,24-093-0088,False,False,0,4/2/2024 2:20:00 AM,No Pedestrians Involved,Dry,No Unusual Conditions,Dark - Street Light,Violation Driver 1,No Controls Present/Factor,Clear,Sideswipe,Intersection,Parked Vehicle,Not Applicable,Not Applicable,At,,False,True,66087,GIRAUDO DR,PLAINFIELD DR,37.27372416,-121.8123312
6319,694590,CR-0000098614,0,1,0,0,23-202-0771,False,False,0,7/21/2023 6:42:00 PM,No Pedestrians Involved,Dry,No Unusual Conditions,Daylight,Violation Driver 1,Controls Functioning,Clear,Broadside,Intersection,Other Vehicle,Not Applicable,Not Applicable,At,,False,False,79023,KETTMANN RD,ORINDA DR,37.30833746,-121.7950166
6320,694666,CR-0000098699,0,0,0,0,23-218-0566,False,False,24,8/6/2023 3:52:00 PM,No Pedestrians Involved,Dry,No Unusual Conditions,Daylight,Violation Driver 1,No Controls Present/Factor,Clear,Broadside,Related,Parked Vehicle,Not Applicable,Not Applicable,North Of,,False,False,57782,EVERDALE DR,PETTIGREW DR,37.31686189,-121.80109
6321,690317,CR-0000096411,0,0,0,0,23-002-4002,False,True,,12/3/2022 9:00:00 PM,No Pedestrians Involved,Unknown,Unknown,Unknown,Unknown,Unknown,Unknown,Sideswipe,Related,Other Vehicle,Not Applicable,Not Applicable,East Of,,False,False,40040,CLAYTON RD,HICKERSON DR,37.35858748,-121.809633
6322,722203,CR-0000103469,0,0,0,0,24-078-4007,False,True,51,3/18/2024 6:00:00 AM,No Pedestrians Involved,Unknown,Unknown,Unknown,Unknown,Unknown,Unknown,Other,Non-Related,Parked Vehicle,Not Applicable,Not Applicable,West Of,,False,False,40040,CLAYTON RD,HICKERSON DR,37.35858748,-121.809633
6323,685427,CR-0000094162,2,0,0,0,22-244-0862,False,False,0,9/1/2022 6:47:00 PM,No Pedestrians Involved,Dry,No Unusual Conditions,Daylight,Violation Driver 1,No Controls Present/Factor,Clear,Broadside,Intersection,Other Vehicle,Not Applicable,Not Applicable,At,,False,False,93213,MORAES CT,STORY RD,37.35920435,-121.8146143
6324,719609,CR-0000102767,0,0,0,0,23-090-9705,False,True,51,3/31/2023 8:00:00 AM,No Pedestrians Involved,Dry,No Unusual Conditions,Daylight,Unknown,Unknown,Clear,Sideswipe,Non-Related,Parked Vehicle,Not Applicable,Not Applicable,South Of,,False,False,93213,MORAES CT,STORY RD,37.35920435,-121.8146143
6325,698934,CR-0000100236,0,1,0,0,23-307-0348,False,False,0,11/3/2023 11:09:00 AM,No Pedestrians Involved,Dry,No Unusual Conditions,Daylight,Violation Driver 1,No Controls Present/Factor,Clear,Vehicle/Bike,Intersection,Bike,Not Applicable,Not Applicable,At,BIKE,False,False,76075,JACKSON AV,MONTPELIER DR,37.36419153,-121.8490855
6326,683338,CR-0000092926,0,0,0,0,22-172-4005,False,True,51,6/21/2022 9:00:00 PM,No Pedestrians Involved,Unknown,Unknown,Unknown,Unknown,Unknown,Unknown,Rear End,Non-Related,Parked Vehicle,Not Applicable,Not Applicable,East Of,,False,False,45429,CRESCENDO AV,ROSENBAUM AV,37.2730027,-121.8413069
6327,696328,CR-0000099484,1,0,0,0,23-299-0163,False,False,0,10/26/2023 8:08:00 AM,No Pedestrians Involved,Dry,No Unusual Conditions,Daylight,Bike At Fault,No Controls Present/Factor,Clear,Vehicle/Bike,Intersection,Bike,Not Applicable,Not Applicable,At,,False,False,26949,BUFKIN DR/BBUFKIN CT,CALERO AV,37.24168011,-121.8212444
6328,683574,CR-0000093180,4,0,0,0,22-220-9718,False,True,0,7/3/2022 7:00:00 PM,No Pedestrians Involved,Dry,No Unusual Conditions,Daylight,Unknown,Controls Functioning,Clear,Rear End,Intersection,Other Vehicle,Not Applicable,Not Applicable,At,,False,False,111000,STORY RD,WHITE RD,37.35614174,-121.8191468
6329,684948,CR-0000093654,0,0,0,0,22-223-0690,False,False,42,8/11/2022 5:38:00 PM,No Pedestrians Involved,Dry,No Unusual Conditions,Daylight,Violation Driver 1,Controls Functioning,Clear,Sideswipe,Related,Other Vehicle,Not Applicable,Not Applicable,South Of,,True,True,111000,STORY RD,WHITE RD,37.35614174,-121.8191468
6330,685290,CR-0000093970,0,1,0,0,22-260-0208,False,False,98,9/17/2022 8:51:00 AM,Crossing - Not In Crosswalk,Dry,No Unusual Conditions,Daylight,Violation Driver 1,Unknown,Clear,Vehicle/Pedestrian,Non-Related,Pedestrian,Unknown,Unknown,North Of,PEDESTRIAN,True,False,111000,STORY RD,WHITE RD,37.35614174,-121.8191468
6331,685099,CR-0000093770,1,0,0,0,22-225-0807,False,False,0,8/13/2022 8:45:00 PM,No Pedestrians Involved,Dry,No Unusual Conditions,Dark - Street Light,Unknown,Controls Functioning,Clear,Broadside,Intersection,Other Vehicle,Not Applicable,Not Applicable,At,,False,False,111000,STORY RD,WHITE RD,37.35614174,-121.8191468
6332,689288,CR-0000095267,0,0,0,0,22-309-9701,False,True,0,11/4/2022 7:20:00 PM,No Pedestrians Involved,Dry,No Unusual Conditions,Daylight,Unknown,Controls Functioning,Other,Rear End,Intersection,Other Vehicle,Not Applicable,Not Applicable,At,,False,False,111000,STORY RD,WHITE RD,37.35614174,-121.8191468
6333,682419,CR-0000091982,0,0,0,0,22-107-0693,True,False,65,4/17/2022 6:52:00 PM,No Pedestrians Involved,Dry,No Unusual Conditions,Daylight,Violation Driver 1,Controls Functioning,Clear,Hit Object,Non-Related,Fixed Object,Not Applicable,Not Applicable,North Of,BIKE LANE SIGN POLE,False,False,111000,STORY RD,WHITE RD,37.35614174,-121.8191468
6334,681852,CR-0000091306,0,0,0,0,22-087-9703,False,True,51,3/27/2022 3:30:00 PM,No Pedestrians Involved,Dry,No Unusual Conditions,Daylight,Unknown,Controls Functioning,Clear,Rear End,Non-Related,Other Vehicle,Not Applicable,Not Applicable,West Of,,False,False,111000,STORY RD,WHITE RD,37.35614174,-121.8191468
6335,681360,CR-0000090747,0,0,0,0,22-016-0767,False,False,270,1/16/2022 9:31:00 PM,No Pedestrians Involved,Dry,No Unusual Conditions,Dark - Street Light,Violation Driver 1,No Controls Present/Factor,Clear,Rear End,Non-Related,Other Vehicle,Not Applicable,Not Applicable,North Of,,True,False,111000,STORY RD,WHITE RD,37.35614174,-121.8191468
6336,681319,CR-0000090706,0,0,0,0,22-033-9710,False,True,51,1/12/2022 4:10:00 PM,No Pedestrians Involved,Dry,No Unusual Conditions,Daylight,Unknown,No Controls Present/Factor,Clear,Broadside,Non-Related,Other Vehicle,Not Applicable,Not Applicable,East Of,,False,False,111000,STORY RD,WHITE RD,37.35614174,-121.8191468
6337,696110,CR-0000099250,0,0,0,0,23-238-0353,False,False,385,8/26/2023 11:00:00 AM,No Pedestrians Involved,Dry,No Unusual Conditions,Daylight,Violation Driver 1,No Controls Present/Factor,Clear,Other,Non-Related,Other Vehicle,Not Applicable,Not Applicable,North Of,,False,True,111000,STORY RD,WHITE RD,37.35614174,-121.8191468
6338,696010,CR-0000099145,0,0,0,0,23-235-4007,False,True,,8/23/2023 6:45:00 PM,No Pedestrians Involved,Unknown,Unknown,Unknown,Unknown,Unknown,Unknown,Other,Related,Other Vehicle,Not Applicable,Not Applicable,South Of,,False,False,111000,STORY RD,WHITE RD,37.35614174,-121.8191468
6339,695887,CR-0000099006,0,0,0,0,23-214-0704,False,False,0,8/2/2023 5:26:00 PM,No Pedestrians Involved,Dry,No Unusual Conditions,Daylight,Violation Driver 1,Unknown,Clear,Rear End,Intersection,Other Vehicle,Not Applicable,Not Applicable,At,,True,True,111000,STORY RD,WHITE RD,37.35614174,-121.8191468
6340,697604,CR-0000099822,1,0,0,0,23-302-0722,False,False,0,10/29/2023 7:00:00 PM,No Pedestrians Involved,Dry,No Unusual Conditions,Dusk - Dawn,Violation Driver 1,No Controls Present/Factor,Clear,Rear End,Intersection,Other Vehicle,Not Applicable,Not Applicable,At,,True,False,111000,STORY RD,WHITE RD,37.35614174,-121.8191468
6341,690405,CR-0000096502,0,0,0,0,22-281-4002,False,True,50,10/8/2022 7:15:00 AM,No Pedestrians Involved,Unknown,Unknown,Unknown,Unknown,Unknown,Unknown,Other,Related,Other Vehicle,Not Applicable,Not Applicable,Unknown,,False,True,111000,STORY RD,WHITE RD,37.35614174,-121.8191468
6342,692560,CR-0000097851,0,0,1,0,23-096-0529,False,False,0,4/6/2023 1:59:00 PM,No Pedestrians Involved,Dry,No Unusual Conditions,Daylight,Bike At Fault,Controls Functioning,Clear,Vehicle/Bike,Intersection,Bike,Not Applicable,Not Applicable,At,,False,False,111000,STORY RD,WHITE RD,37.35614174,-121.8191468
6343,692421,CR-0000097704,2,0,0,0,23-081-0707,False,False,43,3/22/2023 6:52:00 PM,No Pedestrians Involved,Dry,No Unusual Conditions,Daylight,Violation Driver 1,Controls Functioning,Clear,Rear End,Related,Other Vehicle,Not Applicable,Not Applicable,North Of,,True,False,111000,STORY RD,WHITE RD,37.35614174,-121.8191468
6344,692412,CR-0000097695,0,0,0,0,23-081-4000,False,True,,3/21/2023 2:00:00 PM,No Pedestrians Involved,Unknown,Unknown,Unknown,Unknown,Unknown,Unknown,Rear End,Related,Other Vehicle,Not Applicable,Not Applicable,West Of,,False,False,111000,STORY RD,WHITE RD,37.35614174,-121.8191468
6345,716386,CR-0000102385,1,0,0,0,24-035-0467,False,False,0,2/4/2024 10:39:00 AM,No Pedestrians Involved,Wet,No Unusual Conditions,Daylight,Violation Driver 1,Controls Functioning,Rain,Broadside,Intersection,Other Vehicle,Not Applicable,Not Applicable,At,,True,False,111000,STORY RD,WHITE RD,37.35614174,-121.8191468
6346,722006,CR-0000103260,0,0,0,0,24-055-4003,False,True,51,2/24/2024 6:22:00 PM,No Pedestrians Involved,Unknown,Unknown,Unknown,Unknown,Unknown,Unknown,Sideswipe,Non-Related,Other Vehicle,Not Applicable,Not Applicable,East Of,,False,False,111000,STORY RD,WHITE RD,37.35614174,-121.8191468
6347,715931,CR-0000101900,0,0,0,0,23-317-0187,False,False,0,11/13/2023 9:55:00 AM,No Pedestrians Involved,Dry,No Unusual Conditions,Daylight,Violation Driver 1,No Controls Present/Factor,Clear,Rear End,Intersection,Other Vehicle,Not Applicable,Not Applicable,At,,True,True,111000,STORY RD,WHITE RD,37.35614174,-121.8191468
6348,699448,CR-0000100800,0,0,0,0,23-204-0302,False,False,51,7/23/2023 7:52:00 AM,No Pedestrians Involved,Dry,No Unusual Conditions,Daylight,Violation Driver 1,Controls Functioning,Clear,Rear End,Non-Related,Other Vehicle,Not Applicable,Not Applicable,Unknown,,True,False,111000,STORY RD,WHITE RD,37.35614174,-121.8191468
6349,722272,CR-0000103566,0,0,0,0,24-086-0845,False,False,0,3/26/2024 9:40:00 PM,No Pedestrians Involved,Wet,No Unusual Conditions,Dark - No Street Light,Violation Driver 1,Controls Not Functioning,Rain,Rear End,Intersection,Other Vehicle,Not Applicable,Not Applicable,At,,False,False,111000,STORY RD,WHITE RD,37.35614174,-121.8191468
6350,722400,CR-0000103694,0,0,0,0,24-099-0142,False,False,0,4/8/2024 6:30:00 AM,No Pedestrians Involved,Dry,No Unusual Conditions,Daylight,Violation Driver 1,Controls Functioning,Clear,Broadside,Intersection,Other Vehicle,Not Applicable,Not Applicable,At,,False,False,111000,STORY RD,WHITE RD,37.35614174,-121.8191468
6351,684690,CR-0000093318,0,0,0,0,22-181-9707,False,True,,6/21/2022 5:20:00 PM,No Pedestrians Involved,Dry,No Unusual Conditions,Daylight,Unknown,Controls Functioning,Clear,Sideswipe,Related,Motorcycle,Not Applicable,Not Applicable,South Of,,False,False,112133,TORRANCE AV,WHITE RD,37.35549139,-121.8185534
6352,694584,CR-0000098608,1,0,0,0,23-190-0056,False,False,105,7/9/2023 1:00:00 AM,No Pedestrians Involved,Dry,No Unusual Conditions,Dark - Street Light,Violation Driver 1,Controls Functioning,Clear,Rear End,Non-Related,Parked Vehicle,Not Applicable,Not Applicable,North Of,,True,False,119393,GRIFFITH ST,VERNICE AV,37.35564763,-121.8155513
6353,696003,CR-0000099138,0,0,0,0,23-231-4001,False,True,51,8/19/2023 3:20:00 PM,No Pedestrians Involved,Unknown,Unknown,Unknown,Unknown,Unknown,Unknown,Other,Non-Related,Other Vehicle,Not Applicable,Not Applicable,North Of,,False,False,119393,GRIFFITH ST,VERNICE AV,37.35564763,-121.8155513
6354,711557,CR-0000100829,0,0,0,0,23-182-0174,False,False,283,7/3/2023 3:58:00 AM,No Pedestrians Involved,Dry,No Unusual Conditions,Dark - Street Light,Violation Driver 1,Controls Functioning,Clear,Head On,Non-Related,Parked Vehicle,Not Applicable,Not Applicable,North Of,,True,True,119393,GRIFFITH ST,VERNICE AV,37.35564763,-121.8155513
6355,722105,CR-0000103370,0,0,0,0,24-006-9089,False,False,0,3/9/2024 9:01:00 PM,No Pedestrians Involved,Dry,No Unusual Conditions,Daylight,Violation Driver 1,Unknown,Clear,Rear End,Intersection,Parked Vehicle,Not Applicable,Not Applicable,At,,False,False,119426,GRIFFITH ST,LOCHNER DR,37.35382982,-121.8143532
6356,682188,CR-0000091730,1,0,0,0,22-067-0212,False,False,0,3/8/2022 8:09:00 AM,No Pedestrians Involved,Dry,No Unusual Conditions,Daylight,Bike At Fault,No Controls Present/Factor,Clear,Vehicle/Bike,Intersection,Bike,Not Applicable,Not Applicable,At,Bike,False,False,84622,LOCHNER DR,WHITE RD,37.353291,-121.8165472
6357,681855,CR-0000091318,1,0,0,0,22-070-0751,False,False,,3/11/2022 6:46:00 PM,No Pedestrians Involved,Dry,No Unusual Conditions,Daylight,Violation Driver 1,No Controls Present/Factor,Clear,Head On,Related,Other Vehicle,Not Applicable,Not Applicable,Unknown,,False,False,48773,DATE BLOSSOM CT,WALNUT BLOSSOM DR,37.25498179,-121.8145878
6358,691298,CR-0000097543,1,0,0,0,23-060-0557,False,False,0,3/1/2023 3:30:00 PM,No Pedestrians Involved,Dry,Unknown,Daylight,Violation Driver 1,Controls Functioning,Clear,Rear End,Intersection,Other Vehicle,Not Applicable,Not Applicable,At,,False,False,32933,CAPITOL EX,ROSENBAUM AV,37.27496557,-121.8452615
6359,682170,CR-0000091732,2,0,0,0,22-067-0391,False,False,0,3/8/2022 11:18:00 AM,No Pedestrians Involved,Dry,No Unusual Conditions,Daylight,Violation Driver 1,Controls Functioning,Clear,Broadside,Intersection,Other Vehicle,Not Applicable,Not Applicable,At,,False,False,33043,CAPITOL EX,VISTAPARK DR,37.27457637,-121.8498401
6360,683262,CR-0000092823,0,0,0,0,22-051-9705,False,True,0,2/17/2022 2:30:00 PM,No Pedestrians Involved,Dry,No Unusual Conditions,Daylight,Unknown,Controls Functioning,Clear,Rear End,Intersection,Other Vehicle,Not Applicable,Not Applicable,At,,False,True,33043,CAPITOL EX,VISTAPARK DR,37.27457637,-121.8498401
6361,682458,CR-0000092023,0,0,0,0,22-111-0642,False,False,0,4/21/2022 6:47:00 PM,No Pedestrians Involved,Slippery (Muddy Oily etc.),No Unusual Conditions,Daylight,Violation Driver 1,No Controls Present/Factor,Clear,Rear End,Intersection,Motor Vehicle On Other Roadway,Not Applicable,Not Applicable,At,,True,False,33043,CAPITOL EX,VISTAPARK DR,37.27457637,-121.8498401
6362,683419,CR-0000093012,1,0,0,0,22-180-0829,False,False,0,6/29/2022 7:44:00 PM,No Pedestrians Involved,Dry,No Unusual Conditions,Daylight,Violation Driver 1,Controls Functioning,Clear,Broadside,Intersection,Other Vehicle,Not Applicable,Not Applicable,At,,False,False,33043,CAPITOL EX,VISTAPARK DR,37.27457637,-121.8498401
6363,688978,CR-0000094837,0,0,0,0,22-301-4001,False,False,51,10/28/2022 7:40:00 AM,No Pedestrians Involved,Unknown,Unknown,Unknown,Unknown,Unknown,Unknown,Broadside,Non-Related,Other Vehicle,Not Applicable,Not Applicable,Unknown,,False,False,33043,CAPITOL EX,VISTAPARK DR,37.27457637,-121.8498401
6364,694199,CR-0000098080,1,0,0,0,23-064-0807,False,False,0,3/6/2023 12:36:00 AM,No Pedestrians Involved,Dry,No Unusual Conditions,Dark - Street Light,Violation Driver 1,Controls Functioning,Clear,Rear End,Intersection,Motorcycle,Not Applicable,Not Applicable,At,,False,False,33043,CAPITOL EX,VISTAPARK DR,37.27457637,-121.8498401
6365,690234,CR-0000096324,0,0,0,0,22-257-4004,False,True,51,9/13/2022 9:30:00 PM,No Pedestrians Involved,Unknown,Unknown,Unknown,Unknown,Unknown,Unknown,Sideswipe,Non-Related,Other Vehicle,Not Applicable,Not Applicable,Unknown,,False,False,33043,CAPITOL EX,VISTAPARK DR,37.27457637,-121.8498401
6366,696421,CR-0000099598,1,0,0,0,23-283-0847,False,False,0,10/10/2023 8:17:00 PM,No Pedestrians Involved,Dry,No Unusual Conditions,Dark - Street Light,Violation Driver 1,No Controls Present/Factor,Clear,Rear End,Intersection,Other Vehicle,Not Applicable,Not Applicable,At,,True,False,33043,CAPITOL EX,VISTAPARK DR,37.27457637,-121.8498401
6367,694801,CR-0000098839,1,1,1,0,23-229-0827,False,False,0,8/17/2023 9:46:00 PM,No Pedestrians Involved,Dry,No Unusual Conditions,Dark - Street Light,Violation Driver 1,Controls Functioning,Clear,Broadside,Intersection,Other Vehicle,Not Applicable,Not Applicable,At,,False,False,33043,CAPITOL EX,VISTAPARK DR,37.27457637,-121.8498401
6368,698911,CR-0000100211,1,0,0,0,23-124-0899,False,False,0,5/4/2023 11:44:00 PM,No Pedestrians Involved,Dry,No Unusual Conditions,Dark - Street Light,Violation Driver 1,Controls Functioning,Clear,Rear End,Intersection,Other Vehicle,Not Applicable,Not Applicable,At,,True,False,33043,CAPITOL EX,VISTAPARK DR,37.27457637,-121.8498401
6369,715835,CR-0000101750,0,0,0,0,23-022-9704,False,True,,1/20/2023 8:43:00 PM,No Pedestrians Involved,Dry,No Unusual Conditions,Dark - Street Light,Unknown,Controls Functioning,Clear,Rear End,Related,Other Vehicle,Not Applicable,Not Applicable,South Of,,False,False,33043,CAPITOL EX,VISTAPARK DR,37.27457637,-121.8498401
6370,712162,CR-0000101412,0,0,0,0,23-337-0794,False,False,46,12/3/2023 8:27:00 PM,No Pedestrians Involved,Dry,No Unusual Conditions,Dark - Street Light,Violation Driver 1,Controls Functioning,Clear,Rear End,Related,Other Vehicle,Not Applicable,Not Applicable,West Of,,False,False,33043,CAPITOL EX,VISTAPARK DR,37.27457637,-121.8498401
6371,689485,CR-0000095462,1,0,0,0,22-336-0220,False,False,0,12/2/2022 9:04:00 AM,No Pedestrians Involved,Dry,No Unusual Conditions,Daylight,Violation Driver 1,Controls Functioning,Clear,Rear End,Intersection,Other Vehicle,Not Applicable,Not Applicable,At,,False,False,21471,BOLLINGER RD,MILLER AV,37.31033744,-122.0135277
6372,711969,CR-0000101541,0,0,0,0,23-343-0061,False,False,116,12/9/2023 1:09:00 AM,No Pedestrians Involved,Dry,No Unusual Conditions,Dark - Street Light,Violation Driver 1,No Controls Present/Factor,Clear,Hit Object,Non-Related,Fixed Object,Not Applicable,Not Applicable,South Of,Telephone Pole,True,True,40072,CLAYTON RD,MT MCKINLEY DR,37.35542754,-121.8040279
6373,716123,CR-0000102082,0,0,1,0,24-012-0470,False,False,0,1/12/2024 2:46:00 PM,No Pedestrians Involved,Dry,No Unusual Conditions,Daylight,Violation Driver 1,Controls Functioning,Clear,Broadside,Intersection,Other Vehicle,Not Applicable,Not Applicable,At,,False,False,40127,CLAYTON RD,SQUERI DR,37.35550789,-121.8021173
6374,690369,CR-0000096464,0,0,0,0,22-231-9710,False,True,0,8/13/2022 10:45:00 PM,No Pedestrians Involved,Dry,No Unusual Conditions,Dark - Street Light,Unknown,Controls Functioning,Clear,Sideswipe,Intersection,Other Vehicle,Not Applicable,Not Applicable,At,,False,False,40083,CLAYTON RD,MT PLEASANT RD,37.35556888,-121.8006019
6375,694546,CR-0000098540,1,0,0,0,23-197-0020,False,False,103,7/16/2023 12:13:00 AM,No Pedestrians Involved,Dry,No Unusual Conditions,Dark - Street Light,Violation Driver 1,Controls Functioning,Clear,Rear End,Non-Related,Other Vehicle,Not Applicable,Not Applicable,West Of,,True,False,40017,CLAYTON RD,FALL AV,37.35562681,-121.7985861
6376,682460,CR-0000092025,1,0,0,0,22-117-0842,False,False,134,4/27/2022 8:04:00 PM,No Pedestrians Involved,Dry,No Unusual Conditions,Dark - Street Light,Bike At Fault,No Controls Present/Factor,Clear,Hit Object,Non-Related,Other Object,Not Applicable,Not Applicable,North Of,"BIKE, Garbage Cans",True,False,58596,FALL AV,MT PLEASANT RD,37.35411739,-121.8004685
6377,682479,CR-0000092046,0,1,0,0,22-091-0334,False,False,181,4/1/2022 11:02:00 AM,No Pedestrians Involved,Dry,No Unusual Conditions,Daylight,Violation Driver 1,Controls Functioning,Clear,Overturned,Non-Related,Parked Vehicle,Not Applicable,Not Applicable,West Of,,True,False,9151,ARLINGTON LN,RAINBOW DR,37.30077873,-122.0271364
6378,682469,CR-0000092034,0,0,0,0,22-120-0060,False,False,210,4/30/2022 1:15:00 AM,No Pedestrians Involved,Dry,No Unusual Conditions,Dark - Street Light,Violation Driver 1,No Controls Present/Factor,Clear,Rear End,Non-Related,Parked Vehicle,Not Applicable,Not Applicable,West Of,,False,False,111154,SUMMERSIDE DR,WARFIELD WY,37.31557815,-121.843958
6379,690312,CR-0000096405,0,0,0,0,22-238-9708,False,True,,8/23/2022 10:00:00 AM,No Pedestrians Involved,Dry,No Unusual Conditions,Daylight,Unknown,No Controls Present/Factor,Clear,Sideswipe,Related,Parked Vehicle,Not Applicable,Not Applicable,South Of,,False,True,111154,SUMMERSIDE DR,WARFIELD WY,37.31557815,-121.843958
6380,711687,CR-0000101361,0,0,0,0,23-326-0593,False,False,244,11/22/2023 5:34:00 PM,No Pedestrians Involved,Dry,No Unusual Conditions,Dark - Street Light,Violation Driver 1,No Controls Present/Factor,Clear,Sideswipe,Non-Related,Other Vehicle,Not Applicable,Not Applicable,South Of,,True,True,111154,SUMMERSIDE DR,WARFIELD WY,37.31557815,-121.843958
6381,721968,CR-0000103222,0,0,0,0,24-052-4004,False,True,,2/18/2024 2:20:00 PM,No Pedestrians Involved,Unknown,Unknown,Unknown,Unknown,Unknown,Unknown,Other,Related,Parked Vehicle,Not Applicable,Not Applicable,East Of,,False,False,111154,SUMMERSIDE DR,WARFIELD WY,37.31557815,-121.843958
6382,681789,CR-0000091189,0,0,0,0,22-058-0911,False,False,180,2/27/2022 10:15:00 PM,No Pedestrians Involved,Dry,No Unusual Conditions,Dark - Street Light,Violation Driver 1,No Controls Present/Factor,Clear,Rear End,Non-Related,Parked Vehicle,Not Applicable,Not Applicable,North Of,,False,True,85887,LUCRETIA AV,SUMMERSIDE DR,37.31590691,-121.8433043
6383,681380,CR-0000090768,0,1,0,0,22-018-0796,False,False,450,1/18/2022 6:36:00 PM,Crossing - Not In Crosswalk,Dry,No Unusual Conditions,Dark - Street Light,Violation Driver 1,Controls Functioning,Clear,Vehicle/Pedestrian,Non-Related,Pedestrian,Unknown,Unknown,South Of,PEDESTRIAN,False,False,85887,LUCRETIA AV,SUMMERSIDE DR,37.31590691,-121.8433043
6384,687576,CR-0000094367,2,0,0,0,22-259-0683,False,False,610,9/16/2022 5:02:00 PM,No Pedestrians Involved,Dry,No Unusual Conditions,Daylight,Violation Driver 1,No Controls Present/Factor,Clear,Rear End,Non-Related,Other Vehicle,Not Applicable,Not Applicable,South Of,,True,False,85887,LUCRETIA AV,SUMMERSIDE DR,37.31590691,-121.8433043
6385,684873,CR-0000093519,0,0,0,0,22-183-4000,False,False,51,7/2/2022 10:20:00 AM,No Pedestrians Involved,Unknown,Unknown,Daylight,Unknown,Unknown,Unknown,Other,Non-Related,Parked Vehicle,Not Applicable,Not Applicable,North Of,,False,False,85887,LUCRETIA AV,SUMMERSIDE DR,37.31590691,-121.8433043
6386,687556,CR-0000094346,0,1,0,0,22-259-0291,False,False,92,9/16/2022 10:17:00 AM,No Pedestrians Involved,Dry,No Unusual Conditions,Daylight,Bike At Fault,Unknown,Clear,Vehicle/Bike,Non-Related,Bike,Not Applicable,Not Applicable,South Of,BIKE,False,False,85887,LUCRETIA AV,SUMMERSIDE DR,37.31590691,-121.8433043
6387,689548,CR-0000095525,2,0,0,0,22-347-0542,False,False,348,12/13/2022 2:55:00 PM,No Pedestrians Involved,Dry,No Unusual Conditions,Daylight,Violation Driver 1,No Controls Present/Factor,Clear,Broadside,Non-Related,Other Vehicle,Not Applicable,Not Applicable,North Of,,False,False,85887,LUCRETIA AV,SUMMERSIDE DR,37.31590691,-121.8433043