_id,CrashFactId,Name,MinorInjuries,ModerateInjuries,SevereInjuries,FatalInjuries,TcrNumber,CityDamageFlag,ShortFormFlag,Distance,CrashDateTime,PedestrianAction,RoadwaySurface,RoadwayCondition,Lighting,PrimaryCollisionFactor,TrafficControl,Weather,CollisionType,ProximityToIntersection,VehicleInvolvedWith,PedestrianDirectionFrom,PedestrianDirectionTo,DirectionFromIntersection,Comment,SpeedingFlag,HitAndRunFlag,IntersectionNumber,AStreetName,BStreetName,Latitude,Longitude
6388,694264,CR-0000098027,0,0,0,0,23-106-0261,False,False,474,4/16/2023 8:53:00 AM,No Pedestrians Involved,Dry,No Unusual Conditions,Daylight,Violation Driver 1,No Controls Present/Factor,Clear,Head On,Non-Related,Parked Vehicle,Not Applicable,Not Applicable,North Of,,False,True,85887,LUCRETIA AV,SUMMERSIDE DR,37.31590691,-121.8433043
6389,697623,CR-0000099829,1,1,0,0,23-304-0204,False,False,428,10/31/2023 8:43:00 AM,No Pedestrians Involved,Dry,No Unusual Conditions,Daylight,Unknown,No Controls Present/Factor,Clear,Broadside,Non-Related,Other Vehicle,Not Applicable,Not Applicable,South Of,,False,False,85887,LUCRETIA AV,SUMMERSIDE DR,37.31590691,-121.8433043
6390,717441,CR-0000102465,1,0,0,0,24-091-0334,False,False,600,3/31/2024 11:35:00 AM,No Pedestrians Involved,Dry,No Unusual Conditions,Daylight,Violation Driver 1,No Controls Present/Factor,Clear,Rear End,Non-Related,Parked Vehicle,Not Applicable,Not Applicable,North Of,,True,False,85887,LUCRETIA AV,SUMMERSIDE DR,37.31590691,-121.8433043
6391,722062,CR-0000103316,0,0,0,0,24-062-0712,False,False,220,3/2/2024 7:51:00 PM,No Pedestrians Involved,Wet,No Unusual Conditions,Dark - Street Light,Violation Driver 1,No Controls Present/Factor,Clear,Sideswipe,Non-Related,Parked Vehicle,Not Applicable,Not Applicable,East Of,,False,True,85887,LUCRETIA AV,SUMMERSIDE DR,37.31590691,-121.8433043
6392,718500,CR-0000102606,0,1,0,0,24-074-0170,False,False,0,3/14/2024 7:31:00 AM,No Pedestrians Involved,Dry,No Unusual Conditions,Daylight,Violation Driver 1,Controls Functioning,Clear,Rear End,Intersection,Other Vehicle,Not Applicable,Not Applicable,At,,False,False,85887,LUCRETIA AV,SUMMERSIDE DR,37.31590691,-121.8433043
6393,711776,CR-0000101117,0,0,0,0,23-299-0219,False,False,268,10/26/2023 9:29:00 AM,No Pedestrians Involved,Dry,No Unusual Conditions,Daylight,Violation Driver 1,Controls Functioning,Clear,Rear End,Non-Related,Other Vehicle,Not Applicable,Not Applicable,East Of,,False,True,85887,LUCRETIA AV,SUMMERSIDE DR,37.31590691,-121.8433043
6394,722364,CR-0000103658,1,0,0,0,24-085-0594,False,False,0,4/1/2024 12:54:00 PM,No Pedestrians Involved,Dry,No Unusual Conditions,Daylight,Violation Driver 1,Controls Functioning,Clear,Head On,Intersection,Other Vehicle,Not Applicable,Not Applicable,At,,False,True,85887,LUCRETIA AV,SUMMERSIDE DR,37.31590691,-121.8433043
6395,722317,CR-0000103611,0,0,0,0,24-092-4000,False,True,51,3/30/2024 9:30:00 PM,No Pedestrians Involved,Unknown,Unknown,Unknown,Unknown,Unknown,Unknown,Other,Non-Related,Other Vehicle,Not Applicable,Not Applicable,North Of,,False,False,85887,LUCRETIA AV,SUMMERSIDE DR,37.31590691,-121.8433043
6396,682966,CR-0000092571,0,0,0,0,22-120-0271,False,False,610,4/30/2022 9:36:00 AM,No Pedestrians Involved,Dry,Unknown,Daylight,Violation Driver 1,No Controls Present/Factor,Clear,Rear End,Non-Related,Other Vehicle,Not Applicable,Not Applicable,South Of,,False,False,64415,GALVESTON AV,SUMMERSIDE DR,37.31499828,-121.8460737
6397,694255,CR-0000097986,0,0,0,0,23-076-0301,False,False,318,3/17/2023 7:03:00 PM,No Pedestrians Involved,Dry,No Unusual Conditions,Daylight,Violation Driver 1,No Controls Present/Factor,Clear,Sideswipe,Non-Related,Parked Vehicle,Not Applicable,Not Applicable,East Of,,True,True,64415,GALVESTON AV,SUMMERSIDE DR,37.31499828,-121.8460737
6398,694601,CR-0000098625,1,1,0,0,23-204-0879,False,False,0,7/23/2023 8:24:00 PM,No Pedestrians Involved,Dry,No Unusual Conditions,Daylight,Violation Driver 1,No Controls Present/Factor,Clear,Head On,Intersection,Other Vehicle,Not Applicable,Not Applicable,At,,False,False,6270,ALVERNAZ DR,MCLAUGHLIN AV,37.29613305,-121.816006
6399,699385,CR-0000100712,0,0,0,0,23-189-0913,False,False,549,7/8/2023 9:49:00 PM,No Pedestrians Involved,Dry,No Unusual Conditions,Dusk - Dawn,Violation Driver 1,Unknown,Clear,Sideswipe,Non-Related,Parked Vehicle,Not Applicable,Not Applicable,East Of,,False,True,64437,GALVESTON AV,WARFIELD WY,37.31207262,-121.8427905
6400,682113,CR-0000091616,0,0,0,0,22-085-9704,False,True,,2/24/2022 11:01:00 AM,No Pedestrians Involved,Dry,No Unusual Conditions,Daylight,Unknown,No Controls Present/Factor,Clear,Rear End,Related,Other Vehicle,Not Applicable,Not Applicable,West Of,,False,False,64426,GALVESTON AV,TULLY RD,37.31146929,-121.8423157
6401,697625,CR-0000099826,0,1,0,0,23-300-0238,False,False,0,10/27/2023 8:51:00 AM,Crossing In Crosswalk - At Intersection,Dry,No Unusual Conditions,Daylight,Pedestrian At Fault,Unknown,Clear,Vehicle/Pedestrian,Intersection,Pedestrian,South,North,At,PED,False,False,64426,GALVESTON AV,TULLY RD,37.31146929,-121.8423157
6402,699038,CR-0000100344,0,1,0,0,23-193-0493,False,False,0,7/12/2023 2:02:00 PM,No Pedestrians Involved,Dry,No Unusual Conditions,Daylight,Violation Driver 1,Controls Functioning,Clear,Sideswipe,Intersection,Other Vehicle,Not Applicable,Not Applicable,At,,True,True,64426,GALVESTON AV,TULLY RD,37.31146929,-121.8423157
6403,698797,CR-0000100078,0,1,0,0,23-348-0999,False,False,436,12/14/2023 11:16:00 PM,No Pedestrians Involved,Dry,No Unusual Conditions,Dark - Street Light,Violation Driver 1,No Controls Present/Factor,Fog,Vehicle/Bike,Non-Related,Bike,Not Applicable,Not Applicable,West Of,BIKE,False,True,64426,GALVESTON AV,TULLY RD,37.31146929,-121.8423157
6404,712206,CR-0000101639,0,0,0,0,23-250-9706,False,True,51,8/25/2023 4:20:00 PM,No Pedestrians Involved,Dry,No Unusual Conditions,Daylight,Unknown,Controls Functioning,Clear,Sideswipe,Non-Related,Other Vehicle,Not Applicable,Not Applicable,West Of,,False,False,64426,GALVESTON AV,TULLY RD,37.31146929,-121.8423157
6405,681497,CR-0000090887,3,0,0,0,22-035-0677,False,False,0,2/4/2022 5:33:00 PM,No Pedestrians Involved,Dry,No Unusual Conditions,Daylight,Violation Driver 1,No Controls Present/Factor,Clear,Rear End,Intersection,Other Vehicle,Not Applicable,Not Applicable,At,,True,False,85910,LUCRETIA AV/SHERLOCK DR,TULLY RD,37.31278717,-121.8402054
6406,682878,CR-0000092459,0,0,0,0,22-160-0368,False,False,20,6/9/2022 11:58:00 AM,No Pedestrians Involved,Dry,No Unusual Conditions,Daylight,Violation Driver 1,Controls Functioning,Clear,Rear End,Related,Other Vehicle,Not Applicable,Not Applicable,South Of,,False,False,85910,LUCRETIA AV/SHERLOCK DR,TULLY RD,37.31278717,-121.8402054
6407,682383,CR-0000091946,1,0,0,0,22-105-0599,False,False,20,4/15/2022 4:57:00 PM,No Pedestrians Involved,Dry,No Unusual Conditions,Daylight,Violation Driver 1,Controls Functioning,Clear,Rear End,Related,Other Vehicle,Not Applicable,Not Applicable,West Of,,False,False,85910,LUCRETIA AV/SHERLOCK DR,TULLY RD,37.31278717,-121.8402054
6408,682597,CR-0000092164,2,0,0,0,22-128-0619,False,False,55,5/8/2022 4:46:00 PM,No Pedestrians Involved,Dry,No Unusual Conditions,Daylight,Violation Driver 1,Controls Functioning,Clear,Rear End,Non-Related,Other Vehicle,Not Applicable,Not Applicable,East Of,,False,False,85910,LUCRETIA AV/SHERLOCK DR,TULLY RD,37.31278717,-121.8402054
6409,685103,CR-0000093775,0,1,0,0,22-226-0952,False,False,584,8/14/2022 10:45:00 PM,No Pedestrians Involved,Dry,No Unusual Conditions,Dark - Street Light,Violation Driver 1,Controls Functioning,Clear,Head On,Non-Related,Other Vehicle,Not Applicable,Not Applicable,North Of,,False,False,85910,LUCRETIA AV/SHERLOCK DR,TULLY RD,37.31278717,-121.8402054
6410,684714,CR-0000093350,0,0,0,0,22-182-0297,False,False,373,7/1/2022 10:01:00 AM,No Pedestrians Involved,Dry,No Unusual Conditions,Daylight,Violation Driver 1,No Controls Present/Factor,Clear,Rear End,Non-Related,Other Vehicle,Not Applicable,Not Applicable,East Of,,True,True,85910,LUCRETIA AV/SHERLOCK DR,TULLY RD,37.31278717,-121.8402054
6411,683076,CR-0000092624,1,0,0,0,22-161-0140,False,False,38,6/10/2022 7:38:00 AM,No Pedestrians Involved,Dry,No Unusual Conditions,Daylight,Violation Driver 1,Controls Functioning,Cloudy,Head On,Related,Other Vehicle,Not Applicable,Not Applicable,South Of,,False,True,85910,LUCRETIA AV/SHERLOCK DR,TULLY RD,37.31278717,-121.8402054
6412,687601,CR-0000094394,1,0,0,0,22-266-0154,False,False,40,9/23/2022 7:00:00 AM,In Road - Includes Shoulder,Dry,No Unusual Conditions,Dark - Street Light,Violation Driver 1,Controls Functioning,Clear,Vehicle/Pedestrian,Related,Pedestrian,East,West,West Of,PED,True,False,85910,LUCRETIA AV/SHERLOCK DR,TULLY RD,37.31278717,-121.8402054
6413,688930,CR-0000094788,1,0,0,0,22-280-0253,False,False,0,10/7/2022 8:38:00 AM,No Pedestrians Involved,Dry,No Unusual Conditions,Daylight,Violation Driver 1,Controls Functioning,Clear,Sideswipe,Intersection,Other Vehicle,Not Applicable,Not Applicable,West Of,,False,False,85910,LUCRETIA AV/SHERLOCK DR,TULLY RD,37.31278717,-121.8402054
6414,689338,CR-0000095309,0,0,0,0,22-312-0544,False,False,0,11/8/2022 3:12:00 PM,No Pedestrians Involved,Dry,No Unusual Conditions,Daylight,Violation Driver 1,No Controls Present/Factor,Clear,Sideswipe,Intersection,Other Vehicle,Not Applicable,Not Applicable,At,,False,True,85910,LUCRETIA AV/SHERLOCK DR,TULLY RD,37.31278717,-121.8402054
6415,699007,CR-0000100311,1,0,0,0,23-328-0362,False,False,51,11/24/2023 12:58:00 PM,No Pedestrians Involved,Dry,No Unusual Conditions,Daylight,Unknown,Controls Functioning,Clear,Other,Non-Related,Other Vehicle,Not Applicable,Not Applicable,Unknown,,False,False,85910,LUCRETIA AV/SHERLOCK DR,TULLY RD,37.31278717,-121.8402054
6416,698961,CR-0000100263,1,0,0,0,23-316-0495,False,False,70,11/12/2023 2:17:00 PM,No Pedestrians Involved,Dry,No Unusual Conditions,Daylight,Violation Driver 1,Controls Functioning,Clear,Head On,Non-Related,Other Vehicle,Not Applicable,Not Applicable,East Of,,False,False,85910,LUCRETIA AV/SHERLOCK DR,TULLY RD,37.31278717,-121.8402054
6417,699312,CR-0000100633,1,0,0,0,23-307-0808,False,False,0,11/3/2023 7:12:00 PM,No Pedestrians Involved,Dry,No Unusual Conditions,Dark - Street Light,Violation Driver 1,No Controls Present/Factor,Clear,Rear End,Intersection,Other Vehicle,Not Applicable,Not Applicable,At,,True,False,85910,LUCRETIA AV/SHERLOCK DR,TULLY RD,37.31278717,-121.8402054
6418,694401,CR-0000098354,1,0,0,0,23-170-0422,False,False,0,6/19/2023 12:21:00 PM,No Pedestrians Involved,Dry,No Unusual Conditions,Daylight,Unknown,Controls Functioning,Clear,Rear End,Related,Other Vehicle,Not Applicable,Not Applicable,At,,False,False,85910,LUCRETIA AV/SHERLOCK DR,TULLY RD,37.31278717,-121.8402054
6419,694493,CR-0000098487,2,0,0,0,23-188-0194,False,False,0,7/7/2023 6:41:00 AM,No Pedestrians Involved,Dry,Loose Material On Roadway,Daylight,Unknown,Controls Functioning,Clear,Rear End,Intersection,Other Vehicle,Not Applicable,Not Applicable,At,,False,False,85910,LUCRETIA AV/SHERLOCK DR,TULLY RD,37.31278717,-121.8402054
6420,695923,CR-0000099052,0,0,0,0,23-235-4002,False,True,,8/17/2023 11:15:00 PM,No Pedestrians Involved,Unknown,Unknown,Unknown,Unknown,Unknown,Unknown,Rear End,Related,Other Vehicle,Not Applicable,Not Applicable,East Of,,False,False,85910,LUCRETIA AV/SHERLOCK DR,TULLY RD,37.31278717,-121.8402054
6421,695912,CR-0000099040,0,0,0,0,23-231-9707,False,True,0,8/17/2023 11:20:00 PM,No Pedestrians Involved,Dry,Construction - Repair Zone,Dark - Street Light,Unknown,Controls Functioning,Clear,Sideswipe,Intersection,Other Vehicle,Not Applicable,Not Applicable,At,TRACTOR,False,False,85910,LUCRETIA AV/SHERLOCK DR,TULLY RD,37.31278717,-121.8402054
6422,716053,CR-0000102016,1,0,0,0,24-010-9705,False,True,0,1/9/2024 10:45:00 PM,No Pedestrians Involved,Dry,No Unusual Conditions,Dark - Street Light,Unknown,Controls Functioning,Clear,Sideswipe,Intersection,Motor Vehicle On Other Roadway,Not Applicable,Not Applicable,At,,False,True,85910,LUCRETIA AV/SHERLOCK DR,TULLY RD,37.31278717,-121.8402054
6423,719709,CR-0000102881,0,0,0,0,24-010-9703,False,True,0,1/8/2024 3:30:00 PM,No Pedestrians Involved,Dry,No Unusual Conditions,Daylight,Unknown,Controls Functioning,Clear,Rear End,Intersection,Other Vehicle,Not Applicable,Not Applicable,At,,False,False,85910,LUCRETIA AV/SHERLOCK DR,TULLY RD,37.31278717,-121.8402054
6424,722310,CR-0000103604,0,0,0,0,24-090-4006,False,True,0,3/29/2024 7:50:00 PM,No Pedestrians Involved,Unknown,Unknown,Unknown,Unknown,Unknown,Unknown,Other,Intersection,Other Vehicle,Not Applicable,Not Applicable,At,,False,False,85910,LUCRETIA AV/SHERLOCK DR,TULLY RD,37.31278717,-121.8402054
6425,684725,CR-0000093458,0,0,0,0,22-192-0223,False,False,51,7/11/2022 7:39:00 AM,No Pedestrians Involved,Dry,No Unusual Conditions,Dusk - Dawn,Violation Driver 1,No Controls Present/Factor,Unknown,Hit Object,Non-Related,Fixed Object,Not Applicable,Not Applicable,East Of,,False,True,78781,KENOGA DR,TULLY RD,37.3123714,-121.8408633
6426,689130,CR-0000095002,0,0,0,0,22-316-0612,False,False,71,11/12/2022 5:37:00 PM,In Road - Includes Shoulder,Dry,No Unusual Conditions,Dark - Street Light,Violation Driver 1,No Controls Present/Factor,Clear,Vehicle/Pedestrian,Non-Related,Pedestrian,No Direction (Not Walking),No Direction (Not Walking),East Of,PEDESTRIAN (pedestrian getting things out of car),False,True,1374,ABORN RD,RENFIELD WY,37.31313322,-121.7972155
6427,689968,CR-0000095986,1,0,0,0,22-226-1001,False,False,0,8/14/2022 11:34:00 PM,No Pedestrians Involved,Dry,Obstruction On Roadway,Dark - Street Light,Violation Driver 1,No Controls Present/Factor,Clear,Head On,Intersection,Other Vehicle,Not Applicable,Not Applicable,At,,False,False,1374,ABORN RD,RENFIELD WY,37.31313322,-121.7972155
6428,689045,CR-0000094938,1,0,0,0,22-296-0753,False,False,388,10/23/2022 7:03:00 PM,No Pedestrians Involved,Dry,No Unusual Conditions,Dusk - Dawn,Violation Driver 1,Controls Functioning,Clear,Rear End,Non-Related,Other Vehicle,Not Applicable,Not Applicable,West Of,,True,False,1341,ABORN RD,NIEMAN BL,37.31241605,-121.8019099
6429,688776,CR-0000094620,0,0,0,0,22-291-4006,False,True,,10/18/2022 12:20:00 PM,No Pedestrians Involved,Unknown,Unknown,Daylight,Unknown,Unknown,Unknown,Rear End,Related,Other Vehicle,Not Applicable,Not Applicable,East Of,,False,True,1341,ABORN RD,NIEMAN BL,37.31241605,-121.8019099
6430,683079,CR-0000092658,1,0,0,0,22-159-0522,False,False,0,6/8/2022 1:55:00 PM,No Pedestrians Involved,Dry,No Unusual Conditions,Daylight,Violation Driver 1,Controls Functioning,Clear,Rear End,Intersection,Other Vehicle,Not Applicable,Not Applicable,At,,False,False,1341,ABORN RD,NIEMAN BL,37.31241605,-121.8019099
6431,683544,CR-0000093125,0,0,0,1,22-203-1062,True,False,152,7/22/2022 11:47:00 PM,No Pedestrians Involved,Dry,No Unusual Conditions,Dark - Street Light,Violation Driver 1,Controls Functioning,Clear,Hit Object,Non-Related,Fixed Object,Not Applicable,Not Applicable,West Of,Light Pole,True,False,1341,ABORN RD,NIEMAN BL,37.31241605,-121.8019099
6432,681311,CR-0000090698,1,0,0,0,22-012-0076,False,False,90,1/12/2022 3:25:00 AM,No Pedestrians Involved,Dry,No Unusual Conditions,Dark - No Street Light,Violation Driver 1,Controls Functioning,Clear,Vehicle/Bike,Non-Related,Bike,Not Applicable,Not Applicable,North Of,BIKE,True,False,1341,ABORN RD,NIEMAN BL,37.31241605,-121.8019099
6433,690150,CR-0000096238,0,0,0,0,22-334-9704,False,True,51,11/30/2022 8:15:00 AM,No Pedestrians Involved,Dry,No Unusual Conditions,Daylight,Unknown,Controls Functioning,Clear,Sideswipe,Non-Related,Other Vehicle,Not Applicable,Not Applicable,West Of,,False,True,1341,ABORN RD,NIEMAN BL,37.31241605,-121.8019099
6434,694146,CR-0000097960,1,0,0,0,23-079-0435,False,False,0,3/20/2023 12:37:00 PM,No Pedestrians Involved,Dry,No Unusual Conditions,Daylight,Violation Driver 1,Controls Functioning,Clear,Rear End,Intersection,Other Vehicle,Not Applicable,Not Applicable,At,,False,False,1341,ABORN RD,NIEMAN BL,37.31241605,-121.8019099
6435,694043,CR-0000097944,1,0,0,0,23-076-0830,False,False,120,3/17/2023 7:59:00 PM,No Pedestrians Involved,Dry,No Unusual Conditions,Dark - Street Light,Violation Driver 1,Controls Functioning,Clear,Rear End,Non-Related,Other Vehicle,Not Applicable,Not Applicable,East Of,,False,False,1341,ABORN RD,NIEMAN BL,37.31241605,-121.8019099
6436,696088,CR-0000099223,1,0,0,0,23-118-0194,False,False,0,4/28/2023 8:25:00 AM,No Pedestrians Involved,Dry,No Unusual Conditions,Daylight,Violation Driver 1,Controls Functioning,Cloudy,Broadside,Intersection,Other Vehicle,Not Applicable,Not Applicable,At,,True,False,1341,ABORN RD,NIEMAN BL,37.31241605,-121.8019099
6437,694794,CR-0000098832,0,1,0,0,23-226-1041,False,False,24,8/14/2023 11:50:00 PM,No Pedestrians Involved,Dry,No Unusual Conditions,Dark - Street Light,Violation Driver 1,No Controls Present/Factor,Clear,Vehicle/Bike,Related,Bike,Not Applicable,Not Applicable,South Of,BIKE,True,False,1341,ABORN RD,NIEMAN BL,37.31241605,-121.8019099
6438,719727,CR-0000102899,0,0,0,0,24-023-4003,False,True,,1/11/2024 12:00:00 PM,No Pedestrians Involved,Unknown,Unknown,Unknown,Unknown,Unknown,Unknown,Rear End,Related,Parked Vehicle,Not Applicable,Not Applicable,Unknown,,False,False,1341,ABORN RD,NIEMAN BL,37.31241605,-121.8019099
6439,722122,CR-0000103387,0,0,0,0,24-070-0529,False,False,0,3/10/2024 2:37:00 PM,No Pedestrians Involved,Dry,No Unusual Conditions,Daylight,Violation Driver 1,Controls Functioning,Clear,Sideswipe,Intersection,Motorcycle,Not Applicable,Not Applicable,At,,True,False,1341,ABORN RD,NIEMAN BL,37.31241605,-121.8019099
6440,690551,CR-0000096673,0,0,0,0,23-002-0114,False,False,707,1/2/2023 3:22:00 AM,No Pedestrians Involved,Dry,No Unusual Conditions,Dark - Street Light,Violation Driver 1,No Controls Present/Factor,Clear,Hit Object,Non-Related,Fixed Object,Not Applicable,Not Applicable,North Of,,False,False,128150,LUNDY PL,TAROB CT,37.4044418,-121.8903849
6441,685341,CR-0000094067,0,0,0,0,22-225-0687,False,False,350,8/13/2022 6:51:00 PM,No Pedestrians Involved,Dry,No Unusual Conditions,Daylight,Violation Driver 1,No Controls Present/Factor,Clear,Head On,Non-Related,Parked Vehicle,Not Applicable,Not Applicable,South Of,,True,False,80805,KRUSE DR,MONTAGUE EX,37.39500999,-121.9164706
6442,684960,CR-0000093629,0,0,0,0,22-201-9704,False,True,0,7/20/2022 10:05:00 AM,No Pedestrians Involved,Dry,Other,Daylight,Unknown,Controls Functioning,Clear,Sideswipe,Intersection,Other Vehicle,Not Applicable,Not Applicable,At,,False,False,92510,MONTAGUE EX,TRIMBLE RD,37.39348161,-121.919376
6443,685169,CR-0000093845,0,0,0,0,22-238-1093,False,False,0,8/26/2022 11:54:00 PM,No Pedestrians Involved,Dry,No Unusual Conditions,Dark - Street Light,Violation Driver 1,Controls Functioning,Clear,Rear End,Intersection,Other Vehicle,Not Applicable,Not Applicable,At,,False,False,92510,MONTAGUE EX,TRIMBLE RD,37.39348161,-121.919376
6444,681306,CR-0000090692,3,0,0,0,22-011-0770,False,False,0,1/11/2022 6:29:00 PM,No Pedestrians Involved,Dry,No Unusual Conditions,Dark - Street Light,Violation Driver 1,Controls Functioning,Clear,Broadside,Intersection,Other Vehicle,Not Applicable,Not Applicable,At,,False,False,92510,MONTAGUE EX,TRIMBLE RD,37.39348161,-121.919376
6445,682540,CR-0000092107,0,0,1,0,22-125-0983,False,False,0,5/5/2022 9:39:00 PM,No Pedestrians Involved,Dry,No Unusual Conditions,Dark - Street Light,Violation Driver 1,Controls Functioning,Clear,Rear End,Intersection,Other Vehicle,Not Applicable,Not Applicable,At,,True,False,92510,MONTAGUE EX,TRIMBLE RD,37.39348161,-121.919376
6446,682951,CR-0000092598,0,0,0,0,22-176-9704,False,True,0,6/24/2022 9:30:00 AM,No Pedestrians Involved,Dry,No Unusual Conditions,Dark - Street Light,Unknown,Controls Functioning,Clear,Rear End,Intersection,Other Vehicle,Not Applicable,Not Applicable,At,,False,False,92510,MONTAGUE EX,TRIMBLE RD,37.39348161,-121.919376
6447,690605,CR-0000096726,0,0,0,1,23-166-0968,True,False,148,6/15/2023 10:38:00 PM,No Pedestrians Involved,Dry,No Unusual Conditions,Dark - Street Light,Violation Driver 1,No Controls Present/Factor,Clear,Hit Object,Non-Related,Fixed Object,Not Applicable,Not Applicable,West Of,CURB,True,False,92510,MONTAGUE EX,TRIMBLE RD,37.39348161,-121.919376
6448,694241,CR-0000098158,1,1,0,0,23-134-0098,False,False,0,5/14/2023 2:00:00 AM,No Pedestrians Involved,Dry,No Unusual Conditions,Dark - Street Light,Violation Driver 1,Controls Functioning,Clear,Broadside,Intersection,Other Vehicle,Not Applicable,Not Applicable,At,,False,False,92510,MONTAGUE EX,TRIMBLE RD,37.39348161,-121.919376
6449,691084,CR-0000097257,2,0,0,0,23-049-0764,False,False,0,2/18/2023 7:55:00 PM,No Pedestrians Involved,Dry,No Unusual Conditions,Dark - Street Light,Violation Driver 1,Controls Functioning,Clear,Broadside,Intersection,Other Vehicle,Not Applicable,Not Applicable,At,,False,False,92510,MONTAGUE EX,TRIMBLE RD,37.39348161,-121.919376
6450,696313,CR-0000099469,0,1,0,0,23-277-0145,False,False,0,10/4/2023 6:30:00 AM,Crossing In Crosswalk - At Intersection,Dry,No Unusual Conditions,Dusk - Dawn,Violation Driver 1,Controls Functioning,Clear,Vehicle/Pedestrian,Intersection,Pedestrian,North,South,At,PED,False,False,92510,MONTAGUE EX,TRIMBLE RD,37.39348161,-121.919376
6451,699240,CR-0000100562,0,0,0,0,23-170-0798,True,False,0,6/19/2023 7:42:00 PM,No Pedestrians Involved,Dry,No Unusual Conditions,Daylight,Violation Driver 1,Controls Functioning,Clear,Hit Object,Intersection,Fixed Object,Not Applicable,Not Applicable,At,LIGHT POLE,True,False,92510,MONTAGUE EX,TRIMBLE RD,37.39348161,-121.919376
6452,719521,CR-0000102650,1,0,0,0,24-067-0212,False,False,0,3/7/2024 8:14:00 AM,No Pedestrians Involved,Dry,No Unusual Conditions,Daylight,Violation Driver 1,Controls Functioning,Clear,Broadside,Intersection,Other Vehicle,Not Applicable,Not Applicable,At,,False,False,92510,MONTAGUE EX,TRIMBLE RD,37.39348161,-121.919376
6453,715943,CR-0000101745,0,0,0,0,23-001-4005,False,True,,1/1/2023 4:52:00 PM,No Pedestrians Involved,Unknown,Unknown,Unknown,Unknown,Unknown,Unknown,Sideswipe,Related,Other Vehicle,Not Applicable,Not Applicable,Unknown,,False,False,92510,MONTAGUE EX,TRIMBLE RD,37.39348161,-121.919376
6454,711547,CR-0000101330,0,0,0,0,23-342-0434,False,False,0,12/8/2023 12:02:00 PM,No Pedestrians Involved,Dry,No Unusual Conditions,Daylight,Unknown,Controls Functioning,Clear,Hit Object,Intersection,Fixed Object,Not Applicable,Not Applicable,At,CURB/TREE,False,False,92510,MONTAGUE EX,TRIMBLE RD,37.39348161,-121.919376
6455,683326,CR-0000092912,0,0,0,0,22-126-4003,False,True,0,4/30/2022 11:00:00 AM,No Pedestrians Involved,Unknown,Unknown,Daylight,Unknown,Unknown,Unknown,Sideswipe,Intersection,Other Vehicle,Not Applicable,Not Applicable,At,,False,False,25959,AIRPORT PW,MATRIX BL/US-101 SB,37.37178437,-121.9198238
6456,681951,CR-0000091460,1,1,0,0,22-085-0513,False,False,0,3/26/2022 4:11:00 PM,No Pedestrians Involved,Dry,No Unusual Conditions,Daylight,Violation Driver 1,Controls Functioning,Clear,Broadside,Intersection,Other Vehicle,Not Applicable,Not Applicable,At,,False,False,25959,AIRPORT PW,MATRIX BL/US-101 SB,37.37178437,-121.9198238
6457,681644,CR-0000091041,0,1,0,0,22-073-0640,False,False,310,3/14/2022 4:39:00 PM,No Pedestrians Involved,Dry,No Unusual Conditions,Daylight,Violation Driver 1,No Controls Present/Factor,Clear,Sideswipe,Non-Related,Other Vehicle,Not Applicable,Not Applicable,West Of,,True,False,25959,AIRPORT PW,MATRIX BL/US-101 SB,37.37178437,-121.9198238
6458,695945,CR-0000099078,0,0,0,0,23-225-9703,False,True,0,8/12/2023 11:17:00 PM,No Pedestrians Involved,Dry,No Unusual Conditions,Dark - Street Light,Unknown,No Controls Present/Factor,Clear,Rear End,Intersection,Motor Vehicle On Other Roadway,Not Applicable,Not Applicable,At,,False,False,25959,AIRPORT PW,MATRIX BL/US-101 SB,37.37178437,-121.9198238
6459,694556,CR-0000098550,2,0,0,0,23-199-0167,False,False,26,7/18/2023 7:08:00 AM,No Pedestrians Involved,Dry,No Unusual Conditions,Daylight,Violation Driver 1,Controls Functioning,Clear,Broadside,Related,Other Vehicle,Not Applicable,Not Applicable,West Of,,False,False,25959,AIRPORT PW,MATRIX BL/US-101 SB,37.37178437,-121.9198238
6460,692561,CR-0000097852,2,0,0,0,23-096-0615,False,False,0,4/6/2023 3:22:00 PM,No Pedestrians Involved,Dry,No Unusual Conditions,Daylight,Violation Driver 1,Controls Functioning,Clear,Broadside,Intersection,Other Vehicle,Not Applicable,Not Applicable,At,,False,False,25959,AIRPORT PW,MATRIX BL/US-101 SB,37.37178437,-121.9198238
6461,699477,CR-0000100777,0,0,0,0,23-207-0703,False,False,0,7/26/2023 5:33:00 PM,No Pedestrians Involved,Dry,No Unusual Conditions,Daylight,Violation Driver 1,Controls Functioning,Clear,Rear End,Intersection,Other Vehicle,Not Applicable,Not Applicable,At,,True,False,25959,AIRPORT PW,MATRIX BL/US-101 SB,37.37178437,-121.9198238
6462,711662,CR-0000101282,0,0,0,0,23-223-9712,False,False,0,3/11/2023 12:14:00 PM,No Pedestrians Involved,Dry,No Unusual Conditions,Daylight,Unknown,Controls Functioning,Clear,Broadside,Intersection,Other Vehicle,Not Applicable,Not Applicable,At,,False,True,25959,AIRPORT PW,MATRIX BL/US-101 SB,37.37178437,-121.9198238
6463,719686,CR-0000102857,0,0,0,0,24-030-4000,False,True,0,1/16/2024 4:57:00 AM,No Pedestrians Involved,Unknown,Unknown,Unknown,Unknown,Unknown,Unknown,Broadside,Intersection,Other Vehicle,Not Applicable,Not Applicable,At,,False,False,25959,AIRPORT PW,MATRIX BL/US-101 SB,37.37178437,-121.9198238