_id,CrashFactId,Name,MinorInjuries,ModerateInjuries,SevereInjuries,FatalInjuries,TcrNumber,CityDamageFlag,ShortFormFlag,Distance,CrashDateTime,PedestrianAction,RoadwaySurface,RoadwayCondition,Lighting,PrimaryCollisionFactor,TrafficControl,Weather,CollisionType,ProximityToIntersection,VehicleInvolvedWith,PedestrianDirectionFrom,PedestrianDirectionTo,DirectionFromIntersection,Comment,SpeedingFlag,HitAndRunFlag,IntersectionNumber,AStreetName,BStreetName,Latitude,Longitude
6464,685035,CR-0000093672,2,0,0,0,22-237-0871,False,False,0,8/25/2022 7:51:00 PM,No Pedestrians Involved,Dry,No Unusual Conditions,Daylight,Violation Driver 1,Unknown,Unknown,Broadside,Intersection,Other Vehicle,Not Applicable,Not Applicable,At,,False,False,19898,BLOSSOM HILL RD,CALPINE DR,37.25149475,-121.8126988
6465,716338,CR-0000102317,0,0,1,0,24-041-0771,False,False,0,2/10/2024 6:26:00 PM,No Pedestrians Involved,Dry,No Unusual Conditions,Dark - Street Light,Bike At Fault,No Controls Present/Factor,Clear,Vehicle/Bike,Intersection,Bike,Not Applicable,Not Applicable,At,BIKE,False,True,19898,BLOSSOM HILL RD,CALPINE DR,37.25149475,-121.8126988
6466,687551,CR-0000094341,2,1,0,0,22-257-0933,False,False,0,9/14/2022 10:59:00 PM,No Pedestrians Involved,Dry,No Unusual Conditions,Dark - Street Light,Violation Driver 1,No Controls Present/Factor,Clear,Broadside,Intersection,Other Vehicle,Not Applicable,Not Applicable,At,,False,False,10450,AUTUMNVALE DR,TRADE ZONE BL,37.40292898,-121.8858406
6467,694710,CR-0000098756,1,0,0,0,23-216-0517,True,False,346,8/4/2023 3:49:00 PM,No Pedestrians Involved,Dry,No Unusual Conditions,Daylight,Other Than Driver,No Controls Present/Factor,Clear,Hit Object,Non-Related,Fixed Object,Not Applicable,Not Applicable,East Of,TREE,False,False,10450,AUTUMNVALE DR,TRADE ZONE BL,37.40292898,-121.8858406
6468,722328,CR-0000103622,3,0,0,0,24-091-0756,False,False,337,3/31/2024 10:31:00 PM,No Pedestrians Involved,Dry,No Unusual Conditions,Dark - Street Light,Violation Driver 1,No Controls Present/Factor,Clear,Overturned,Non-Related,Other Vehicle,Not Applicable,Not Applicable,East Of,,False,False,10450,AUTUMNVALE DR,TRADE ZONE BL,37.40292898,-121.8858406
6469,689170,CR-0000095013,0,1,0,0,22-280-1199,False,False,27,10/2/2022 11:49:00 PM,No Pedestrians Involved,Dry,No Unusual Conditions,Dark - Street Light,Violation Driver 1,No Controls Present/Factor,Clear,Hit Object,Related,Other Object,Not Applicable,Not Applicable,West Of,TREE,True,False,15146,BAYSLAND CT,SIERRA RD,37.38081694,-121.8776387
6470,719845,CR-0000103018,0,0,0,0,24-044-4001,False,True,51,2/9/2024 10:05:00 PM,No Pedestrians Involved,Unknown,Unknown,Unknown,Unknown,Unknown,Unknown,Rear End,Non-Related,Parked Vehicle,Not Applicable,Not Applicable,South Of,,False,False,52656,DRYDEN DR,SAGELAND DR,37.38026718,-121.8762558
6471,682731,CR-0000092311,1,0,0,0,22-154-0434,False,False,0,6/3/2022 1:00:00 PM,No Pedestrians Involved,Dry,No Unusual Conditions,Daylight,Violation Driver 1,Controls Functioning,Clear,Broadside,Intersection,Other Vehicle,Not Applicable,Not Applicable,At,,False,False,86052,LUNDY AV,ROSEBRIAR WY/VINCI PARK WY,37.37809766,-121.8769032
6472,694306,CR-0000098214,0,0,0,1,23-135-1053,False,False,260,5/15/2023 10:53:00 PM,No Pedestrians Involved,Dry,Loose Material On Roadway,Dark - Street Light,Bike At Fault,No Controls Present/Factor,Clear,Hit Object,Non-Related,Other Object,Not Applicable,Not Applicable,North Of,Delayed Fatal - 5/17/2023. Motorized scooter tripped over debris in bike lane,True,False,86052,LUNDY AV,ROSEBRIAR WY/VINCI PARK WY,37.37809766,-121.8769032
6473,690325,CR-0000096419,0,0,0,0,22-252-4003,False,True,0,8/3/2022 10:15:00 AM,No Pedestrians Involved,Unknown,Unknown,Unknown,Unknown,Unknown,Unknown,Hit Object,Intersection,Fixed Object,Not Applicable,Not Applicable,At,retaining wall,False,False,86052,LUNDY AV,ROSEBRIAR WY/VINCI PARK WY,37.37809766,-121.8769032
6474,711899,CR-0000101523,0,0,0,0,23-337-0484,False,False,0,12/3/2023 1:41:00 PM,No Pedestrians Involved,Dry,No Unusual Conditions,Daylight,Violation Driver 1,No Controls Present/Factor,Clear,Sideswipe,Intersection,Other Vehicle,Not Applicable,Not Applicable,At,,False,True,86052,LUNDY AV,ROSEBRIAR WY/VINCI PARK WY,37.37809766,-121.8769032
6475,689889,CR-0000095916,1,0,0,0,22-340-9706,False,True,0,12/6/2022 12:57:00 PM,In Road - Includes Shoulder,Unknown,Unknown,Dark - Street Light,Violation Driver 1,Unknown,Unknown,Vehicle/Pedestrian,Intersection,Skateboard,North,South,At,E. Skate board,False,False,96876,OAKLAND RD,CORIE CT/SCHALLENBERGER RD,37.37683095,-121.8954367
6476,690970,CR-0000097141,0,0,0,0,23-055-9704,False,True,0,2/23/2023 2:30:00 PM,No Pedestrians Involved,Dry,No Unusual Conditions,Daylight,Unknown,Controls Functioning,Clear,Sideswipe,Intersection,Other Vehicle,Not Applicable,Not Applicable,At,,False,False,96876,OAKLAND RD,CORIE CT/SCHALLENBERGER RD,37.37683095,-121.8954367
6477,691180,CR-0000097382,0,0,0,0,23-053-0635,False,False,0,2/22/2023 4:46:00 PM,No Pedestrians Involved,Dry,No Unusual Conditions,Daylight,Violation Driver 1,No Controls Present/Factor,Clear,Vehicle/Bike,Intersection,Bike,Not Applicable,Not Applicable,At,,False,False,115455,BERN CT,OAKLAND RD,37.3757227,-121.8951003
6478,681436,CR-0000090826,0,0,0,0,22-027-0469,False,False,60,1/27/2022 1:19:00 PM,No Pedestrians Involved,Dry,No Unusual Conditions,Daylight,Violation Driver 1,No Controls Present/Factor,Clear,Broadside,Non-Related,Other Vehicle,Not Applicable,Not Applicable,North Of,,False,False,138929,S JACKSON AV,WOODSET LN,37.357568,-121.842584
6479,694477,CR-0000098471,0,0,0,1,23-269-0100,False,False,118,9/26/2023 3:23:00 AM,Not In Road,Dry,No Unusual Conditions,Dark - No Street Light,Unknown,No Controls Present/Factor,Clear,Vehicle/Pedestrian,Non-Related,Pedestrian,No Direction (Not Walking),No Direction (Not Walking),North Of,PED,False,False,138929,S JACKSON AV,WOODSET LN,37.357568,-121.842584
6480,697570,CR-0000099781,0,0,0,0,23-144-0561,True,False,20,5/24/2023 1:40:00 PM,No Pedestrians Involved,Dry,No Unusual Conditions,Daylight,Violation Driver 1,No Controls Present/Factor,Clear,Hit Object,Related,Fixed Object,Not Applicable,Not Applicable,South Of,Signage,True,False,138929,S JACKSON AV,WOODSET LN,37.357568,-121.842584
6481,711810,CR-0000100913,1,0,0,0,23-232-0592,False,False,373,11/19/2023 5:44:00 PM,No Pedestrians Involved,Dry,No Unusual Conditions,Dark - Street Light,Unknown,No Controls Present/Factor,Clear,Rear End,Non-Related,Parked Vehicle,Not Applicable,Not Applicable,West Of,,False,False,46012,CROPLEY AV,TREEWOOD LN,37.41101372,-121.8664031
6482,681469,CR-0000090859,0,0,0,0,22-032-4002,False,True,51,2/1/2022 4:45:00 AM,No Pedestrians Involved,Unknown,Unknown,Unknown,Unknown,Unknown,Unknown,Other,Non-Related,Parked Vehicle,Not Applicable,Not Applicable,South Of,,False,False,133253,MEADOWFAIRE DR,MEADOWFAIRE PL,37.29888233,-121.843993
6483,699413,CR-0000100745,0,0,0,0,23-194-0882,False,False,222,7/13/2023 9:40:00 PM,No Pedestrians Involved,Dry,No Unusual Conditions,Dark - Street Light,Violation Driver 1,Controls Functioning,Clear,Rear End,Non-Related,Parked Vehicle,Not Applicable,Not Applicable,West Of,,True,True,109141,SILVER CREEK RD,YERBA BUENA RD,37.29977127,-121.8026906
6484,722134,CR-0000103399,0,0,0,0,24-072-0355,False,False,250,3/12/2024 11:15:00 AM,No Pedestrians Involved,Dry,No Unusual Conditions,Daylight,Violation Driver 1,No Controls Present/Factor,Clear,Sideswipe,Non-Related,Parked Vehicle,Not Applicable,Not Applicable,South Of,,False,False,109141,SILVER CREEK RD,YERBA BUENA RD,37.29977127,-121.8026906
6485,690270,CR-0000096362,0,0,0,0,22-270-4003,False,True,0,9/22/2022 5:52:00 AM,No Pedestrians Involved,Unknown,Unknown,Unknown,Unknown,Unknown,Unknown,Rear End,Intersection,Motorcycle,Not Applicable,Not Applicable,At,,False,False,23814,BRANHAM LN,LEIGH AV,37.25088459,-121.9222104
6486,711781,CR-0000100900,0,0,0,0,23-231-9706,False,True,0,8/19/2023 10:50:00 AM,No Pedestrians Involved,Dry,No Unusual Conditions,Daylight,Unknown,Controls Functioning,Unknown,Rear End,Intersection,Other Vehicle,Not Applicable,Not Applicable,At,,False,False,74854,HURSTGLEN WY,YERBA BUENA RD,37.29989211,-121.8017431
6487,688814,CR-0000094669,0,0,0,0,22-289-0234,True,False,52,10/16/2022 3:00:00 AM,No Pedestrians Involved,Unknown,No Unusual Conditions,Dark - Street Light,Violation Driver 1,No Controls Present/Factor,Cloudy,Hit Object,Non-Related,Fixed Object,Not Applicable,Not Applicable,East Of,TREE,True,True,9866,ASHRIDGE LN,YERBA BUENA RD,37.29934196,-121.8000248
6488,692520,CR-0000097810,2,0,0,0,23-075-0139,False,False,43,3/16/2023 6:57:00 AM,No Pedestrians Involved,Dry,No Unusual Conditions,Daylight,Violation Driver 1,No Controls Present/Factor,Clear,Overturned,Related,Other Vehicle,Not Applicable,Not Applicable,West Of,,False,False,9866,ASHRIDGE LN,YERBA BUENA RD,37.29934196,-121.8000248
6489,719537,CR-0000102666,0,0,1,0,24-065-0589,False,False,0,3/5/2024 3:30:00 PM,No Pedestrians Involved,Dry,No Unusual Conditions,Daylight,Violation Driver 1,No Controls Present/Factor,Clear,Broadside,Intersection,Other Vehicle,Not Applicable,Not Applicable,At,,False,False,9866,ASHRIDGE LN,YERBA BUENA RD,37.29934196,-121.8000248
6490,689640,CR-0000095622,1,0,0,0,22-320-0327,False,False,0,11/16/2022 11:00:00 AM,No Pedestrians Involved,Dry,No Unusual Conditions,Daylight,Violation Driver 1,Controls Functioning,Clear,Sideswipe,Intersection,Other Vehicle,Not Applicable,Not Applicable,At,,False,False,94654,MURPHY AV,RINGWOOD AV,37.38479964,-121.8902762
6491,685210,CR-0000093889,0,0,0,1,22-254-0898,False,False,0,9/11/2022 9:49:00 PM,No Pedestrians Involved,Dry,No Unusual Conditions,Dark - Street Light,Violation Driver 1,Controls Functioning,Clear,Vehicle/Bike,Intersection,Bike,Not Applicable,Not Applicable,At,BIKE,True,False,94654,MURPHY AV,RINGWOOD AV,37.38479964,-121.8902762
6492,681492,CR-0000090882,1,1,0,0,22-035-0626,False,False,0,2/4/2022 4:21:00 PM,No Pedestrians Involved,Dry,No Unusual Conditions,Daylight,Violation Driver 1,Controls Functioning,Clear,Broadside,Intersection,Other Vehicle,Not Applicable,Not Applicable,At,,False,False,94654,MURPHY AV,RINGWOOD AV,37.38479964,-121.8902762
6493,681451,CR-0000090841,1,0,0,0,22-028-0733,False,False,0,1/28/2022 6:06:00 PM,No Pedestrians Involved,Dry,No Unusual Conditions,Daylight,Violation Driver 1,No Controls Present/Factor,Clear,Rear End,Intersection,Other Vehicle,Not Applicable,Not Applicable,At,,True,False,94654,MURPHY AV,RINGWOOD AV,37.38479964,-121.8902762
6494,681581,CR-0000090978,2,0,0,0,22-043-0887,False,False,0,2/12/2022 9:22:00 PM,No Pedestrians Involved,Dry,No Unusual Conditions,Dark - Street Light,Violation Driver 1,Controls Functioning,Clear,Broadside,Intersection,Other Vehicle,Not Applicable,Not Applicable,At,,False,False,94654,MURPHY AV,RINGWOOD AV,37.38479964,-121.8902762
6495,695910,CR-0000099038,0,0,0,0,23-213-4001,False,True,51,8/1/2023 10:55:00 AM,No Pedestrians Involved,Unknown,Unknown,Unknown,Unknown,Unknown,Unknown,Sideswipe,Non-Related,Other Vehicle,Not Applicable,Not Applicable,West Of,,False,False,94654,MURPHY AV,RINGWOOD AV,37.38479964,-121.8902762
6496,718502,CR-0000102608,2,0,0,0,24-073-0625,False,False,55,3/13/2024 4:31:00 PM,No Pedestrians Involved,Dry,No Unusual Conditions,Daylight,Violation Driver 1,Controls Functioning,Clear,Rear End,Non-Related,Other Vehicle,Not Applicable,Not Applicable,East Of,,False,False,94654,MURPHY AV,RINGWOOD AV,37.38479964,-121.8902762
6497,681631,CR-0000091028,0,0,0,0,22-046-1039,False,False,42,2/15/2022 11:02:00 PM,No Pedestrians Involved,Dry,No Unusual Conditions,Dark - Street Light,Violation Driver 1,Controls Functioning,Clear,Rear End,Related,Other Vehicle,Not Applicable,Not Applicable,East Of,,False,False,32988,CAPITOL EX,SNELL AV,37.27692809,-121.8418967
6498,682762,CR-0000092345,1,0,0,0,22-132-0114,False,False,0,5/12/2022 6:50:00 AM,No Pedestrians Involved,Dry,No Unusual Conditions,Daylight,Violation Driver 1,Controls Functioning,Clear,Sideswipe,Intersection,Other Vehicle,Not Applicable,Not Applicable,At,,False,False,32988,CAPITOL EX,SNELL AV,37.27692809,-121.8418967
6499,683449,CR-0000093045,1,1,0,0,22-080-0381,False,False,0,3/21/2022 11:13:00 AM,No Pedestrians Involved,Dry,No Unusual Conditions,Daylight,Violation Driver 1,Controls Functioning,Clear,Head On,Intersection,Other Vehicle,Not Applicable,Not Applicable,At,,False,False,32988,CAPITOL EX,SNELL AV,37.27692809,-121.8418967
6500,682782,CR-0000092361,0,1,0,0,22-143-0207,False,False,260,5/23/2022 7:41:00 AM,No Pedestrians Involved,Dry,No Unusual Conditions,Daylight,Violation Driver 1,Controls Functioning,Clear,Vehicle/Bike,Non-Related,Bike,Not Applicable,Not Applicable,North Of,BIKE,False,False,32988,CAPITOL EX,SNELL AV,37.27692809,-121.8418967
6501,685184,CR-0000093860,3,0,1,0,22-239-1015,False,False,0,8/27/2022 11:00:00 PM,No Pedestrians Involved,Dry,No Unusual Conditions,Dark - Street Light,Violation Driver 1,Controls Functioning,Clear,Broadside,Intersection,Other Vehicle,Not Applicable,Not Applicable,At,,False,False,32988,CAPITOL EX,SNELL AV,37.27692809,-121.8418967
6502,685161,CR-0000093836,0,0,0,0,22-237-0548,True,False,0,8/25/2022 2:29:00 PM,No Pedestrians Involved,Dry,No Unusual Conditions,Daylight,Violation Driver 1,Controls Functioning,Clear,Hit Object,Intersection,Fixed Object,Not Applicable,Not Applicable,At,LIGHT POLE,True,False,32988,CAPITOL EX,SNELL AV,37.27692809,-121.8418967
6503,685359,CR-0000094085,0,0,0,0,22-269-0241,False,False,,9/26/2022 9:35:00 AM,No Pedestrians Involved,Dry,No Unusual Conditions,Daylight,Violation Driver 1,Controls Functioning,Clear,Sideswipe,Related,Other Vehicle,Not Applicable,Not Applicable,South Of,,False,True,32988,CAPITOL EX,SNELL AV,37.27692809,-121.8418967
6504,685363,CR-0000094090,0,0,0,0,22-269-0945,True,False,217,9/26/2022 10:58:00 PM,No Pedestrians Involved,Dry,No Unusual Conditions,Dark - Street Light,Violation Driver 1,No Controls Present/Factor,Clear,Hit Object,Non-Related,Fixed Object,Not Applicable,Not Applicable,East Of,LIGHT POLE,False,True,32988,CAPITOL EX,SNELL AV,37.27692809,-121.8418967
6505,689251,CR-0000095218,1,1,0,0,22-293-0226,False,False,51,10/20/2022 8:45:00 AM,No Pedestrians Involved,Dry,No Unusual Conditions,Daylight,Violation Driver 1,Controls Functioning,Clear,Rear End,Non-Related,Other Vehicle,Not Applicable,Not Applicable,East Of,,False,False,32988,CAPITOL EX,SNELL AV,37.27692809,-121.8418967
6506,687584,CR-0000094376,3,0,0,0,22-263-0538,False,False,40,9/20/2022 2:11:00 PM,No Pedestrians Involved,Dry,No Unusual Conditions,Daylight,Violation Driver 1,Controls Functioning,Clear,Rear End,Related,Other Vehicle,Not Applicable,Not Applicable,South Of,,False,False,32988,CAPITOL EX,SNELL AV,37.27692809,-121.8418967
6507,689138,CR-0000095007,1,0,0,0,22-317-0761,False,False,18,11/13/2022 10:10:00 PM,No Pedestrians Involved,Dry,No Unusual Conditions,Dark - Street Light,Violation Driver 1,Controls Functioning,Clear,Rear End,Related,Other Vehicle,Not Applicable,Not Applicable,North Of,,True,True,32988,CAPITOL EX,SNELL AV,37.27692809,-121.8418967
6508,694559,CR-0000098553,2,0,0,0,23-199-0709,False,False,0,7/18/2023 5:53:00 PM,No Pedestrians Involved,Dry,No Unusual Conditions,Daylight,Violation Driver 1,Controls Functioning,Clear,Broadside,Intersection,Other Vehicle,Not Applicable,Not Applicable,At,,False,False,32988,CAPITOL EX,SNELL AV,37.27692809,-121.8418967
6509,696282,CR-0000099438,1,0,0,0,23-290-0849,False,False,61,10/17/2023 8:23:00 PM,No Pedestrians Involved,Dry,No Unusual Conditions,Dark - Street Light,Violation Driver 1,Controls Functioning,Clear,Rear End,Non-Related,Other Vehicle,Not Applicable,Not Applicable,South Of,,False,False,32988,CAPITOL EX,SNELL AV,37.27692809,-121.8418967
6510,696423,CR-0000099600,2,0,0,0,23-281-0610,False,False,0,10/8/2023 4:18:00 PM,No Pedestrians Involved,Dry,No Unusual Conditions,Daylight,Violation Driver 1,Controls Functioning,Clear,Broadside,Intersection,Other Vehicle,Not Applicable,Not Applicable,At,,False,False,32988,CAPITOL EX,SNELL AV,37.27692809,-121.8418967
6511,697617,CR-0000099811,3,0,0,0,23-268-0131,False,False,0,9/25/2023 6:15:00 AM,No Pedestrians Involved,Dry,No Unusual Conditions,Daylight,Violation Driver 1,Controls Functioning,Clear,Broadside,Intersection,Motor Vehicle On Other Roadway,Not Applicable,Not Applicable,At,,False,False,32988,CAPITOL EX,SNELL AV,37.27692809,-121.8418967
6512,698745,CR-0000099997,1,0,0,0,23-260-0363,False,False,0,9/17/2023 11:08:00 AM,No Pedestrians Involved,Dry,No Unusual Conditions,Daylight,Violation Driver 1,Controls Functioning,Clear,Rear End,Intersection,Other Vehicle,Not Applicable,Not Applicable,At,,True,False,32988,CAPITOL EX,SNELL AV,37.27692809,-121.8418967
6513,699344,CR-0000100671,0,0,0,0,23-171-0750,False,True,0,6/20/2023 6:50:00 PM,No Pedestrians Involved,Unknown,Unknown,Unknown,Unknown,Unknown,Unknown,Rear End,Intersection,Other Vehicle,Not Applicable,Not Applicable,At,,False,False,32988,CAPITOL EX,SNELL AV,37.27692809,-121.8418967
6514,692453,CR-0000097740,0,0,0,0,23-084-0280,False,False,51,3/25/2023 11:08:00 AM,No Pedestrians Involved,Dry,No Unusual Conditions,Daylight,Violation Driver 1,Controls Functioning,Clear,Rear End,Non-Related,Other Vehicle,Not Applicable,Not Applicable,West Of,,True,True,32988,CAPITOL EX,SNELL AV,37.27692809,-121.8418967
6515,691359,CR-0000097608,0,0,1,1,23-201-0050,False,False,0,7/20/2023 1:10:00 AM,No Pedestrians Involved,Dry,No Unusual Conditions,Dark - Street Light,Violation Driver 1,Controls Functioning,Clear,Broadside,Intersection,Motor Vehicle On Other Roadway,Not Applicable,Not Applicable,At,,False,False,32988,CAPITOL EX,SNELL AV,37.27692809,-121.8418967
6516,690188,CR-0000096279,0,0,0,0,22-158-4000,False,True,51,6/6/2022 12:30:00 PM,No Pedestrians Involved,Unknown,Unknown,Unknown,Unknown,Unknown,Unknown,Sideswipe,Non-Related,Unknown,Not Applicable,Not Applicable,Unknown,,False,True,32988,CAPITOL EX,SNELL AV,37.27692809,-121.8418967
6517,689903,CR-0000095931,1,1,0,0,22-357-0023,False,False,0,12/23/2022 12:35:00 AM,No Pedestrians Involved,Dry,No Unusual Conditions,Dark - Street Light,Violation Driver 1,Controls Functioning,Clear,Head On,Intersection,Other Vehicle,Not Applicable,Not Applicable,At,,False,False,32988,CAPITOL EX,SNELL AV,37.27692809,-121.8418967
6518,689682,CR-0000095664,0,0,0,0,22-353-0317,False,False,,12/19/2022 11:57:00 AM,No Pedestrians Involved,Dry,No Unusual Conditions,Daylight,Violation Driver 1,Controls Functioning,Clear,Rear End,Related,Other Vehicle,Not Applicable,Not Applicable,South Of,,False,True,32988,CAPITOL EX,SNELL AV,37.27692809,-121.8418967
6519,720949,CR-0000103193,0,0,0,1,24-231-0935,False,False,0,8/18/2024 10:31:00 PM,Crossing In Crosswalk - At Intersection,Dry,No Unusual Conditions,Dark - Street Light,Pedestrian At Fault,Controls Functioning,Clear,Vehicle/Pedestrian,Intersection,Pedestrian,West,East,At,PED,False,False,32988,CAPITOL EX,SNELL AV,37.27692809,-121.8418967
6520,719647,CR-0000102818,0,0,0,0,24-005-0415,False,False,0,1/5/2024 12:41:00 PM,No Pedestrians Involved,Dry,No Unusual Conditions,Daylight,Violation Driver 1,Controls Functioning,Clear,Sideswipe,Intersection,Other Vehicle,Not Applicable,Not Applicable,At,,False,False,32988,CAPITOL EX,SNELL AV,37.27692809,-121.8418967
6521,716189,CR-0000102109,1,0,0,0,24-022-0210,False,False,18,1/22/2024 6:36:00 AM,No Pedestrians Involved,Dry,No Unusual Conditions,Dusk - Dawn,Violation Driver 1,Controls Functioning,Rain,Vehicle/Bike,Related,Bike,Not Applicable,Not Applicable,East Of,ELECTRIC ONE WHEEL,False,False,32988,CAPITOL EX,SNELL AV,37.27692809,-121.8418967
6522,716248,CR-0000102234,2,0,0,0,24-037-0097,False,False,0,2/6/2024 5:00:00 AM,No Pedestrians Involved,Dry,No Unusual Conditions,Dark - Street Light,Violation Driver 1,Controls Not Functioning,Clear,Broadside,Intersection,Other Vehicle,Not Applicable,Not Applicable,At,,False,False,32988,CAPITOL EX,SNELL AV,37.27692809,-121.8418967
6523,716255,CR-0000102215,0,1,0,0,24-056-0668,False,False,0,2/25/2024 5:24:00 PM,No Pedestrians Involved,Dry,No Unusual Conditions,Dark - Street Light,Violation Driver 1,Controls Functioning,Clear,Head On,Intersection,Other Vehicle,Not Applicable,Not Applicable,At,,False,False,32988,CAPITOL EX,SNELL AV,37.27692809,-121.8418967
6524,711849,CR-0000101394,0,0,0,0,23-311-0590,False,False,,11/7/2023 2:55:00 PM,No Pedestrians Involved,Dry,No Unusual Conditions,Daylight,Violation Driver 1,Controls Functioning,Clear,Sideswipe,Related,Other Vehicle,Not Applicable,Not Applicable,East Of,,False,True,32988,CAPITOL EX,SNELL AV,37.27692809,-121.8418967
6525,715899,CR-0000101768,0,0,0,0,23-004-4004,False,True,0,1/4/2023 7:00:00 PM,No Pedestrians Involved,Unknown,Unknown,Unknown,Violation Driver 1,Unknown,Unknown,Rear End,Intersection,Other Vehicle,Not Applicable,Not Applicable,At,,False,False,32988,CAPITOL EX,SNELL AV,37.27692809,-121.8418967
6526,715816,CR-0000101985,1,1,0,0,24-006-0420,False,False,0,1/6/2024 2:02:00 PM,No Pedestrians Involved,Wet,No Unusual Conditions,Daylight,Violation Driver 1,Controls Functioning,Rain,Broadside,Intersection,Other Vehicle,Not Applicable,Not Applicable,At,,False,False,32988,CAPITOL EX,SNELL AV,37.27692809,-121.8418967
6527,689085,CR-0000094949,0,0,0,0,22-298-0290,False,False,146,10/25/2022 9:48:00 AM,No Pedestrians Involved,Dry,No Unusual Conditions,Daylight,Unknown,No Controls Present/Factor,Clear,Other,Non-Related,Other Vehicle,Not Applicable,Not Applicable,West Of,EMERGENCY VEHICLE,False,False,101408,PLAZA MONTEZ,VIA MONTEZ,37.41003931,-121.8731993
6528,683095,CR-0000092676,0,0,0,1,22-174-0447,False,False,0,6/23/2022 1:43:00 PM,Crossing In Crosswalk - At Intersection,Dry,No Unusual Conditions,Daylight,Unknown,Controls Functioning,Clear,Vehicle/Pedestrian,Intersection,Pedestrian,West,East,At,PED,False,False,32867,CAPITOL EX,MONTEREY RD,37.28067267,-121.8379639
6529,682220,CR-0000091768,1,0,0,0,22-066-0740,False,False,0,3/7/2022 4:18:00 PM,No Pedestrians Involved,Dry,No Unusual Conditions,Daylight,Violation Driver 1,Controls Functioning,Clear,Broadside,Intersection,Other Vehicle,Not Applicable,Not Applicable,At,,False,False,32867,CAPITOL EX,MONTEREY RD,37.28067267,-121.8379639
6530,682085,CR-0000091564,1,0,0,0,22-065-0556,False,False,0,3/6/2022 1:44:00 PM,No Pedestrians Involved,Dry,No Unusual Conditions,Daylight,Violation Driver 1,Controls Functioning,Clear,Broadside,Intersection,Other Vehicle,Not Applicable,Not Applicable,At,,False,False,32867,CAPITOL EX,MONTEREY RD,37.28067267,-121.8379639
6531,681654,CR-0000091051,3,1,0,0,22-031-0412,False,False,0,1/31/2022 12:26:00 PM,No Pedestrians Involved,Dry,No Unusual Conditions,Daylight,Violation Driver 1,Controls Functioning,Cloudy,Broadside,Intersection,Other Vehicle,Not Applicable,Not Applicable,At,,False,False,32867,CAPITOL EX,MONTEREY RD,37.28067267,-121.8379639
6532,696508,CR-0000099695,1,0,1,0,23-350-0932,False,False,156,12/16/2023 11:00:00 PM,No Pedestrians Involved,Dry,No Unusual Conditions,Dark - Street Light,Violation Driver 1,Controls Functioning,Clear,Rear End,Non-Related,Other Vehicle,Not Applicable,Not Applicable,South Of,,False,True,32867,CAPITOL EX,MONTEREY RD,37.28067267,-121.8379639
6533,695782,CR-0000098847,0,0,0,1,23-189-0910,False,False,625,7/8/2023 9:45:00 PM,Crossing - Not In Crosswalk,Dry,No Unusual Conditions,Dark - No Street Light,Unknown,No Controls Present/Factor,Clear,Vehicle/Pedestrian,Non-Related,Pedestrian,South,North,East Of,PED,False,True,32867,CAPITOL EX,MONTEREY RD,37.28067267,-121.8379639
6534,712171,CR-0000101602,0,0,0,0,23-353-4015,False,True,51,12/19/2023 4:50:00 PM,No Pedestrians Involved,Unknown,Unknown,Unknown,Unknown,Unknown,Unknown,Sideswipe,Non-Related,Other Vehicle,Not Applicable,Not Applicable,South Of,,False,False,32867,CAPITOL EX,MONTEREY RD,37.28067267,-121.8379639
6535,716271,CR-0000102222,0,0,0,0,23-326-0529,False,False,0,11/22/2023 2:27:00 PM,No Pedestrians Involved,Dry,Unknown,Daylight,Violation Driver 1,No Controls Present/Factor,Clear,Sideswipe,Intersection,Other Vehicle,Not Applicable,Not Applicable,At,,False,True,32867,CAPITOL EX,MONTEREY RD,37.28067267,-121.8379639
6536,716373,CR-0000102382,0,1,1,0,24-036-0138,False,False,0,2/5/2024 6:39:00 AM,No Pedestrians Involved,Wet,No Unusual Conditions,Dark - Street Light Not Functioning,Violation Driver 1,Controls Not Functioning,Rain,Broadside,Intersection,Other Vehicle,Not Applicable,Not Applicable,At,,False,False,32867,CAPITOL EX,MONTEREY RD,37.28067267,-121.8379639
6537,694516,CR-0000098510,1,0,0,0,23-157-9708,False,True,,6/5/2023 1:56:00 PM,No Pedestrians Involved,Dry,No Unusual Conditions,Daylight,Unknown,Controls Functioning,Clear,Rear End,Related,Other Vehicle,Not Applicable,Not Applicable,North Of,,False,False,32878,CAPITOL EX,MONTEREY RD,37.27926097,-121.8365044
6538,690053,CR-0000096126,1,0,0,0,22-321-0193,False,False,60,11/17/2022 8:21:00 AM,No Pedestrians Involved,Dry,No Unusual Conditions,Daylight,Violation Driver 1,Controls Not Functioning,Clear,Rear End,Non-Related,Other Vehicle,Not Applicable,Not Applicable,North Of,,True,False,32878,CAPITOL EX,MONTEREY RD,37.27926097,-121.8365044