_id,CrashFactId,Name,MinorInjuries,ModerateInjuries,SevereInjuries,FatalInjuries,TcrNumber,CityDamageFlag,ShortFormFlag,Distance,CrashDateTime,PedestrianAction,RoadwaySurface,RoadwayCondition,Lighting,PrimaryCollisionFactor,TrafficControl,Weather,CollisionType,ProximityToIntersection,VehicleInvolvedWith,PedestrianDirectionFrom,PedestrianDirectionTo,DirectionFromIntersection,Comment,SpeedingFlag,HitAndRunFlag,IntersectionNumber,AStreetName,BStreetName,Latitude,Longitude
6539,716363,CR-0000102362,1,0,0,0,24-040-0793,False,False,111,2/9/2024 7:57:00 PM,No Pedestrians Involved,Dry,No Unusual Conditions,Dark - Street Light,Violation Driver 1,Controls Functioning,Clear,Rear End,Non-Related,Other Vehicle,Not Applicable,Not Applicable,North Of,,False,True,32878,CAPITOL EX,MONTEREY RD,37.27926097,-121.8365044
6540,716252,CR-0000102225,1,0,0,0,24-048-0301,False,False,256,2/17/2024 10:44:00 AM,No Pedestrians Involved,Dry,No Unusual Conditions,Daylight,Violation Driver 1,No Controls Present/Factor,Clear,Vehicle/Bike,Non-Related,Scooter Motorized,Not Applicable,Not Applicable,South Of,M.SCOOTER,False,False,32878,CAPITOL EX,MONTEREY RD,37.27926097,-121.8365044
6541,717501,CR-0000102543,0,1,0,0,24-078-0184,False,False,33,3/18/2024 7:50:00 AM,Crossing In Crosswalk - At Intersection,Dry,No Unusual Conditions,Daylight,Violation Driver 1,No Controls Present/Factor,Clear,Vehicle/Pedestrian,Related,Pedestrian,North,South,East Of,PED,False,False,32878,CAPITOL EX,MONTEREY RD,37.27926097,-121.8365044
6542,682768,CR-0000092350,1,0,0,0,22-132-0602,False,False,40,5/12/2022 4:22:00 PM,No Pedestrians Involved,Dry,Unknown,Daylight,Violation Driver 1,Controls Functioning,Clear,Broadside,Related,Other Vehicle,Not Applicable,Not Applicable,North Of,,True,False,19700,BLOSSOM AV,SANTA TERESA BL,37.23678906,-121.8396195
6543,694504,CR-0000098498,0,0,1,0,23-176-0007,False,False,53,6/25/2023 12:06:00 AM,No Pedestrians Involved,Dry,No Unusual Conditions,Dark - Street Light,Other Than Driver,Controls Functioning,Clear,Other,Non-Related,Non-Collision,Not Applicable,Not Applicable,West Of,Passenger fell out of car,False,False,19700,BLOSSOM AV,SANTA TERESA BL,37.23678906,-121.8396195
6544,698647,CR-0000099872,1,0,1,0,23-227-0944,False,False,28,8/15/2023 9:04:00 PM,No Pedestrians Involved,Dry,No Unusual Conditions,Dark - Street Light,Violation Driver 1,Controls Not Functioning,Clear,Broadside,Related,Other Vehicle,Not Applicable,Not Applicable,East Of,,False,False,19700,BLOSSOM AV,SANTA TERESA BL,37.23678906,-121.8396195
6545,720945,CR-0000103180,0,0,0,0,24-047-1032,True,False,0,2/17/2024 1:56:00 AM,No Pedestrians Involved,Dry,No Unusual Conditions,Dark - Street Light,Violation Driver 1,Controls Functioning,Clear,Hit Object,Intersection,Fixed Object,Not Applicable,Not Applicable,At,LIGHTPOLE,False,False,19700,BLOSSOM AV,SANTA TERESA BL,37.23678906,-121.8396195
6546,689756,CR-0000095775,0,0,1,0,22-156-0126,False,False,245,6/5/2022 2:03:00 AM,No Pedestrians Involved,Dry,No Unusual Conditions,Dark - Street Light,Violation Driver 1,No Controls Present/Factor,Clear,Rear End,Non-Related,Parked Vehicle,Not Applicable,Not Applicable,North Of,,False,True,99813,PECAN GROVE CT,SIGRID WY,37.25584749,-121.8236988
6547,722097,CR-0000103351,0,0,0,0,24-067-0990,False,False,20,3/7/2024 10:02:00 PM,No Pedestrians Involved,Dry,No Unusual Conditions,Dark - Street Light,Violation Driver 1,No Controls Present/Factor,Clear,Sideswipe,Related,Parked Vehicle,Not Applicable,Not Applicable,North Of,,False,True,99813,PECAN GROVE CT,SIGRID WY,37.25584749,-121.8236988
6548,696206,CR-0000099350,0,0,0,0,23-118-0058,False,False,0,4/28/2023 1:48:00 AM,No Pedestrians Involved,Dry,No Unusual Conditions,Dark - Street Light,Violation Driver 1,No Controls Present/Factor,Clear,Rear End,Intersection,Parked Vehicle,Not Applicable,Not Applicable,At,,True,False,103927,RIDGEFARM DR,SNELL AV,37.24351898,-121.8307102
6549,685229,CR-0000093908,0,0,0,0,22-270-0907,False,False,87,9/27/2022 10:09:00 PM,No Pedestrians Involved,Dry,No Unusual Conditions,Dark - Street Light,Violation Driver 1,No Controls Present/Factor,Clear,Sideswipe,Non-Related,Other Vehicle,Not Applicable,Not Applicable,South Of,,False,True,82653,LEAN AV,LIME BLOSSOM CT,37.25811665,-121.8190179
6550,716319,CR-0000102302,0,1,0,0,24-055-0498,False,False,0,2/24/2024 1:53:00 PM,No Pedestrians Involved,Dry,No Unusual Conditions,Daylight,Violation Driver 1,No Controls Present/Factor,Clear,Rear End,Intersection,Other Vehicle,Not Applicable,Not Applicable,At,,False,False,81509,LANDESS AV,LOWLAND CT,37.4186742,-121.8686957
6551,688858,CR-0000094714,0,0,0,0,22-275-0807,False,False,,10/2/2022 8:30:00 PM,No Pedestrians Involved,Dry,No Unusual Conditions,Dark - Street Light,Violation Driver 1,Controls Functioning,Clear,Sideswipe,Related,Other Vehicle,Not Applicable,Not Applicable,East Of,,False,True,81542,LANDESS AV,DEMPSEY RD/SINCLAIR FR,37.41525354,-121.8776822
6552,691234,CR-0000097459,0,1,0,0,23-054-0168,False,False,0,2/23/2023 7:45:00 AM,No Pedestrians Involved,Wet,No Unusual Conditions,Daylight,Violation Driver 1,Unknown,Rain,Rear End,Intersection,Other Vehicle,Not Applicable,Not Applicable,At,,False,False,81542,LANDESS AV,DEMPSEY RD/SINCLAIR FR,37.41525354,-121.8776822
6553,711678,CR-0000101153,0,0,0,0,23-285-4004,False,True,51,10/4/2023 5:00:00 PM,No Pedestrians Involved,Unknown,Unknown,Unknown,Unknown,Unknown,Unknown,Sideswipe,Non-Related,Other Vehicle,Not Applicable,Not Applicable,West Of,,False,False,81542,LANDESS AV,DEMPSEY RD/SINCLAIR FR,37.41525354,-121.8776822
6554,694655,CR-0000098688,1,0,0,0,23-113-0900,False,False,0,4/23/2023 11:10:00 PM,No Pedestrians Involved,Dry,No Unusual Conditions,Dark - Street Light,Violation Driver 1,Unknown,Clear,Rear End,Intersection,Parked Vehicle,Not Applicable,Not Applicable,At,,True,False,45870,CROPLEY AV,GROSVENOR DR,37.41338479,-121.8615653
6555,683516,CR-0000093113,0,0,0,0,22-207-9704,False,True,0,7/20/2022 7:30:00 PM,No Pedestrians Involved,Dry,No Unusual Conditions,Daylight,Unknown,No Controls Present/Factor,Clear,Other,Intersection,Parked Vehicle,Not Applicable,Not Applicable,At,,False,True,21207,BODEGA WY,CAMINO VERDE DR,37.23254274,-121.7992538
6556,688791,CR-0000094635,0,0,0,0,22-306-4002,False,True,51,10/31/2022 4:05:00 AM,No Pedestrians Involved,Unknown,Unknown,Unknown,Unknown,Unknown,Unknown,Sideswipe,Non-Related,Parked Vehicle,Not Applicable,Not Applicable,South Of,,False,True,30986,CAMINO VERDE DR,EL MOLINO WY,37.2307696,-121.7987817
6557,682317,CR-0000091880,0,0,0,0,22-097-0983,False,False,240,4/7/2022 9:13:00 PM,No Pedestrians Involved,Dry,No Unusual Conditions,Dark - Street Light,Violation Driver 1,No Controls Present/Factor,Clear,Sideswipe,Non-Related,Parked Vehicle,Not Applicable,Not Applicable,West Of,,False,True,129821,GARDENIA DR,PRIMROSE DR,37.24044153,-121.8095411
6558,685110,CR-0000093782,0,0,0,0,22-230-0547,True,False,26,8/18/2022 2:03:00 PM,No Pedestrians Involved,Dry,No Unusual Conditions,Daylight,Violation Driver 1,No Controls Present/Factor,Clear,Sideswipe,Related,Parked Vehicle,Not Applicable,Not Applicable,West Of,City Vehicle,False,False,70575,HARRIS AV,NEW JERSEY AV,37.27695428,-121.9283989
6559,692565,CR-0000097856,1,0,0,0,23-097-0884,False,False,0,4/7/2023 10:50:00 PM,No Pedestrians Involved,Dry,No Unusual Conditions,Dark - Street Light,Violation Driver 1,No Controls Present/Factor,Clear,Broadside,Intersection,Other Vehicle,Not Applicable,Not Applicable,At,,False,False,70575,HARRIS AV,NEW JERSEY AV,37.27695428,-121.9283989
6560,711710,CR-0000101314,0,0,0,0,23-341-4003,False,True,51,12/7/2023 12:05:00 PM,No Pedestrians Involved,Unknown,Unknown,Unknown,Unknown,Unknown,Unknown,Other,Non-Related,Parked Vehicle,Not Applicable,Not Applicable,South Of,,False,False,70575,HARRIS AV,NEW JERSEY AV,37.27695428,-121.9283989
6561,684909,CR-0000093553,2,0,0,0,22-209-0395,False,False,98,7/28/2022 12:07:00 PM,No Pedestrians Involved,Dry,No Unusual Conditions,Daylight,Violation Driver 1,No Controls Present/Factor,Clear,Broadside,Non-Related,Other Vehicle,Not Applicable,Not Applicable,West Of,,False,False,114542,SAMARITAN DR,SAMARITAN PL,37.25109282,-121.9448471
6562,711961,CR-0000101388,0,0,0,0,23-316-0888,False,False,225,11/12/2023 9:27:00 PM,No Pedestrians Involved,Dry,No Unusual Conditions,Dark - Street Light,Violation Driver 1,No Controls Present/Factor,Clear,Sideswipe,Non-Related,Parked Vehicle,Not Applicable,Not Applicable,East Of,,False,True,98031,OVERLAND CT,OVERLAND WY,37.29694968,-121.8331797
6563,699193,CR-0000100513,0,0,0,0,23-176-0243,False,False,48,6/25/2023 12:00:00 AM,No Pedestrians Involved,Dry,No Unusual Conditions,Dark - Street Light,Violation Driver 1,No Controls Present/Factor,Clear,Sideswipe,Related,Parked Vehicle,Not Applicable,Not Applicable,South Of,,True,True,109944,SOUTHSIDE DR,YUMA DR,37.29563993,-121.8342688
6564,681448,CR-0000090838,0,0,0,0,22-028-0077,False,False,260,1/28/2022 2:09:00 AM,No Pedestrians Involved,Dry,No Unusual Conditions,Dark - Street Light,Violation Driver 1,No Controls Present/Factor,Clear,Sideswipe,Non-Related,Parked Vehicle,Not Applicable,Not Applicable,West Of,,False,False,12418,BALFOUR DR,LONE BLUFF DR,37.30147093,-121.838122
6565,698791,CR-0000100073,0,0,1,0,23-354-0797,False,False,59,12/20/2023 8:46:00 PM,In Road - Includes Shoulder,Wet,No Unusual Conditions,Dark - No Street Light,Violation Driver 1,No Controls Present/Factor,Clear,Vehicle/Pedestrian,Non-Related,Pedestrian,East,West,West Of,PED,True,True,45044,CRAMER CI,UMBARGER RD,37.30028326,-121.8442698
6566,691398,CR-0000097647,0,0,0,0,23-065-0204,False,False,68,3/5/2023 5:00:00 PM,No Pedestrians Involved,Dry,No Unusual Conditions,Dark - Street Light,Violation Driver 1,Unknown,Clear,Sideswipe,Non-Related,Parked Vehicle,Not Applicable,Not Applicable,East Of,,True,True,75460,INGALLS CT,UMBARGER RD,37.30079964,-121.8435438
6567,694771,CR-0000098808,1,0,0,0,23-226-0612,False,False,364,8/14/2023 3:18:00 PM,No Pedestrians Involved,Dry,No Unusual Conditions,Daylight,Violation Driver 1,No Controls Present/Factor,Clear,Rear End,Non-Related,Other Vehicle,Not Applicable,Not Applicable,South Of,,True,False,100693,PIEDMONT RD,PINNACLE DR,37.40295203,-121.8485014
6568,689383,CR-0000095369,1,1,0,0,22-314-0718,False,False,111,11/10/2022 5:35:00 PM,No Pedestrians Involved,Dry,No Unusual Conditions,Dark - Street Light,Violation Driver 1,No Controls Present/Factor,Clear,Sideswipe,Non-Related,Other Vehicle,Not Applicable,Not Applicable,North Of,,True,True,102101,PROUD DR,VISTAVIEW DR,37.40410536,-121.8480357
6569,722359,CR-0000103653,0,0,0,0,24-092-0194,False,False,183,4/1/2024 9:00:00 AM,No Pedestrians Involved,Dry,No Unusual Conditions,Daylight,Violation Driver 1,No Controls Present/Factor,Clear,Other,Non-Related,Parked Vehicle,Not Applicable,Not Applicable,South Of,,False,True,69255,GUNAR DR,PRICE WY,37.28003673,-121.9286534
6570,685228,CR-0000093907,0,0,0,0,22-146-0794,False,False,322,5/26/2022 4:59:00 PM,No Pedestrians Involved,Dry,No Unusual Conditions,Daylight,Violation Driver 1,No Controls Present/Factor,Cloudy,Rear End,Non-Related,Parked Vehicle,Not Applicable,Not Applicable,West Of,,False,False,70586,HARRIS AV,PAULINE DR,37.27664213,-121.9292972
6571,685249,CR-0000093929,0,1,0,0,22-244-0355,False,False,0,9/1/2022 11:22:00 AM,No Pedestrians Involved,Dry,No Unusual Conditions,Daylight,Violation Driver 1,Controls Functioning,Clear,Broadside,Intersection,Other Vehicle,Not Applicable,Not Applicable,At,,False,False,54020,EDEN AV,PAYNE AV,37.30154515,-121.954468
6572,685244,CR-0000093925,0,1,0,0,22-245-0249,False,False,550,9/2/2022 9:11:00 AM,No Pedestrians Involved,Dry,No Unusual Conditions,Daylight,Violation Driver 1,No Controls Present/Factor,Clear,Sideswipe,Non-Related,Parked Vehicle,Not Applicable,Not Applicable,East Of,,False,False,54020,EDEN AV,PAYNE AV,37.30154515,-121.954468
6573,694705,CR-0000098740,1,0,0,0,23-215-0190,False,False,0,8/3/2023 7:53:00 AM,No Pedestrians Involved,Dry,No Unusual Conditions,Daylight,Violation Driver 1,Controls Functioning,Clear,Broadside,Intersection,Other Vehicle,Not Applicable,Not Applicable,At,,False,False,54020,EDEN AV,PAYNE AV,37.30154515,-121.954468
6574,694586,CR-0000098610,1,0,0,0,23-200-0783,False,False,0,7/19/2023 7:20:00 PM,Crossing In Crosswalk - At Intersection,Dry,No Unusual Conditions,Daylight,Violation Driver 1,Controls Functioning,Clear,Vehicle/Pedestrian,Intersection,Pedestrian,North,South,At,,False,True,54020,EDEN AV,PAYNE AV,37.30154515,-121.954468
6575,715950,CR-0000101798,3,0,0,0,23-133-0956,False,False,0,5/13/2023 11:30:00 PM,No Pedestrians Involved,Dry,No Unusual Conditions,Dark - Street Light,Violation Driver 1,No Controls Present/Factor,Clear,Broadside,Intersection,Other Vehicle,Not Applicable,Not Applicable,At,,False,False,54020,EDEN AV,PAYNE AV,37.30154515,-121.954468
6576,716325,CR-0000102280,1,0,0,0,24-060-0320,False,False,0,2/29/2024 10:25:00 AM,No Pedestrians Involved,Dry,No Unusual Conditions,Daylight,Violation Driver 1,Controls Not Functioning,Clear,Rear End,Intersection,Other Vehicle,Not Applicable,Not Applicable,At,,False,False,54020,EDEN AV,PAYNE AV,37.30154515,-121.954468
6577,690635,CR-0000096757,0,0,0,0,23-021-0233,False,False,0,1/21/2023 8:56:00 AM,No Pedestrians Involved,Dry,No Unusual Conditions,Daylight,Violation Driver 1,No Controls Present/Factor,Clear,Sideswipe,Intersection,Parked Vehicle,Not Applicable,Not Applicable,At,,False,True,54119,EDEN AV,WILLIAMSBURG DR,37.29776913,-121.9544557
6578,685024,CR-0000093671,0,0,0,0,22-207-9706,False,False,0,7/25/2022 2:30:00 PM,No Pedestrians Involved,Dry,No Unusual Conditions,Daylight,Unknown,Controls Functioning,Clear,Rear End,Intersection,Other Vehicle,Not Applicable,Not Applicable,At,,False,True,107645,SARATOGA AV,WILLIAMS RD,37.30813034,-121.9776662
6579,683277,CR-0000092836,0,0,0,0,22-164-4011,False,True,51,6/13/2022 8:07:00 AM,No Pedestrians Involved,Unknown,Unknown,Daylight,Unknown,Unknown,Unknown,Sideswipe,Non-Related,Other Vehicle,Not Applicable,Not Applicable,South Of,,False,True,107645,SARATOGA AV,WILLIAMS RD,37.30813034,-121.9776662
6580,688698,CR-0000094523,0,0,0,0,22-207-4000,False,True,,7/25/2022 2:30:00 PM,No Pedestrians Involved,Unknown,Unknown,Daylight,Unknown,Unknown,Unknown,Rear End,Related,Other Vehicle,Not Applicable,Not Applicable,West Of,,False,True,107645,SARATOGA AV,WILLIAMS RD,37.30813034,-121.9776662
6581,690633,CR-0000096755,0,0,0,0,23-014-0345,False,False,0,1/14/2023 11:24:00 AM,No Pedestrians Involved,Wet,No Unusual Conditions,Daylight,Violation Driver 1,Controls Functioning,Rain,Head On,Intersection,Other Vehicle,Not Applicable,Not Applicable,At,,False,True,107645,SARATOGA AV,WILLIAMS RD,37.30813034,-121.9776662
6582,689860,CR-0000095886,1,0,0,0,22-342-0839,False,False,0,12/8/2022 8:56:00 PM,No Pedestrians Involved,Dry,No Unusual Conditions,Dark - Street Light,Violation Driver 1,Controls Functioning,Clear,Broadside,Intersection,Other Vehicle,Not Applicable,Not Applicable,At,,False,False,107645,SARATOGA AV,WILLIAMS RD,37.30813034,-121.9776662
6583,692461,CR-0000097748,1,0,0,0,23-084-0879,False,False,202,3/25/2023 10:52:00 PM,No Pedestrians Involved,Dry,No Unusual Conditions,Dark - Street Light,Violation Driver 1,No Controls Present/Factor,Clear,Head On,Non-Related,Other Vehicle,Not Applicable,Not Applicable,North Of,,True,False,107645,SARATOGA AV,WILLIAMS RD,37.30813034,-121.9776662
6584,692476,CR-0000097764,2,0,0,0,23-074-0128,False,False,0,3/15/2023 5:45:00 AM,No Pedestrians Involved,Dry,No Unusual Conditions,Dark - Street Light Not Functioning,Violation Driver 1,Controls Not Functioning,Clear,Broadside,Intersection,Other Vehicle,Not Applicable,Not Applicable,At,,False,False,107645,SARATOGA AV,WILLIAMS RD,37.30813034,-121.9776662
6585,692472,CR-0000097760,1,0,0,0,23-073-0958,False,False,0,3/14/2023 9:39:00 PM,No Pedestrians Involved,Dry,No Unusual Conditions,Dark - Street Light Not Functioning,Violation Driver 1,Controls Not Functioning,Clear,Broadside,Intersection,Other Vehicle,Not Applicable,Not Applicable,At,,False,False,107645,SARATOGA AV,WILLIAMS RD,37.30813034,-121.9776662
6586,692498,CR-0000097786,2,0,0,0,23-074-0988,False,False,0,3/15/2023 10:20:00 PM,No Pedestrians Involved,Dry,Other,Dark - No Street Light,Violation Driver 1,Controls Not Functioning,Clear,Broadside,Intersection,Other Vehicle,Not Applicable,Not Applicable,At,,False,False,107645,SARATOGA AV,WILLIAMS RD,37.30813034,-121.9776662
6587,694777,CR-0000098814,0,1,0,0,23-218-0644,False,False,27,8/6/2023 5:28:00 PM,Crossing In Crosswalk - At Intersection,Dry,No Unusual Conditions,Daylight,Violation Driver 1,Controls Functioning,Clear,Vehicle/Pedestrian,Related,Pedestrian,West,East,South Of,PED,False,False,107645,SARATOGA AV,WILLIAMS RD,37.30813034,-121.9776662
6588,695819,CR-0000098884,1,0,0,0,23-272-0831,False,False,0,9/29/2023 7:42:00 PM,No Pedestrians Involved,Dry,No Unusual Conditions,Dusk - Dawn,Violation Driver 1,Unknown,Clear,Rear End,Intersection,Other Vehicle,Not Applicable,Not Applicable,At,,True,True,107645,SARATOGA AV,WILLIAMS RD,37.30813034,-121.9776662
6589,696516,CR-0000099703,1,0,0,0,23-339-0014,False,False,51,12/5/2023 12:18:00 AM,No Pedestrians Involved,Dry,No Unusual Conditions,Dark - Street Light,Violation Driver 1,Controls Functioning,Clear,Rear End,Non-Related,Other Vehicle,Not Applicable,Not Applicable,Unknown,,False,False,107645,SARATOGA AV,WILLIAMS RD,37.30813034,-121.9776662
6590,711673,CR-0000101156,0,0,0,0,23-278-9703,False,True,0,10/5/2023 8:08:00 AM,No Pedestrians Involved,Dry,Unknown,Daylight,Unknown,Unknown,Clear,Sideswipe,Intersection,Other Vehicle,Not Applicable,Not Applicable,At,,False,False,107645,SARATOGA AV,WILLIAMS RD,37.30813034,-121.9776662
6591,694662,CR-0000098695,0,1,0,0,23-241-0348,False,False,0,8/29/2023 9:28:00 AM,Crossing In Crosswalk - At Intersection,Dry,No Unusual Conditions,Daylight,Violation Driver 1,Unknown,Clear,Vehicle/Pedestrian,Intersection,Pedestrian,Unknown,Unknown,At,PED,False,False,97130,METRO DR,TECHNOLOGY DR,37.36783734,-121.9189236
6592,689912,CR-0000095940,1,0,0,0,23-001-0701,False,False,102,12/31/2022 11:00:00 PM,Not In Road,Wet,No Unusual Conditions,Dark - Street Light,Violation Driver 1,No Controls Present/Factor,Rain,Vehicle/Pedestrian,Non-Related,Pedestrian,South,North,North Of,PED,False,True,96887,OAKLAND RD,SERVICE ST,37.36809127,-121.8922782
6593,688765,CR-0000094600,0,0,0,0,22-240-4005,False,True,,8/28/2022 9:45:00 PM,No Pedestrians Involved,Unknown,Unknown,Unknown,Unknown,Unknown,Unknown,Sideswipe,Related,Other Vehicle,Not Applicable,Not Applicable,West Of,,False,False,32482,CAPITOL AV,MCKEE RD,37.3700773,-121.8430134
6594,688808,CR-0000094654,0,0,0,0,22-245-4006,False,True,51,9/2/2022 9:00:00 PM,No Pedestrians Involved,Unknown,Unknown,Unknown,Unknown,Unknown,Unknown,Rear End,Non-Related,Other Vehicle,Not Applicable,Not Applicable,West Of,,False,True,32482,CAPITOL AV,MCKEE RD,37.3700773,-121.8430134
6595,689460,CR-0000095437,1,0,0,0,22-341-0868,False,False,25,12/7/2022 9:52:00 PM,No Pedestrians Involved,Dry,No Unusual Conditions,Dark - Street Light,Violation Driver 1,No Controls Present/Factor,Clear,Rear End,Related,Other Vehicle,Not Applicable,Not Applicable,South Of,,True,False,32482,CAPITOL AV,MCKEE RD,37.3700773,-121.8430134
6596,689269,CR-0000095221,0,0,0,0,22-299-0484,False,False,0,10/26/2022 1:08:00 AM,No Pedestrians Involved,Dry,Other,Daylight,Violation Driver 1,Controls Functioning,Clear,Sideswipe,Intersection,Other Vehicle,Not Applicable,Not Applicable,At,,False,True,32482,CAPITOL AV,MCKEE RD,37.3700773,-121.8430134
6597,689261,CR-0000095242,0,0,0,0,22-308-0395,False,False,500,11/4/2022 12:40:00 PM,Crossing In Crosswalk - Not At Intersection,Dry,No Unusual Conditions,Daylight,Violation Driver 1,No Controls Present/Factor,Clear,Rear End,Non-Related,Other Vehicle,Not Applicable,Not Applicable,West Of,,True,False,32482,CAPITOL AV,MCKEE RD,37.3700773,-121.8430134
6598,689358,CR-0000095328,3,0,0,0,22-324-0110,False,True,318,11/20/2022 2:09:00 AM,Not In Road,Unknown,No Unusual Conditions,Unknown,Unknown,No Controls Present/Factor,Unknown,Vehicle/Pedestrian,Non-Related,Pedestrian,No Direction (Not Walking),No Direction (Not Walking),South Of,PED(2),False,False,32482,CAPITOL AV,MCKEE RD,37.3700773,-121.8430134
6599,683014,CR-0000092556,0,0,0,0,22-171-0552,False,False,51,6/20/2022 2:32:00 PM,No Pedestrians Involved,Dry,No Unusual Conditions,Daylight,Violation Driver 1,Controls Functioning,Clear,Rear End,Non-Related,Other Vehicle,Not Applicable,Not Applicable,West Of,,True,True,32482,CAPITOL AV,MCKEE RD,37.3700773,-121.8430134
6600,683551,CR-0000093147,0,0,0,0,22-210-0084,True,False,0,7/29/2022 2:24:00 AM,No Pedestrians Involved,Dry,No Unusual Conditions,Dark - Street Light,Violation Driver 1,Unknown,Clear,Head On,Intersection,Fixed Object,Not Applicable,Not Applicable,At,CITY POLE 90423,False,True,32482,CAPITOL AV,MCKEE RD,37.3700773,-121.8430134
6601,684825,CR-0000093424,0,0,0,0,22-191-0118,False,False,0,7/10/2022 1:41:00 AM,No Pedestrians Involved,Dry,No Unusual Conditions,Dark - Street Light,Violation Driver 1,Unknown,Clear,Sideswipe,Related,Other Vehicle,Not Applicable,Not Applicable,At,,False,True,32482,CAPITOL AV,MCKEE RD,37.3700773,-121.8430134
6602,685202,CR-0000093881,1,0,0,0,22-179-0466,False,False,265,6/28/2022 1:11:00 PM,No Pedestrians Involved,Dry,No Unusual Conditions,Daylight,Violation Driver 1,No Controls Present/Factor,Clear,Broadside,Non-Related,Other Vehicle,Not Applicable,Not Applicable,East Of,,False,False,32482,CAPITOL AV,MCKEE RD,37.3700773,-121.8430134
6603,685127,CR-0000093800,0,0,0,0,22-235-0071,False,False,90,8/23/2022 1:57:00 AM,No Pedestrians Involved,Dry,No Unusual Conditions,Dark - Street Light,Violation Driver 1,Controls Functioning,Clear,Sideswipe,Non-Related,Parked Vehicle,Not Applicable,Not Applicable,South Of,,False,True,32482,CAPITOL AV,MCKEE RD,37.3700773,-121.8430134
6604,685375,CR-0000094102,0,0,0,0,22-230-1047,False,False,97,8/19/2022 12:01:00 AM,No Pedestrians Involved,Dry,No Unusual Conditions,Dark - Street Light,Violation Driver 1,Controls Functioning,Clear,Sideswipe,Non-Related,Other Vehicle,Not Applicable,Not Applicable,East Of,,False,True,32482,CAPITOL AV,MCKEE RD,37.3700773,-121.8430134
6605,685398,CR-0000094133,0,0,0,0,22-271-0358,False,False,0,9/28/2022 11:18:00 AM,No Pedestrians Involved,Dry,No Unusual Conditions,Daylight,Violation Driver 1,Controls Functioning,Clear,Broadside,Intersection,Train,Not Applicable,Not Applicable,At,VTA TRAIN,False,False,32482,CAPITOL AV,MCKEE RD,37.3700773,-121.8430134
6606,685406,CR-0000094141,0,0,0,0,22-261-0063,True,False,40,9/18/2022 1:51:00 AM,No Pedestrians Involved,Dry,No Unusual Conditions,Dark - Street Light,Violation Driver 1,Controls Functioning,Clear,Hit Object,Related,Fixed Object,Not Applicable,Not Applicable,South Of,LIGHT POLE,True,True,32482,CAPITOL AV,MCKEE RD,37.3700773,-121.8430134
6607,682976,CR-0000092574,0,0,0,0,22-166-9707,False,True,51,6/15/2022 1:17:00 PM,No Pedestrians Involved,Dry,Unknown,Daylight,Unknown,Controls Functioning,Clear,Rear End,Non-Related,Other Vehicle,Not Applicable,Not Applicable,West Of,,False,False,32482,CAPITOL AV,MCKEE RD,37.3700773,-121.8430134
6608,683222,CR-0000092802,0,0,0,0,22-116-4004,False,True,0,4/26/2022 4:40:00 PM,No Pedestrians Involved,Unknown,Unknown,Daylight,Unknown,Unknown,Unknown,Sideswipe,Intersection,Other Vehicle,Not Applicable,Not Applicable,At,,False,False,32482,CAPITOL AV,MCKEE RD,37.3700773,-121.8430134
6609,682321,CR-0000091884,0,0,1,0,22-098-0119,False,False,65,4/8/2022 7:15:00 PM,No Pedestrians Involved,Dry,No Unusual Conditions,Dark - Street Light,Violation Driver 1,Controls Functioning,Clear,Other,Non-Related,Motorcycle,Not Applicable,Not Applicable,West Of,,True,False,32482,CAPITOL AV,MCKEE RD,37.3700773,-121.8430134
6610,681245,CR-0000090630,0,0,0,0,22-006-0007,False,False,0,1/6/2022 12:00:00 AM,No Pedestrians Involved,Dry,No Unusual Conditions,Dark - Street Light,Violation Driver 1,Controls Functioning,Clear,Head On,Intersection,Fixed Object,Not Applicable,Not Applicable,At,TRAFFIC SIGNAL,False,False,32482,CAPITOL AV,MCKEE RD,37.3700773,-121.8430134
6611,681163,CR-0000090553,1,0,0,0,22-022-0082,False,False,27,1/22/2022 2:01:00 AM,No Pedestrians Involved,Dry,No Unusual Conditions,Dark - Street Light,Violation Driver 1,Controls Functioning,Clear,Broadside,Related,Other Vehicle,Not Applicable,Not Applicable,East Of,,False,False,32482,CAPITOL AV,MCKEE RD,37.3700773,-121.8430134
6612,682140,CR-0000091681,0,0,0,0,22-073-9702,False,True,0,3/13/2022 9:15:00 PM,No Pedestrians Involved,Dry,No Unusual Conditions,Dark - Street Light,Unknown,Controls Functioning,Clear,Rear End,Intersection,Other Vehicle,Not Applicable,Not Applicable,At,,False,False,32482,CAPITOL AV,MCKEE RD,37.3700773,-121.8430134
6613,689911,CR-0000095939,1,0,0,0,22-363-0491,False,False,0,12/29/2022 2:51:00 PM,No Pedestrians Involved,Dry,No Unusual Conditions,Daylight,Violation Driver 1,Controls Functioning,Cloudy,Broadside,Intersection,Other Vehicle,Not Applicable,Not Applicable,At,,False,False,32482,CAPITOL AV,MCKEE RD,37.3700773,-121.8430134
6614,690511,CR-0000096617,0,0,0,0,22-304-9705,False,True,0,10/31/2022 10:30:00 PM,No Pedestrians Involved,Dry,No Unusual Conditions,Dark - Street Light,Unknown,Controls Functioning,Clear,Sideswipe,Intersection,Other Vehicle,Not Applicable,Not Applicable,At,,False,True,32482,CAPITOL AV,MCKEE RD,37.3700773,-121.8430134