_id,CrashFactId,Name,MinorInjuries,ModerateInjuries,SevereInjuries,FatalInjuries,TcrNumber,CityDamageFlag,ShortFormFlag,Distance,CrashDateTime,PedestrianAction,RoadwaySurface,RoadwayCondition,Lighting,PrimaryCollisionFactor,TrafficControl,Weather,CollisionType,ProximityToIntersection,VehicleInvolvedWith,PedestrianDirectionFrom,PedestrianDirectionTo,DirectionFromIntersection,Comment,SpeedingFlag,HitAndRunFlag,IntersectionNumber,AStreetName,BStreetName,Latitude,Longitude
6615,690636,CR-0000096758,0,0,0,0,23-031-0843,False,False,51,1/31/2023 7:35:00 PM,No Pedestrians Involved,Dry,No Unusual Conditions,Dusk - Dawn,Violation Driver 1,Controls Functioning,Clear,Broadside,Non-Related,Other Vehicle,Not Applicable,Not Applicable,South Of,,False,True,32482,CAPITOL AV,MCKEE RD,37.3700773,-121.8430134
6616,690567,CR-0000096688,0,0,0,0,23-022-0688,False,False,496,1/22/2023 7:28:00 PM,No Pedestrians Involved,Dry,No Unusual Conditions,Dark - Street Light,Violation Driver 1,No Controls Present/Factor,Clear,Broadside,Non-Related,Other Vehicle,Not Applicable,Not Applicable,East Of,,False,True,32482,CAPITOL AV,MCKEE RD,37.3700773,-121.8430134
6617,690756,CR-0000096893,0,0,1,0,23-017-0963,False,False,0,1/17/2023 11:30:00 PM,Crossing - Not In Crosswalk,Dry,No Unusual Conditions,Dark - Street Light,Pedestrian At Fault,Controls Functioning,Clear,Vehicle/Pedestrian,Intersection,Pedestrian,Unknown,Unknown,At,PED,False,False,32482,CAPITOL AV,MCKEE RD,37.3700773,-121.8430134
6618,690678,CR-0000096812,0,1,0,0,23-016-0597,False,False,0,1/16/2023 3:15:00 PM,Crossing In Crosswalk - At Intersection,Dry,No Unusual Conditions,Daylight,Violation Driver 1,Controls Functioning,Cloudy,Vehicle/Pedestrian,Intersection,Pedestrian,West,East,At,PED,True,False,32482,CAPITOL AV,MCKEE RD,37.3700773,-121.8430134
6619,690227,CR-0000096316,0,0,0,0,22-265-4000,False,True,0,9/22/2022 9:02:00 AM,No Pedestrians Involved,Unknown,Unknown,Daylight,Unknown,Unknown,Unknown,Sideswipe,Intersection,Other Vehicle,Not Applicable,Not Applicable,At,,False,False,32482,CAPITOL AV,MCKEE RD,37.3700773,-121.8430134
6620,690221,CR-0000096310,0,0,0,0,22-261-9704,False,True,0,9/18/2022 8:00:00 AM,No Pedestrians Involved,Wet,No Unusual Conditions,Dark - Street Light,Unknown,Controls Functioning,Cloudy,Sideswipe,Intersection,Other Vehicle,Not Applicable,Not Applicable,At,,False,False,32482,CAPITOL AV,MCKEE RD,37.3700773,-121.8430134
6621,691187,CR-0000097389,1,0,0,0,23-056-0715,False,False,100,2/25/2023 7:32:00 PM,No Pedestrians Involved,Dry,No Unusual Conditions,Dark - Street Light,Violation Driver 1,Controls Functioning,Cloudy,Rear End,Non-Related,Other Vehicle,Not Applicable,Not Applicable,East Of,,True,False,32482,CAPITOL AV,MCKEE RD,37.3700773,-121.8430134
6622,691286,CR-0000097531,0,0,0,0,23-038-0780,False,False,0,2/7/2023 7:45:00 PM,No Pedestrians Involved,Dry,No Unusual Conditions,Dark - Street Light,Violation Driver 1,Controls Functioning,Clear,Sideswipe,Intersection,Other Vehicle,Not Applicable,Not Applicable,At,,False,True,32482,CAPITOL AV,MCKEE RD,37.3700773,-121.8430134
6623,694750,CR-0000098797,1,0,0,0,23-228-0322,False,False,70,8/16/2023 11:37:00 AM,No Pedestrians Involved,Dry,No Unusual Conditions,Daylight,Violation Driver 1,Controls Functioning,Clear,Rear End,Non-Related,Other Vehicle,Not Applicable,Not Applicable,East Of,,True,False,32482,CAPITOL AV,MCKEE RD,37.3700773,-121.8430134
6624,695833,CR-0000098898,0,0,0,0,23-106-0761,False,False,170,4/16/2023 9:32:00 PM,No Pedestrians Involved,Dry,No Unusual Conditions,Dark - Street Light,Violation Driver 1,No Controls Present/Factor,Clear,Rear End,Non-Related,Parked Vehicle,Not Applicable,Not Applicable,East Of,,True,False,32482,CAPITOL AV,MCKEE RD,37.3700773,-121.8430134
6625,695885,CR-0000099004,0,0,0,0,23-228-0345,False,False,70,8/16/2023 12:07:00 PM,No Pedestrians Involved,Dry,No Unusual Conditions,Daylight,Violation Driver 1,No Controls Present/Factor,Clear,Sideswipe,Non-Related,Parked Vehicle,Not Applicable,Not Applicable,East Of,,True,False,32482,CAPITOL AV,MCKEE RD,37.3700773,-121.8430134
6626,696023,CR-0000099158,0,0,0,0,23-207-0646,False,False,51,7/26/2023 4:00:00 PM,No Pedestrians Involved,Dry,No Unusual Conditions,Daylight,Violation Driver 1,Controls Functioning,Clear,Sideswipe,Non-Related,Other Vehicle,Not Applicable,Not Applicable,South Of,,True,True,32482,CAPITOL AV,MCKEE RD,37.3700773,-121.8430134
6627,696133,CR-0000099275,0,0,0,0,23-242-1056,False,False,0,8/30/2023 11:14:00 PM,No Pedestrians Involved,Dry,No Unusual Conditions,Dark - Street Light,Violation Driver 1,Controls Functioning,Clear,Rear End,Intersection,Other Vehicle,Not Applicable,Not Applicable,At,,False,False,32482,CAPITOL AV,MCKEE RD,37.3700773,-121.8430134
6628,698736,CR-0000099986,0,0,1,0,23-261-0608,False,False,150,9/18/2023 3:43:00 PM,No Pedestrians Involved,Dry,No Unusual Conditions,Daylight,Unknown,No Controls Present/Factor,Clear,Vehicle/Bike,Non-Related,Bike,Not Applicable,Not Applicable,West Of,BIKE,False,True,32482,CAPITOL AV,MCKEE RD,37.3700773,-121.8430134
6629,699464,CR-0000100808,0,0,0,0,23-198-0235,False,False,0,7/17/2023 8:40:00 AM,No Pedestrians Involved,Dry,No Unusual Conditions,Daylight,Unknown,Controls Functioning,Clear,Rear End,Intersection,Other Vehicle,Not Applicable,Not Applicable,At,,False,True,32482,CAPITOL AV,MCKEE RD,37.3700773,-121.8430134
6630,711571,CR-0000101448,0,0,0,0,23-269-9702,False,False,51,9/5/2023 4:00:00 PM,No Pedestrians Involved,Dry,No Unusual Conditions,Daylight,Unknown,No Controls Present/Factor,Clear,Rear End,Non-Related,Other Vehicle,Not Applicable,Not Applicable,East Of,,False,False,32482,CAPITOL AV,MCKEE RD,37.3700773,-121.8430134
6631,711952,CR-0000101082,0,0,0,0,23-234-9713,False,True,0,8/23/2023 8:40:00 AM,No Pedestrians Involved,Dry,No Unusual Conditions,Daylight,Unknown,Controls Functioning,Clear,Rear End,Intersection,Other Vehicle,Not Applicable,Not Applicable,At,,False,False,32482,CAPITOL AV,MCKEE RD,37.3700773,-121.8430134
6632,711943,CR-0000101537,0,0,0,0,23-343-0789,False,False,0,12/9/2023 7:46:00 PM,No Pedestrians Involved,Dry,No Unusual Conditions,Dark - Street Light,Violation Driver 1,Controls Functioning,Clear,Sideswipe,Intersection,Other Vehicle,Not Applicable,Not Applicable,At,,False,True,32482,CAPITOL AV,MCKEE RD,37.3700773,-121.8430134
6633,711928,CR-0000101034,0,0,0,0,23-255-0236,False,False,206,9/12/2023 8:31:00 AM,No Pedestrians Involved,Dry,No Unusual Conditions,Daylight,Violation Driver 1,Controls Functioning,Clear,Sideswipe,Non-Related,Other Vehicle,Not Applicable,Not Applicable,South Of,,False,False,32482,CAPITOL AV,MCKEE RD,37.3700773,-121.8430134
6634,715896,CR-0000101964,0,0,0,0,24-100-4005,False,True,51,11/7/2023 11:48:00 PM,No Pedestrians Involved,Unknown,Unknown,Unknown,Unknown,Unknown,Unknown,Rear End,Non-Related,Other Vehicle,Not Applicable,Not Applicable,South Of,,False,False,32482,CAPITOL AV,MCKEE RD,37.3700773,-121.8430134
6635,716111,CR-0000102065,0,0,1,0,24-013-0405,False,False,0,1/13/2024 1:20:00 PM,No Pedestrians Involved,Dry,No Unusual Conditions,Daylight,Bike At Fault,Controls Functioning,Clear,Vehicle/Bike,Intersection,Bike,Not Applicable,Not Applicable,At,BIKE,False,False,32482,CAPITOL AV,MCKEE RD,37.3700773,-121.8430134
6636,712079,CR-0000101008,0,0,0,0,23-271-0907,True,False,1033,9/28/2023 9:50:00 PM,No Pedestrians Involved,Dry,No Unusual Conditions,Dark - No Street Light,Violation Driver 1,Controls Functioning,Clear,Hit Object,Non-Related,Fixed Object,Not Applicable,Not Applicable,West Of,FENCE,True,False,32482,CAPITOL AV,MCKEE RD,37.3700773,-121.8430134
6637,716204,CR-0000102183,1,0,0,0,24-062-9705,False,True,51,2/29/2024 2:39:00 PM,No Pedestrians Involved,Dry,No Unusual Conditions,Daylight,Unknown,Controls Functioning,Clear,Rear End,Non-Related,Other Vehicle,Not Applicable,Not Applicable,West Of,,False,True,32482,CAPITOL AV,MCKEE RD,37.3700773,-121.8430134
6638,721952,CR-0000103206,0,0,0,0,24-032-0372,False,False,96,2/1/2024 12:00:00 PM,No Pedestrians Involved,Wet,No Unusual Conditions,Daylight,Violation Driver 1,Controls Functioning,Cloudy,Sideswipe,Non-Related,Other Vehicle,Not Applicable,Not Applicable,South Of,,False,True,32482,CAPITOL AV,MCKEE RD,37.3700773,-121.8430134
6639,722142,CR-0000103408,0,0,0,0,24-069-4005,False,True,51,3/8/2024 11:50:00 PM,No Pedestrians Involved,Unknown,Unknown,Unknown,Unknown,Unknown,Unknown,Rear End,Non-Related,Other Vehicle,Not Applicable,Not Applicable,West Of,,False,False,32482,CAPITOL AV,MCKEE RD,37.3700773,-121.8430134
6640,722034,CR-0000103288,0,0,0,0,24-059-0708,False,False,51,2/28/2024 5:15:00 PM,No Pedestrians Involved,Dry,No Unusual Conditions,Daylight,Violation Driver 1,Controls Functioning,Clear,Rear End,Non-Related,Other Vehicle,Not Applicable,Not Applicable,South Of,,True,True,32482,CAPITOL AV,MCKEE RD,37.3700773,-121.8430134
6641,716169,CR-0000102081,0,0,1,0,24-012-0100,False,False,0,1/12/2024 5:28:00 AM,Crossing In Crosswalk - At Intersection,Dry,No Unusual Conditions,Dark - Street Light,Pedestrian At Fault,Controls Functioning,Clear,Vehicle/Pedestrian,Intersection,Pedestrian,West,East,At,PEDESTRIAN,False,False,32482,CAPITOL AV,MCKEE RD,37.3700773,-121.8430134
6642,716161,CR-0000102133,2,0,0,0,24-028-0591,False,False,0,1/28/2024 4:40:00 PM,No Pedestrians Involved,Dry,No Unusual Conditions,Daylight,Violation Driver 1,Controls Functioning,Clear,Sideswipe,Intersection,Other Vehicle,Not Applicable,Not Applicable,At,,False,False,32482,CAPITOL AV,MCKEE RD,37.3700773,-121.8430134
6643,719611,CR-0000102769,0,0,0,0,23-077-9703,False,True,51,3/17/2023 4:00:00 PM,No Pedestrians Involved,Dry,No Unusual Conditions,Daylight,Unknown,Controls Functioning,Clear,Sideswipe,Non-Related,Other Vehicle,Not Applicable,Not Applicable,Unknown,,False,False,32482,CAPITOL AV,MCKEE RD,37.3700773,-121.8430134
6644,719809,CR-0000102982,1,0,0,0,24-036-0601,False,False,0,2/5/2024 3:50:00 PM,No Pedestrians Involved,Wet,Unknown,Dark - Street Light,Violation Driver 1,Controls Functioning,Rain,Hit Object,Intersection,Fixed Object,Not Applicable,Not Applicable,At,TROLLEY TRACKS,False,False,32482,CAPITOL AV,MCKEE RD,37.3700773,-121.8430134
6645,719778,CR-0000102951,0,0,0,0,24-057-4000,False,True,0,2/2/2024 7:10:00 PM,No Pedestrians Involved,Unknown,Unknown,Unknown,Unknown,Unknown,Unknown,Sideswipe,Intersection,Other Vehicle,Not Applicable,Not Applicable,At,,False,False,32482,CAPITOL AV,MCKEE RD,37.3700773,-121.8430134
6646,722437,CR-0000103737,0,0,0,0,24-100-0791,False,False,,4/9/2024 8:28:00 PM,No Pedestrians Involved,Dry,No Unusual Conditions,Dark - Street Light,Violation Driver 1,Controls Functioning,Clear,Rear End,Related,Other Vehicle,Not Applicable,Not Applicable,East Of,,True,True,32482,CAPITOL AV,MCKEE RD,37.3700773,-121.8430134
6647,681831,CR-0000091240,0,0,0,0,22-088-0867,False,False,0,3/29/2022 6:57:00 PM,No Pedestrians Involved,Dry,No Unusual Conditions,Dark - Street Light,Violation Driver 1,No Controls Present/Factor,Clear,Broadside,Intersection,Other Vehicle,Not Applicable,Not Applicable,At,,True,False,66131,GISH RD,INDUSTRIAL AV,37.36888134,-121.8982737
6648,681279,CR-0000090665,0,0,0,0,22-009-0169,False,False,0,1/9/2022 4:47:00 AM,No Pedestrians Involved,Dry,No Unusual Conditions,Dark - Street Light,Violation Driver 1,Controls Functioning,Clear,Rear End,Intersection,Other Vehicle,Not Applicable,Not Applicable,At,PD CITY VEHICLE,True,False,66131,GISH RD,INDUSTRIAL AV,37.36888134,-121.8982737
6649,683086,CR-0000092659,0,1,0,0,22-160-0210,False,False,0,6/9/2022 9:04:00 AM,No Pedestrians Involved,Dry,No Unusual Conditions,Daylight,Violation Driver 1,No Controls Present/Factor,Clear,Head On,Intersection,Other Vehicle,Not Applicable,Not Applicable,At,,False,False,66131,GISH RD,INDUSTRIAL AV,37.36888134,-121.8982737
6650,685422,CR-0000094157,0,0,0,0,22-265-0605,False,False,18,9/22/2022 3:17:00 PM,No Pedestrians Involved,Dry,No Unusual Conditions,Daylight,Violation Driver 1,Controls Functioning,Clear,Hit Object,Related,Fixed Object,Not Applicable,Not Applicable,East Of,FIRE HYDRANT,True,True,119657,BERRYESSA RD,COMMERCIAL ST,37.36612048,-121.8829309
6651,681918,CR-0000091412,0,0,0,0,22-072-0815,False,False,0,3/13/2022 10:40:00 PM,No Pedestrians Involved,Dry,No Unusual Conditions,Dark - Street Light,Violation Driver 1,Controls Functioning,Clear,Sideswipe,Intersection,Other Vehicle,Not Applicable,Not Applicable,At,,False,True,119657,BERRYESSA RD,COMMERCIAL ST,37.36612048,-121.8829309
6652,699103,CR-0000100419,0,0,0,0,23-175-3200,False,True,0,6/23/2023 11:50:00 AM,No Pedestrians Involved,Unknown,Unknown,Daylight,Unknown,Unknown,Unknown,Rear End,Intersection,Other Vehicle,Not Applicable,Not Applicable,At,,False,False,119657,BERRYESSA RD,COMMERCIAL ST,37.36612048,-121.8829309
6653,694490,CR-0000098484,0,1,0,0,23-181-0578,False,False,51,6/20/2023 4:30:00 PM,No Pedestrians Involved,Dry,No Unusual Conditions,Daylight,Bike At Fault,No Controls Present/Factor,Clear,Vehicle/Bike,Non-Related,Bike,Not Applicable,Not Applicable,East Of,BICYCLIST,False,False,119657,BERRYESSA RD,COMMERCIAL ST,37.36612048,-121.8829309
6654,691089,CR-0000097262,0,0,0,0,23-046-0009,False,False,0,2/15/2023 1:10:00 AM,No Pedestrians Involved,Dry,No Unusual Conditions,Dark - Street Light,Violation Driver 1,Controls Functioning,Clear,Hit Object,Intersection,Fixed Object,Not Applicable,Not Applicable,At,CONCRETE ISLAND,True,True,119657,BERRYESSA RD,COMMERCIAL ST,37.36612048,-121.8829309
6655,690835,CR-0000096974,0,0,0,0,23-016-0178,False,False,0,1/16/2023 5:41:00 AM,No Pedestrians Involved,Wet,No Unusual Conditions,Dark - Street Light,Violation Driver 1,No Controls Present/Factor,Rain,Hit Object,Intersection,Fixed Object,Not Applicable,Not Applicable,At,,True,True,119657,BERRYESSA RD,COMMERCIAL ST,37.36612048,-121.8829309
6656,722226,CR-0000103492,0,0,0,0,24-082-0901,True,False,81,3/22/2024 8:47:00 PM,No Pedestrians Involved,Wet,No Unusual Conditions,Dark - Street Light,Violation Driver 1,No Controls Present/Factor,Rain,Hit Object,Non-Related,Fixed Object,Not Applicable,Not Applicable,East Of,MEDIAN FENCE,True,False,119657,BERRYESSA RD,COMMERCIAL ST,37.36612048,-121.8829309
6657,711986,CR-0000101315,0,0,0,0,23-344-9705,False,True,0,12/10/2023 2:00:00 AM,No Pedestrians Involved,Dry,No Unusual Conditions,Dark - Street Light,Unknown,Controls Functioning,Clear,Sideswipe,Intersection,Other Vehicle,Not Applicable,Not Applicable,At,,False,False,119657,BERRYESSA RD,COMMERCIAL ST,37.36612048,-121.8829309
6658,681636,CR-0000091033,0,0,0,1,22-005-0813,False,False,0,1/5/2022 6:16:00 PM,No Pedestrians Involved,Dry,No Unusual Conditions,Dark - Street Light,Unknown,Controls Functioning,Clear,Vehicle/Bike,Intersection,Bike,Not Applicable,Not Applicable,At,Bike,False,True,97162,OLD BAYSHORE HW,QUEENS LN,37.36815089,-121.9046967
6659,683105,CR-0000092730,1,0,0,0,22-126-0132,False,False,0,5/6/2022 6:15:00 AM,No Pedestrians Involved,Dry,No Unusual Conditions,Daylight,Violation Driver 1,Controls Functioning,Clear,Sideswipe,Intersection,Motorcycle,Not Applicable,Not Applicable,At,,False,False,97162,OLD BAYSHORE HW,QUEENS LN,37.36815089,-121.9046967
6660,689144,CR-0000094991,0,0,0,0,22-313-0167,False,False,0,11/9/2022 8:17:00 AM,No Pedestrians Involved,Dry,No Unusual Conditions,Daylight,Violation Driver 1,No Controls Present/Factor,Clear,Sideswipe,Intersection,Other Vehicle,Not Applicable,Not Applicable,At,,True,True,97162,OLD BAYSHORE HW,QUEENS LN,37.36815089,-121.9046967
6661,689058,CR-0000094933,1,0,0,0,22-301-0137,False,False,51,10/28/2022 6:28:00 AM,No Pedestrians Involved,Dry,No Unusual Conditions,Dark - Street Light,Violation Driver 1,No Controls Present/Factor,Clear,Hit Object,Non-Related,Fixed Object,Not Applicable,Not Applicable,North Of,,True,False,97162,OLD BAYSHORE HW,QUEENS LN,37.36815089,-121.9046967
6662,711978,CR-0000101424,0,0,0,0,23-351-4001,False,True,51,12/17/2023 1:25:00 PM,No Pedestrians Involved,Unknown,Unknown,Unknown,Unknown,Unknown,Unknown,Sideswipe,Non-Related,Other Vehicle,Not Applicable,Not Applicable,East Of,,False,False,97162,OLD BAYSHORE HW,QUEENS LN,37.36815089,-121.9046967
6663,688919,CR-0000094765,0,0,0,0,22-282-0226,True,False,,10/9/2022 6:29:00 AM,No Pedestrians Involved,Dry,No Unusual Conditions,Dark - Street Light,Violation Driver 1,Controls Functioning,Clear,Sideswipe,Related,Fixed Object,Not Applicable,Not Applicable,East Of,,False,False,2265,AIRPORT BL,AIRPORT PW,37.36699503,-121.9253105
6664,689384,CR-0000095381,1,0,0,0,22-322-0742,False,False,3022,11/18/2022 6:47:00 PM,In Road - Includes Shoulder,Dry,No Unusual Conditions,Dark - Street Light,Violation Driver 1,Controls Functioning,Clear,Vehicle/Pedestrian,Non-Related,Pedestrian,No Direction (Not Walking),No Direction (Not Walking),North Of,PED,True,False,2265,AIRPORT BL,AIRPORT PW,37.36699503,-121.9253105
6665,690770,CR-0000096908,0,0,0,0,23-011-0889,True,False,0,1/11/2023 10:51:00 PM,No Pedestrians Involved,Dry,No Unusual Conditions,Dark - Street Light,Violation Driver 1,Controls Functioning,Clear,Hit Object,Intersection,Fixed Object,Not Applicable,Not Applicable,At,Light Pole,True,False,2265,AIRPORT BL,AIRPORT PW,37.36699503,-121.9253105
6666,696249,CR-0000099396,1,0,0,0,23-188-0352,False,False,830,7/7/2023 12:37:00 PM,No Pedestrians Involved,Dry,No Unusual Conditions,Daylight,Violation Driver 1,Controls Functioning,Clear,Sideswipe,Non-Related,Other Vehicle,Not Applicable,Not Applicable,South Of,,False,False,2265,AIRPORT BL,AIRPORT PW,37.36699503,-121.9253105
6667,685357,CR-0000094083,0,0,1,0,22-227-0521,False,False,0,8/15/2022 1:52:00 PM,No Pedestrians Involved,Dry,No Unusual Conditions,Daylight,Violation Driver 1,Controls Functioning,Clear,Broadside,Intersection,Other Vehicle,Not Applicable,Not Applicable,At,,False,False,60444,FIRST ST,METRO DR,37.3694726,-121.9154567
6668,682990,CR-0000092595,0,0,0,0,22-175-0814,False,False,0,6/24/2022 5:44:00 PM,No Pedestrians Involved,Dry,No Unusual Conditions,Daylight,Violation Driver 1,Controls Functioning,Clear,Broadside,Intersection,Train,Not Applicable,Not Applicable,At,,False,True,60444,FIRST ST,METRO DR,37.3694726,-121.9154567
6669,689195,CR-0000095110,1,0,0,0,22-294-0791,False,False,0,10/21/2022 7:00:00 PM,In Road - Includes Shoulder,Dry,No Unusual Conditions,Dark - Street Light,Pedestrian At Fault,No Controls Present/Factor,Clear,Vehicle/Pedestrian,Intersection,Pedestrian,South,North,At,PED,False,False,45033,CRAMER CI,UMBARGER RD,37.30129003,-121.8428739
6670,697561,CR-0000099772,0,0,0,1,23-363-0667,False,False,0,12/29/2023 6:56:00 PM,Crossing - Not In Crosswalk,Dry,No Unusual Conditions,Dusk - Dawn,Pedestrian At Fault,Unknown,Rain,Vehicle/Pedestrian,Intersection,Pedestrian,North,South,At,PED,False,False,45033,CRAMER CI,UMBARGER RD,37.30129003,-121.8428739
6671,689393,CR-0000095349,1,0,0,0,22-332-0867,False,False,164,11/28/2022 9:00:00 PM,No Pedestrians Involved,Dry,No Unusual Conditions,Dark - Street Light,Bike At Fault,No Controls Present/Factor,Clear,Vehicle/Bike,Non-Related,Bike,Not Applicable,Not Applicable,West Of,BIKE,False,False,108173,SENTER RD,UMBARGER RD,37.30195265,-121.8418775
6672,684989,CR-0000093628,0,0,0,0,22-202-9706,False,True,51,7/18/2022 3:00:00 PM,No Pedestrians Involved,Dry,No Unusual Conditions,Daylight,Unknown,Controls Functioning,Clear,Rear End,Non-Related,Other Vehicle,Not Applicable,Not Applicable,North Of,,False,False,108173,SENTER RD,UMBARGER RD,37.30195265,-121.8418775
6673,682872,CR-0000092452,0,0,0,0,22-173-4004,False,True,0,6/22/2022 10:30:00 AM,No Pedestrians Involved,Unknown,Unknown,Daylight,Unknown,Unknown,Unknown,Sideswipe,Intersection,Other Vehicle,Not Applicable,Not Applicable,At,,False,False,108173,SENTER RD,UMBARGER RD,37.30195265,-121.8418775
6674,683132,CR-0000092714,0,0,0,0,22-044-4000,False,True,51,2/12/2022 2:20:00 PM,No Pedestrians Involved,Unknown,Unknown,Daylight,Unknown,Unknown,Unknown,Sideswipe,Non-Related,Other Vehicle,Not Applicable,Not Applicable,South Of,,False,False,108173,SENTER RD,UMBARGER RD,37.30195265,-121.8418775
6675,681787,CR-0000091187,0,0,0,0,22-054-9714,False,True,0,2/8/2022 3:57:00 PM,No Pedestrians Involved,Dry,No Unusual Conditions,Daylight,Unknown,Controls Functioning,Clear,Rear End,Intersection,Parked Vehicle,Not Applicable,Not Applicable,At,,False,False,108173,SENTER RD,UMBARGER RD,37.30195265,-121.8418775
6676,681820,CR-0000091229,1,0,0,0,22-084-0693,False,False,168,3/25/2022 6:26:00 PM,No Pedestrians Involved,Dry,No Unusual Conditions,Daylight,Violation Driver 1,Controls Functioning,Clear,Broadside,Non-Related,Other Vehicle,Not Applicable,Not Applicable,South Of,,False,False,75316,INDEPENDENCE DR,SENTER RD,37.29645934,-121.8363216
6677,711768,CR-0000100983,0,1,0,0,23-244-0314,False,False,67,9/1/2023 10:04:00 AM,No Pedestrians Involved,Dry,No Unusual Conditions,Daylight,Violation Driver 1,No Controls Present/Factor,Clear,Sideswipe,Non-Related,Parked Vehicle,Not Applicable,Not Applicable,South Of,,False,False,17071,BERMUDA WY,SEAVIEW DR,37.33328594,-121.8342851
6678,681803,CR-0000091212,0,0,0,0,22-077-0488,False,False,0,3/18/2022 12:47:00 PM,No Pedestrians Involved,Dry,No Unusual Conditions,Daylight,Violation Driver 1,Controls Functioning,Clear,Head On,Intersection,Other Vehicle,Not Applicable,Not Applicable,At,,False,False,17060,BERMUDA WY,OCALA AV,37.3321004,-121.8331301
6679,685277,CR-0000093957,0,1,0,0,22-251-1004,False,False,363,9/8/2022 10:12:00 PM,No Pedestrians Involved,Dry,No Unusual Conditions,Dark - Street Light,Violation Driver 1,No Controls Present/Factor,Clear,Sideswipe,Non-Related,Parked Vehicle,Not Applicable,Not Applicable,South Of,,False,False,17060,BERMUDA WY,OCALA AV,37.3321004,-121.8331301
6680,720890,CR-0000103093,0,0,0,0,24-028-4004,False,True,51,1/28/2024 6:00:00 PM,No Pedestrians Involved,Unknown,Unknown,Unknown,Unknown,Unknown,Unknown,Other,Non-Related,Parked Vehicle,Not Applicable,Not Applicable,North Of,,False,False,48740,DARWIN WY,OCALA AV,37.33394343,-121.830417
6681,722250,CR-0000103517,0,0,0,0,24-084-0173,False,False,377,3/24/2024 4:33:00 AM,No Pedestrians Involved,Wet,No Unusual Conditions,Dark - Street Light,Violation Driver 1,No Controls Present/Factor,Rain,Head On,Non-Related,Parked Vehicle,Not Applicable,Not Applicable,West Of,,True,False,48740,DARWIN WY,OCALA AV,37.33394343,-121.830417
6682,682442,CR-0000092006,0,0,0,0,22-109-0713,False,False,45,4/19/2022 6:07:00 PM,No Pedestrians Involved,Dry,No Unusual Conditions,Daylight,Violation Driver 1,No Controls Present/Factor,Clear,Rear End,Related,Parked Vehicle,Not Applicable,Not Applicable,South Of,,False,False,97052,OCALA AV,ORLANDO DR,37.33162655,-121.8338262
6683,682482,CR-0000092049,1,0,0,0,22-098-1045,False,False,0,4/8/2022 11:15:00 PM,No Pedestrians Involved,Dry,No Unusual Conditions,Dark - Street Light,Violation Driver 2,Unknown,Unknown,Broadside,Intersection,Other Vehicle,Not Applicable,Not Applicable,At,,True,False,97052,OCALA AV,ORLANDO DR,37.33162655,-121.8338262
6684,698921,CR-0000100223,0,1,0,0,23-328-0904,False,False,0,11/24/2023 11:46:00 PM,No Pedestrians Involved,Dry,No Unusual Conditions,Dark - Street Light,Violation Driver 1,No Controls Present/Factor,Clear,Broadside,Intersection,Other Vehicle,Not Applicable,Not Applicable,At,,False,False,97052,OCALA AV,ORLANDO DR,37.33162655,-121.8338262
6685,682858,CR-0000092449,0,0,0,0,22-158-0790,False,False,0,6/7/2022 4:32:00 PM,No Pedestrians Involved,Dry,No Unusual Conditions,Daylight,Violation Driver 1,No Controls Present/Factor,Clear,Broadside,Intersection,Other Vehicle,Not Applicable,Not Applicable,At,,False,True,70960,HAVANA DR,TAMPA WY,37.33055469,-121.8352468
6686,687439,CR-0000094218,1,0,0,0,22-274-0115,False,False,432,10/1/2022 2:06:00 AM,No Pedestrians Involved,Dry,No Unusual Conditions,Dark - Street Light,Violation Driver 1,Unknown,Clear,Sideswipe,Non-Related,Parked Vehicle,Not Applicable,Not Applicable,North Of,,False,True,70960,HAVANA DR,TAMPA WY,37.33055469,-121.8352468
6687,688932,CR-0000094789,0,0,0,0,22-282-0679,False,False,0,10/9/2022 5:51:00 PM,No Pedestrians Involved,Unknown,No Unusual Conditions,Daylight,Violation Driver 1,No Controls Present/Factor,Clear,Broadside,Intersection,Other Vehicle,Not Applicable,Not Applicable,At,,False,True,70960,HAVANA DR,TAMPA WY,37.33055469,-121.8352468
6688,689122,CR-0000095006,0,0,0,0,22-317-0577,False,False,0,11/13/2022 5:48:00 PM,No Pedestrians Involved,Dry,No Unusual Conditions,Dark - No Street Light,Violation Driver 1,No Controls Present/Factor,Clear,Sideswipe,Intersection,Other Vehicle,Not Applicable,Not Applicable,At,,False,True,70927,HAVANA DR/OCALA DR,KING RD,37.33103931,-121.8344786
6689,683389,CR-0000092983,2,0,0,0,22-179-0892,False,False,208,6/28/2022 10:21:00 PM,No Pedestrians Involved,Dry,No Unusual Conditions,Dark - Street Light,Violation Driver 1,Controls Functioning,Clear,Rear End,Non-Related,Other Vehicle,Not Applicable,Not Applicable,North Of,,True,False,70927,HAVANA DR/OCALA DR,KING RD,37.33103931,-121.8344786
6690,689949,CR-0000095948,1,0,0,0,22-093-0523,False,False,105,4/3/2022 6:32:00 PM,No Pedestrians Involved,Dry,Unknown,Daylight,Violation Driver 1,Unknown,Clear,Hit Object,Non-Related,Other Vehicle,Not Applicable,Not Applicable,South Of,VTA BUS STOP SIGN,True,True,70927,HAVANA DR/OCALA DR,KING RD,37.33103931,-121.8344786