_id,CrashFactId,Name,MinorInjuries,ModerateInjuries,SevereInjuries,FatalInjuries,TcrNumber,CityDamageFlag,ShortFormFlag,Distance,CrashDateTime,PedestrianAction,RoadwaySurface,RoadwayCondition,Lighting,PrimaryCollisionFactor,TrafficControl,Weather,CollisionType,ProximityToIntersection,VehicleInvolvedWith,PedestrianDirectionFrom,PedestrianDirectionTo,DirectionFromIntersection,Comment,SpeedingFlag,HitAndRunFlag,IntersectionNumber,AStreetName,BStreetName,Latitude,Longitude
6691,694533,CR-0000098527,1,0,0,0,23-195-0376,False,False,0,7/14/2023 11:32:00 AM,No Pedestrians Involved,Dry,No Unusual Conditions,Daylight,Violation Driver 1,Controls Functioning,Clear,Broadside,Intersection,Other Vehicle,Not Applicable,Not Applicable,At,,False,False,70927,HAVANA DR/OCALA DR,KING RD,37.33103931,-121.8344786
6692,694592,CR-0000098616,0,1,0,0,23-202-0701,False,False,0,7/21/2023 5:36:00 PM,No Pedestrians Involved,Dry,No Unusual Conditions,Daylight,Violation Driver 1,Controls Functioning,Clear,Broadside,Intersection,Other Vehicle,Not Applicable,Not Applicable,At,,False,False,70927,HAVANA DR/OCALA DR,KING RD,37.33103931,-121.8344786
6693,695821,CR-0000098886,1,0,0,0,23-272-0610,False,False,381,9/29/2023 4:31:00 PM,No Pedestrians Involved,Dry,No Unusual Conditions,Daylight,Violation Driver 1,No Controls Present/Factor,Clear,Head On,Non-Related,Other Vehicle,Not Applicable,Not Applicable,North Of,,True,False,70927,HAVANA DR/OCALA DR,KING RD,37.33103931,-121.8344786
6694,690562,CR-0000096683,0,0,0,0,23-001-0017,False,False,266,1/1/2023 12:08:00 AM,No Pedestrians Involved,Wet,No Unusual Conditions,Dark - Street Light,Violation Driver 1,Controls Functioning,Rain,Rear End,Non-Related,Parked Vehicle,Not Applicable,Not Applicable,North Of,,False,False,70927,HAVANA DR/OCALA DR,KING RD,37.33103931,-121.8344786
6695,691358,CR-0000097607,0,0,1,1,23-199-0994,False,False,0,7/18/2023 11:40:00 PM,Crossing - Not In Crosswalk,Dry,No Unusual Conditions,Dark - No Street Light,Unknown,Controls Functioning,Clear,Vehicle/Pedestrian,Intersection,Pedestrian,East,West,At,PED(3),False,False,70927,HAVANA DR/OCALA DR,KING RD,37.33103931,-121.8344786
6696,722390,CR-0000103684,0,0,0,0,24-098-0204,False,False,472,4/7/2024 6:30:00 AM,No Pedestrians Involved,Dry,No Unusual Conditions,Daylight,Violation Driver 1,No Controls Present/Factor,Clear,Sideswipe,Non-Related,Parked Vehicle,Not Applicable,Not Applicable,South Of,,True,False,70927,HAVANA DR/OCALA DR,KING RD,37.33103931,-121.8344786
6697,717408,CR-0000102420,0,0,0,0,23-037-9702,False,True,,2/4/2023 11:50:00 PM,No Pedestrians Involved,Wet,No Unusual Conditions,Dark - Street Light,Unknown,Controls Functioning,Rain,Rear End,Related,Other Vehicle,Not Applicable,Not Applicable,Unknown,,False,False,70927,HAVANA DR/OCALA DR,KING RD,37.33103931,-121.8344786
6698,711789,CR-0000101519,0,0,0,0,23-275-9705,False,True,0,9/30/2023 5:50:00 PM,No Pedestrians Involved,Dry,No Unusual Conditions,Dusk - Dawn,Unknown,Unknown,Clear,Sideswipe,Intersection,Other Vehicle,Not Applicable,Not Applicable,At,,False,False,70927,HAVANA DR/OCALA DR,KING RD,37.33103931,-121.8344786
6699,692441,CR-0000097725,0,0,0,0,23-083-1020,False,False,45,3/24/2023 11:45:00 PM,No Pedestrians Involved,Dry,No Unusual Conditions,Dark - Street Light,Violation Driver 1,Controls Functioning,Clear,Sideswipe,Related,Parked Vehicle,Not Applicable,Not Applicable,West Of,,False,False,61720,FLORIDA AV,HAVANA DR,37.33009599,-121.8359734
6700,694185,CR-0000098163,0,1,0,0,23-146-0196,False,False,0,5/26/2023 7:53:00 AM,No Pedestrians Involved,Dry,No Unusual Conditions,Daylight,Violation Driver 1,Controls Functioning,Clear,Sideswipe,Intersection,Other Vehicle,Not Applicable,Not Applicable,At,,False,False,14024,BASCOM AV,PARKMOOR AV,37.31756479,-121.9318536
6701,694589,CR-0000098613,1,1,0,0,23-202-0800,False,False,75,7/21/2023 7:17:00 PM,No Pedestrians Involved,Dry,No Unusual Conditions,Dusk - Dawn,Violation Driver 1,Controls Functioning,Clear,Sideswipe,Non-Related,Other Vehicle,Not Applicable,Not Applicable,West Of,,False,False,14024,BASCOM AV,PARKMOOR AV,37.31756479,-121.9318536
6702,719854,CR-0000103027,0,0,0,0,24-041-4007,False,True,0,2/10/2024 6:25:00 PM,No Pedestrians Involved,Unknown,Unknown,Unknown,Unknown,Unknown,Unknown,Rear End,Intersection,Other Vehicle,Not Applicable,Not Applicable,At,,False,False,14024,BASCOM AV,PARKMOOR AV,37.31756479,-121.9318536
6703,719700,CR-0000102872,0,0,0,0,24-013-0726,False,False,32,1/13/2024 8:25:00 PM,No Pedestrians Involved,Wet,No Unusual Conditions,Dark - Street Light,Violation Driver 1,Controls Functioning,Rain,Rear End,Related,Other Vehicle,Not Applicable,Not Applicable,South Of,,False,False,14024,BASCOM AV,PARKMOOR AV,37.31756479,-121.9318536
6704,681945,CR-0000091454,1,0,0,0,22-088-0917,False,False,0,3/29/2022 7:58:00 PM,No Pedestrians Involved,Dry,No Unusual Conditions,Dusk - Dawn,Violation Driver 1,No Controls Present/Factor,Clear,Head On,Intersection,Other Vehicle,Not Applicable,Not Applicable,At,,False,False,13804,BASCOM AV,ELLIOTT ST,37.32166554,-121.9318822
6705,684703,CR-0000093332,0,0,0,0,22-186-9703,False,True,51,6/27/2022 10:54:00 AM,No Pedestrians Involved,Dry,No Unusual Conditions,Daylight,Violation Driver 1,No Controls Present/Factor,Clear,Other,Non-Related,Parked Vehicle,Not Applicable,Not Applicable,West Of,,False,False,13804,BASCOM AV,ELLIOTT ST,37.32166554,-121.9318822
6706,689115,CR-0000094973,0,0,0,0,22-319-9808,False,True,365,6/6/2022 12:45:00 AM,No Pedestrians Involved,Dry,No Unusual Conditions,Dark - Street Light,Violation Driver 1,No Controls Present/Factor,Clear,Head On,Non-Related,Parked Vehicle,Not Applicable,Not Applicable,West Of,,False,False,86635,MACARTHUR AV,PFEFFER LN,37.31697985,-121.9360802
6707,681443,CR-0000090833,0,0,0,0,22-028-4002,False,False,51,1/27/2022 4:09:00 PM,No Pedestrians Involved,Unknown,Unknown,Daylight,Unknown,Unknown,Unknown,Other,Non-Related,Other Vehicle,Not Applicable,Not Applicable,South Of,,False,False,86635,MACARTHUR AV,PFEFFER LN,37.31697985,-121.9360802
6708,699257,CR-0000100579,0,0,0,0,23-172-4003,False,True,51,6/21/2023 7:40:00 AM,No Pedestrians Involved,Unknown,Unknown,Unknown,Unknown,Unknown,Unknown,Sideswipe,Non-Related,Other Vehicle,Not Applicable,Not Applicable,South Of,,False,False,86635,MACARTHUR AV,PFEFFER LN,37.31697985,-121.9360802
6709,682390,CR-0000091953,0,0,0,0,22-112-0039,False,False,111,4/22/2022 12:30:00 AM,No Pedestrians Involved,Wet,No Unusual Conditions,Dark - Street Light,Violation Driver 1,No Controls Present/Factor,Rain,Rear End,Non-Related,Parked Vehicle,Not Applicable,Not Applicable,West Of,,False,True,84589,LOCH NESS CT,LOCH NESS WY,37.30742583,-121.8049271
6710,690999,CR-0000097171,0,0,0,0,23-037-0104,False,False,48,2/6/2023 5:30:00 AM,No Pedestrians Involved,Dry,No Unusual Conditions,Dark - Street Light,Violation Driver 1,No Controls Present/Factor,Clear,Sideswipe,Related,Other Vehicle,Not Applicable,Not Applicable,West Of,,True,True,57276,ENSIGN WY,SEAMAN PL,37.37766286,-121.8672888
6711,698964,CR-0000100266,3,0,0,0,23-320-0199,False,False,0,11/16/2023 9:07:00 AM,No Pedestrians Involved,Dry,No Unusual Conditions,Daylight,Violation Driver 1,Unknown,Clear,Head On,Intersection,Other Vehicle,Not Applicable,Not Applicable,At,,False,False,59179,FENIAN DR,LEMOYNE WY,37.28034975,-121.9764304
6712,698663,CR-0000099889,0,1,0,0,23-225-0324,False,False,353,8/13/2023 10:28:00 AM,No Pedestrians Involved,Dry,No Unusual Conditions,Daylight,Violation Driver 1,No Controls Present/Factor,Clear,Broadside,Non-Related,Parked Vehicle,Not Applicable,Not Applicable,East Of,,False,False,62303,FOREST HILL DR,KINGSTON WY,37.27331443,-121.9878411
6713,692559,CR-0000097850,1,0,0,0,23-096-0492,False,False,35,4/6/2023 2:43:00 PM,No Pedestrians Involved,Dry,No Unusual Conditions,Daylight,Violation Driver 1,Controls Functioning,Clear,Rear End,Related,Other Vehicle,Not Applicable,Not Applicable,South Of,,False,False,13750,BASCOM AV,CURTNER AV,37.27254422,-121.9355832
6714,689468,CR-0000095445,0,1,0,0,22-364-0693,False,False,95,12/30/2022 6:27:00 PM,No Pedestrians Involved,Wet,No Unusual Conditions,Dark - Street Light,Violation Driver 1,No Controls Present/Factor,Clear,Broadside,Non-Related,Other Vehicle,Not Applicable,Not Applicable,South Of,,False,False,13750,BASCOM AV,CURTNER AV,37.27254422,-121.9355832
6715,690489,CR-0000096601,0,0,0,0,22-306-9702,False,True,51,10/31/2022 2:40:00 PM,No Pedestrians Involved,Dry,No Unusual Conditions,Daylight,Unknown,No Controls Present/Factor,Clear,Sideswipe,Non-Related,Parked Vehicle,Not Applicable,Not Applicable,West Of,,False,True,105038,ROUNDTREE DR,WESTMONT AV,37.27035628,-121.9876544
6716,722151,CR-0000103417,0,0,0,0,24-073-4004,False,True,51,3/13/2024 8:55:00 AM,No Pedestrians Involved,Unknown,Unknown,Unknown,Unknown,Unknown,Unknown,Other,Non-Related,Parked Vehicle,Not Applicable,Not Applicable,North Of,,False,False,110660,STARVIEW DR,STRATFORD AV,37.25901059,-121.9459424
6717,689260,CR-0000095200,0,0,0,0,22-302-0033,False,False,344,10/29/2022 12:24:00 AM,No Pedestrians Involved,Dry,No Unusual Conditions,Dark - Street Light,Violation Driver 1,No Controls Present/Factor,Clear,Sideswipe,Non-Related,Parked Vehicle,Not Applicable,Not Applicable,East Of,,False,True,111022,STRATFORD AV,TWILIGHT DR,37.2588189,-121.9430228
6718,690009,CR-0000096030,2,0,0,0,22-223-0096,False,False,0,8/11/2022 5:16:00 AM,No Pedestrians Involved,Dry,No Unusual Conditions,Dark - Street Light,Violation Driver 1,Controls Functioning,Clear,Broadside,Intersection,Other Vehicle,Not Applicable,Not Applicable,At,,True,True,57760,EVERDALE DR,NIEMAN BL,37.31406262,-121.803256
6719,694058,CR-0000098116,0,1,0,0,23-124-0587,False,False,36,5/4/2023 4:49:00 PM,No Pedestrians Involved,Wet,No Unusual Conditions,Daylight,Violation Driver 1,Controls Functioning,Rain,Head On,Related,Other Vehicle,Not Applicable,Not Applicable,South Of,,False,False,57760,EVERDALE DR,NIEMAN BL,37.31406262,-121.803256
6720,692531,CR-0000097822,2,0,0,0,23-091-0308,False,False,0,4/1/2023 11:02:00 AM,No Pedestrians Involved,Dry,No Unusual Conditions,Daylight,Violation Driver 1,Controls Functioning,Clear,Broadside,Intersection,Other Vehicle,Not Applicable,Not Applicable,At,,False,False,130690,NIEMAN BL,MILKY WY/SEQUOIA CREEK DR,37.30277007,-121.7928785
6721,681886,CR-0000091367,0,0,0,0,22-035-0120,False,False,54,2/4/2022 4:26:00 AM,No Pedestrians Involved,Dry,No Unusual Conditions,Dark - Street Light,Violation Driver 1,No Controls Present/Factor,Clear,Sideswipe,Non-Related,Parked Vehicle,Not Applicable,Not Applicable,West Of,,False,True,25332,BRIGADOON WY,DANIEL MALONEY DR,37.30692653,-121.8036164
6722,696044,CR-0000099179,0,0,0,0,23-210-0082,False,False,189,7/29/2023 1:21:00 AM,No Pedestrians Involved,Dry,No Unusual Conditions,Dark - Street Light,Violation Driver 1,No Controls Present/Factor,Clear,Rear End,Non-Related,Other Vehicle,Not Applicable,Not Applicable,West Of,,True,True,25332,BRIGADOON WY,DANIEL MALONEY DR,37.30692653,-121.8036164
6723,719561,CR-0000102708,1,0,0,0,24-063-0295,False,False,0,3/3/2024 10:30:00 AM,No Pedestrians Involved,Wet,No Unusual Conditions,Daylight,Violation Driver 1,Controls Functioning,Cloudy,Vehicle/Bike,Intersection,Bike,Not Applicable,Not Applicable,At,,False,True,25332,BRIGADOON WY,DANIEL MALONEY DR,37.30692653,-121.8036164
6724,716182,CR-0000102158,2,0,0,0,24-028-0382,False,False,0,1/28/2024 12:09:00 PM,No Pedestrians Involved,Dry,No Unusual Conditions,Daylight,Violation Driver 1,No Controls Present/Factor,Clear,Broadside,Intersection,Other Vehicle,Not Applicable,Not Applicable,At,,False,False,25332,BRIGADOON WY,DANIEL MALONEY DR,37.30692653,-121.8036164
6725,689112,CR-0000094970,0,1,0,0,22-276-0750,False,False,212,10/3/2022 5:45:00 PM,No Pedestrians Involved,Dry,No Unusual Conditions,Daylight,Violation Driver 1,No Controls Present/Factor,Clear,Rear End,Non-Related,Other Vehicle,Not Applicable,Not Applicable,North Of,,True,False,114234,D AMICO DR,WHITE RD,37.31598267,-121.7928212
6726,685180,CR-0000093856,1,1,0,0,22-235-0231,False,False,146,8/23/2022 8:18:00 AM,No Pedestrians Involved,Dry,No Unusual Conditions,Daylight,Violation Driver 1,Controls Functioning,Clear,Broadside,Non-Related,Other Vehicle,Not Applicable,Not Applicable,North Of,,False,False,114234,D AMICO DR,WHITE RD,37.31598267,-121.7928212
6727,681440,CR-0000090830,1,0,0,0,22-027-0696,False,False,0,1/27/2022 5:00:00 PM,No Pedestrians Involved,Dry,No Unusual Conditions,Daylight,Violation Driver 1,Controls Functioning,Clear,Rear End,Intersection,Other Vehicle,Not Applicable,Not Applicable,At,,True,False,13518,BARRETT AV,UNION AV,37.25578688,-121.9312616
6728,715979,CR-0000101842,2,0,0,0,23-342-1153,False,False,0,12/8/2023 11:09:00 AM,No Pedestrians Involved,Dry,No Unusual Conditions,Dark - Street Light,Violation Driver 1,Controls Functioning,Clear,Head On,Intersection,Other Vehicle,Not Applicable,Not Applicable,At,,False,False,41282,COLE DR/LOGIC DR,UNION AV,37.25362116,-121.931262
6729,692406,CR-0000097689,0,0,0,0,23-080-0392,False,False,0,3/21/2023 12:19:00 PM,Crossing In Crosswalk - At Intersection,Wet,No Unusual Conditions,Daylight,Pedestrian At Fault,Controls Functioning,Rain,Vehicle/Pedestrian,Intersection,Pedestrian,East,West,At,PED,False,True,14068,BASCOM AV,BURTON RD/SAMARITAN DR,37.25316632,-121.9523999
6730,712156,CR-0000101276,0,0,0,0,23-199-9707,False,True,0,7/18/2023 11:00:00 AM,No Pedestrians Involved,Dry,Unknown,Daylight,Unknown,Unknown,Clear,Rear End,Intersection,Other Vehicle,Not Applicable,Not Applicable,At,,False,False,14068,BASCOM AV,BURTON RD/SAMARITAN DR,37.25316632,-121.9523999
6731,711981,CR-0000101168,0,0,0,0,23-326-4011,False,True,0,11/22/2023 5:45:00 PM,No Pedestrians Involved,Unknown,Unknown,Unknown,Unknown,Unknown,Unknown,Sideswipe,Intersection,Other Vehicle,Not Applicable,Not Applicable,At,,False,False,14068,BASCOM AV,BURTON RD/SAMARITAN DR,37.25316632,-121.9523999
6732,711726,CR-0000101170,0,0,0,0,23-311-0139,True,False,395,11/7/2023 6:01:00 AM,No Pedestrians Involved,Dry,No Unusual Conditions,Daylight,Violation Driver 1,No Controls Present/Factor,Clear,Hit Object,Non-Related,Fixed Object,Not Applicable,Not Applicable,East Of,LIGHT POLE,False,False,14068,BASCOM AV,BURTON RD/SAMARITAN DR,37.25316632,-121.9523999
6733,682828,CR-0000092401,2,0,0,0,22-134-0750,False,False,8,5/14/2022 8:33:00 PM,No Pedestrians Involved,Dry,No Unusual Conditions,Dusk - Dawn,Violation Driver 1,Controls Functioning,Clear,Broadside,Related,Other Vehicle,Not Applicable,Not Applicable,North Of,,False,False,126268,UNION (S) AV,SAMARITAN DR/WEST VALLEY FR,37.25054443,-121.9313149
6734,684821,CR-0000093466,0,0,0,0,22-187-9701,False,True,0,7/5/2022 6:30:00 PM,No Pedestrians Involved,Dry,No Unusual Conditions,Daylight,Unknown,Controls Functioning,Clear,Rear End,Intersection,Other Vehicle,Not Applicable,Not Applicable,At,,False,False,126268,UNION (S) AV,SAMARITAN DR/WEST VALLEY FR,37.25054443,-121.9313149
6735,689425,CR-0000095398,0,2,0,0,22-330-0287,False,False,0,11/26/2022 11:09:00 AM,No Pedestrians Involved,Dry,No Unusual Conditions,Daylight,Bike At Fault,Controls Functioning,Clear,Vehicle/Bike,Intersection,Scooter Motorized,Not Applicable,Not Applicable,At,E.SCOOTER,True,False,126268,UNION (S) AV,SAMARITAN DR/WEST VALLEY FR,37.25054443,-121.9313149
6736,690957,CR-0000097127,1,0,0,0,23-041-0790,False,False,0,2/10/2023 6:04:00 PM,No Pedestrians Involved,Dry,No Unusual Conditions,Dark - Street Light,Violation Driver 1,Controls Functioning,Clear,Head On,Intersection,Other Vehicle,Not Applicable,Not Applicable,At,,False,False,126268,UNION (S) AV,SAMARITAN DR/WEST VALLEY FR,37.25054443,-121.9313149
6737,690160,CR-0000096249,0,0,0,0,22-175-9701,False,True,51,6/23/2022 11:30:00 AM,No Pedestrians Involved,Dry,No Unusual Conditions,Daylight,Violation Driver 1,Unknown,Clear,Sideswipe,Non-Related,Other Vehicle,Not Applicable,Not Applicable,South Of,,False,True,126268,UNION (S) AV,SAMARITAN DR/WEST VALLEY FR,37.25054443,-121.9313149
6738,696235,CR-0000099381,0,0,0,0,23-102-4002,False,True,0,4/12/2023 2:02:00 PM,No Pedestrians Involved,Unknown,Unknown,Unknown,Unknown,Unknown,Unknown,Rear End,Intersection,Other Vehicle,Not Applicable,Not Applicable,At,,False,False,126268,UNION (S) AV,SAMARITAN DR/WEST VALLEY FR,37.25054443,-121.9313149
6739,694531,CR-0000098525,1,0,0,0,23-195-0436,False,False,,7/14/2023 1:08:00 PM,No Pedestrians Involved,Dry,No Unusual Conditions,Daylight,Violation Driver 1,Controls Functioning,Clear,Rear End,Related,Other Vehicle,Not Applicable,Not Applicable,North Of,,True,False,126268,UNION (S) AV,SAMARITAN DR/WEST VALLEY FR,37.25054443,-121.9313149
6740,694758,CR-0000098796,0,1,0,0,23-227-0436,False,False,70,8/15/2023 12:17:00 PM,No Pedestrians Involved,Dry,No Unusual Conditions,Daylight,Violation Driver 1,Controls Functioning,Clear,Rear End,Non-Related,Other Vehicle,Not Applicable,Not Applicable,East Of,,True,False,126268,UNION (S) AV,SAMARITAN DR/WEST VALLEY FR,37.25054443,-121.9313149
6741,690436,CR-0000096538,0,0,0,0,22-311-4001,False,True,0,10/17/2022 10:14:00 AM,No Pedestrians Involved,Unknown,Unknown,Unknown,Unknown,Unknown,Unknown,Sideswipe,Intersection,Parked Vehicle,Not Applicable,Not Applicable,At,,False,True,34308,CASA MIA DR,WILLESTER AV,37.26644704,-121.9342901
6742,711960,CR-0000101511,0,0,0,0,23-135-4005,False,True,660,5/13/2023 8:00:00 PM,No Pedestrians Involved,Unknown,Unknown,Unknown,Unknown,Unknown,Unknown,Rear End,Non-Related,Unknown,Not Applicable,Not Applicable,West Of,,False,True,81817,LANTZ AV,WILLESTER AV,37.26645096,-121.9362225
6743,689281,CR-0000095239,1,0,0,0,22-302-0496,False,False,0,10/29/2022 2:56:00 PM,No Pedestrians Involved,Dry,No Unusual Conditions,Daylight,Violation Driver 1,Controls Functioning,Clear,Head On,Intersection,Other Vehicle,Not Applicable,Not Applicable,At,,False,False,137884,HASSLER PW,SHILOH PL,37.28991647,-121.7894431
6744,690547,CR-0000096668,0,0,0,0,23-016-0888,True,False,38,1/16/2023 10:26:00 PM,No Pedestrians Involved,Dry,No Unusual Conditions,Dark - Street Light,Violation Driver 1,No Controls Present/Factor,Clear,Hit Object,Related,Fixed Object,Not Applicable,Not Applicable,West Of,LIGHT POLE,True,False,137884,HASSLER PW,SHILOH PL,37.28991647,-121.7894431
6745,711996,CR-0000101439,0,0,0,0,23-346-0177,True,False,0,12/12/2023 7:28:00 AM,No Pedestrians Involved,Wet,No Unusual Conditions,Daylight,Violation Driver 1,No Controls Present/Factor,Fog,Hit Object,Intersection,Fixed Object,Not Applicable,Not Applicable,At,LIGHT POLE,True,False,137884,HASSLER PW,SHILOH PL,37.28991647,-121.7894431
6746,685141,CR-0000093810,0,0,0,0,22-233-0736,True,False,0,8/21/2022 6:31:00 PM,No Pedestrians Involved,Dry,No Unusual Conditions,Daylight,Violation Driver 1,Controls Functioning,Clear,Hit Object,Intersection,Fixed Object,Not Applicable,Not Applicable,At,TRAFFIC SIGNAL,True,True,126246,SAMARITAN DR,WEST VALLEY FR,37.25065454,-121.9340066
6747,682860,CR-0000092411,2,0,0,0,22-144-0578,False,False,0,5/24/2022 2:33:00 PM,No Pedestrians Involved,Dry,No Unusual Conditions,Daylight,Violation Driver 1,Controls Functioning,Clear,Broadside,Intersection,Other Vehicle,Not Applicable,Not Applicable,At,,False,False,126246,SAMARITAN DR,WEST VALLEY FR,37.25065454,-121.9340066
6748,694279,CR-0000098036,1,0,0,0,23-114-0345,False,False,386,4/24/2023 11:23:00 AM,No Pedestrians Involved,Dry,No Unusual Conditions,Daylight,Violation Driver 1,No Controls Present/Factor,Clear,Hit Object,Non-Related,Fixed Object,Not Applicable,Not Applicable,West Of,,True,False,126246,SAMARITAN DR,WEST VALLEY FR,37.25065454,-121.9340066
6749,716290,CR-0000102259,1,0,0,0,24-050-0346,False,False,0,2/19/2024 11:29:00 AM,No Pedestrians Involved,Dry,No Unusual Conditions,Daylight,Violation Driver 1,Controls Functioning,Rain,Broadside,Intersection,Other Vehicle,Not Applicable,Not Applicable,At,,False,False,126246,SAMARITAN DR,WEST VALLEY FR,37.25065454,-121.9340066
6750,682578,CR-0000092145,1,0,0,0,22-137-0914,False,False,155,5/17/2022 8:37:00 PM,No Pedestrians Involved,Dry,No Unusual Conditions,Dark - Street Light,Violation Driver 1,No Controls Present/Factor,Clear,Rear End,Non-Related,Motor Vehicle On Other Roadway,Not Applicable,Not Applicable,South Of,,True,False,13881,BASCOM AV,JEWELL DR/SHAMROCK DR,37.26933049,-121.9382986
6751,696471,CR-0000099648,0,0,0,0,23-190-0509,True,False,389,11/15/2023 2:40:00 PM,No Pedestrians Involved,Dry,No Unusual Conditions,Daylight,Violation Driver 1,No Controls Present/Factor,Cloudy,Hit Object,Non-Related,Fixed Object,Not Applicable,Not Applicable,North Of,TREE,False,False,13881,BASCOM AV,JEWELL DR/SHAMROCK DR,37.26933049,-121.9382986
6752,681752,CR-0000091152,0,0,0,0,22-053-0082,True,False,2780,2/22/2022 3:09:00 AM,No Pedestrians Involved,Slippery (Muddy Oily etc.),Loose Material On Roadway,Dark - No Street Light,Violation Driver 1,No Controls Present/Factor,Clear,Overturned,Non-Related,Fixed Object,Not Applicable,Not Applicable,West Of,Speed Sign,True,False,85249,LOS ESTEROS RD,ZANKER RD,37.43437326,-121.9416636
6753,683300,CR-0000092886,0,0,0,0,22-132-0936,False,False,70,5/12/2022 11:37:00 PM,No Pedestrians Involved,Dry,No Unusual Conditions,Dark - Street Light,Violation Driver 1,No Controls Present/Factor,Clear,Sideswipe,Non-Related,Parked Vehicle,Not Applicable,Not Applicable,South Of,,True,True,34935,CASTLETREE CT,FLICKINGER AV,37.39261512,-121.88087
6754,684799,CR-0000093366,2,0,0,0,22-183-0268,False,False,0,7/2/2022 9:07:00 AM,No Pedestrians Involved,Unknown,No Unusual Conditions,Daylight,Violation Driver 1,Controls Functioning,Clear,Rear End,Intersection,Other Vehicle,Not Applicable,Not Applicable,At,,True,True,42460,COMMODORE DR,KING RD/LUNDY AV,37.37103927,-121.8722077
6755,689335,CR-0000095318,0,1,0,0,22-238-0119,True,False,211,11/24/2022 4:33:00 AM,No Pedestrians Involved,Dry,No Unusual Conditions,Daylight,Violation Driver 1,No Controls Present/Factor,Clear,Hit Object,Non-Related,Fixed Object,Not Applicable,Not Applicable,North Of,TREE,True,False,42460,COMMODORE DR,KING RD/LUNDY AV,37.37103927,-121.8722077
6756,719750,CR-0000102923,0,0,0,0,24-020-0236,False,False,88,1/20/2024 1:47:00 AM,No Pedestrians Involved,Wet,No Unusual Conditions,Unknown,Violation Driver 1,No Controls Present/Factor,Cloudy,Rear End,Non-Related,Parked Vehicle,Not Applicable,Not Applicable,East Of,,False,True,42460,COMMODORE DR,KING RD/LUNDY AV,37.37103927,-121.8722077
6757,699166,CR-0000100485,0,0,0,0,23-177-0292,False,False,144,6/26/2023 9:54:00 AM,No Pedestrians Involved,Dry,No Unusual Conditions,Daylight,Violation Driver 1,No Controls Present/Factor,Clear,Sideswipe,Non-Related,Other Vehicle,Not Applicable,Not Applicable,West Of,,False,False,31734,CAPE CANAVERAL PL,COMMODORE DR,37.37118791,-121.8708333
6758,712059,CR-0000101400,0,0,0,0,23-321-0910,False,False,0,11/17/2023 11:04:00 PM,No Pedestrians Involved,Wet,No Unusual Conditions,Dark - Street Light,Violation Driver 1,Unknown,Rain,Hit Object,Intersection,Fixed Object,Not Applicable,Not Applicable,At,,True,True,31712,CAPE BUFFALO DR,COMMODORE DR,37.37116037,-121.8696028
6759,681185,CR-0000090573,0,0,0,0,22-002-0120,False,False,141,1/2/2022 1:30:00 AM,No Pedestrians Involved,Dry,No Unusual Conditions,Dark - No Street Light,Violation Driver 1,No Controls Present/Factor,Clear,Rear End,Non-Related,Parked Vehicle,Not Applicable,Not Applicable,South Of,,False,False,25464,BRISTOLWOOD LN,TULIPWOOD LN,37.41769151,-121.8687575
6760,697565,CR-0000099776,0,0,0,0,23-142-0783,False,False,90,5/22/2023 4:00:00 PM,No Pedestrians Involved,Dry,No Unusual Conditions,Daylight,Violation Driver 1,No Controls Present/Factor,Clear,Head On,Non-Related,Parked Vehicle,Not Applicable,Not Applicable,South Of,,True,True,32086,CAPEWOOD LN,JUNEWOOD AV,37.41037769,-121.8763392
6761,691327,CR-0000097574,0,0,0,0,23-063-4002,False,True,0,3/3/2023 1:15:00 AM,No Pedestrians Involved,Unknown,Unknown,Unknown,Unknown,Unknown,Unknown,Other,Intersection,Parked Vehicle,Not Applicable,Not Applicable,At,,False,False,32086,CAPEWOOD LN,JUNEWOOD AV,37.41037769,-121.8763392
6762,716006,CR-0000101863,0,0,0,0,23-154-4000,False,True,50,5/22/2023 4:00:00 PM,No Pedestrians Involved,Unknown,Unknown,Unknown,Unknown,Unknown,Unknown,Other,Related,Other Vehicle,Not Applicable,Not Applicable,South Of,,False,True,32086,CAPEWOOD LN,JUNEWOOD AV,37.41037769,-121.8763392
6763,696136,CR-0000099278,0,0,0,0,23-236-1065,True,False,55,8/25/2023 12:00:00 AM,No Pedestrians Involved,Dry,No Unusual Conditions,Dark - Street Light,Violation Driver 1,No Controls Present/Factor,Clear,Hit Object,Non-Related,Fixed Object,Not Applicable,Not Applicable,South Of,TREE,False,True,81575,LANEVIEW DR,WARMWOOD LN,37.41498945,-121.8711262
6764,711927,CR-0000101559,0,0,0,0,23-361-0774,False,False,0,12/27/2023 7:26:00 PM,No Pedestrians Involved,Wet,No Unusual Conditions,Dark - Street Light,Violation Driver 1,Controls Functioning,Rain,Broadside,Intersection,Other Vehicle,Not Applicable,Not Applicable,At,,True,True,32120,CAPEWOOD LN,TREEWOOD LN,37.41414558,-121.8689112
6765,681770,CR-0000091170,1,0,0,0,22-043-0274,False,False,0,2/12/2022 9:59:00 AM,No Pedestrians Involved,Dry,No Unusual Conditions,Daylight,Violation Driver 1,Controls Functioning,Clear,Broadside,Intersection,Other Vehicle,Not Applicable,Not Applicable,At,,False,False,19337,BLANEY AV,DANRIDGE DR,37.30336023,-122.0236921