_id,CrashFactId,Name,MinorInjuries,ModerateInjuries,SevereInjuries,FatalInjuries,TcrNumber,CityDamageFlag,ShortFormFlag,Distance,CrashDateTime,PedestrianAction,RoadwaySurface,RoadwayCondition,Lighting,PrimaryCollisionFactor,TrafficControl,Weather,CollisionType,ProximityToIntersection,VehicleInvolvedWith,PedestrianDirectionFrom,PedestrianDirectionTo,DirectionFromIntersection,Comment,SpeedingFlag,HitAndRunFlag,IntersectionNumber,AStreetName,BStreetName,Latitude,Longitude
6766,719506,CR-0000102626,1,0,0,0,24-091-0182,False,False,408,3/31/2024 4:47:00 AM,No Pedestrians Involved,Dry,No Unusual Conditions,Dark - No Street Light,Violation Driver 1,No Controls Present/Factor,Clear,Broadside,Non-Related,Other Vehicle,Not Applicable,Not Applicable,South Of,,True,False,50764,DEVCON DR,ZANKER RD,37.37578777,-121.9115906
6767,717455,CR-0000102479,1,0,0,0,24-079-0400,False,False,154,3/19/2024 12:40:00 PM,No Pedestrians Involved,Dry,No Unusual Conditions,Daylight,Violation Driver 1,No Controls Present/Factor,Clear,Broadside,Non-Related,Other Vehicle,Not Applicable,Not Applicable,South Of,,False,False,97998,OTOOLE AV,RINCON CI,37.39742913,-121.9120152
6768,689021,CR-0000094881,0,0,0,0,22-285-0007,False,False,0,10/12/2022 12:07:00 AM,No Pedestrians Involved,Dry,No Unusual Conditions,Dark - Street Light,Violation Driver 1,Controls Functioning,Clear,Rear End,Intersection,Parked Vehicle,Not Applicable,Not Applicable,At,,False,False,61050,FLICKINGER AV,GOLDENTREE DR/SILVERTREE DR,37.39320085,-121.8815176
6769,711550,CR-0000101215,0,0,0,0,23-312-0217,False,True,36,11/8/2023 8:44:00 AM,No Pedestrians Involved,Dry,No Unusual Conditions,Daylight,Violation Driver 1,No Controls Present/Factor,Clear,Broadside,Related,Other Vehicle,Not Applicable,Not Applicable,North Of,,False,False,107689,DE ANZA BL,WILD FLOWER WY,37.29835941,-122.0322506
6770,689973,CR-0000096010,1,0,0,0,22-222-0597,False,False,0,8/8/2022 3:19:00 PM,No Pedestrians Involved,Dry,No Unusual Conditions,Daylight,Violation Driver 1,Controls Functioning,Clear,Broadside,Intersection,Other Vehicle,Not Applicable,Not Applicable,At,,False,False,104576,DE ANZA BL,ROLLINGDELL DR/VIA VICO,37.30606581,-122.0322568
6771,711889,CR-0000101186,0,0,0,0,23-305-9711,False,True,0,11/1/2023 1:45:00 PM,No Pedestrians Involved,Dry,No Unusual Conditions,Daylight,Unknown,Controls Functioning,Clear,Other,Intersection,Other Vehicle,Not Applicable,Not Applicable,At,,False,False,104576,DE ANZA BL,ROLLINGDELL DR/VIA VICO,37.30606581,-122.0322568
6772,716102,CR-0000102045,2,0,0,0,24-017-0711,True,False,18,1/17/2024 6:05:00 PM,No Pedestrians Involved,Wet,No Unusual Conditions,Dark - Street Light,Violation Driver 1,No Controls Present/Factor,Clear,Broadside,Related,Other Vehicle,Not Applicable,Not Applicable,North Of,STOP SIGN,False,False,104576,DE ANZA BL,ROLLINGDELL DR/VIA VICO,37.30606581,-122.0322568
6773,712186,CR-0000101617,0,0,0,0,23-300-0404,False,False,0,12/27/2023 12:10:00 PM,No Pedestrians Involved,Dry,No Unusual Conditions,Daylight,Violation Driver 1,Controls Functioning,Clear,Sideswipe,Intersection,Other Vehicle,Not Applicable,Not Applicable,At,,False,True,104576,DE ANZA BL,ROLLINGDELL DR/VIA VICO,37.30606581,-122.0322568
6774,719610,CR-0000102768,0,0,0,0,23-088-9701,False,True,0,3/28/2023 4:50:00 PM,No Pedestrians Involved,Wet,No Unusual Conditions,Daylight,Unknown,Controls Functioning,Rain,Sideswipe,Intersection,Other Vehicle,Not Applicable,Not Applicable,At,,False,False,104576,DE ANZA BL,ROLLINGDELL DR/VIA VICO,37.30606581,-122.0322568
6775,681869,CR-0000091350,0,1,0,0,22-062-0598,False,False,25,3/3/2022 2:43:00 PM,In Road - Includes Shoulder,Wet,No Unusual Conditions,Daylight,Violation Driver 1,Controls Functioning,Rain,Vehicle/Pedestrian,Related,Pedestrian,South,North,South Of,PEDESTRIAN,True,False,20734,BLUE HILL DR,DE ANZA BL,37.30455529,-122.0322509
6776,690041,CR-0000096113,0,0,0,0,22-189-9704,False,True,0,7/8/2022 11:30:00 AM,No Pedestrians Involved,Dry,No Unusual Conditions,Daylight,Unknown,Controls Functioning,Clear,Rear End,Intersection,Other Vehicle,Not Applicable,Not Applicable,At,,False,False,20734,BLUE HILL DR,DE ANZA BL,37.30455529,-122.0322509
6777,692426,CR-0000097709,1,0,0,0,23-082-0946,True,False,0,3/23/2023 10:21:00 PM,No Pedestrians Involved,Wet,No Unusual Conditions,Dark - Street Light,Violation Driver 1,No Controls Present/Factor,Unknown,Hit Object,Intersection,Fixed Object,Not Applicable,Not Applicable,At,TREE,True,False,20734,BLUE HILL DR,DE ANZA BL,37.30455529,-122.0322509
6778,699425,CR-0000100759,1,0,0,0,23-315-0658,True,False,0,11/11/2023 6:50:00 PM,No Pedestrians Involved,Dry,No Unusual Conditions,Dark - Street Light,Violation Driver 1,No Controls Present/Factor,Clear,Hit Object,Intersection,Fixed Object,Not Applicable,Not Applicable,At,TREE,True,False,20734,BLUE HILL DR,DE ANZA BL,37.30455529,-122.0322509
6779,685271,CR-0000093951,1,0,0,0,22-211-0769,False,False,0,7/30/2022 6:21:00 PM,No Pedestrians Involved,Dry,No Unusual Conditions,Daylight,Violation Driver 1,Controls Functioning,Clear,Rear End,Intersection,Other Vehicle,Not Applicable,Not Applicable,At,,True,False,78880,DE ANZA BL,KENTWOOD AV,37.30379483,-122.0322489
6780,691116,CR-0000097312,0,0,0,0,23-048-9735,False,True,0,2/17/2023 12:40:00 PM,No Pedestrians Involved,Dry,No Unusual Conditions,Daylight,Unknown,Controls Functioning,Clear,Rear End,Intersection,Other Vehicle,Not Applicable,Not Applicable,At,,False,False,78880,DE ANZA BL,KENTWOOD AV,37.30379483,-122.0322489
6781,690565,CR-0000096686,0,1,0,0,23-023-0314,True,False,40,1/23/2023 9:29:00 AM,No Pedestrians Involved,Dry,No Unusual Conditions,Daylight,Violation Driver 1,Controls Functioning,Clear,Sideswipe,Related,Other Vehicle,Not Applicable,Not Applicable,South Of,TREE,True,False,78880,DE ANZA BL,KENTWOOD AV,37.30379483,-122.0322489
6782,711636,CR-0000101565,0,0,0,0,23-358-0176,True,False,72,12/24/2023 4:45:00 AM,No Pedestrians Involved,Dry,No Unusual Conditions,Dark - Street Light,Violation Driver 1,Controls Functioning,Clear,Hit Object,Non-Related,Fixed Object,Not Applicable,Not Applicable,North Of,LIGHTPOLE,False,True,78880,DE ANZA BL,KENTWOOD AV,37.30379483,-122.0322489
6783,719536,CR-0000102665,1,0,0,0,24-079-0595,False,False,100,3/19/2024 2:47:00 PM,No Pedestrians Involved,Dry,No Unusual Conditions,Daylight,Violation Driver 1,Controls Functioning,Clear,Rear End,Non-Related,Other Vehicle,Not Applicable,Not Applicable,South Of,,False,False,78880,DE ANZA BL,KENTWOOD AV,37.30379483,-122.0322489
6784,716312,CR-0000102304,1,0,0,0,24-059-0692,False,False,0,2/28/2024 4:10:00 PM,No Pedestrians Involved,Dry,No Unusual Conditions,Daylight,Violation Driver 1,No Controls Present/Factor,Clear,Broadside,Intersection,Other Vehicle,Not Applicable,Not Applicable,At,,False,False,123155,RUBY AV,VINTAGE ACRES WY,37.3180908,-121.7761403
6785,684977,CR-0000093632,0,0,0,0,22-203-0055,False,False,280,7/22/2022 1:48:00 AM,No Pedestrians Involved,Dry,No Unusual Conditions,Dark - Street Light,Violation Driver 1,No Controls Present/Factor,Clear,Hit Object,Non-Related,Fixed Object,Not Applicable,Not Applicable,South Of,HYDRANT,True,True,97206,OLD BAYSHORE HW,ZANKER RD,37.36983663,-121.9099398
6786,690484,CR-0000096594,0,0,0,0,22-244-9706,False,True,51,12/24/2022 1:30:00 PM,No Pedestrians Involved,Unknown,Other,Daylight,Unknown,No Controls Present/Factor,Other,Rear End,Non-Related,Other Object,Not Applicable,Not Applicable,Unknown,,False,False,97206,OLD BAYSHORE HW,ZANKER RD,37.36983663,-121.9099398
6787,699029,CR-0000100335,2,0,0,0,23-303-9712,False,False,51,10/30/2023 12:30:00 PM,No Pedestrians Involved,Dry,No Unusual Conditions,Daylight,Unknown,Controls Functioning,Clear,Broadside,Non-Related,Other Vehicle,Not Applicable,Not Applicable,Unknown,,False,False,97206,OLD BAYSHORE HW,ZANKER RD,37.36983663,-121.9099398
6788,720893,CR-0000103097,0,0,0,0,24-058-4001,False,True,51,2/14/2024 5:41:00 PM,No Pedestrians Involved,Unknown,Unknown,Unknown,Unknown,Unknown,Unknown,Sideswipe,Non-Related,Other Vehicle,Not Applicable,Not Applicable,Unknown,,False,False,97206,OLD BAYSHORE HW,ZANKER RD,37.36983663,-121.9099398
6789,681750,CR-0000091150,0,0,1,0,22-052-0654,False,False,210,2/21/2022 6:32:00 PM,No Pedestrians Involved,Dry,No Unusual Conditions,Dark - Street Light,Violation Driver 1,No Controls Present/Factor,Clear,Sideswipe,Non-Related,Other Vehicle,Not Applicable,Not Applicable,North Of,,False,False,61104,FLICKINGER AV,LOWNEY WY,37.38707549,-121.8749986
6790,681873,CR-0000091354,0,0,0,0,22-119-4000,False,True,51,2/14/2022 10:22:00 PM,No Pedestrians Involved,Unknown,Unknown,Dark - Street Light,Unknown,No Controls Present/Factor,Unknown,Sideswipe,Non-Related,Parked Vehicle,Not Applicable,Not Applicable,West Of,,False,True,16444,BEN LOMOND WY,LOCH NESS WY,37.30666791,-121.8062642
6791,690375,CR-0000096470,0,0,0,0,22-140-4000,False,True,51,5/19/2022 7:15:00 AM,No Pedestrians Involved,Unknown,Unknown,Unknown,Unknown,Unknown,Unknown,Sideswipe,Non-Related,Parked Vehicle,Not Applicable,Not Applicable,East Of,,False,True,16444,BEN LOMOND WY,LOCH NESS WY,37.30666791,-121.8062642
6792,684837,CR-0000093457,0,1,0,0,22-209-0620,False,False,60,7/25/2022 4:44:00 PM,No Pedestrians Involved,Dry,No Unusual Conditions,Daylight,Violation Driver 1,Controls Functioning,Clear,Rear End,Non-Related,Motorcycle,Not Applicable,Not Applicable,North Of,,True,False,33241,CARDOZA CT,PIEDMONT RD,37.40996826,-121.8525389
6793,694328,CR-0000098272,1,0,0,0,23-181-0865,False,False,0,6/30/2023 9:01:00 PM,No Pedestrians Involved,Dry,No Unusual Conditions,Dusk - Dawn,Violation Driver 1,No Controls Present/Factor,Clear,Vehicle/Bike,Intersection,Bike,Not Applicable,Not Applicable,At,BIKE,False,False,59597,FIFE WY,PIEDMONT RD,37.41086549,-121.8531098
6794,682932,CR-0000092521,0,0,0,0,22-163-9702,False,True,0,6/9/2022 4:08:00 PM,No Pedestrians Involved,Dry,No Unusual Conditions,Daylight,Unknown,Controls Functioning,Clear,Rear End,Intersection,Other Vehicle,Not Applicable,Not Applicable,At,,False,False,81510,LANDESS AV,MORRILL AV,37.41602703,-121.8750339
6795,681985,CR-0000091494,2,0,0,0,22-061-0199,True,False,275,3/2/2022 8:23:00 AM,No Pedestrians Involved,Dry,No Unusual Conditions,Daylight,Violation Driver 1,No Controls Present/Factor,Clear,Head On,Non-Related,Fixed Object,Not Applicable,Not Applicable,North Of,light pole,False,False,81510,LANDESS AV,MORRILL AV,37.41602703,-121.8750339
6796,694308,CR-0000098216,0,0,0,1,23-236-0940,False,False,0,8/24/2023 9:24:00 PM,Crossing In Crosswalk - At Intersection,Dry,No Unusual Conditions,Dark - Street Light,Pedestrian At Fault,Controls Functioning,Clear,Vehicle/Pedestrian,Intersection,Pedestrian,North,South,At,,False,False,81510,LANDESS AV,MORRILL AV,37.41602703,-121.8750339
6797,711580,CR-0000101456,0,0,0,0,23-252-4001,False,True,51,9/7/2023 3:41:00 PM,No Pedestrians Involved,Unknown,Unknown,Unknown,Unknown,Unknown,Unknown,Other,Non-Related,Other Vehicle,Not Applicable,Not Applicable,Unknown,,False,False,81510,LANDESS AV,MORRILL AV,37.41602703,-121.8750339
6798,712152,CR-0000101027,0,0,0,0,23-251-0996,False,False,0,9/8/2023 11:01:00 PM,No Pedestrians Involved,Dry,No Unusual Conditions,Dark - Street Light,Violation Driver 1,Controls Functioning,Clear,Broadside,Intersection,Other Vehicle,Not Applicable,Not Applicable,At,,False,True,81510,LANDESS AV,MORRILL AV,37.41602703,-121.8750339
6799,683169,CR-0000092760,0,0,0,0,22-134-4001,False,True,51,5/13/2022 3:45:00 AM,No Pedestrians Involved,Unknown,Unknown,Unknown,Unknown,Unknown,Unknown,Rear End,Non-Related,Other Vehicle,Not Applicable,Not Applicable,North Of,,False,False,116775,GUADALUPE PW,O NEL DR/ORCHARD PW,37.3773399,-121.9251922
6800,683372,CR-0000092963,0,0,1,0,22-178-0217,False,False,0,6/27/2022 8:55:00 AM,No Pedestrians Involved,Dry,No Unusual Conditions,Daylight,Violation Driver 1,Controls Functioning,Clear,Head On,Intersection,Other Vehicle,Not Applicable,Not Applicable,At,,False,False,116775,GUADALUPE PW,O NEL DR/ORCHARD PW,37.3773399,-121.9251922
6801,682242,CR-0000091807,0,0,0,0,22-122-0440,False,False,0,5/2/2022 1:11:00 PM,No Pedestrians Involved,Dry,No Unusual Conditions,Daylight,Violation Driver 1,No Controls Present/Factor,Clear,Broadside,Intersection,Other Vehicle,Not Applicable,Not Applicable,At,,True,True,16433,BEN LOMOND WY,DANIEL MALONEY DR,37.30603827,-121.8058429
6802,684953,CR-0000093637,1,0,0,0,22-235-0702,False,False,0,8/23/2022 3:16:00 PM,No Pedestrians Involved,Dry,No Unusual Conditions,Daylight,Violation Driver 1,Controls Functioning,Clear,Rear End,Intersection,Other Vehicle,Not Applicable,Not Applicable,At,,True,False,80332,KNIGHTS BRIDGE RD,MORRILL AV,37.40432409,-121.8667632
6803,689424,CR-0000095360,0,0,0,1,23-041-0140,False,False,0,2/10/2023 5:36:00 AM,Crossing - Not In Crosswalk,Dry,No Unusual Conditions,Dark - Street Light,Unknown,No Controls Present/Factor,Clear,Vehicle/Pedestrian,Intersection,Pedestrian,East,West,At,PED (Initially thought vehicle 2 had hit the pedestrian),False,True,80332,KNIGHTS BRIDGE RD,MORRILL AV,37.40432409,-121.8667632
6804,682753,CR-0000092335,1,1,0,0,22-139-0258,False,False,0,5/19/2022 8:51:00 AM,No Pedestrians Involved,Dry,No Unusual Conditions,Daylight,Violation Driver 1,Controls Functioning,Clear,Broadside,Intersection,Other Vehicle,Not Applicable,Not Applicable,At,,False,False,25871,AIRPORT PW,GATEWAY PL/TECHNOLOGY DR,37.37039587,-121.9214149
6805,694080,CR-0000097929,0,0,0,0,23-109-0867,False,False,0,4/19/2023 9:46:00 PM,No Pedestrians Involved,Dry,No Unusual Conditions,Dark - Street Light,Violation Driver 1,Controls Functioning,Clear,Rear End,Intersection,Other Vehicle,Not Applicable,Not Applicable,At,,False,True,25871,AIRPORT PW,GATEWAY PL/TECHNOLOGY DR,37.37039587,-121.9214149
6806,699188,CR-0000100508,0,0,0,0,23-178-0253,False,False,0,6/27/2023 8:00:00 AM,No Pedestrians Involved,Dry,No Unusual Conditions,Daylight,Violation Driver 1,Controls Functioning,Clear,Broadside,Intersection,Other Vehicle,Not Applicable,Not Applicable,At,,True,True,25871,AIRPORT PW,GATEWAY PL/TECHNOLOGY DR,37.37039587,-121.9214149
6807,694742,CR-0000098780,1,0,0,0,23-226-0935,False,False,166,8/14/2023 9:26:00 PM,No Pedestrians Involved,Dry,No Unusual Conditions,Dark - Street Light,Violation Driver 1,Unknown,Clear,Head On,Non-Related,Other Vehicle,Not Applicable,Not Applicable,South Of,,False,False,25871,AIRPORT PW,GATEWAY PL/TECHNOLOGY DR,37.37039587,-121.9214149
6808,683218,CR-0000092790,0,0,0,0,22-103-4002,False,True,0,4/12/2022 8:02:00 PM,No Pedestrians Involved,Unknown,Unknown,Unknown,Unknown,Unknown,Unknown,Rear End,Intersection,Other Vehicle,Not Applicable,Not Applicable,At,,False,False,60301,FIRST ST,KARINA CT,37.37543809,-121.9198643
6809,722167,CR-0000103433,0,0,0,0,24-075-0437,False,False,0,3/15/2024 1:32:00 PM,No Pedestrians Involved,Dry,No Unusual Conditions,Daylight,Violation Driver 1,Controls Functioning,Clear,Broadside,Intersection,Train,Not Applicable,Not Applicable,At,VTA TRAIN,False,False,60301,FIRST ST,KARINA CT,37.37543809,-121.9198643
6810,683191,CR-0000092800,0,0,0,0,22-114-4003,False,True,,4/24/2022 10:22:00 PM,No Pedestrians Involved,Unknown,Unknown,Unknown,Unknown,Unknown,Unknown,Other,Related,Other Vehicle,Not Applicable,Not Applicable,South Of,,False,False,67320,GOLD ST,TAYLOR ST,37.4261752,-121.9760822
6811,681952,CR-0000091461,4,0,0,0,22-085-0843,False,False,32,3/26/2022 9:15:00 PM,No Pedestrians Involved,Dry,No Unusual Conditions,Dark - Street Light,Violation Driver 1,Controls Functioning,Clear,Head On,Related,Other Vehicle,Not Applicable,Not Applicable,West Of,,False,False,117182,TASMAN DR,ZANKER RD,37.41250853,-121.9371576
6812,685102,CR-0000093774,1,1,0,0,22-226-0868,False,False,0,8/14/2022 9:02:00 PM,No Pedestrians Involved,Dry,No Unusual Conditions,Dark - Street Light,Violation Driver 1,Controls Functioning,Clear,Broadside,Intersection,Motor Vehicle On Other Roadway,Not Applicable,Not Applicable,At,,True,False,117182,TASMAN DR,ZANKER RD,37.41250853,-121.9371576
6813,698748,CR-0000100000,1,0,0,0,23-261-0777,False,False,85,9/18/2023 6:41:00 PM,No Pedestrians Involved,Dry,No Unusual Conditions,Daylight,Bike At Fault,No Controls Present/Factor,Clear,Vehicle/Bike,Non-Related,Bike,Not Applicable,Not Applicable,North Of,BIKE,True,False,117182,TASMAN DR,ZANKER RD,37.41250853,-121.9371576
6814,694200,CR-0000098039,1,1,1,0,23-114-0008,False,False,0,4/24/2023 12:07:00 AM,No Pedestrians Involved,Dry,No Unusual Conditions,Dark - Street Light,Violation Driver 1,Controls Functioning,Clear,Broadside,Intersection,Other Vehicle,Not Applicable,Not Applicable,At,,False,False,117182,TASMAN DR,ZANKER RD,37.41250853,-121.9371576
6815,698956,CR-0000100258,1,0,0,0,23-305-0735,False,False,25,11/1/2023 5:15:00 PM,No Pedestrians Involved,Dry,No Unusual Conditions,Daylight,Violation Driver 1,No Controls Present/Factor,Clear,Rear End,Related,Other Vehicle,Not Applicable,Not Applicable,North Of,,True,False,116137,BAYPOINTE PW,ZANKER RD,37.41566579,-121.9382381
6816,683027,CR-0000092626,0,0,0,0,22-167-0434,False,False,0,6/16/2022 1:45:00 PM,No Pedestrians Involved,Dry,Construction - Repair Zone,Daylight,Violation Driver 1,Controls Functioning,Clear,Sideswipe,Intersection,Other Vehicle,Not Applicable,Not Applicable,At,,False,True,26729,BUCKNALL RD,QUITO RD,37.2832894,-121.994392
6817,681997,CR-0000091506,0,1,0,0,22-078-0293,False,False,200,3/19/2022 10:40:00 AM,No Pedestrians Involved,Wet,No Unusual Conditions,Daylight,Violation Driver 1,No Controls Present/Factor,Cloudy,Rear End,Non-Related,Other Vehicle,Not Applicable,Not Applicable,South Of,,True,False,26729,BUCKNALL RD,QUITO RD,37.2832894,-121.994392
6818,719574,CR-0000102721,1,0,0,0,23-174-0449,False,False,166,6/23/2023 12:42:00 PM,No Pedestrians Involved,Dry,No Unusual Conditions,Daylight,Violation Driver 1,No Controls Present/Factor,Clear,Rear End,Non-Related,Parked Vehicle,Not Applicable,Not Applicable,East Of,,False,False,70608,HARRIS AV,ST LAWRENCE DR,37.27723094,-121.9275745
6819,711980,CR-0000101199,0,0,0,0,23-307-1013,False,False,60,11/3/2023 10:35:00 PM,No Pedestrians Involved,Dry,No Unusual Conditions,Dark - Street Light,Violation Driver 1,No Controls Present/Factor,Clear,Sideswipe,Non-Related,Parked Vehicle,Not Applicable,Not Applicable,South Of,,True,False,56066,ELLA DR,SNOW DR,37.27016864,-121.8038476
6820,692398,CR-0000097681,0,0,0,0,23-080-0783,False,False,0,3/21/2023 7:54:00 PM,No Pedestrians Involved,Wet,No Unusual Conditions,Dark - Street Light,Violation Driver 1,No Controls Present/Factor,Rain,Hit Object,Intersection,Fixed Object,Not Applicable,Not Applicable,At,,True,False,24408,BRAXTON DR,RAHWAY DR,37.27533741,-121.8095315
6821,682595,CR-0000092162,0,0,0,0,22-132-9709,False,False,95,5/7/2022 2:15:00 PM,No Pedestrians Involved,Dry,No Unusual Conditions,Daylight,Unknown,No Controls Present/Factor,Clear,Broadside,Non-Related,Parked Vehicle,Not Applicable,Not Applicable,North Of,,False,False,79155,KEYMAR DR,LADNER DR,37.24909356,-121.8294889
6822,694286,CR-0000097954,1,0,0,0,23-077-0436,True,False,27,3/18/2023 3:19:00 PM,No Pedestrians Involved,Dry,No Unusual Conditions,Daylight,Violation Driver 1,Controls Functioning,Clear,Hit Object,Related,Fixed Object,Not Applicable,Not Applicable,West Of,STOP SIGN,True,False,112705,UNION AV,WILLESTER AV,37.26646085,-121.9314647
6823,716207,CR-0000102185,0,0,1,0,24-040-0188,False,False,0,2/9/2024 8:05:00 AM,No Pedestrians Involved,Dry,No Unusual Conditions,Daylight,Violation Driver 1,No Controls Present/Factor,Clear,Vehicle/Bike,Intersection,Bike,Not Applicable,Not Applicable,At,BIKE,False,False,112705,UNION AV,WILLESTER AV,37.26646085,-121.9314647
6824,682820,CR-0000092394,0,1,1,0,22-133-0900,False,False,135,5/13/2022 11:00:00 PM,No Pedestrians Involved,Dry,No Unusual Conditions,Dark - Street Light,Violation Driver 1,No Controls Present/Factor,Clear,Broadside,Non-Related,Other Vehicle,Not Applicable,Not Applicable,North Of,,False,False,30502,CAMDEN AV,UNION AV,37.2617424,-121.9314108
6825,681455,CR-0000090845,0,0,0,0,22-030-4000,False,True,,1/28/2022 5:40:00 PM,No Pedestrians Involved,Unknown,Unknown,Daylight,Unknown,Unknown,Unknown,Sideswipe,Related,Other Vehicle,Not Applicable,Not Applicable,Unknown,,False,False,30502,CAMDEN AV,UNION AV,37.2617424,-121.9314108
6826,692492,CR-0000097780,0,0,0,0,23-074-0973,False,False,0,3/15/2023 7:00:00 PM,No Pedestrians Involved,Dry,No Unusual Conditions,Daylight,Violation Driver 1,Controls Functioning,Clear,Rear End,Intersection,Other Vehicle,Not Applicable,Not Applicable,At,,True,True,30502,CAMDEN AV,UNION AV,37.2617424,-121.9314108
6827,690869,CR-0000097011,0,1,0,0,23-021-0305,False,False,234,1/21/2023 11:04:00 AM,No Pedestrians Involved,Dry,No Unusual Conditions,Daylight,Violation Driver 1,Controls Functioning,Clear,Rear End,Non-Related,Other Vehicle,Not Applicable,Not Applicable,South Of,,True,False,30502,CAMDEN AV,UNION AV,37.2617424,-121.9314108
6828,690557,CR-0000096678,0,0,0,0,23-005-0393,False,False,0,1/5/2023 12:15:00 PM,No Pedestrians Involved,Wet,No Unusual Conditions,Daylight,Violation Driver 1,Controls Functioning,Rain,Rear End,Intersection,Other Vehicle,Not Applicable,Not Applicable,At,,False,False,30502,CAMDEN AV,UNION AV,37.2617424,-121.9314108
6829,690116,CR-0000096212,0,0,0,0,22-342-0552,False,False,84,12/8/2022 3:52:00 PM,No Pedestrians Involved,Dry,No Unusual Conditions,Daylight,Violation Driver 1,Controls Functioning,Cloudy,Rear End,Non-Related,Other Vehicle,Not Applicable,Not Applicable,South Of,,True,True,30502,CAMDEN AV,UNION AV,37.2617424,-121.9314108
6830,689770,CR-0000095793,1,0,0,0,22-165-0918,False,False,0,6/14/2022 8:57:00 PM,No Pedestrians Involved,Dry,No Unusual Conditions,Dark - Street Light,Violation Driver 1,Controls Functioning,Clear,Rear End,Intersection,Other Vehicle,Not Applicable,Not Applicable,At,,False,True,30502,CAMDEN AV,UNION AV,37.2617424,-121.9314108
6831,699019,CR-0000100324,1,0,0,0,23-294-0312,False,False,69,10/21/2023 10:15:00 AM,No Pedestrians Involved,Dry,No Unusual Conditions,Daylight,Violation Driver 1,No Controls Present/Factor,Clear,Rear End,Non-Related,Motor Vehicle On Other Roadway,Not Applicable,Not Applicable,East Of,,False,False,30502,CAMDEN AV,UNION AV,37.2617424,-121.9314108
6832,699231,CR-0000100552,0,0,0,0,23-165-4002,False,True,,6/13/2023 8:32:00 PM,No Pedestrians Involved,Unknown,Unknown,Unknown,Unknown,Unknown,Unknown,Other,Related,Other Vehicle,Not Applicable,Not Applicable,Unknown,,False,False,30502,CAMDEN AV,UNION AV,37.2617424,-121.9314108
6833,717440,CR-0000102464,1,1,0,0,24-082-0190,False,False,0,3/22/2024 7:33:00 AM,No Pedestrians Involved,Dry,No Unusual Conditions,Daylight,Violation Driver 1,Controls Functioning,Clear,Broadside,Intersection,Other Vehicle,Not Applicable,Not Applicable,At,,False,False,30502,CAMDEN AV,UNION AV,37.2617424,-121.9314108
6834,711539,CR-0000100988,0,0,0,0,23-247-9701,False,True,0,9/3/2023 8:00:00 PM,No Pedestrians Involved,Dry,No Unusual Conditions,Dark - Street Light,Unknown,Controls Functioning,Clear,Sideswipe,Intersection,Other Vehicle,Not Applicable,Not Applicable,At,,False,False,30502,CAMDEN AV,UNION AV,37.2617424,-121.9314108
6835,715864,CR-0000101804,0,0,0,0,23-137-0788,False,False,,5/17/2023 6:35:00 PM,No Pedestrians Involved,Dry,No Unusual Conditions,Daylight,Violation Driver 1,Controls Functioning,Clear,Sideswipe,Related,Other Vehicle,Not Applicable,Not Applicable,North Of,,False,False,30502,CAMDEN AV,UNION AV,37.2617424,-121.9314108
6836,722478,CR-0000103765,0,0,0,1,24-257-0981,False,False,620,9/13/2024 11:55:00 PM,In Road - Includes Shoulder,Dry,No Unusual Conditions,Dark - Street Light,Violation Driver 1,No Controls Present/Factor,Clear,Vehicle/Pedestrian,Non-Related,Pedestrian,No Direction (Not Walking),No Direction (Not Walking),East Of,"A passenger fell out of a truck while the driver was doing ""donuts"" in the parking lot of 14900 Camden Av and ran over the passenger that fell out of the truck while doing ""donuts"" (private property)",False,False,30502,CAMDEN AV,UNION AV,37.2617424,-121.9314108
6837,681966,CR-0000091475,1,1,0,0,22-060-0573,False,False,94,3/1/2022 3:00:00 PM,No Pedestrians Involved,Dry,No Unusual Conditions,Daylight,Violation Driver 1,No Controls Present/Factor,Clear,Head On,Non-Related,Other Vehicle,Not Applicable,Not Applicable,East Of,,False,False,100396,PETAL WY,RAINBOW DR,37.3012367,-122.0118053
6838,722372,CR-0000103666,0,0,0,0,24-096-0064,True,False,162,4/4/2024 11:30:00 PM,No Pedestrians Involved,Wet,No Unusual Conditions,Dark - Street Light,Violation Driver 1,No Controls Present/Factor,Rain,Hit Object,Non-Related,Fixed Object,Not Applicable,Not Applicable,South Of,,True,False,1605,ADAGIO WY,COYOTE RD,37.27727842,-121.811167
6839,716200,CR-0000102178,0,0,1,0,24-056-0283,False,False,102,2/25/2024 9:24:00 AM,No Pedestrians Involved,Dry,Loose Material On Roadway,Daylight,Violation Driver 1,Controls Functioning,Clear,Hit Object,Non-Related,Fixed Object,Not Applicable,Not Applicable,South Of,SIDEWALK,True,False,1605,ADAGIO WY,COYOTE RD,37.27727842,-121.811167
6840,683386,CR-0000092979,0,0,0,0,22-179-0703,False,False,144,6/29/2022 5:18:00 PM,No Pedestrians Involved,Dry,No Unusual Conditions,Daylight,Violation Driver 1,No Controls Present/Factor,Clear,Sideswipe,Non-Related,Other Vehicle,Not Applicable,Not Applicable,North Of,See also 22-179-0675,False,True,86426,LYRIC LN,RIVER VIEW DR,37.27569741,-121.8139461