_id,CrashFactId,Name,MinorInjuries,ModerateInjuries,SevereInjuries,FatalInjuries,TcrNumber,CityDamageFlag,ShortFormFlag,Distance,CrashDateTime,PedestrianAction,RoadwaySurface,RoadwayCondition,Lighting,PrimaryCollisionFactor,TrafficControl,Weather,CollisionType,ProximityToIntersection,VehicleInvolvedWith,PedestrianDirectionFrom,PedestrianDirectionTo,DirectionFromIntersection,Comment,SpeedingFlag,HitAndRunFlag,IntersectionNumber,AStreetName,BStreetName,Latitude,Longitude
6841,711531,CR-0000101291,0,0,0,0,23-215-4001,False,True,0,7/23/2023 2:00:00 PM,No Pedestrians Involved,Unknown,Unknown,Unknown,Unknown,Unknown,Unknown,Other,Intersection,Parked Vehicle,Not Applicable,Not Applicable,At,,False,False,108240,SERENADE WY,TANGO WY,37.27801369,-121.8132609
6842,696357,CR-0000099514,0,0,0,1,23-239-0279,True,False,0,8/27/2023 8:30:00 AM,No Pedestrians Involved,Dry,No Unusual Conditions,Daylight,Violation Driver 1,No Controls Present/Factor,Clear,Hit Object,Intersection,Fixed Object,Not Applicable,Not Applicable,At,CURB/FENCE,True,False,10922,AVENIDA ARBOLES,VELASCO DR,37.25496276,-121.8424682
6843,712231,CR-0000101674,0,0,0,0,23-329-0526,False,False,0,11/25/2023 1:37:00 AM,No Pedestrians Involved,Dry,No Unusual Conditions,Dark - Street Light,Violation Driver 1,Unknown,Clear,Rear End,Intersection,Parked Vehicle,Not Applicable,Not Applicable,At,,True,True,77890,JULIET PARK DR,ROSEMAR AV,37.36984517,-121.8046284
6844,681703,CR-0000091100,1,1,0,0,22-073-0717,False,False,51,3/14/2022 6:11:00 PM,No Pedestrians Involved,Dry,No Unusual Conditions,Daylight,Violation Driver 1,No Controls Present/Factor,Cloudy,Broadside,Non-Related,Other Vehicle,Not Applicable,Not Applicable,South Of,,False,False,104477,ROCKY MOUNTAIN DR,WHITE RD,37.34656135,-121.8104075
6845,683246,CR-0000092813,0,0,0,0,22-116-0130,False,True,51,4/26/2022 10:22:00 AM,No Pedestrians Involved,Dry,No Unusual Conditions,Daylight,Unknown,No Controls Present/Factor,Clear,Rear End,Non-Related,Other Vehicle,Not Applicable,Not Applicable,South Of,,False,False,104477,ROCKY MOUNTAIN DR,WHITE RD,37.34656135,-121.8104075
6846,682367,CR-0000091930,0,0,0,0,22-103-0818,False,False,59,4/13/2022 9:36:00 PM,No Pedestrians Involved,Dry,No Unusual Conditions,Dark - Street Light,Violation Driver 1,No Controls Present/Factor,Clear,Sideswipe,Non-Related,Parked Vehicle,Not Applicable,Not Applicable,North Of,,True,False,104477,ROCKY MOUNTAIN DR,WHITE RD,37.34656135,-121.8104075
6847,690817,CR-0000096956,1,0,0,0,23-027-0232,False,False,42,1/27/2023 9:20:00 AM,No Pedestrians Involved,Dry,No Unusual Conditions,Daylight,Violation Driver 1,Controls Functioning,Clear,Head On,Related,Motor Vehicle On Other Roadway,Not Applicable,Not Applicable,South Of,,True,False,104477,ROCKY MOUNTAIN DR,WHITE RD,37.34656135,-121.8104075
6848,692513,CR-0000097802,1,0,0,0,23-072-0666,False,False,51,3/13/2023 4:01:00 PM,No Pedestrians Involved,Dry,No Unusual Conditions,Daylight,Violation Driver 1,Controls Functioning,Clear,Vehicle/Bike,Non-Related,Scooter Motorized,Not Applicable,Not Applicable,South Of,MOTO SCOOTER,False,False,104477,ROCKY MOUNTAIN DR,WHITE RD,37.34656135,-121.8104075
6849,715850,CR-0000101914,0,0,0,0,23-233-0018,False,False,210,8/21/2023 12:05:00 PM,No Pedestrians Involved,Dry,No Unusual Conditions,Dark - Street Light,Violation Driver 1,No Controls Present/Factor,Clear,Sideswipe,Non-Related,Parked Vehicle,Not Applicable,Not Applicable,North Of,,True,False,64283,GALAHAD AV,VAN WINKLE LN,37.35065265,-121.8301569
6850,683351,CR-0000092939,0,0,0,0,22-176-0744,False,False,200,6/25/2022 7:45:00 PM,No Pedestrians Involved,Dry,No Unusual Conditions,Daylight,Violation Driver 1,No Controls Present/Factor,Clear,Rear End,Non-Related,Parked Vehicle,Not Applicable,Not Applicable,East Of,,True,False,64261,GALAHAD AV,SLEEPY HOLLOW LN,37.35009096,-121.8296233
6851,692425,CR-0000097708,0,1,0,0,23-081-0150,False,False,0,3/22/2023 7:50:00 AM,No Pedestrians Involved,Wet,No Unusual Conditions,Daylight,Violation Driver 1,Controls Functioning,Cloudy,Broadside,Intersection,Other Vehicle,Not Applicable,Not Applicable,At,,True,False,64261,GALAHAD AV,SLEEPY HOLLOW LN,37.35009096,-121.8296233
6852,690613,CR-0000096734,0,1,0,0,23-030-0608,False,False,0,1/30/2023 4:15:00 PM,No Pedestrians Involved,Dry,No Unusual Conditions,Daylight,Violation Driver 1,No Controls Present/Factor,Clear,Broadside,Intersection,Other Vehicle,Not Applicable,Not Applicable,At,,False,False,64261,GALAHAD AV,SLEEPY HOLLOW LN,37.35009096,-121.8296233
6853,698806,CR-0000100088,0,1,0,0,23-172-0917,False,False,0,6/21/2023 9:46:00 PM,No Pedestrians Involved,Dry,No Unusual Conditions,Dark - Street Light,Violation Driver 1,No Controls Present/Factor,Clear,Vehicle/Bike,Intersection,Bike,Not Applicable,Not Applicable,At,BIKE,False,False,64261,GALAHAD AV,SLEEPY HOLLOW LN,37.35009096,-121.8296233
6854,721989,CR-0000103243,0,0,0,0,24-053-0105,False,False,267,2/22/2024 4:05:00 AM,No Pedestrians Involved,Dry,No Unusual Conditions,Dark - Street Light,Violation Driver 1,No Controls Present/Factor,Clear,Sideswipe,Non-Related,Parked Vehicle,Not Applicable,Not Applicable,West Of,,False,True,64261,GALAHAD AV,SLEEPY HOLLOW LN,37.35009096,-121.8296233
6855,685087,CR-0000093756,1,0,0,1,22-265-0683,True,False,695,9/22/2022 4:33:00 PM,No Pedestrians Involved,Dry,No Unusual Conditions,Daylight,Unknown,No Controls Present/Factor,Clear,Sideswipe,Non-Related,Parked Vehicle,Not Applicable,Not Applicable,North Of,"TREE, Party 1 was towing 2 pickup trucks",False,False,32581,CAPITOL AV,PENITENCIA CREEK RD,37.38304641,-121.8566321
6856,682385,CR-0000091948,3,1,0,0,22-105-0808,False,False,540,4/15/2022 7:41:00 PM,No Pedestrians Involved,Dry,No Unusual Conditions,Dark - Street Light,Violation Driver 1,No Controls Present/Factor,Clear,Rear End,Non-Related,Other Vehicle,Not Applicable,Not Applicable,North Of,,True,False,32581,CAPITOL AV,PENITENCIA CREEK RD,37.38304641,-121.8566321
6857,698818,CR-0000100100,1,0,0,0,23-356-0735,True,False,278,12/22/2023 6:07:00 PM,No Pedestrians Involved,Dry,No Unusual Conditions,Dark - Street Light,Violation Driver 1,No Controls Present/Factor,Clear,Hit Object,Non-Related,Fixed Object,Not Applicable,Not Applicable,North Of,TREE,True,False,32581,CAPITOL AV,PENITENCIA CREEK RD,37.38304641,-121.8566321
6858,694726,CR-0000098769,1,1,0,0,23-230-0419,False,False,0,8/18/2023 12:32:00 PM,No Pedestrians Involved,Dry,No Unusual Conditions,Daylight,Violation Driver 1,Unknown,Clear,Hit Object,Intersection,Fixed Object,Not Applicable,Not Applicable,At,,False,False,32581,CAPITOL AV,PENITENCIA CREEK RD,37.38304641,-121.8566321
6859,689858,CR-0000095884,1,1,0,0,22-256-0969,False,False,80,9/13/2022 8:45:00 PM,No Pedestrians Involved,Dry,No Unusual Conditions,Dark - Street Light,Violation Driver 1,Unknown,Clear,Rear End,Non-Related,Other Vehicle,Not Applicable,Not Applicable,North Of,,True,True,32581,CAPITOL AV,PENITENCIA CREEK RD,37.38304641,-121.8566321
6860,715994,CR-0000101939,0,0,0,0,23-241-0663,False,False,268,8/29/2023 3:45:00 PM,No Pedestrians Involved,Dry,No Unusual Conditions,Daylight,Violation Driver 1,Controls Functioning,Clear,Rear End,Non-Related,Other Vehicle,Not Applicable,Not Applicable,North Of,,True,False,32581,CAPITOL AV,PENITENCIA CREEK RD,37.38304641,-121.8566321
6861,682245,CR-0000091848,0,0,0,0,22-102-0726,False,False,696,4/12/2022 6:36:00 PM,No Pedestrians Involved,Dry,No Unusual Conditions,Daylight,Violation Driver 1,No Controls Present/Factor,Clear,Rear End,Non-Related,Parked Vehicle,Not Applicable,Not Applicable,South Of,,False,False,87790,MARIA WY,PAYNE AV,37.30152841,-121.9586084
6862,683091,CR-0000092640,0,1,0,0,22-173-0246,False,False,700,6/22/2022 8:37:00 AM,No Pedestrians Involved,Dry,No Unusual Conditions,Daylight,Bike At Fault,Unknown,Clear,Vehicle/Bike,Non-Related,Bike,Not Applicable,Not Applicable,South Of,BIKE,True,False,87790,MARIA WY,PAYNE AV,37.30152841,-121.9586084
6863,687602,CR-0000094395,1,0,0,0,22-266-0702,False,False,0,9/23/2022 4:58:00 PM,Crossing In Crosswalk - At Intersection,Dry,No Unusual Conditions,Daylight,Violation Driver 1,No Controls Present/Factor,Clear,Vehicle/Pedestrian,Intersection,Pedestrian,West,East,At,PED,False,False,87790,MARIA WY,PAYNE AV,37.30152841,-121.9586084
6864,711937,CR-0000101566,0,0,0,0,23-359-0496,False,False,142,12/25/2023 5:39:00 PM,No Pedestrians Involved,Dry,No Unusual Conditions,Dark - Street Light,Violation Driver 1,No Controls Present/Factor,Clear,Sideswipe,Non-Related,Parked Vehicle,Not Applicable,Not Applicable,South Of,,False,False,87790,MARIA WY,PAYNE AV,37.30152841,-121.9586084
6865,690279,CR-0000096371,0,0,0,0,22-323-9705,False,True,0,11/19/2022 7:00:00 AM,No Pedestrians Involved,Unknown,Unknown,Daylight,Unknown,Unknown,Unknown,Sideswipe,Intersection,Parked Vehicle,Not Applicable,Not Applicable,At,,False,False,12660,BAMBI LN,PETER PAN AV,37.35191918,-121.8349648
6866,681240,CR-0000090625,0,0,0,0,22-020-4002,False,True,51,1/19/2022 11:59:00 PM,No Pedestrians Involved,Unknown,Unknown,Unknown,Unknown,Unknown,Unknown,Sideswipe,Non-Related,Other Vehicle,Not Applicable,Not Applicable,East Of,,False,False,111870,THIRTY FOURTH ST,VIRGINIA PL,37.34416903,-121.8508526
6867,681352,CR-0000090739,0,0,0,0,22-016-0031,False,False,0,1/16/2022 12:32:00 AM,No Pedestrians Involved,Dry,Unknown,Dark - Street Light,Violation Driver 1,Unknown,Clear,Head On,Intersection,Fixed Object,Not Applicable,Not Applicable,At,PG&E POLE,False,False,79672,KING RD,VIRGINIA AV,37.34492705,-121.8479498
6868,681827,CR-0000091236,0,0,0,0,22-087-0012,True,False,28,3/28/2022 12:15:00 AM,No Pedestrians Involved,Wet,No Unusual Conditions,Dark - Street Light,Violation Driver 1,Controls Functioning,Rain,Hit Object,Related,Fixed Object,Not Applicable,Not Applicable,South Of,STREET LIGHT,True,False,79672,KING RD,VIRGINIA AV,37.34492705,-121.8479498
6869,683102,CR-0000092736,0,0,0,0,22-047-4000,False,True,0,2/15/2022 8:00:00 PM,No Pedestrians Involved,Unknown,Unknown,Unknown,Unknown,Unknown,Unknown,Sideswipe,Intersection,Other Vehicle,Not Applicable,Not Applicable,At,,False,False,79672,KING RD,VIRGINIA AV,37.34492705,-121.8479498
6870,683343,CR-0000092931,0,0,0,0,22-142-0896,False,False,145,5/22/2022 11:11:00 AM,No Pedestrians Involved,Dry,No Unusual Conditions,Daylight,Violation Driver 1,Controls Functioning,Clear,Head On,Non-Related,Parked Vehicle,Not Applicable,Not Applicable,East Of,,False,True,79672,KING RD,VIRGINIA AV,37.34492705,-121.8479498
6871,685234,CR-0000093913,0,0,0,0,22-273-0907,False,False,60,9/30/2022 8:30:00 AM,No Pedestrians Involved,Dry,No Unusual Conditions,Dark - Street Light,Violation Driver 1,No Controls Present/Factor,Clear,Broadside,Non-Related,Parked Vehicle,Not Applicable,Not Applicable,East Of,,True,True,79672,KING RD,VIRGINIA AV,37.34492705,-121.8479498
6872,699010,CR-0000100315,0,1,0,0,23-299-0162,False,False,0,10/26/2023 8:29:00 AM,No Pedestrians Involved,Dry,No Unusual Conditions,Daylight,Violation Driver 1,Controls Functioning,Clear,Vehicle/Bike,Intersection,Bike,Not Applicable,Not Applicable,At,BIKE,False,False,79672,KING RD,VIRGINIA AV,37.34492705,-121.8479498
6873,699414,CR-0000100746,11,0,0,0,23-315-0451,False,False,0,11/11/2023 2:20:00 PM,No Pedestrians Involved,Dry,No Unusual Conditions,Daylight,Violation Driver 1,Controls Functioning,Clear,Broadside,Intersection,Other Vehicle,Not Applicable,Not Applicable,At,,True,False,79672,KING RD,VIRGINIA AV,37.34492705,-121.8479498
6874,696264,CR-0000099411,0,0,0,0,23-102-0708,False,False,0,4/12/2023 4:40:00 PM,No Pedestrians Involved,Dry,No Unusual Conditions,Daylight,Violation Driver 1,No Controls Present/Factor,Clear,Sideswipe,Intersection,Parked Vehicle,Not Applicable,Not Applicable,At,,False,True,79397,KING RD,LAVONNE AV,37.34427364,-121.847324
6875,691218,CR-0000097439,0,0,0,0,22-337-0068,False,False,38,12/3/2022 1:00:00 AM,No Pedestrians Involved,Dry,No Unusual Conditions,Dark - Street Light,Violation Driver 1,No Controls Present/Factor,Clear,Hit Object,Related,Fixed Object,Not Applicable,Not Applicable,South Of,METAL FENCE,True,True,79397,KING RD,LAVONNE AV,37.34427364,-121.847324
6876,681339,CR-0000090728,0,1,0,0,22-015-0433,False,False,51,1/14/2022 8:11:00 AM,No Pedestrians Involved,Dry,No Unusual Conditions,Daylight,Violation Driver 1,No Controls Present/Factor,Clear,Broadside,Non-Related,Parked Vehicle,Not Applicable,Not Applicable,East Of,,False,False,81333,LAKEWOOD DR,TRIMBLE RD,37.40924031,-121.8826092
6877,681392,CR-0000090781,0,0,0,0,22-019-0629,False,False,51,1/19/2022 2:42:00 PM,No Pedestrians Involved,Dry,No Unusual Conditions,Daylight,Violation Driver 1,Controls Functioning,Clear,Sideswipe,Non-Related,Other Vehicle,Not Applicable,Not Applicable,North Of,,False,False,32273,CAPITOL AV,CROPLEY AV/TRADEZONE BL,37.40331992,-121.8821166
6878,681676,CR-0000091073,0,0,0,0,22-075-4000,False,True,,3/15/2022 4:40:00 PM,No Pedestrians Involved,Unknown,Unknown,Daylight,Unknown,Unknown,Unknown,Rear End,Related,Unknown,Not Applicable,Not Applicable,East Of,,False,False,32273,CAPITOL AV,CROPLEY AV/TRADEZONE BL,37.40331992,-121.8821166
6879,682241,CR-0000091770,1,0,0,0,22-066-0794,False,False,0,3/7/2022 5:15:00 PM,No Pedestrians Involved,Dry,No Unusual Conditions,Daylight,Violation Driver 1,Controls Functioning,Clear,Vehicle/Bike,Intersection,Bike,Not Applicable,Not Applicable,At,E-BIKE,False,False,32273,CAPITOL AV,CROPLEY AV/TRADEZONE BL,37.40331992,-121.8821166
6880,689225,CR-0000095168,0,0,0,0,22-302-0452,False,False,48,10/29/2022 1:30:00 PM,No Pedestrians Involved,Dry,No Unusual Conditions,Daylight,Violation Driver 1,Controls Functioning,Clear,Sideswipe,Related,Other Vehicle,Not Applicable,Not Applicable,West Of,,True,True,32273,CAPITOL AV,CROPLEY AV/TRADEZONE BL,37.40331992,-121.8821166
6881,689831,CR-0000095857,0,1,0,0,22-352-0179,False,False,0,12/18/2022 6:45:00 AM,No Pedestrians Involved,Dry,No Unusual Conditions,Dusk - Dawn,Violation Driver 1,Controls Functioning,Cloudy,Broadside,Intersection,Other Vehicle,Not Applicable,Not Applicable,At,,False,False,32273,CAPITOL AV,CROPLEY AV/TRADEZONE BL,37.40331992,-121.8821166
6882,694087,CR-0000098107,1,0,0,0,23-120-0855,False,False,26,4/30/2023 10:35:00 PM,No Pedestrians Involved,Dry,No Unusual Conditions,Dark - Street Light,Violation Driver 1,Controls Functioning,Clear,Broadside,Related,Other Vehicle,Not Applicable,Not Applicable,South Of,,False,True,32273,CAPITOL AV,CROPLEY AV/TRADEZONE BL,37.40331992,-121.8821166
6883,691057,CR-0000097230,0,0,1,0,23-042-0678,False,False,0,2/11/2023 7:17:00 PM,No Pedestrians Involved,Dry,No Unusual Conditions,Dark - Street Light,Bike At Fault,Controls Functioning,Clear,Vehicle/Bike,Intersection,Bike,Not Applicable,Not Applicable,At,BIKE,False,False,32273,CAPITOL AV,CROPLEY AV/TRADEZONE BL,37.40331992,-121.8821166
6884,691337,CR-0000097584,1,0,0,0,23-076-0888,False,False,0,3/17/2023 9:14:00 PM,No Pedestrians Involved,Dry,No Unusual Conditions,Dark - Street Light,Violation Driver 1,Controls Functioning,Clear,Broadside,Intersection,Other Vehicle,Not Applicable,Not Applicable,At,,False,True,32273,CAPITOL AV,CROPLEY AV/TRADEZONE BL,37.40331992,-121.8821166
6885,694544,CR-0000098538,1,0,0,0,23-197-0952,False,False,0,7/16/2023 10:57:00 PM,No Pedestrians Involved,Dry,No Unusual Conditions,Dark - Street Light,Violation Driver 1,Controls Functioning,Clear,Broadside,Intersection,Other Vehicle,Not Applicable,Not Applicable,At,,True,False,32273,CAPITOL AV,CROPLEY AV/TRADEZONE BL,37.40331992,-121.8821166
6886,711646,CR-0000101510,0,0,0,0,23-269-9710,False,True,0,9/25/2023 8:21:00 AM,No Pedestrians Involved,Dry,No Unusual Conditions,Daylight,Unknown,Controls Functioning,Clear,Rear End,Intersection,Other Vehicle,Not Applicable,Not Applicable,At,,False,False,32273,CAPITOL AV,CROPLEY AV/TRADEZONE BL,37.40331992,-121.8821166
6887,711651,CR-0000101054,0,0,0,0,23-300-4001,False,True,0,10/23/2023 6:44:00 AM,No Pedestrians Involved,Unknown,Unknown,Unknown,Unknown,Unknown,Unknown,Other,Intersection,Unknown,Not Applicable,Not Applicable,At,,False,False,32273,CAPITOL AV,CROPLEY AV/TRADEZONE BL,37.40331992,-121.8821166
6888,711813,CR-0000101224,0,0,0,0,23-308-0540,True,False,48,11/4/2023 4:38:00 PM,No Pedestrians Involved,Unknown,No Unusual Conditions,Daylight,Violation Driver 1,Controls Functioning,Clear,Hit Object,Related,Fixed Object,Not Applicable,Not Applicable,West Of,TRAFFIC POLE,False,False,32273,CAPITOL AV,CROPLEY AV/TRADEZONE BL,37.40331992,-121.8821166
6889,712256,CR-0000101711,0,0,0,0,23-023-9705,False,True,0,1/23/2023 9:10:00 AM,No Pedestrians Involved,Dry,No Unusual Conditions,Daylight,Unknown,Unknown,Clear,Rear End,Intersection,Other Vehicle,Not Applicable,Not Applicable,At,,False,False,32273,CAPITOL AV,CROPLEY AV/TRADEZONE BL,37.40331992,-121.8821166
6890,712145,CR-0000101169,0,0,0,0,23-326-4006,False,True,51,11/22/2023 4:30:00 PM,No Pedestrians Involved,Unknown,Unknown,Unknown,Unknown,Unknown,Unknown,Rear End,Non-Related,Parked Vehicle,Not Applicable,Not Applicable,Unknown,,False,False,32273,CAPITOL AV,CROPLEY AV/TRADEZONE BL,37.40331992,-121.8821166
6891,722133,CR-0000103398,0,0,0,0,24-071-4006,False,True,51,3/11/2024 3:20:00 PM,No Pedestrians Involved,Unknown,Unknown,Unknown,Unknown,Unknown,Unknown,Broadside,Non-Related,Other Vehicle,Not Applicable,Not Applicable,East Of,,False,False,32273,CAPITOL AV,CROPLEY AV/TRADEZONE BL,37.40331992,-121.8821166
6892,719714,CR-0000102886,0,0,0,0,24-009-0821,True,False,0,1/9/2024 11:15:00 PM,No Pedestrians Involved,Dry,No Unusual Conditions,Dark - Street Light,Violation Driver 1,Controls Functioning,Clear,Hit Object,Intersection,Fixed Object,Not Applicable,Not Applicable,At,Traffic Signal,False,False,32273,CAPITOL AV,CROPLEY AV/TRADEZONE BL,37.40331992,-121.8821166
6893,683482,CR-0000093078,0,0,0,0,22-214-4003,False,True,51,8/1/2022 1:40:00 PM,No Pedestrians Involved,Unknown,Unknown,Daylight,Unknown,Unknown,Unknown,Rear End,Non-Related,Other Vehicle,Not Applicable,Not Applicable,West Of,,False,False,92509,MONTAGUE EX,TRADE ZONE BL,37.40416272,-121.8977748
6894,712204,CR-0000101636,0,0,0,0,23-259-0210,False,True,0,9/16/2023 7:31:00 AM,No Pedestrians Involved,Dry,No Unusual Conditions,Daylight,Unknown,No Controls Present/Factor,Clear,Rear End,Intersection,Parked Vehicle,Not Applicable,Not Applicable,At,,False,False,32526,CAPITOL AV,NORTHWOOD DR,37.40594327,-121.8863112
6895,696420,CR-0000099597,0,0,1,0,23-283-0333,False,False,0,10/10/2023 10:50:00 AM,No Pedestrians Involved,Dry,No Unusual Conditions,Daylight,Bike At Fault,Controls Functioning,Clear,Vehicle/Bike,Intersection,Bike,Not Applicable,Not Applicable,At,BIKE,False,False,32691,CAPITOL AV,TRIMBLE RD,37.40695189,-121.8878763
6896,719662,CR-0000102833,0,0,0,0,24-007-0329,False,False,140,1/7/2024 11:58:00 AM,In Road - Includes Shoulder,Dry,No Unusual Conditions,Daylight,Violation Driver 1,No Controls Present/Factor,Clear,Vehicle/Pedestrian,Non-Related,Pedestrian,No Direction (Not Walking),No Direction (Not Walking),East Of,PED entering vehicle,True,True,32691,CAPITOL AV,TRIMBLE RD,37.40695189,-121.8878763
6897,722076,CR-0000103330,0,0,0,0,24-065-9702,False,True,51,3/3/2024 7:08:00 PM,No Pedestrians Involved,Dry,No Unusual Conditions,Dark - Street Light,Unknown,Controls Functioning,Clear,Sideswipe,Non-Related,Other Vehicle,Not Applicable,Not Applicable,South Of,,False,False,32691,CAPITOL AV,TRIMBLE RD,37.40695189,-121.8878763
6898,683155,CR-0000092696,1,0,0,0,22-188-0269,False,False,0,7/7/2022 9:50:00 AM,No Pedestrians Involved,Dry,No Unusual Conditions,Daylight,Violation Driver 1,Controls Functioning,Clear,Broadside,Intersection,Other Vehicle,Not Applicable,Not Applicable,At,,False,False,115060,RENAISSANCE DR,TASMAN DR,37.41116172,-121.9583206
6899,698831,CR-0000100114,3,0,0,0,23-355-0494,False,False,0,12/21/2023 2:22:00 PM,No Pedestrians Involved,Dry,No Unusual Conditions,Daylight,Unknown,Controls Functioning,Clear,Broadside,Intersection,Other Vehicle,Not Applicable,Not Applicable,At,,False,False,115060,RENAISSANCE DR,TASMAN DR,37.41116172,-121.9583206
6900,696218,CR-0000099363,2,0,0,0,23-103-0203,False,False,0,4/13/2023 8:12:00 AM,No Pedestrians Involved,Dry,No Unusual Conditions,Daylight,Violation Driver 1,Unknown,Clear,Broadside,Intersection,Other Vehicle,Not Applicable,Not Applicable,At,,False,True,126620,CARRAGATA DR,RENAISSANCE DR,37.41265608,-121.9599954
6901,722409,CR-0000103703,0,0,0,0,24-110-4002,False,True,51,3/21/2024 11:30:00 PM,No Pedestrians Involved,Unknown,Unknown,Unknown,Unknown,Unknown,Unknown,Other,Non-Related,Parked Vehicle,Not Applicable,Not Applicable,East Of,,False,False,100704,PIEDMONT RD,PRINCE OF WALES LN,37.41231824,-121.8540295
6902,688987,CR-0000094846,0,0,0,0,22-295-0353,True,False,0,10/22/2022 11:03:00 AM,No Pedestrians Involved,Dry,No Unusual Conditions,Daylight,Violation Driver 1,Controls Functioning,Clear,Head On,Intersection,Other Vehicle,Not Applicable,Not Applicable,At,LIGHT POLE,False,False,144136,ADELINE AV,MANUEL ST,37.28358356,-121.8549154
6903,717481,CR-0000102514,0,0,1,0,24-091-0486,False,False,0,3/31/2024 4:13:00 PM,No Pedestrians Involved,Dry,No Unusual Conditions,Daylight,Violation Driver 1,No Controls Present/Factor,Clear,Broadside,Intersection,Motorcycle,Not Applicable,Not Applicable,At,,False,False,128094,FLICKINGER AV,MONTAGE CT,37.39906834,-121.8829494
6904,690903,CR-0000097066,0,1,0,0,23-055-0400,False,False,0,2/24/2023 1:04:00 PM,No Pedestrians Involved,Wet,No Unusual Conditions,Daylight,Violation Driver 1,No Controls Present/Factor,Rain,Broadside,Intersection,Other Vehicle,Not Applicable,Not Applicable,North Of,,False,False,107634,SARATOGA AV,WILL ROGERS DR,37.3070099,-121.9779485
6905,689910,CR-0000095938,2,0,0,0,22-342-0426,False,False,0,12/8/2022 1:38:00 PM,No Pedestrians Involved,Wet,No Unusual Conditions,Daylight,Violation Driver 1,Controls Functioning,Clear,Broadside,Intersection,Other Vehicle,Not Applicable,Not Applicable,At,,False,True,107634,SARATOGA AV,WILL ROGERS DR,37.3070099,-121.9779485
6906,711546,CR-0000101488,0,0,0,0,23-245-9709,False,True,0,9/1/2023 8:42:00 PM,No Pedestrians Involved,Dry,No Unusual Conditions,Dark - Street Light,Unknown,Controls Functioning,Clear,Sideswipe,Intersection,Other Vehicle,Not Applicable,Not Applicable,At,,False,False,107634,SARATOGA AV,WILL ROGERS DR,37.3070099,-121.9779485
6907,685238,CR-0000093918,1,0,0,0,22-273-0827,False,False,0,9/30/2022 5:42:00 PM,Crossing In Crosswalk - At Intersection,Dry,No Unusual Conditions,Daylight,Violation Driver 1,Controls Functioning,Clear,Vehicle/Pedestrian,Intersection,Pedestrian,North,South,At,PEDESTRIAN,False,False,77110,JOHNSON AV,PROSPECT RD,37.29333371,-122.007741
6908,699192,CR-0000100512,1,0,0,0,23-181-0531,False,False,23,6/30/2023 4:13:00 PM,No Pedestrians Involved,Dry,No Unusual Conditions,Daylight,Violation Driver 1,Controls Functioning,Clear,Rear End,Related,Other Vehicle,Not Applicable,Not Applicable,South Of,,True,False,14189,BASCOM AV,WHITE OAKS AV,37.25785986,-121.9485301
6909,689276,CR-0000095243,0,0,0,0,22-305-0787,False,False,0,11/1/2022 6:10:00 PM,No Pedestrians Involved,Dry,No Unusual Conditions,Daylight,Violation Driver 1,No Controls Present/Factor,Clear,Rear End,Intersection,Other Vehicle,Not Applicable,Not Applicable,At,,True,False,50984,DIAL WY,MILLER AV,37.29914089,-122.0150037
6910,683183,CR-0000092747,0,0,0,0,22-039-9702,False,True,0,2/7/2022 12:00:00 PM,No Pedestrians Involved,Dry,No Unusual Conditions,Daylight,Unknown,Controls Functioning,Clear,Rear End,Intersection,Motor Vehicle On Other Roadway,Not Applicable,Not Applicable,At,,False,False,107579,SARATOGA AV,STEVENS CREEK BL,37.32319745,-121.9698742
6911,690184,CR-0000096274,0,0,0,0,22-323-0159,True,False,510,11/19/2022 3:57:00 AM,No Pedestrians Involved,Dry,No Unusual Conditions,Dark - Street Light,Violation Driver 1,Controls Functioning,Clear,Hit Object,Non-Related,Fixed Object,Not Applicable,Not Applicable,South Of,tree,False,False,107579,SARATOGA AV,STEVENS CREEK BL,37.32319745,-121.9698742
6912,711870,CR-0000101556,0,0,0,0,23-349-0401,False,False,0,12/15/2023 11:58:00 AM,No Pedestrians Involved,Dry,No Unusual Conditions,Daylight,Violation Driver 1,Controls Functioning,Clear,Rear End,Intersection,Other Vehicle,Not Applicable,Not Applicable,At,,True,False,107579,SARATOGA AV,STEVENS CREEK BL,37.32319745,-121.9698742
6913,715999,CR-0000101971,1,0,0,0,24-004-0449,False,False,70,1/4/2024 1:41:00 PM,No Pedestrians Involved,Dry,No Unusual Conditions,Daylight,Violation Driver 1,Controls Functioning,Clear,Broadside,Non-Related,Other Vehicle,Not Applicable,Not Applicable,East Of,,False,False,108206,SERENA WY,STEVENS CREEK BL,37.32317649,-121.9734419
6914,722438,CR-0000103736,0,1,0,0,24-100-0659,False,False,215,4/9/2024 6:10:00 PM,No Pedestrians Involved,Dry,No Unusual Conditions,Daylight,Violation Driver 1,No Controls Present/Factor,Clear,Rear End,Non-Related,Other Vehicle,Not Applicable,Not Applicable,East Of,,True,False,108206,SERENA WY,STEVENS CREEK BL,37.32317649,-121.9734419
6915,715932,CR-0000101871,0,0,0,0,23-330-0812,False,False,125,11/29/2023 7:23:00 PM,No Pedestrians Involved,Dry,No Unusual Conditions,Dark - Street Light,Unknown,No Controls Present/Factor,Clear,Sideswipe,Non-Related,Other Vehicle,Not Applicable,Not Applicable,East Of,,False,True,51160,DICKINSON DR,GIRAUDO DR,37.27375208,-121.8084422