_id,CrashFactId,Name,MinorInjuries,ModerateInjuries,SevereInjuries,FatalInjuries,TcrNumber,CityDamageFlag,ShortFormFlag,Distance,CrashDateTime,PedestrianAction,RoadwaySurface,RoadwayCondition,Lighting,PrimaryCollisionFactor,TrafficControl,Weather,CollisionType,ProximityToIntersection,VehicleInvolvedWith,PedestrianDirectionFrom,PedestrianDirectionTo,DirectionFromIntersection,Comment,SpeedingFlag,HitAndRunFlag,IntersectionNumber,AStreetName,BStreetName,Latitude,Longitude
6992,711796,CR-0000101162,0,0,0,0,23-328-4000,False,True,51,11/23/2023 11:00:00 PM,No Pedestrians Involved,Unknown,Unknown,Unknown,Unknown,Unknown,Unknown,Other,Non-Related,Parked Vehicle,Not Applicable,Not Applicable,West Of,,False,False,143864,POTTS WY,SINGLETON RD,37.2886599,-121.8349773
6993,683288,CR-0000092859,2,0,0,0,22-206-9705,False,True,0,7/23/2022 5:30:00 PM,No Pedestrians Involved,Dry,No Unusual Conditions,Daylight,Unknown,Controls Functioning,Clear,Broadside,Intersection,Other Vehicle,Not Applicable,Not Applicable,At,,False,False,45902,CROPLEY AV,LAKEWOOD DR,37.40404578,-121.8806445
6994,681571,CR-0000090968,0,0,0,0,22-042-0708,False,False,141,2/11/2022 5:28:00 PM,No Pedestrians Involved,Dry,No Unusual Conditions,Daylight,Violation Driver 1,No Controls Present/Factor,Clear,Other,Non-Related,Other Vehicle,Not Applicable,Not Applicable,East Of,,False,False,45902,CROPLEY AV,LAKEWOOD DR,37.40404578,-121.8806445
6995,681972,CR-0000091478,1,0,0,0,22-082-0208,False,False,59,3/23/2022 8:21:00 AM,No Pedestrians Involved,Dry,No Unusual Conditions,Daylight,Violation Driver 1,No Controls Present/Factor,Clear,Broadside,Non-Related,Other Vehicle,Not Applicable,Not Applicable,North Of,,False,False,45902,CROPLEY AV,LAKEWOOD DR,37.40404578,-121.8806445
6996,696229,CR-0000099374,0,0,0,0,23-110-4002,False,True,51,4/18/2023 10:00:00 PM,No Pedestrians Involved,Unknown,Unknown,Unknown,Unknown,Unknown,Unknown,Broadside,Non-Related,Other Vehicle,Not Applicable,Not Applicable,East Of,,False,False,40435,CLIFF DR,RANCH PL,37.40812129,-121.8455672
6997,699002,CR-0000100306,1,0,0,0,23-313-0017,True,False,244,11/9/2023 12:25:00 AM,No Pedestrians Involved,Dry,No Unusual Conditions,Dark - Street Light,Violation Driver 1,Unknown,Clear,Hit Object,Non-Related,Fixed Object,Not Applicable,Not Applicable,West Of,TREE,False,False,113960,PLUMERIA DR,ZANKER RD,37.39351808,-121.9281627
6998,694041,CR-0000098082,3,0,0,0,23-065-0177,False,False,21,3/6/2023 8:42:00 AM,No Pedestrians Involved,Wet,No Unusual Conditions,Daylight,Violation Driver 1,Controls Functioning,Rain,Rear End,Related,Other Vehicle,Not Applicable,Not Applicable,North Of,,True,False,113960,PLUMERIA DR,ZANKER RD,37.39351808,-121.9281627
6999,689966,CR-0000095957,0,0,0,0,22-363-4000,False,True,0,12/29/2022 7:20:00 PM,No Pedestrians Involved,Unknown,Unknown,Unknown,Violation Driver 1,Unknown,Unknown,Broadside,Intersection,Other Vehicle,Not Applicable,Not Applicable,At,,False,False,113960,PLUMERIA DR,ZANKER RD,37.39351808,-121.9281627
7000,695861,CR-0000098926,0,0,0,0,23-097-0104,True,False,81,4/7/2023 4:43:00 AM,No Pedestrians Involved,Wet,Unknown,Dark - Street Light,Violation Driver 1,No Controls Present/Factor,Rain,Hit Object,Non-Related,Fixed Object,Not Applicable,Not Applicable,North Of,LIGHTPOLE,True,False,113970,DAGGETT DR,ZANKER RD,37.39594343,-121.9299238
7001,697596,CR-0000099846,2,0,0,0,23-292-0373,False,False,0,10/19/2023 11:58:00 AM,No Pedestrians Involved,Unknown,Unknown,Daylight,Violation Driver 1,Controls Functioning,Clear,Broadside,Intersection,Other Vehicle,Not Applicable,Not Applicable,At,,False,False,47960,DADO ST,JUNCTION AV,37.38600737,-121.9158087
7002,716215,CR-0000102168,0,2,0,0,24-035-0556,False,False,0,2/4/2024 12:20:00 PM,No Pedestrians Involved,Wet,No Unusual Conditions,Daylight,Bike At Fault,No Controls Present/Factor,Rain,Vehicle/Bike,Intersection,Bike,Not Applicable,Not Applicable,At,RAIN WET MOTORIZED BICYCLE DAYLIGHT,False,False,26784,BUCKNALL RD,VIA ROMA,37.28406153,-121.9705708
7003,696557,CR-0000099754,0,1,0,0,23-347-0800,False,False,0,12/13/2023 5:42:00 PM,Crossing In Crosswalk - At Intersection,Dry,Construction - Repair Zone,Dark - Street Light,Violation Driver 1,Controls Functioning,Cloudy,Vehicle/Pedestrian,Intersection,Pedestrian,North,South,At,PED,False,True,20162,BLOSSOM HILL RD,INDIAN AV,37.2506274,-121.8412105
7004,694344,CR-0000098288,0,0,1,0,23-156-0781,False,False,110,6/5/2023 5:55:00 PM,No Pedestrians Involved,Dry,Holes Deep Rut,Daylight,Violation Driver 1,No Controls Present/Factor,Clear,Hit Object,Non-Related,Fixed Object,Not Applicable,Not Applicable,West Of,,True,False,20162,BLOSSOM HILL RD,INDIAN AV,37.2506274,-121.8412105
7005,719786,CR-0000102960,0,0,0,0,24-034-4005,False,True,0,2/3/2024 5:30:00 PM,No Pedestrians Involved,Unknown,Unknown,Unknown,Unknown,Unknown,Unknown,Rear End,Intersection,Other Vehicle,Not Applicable,Not Applicable,At,,False,False,20162,BLOSSOM HILL RD,INDIAN AV,37.2506274,-121.8412105
7006,682723,CR-0000092302,2,0,0,0,22-154-0063,False,False,0,6/3/2022 1:40:00 AM,No Pedestrians Involved,Dry,No Unusual Conditions,Dark - Street Light,Violation Driver 1,Controls Functioning,Clear,Head On,Intersection,Other Vehicle,Not Applicable,Not Applicable,At,,False,False,19910,BLOSSOM HILL RD,CHESBRO AV,37.25060998,-121.8425621
7007,698705,CR-0000099954,0,0,0,1,23-310-0890,False,False,0,11/6/2023 9:35:00 PM,Crossing In Crosswalk - At Intersection,Dry,No Unusual Conditions,Dark - Street Light,Unknown,Controls Functioning,Cloudy,Vehicle/Pedestrian,Intersection,Wheelchair,South,North,At,PED(WHEEL CHAIR),False,False,19910,BLOSSOM HILL RD,CHESBRO AV,37.25060998,-121.8425621
7008,696416,CR-0000099593,1,0,0,0,23-284-0319,False,False,0,10/11/2023 11:15:00 AM,No Pedestrians Involved,Dry,No Unusual Conditions,Daylight,Violation Driver 1,Controls Functioning,Clear,Broadside,Intersection,Other Vehicle,Not Applicable,Not Applicable,At,,False,False,19910,BLOSSOM HILL RD,CHESBRO AV,37.25060998,-121.8425621
7009,699251,CR-0000100573,0,0,0,0,23-153-0509,False,True,51,6/2/2023 3:00:00 PM,No Pedestrians Involved,Dry,No Unusual Conditions,Unknown,Unknown,Controls Functioning,Cloudy,Hit Object,Non-Related,Fixed Object,Not Applicable,Not Applicable,North Of,School Sign,False,False,30513,CAMDEN AV,VIA VALIENTE,37.21638965,-121.8420875
7010,689512,CR-0000095489,1,0,0,0,22-358-0141,False,False,0,12/24/2022 2:47:00 AM,No Pedestrians Involved,Dry,No Unusual Conditions,Dark - Street Light,Violation Driver 1,No Controls Present/Factor,Clear,Rear End,Intersection,Other Vehicle,Not Applicable,Not Applicable,At,,True,True,102959,RANCHO DR/WOOL AV,SYLVANDALE AV,37.28463978,-121.8361217
7011,689868,CR-0000095894,1,0,0,0,22-327-0386,False,False,823,11/23/2022 1:18:00 PM,No Pedestrians Involved,Dry,No Unusual Conditions,Daylight,Violation Driver 1,No Controls Present/Factor,Clear,Head On,Non-Related,Other Vehicle,Not Applicable,Not Applicable,East Of,,False,False,24518,BRENNAN AV,JUNCTION AV,37.38856433,-121.9183246
7012,689534,CR-0000095511,0,0,0,0,22-357-0902,False,False,296,12/23/2022 10:15:00 PM,No Pedestrians Involved,Dry,No Unusual Conditions,Dark - Street Light,Violation Driver 1,No Controls Present/Factor,Clear,Hit Object,Non-Related,Fixed Object,Not Applicable,Not Applicable,West Of,CURB is AOI vehicles are in the driveway,True,False,143901,CHARLOTTE AV,CLYDELLE AV,37.24623336,-121.93945
7013,682092,CR-0000091599,1,0,0,0,22-063-0618,False,False,0,3/4/2022 4:32:00 PM,No Pedestrians Involved,Dry,No Unusual Conditions,Daylight,Violation Driver 1,Controls Functioning,Clear,Broadside,Intersection,Other Vehicle,Not Applicable,Not Applicable,At,,False,False,47508,CURTNER AV,NEW JERSEY AV,37.2742094,-121.9272119
7014,692519,CR-0000097809,0,0,0,0,23-080-9701,False,True,51,3/16/2023 9:00:00 AM,No Pedestrians Involved,Dry,Other,Daylight,Unknown,No Controls Present/Factor,Clear,Other,Non-Related,Parked Vehicle,Not Applicable,Not Applicable,South Of,,False,False,47508,CURTNER AV,NEW JERSEY AV,37.2742094,-121.9272119
7015,712225,CR-0000101668,0,0,0,0,23-261-0211,False,False,51,9/18/2023 8:20:00 AM,No Pedestrians Involved,Dry,No Unusual Conditions,Daylight,Violation Driver 1,Controls Functioning,Clear,Rear End,Non-Related,Other Vehicle,Not Applicable,Not Applicable,Unknown,,False,True,47508,CURTNER AV,NEW JERSEY AV,37.2742094,-121.9272119
7016,691334,CR-0000097581,0,0,0,0,23-068-4003,False,True,51,3/1/2023 6:50:00 AM,No Pedestrians Involved,Unknown,Unknown,Unknown,Unknown,Unknown,Unknown,Sideswipe,Non-Related,Parked Vehicle,Not Applicable,Not Applicable,East Of,,False,False,38576,CHEYENNE LN,CHINOOK LN,37.24423964,-121.8343495
7017,681911,CR-0000091404,1,0,0,0,22-047-0725,False,False,0,2/16/2022 4:14:00 PM,No Pedestrians Involved,Dry,No Unusual Conditions,Daylight,Violation Driver 1,Controls Functioning,Clear,Broadside,Intersection,Other Vehicle,Not Applicable,Not Applicable,At,,False,False,28544,CALERO AV,SNELL AV,37.24207351,-121.8306876
7018,688773,CR-0000094617,0,0,0,0,22-290-4000,False,True,51,10/17/2022 7:45:00 AM,No Pedestrians Involved,Unknown,Unknown,Daylight,Unknown,Unknown,Unknown,Vehicle/Bike,Non-Related,Bike,Not Applicable,Not Applicable,Unknown,,False,True,28544,CALERO AV,SNELL AV,37.24207351,-121.8306876
7019,711616,CR-0000100991,0,0,0,0,23-261-0170,False,False,0,9/18/2023 7:33:00 AM,No Pedestrians Involved,Dry,No Unusual Conditions,Daylight,Violation Driver 1,Controls Functioning,Clear,Rear End,Intersection,Other Vehicle,Not Applicable,Not Applicable,At,,False,False,28544,CALERO AV,SNELL AV,37.24207351,-121.8306876
7020,690744,CR-0000096881,1,0,0,0,23-020-0972,False,False,169,1/20/2023 7:00:00 PM,No Pedestrians Involved,Dry,No Unusual Conditions,Dark - Street Light,Violation Driver 1,No Controls Present/Factor,Clear,Sideswipe,Non-Related,Parked Vehicle,Not Applicable,Not Applicable,North Of,,False,False,121990,FORD RD,SUNSPRING CI,37.2537943,-121.7960222
7021,681336,CR-0000090725,0,1,0,0,22-014-0172,False,False,0,1/14/2022 8:28:00 AM,No Pedestrians Involved,Dry,No Unusual Conditions,Daylight,Violation Driver 1,No Controls Present/Factor,Clear,Vehicle/Pedestrian,Intersection,Pedestrian,Not Applicable,Not Applicable,At,PEDESTRIAN,False,False,28401,CALERO AV,COMANCHE DR,37.24211028,-121.8351719
7022,681168,CR-0000090555,0,0,0,0,22-022-0460,False,False,0,1/22/2022 2:00:00 PM,No Pedestrians Involved,Dry,No Unusual Conditions,Daylight,Violation Driver 1,Controls Functioning,Clear,Rear End,Intersection,Other Vehicle,Not Applicable,Not Applicable,At,,False,False,17390,BERRYESSA RD,CAPITOL AV,37.38655812,-121.8605608
7023,681687,CR-0000091084,0,0,0,0,22-059-0980,False,False,0,2/28/2022 11:53:00 AM,No Pedestrians Involved,Dry,No Unusual Conditions,Daylight,Violation Driver 1,Controls Functioning,Clear,Rear End,Intersection,Other Vehicle,Not Applicable,Not Applicable,At,,False,False,17390,BERRYESSA RD,CAPITOL AV,37.38655812,-121.8605608
7024,690446,CR-0000096551,0,0,0,0,22-121-9704,False,True,,4/20/2022 4:00:00 PM,No Pedestrians Involved,Dry,No Unusual Conditions,Daylight,Unknown,Controls Functioning,Clear,Sideswipe,Related,Other Vehicle,Not Applicable,Not Applicable,North Of,,False,False,17390,BERRYESSA RD,CAPITOL AV,37.38655812,-121.8605608
7025,682851,CR-0000092417,1,0,0,0,22-146-0781,False,False,136,5/26/2022 4:58:00 PM,No Pedestrians Involved,Dry,No Unusual Conditions,Daylight,Violation Driver 1,Controls Functioning,Cloudy,Broadside,Non-Related,Other Vehicle,Not Applicable,Not Applicable,West Of,,False,False,17390,BERRYESSA RD,CAPITOL AV,37.38655812,-121.8605608
7026,688884,CR-0000094741,0,1,0,0,22-276-0537,False,False,0,10/3/2022 2:00:00 PM,No Pedestrians Involved,Dry,No Unusual Conditions,Daylight,Bike At Fault,Controls Functioning,Clear,Vehicle/Bike,Intersection,Bike,Not Applicable,Not Applicable,At,BIKE,False,True,17390,BERRYESSA RD,CAPITOL AV,37.38655812,-121.8605608
7027,688880,CR-0000094736,0,1,0,0,22-277-0822,False,False,87,10/4/2022 7:06:00 PM,Not In Road,Dry,No Unusual Conditions,Dark - Street Light,Violation Driver 1,Controls Functioning,Clear,Vehicle/Pedestrian,Non-Related,Pedestrian,North,South,South Of,PEDESTRIAN,False,False,17390,BERRYESSA RD,CAPITOL AV,37.38655812,-121.8605608
7028,684800,CR-0000093383,0,0,0,0,22-226-0285,False,False,180,8/14/2022 6:48:00 AM,No Pedestrians Involved,Dry,No Unusual Conditions,Daylight,Violation Driver 1,No Controls Present/Factor,Clear,Sideswipe,Non-Related,Other Vehicle,Not Applicable,Not Applicable,West Of,,False,False,17390,BERRYESSA RD,CAPITOL AV,37.38655812,-121.8605608
7029,685273,CR-0000093953,0,0,0,0,22-244-0725,False,False,0,9/1/2022 4:50:00 PM,No Pedestrians Involved,Dry,No Unusual Conditions,Daylight,Violation Driver 1,Controls Not Functioning,Clear,Broadside,Intersection,Other Vehicle,Not Applicable,Not Applicable,At,MALFUNCTIONING TRAFFIC LIGHTS,False,False,17390,BERRYESSA RD,CAPITOL AV,37.38655812,-121.8605608
7030,687428,CR-0000094207,0,1,0,0,22-251-0122,False,False,114,9/8/2022 5:57:00 AM,Crossing - Not In Crosswalk,Dry,No Unusual Conditions,Dark - Street Light,Pedestrian At Fault,Controls Functioning,Clear,Vehicle/Pedestrian,Non-Related,Pedestrian,North,South,West Of,PED,False,False,17390,BERRYESSA RD,CAPITOL AV,37.38655812,-121.8605608
7031,690761,CR-0000096898,1,0,0,0,23-008-0329,False,False,235,1/8/2023 11:57:00 AM,No Pedestrians Involved,Dry,No Unusual Conditions,Daylight,Violation Driver 1,No Controls Present/Factor,Clear,Vehicle/Bike,Non-Related,Bike,Not Applicable,Not Applicable,North Of,BIKE,False,False,17390,BERRYESSA RD,CAPITOL AV,37.38655812,-121.8605608
7032,690677,CR-0000096811,0,1,0,0,23-012-0224,False,False,200,1/12/2023 9:08:00 AM,No Pedestrians Involved,Dry,No Unusual Conditions,Daylight,Unknown,No Controls Present/Factor,Clear,Vehicle/Bike,Non-Related,Bike,Not Applicable,Not Applicable,North Of,BIKE,False,False,17390,BERRYESSA RD,CAPITOL AV,37.38655812,-121.8605608
7033,689467,CR-0000095444,0,1,0,0,22-355-0544,False,False,75,12/21/2022 3:48:00 PM,No Pedestrians Involved,Dry,No Unusual Conditions,Daylight,Violation Driver 1,No Controls Present/Factor,Clear,Vehicle/Bike,Non-Related,Scooter Motorized,Not Applicable,Not Applicable,North Of,BIKE(E.Scooter),False,False,17390,BERRYESSA RD,CAPITOL AV,37.38655812,-121.8605608
7034,689932,CR-0000095997,1,0,0,0,22-227-0953,False,False,0,8/15/2022 9:32:00 PM,No Pedestrians Involved,Dry,No Unusual Conditions,Dark - Street Light,Violation Driver 1,Controls Functioning,Clear,Sideswipe,Intersection,Other Vehicle,Not Applicable,Not Applicable,At,,False,False,17390,BERRYESSA RD,CAPITOL AV,37.38655812,-121.8605608
7035,690015,CR-0000096060,0,1,0,0,22-274-0626,False,False,168,10/1/2022 4:11:00 PM,No Pedestrians Involved,Dry,No Unusual Conditions,Daylight,Violation Driver 1,Controls Functioning,Clear,Sideswipe,Non-Related,Other Vehicle,Not Applicable,Not Applicable,West Of,,False,False,17390,BERRYESSA RD,CAPITOL AV,37.38655812,-121.8605608
7036,690170,CR-0000096259,0,0,0,0,22-260-9707,False,False,51,9/6/2022 3:30:00 PM,No Pedestrians Involved,Dry,No Unusual Conditions,Daylight,Unknown,Controls Functioning,Clear,Sideswipe,Non-Related,Other Vehicle,Not Applicable,Not Applicable,West Of,,False,False,17390,BERRYESSA RD,CAPITOL AV,37.38655812,-121.8605608
7037,690435,CR-0000096535,0,0,0,0,22-282-0209,False,False,144,10/9/2022 4:58:00 AM,No Pedestrians Involved,Dry,No Unusual Conditions,Unknown,Violation Driver 1,Controls Functioning,Clear,Hit Object,Non-Related,Other Object,Not Applicable,Not Applicable,North Of,,False,False,17390,BERRYESSA RD,CAPITOL AV,37.38655812,-121.8605608
7038,690994,CR-0000097165,0,0,0,0,23-042-4000,False,True,,2/11/2023 11:35:00 AM,No Pedestrians Involved,Unknown,Unknown,Daylight,Unknown,Unknown,Unknown,Rear End,Related,Other Vehicle,Not Applicable,Not Applicable,South Of,,False,False,17390,BERRYESSA RD,CAPITOL AV,37.38655812,-121.8605608
7039,691070,CR-0000097243,1,0,0,0,23-057-0756,False,False,0,2/26/2023 8:25:00 PM,No Pedestrians Involved,Wet,No Unusual Conditions,Dark - Street Light,Violation Driver 1,Controls Functioning,Rain,Broadside,Intersection,Other Vehicle,Not Applicable,Not Applicable,At,,False,False,17390,BERRYESSA RD,CAPITOL AV,37.38655812,-121.8605608
7040,692464,CR-0000097752,1,0,0,0,23-072-0899,False,False,0,3/13/2023 7:54:00 PM,No Pedestrians Involved,Wet,No Unusual Conditions,Dark - Street Light,Violation Driver 1,Controls Functioning,Clear,Head On,Intersection,Other Vehicle,Not Applicable,Not Applicable,At,,True,False,17390,BERRYESSA RD,CAPITOL AV,37.38655812,-121.8605608
7041,694335,CR-0000098279,1,0,0,0,23-172-0080,False,False,27,6/21/2023 2:23:00 AM,No Pedestrians Involved,Dry,No Unusual Conditions,Dark - Street Light,Bike At Fault,Controls Functioning,Clear,Vehicle/Bike,Related,Bike,Not Applicable,Not Applicable,West Of,BIKE,False,False,17390,BERRYESSA RD,CAPITOL AV,37.38655812,-121.8605608
7042,694090,CR-0000098004,1,0,0,0,23-100-0762,False,False,223,4/10/2023 5:08:00 PM,No Pedestrians Involved,Dry,Unknown,Daylight,Violation Driver 1,No Controls Present/Factor,Clear,Vehicle/Bike,Non-Related,Bike,Not Applicable,Not Applicable,North Of,BIKE,False,False,17390,BERRYESSA RD,CAPITOL AV,37.38655812,-121.8605608
7043,696393,CR-0000099570,0,0,0,0,23-149-0411,False,False,246,5/29/2023 12:50:00 PM,No Pedestrians Involved,Dry,No Unusual Conditions,Daylight,Violation Driver 1,No Controls Present/Factor,Clear,Broadside,Non-Related,Other Vehicle,Not Applicable,Not Applicable,East Of,,False,True,17390,BERRYESSA RD,CAPITOL AV,37.38655812,-121.8605608
7044,696243,CR-0000099390,1,1,0,0,23-175-0974,False,False,181,5/24/2023 11:36:00 PM,No Pedestrians Involved,Dry,No Unusual Conditions,Dark - No Street Light,Violation Driver 1,Controls Functioning,Clear,Broadside,Non-Related,Other Vehicle,Not Applicable,Not Applicable,North Of,,False,False,17390,BERRYESSA RD,CAPITOL AV,37.38655812,-121.8605608
7045,695999,CR-0000099134,0,0,0,0,23-228-4001,False,True,,8/16/2023 8:05:00 AM,No Pedestrians Involved,Unknown,Unknown,Unknown,Unknown,Unknown,Unknown,Rear End,Related,Other Vehicle,Not Applicable,Not Applicable,Unknown,,False,False,17390,BERRYESSA RD,CAPITOL AV,37.38655812,-121.8605608
7046,694535,CR-0000098529,1,0,0,0,23-195-0582,False,False,150,7/14/2023 4:26:00 PM,No Pedestrians Involved,Dry,No Unusual Conditions,Daylight,Violation Driver 1,Controls Functioning,Clear,Hit Object,Non-Related,Fixed Object,Not Applicable,Not Applicable,East Of,,True,True,17390,BERRYESSA RD,CAPITOL AV,37.38655812,-121.8605608
7047,711783,CR-0000101463,0,0,0,0,23-259-9706,False,True,,9/15/2023 5:07:00 PM,No Pedestrians Involved,Dry,No Unusual Conditions,Daylight,Unknown,Controls Functioning,Clear,Sideswipe,Non-Related,Other Vehicle,Not Applicable,Not Applicable,Unknown,,False,False,17390,BERRYESSA RD,CAPITOL AV,37.38655812,-121.8605608
7048,712182,CR-0000101613,0,0,0,0,23-353-4012,False,True,51,12/19/2023 2:09:00 PM,No Pedestrians Involved,Unknown,Unknown,Unknown,Unknown,Unknown,Unknown,Sideswipe,Non-Related,Other Vehicle,Not Applicable,Not Applicable,West Of,,False,False,17390,BERRYESSA RD,CAPITOL AV,37.38655812,-121.8605608
7049,716097,CR-0000102056,0,2,0,0,24-017-0120,False,False,0,1/17/2024 6:20:00 AM,No Pedestrians Involved,Wet,No Unusual Conditions,Daylight,Unknown,Controls Functioning,Cloudy,Broadside,Intersection,Other Vehicle,Not Applicable,Not Applicable,At,,False,False,17390,BERRYESSA RD,CAPITOL AV,37.38655812,-121.8605608
7050,719504,CR-0000102624,0,1,0,0,24-089-0016,False,False,72,3/29/2024 12:00:00 AM,No Pedestrians Involved,Dry,No Unusual Conditions,Dark - Street Light,Violation Driver 1,Controls Functioning,Clear,Sideswipe,Non-Related,Other Vehicle,Not Applicable,Not Applicable,West Of,,False,True,17390,BERRYESSA RD,CAPITOL AV,37.38655812,-121.8605608
7051,722059,CR-0000103313,0,0,0,0,24-062-0481,False,False,102,3/2/2024 2:34:00 PM,No Pedestrians Involved,Wet,No Unusual Conditions,Daylight,Violation Driver 1,Controls Functioning,Clear,Other,Non-Related,Non-Collision,Not Applicable,Not Applicable,West Of,MC,False,False,17390,BERRYESSA RD,CAPITOL AV,37.38655812,-121.8605608
7052,722090,CR-0000103344,0,0,0,0,24-066-4005,False,True,51,3/6/2024 12:40:00 PM,No Pedestrians Involved,Unknown,Unknown,Unknown,Unknown,Unknown,Unknown,Rear End,Non-Related,Other Vehicle,Not Applicable,Not Applicable,Unknown,,False,False,17390,BERRYESSA RD,CAPITOL AV,37.38655812,-121.8605608
7053,722378,CR-0000103672,0,0,0,0,24-096-0053,False,False,585,4/5/2024 2:35:00 AM,No Pedestrians Involved,Wet,No Unusual Conditions,Dark - Street Light,Violation Driver 1,No Controls Present/Factor,Rain,Rear End,Non-Related,Parked Vehicle,Not Applicable,Not Applicable,South Of,,False,True,17390,BERRYESSA RD,CAPITOL AV,37.38655812,-121.8605608
7054,682999,CR-0000092517,2,0,0,0,22-160-0636,False,False,0,6/9/2022 4:45:00 PM,No Pedestrians Involved,Dry,No Unusual Conditions,Daylight,Violation Driver 1,Controls Functioning,Clear,Head On,Intersection,Other Vehicle,Not Applicable,Not Applicable,At,,True,False,32548,CAPITOL AV,OHLONE DR,37.38830451,-121.8623186
7055,694639,CR-0000098672,1,0,0,0,23-210-0761,False,False,0,7/29/2023 8:01:00 PM,No Pedestrians Involved,Dry,No Unusual Conditions,Daylight,Violation Driver 1,Controls Functioning,Clear,Sideswipe,Intersection,Other Vehicle,Not Applicable,Not Applicable,At,,False,False,32548,CAPITOL AV,OHLONE DR,37.38830451,-121.8623186
7056,692588,CR-0000097879,0,1,0,0,23-116-0567,False,False,18,4/26/2023 3:44:00 PM,No Pedestrians Involved,Dry,No Unusual Conditions,Daylight,Violation Driver 1,Controls Functioning,Clear,Vehicle/Bike,Related,Bike,Not Applicable,Not Applicable,South Of,BIKE,False,False,32548,CAPITOL AV,OHLONE DR,37.38830451,-121.8623186
7057,690258,CR-0000096349,0,0,0,0,22-261-4002,False,True,0,9/18/2022 5:21:00 PM,No Pedestrians Involved,Unknown,Unknown,Unknown,Unknown,Unknown,Unknown,Broadside,Intersection,Unknown,Not Applicable,Not Applicable,At,,False,False,32548,CAPITOL AV,OHLONE DR,37.38830451,-121.8623186
7058,722321,CR-0000103615,0,0,0,0,24-092-9708,False,True,51,3/30/2024 6:00:00 PM,No Pedestrians Involved,Wet,No Unusual Conditions,Daylight,Unknown,Unknown,Rain,Rear End,Non-Related,Other Vehicle,Not Applicable,Not Applicable,South Of,,False,False,32548,CAPITOL AV,OHLONE DR,37.38830451,-121.8623186
7059,716010,CR-0000101962,1,0,0,0,24-060-9705,False,True,0,11/27/2023 9:30:00 PM,No Pedestrians Involved,Dry,No Unusual Conditions,Dark - Street Light,Unknown,Unknown,Clear,Rear End,Intersection,Other Vehicle,Not Applicable,Not Applicable,At,,False,False,32548,CAPITOL AV,OHLONE DR,37.38830451,-121.8623186
7060,682936,CR-0000092549,0,0,0,0,22-165-0229,True,False,0,6/14/2022 8:25:00 AM,No Pedestrians Involved,Dry,No Unusual Conditions,Daylight,Violation Driver 1,Unknown,Clear,Hit Object,Related,Fixed Object,Not Applicable,Not Applicable,At,ELECTRICAL BOX,False,False,25893,BROKAW RD,JUNCTION AV,37.37993941,-121.9091617
7061,683463,CR-0000093059,2,0,0,0,22-083-0903,False,False,0,3/24/2022 7:50:00 PM,No Pedestrians Involved,Dry,No Unusual Conditions,Dark - Street Light,Unknown,No Controls Present/Factor,Clear,Head On,Intersection,Other Vehicle,Not Applicable,Not Applicable,At,,False,False,25893,BROKAW RD,JUNCTION AV,37.37993941,-121.9091617
7062,682086,CR-0000091604,0,0,0,0,22-064-9703,False,True,0,3/4/2022 2:38:00 PM,No Pedestrians Involved,Dry,No Unusual Conditions,Daylight,Unknown,Controls Functioning,Clear,Broadside,Intersection,Other Vehicle,Not Applicable,Not Applicable,At,,False,False,25893,BROKAW RD,JUNCTION AV,37.37993941,-121.9091617
7063,684870,CR-0000093570,1,0,0,0,22-194-0520,False,False,51,7/13/2022 2:41:00 PM,No Pedestrians Involved,Dry,No Unusual Conditions,Daylight,Violation Driver 1,No Controls Present/Factor,Clear,Broadside,Non-Related,Other Vehicle,Not Applicable,Not Applicable,East Of,,False,False,25893,BROKAW RD,JUNCTION AV,37.37993941,-121.9091617
7064,683440,CR-0000093036,2,0,0,0,22-165-0223,False,False,58,6/14/2022 8:20:00 AM,No Pedestrians Involved,Dry,Unknown,Daylight,Unknown,Controls Not Functioning,Clear,Broadside,Non-Related,Other Vehicle,Not Applicable,Not Applicable,East Of,,False,False,25893,BROKAW RD,JUNCTION AV,37.37993941,-121.9091617
7065,715877,CR-0000101801,0,0,0,0,23-136-0116,False,False,0,5/16/2023 12:44:00 AM,No Pedestrians Involved,Dry,Reduced Roadway Width,Dark - Street Light,Violation Driver 1,No Controls Present/Factor,Clear,Rear End,Intersection,Other Vehicle,Not Applicable,Not Applicable,At,,True,False,25893,BROKAW RD,JUNCTION AV,37.37993941,-121.9091617
7066,711735,CR-0000101160,0,0,0,0,23-328-4002,False,True,51,11/22/2023 9:00:00 AM,No Pedestrians Involved,Unknown,Unknown,Unknown,Unknown,Unknown,Unknown,Broadside,Non-Related,Other Vehicle,Not Applicable,Not Applicable,South Of,,False,False,25893,BROKAW RD,JUNCTION AV,37.37993941,-121.9091617
7067,683078,CR-0000092642,0,0,0,0,22-173-0475,False,False,605,6/22/2022 12:37:00 PM,No Pedestrians Involved,Dry,No Unusual Conditions,Daylight,Violation Driver 1,Unknown,Clear,Sideswipe,Non-Related,Other Vehicle,Not Applicable,Not Applicable,South Of,,False,True,77934,JUNCTION AV,ROGERS AV,37.37323917,-121.9077047
7068,694252,CR-0000097927,1,0,0,0,23-109-0439,False,False,34,4/19/2023 1:25:00 PM,No Pedestrians Involved,Dry,No Unusual Conditions,Daylight,Violation Driver 1,No Controls Present/Factor,Clear,Rear End,Related,Other Vehicle,Not Applicable,Not Applicable,East Of,,True,False,25915,BROKAW RD,ROGERS AV,37.37872185,-121.9110752