_id,CrashFactId,Name,MinorInjuries,ModerateInjuries,SevereInjuries,FatalInjuries,TcrNumber,CityDamageFlag,ShortFormFlag,Distance,CrashDateTime,PedestrianAction,RoadwaySurface,RoadwayCondition,Lighting,PrimaryCollisionFactor,TrafficControl,Weather,CollisionType,ProximityToIntersection,VehicleInvolvedWith,PedestrianDirectionFrom,PedestrianDirectionTo,DirectionFromIntersection,Comment,SpeedingFlag,HitAndRunFlag,IntersectionNumber,AStreetName,BStreetName,Latitude,Longitude
7069,696449,CR-0000099626,0,0,0,0,23-110-0212,False,False,0,4/20/2023 8:45:00 AM,No Pedestrians Involved,Dry,No Unusual Conditions,Daylight,Violation Driver 1,No Controls Present/Factor,Clear,Broadside,Intersection,Other Vehicle,Not Applicable,Not Applicable,At,,False,True,25915,BROKAW RD,ROGERS AV,37.37872185,-121.9110752
7070,698753,CR-0000100006,1,0,0,0,23-266-0294,False,False,224,9/23/2023 10:20:00 AM,No Pedestrians Involved,Dry,No Unusual Conditions,Daylight,Violation Driver 1,No Controls Present/Factor,Clear,Sideswipe,Non-Related,Other Vehicle,Not Applicable,Not Applicable,West Of,,False,False,25915,BROKAW RD,ROGERS AV,37.37872185,-121.9110752
7071,688971,CR-0000094821,0,1,0,0,22-287-0881,False,False,60,10/14/2022 7:25:00 PM,Crossing - Not In Crosswalk,Dry,No Unusual Conditions,Dark - No Street Light,Violation Driver 1,Controls Functioning,Clear,Vehicle/Pedestrian,Non-Related,Pedestrian,East,West,North Of,PEDESTRIAN TRANSIENT,False,False,99945,PENITENCIA CREEK RD,PIEDMONT RD/WHITE RD,37.39044777,-121.8423326
7072,688961,CR-0000094820,0,0,0,0,22-287-0801,False,False,36,10/14/2022 6:16:00 PM,In Road - Includes Shoulder,Dry,No Unusual Conditions,Dusk - Dawn,Violation Driver 1,Controls Functioning,Clear,Vehicle/Bike,Related,Bike,Not Applicable,Not Applicable,East Of,BICYCLIST,False,False,99945,PENITENCIA CREEK RD,PIEDMONT RD/WHITE RD,37.39044777,-121.8423326
7073,685055,CR-0000093714,0,0,0,0,22-240-0787,True,False,0,8/28/2022 6:55:00 PM,No Pedestrians Involved,Dry,No Unusual Conditions,Daylight,Violation Driver 1,No Controls Present/Factor,Clear,Hit Object,Intersection,Fixed Object,Not Applicable,Not Applicable,At,CROSSWALK SIGN,False,False,80871,KYLE ST,WHITE RD,37.38652999,-121.8438047
7074,697569,CR-0000099780,0,0,0,0,23-143-0847,False,False,0,5/23/2023 7:03:00 PM,No Pedestrians Involved,Dry,No Unusual Conditions,Daylight,Violation Driver 1,No Controls Present/Factor,Clear,Broadside,Intersection,Other Vehicle,Not Applicable,Not Applicable,At,,False,True,80850,KYLE ST,PENITENCIA CREEK RD,37.38906755,-121.8462352
7075,695902,CR-0000099030,0,0,0,0,23-237-4001,False,True,0,8/24/2023 8:50:00 PM,No Pedestrians Involved,Unknown,Unknown,Unknown,Unknown,Unknown,Unknown,Rear End,Intersection,Other Vehicle,Not Applicable,Not Applicable,At,,False,False,96030,NOBLE AV,PIEDMONT RD,37.39256058,-121.8434232
7076,711825,CR-0000101050,0,0,0,0,23-295-9703,False,True,0,10/21/2023 6:45:00 PM,No Pedestrians Involved,Dry,No Unusual Conditions,Dark - Street Light,Unknown,Controls Functioning,Clear,Rear End,Intersection,Other Vehicle,Not Applicable,Not Applicable,At,,False,False,96030,NOBLE AV,PIEDMONT RD,37.39256058,-121.8434232
7077,685178,CR-0000093854,0,1,0,0,22-228-0272,False,False,0,8/16/2022 8:39:00 AM,No Pedestrians Involved,Dry,No Unusual Conditions,Daylight,Violation Driver 1,No Controls Present/Factor,Clear,Vehicle/Bike,Intersection,Bike,Not Applicable,Not Applicable,At,BIKE,False,False,23572,BRANHAM LANE EAST,EBERLY DR,37.26916894,-121.8148122
7078,690848,CR-0000096989,1,0,1,0,23-020-0114,False,False,0,1/20/2023 5:09:00 AM,No Pedestrians Involved,Dry,No Unusual Conditions,Dark - Street Light,Violation Driver 1,No Controls Present/Factor,Clear,Broadside,Intersection,Other Vehicle,Not Applicable,Not Applicable,At,,False,False,23572,BRANHAM LANE EAST,EBERLY DR,37.26916894,-121.8148122
7079,683121,CR-0000092686,0,1,0,0,22-173-0841,False,False,0,6/22/2022 7:18:00 PM,No Pedestrians Involved,Dry,No Unusual Conditions,Daylight,Violation Driver 1,Controls Functioning,Clear,Broadside,Intersection,Other Vehicle,Not Applicable,Not Applicable,At,,False,False,60686,FIRST ST,TRIMBLE RD,37.38599241,-121.9277368
7080,683047,CR-0000092647,0,0,0,0,22-173-0741,False,False,0,6/22/2022 5:26:00 PM,No Pedestrians Involved,Dry,No Unusual Conditions,Daylight,Violation Driver 1,Controls Functioning,Clear,Broadside,Intersection,Train,Not Applicable,Not Applicable,At,TRAIN,False,True,60686,FIRST ST,TRIMBLE RD,37.38599241,-121.9277368
7081,684706,CR-0000093335,0,0,0,0,22-179-0182,False,True,0,6/28/2022 8:01:00 AM,No Pedestrians Involved,Dry,No Unusual Conditions,Daylight,Unknown,Controls Not Functioning,Clear,Rear End,Intersection,Other Vehicle,Not Applicable,Not Applicable,At,,False,False,60686,FIRST ST,TRIMBLE RD,37.38599241,-121.9277368
7082,683163,CR-0000092755,0,0,0,0,22-041-4000,False,True,51,2/9/2022 4:30:00 PM,No Pedestrians Involved,Unknown,Unknown,Unknown,Unknown,Unknown,Unknown,Other,Non-Related,Other Vehicle,Not Applicable,Not Applicable,West Of,,False,False,60686,FIRST ST,TRIMBLE RD,37.38599241,-121.9277368
7083,691353,CR-0000097601,1,0,0,0,23-089-0060,False,False,0,3/30/2023 2:04:00 AM,No Pedestrians Involved,Dry,Unknown,Dark - Street Light,Violation Driver 1,Controls Functioning,Clear,Rear End,Intersection,Other Vehicle,Not Applicable,Not Applicable,At,,True,True,60686,FIRST ST,TRIMBLE RD,37.38599241,-121.9277368
7084,694222,CR-0000098131,1,1,0,0,23-128-0652,True,False,438,5/8/2023 6:20:00 PM,No Pedestrians Involved,Dry,No Unusual Conditions,Daylight,Violation Driver 1,Controls Functioning,Clear,Hit Object,Non-Related,Fixed Object,Not Applicable,Not Applicable,North Of,TREE,True,False,112221,TRIMBLE RD,ZANKER RD,37.38819445,-121.9243396
7085,682111,CR-0000091617,0,0,0,0,22-023-4004,False,True,51,1/21/2022 3:05:00 PM,No Pedestrians Involved,Unknown,Unknown,Daylight,Unknown,Unknown,Unknown,Sideswipe,Non-Related,Other Vehicle,Not Applicable,Not Applicable,East Of,,False,False,49060,DE LA CRUZ BL/SEABOARD AV,TRIMBLE RD,37.37947676,-121.9393821
7086,682048,CR-0000091559,0,0,0,0,22-065-9704,False,True,0,3/4/2022 7:30:00 AM,No Pedestrians Involved,Dry,No Unusual Conditions,Dark - Street Light,Unknown,Controls Functioning,Clear,Rear End,Intersection,Other Vehicle,Not Applicable,Not Applicable,At,,False,False,49060,DE LA CRUZ BL/SEABOARD AV,TRIMBLE RD,37.37947676,-121.9393821
7087,683382,CR-0000092974,0,0,0,0,22-178-0517,False,False,0,6/28/2022 9:09:00 AM,No Pedestrians Involved,Dry,No Unusual Conditions,Daylight,Violation Driver 1,Controls Functioning,Clear,Sideswipe,Intersection,Other Vehicle,Not Applicable,Not Applicable,At,,False,True,49060,DE LA CRUZ BL/SEABOARD AV,TRIMBLE RD,37.37947676,-121.9393821
7088,688964,CR-0000094824,0,1,0,0,22-287-0500,False,False,151,10/14/2022 1:51:00 PM,No Pedestrians Involved,Dry,Construction - Repair Zone,Daylight,Violation Driver 1,No Controls Present/Factor,Clear,Sideswipe,Non-Related,Other Vehicle,Not Applicable,Not Applicable,West Of,,False,False,49060,DE LA CRUZ BL/SEABOARD AV,TRIMBLE RD,37.37947676,-121.9393821
7089,689075,CR-0000094914,2,1,0,0,22-288-0506,False,False,0,10/15/2022 2:51:00 PM,No Pedestrians Involved,Dry,No Unusual Conditions,Daylight,Violation Driver 1,Controls Functioning,Clear,Broadside,Intersection,Other Vehicle,Not Applicable,Not Applicable,At,,False,False,49060,DE LA CRUZ BL/SEABOARD AV,TRIMBLE RD,37.37947676,-121.9393821
7090,698785,CR-0000100066,0,1,0,0,23-347-0735,False,False,190,12/13/2023 5:32:00 PM,No Pedestrians Involved,Dry,No Unusual Conditions,Dark - Street Light,Violation Driver 1,No Controls Present/Factor,Clear,Broadside,Non-Related,Other Vehicle,Not Applicable,Not Applicable,East Of,,False,False,49060,DE LA CRUZ BL/SEABOARD AV,TRIMBLE RD,37.37947676,-121.9393821
7091,699331,CR-0000100658,0,0,0,0,23-179-4000,False,True,51,6/27/2023 4:40:00 PM,No Pedestrians Involved,Unknown,Unknown,Unknown,Unknown,Unknown,Unknown,Rear End,Non-Related,Unknown,Not Applicable,Not Applicable,East Of,,False,False,49060,DE LA CRUZ BL/SEABOARD AV,TRIMBLE RD,37.37947676,-121.9393821
7092,719680,CR-0000102851,0,0,0,0,24-079-4010,False,True,51,1/15/2024 3:30:00 PM,No Pedestrians Involved,Unknown,Unknown,Unknown,Unknown,Unknown,Unknown,Rear End,Non-Related,Other Vehicle,Not Applicable,Not Applicable,East Of,,False,False,49060,DE LA CRUZ BL/SEABOARD AV,TRIMBLE RD,37.37947676,-121.9393821
7093,681633,CR-0000091030,0,0,0,1,22-061-0132,False,False,0,3/2/2022 5:34:00 AM,Crossing In Crosswalk - Not At Intersection,Dry,No Unusual Conditions,Dark - Street Light,Violation Driver 1,Controls Functioning,Clear,Vehicle/Pedestrian,Intersection,Pedestrian,East,West,At,PED,False,False,6160,ALUM ROCK AV,SINCLAIR FR,37.36017523,-121.8399895
7094,681812,CR-0000091221,0,0,0,0,22-081-0416,False,False,63,3/22/2022 12:00:00 PM,No Pedestrians Involved,Dry,No Unusual Conditions,Daylight,Violation Driver 1,No Controls Present/Factor,Clear,Rear End,Non-Related,Other Vehicle,Not Applicable,Not Applicable,West Of,,False,False,6160,ALUM ROCK AV,SINCLAIR FR,37.36017523,-121.8399895
7095,681609,CR-0000091006,1,0,0,0,22-047-0722,False,False,0,2/16/2022 4:12:00 PM,No Pedestrians Involved,Dry,No Unusual Conditions,Daylight,Violation Driver 1,Controls Functioning,Clear,Vehicle/Bike,Intersection,Bike,Not Applicable,Not Applicable,At,BIKE,False,False,6160,ALUM ROCK AV,SINCLAIR FR,37.36017523,-121.8399895
7096,683376,CR-0000092966,1,0,0,0,22-041-0578,False,False,90,2/10/2022 1:46:00 PM,No Pedestrians Involved,Dry,No Unusual Conditions,Daylight,Violation Driver 1,Controls Functioning,Clear,Rear End,Non-Related,Other Vehicle,Not Applicable,Not Applicable,West Of,,True,False,6160,ALUM ROCK AV,SINCLAIR FR,37.36017523,-121.8399895
7097,691253,CR-0000097478,0,0,0,0,23-039-0284,False,False,0,2/8/2023 10:11:00 AM,No Pedestrians Involved,Dry,No Unusual Conditions,Daylight,Violation Driver 1,Controls Functioning,Clear,Sideswipe,Intersection,Motor Vehicle On Other Roadway,Not Applicable,Not Applicable,At,,False,False,6160,ALUM ROCK AV,SINCLAIR FR,37.36017523,-121.8399895
7098,690020,CR-0000096065,1,1,0,0,22-303-0629,False,False,140,10/30/2022 4:50:00 PM,No Pedestrians Involved,Dry,No Unusual Conditions,Daylight,Violation Driver 1,Controls Functioning,Clear,Rear End,Non-Related,Other Vehicle,Not Applicable,Not Applicable,West Of,,True,True,6160,ALUM ROCK AV,SINCLAIR FR,37.36017523,-121.8399895
7099,691219,CR-0000097440,0,0,0,0,22-336-0891,True,False,57,12/2/2022 9:00:00 PM,No Pedestrians Involved,Dry,No Unusual Conditions,Dark - Street Light,Violation Driver 1,Controls Functioning,Clear,Hit Object,Non-Related,Fixed Object,Not Applicable,Not Applicable,East Of,LIGHT POLE,False,False,6160,ALUM ROCK AV,SINCLAIR FR,37.36017523,-121.8399895
7100,690558,CR-0000096679,1,0,0,0,23-006-0785,False,False,0,1/6/2023 7:26:00 PM,No Pedestrians Involved,Dry,No Unusual Conditions,Dark - Street Light,Violation Driver 1,Controls Functioning,Clear,Vehicle/Bike,Intersection,Bike,Not Applicable,Not Applicable,At,BIKE,False,False,6160,ALUM ROCK AV,SINCLAIR FR,37.36017523,-121.8399895
7101,690576,CR-0000096697,0,1,0,0,23-009-0682,False,False,0,1/9/2023 5:35:00 PM,No Pedestrians Involved,Dry,No Unusual Conditions,Dark - Street Light,Bike At Fault,Controls Functioning,Clear,Vehicle/Bike,Intersection,Bike,Not Applicable,Not Applicable,At,BIKE,False,False,6160,ALUM ROCK AV,SINCLAIR FR,37.36017523,-121.8399895
7102,712002,CR-0000101192,0,0,0,0,23-308-4000,False,True,51,11/1/2023 11:45:00 AM,No Pedestrians Involved,Unknown,Unknown,Unknown,Unknown,Unknown,Unknown,Rear End,Non-Related,Other Vehicle,Not Applicable,Not Applicable,East Of,,False,False,6160,ALUM ROCK AV,SINCLAIR FR,37.36017523,-121.8399895
7103,682994,CR-0000092577,1,3,1,0,22-174-0578,False,False,0,6/23/2022 4:12:00 PM,No Pedestrians Involved,Dry,No Unusual Conditions,Daylight,Violation Driver 1,Controls Functioning,Clear,Broadside,Intersection,Other Vehicle,Not Applicable,Not Applicable,At,,False,False,73810,HOPKINS DR,STORY RD,37.3436548,-121.8375636
7104,688887,CR-0000094745,1,0,0,0,22-278-0925,False,False,0,10/5/2022 9:30:00 PM,No Pedestrians Involved,Dry,No Unusual Conditions,Dark - Street Light,Violation Driver 2,Unknown,Clear,Rear End,Intersection,Other Vehicle,Not Applicable,Not Applicable,At,,True,False,73810,HOPKINS DR,STORY RD,37.3436548,-121.8375636
7105,687578,CR-0000094370,1,0,0,0,22-260-0443,False,False,208,9/17/2022 2:43:00 PM,No Pedestrians Involved,Dry,No Unusual Conditions,Daylight,Violation Driver 1,Controls Functioning,Clear,Rear End,Non-Related,Other Vehicle,Not Applicable,Not Applicable,East Of,,True,False,73810,HOPKINS DR,STORY RD,37.3436548,-121.8375636
7106,689392,CR-0000095345,1,0,0,0,22-331-0426,False,False,0,11/27/2022 6:21:00 PM,Crossing In Crosswalk - At Intersection,Dry,No Unusual Conditions,Daylight,Violation Driver 1,Controls Functioning,Clear,Vehicle/Pedestrian,Intersection,Pedestrian,South,North,At,PED,False,False,73810,HOPKINS DR,STORY RD,37.3436548,-121.8375636
7107,689227,CR-0000095163,1,0,0,0,22-301-0203,False,False,0,10/28/2022 8:50:00 AM,No Pedestrians Involved,Dry,No Unusual Conditions,Daylight,Violation Driver 1,Unknown,Clear,Vehicle/Bike,Intersection,Bike,Not Applicable,Not Applicable,At,BIKE,True,False,73810,HOPKINS DR,STORY RD,37.3436548,-121.8375636
7108,684746,CR-0000093359,0,0,0,0,22-182-1031,False,False,462,7/1/2022 11:00:00 PM,No Pedestrians Involved,Dry,No Unusual Conditions,Dark - Street Light,Violation Driver 1,Controls Functioning,Clear,Sideswipe,Non-Related,Parked Vehicle,Not Applicable,Not Applicable,South Of,,False,False,73810,HOPKINS DR,STORY RD,37.3436548,-121.8375636
7109,689761,CR-0000095782,1,0,0,0,22-167-0737,False,False,0,6/16/2022 8:12:00 PM,No Pedestrians Involved,Dry,No Unusual Conditions,Dark - Street Light,Violation Driver 1,Controls Functioning,Clear,Broadside,Intersection,Other Vehicle,Not Applicable,Not Applicable,At,,False,False,73810,HOPKINS DR,STORY RD,37.3436548,-121.8375636
7110,691028,CR-0000097200,0,0,0,0,23-044-4004,False,True,,2/13/2023 6:20:00 PM,No Pedestrians Involved,Unknown,Unknown,Unknown,Unknown,Unknown,Unknown,Rear End,Related,Other Vehicle,Not Applicable,Not Applicable,Unknown,,False,False,73810,HOPKINS DR,STORY RD,37.3436548,-121.8375636
7111,692569,CR-0000097860,0,1,0,0,23-097-0171,False,False,0,4/7/2023 6:30:00 AM,Crossing In Crosswalk - At Intersection,Wet,No Unusual Conditions,Dark - Street Light,Violation Driver 1,Controls Functioning,Clear,Vehicle/Pedestrian,Intersection,Pedestrian,North,South,At,,False,False,73810,HOPKINS DR,STORY RD,37.3436548,-121.8375636
7112,695907,CR-0000099035,0,0,0,0,23-254-4007,False,True,51,9/10/2023 3:30:00 PM,No Pedestrians Involved,Unknown,Unknown,Unknown,Unknown,Unknown,Unknown,Other,Non-Related,Other Vehicle,Not Applicable,Not Applicable,West Of,,False,False,73810,HOPKINS DR,STORY RD,37.3436548,-121.8375636
7113,694420,CR-0000098383,0,1,0,0,23-155-0800,False,False,51,6/5/2023 10:20:00 PM,No Pedestrians Involved,Dry,No Unusual Conditions,Dark - Street Light,Violation Driver 1,Unknown,Clear,Vehicle/Bike,Non-Related,Bike,Not Applicable,Not Applicable,South Of,,False,True,73810,HOPKINS DR,STORY RD,37.3436548,-121.8375636
7114,696286,CR-0000099442,1,0,0,0,23-289-0548,False,False,0,10/16/2023 2:15:00 PM,Crossing In Crosswalk - At Intersection,Dry,No Unusual Conditions,Daylight,Violation Driver 1,Controls Functioning,Clear,Vehicle/Pedestrian,Intersection,Pedestrian,South,North,At,PED,False,False,73810,HOPKINS DR,STORY RD,37.3436548,-121.8375636
7115,711912,CR-0000100987,0,0,0,0,23-266-0372,False,False,111,9/23/2023 12:22:00 PM,No Pedestrians Involved,Dry,No Unusual Conditions,Daylight,Violation Driver 1,No Controls Present/Factor,Clear,Sideswipe,Non-Related,Parked Vehicle,Not Applicable,Not Applicable,South Of,,False,True,73810,HOPKINS DR,STORY RD,37.3436548,-121.8375636
7116,711767,CR-0000101526,0,0,0,0,23-365-0699,False,False,0,12/31/2023 8:54:00 PM,No Pedestrians Involved,Dry,No Unusual Conditions,Dark - Street Light,Violation Driver 1,Controls Functioning,Clear,Head On,Intersection,Other Vehicle,Not Applicable,Not Applicable,At,,False,True,73810,HOPKINS DR,STORY RD,37.3436548,-121.8375636
7117,719740,CR-0000102912,0,0,0,0,24-017-0794,True,False,420,1/17/2024 7:59:00 PM,No Pedestrians Involved,Dry,No Unusual Conditions,Dark - Street Light,Violation Driver 1,Controls Functioning,Clear,Hit Object,Non-Related,Fixed Object,Not Applicable,Not Applicable,West Of,TREESx2,True,True,73810,HOPKINS DR,STORY RD,37.3436548,-121.8375636
7118,719566,CR-0000102713,0,1,0,0,24-075-0696,False,False,63,3/15/2024 6:00:00 PM,No Pedestrians Involved,Dry,No Unusual Conditions,Daylight,Violation Driver 1,No Controls Present/Factor,Clear,Sideswipe,Non-Related,Motorcycle,Not Applicable,Not Applicable,East Of,MC,False,False,73810,HOPKINS DR,STORY RD,37.3436548,-121.8375636
7119,684965,CR-0000093616,0,0,0,0,22-217-0964,False,False,97,8/5/2022 4:30:00 PM,No Pedestrians Involved,Dry,No Unusual Conditions,Dark - Street Light Not Functioning,Violation Driver 1,No Controls Present/Factor,Clear,Sideswipe,Non-Related,Parked Vehicle,Not Applicable,Not Applicable,West Of,,True,True,32812,CAPITOL EX/SAN ANTONIO SR,JACKSON AV,37.35553912,-121.8406698
7120,685146,CR-0000093820,0,0,0,0,22-214-0564,True,False,17,8/2/2022 3:21:00 PM,No Pedestrians Involved,Dry,No Unusual Conditions,Daylight,Violation Driver 1,Controls Functioning,Cloudy,Rear End,Related,Other Vehicle,Not Applicable,Not Applicable,South Of,EMERGENCY VEHICLE/ POLICE,True,False,32812,CAPITOL EX/SAN ANTONIO SR,JACKSON AV,37.35553912,-121.8406698
7121,685237,CR-0000093917,1,0,0,0,22-273-0796,False,False,180,9/30/2022 5:19:00 PM,No Pedestrians Involved,Dry,No Unusual Conditions,Daylight,Violation Driver 1,Controls Functioning,Clear,Rear End,Non-Related,Other Vehicle,Not Applicable,Not Applicable,East Of,,True,False,32812,CAPITOL EX/SAN ANTONIO SR,JACKSON AV,37.35553912,-121.8406698
7122,689181,CR-0000095028,3,0,0,0,22-300-0893,False,False,,10/27/2022 9:34:00 PM,No Pedestrians Involved,Dry,No Unusual Conditions,Dark - Street Light,Violation Driver 1,Controls Functioning,Clear,Rear End,Related,Other Vehicle,Not Applicable,Not Applicable,South Of,,True,True,32812,CAPITOL EX/SAN ANTONIO SR,JACKSON AV,37.35553912,-121.8406698
7123,682750,CR-0000092332,1,0,0,0,22-156-0726,False,False,0,6/5/2022 7:01:00 PM,No Pedestrians Involved,Dry,No Unusual Conditions,Daylight,Violation Driver 1,Controls Functioning,Clear,Head On,Intersection,Other Vehicle,Not Applicable,Not Applicable,At,,False,False,32812,CAPITOL EX/SAN ANTONIO SR,JACKSON AV,37.35553912,-121.8406698
7124,682275,CR-0000091795,0,1,0,0,22-119-0501,False,False,,4/29/2022 3:20:00 PM,No Pedestrians Involved,Dry,No Unusual Conditions,Daylight,Violation Driver 1,No Controls Present/Factor,Clear,Sideswipe,Related,Other Vehicle,Not Applicable,Not Applicable,West Of,,False,True,32812,CAPITOL EX/SAN ANTONIO SR,JACKSON AV,37.35553912,-121.8406698
7125,695855,CR-0000098920,0,0,0,0,23-095-0827,False,False,200,4/5/2023 7:52:00 PM,No Pedestrians Involved,Dry,No Unusual Conditions,Daylight,Violation Driver 1,Controls Functioning,Clear,Sideswipe,Non-Related,Fixed Object,Not Applicable,Not Applicable,South Of,GATE,False,False,32812,CAPITOL EX/SAN ANTONIO SR,JACKSON AV,37.35553912,-121.8406698
7126,696562,CR-0000099759,1,0,0,0,23-269-0229,False,False,346,9/26/2023 8:52:00 AM,No Pedestrians Involved,Dry,No Unusual Conditions,Daylight,Violation Driver 1,Controls Functioning,Clear,Rear End,Non-Related,Other Vehicle,Not Applicable,Not Applicable,East Of,,False,False,32812,CAPITOL EX/SAN ANTONIO SR,JACKSON AV,37.35553912,-121.8406698
7127,698702,CR-0000099951,1,0,0,0,23-294-0469,False,False,754,10/21/2023 2:56:00 PM,No Pedestrians Involved,Dry,No Unusual Conditions,Daylight,Violation Driver 1,No Controls Present/Factor,Clear,Rear End,Non-Related,Motor Vehicle On Other Roadway,Not Applicable,Not Applicable,East Of,,False,False,32812,CAPITOL EX/SAN ANTONIO SR,JACKSON AV,37.35553912,-121.8406698
7128,692584,CR-0000097876,0,0,0,0,23-016-9701,False,True,0,12/31/2022 5:00:00 PM,No Pedestrians Involved,Wet,Unknown,Dusk - Dawn,Unknown,Controls Functioning,Rain,Rear End,Intersection,Other Vehicle,Not Applicable,Not Applicable,At,,False,False,32812,CAPITOL EX/SAN ANTONIO SR,JACKSON AV,37.35553912,-121.8406698
7129,694113,CR-0000098112,0,1,0,0,23-123-0339,True,False,0,5/3/2023 12:30:00 PM,No Pedestrians Involved,Dry,No Unusual Conditions,Daylight,Violation Driver 1,Controls Functioning,Cloudy,Broadside,Intersection,Other Vehicle,Not Applicable,Not Applicable,South Of,,False,False,32812,CAPITOL EX/SAN ANTONIO SR,JACKSON AV,37.35553912,-121.8406698
7130,690976,CR-0000097147,1,0,0,0,23-040-0679,False,False,0,2/9/2023 4:34:00 PM,No Pedestrians Involved,Dry,No Unusual Conditions,Daylight,Violation Driver 1,Controls Functioning,Clear,Broadside,Intersection,Other Vehicle,Not Applicable,Not Applicable,At,,False,False,32812,CAPITOL EX/SAN ANTONIO SR,JACKSON AV,37.35553912,-121.8406698
7131,690389,CR-0000096486,0,0,0,0,22-225-9703,False,True,0,8/11/2022 7:00:00 PM,No Pedestrians Involved,Dry,No Unusual Conditions,Daylight,Unknown,Controls Functioning,Clear,Rear End,Intersection,Other Vehicle,Not Applicable,Not Applicable,At,,False,True,32812,CAPITOL EX/SAN ANTONIO SR,JACKSON AV,37.35553912,-121.8406698
7132,690607,CR-0000096728,0,1,0,0,23-025-0458,False,False,0,1/25/2023 12:50:00 PM,No Pedestrians Involved,Dry,No Unusual Conditions,Daylight,Bike At Fault,Controls Functioning,Clear,Vehicle/Bike,Intersection,Bike,Not Applicable,Not Applicable,At,BIKE,False,False,32812,CAPITOL EX/SAN ANTONIO SR,JACKSON AV,37.35553912,-121.8406698
7133,691216,CR-0000097437,0,0,0,0,22-335-0847,True,False,116,12/1/2022 11:45:00 PM,No Pedestrians Involved,Wet,No Unusual Conditions,Dark - Street Light,Violation Driver 1,Controls Functioning,Clear,Hit Object,Non-Related,Fixed Object,Not Applicable,Not Applicable,West Of,TREE,False,False,32812,CAPITOL EX/SAN ANTONIO SR,JACKSON AV,37.35553912,-121.8406698
7134,690467,CR-0000096579,0,0,0,0,22-361-0283,False,False,41,12/27/2022 10:21:00 AM,Crossing In Crosswalk - At Intersection,Wet,Flooded,Daylight,Violation Driver 1,Controls Functioning,Rain,Vehicle/Pedestrian,Related,Pedestrian,North,South,North Of,PED,False,False,32812,CAPITOL EX/SAN ANTONIO SR,JACKSON AV,37.35553912,-121.8406698
7135,719739,CR-0000102911,0,1,0,0,24-017-0659,False,False,150,1/17/2024 5:17:00 PM,No Pedestrians Involved,Dry,No Unusual Conditions,Dusk - Dawn,Violation Driver 1,No Controls Present/Factor,Clear,Sideswipe,Non-Related,Other Vehicle,Not Applicable,Not Applicable,South Of,,False,False,32812,CAPITOL EX/SAN ANTONIO SR,JACKSON AV,37.35553912,-121.8406698
7136,719717,CR-0000102889,0,0,0,0,24-012-4009,False,True,51,1/9/2024 9:30:00 AM,No Pedestrians Involved,Unknown,Unknown,Unknown,Unknown,Unknown,Unknown,Rear End,Non-Related,Other Vehicle,Not Applicable,Not Applicable,East Of,,False,False,32812,CAPITOL EX/SAN ANTONIO SR,JACKSON AV,37.35553912,-121.8406698
7137,716239,CR-0000102204,0,2,0,0,24-037-0182,False,False,0,2/6/2024 8:04:00 AM,No Pedestrians Involved,Dry,No Unusual Conditions,Daylight,Unknown,Controls Functioning,Clear,Head On,Intersection,Other Vehicle,Not Applicable,Not Applicable,At,,False,False,32812,CAPITOL EX/SAN ANTONIO SR,JACKSON AV,37.35553912,-121.8406698
7138,716305,CR-0000102271,1,0,0,0,24-058-0178,False,False,0,2/27/2024 7:44:00 AM,No Pedestrians Involved,Dry,No Unusual Conditions,Daylight,Violation Driver 1,Unknown,Clear,Sideswipe,Intersection,Other Vehicle,Not Applicable,Not Applicable,At,,False,False,32812,CAPITOL EX/SAN ANTONIO SR,JACKSON AV,37.35553912,-121.8406698
7139,716036,CR-0000101732,0,0,0,0,23-224-0543,False,False,0,8/12/2023 4:11:00 PM,No Pedestrians Involved,Dry,No Unusual Conditions,Daylight,Violation Driver 1,Controls Functioning,Clear,Rear End,Intersection,Other Vehicle,Not Applicable,Not Applicable,West Of,,True,True,32812,CAPITOL EX/SAN ANTONIO SR,JACKSON AV,37.35553912,-121.8406698
7140,716242,CR-0000102248,1,0,0,0,24-053-0144,False,False,0,2/22/2024 7:05:00 AM,No Pedestrians Involved,Dry,No Unusual Conditions,Daylight,Violation Driver 1,Controls Functioning,Clear,Sideswipe,Intersection,Other Vehicle,Not Applicable,Not Applicable,At,,False,False,32834,CAPITOL EX,MASSAR PL,37.35551048,-121.8347303
7141,689683,CR-0000095665,0,0,0,0,22-353-0624,False,False,80,12/19/2022 5:35:00 PM,No Pedestrians Involved,Dry,No Unusual Conditions,Dark - Street Light,Violation Driver 1,No Controls Present/Factor,Clear,Broadside,Non-Related,Parked Vehicle,Not Applicable,Not Applicable,East Of,,False,False,65625,GEORGINIA AV,MASSAR PL,37.35465264,-121.8339367
7142,690477,CR-0000096587,0,0,0,0,22-345-0636,False,True,,12/11/2022 7:59:00 PM,No Pedestrians Involved,Wet,No Unusual Conditions,Dark - Street Light,Unknown,Controls Functioning,Rain,Rear End,Related,Other Vehicle,Not Applicable,Not Applicable,South Of,,False,False,39720,CLARENDON ST/FALLENLEAF LN,DE ANZA BL,37.30824082,-122.032261
7143,690836,CR-0000096975,0,0,0,0,23-015-0371,False,False,189,1/15/2023 1:00:00 PM,No Pedestrians Involved,Wet,Unknown,Daylight,Violation Driver 1,No Controls Present/Factor,Rain,Head On,Non-Related,Parked Vehicle,Not Applicable,Not Applicable,South Of,,False,False,39720,CLARENDON ST/FALLENLEAF LN,DE ANZA BL,37.30824082,-122.032261