_id,CrashFactId,Name,MinorInjuries,ModerateInjuries,SevereInjuries,FatalInjuries,TcrNumber,CityDamageFlag,ShortFormFlag,Distance,CrashDateTime,PedestrianAction,RoadwaySurface,RoadwayCondition,Lighting,PrimaryCollisionFactor,TrafficControl,Weather,CollisionType,ProximityToIntersection,VehicleInvolvedWith,PedestrianDirectionFrom,PedestrianDirectionTo,DirectionFromIntersection,Comment,SpeedingFlag,HitAndRunFlag,IntersectionNumber,AStreetName,BStreetName,Latitude,Longitude
7144,719825,CR-0000102998,0,0,0,0,24-038-4002,False,True,51,2/6/2024 6:03:00 PM,No Pedestrians Involved,Unknown,Unknown,Unknown,Unknown,Unknown,Unknown,Sideswipe,Non-Related,Other Vehicle,Not Applicable,Not Applicable,East Of,,False,False,39720,CLARENDON ST/FALLENLEAF LN,DE ANZA BL,37.30824082,-122.032261
7145,719562,CR-0000102709,0,0,0,0,24-080-9708,False,False,0,3/16/2024 2:30:00 PM,No Pedestrians Involved,Dry,No Unusual Conditions,Daylight,Unknown,No Controls Present/Factor,Clear,Rear End,Intersection,Other Vehicle,Not Applicable,Not Applicable,At,,False,False,39720,CLARENDON ST/FALLENLEAF LN,DE ANZA BL,37.30824082,-122.032261
7146,719499,CR-0000102619,1,0,0,0,24-085-9701,False,True,,3/21/2024 12:30:00 PM,No Pedestrians Involved,Dry,No Unusual Conditions,Daylight,Unknown,Controls Functioning,Clear,Sideswipe,Related,Other Vehicle,Not Applicable,Not Applicable,North Of,,False,False,39720,CLARENDON ST/FALLENLEAF LN,DE ANZA BL,37.30824082,-122.032261
7147,683549,CR-0000093146,0,0,0,0,22-210-0022,False,False,57,7/29/2022 12:22:00 AM,No Pedestrians Involved,Dry,No Unusual Conditions,Dark - Street Light,Violation Driver 1,No Controls Present/Factor,Clear,Rear End,Non-Related,Parked Vehicle,Not Applicable,Not Applicable,North Of,,False,True,95116,NEAL AV,OPAL DR,37.31178522,-121.9524022
7148,690207,CR-0000096297,0,0,0,0,22-313-0033,False,False,0,11/8/2022 7:00:00 AM,No Pedestrians Involved,Wet,No Unusual Conditions,Dark - Street Light,Unknown,No Controls Present/Factor,Rain,Rear End,Intersection,Other Vehicle,Not Applicable,Not Applicable,At,,False,True,95116,NEAL AV,OPAL DR,37.31178522,-121.9524022
7149,681592,CR-0000090988,1,0,0,0,22-044-0884,False,False,1056,2/13/2022 10:24:00 PM,No Pedestrians Involved,Dry,No Unusual Conditions,Dark - Street Light,Violation Driver 1,No Controls Present/Factor,Clear,Head On,Non-Related,Other Object,Not Applicable,Not Applicable,South Of,FENCE LINE DAMAGE (VTA),True,False,143142,COMMUNICATIONS HILL BL,MONTE VISTA DR,37.29483726,-121.8668471
7150,690816,CR-0000096955,1,0,0,0,23-030-0165,False,False,,1/30/2023 7:25:00 AM,No Pedestrians Involved,Dry,No Unusual Conditions,Daylight,Violation Driver 1,No Controls Present/Factor,Clear,Sideswipe,Non-Related,Other Vehicle,Not Applicable,Not Applicable,West Of,,False,False,71158,HAZEL DELL WY,MOORPARK AV,37.31590413,-121.9815077
7151,715858,CR-0000101846,0,0,0,0,23-066-9706,False,True,507,3/4/2023 10:00:00 AM,No Pedestrians Involved,Dry,Other,Dark - No Street Light,Unknown,Unknown,Clear,Rear End,Non-Related,Parked Vehicle,Not Applicable,Not Applicable,East Of,,False,True,38312,CHESLEY DR,GRIMSBY DR,37.28044222,-121.9831271
7152,683522,CR-0000093120,0,0,0,0,22-203-0332,False,False,0,7/22/2022 12:27:00 PM,No Pedestrians Involved,Dry,No Unusual Conditions,Daylight,Violation Driver 1,Controls Functioning,Clear,Rear End,Intersection,Other Vehicle,Not Applicable,Not Applicable,At,,True,False,92850,MONTEREY RD,OLD TULLY RD,37.30073371,-121.8582851
7153,685043,CR-0000093712,4,0,0,0,22-240-0583,False,False,250,8/28/2022 3:13:00 PM,No Pedestrians Involved,Dry,Unknown,Daylight,Violation Driver 1,Controls Functioning,Clear,Rear End,Non-Related,Other Vehicle,Not Applicable,Not Applicable,North Of,,True,False,92850,MONTEREY RD,OLD TULLY RD,37.30073371,-121.8582851
7154,690262,CR-0000096353,0,0,0,0,22-267-9702,False,True,0,9/22/2022 3:45:00 PM,No Pedestrians Involved,Dry,No Unusual Conditions,Daylight,Unknown,Controls Functioning,Clear,Rear End,Intersection,Other Vehicle,Not Applicable,Not Applicable,At,,False,False,92850,MONTEREY RD,OLD TULLY RD,37.30073371,-121.8582851
7155,690407,CR-0000096505,0,0,0,0,22-340-0035,True,False,96,12/6/2022 1:15:00 AM,No Pedestrians Involved,Wet,No Unusual Conditions,Dark - Street Light,Violation Driver 1,Controls Functioning,Rain,Hit Object,Non-Related,Fixed Object,Not Applicable,Not Applicable,North Of,fence and light,True,False,92850,MONTEREY RD,OLD TULLY RD,37.30073371,-121.8582851
7156,694432,CR-0000098395,1,1,1,0,23-159-0606,False,False,546,6/8/2023 4:23:00 PM,No Pedestrians Involved,Dry,No Unusual Conditions,Daylight,Violation Driver 1,Controls Functioning,Clear,Rear End,Non-Related,Other Vehicle,Not Applicable,Not Applicable,South Of,,True,False,92850,MONTEREY RD,OLD TULLY RD,37.30073371,-121.8582851
7157,683360,CR-0000092950,0,0,0,0,22-177-0183,False,False,720,6/26/2022 4:00:00 AM,No Pedestrians Involved,Dry,No Unusual Conditions,Dark - Street Light,Violation Driver 1,No Controls Present/Factor,Clear,Broadside,Non-Related,Other Vehicle,Not Applicable,Not Applicable,North Of,,True,True,92828,MONTEREY RD,UMBARGER RD,37.29471758,-121.8524311
7158,689313,CR-0000095273,0,0,0,0,22-300-0182,False,False,115,10/27/2022 8:06:00 AM,No Pedestrians Involved,Dry,No Unusual Conditions,Daylight,Violation Driver 1,Controls Functioning,Clear,Sideswipe,Non-Related,Other Vehicle,Not Applicable,Not Applicable,South Of,,False,True,92828,MONTEREY RD,UMBARGER RD,37.29471758,-121.8524311
7159,689551,CR-0000095528,1,0,0,0,22-341-0328,False,False,,12/7/2022 11:18:00 AM,No Pedestrians Involved,Dry,No Unusual Conditions,Daylight,Violation Driver 1,Controls Functioning,Clear,Rear End,Related,Other Vehicle,Not Applicable,Not Applicable,South Of,,True,False,92828,MONTEREY RD,UMBARGER RD,37.29471758,-121.8524311
7160,682202,CR-0000091777,1,0,0,0,22-095-0379,False,False,0,4/5/2022 11:52:00 AM,No Pedestrians Involved,Dry,No Unusual Conditions,Daylight,Violation Driver 1,Controls Functioning,Clear,Vehicle/Bike,Intersection,Bike,Not Applicable,Not Applicable,At,BIKE,False,False,92828,MONTEREY RD,UMBARGER RD,37.29471758,-121.8524311
7161,695842,CR-0000098907,0,0,0,0,23-092-0831,False,False,0,4/2/2023 10:33:00 PM,No Pedestrians Involved,Dry,No Unusual Conditions,Dark - Street Light,Violation Driver 1,Unknown,Clear,Rear End,Intersection,Other Vehicle,Not Applicable,Not Applicable,At,,True,True,92828,MONTEREY RD,UMBARGER RD,37.29471758,-121.8524311
7162,695974,CR-0000099109,0,0,0,0,23-217-0836,False,False,144,8/5/2023 9:59:00 PM,No Pedestrians Involved,Dry,No Unusual Conditions,Dark - Street Light,Violation Driver 1,Controls Functioning,Clear,Sideswipe,Non-Related,Parked Vehicle,Not Applicable,Not Applicable,South Of,,False,False,92828,MONTEREY RD,UMBARGER RD,37.29471758,-121.8524311
7163,699135,CR-0000100451,0,0,0,0,23-152-0909,False,False,0,6/1/2023 8:35:00 PM,No Pedestrians Involved,Dry,No Unusual Conditions,Dark - Street Light,Violation Driver 1,Controls Functioning,Clear,Rear End,Intersection,Other Vehicle,Not Applicable,Not Applicable,At,,False,True,92828,MONTEREY RD,UMBARGER RD,37.29471758,-121.8524311
7164,689854,CR-0000095880,1,0,0,0,22-246-0087,True,False,0,9/3/2022 1:53:00 AM,No Pedestrians Involved,Dry,No Unusual Conditions,Dark - Street Light,Violation Driver 1,Controls Functioning,Clear,Hit Object,Intersection,Fixed Object,Not Applicable,Not Applicable,At,Pole,False,False,92828,MONTEREY RD,UMBARGER RD,37.29471758,-121.8524311
7165,691129,CR-0000097325,0,0,0,0,23-033-9707,False,True,,2/1/2023 4:40:00 PM,No Pedestrians Involved,Dry,No Unusual Conditions,Daylight,Unknown,No Controls Present/Factor,Clear,Rear End,Related,Other Vehicle,Not Applicable,Not Applicable,North Of,,False,False,92828,MONTEREY RD,UMBARGER RD,37.29471758,-121.8524311
7166,692383,CR-0000097666,0,0,0,0,23-076-0177,False,False,42,3/17/2023 7:33:00 AM,No Pedestrians Involved,Dry,No Unusual Conditions,Daylight,Violation Driver 1,Controls Functioning,Clear,Rear End,Related,Other Vehicle,Not Applicable,Not Applicable,South Of,,True,True,92828,MONTEREY RD,UMBARGER RD,37.29471758,-121.8524311
7167,722387,CR-0000103681,0,1,0,0,24-096-0800,False,False,333,4/5/2024 9:30:00 PM,No Pedestrians Involved,Dry,No Unusual Conditions,Dark - Street Light,Violation Driver 1,No Controls Present/Factor,Cloudy,Sideswipe,Non-Related,Other Vehicle,Not Applicable,Not Applicable,North Of,,False,False,92828,MONTEREY RD,UMBARGER RD,37.29471758,-121.8524311
7168,716049,CR-0000102009,1,0,0,0,24-007-0080,False,False,0,1/7/2024 1:37:00 AM,No Pedestrians Involved,Dry,No Unusual Conditions,Dark - Street Light,Violation Driver 1,No Controls Present/Factor,Clear,Rear End,Intersection,Other Vehicle,Not Applicable,Not Applicable,At,,True,False,92696,MONTEREY RD,PULLMAN WY,37.29114406,-121.8488853
7169,681622,CR-0000091019,0,0,0,0,22-057-0803,False,False,0,2/26/2022 9:00:00 PM,No Pedestrians Involved,Dry,No Unusual Conditions,Dark - Street Light,Violation Driver 1,Controls Functioning,Clear,Rear End,Intersection,Other Vehicle,Not Applicable,Not Applicable,At,,False,False,92740,MONTEREY RD,SAN JOSE AV,37.31256896,-121.8700941
7170,681191,CR-0000090580,3,0,0,0,22-002-0671,False,False,89,1/2/2022 7:10:00 PM,No Pedestrians Involved,Dry,No Unusual Conditions,Dark - Street Light,Violation Driver 1,Controls Functioning,Clear,Rear End,Non-Related,Other Vehicle,Not Applicable,Not Applicable,North Of,,True,False,92740,MONTEREY RD,SAN JOSE AV,37.31256896,-121.8700941
7171,684717,CR-0000093434,1,1,0,0,22-185-1161,False,False,0,7/4/2022 11:45:00 PM,No Pedestrians Involved,Dry,No Unusual Conditions,Dark - Street Light,Violation Driver 1,Controls Functioning,Clear,Broadside,Intersection,Other Vehicle,Not Applicable,Not Applicable,At,,False,False,92740,MONTEREY RD,SAN JOSE AV,37.31256896,-121.8700941
7172,685038,CR-0000093707,1,0,0,0,22-238-0872,False,False,75,8/26/2022 8:25:00 PM,Crossing - Not In Crosswalk,Dry,No Unusual Conditions,Dark - Street Light,Pedestrian At Fault,No Controls Present/Factor,Clear,Vehicle/Pedestrian,Non-Related,Pedestrian,North,South,West Of,PEDESTRIAN,False,False,92740,MONTEREY RD,SAN JOSE AV,37.31256896,-121.8700941
7173,689561,CR-0000095538,0,1,0,0,22-362-0627,False,False,0,12/28/2022 5:30:00 PM,Crossing - Not In Crosswalk,Dry,No Unusual Conditions,Dark - Street Light,Pedestrian At Fault,Controls Functioning,Clear,Vehicle/Pedestrian,Intersection,Pedestrian,East,West,At,PED,False,False,92740,MONTEREY RD,SAN JOSE AV,37.31256896,-121.8700941
7174,699017,CR-0000100322,1,0,0,0,23-276-0182,False,False,70,10/3/2023 7:37:00 AM,No Pedestrians Involved,Dry,No Unusual Conditions,Daylight,Violation Driver 1,No Controls Present/Factor,Clear,Rear End,Non-Related,Other Vehicle,Not Applicable,Not Applicable,South Of,,True,True,92740,MONTEREY RD,SAN JOSE AV,37.31256896,-121.8700941
7175,696145,CR-0000099287,0,0,0,0,23-239-0853,True,False,232,8/27/2023 9:15:00 PM,No Pedestrians Involved,Dry,No Unusual Conditions,Dark - Street Light,Violation Driver 1,Controls Functioning,Clear,Rear End,Non-Related,Other Vehicle,Not Applicable,Not Applicable,South Of,TREE,True,True,92740,MONTEREY RD,SAN JOSE AV,37.31256896,-121.8700941
7176,699432,CR-0000100797,0,0,0,0,23-200-0726,False,False,0,7/19/2023 6:34:00 PM,No Pedestrians Involved,Dry,No Unusual Conditions,Daylight,Bike At Fault,Controls Functioning,Clear,Vehicle/Bike,Intersection,Bike,Not Applicable,Not Applicable,At,BIKE,False,False,92740,MONTEREY RD,SAN JOSE AV,37.31256896,-121.8700941
7177,719797,CR-0000102970,0,0,0,0,24-024-4003,False,True,0,1/24/2024 1:30:00 PM,No Pedestrians Involved,Unknown,Unknown,Daylight,Unknown,Unknown,Unknown,Sideswipe,Intersection,Other Vehicle,Not Applicable,Not Applicable,At,,False,False,92740,MONTEREY RD,SAN JOSE AV,37.31256896,-121.8700941
7178,684928,CR-0000093644,1,0,0,0,22-219-0784,False,False,0,8/7/2022 7:23:00 PM,No Pedestrians Involved,Dry,No Unusual Conditions,Daylight,Violation Driver 1,Controls Functioning,Clear,Rear End,Intersection,Other Vehicle,Not Applicable,Not Applicable,At,,True,False,92685,MONTEREY RD,PHELAN AV,37.31135287,-121.8688853
7179,689453,CR-0000095429,1,0,0,0,22-306-0901,False,False,21,11/2/2022 8:53:00 PM,No Pedestrians Involved,Dry,No Unusual Conditions,Dark - Street Light,Violation Driver 1,Unknown,Clear,Vehicle/Bike,Related,Bike,Not Applicable,Not Applicable,North Of,BIKE,False,False,92685,MONTEREY RD,PHELAN AV,37.31135287,-121.8688853
7180,681220,CR-0000090605,2,0,0,0,22-004-0724,False,False,255,1/4/2022 4:48:00 PM,No Pedestrians Involved,Dry,No Unusual Conditions,Daylight,Violation Driver 1,Controls Functioning,Clear,Rear End,Non-Related,Other Vehicle,Not Applicable,Not Applicable,South Of,,False,False,92685,MONTEREY RD,PHELAN AV,37.31135287,-121.8688853
7181,681272,CR-0000090658,0,1,0,0,22-020-9704,False,True,600,1/7/2022 3:00:00 PM,No Pedestrians Involved,Unknown,Unknown,Daylight,Violation Driver 1,Unknown,Unknown,Vehicle/Bike,Non-Related,Bike,Not Applicable,Not Applicable,East Of,BIKE,False,False,92685,MONTEREY RD,PHELAN AV,37.31135287,-121.8688853
7182,682561,CR-0000092128,0,0,0,0,22-143-0736,False,False,352,5/23/2022 5:28:00 PM,No Pedestrians Involved,Dry,No Unusual Conditions,Daylight,Violation Driver 1,Controls Functioning,Clear,Rear End,Non-Related,Other Vehicle,Not Applicable,Not Applicable,East Of,,True,False,92685,MONTEREY RD,PHELAN AV,37.31135287,-121.8688853
7183,682609,CR-0000092176,0,0,0,0,22-123-4000,False,True,51,5/3/2022 5:45:00 PM,No Pedestrians Involved,Unknown,Unknown,Daylight,Unknown,Unknown,Unknown,Sideswipe,Non-Related,Other Vehicle,Not Applicable,Not Applicable,North Of,,False,False,92685,MONTEREY RD,PHELAN AV,37.31135287,-121.8688853
7184,696058,CR-0000099193,0,0,0,0,23-023-4002,False,True,0,1/19/2023 12:15:00 PM,No Pedestrians Involved,Unknown,Unknown,Unknown,Unknown,Unknown,Unknown,Broadside,Intersection,Other Vehicle,Not Applicable,Not Applicable,At,,False,False,92685,MONTEREY RD,PHELAN AV,37.31135287,-121.8688853
7185,699222,CR-0000100543,0,0,0,0,23-164-4000,False,True,51,6/13/2023 7:45:00 AM,No Pedestrians Involved,Unknown,Unknown,Unknown,Unknown,Unknown,Unknown,Rear End,Non-Related,Other Vehicle,Not Applicable,Not Applicable,South Of,,False,False,92685,MONTEREY RD,PHELAN AV,37.31135287,-121.8688853
7186,715871,CR-0000101844,0,0,0,0,23-019-4002,False,True,0,1/19/2023 12:15:00 PM,No Pedestrians Involved,Unknown,Unknown,Unknown,Unknown,Unknown,Unknown,Broadside,Intersection,Other Vehicle,Not Applicable,Not Applicable,At,,False,False,92685,MONTEREY RD,PHELAN AV,37.31135287,-121.8688853
7187,681383,CR-0000090772,0,1,0,0,22-019-0123,False,False,728,1/19/2022 4:12:00 AM,No Pedestrians Involved,Dry,No Unusual Conditions,Dark - Street Light,Violation Driver 1,No Controls Present/Factor,Clear,Rear End,Non-Related,Other Vehicle,Not Applicable,Not Applicable,South Of,,False,False,120548,MONTEREY RD,STAUFFER BL,37.30839065,-121.8659363
7188,681549,CR-0000090945,1,0,0,0,22-039-0507,False,False,51,2/8/2022 1:30:00 PM,No Pedestrians Involved,Dry,No Unusual Conditions,Daylight,Violation Driver 1,Controls Functioning,Clear,Rear End,Non-Related,Other Vehicle,Not Applicable,Not Applicable,South Of,,False,False,120548,MONTEREY RD,STAUFFER BL,37.30839065,-121.8659363
7189,689300,CR-0000095254,2,0,0,0,22-305-0777,False,False,0,11/1/2022 6:18:00 PM,No Pedestrians Involved,Wet,No Unusual Conditions,Dark - Street Light,Violation Driver 1,Controls Functioning,Clear,Rear End,Intersection,Other Vehicle,Not Applicable,Not Applicable,At,,False,False,120548,MONTEREY RD,STAUFFER BL,37.30839065,-121.8659363
7190,696041,CR-0000099176,0,0,0,0,23-212-0051,True,False,144,7/31/2023 1:18:00 AM,No Pedestrians Involved,Dry,No Unusual Conditions,Dark - Street Light,Violation Driver 1,No Controls Present/Factor,Clear,Hit Object,Non-Related,Fixed Object,Not Applicable,Not Applicable,North Of,TREE,False,False,120548,MONTEREY RD,STAUFFER BL,37.30839065,-121.8659363
7191,694359,CR-0000098303,1,2,0,0,23-167-0734,False,False,244,6/16/2023 5:54:00 PM,No Pedestrians Involved,Dry,No Unusual Conditions,Daylight,Violation Driver 1,No Controls Present/Factor,Clear,Rear End,Non-Related,Other Vehicle,Not Applicable,Not Applicable,North Of,,False,False,120548,MONTEREY RD,STAUFFER BL,37.30839065,-121.8659363
7192,694307,CR-0000098215,0,0,0,1,23-125-1120,False,False,390,5/5/2023 11:08:00 PM,In Road - Includes Shoulder,Wet,No Unusual Conditions,Dark - Street Light,Unknown,No Controls Present/Factor,Rain,Vehicle/Pedestrian,Non-Related,Pedestrian,Unknown,Unknown,South Of,,False,True,120548,MONTEREY RD,STAUFFER BL,37.30839065,-121.8659363
7193,716044,CR-0000101922,0,0,0,0,23-360-0424,False,False,45,12/26/2023 2:26:00 PM,No Pedestrians Involved,Dry,No Unusual Conditions,Daylight,Violation Driver 1,Controls Functioning,Clear,Hit Object,Related,Fixed Object,Not Applicable,Not Applicable,North Of,PG&E POLE,False,True,120548,MONTEREY RD,STAUFFER BL,37.30839065,-121.8659363
7194,687579,CR-0000094371,2,0,0,0,22-262-0675,False,False,0,9/19/2022 5:35:00 PM,No Pedestrians Involved,Dry,No Unusual Conditions,Daylight,Violation Driver 1,Controls Functioning,Clear,Broadside,Intersection,Other Vehicle,Not Applicable,Not Applicable,At,,False,False,143362,MONTEREY RD,THE PLANT DW,37.30525564,-121.8628136
7195,683445,CR-0000093041,0,0,0,0,22-079-0949,False,False,144,3/20/2022 11:46:00 PM,No Pedestrians Involved,Dry,No Unusual Conditions,Dark - Street Light,Violation Driver 1,No Controls Present/Factor,Clear,Hit Object,Non-Related,Fixed Object,Not Applicable,Not Applicable,South Of,Telephone Pole,False,False,143362,MONTEREY RD,THE PLANT DW,37.30525564,-121.8628136
7196,692376,CR-0000097658,1,0,1,0,23-066-0045,True,False,100,3/7/2023 1:18:00 AM,No Pedestrians Involved,Wet,No Unusual Conditions,Dark - Street Light,Violation Driver 1,Controls Functioning,Rain,Hit Object,Non-Related,Fixed Object,Not Applicable,Not Applicable,North Of,"Tree, light pole",False,False,143362,MONTEREY RD,THE PLANT DW,37.30525564,-121.8628136
7197,689575,CR-0000095552,0,0,0,0,22-353-0893,False,False,0,12/19/2022 11:37:00 PM,No Pedestrians Involved,Dry,No Unusual Conditions,Dark - Street Light,Violation Driver 1,Controls Functioning,Clear,Hit Object,Intersection,Fixed Object,Not Applicable,Not Applicable,At,Chain Link Fence,False,False,143362,MONTEREY RD,THE PLANT DW,37.30525564,-121.8628136
7198,689964,CR-0000095975,0,1,0,0,22-312-0912,False,False,166,11/8/2022 11:13:00 PM,No Pedestrians Involved,Wet,No Unusual Conditions,Dark - Street Light,Violation Driver 1,No Controls Present/Factor,Rain,Vehicle/Bike,Non-Related,Bike,Not Applicable,Not Applicable,South Of,BIKE,False,False,143362,MONTEREY RD,THE PLANT DW,37.30525564,-121.8628136
7199,696355,CR-0000099510,0,0,0,1,23-154-1081,False,False,607,6/3/2023 11:58:00 PM,No Pedestrians Involved,Dry,No Unusual Conditions,Dark - Street Light,Violation Driver 1,No Controls Present/Factor,Clear,Vehicle/Bike,Non-Related,Bike,Not Applicable,Not Applicable,North Of,BIKE(DELAYED),True,True,143362,MONTEREY RD,THE PLANT DW,37.30525564,-121.8628136
7200,711795,CR-0000101290,0,0,0,0,23-227-0187,False,False,51,8/15/2023 7:17:00 AM,No Pedestrians Involved,Dry,No Unusual Conditions,Daylight,Violation Driver 1,Controls Functioning,Clear,Rear End,Non-Related,Other Vehicle,Not Applicable,Not Applicable,South Of,,False,True,143362,MONTEREY RD,THE PLANT DW,37.30525564,-121.8628136
7201,711828,CR-0000101563,0,0,0,0,23-359-0627,True,False,0,12/25/2023 9:45:00 PM,No Pedestrians Involved,Dry,No Unusual Conditions,Dark - Street Light,Violation Driver 1,Controls Functioning,Clear,Hit Object,Intersection,Fixed Object,Not Applicable,Not Applicable,At,MEDIAN FENCE,True,False,143362,MONTEREY RD,THE PLANT DW,37.30525564,-121.8628136
7202,717460,CR-0000102484,1,0,0,0,24-080-0404,False,False,530,3/20/2024 12:09:00 PM,No Pedestrians Involved,Dry,Construction - Repair Zone,Daylight,Violation Driver 1,No Controls Present/Factor,Clear,Sideswipe,Non-Related,Other Vehicle,Not Applicable,Not Applicable,North Of,,False,False,143362,MONTEREY RD,THE PLANT DW,37.30525564,-121.8628136
7203,681989,CR-0000091498,0,1,0,0,22-061-0546,True,False,0,3/2/2022 2:22:00 PM,No Pedestrians Involved,Dry,No Unusual Conditions,Daylight,Violation Driver 1,No Controls Present/Factor,Clear,Head On,Intersection,Fixed Object,Not Applicable,Not Applicable,At,Tree,False,False,73974,HOSTETTER RD,MESSINA DR,37.40575756,-121.8580492
7204,691308,CR-0000097553,0,0,0,0,23-061-4004,False,True,51,3/2/2023 6:15:00 PM,No Pedestrians Involved,Unknown,Unknown,Unknown,Unknown,Unknown,Unknown,Other,Non-Related,Parked Vehicle,Not Applicable,Not Applicable,North Of,,False,False,73974,HOSTETTER RD,MESSINA DR,37.40575756,-121.8580492
7205,697621,CR-0000099840,0,1,0,0,23-291-0623,False,False,0,10/16/2023 3:00:00 PM,No Pedestrians Involved,Dry,No Unusual Conditions,Daylight,Violation Driver 1,Controls Functioning,Clear,Vehicle/Bike,Intersection,Scooter Motorized,Not Applicable,Not Applicable,At,E.SCOOTER,False,True,74128,HOSTETTER RD,SUN LN,37.40659528,-121.8567732
7206,696039,CR-0000099174,0,0,0,0,23-208-0697,False,False,51,7/26/2023 11:00:00 PM,No Pedestrians Involved,Dry,No Unusual Conditions,Dark - Street Light,Violation Driver 1,No Controls Present/Factor,Clear,Sideswipe,Non-Related,Parked Vehicle,Not Applicable,Not Applicable,East Of,,True,True,73930,HOSTETTER RD,JAPAUL LN,37.40690859,-121.8559828
7207,716170,CR-0000102124,0,0,2,0,24-028-0754,False,False,0,1/28/2024 8:43:00 PM,Crossing - Not In Crosswalk,Dry,No Unusual Conditions,Dark - Street Light,Violation Driver 1,Unknown,Clear,Vehicle/Pedestrian,Intersection,Pedestrian,South,North,At,PEDESTRIAN X2,False,False,73930,HOSTETTER RD,JAPAUL LN,37.40690859,-121.8559828
7208,689818,CR-0000095844,1,0,0,0,22-338-0504,True,False,63,12/4/2022 3:37:00 PM,No Pedestrians Involved,Dry,No Unusual Conditions,Daylight,Violation Driver 1,No Controls Present/Factor,Clear,Hit Object,Non-Related,Fixed Object,Not Applicable,Not Applicable,North Of,TREE,False,False,88769,MATTOS AV,PIEDMONT RD,37.40497924,-121.8495142
7209,694566,CR-0000098590,0,2,0,0,23-200-0607,False,False,0,7/19/2023 4:43:00 PM,No Pedestrians Involved,Dry,No Unusual Conditions,Daylight,Violation Driver 1,Unknown,Clear,Broadside,Intersection,Other Vehicle,Not Applicable,Not Applicable,At,,False,False,97756,ORCHARD PW,PLUMERIA DR,37.38938597,-121.9353551
7210,681231,CR-0000090616,0,0,0,0,22-005-0598,False,False,0,1/5/2022 2:55:00 PM,No Pedestrians Involved,Dry,No Unusual Conditions,Daylight,Violation Driver 1,Controls Functioning,Clear,Rear End,Intersection,Other Vehicle,Not Applicable,Not Applicable,At,,False,False,97767,ORCHARD PW,TRIMBLE RD,37.38423057,-121.9316004
7211,688898,CR-0000094756,2,0,0,0,22-278-0560,False,False,0,10/5/2022 2:32:00 PM,No Pedestrians Involved,Dry,No Unusual Conditions,Daylight,Violation Driver 1,Unknown,Clear,Broadside,Intersection,Other Vehicle,Not Applicable,Not Applicable,At,,False,False,97767,ORCHARD PW,TRIMBLE RD,37.38423057,-121.9316004
7212,694631,CR-0000098664,1,0,0,0,23-209-0147,False,False,0,7/28/2023 4:53:00 AM,No Pedestrians Involved,Dry,No Unusual Conditions,Dark - Street Light,Violation Driver 1,Controls Functioning,Clear,Sideswipe,Intersection,Other Vehicle,Not Applicable,Not Applicable,At,,False,False,97767,ORCHARD PW,TRIMBLE RD,37.38423057,-121.9316004
7213,694424,CR-0000098387,1,0,0,0,23-154-0541,False,False,0,6/3/2023 2:37:00 PM,No Pedestrians Involved,Dry,No Unusual Conditions,Daylight,Violation Driver 1,Controls Functioning,Clear,Broadside,Intersection,Other Vehicle,Not Applicable,Not Applicable,At,,False,False,97767,ORCHARD PW,TRIMBLE RD,37.38423057,-121.9316004
7214,689766,CR-0000095787,1,0,0,0,22-158-0472,False,False,0,6/7/2022 11:36:00 AM,No Pedestrians Involved,Dry,No Unusual Conditions,Daylight,Violation Driver 1,Controls Functioning,Clear,Rear End,Intersection,Other Vehicle,Not Applicable,Not Applicable,At,,True,True,97767,ORCHARD PW,TRIMBLE RD,37.38423057,-121.9316004
7215,689922,CR-0000095979,1,0,0,0,22-312-0687,False,False,0,11/8/2022 6:16:00 PM,No Pedestrians Involved,Wet,No Unusual Conditions,Dark - Street Light,Violation Driver 1,Controls Functioning,Rain,Broadside,Intersection,Other Vehicle,Not Applicable,Not Applicable,At,,False,False,97767,ORCHARD PW,TRIMBLE RD,37.38423057,-121.9316004
7216,722048,CR-0000103302,0,0,0,0,24-061-0763,True,False,1200,3/1/2024 8:35:00 PM,No Pedestrians Involved,Wet,No Unusual Conditions,Dark - Street Light,Violation Driver 1,No Controls Present/Factor,Rain,Hit Object,Non-Related,Fixed Object,Not Applicable,Not Applicable,West Of,LIGHTPOLE,True,True,97767,ORCHARD PW,TRIMBLE RD,37.38423057,-121.9316004
7217,688995,CR-0000094855,0,0,0,0,22-284-0624,False,False,0,10/11/2022 2:26:00 PM,No Pedestrians Involved,Dry,No Unusual Conditions,Daylight,Violation Driver 1,No Controls Present/Factor,Clear,Sideswipe,Intersection,Other Vehicle,Not Applicable,Not Applicable,At,,False,False,14915,BAYSHORE FR,CAPITOL EX,37.3039238,-121.8154891
7218,689324,CR-0000095287,1,0,0,0,22-329-0663,False,False,0,11/25/2022 7:27:00 PM,No Pedestrians Involved,Dry,No Unusual Conditions,Dark - Street Light,Violation Driver 1,Controls Functioning,Clear,Rear End,Intersection,Other Vehicle,Not Applicable,Not Applicable,At,,False,True,14915,BAYSHORE FR,CAPITOL EX,37.3039238,-121.8154891