_id,CrashFactId,Name,MinorInjuries,ModerateInjuries,SevereInjuries,FatalInjuries,TcrNumber,CityDamageFlag,ShortFormFlag,Distance,CrashDateTime,PedestrianAction,RoadwaySurface,RoadwayCondition,Lighting,PrimaryCollisionFactor,TrafficControl,Weather,CollisionType,ProximityToIntersection,VehicleInvolvedWith,PedestrianDirectionFrom,PedestrianDirectionTo,DirectionFromIntersection,Comment,SpeedingFlag,HitAndRunFlag,IntersectionNumber,AStreetName,BStreetName,Latitude,Longitude
7219,689587,CR-0000095564,2,0,0,0,22-315-0550,False,False,320,11/11/2022 5:05:00 PM,No Pedestrians Involved,Dry,No Unusual Conditions,Dark - Street Light,Violation Driver 1,Controls Functioning,Clear,Rear End,Non-Related,Motor Vehicle On Other Roadway,Not Applicable,Not Applicable,East Of,,True,False,14915,BAYSHORE FR,CAPITOL EX,37.3039238,-121.8154891
7220,684777,CR-0000093389,1,0,0,0,22-183-0478,False,False,0,7/2/2022 1:46:00 PM,No Pedestrians Involved,Dry,No Unusual Conditions,Daylight,Violation Driver 1,Controls Functioning,Clear,Rear End,Intersection,Other Vehicle,Not Applicable,Not Applicable,At,,False,True,14915,BAYSHORE FR,CAPITOL EX,37.3039238,-121.8154891
7221,683328,CR-0000092914,0,0,0,0,22-152-4005,False,True,,5/27/2022 8:45:00 PM,No Pedestrians Involved,Unknown,Unknown,Unknown,Unknown,Unknown,Unknown,Rear End,Related,Other Vehicle,Not Applicable,Not Applicable,East Of,,False,False,14915,BAYSHORE FR,CAPITOL EX,37.3039238,-121.8154891
7222,690062,CR-0000096133,0,0,0,0,22-319-0501,False,False,239,11/15/2022 1:47:00 PM,No Pedestrians Involved,Dry,No Unusual Conditions,Daylight,Violation Driver 1,Controls Functioning,Clear,Rear End,Non-Related,Other Vehicle,Not Applicable,Not Applicable,East Of,,True,False,14915,BAYSHORE FR,CAPITOL EX,37.3039238,-121.8154891
7223,694047,CR-0000097963,3,0,0,0,23-075-0264,False,False,0,3/16/2023 11:16:00 AM,No Pedestrians Involved,Dry,No Unusual Conditions,Daylight,Violation Driver 1,Controls Functioning,Clear,Rear End,Intersection,Other Vehicle,Not Applicable,Not Applicable,At,,False,False,14915,BAYSHORE FR,CAPITOL EX,37.3039238,-121.8154891
7224,694514,CR-0000098508,0,1,0,0,23-160-0318,False,False,0,6/9/2023 11:00:00 AM,No Pedestrians Involved,Dry,No Unusual Conditions,Daylight,Violation Driver 1,Controls Functioning,Clear,Rear End,Intersection,Other Vehicle,Not Applicable,Not Applicable,At,,True,True,14915,BAYSHORE FR,CAPITOL EX,37.3039238,-121.8154891
7225,720911,CR-0000103138,1,0,0,0,24-031-0436,False,False,0,1/31/2024 1:14:00 PM,No Pedestrians Involved,Dry,No Unusual Conditions,Daylight,Violation Driver 1,Controls Functioning,Cloudy,Broadside,Intersection,Other Vehicle,Not Applicable,Not Applicable,At,,False,False,14915,BAYSHORE FR,CAPITOL EX,37.3039238,-121.8154891
7226,699439,CR-0000100796,0,0,0,0,23-198-0008,True,False,0,7/17/2023 12:06:00 AM,No Pedestrians Involved,Dry,No Unusual Conditions,Dark - Street Light,Violation Driver 1,Controls Not Functioning,Clear,Sideswipe,Intersection,Other Vehicle,Not Applicable,Not Applicable,At,Electric Box,False,False,14915,BAYSHORE FR,CAPITOL EX,37.3039238,-121.8154891
7227,699420,CR-0000100752,0,1,0,0,23-305-0461,False,False,33,11/1/2023 12:50:00 PM,No Pedestrians Involved,Dry,No Unusual Conditions,Daylight,Violation Driver 1,Controls Functioning,Clear,Vehicle/Bike,Related,Bike,Not Applicable,Not Applicable,South Of,BICYCLIST,True,False,14915,BAYSHORE FR,CAPITOL EX,37.3039238,-121.8154891
7228,711657,CR-0000101139,0,0,0,0,23-298-4003,False,True,0,10/24/2023 10:55:00 AM,No Pedestrians Involved,Unknown,Unknown,Unknown,Unknown,Unknown,Unknown,Sideswipe,Intersection,Other Vehicle,Not Applicable,Not Applicable,At,,False,False,14915,BAYSHORE FR,CAPITOL EX,37.3039238,-121.8154891
7229,694355,CR-0000098299,1,0,0,0,23-163-0586,False,False,,6/12/2023 3:16:00 PM,No Pedestrians Involved,Dry,Unknown,Daylight,Violation Driver 1,No Controls Present/Factor,Clear,Rear End,Related,Other Vehicle,Not Applicable,Not Applicable,East Of,,True,False,15025,BAYSHORE FR,STORY RD,37.33724619,-121.8466422
7230,720873,CR-0000103076,0,0,0,0,24-038-4000,False,True,,1/26/2024 8:50:00 PM,No Pedestrians Involved,Unknown,Unknown,Unknown,Unknown,Unknown,Unknown,Rear End,Related,Other Vehicle,Not Applicable,Not Applicable,East Of,,False,False,15025,BAYSHORE FR,STORY RD,37.33724619,-121.8466422
7231,682408,CR-0000091971,0,0,0,0,22-114-0029,False,False,0,4/24/2022 12:29:00 AM,No Pedestrians Involved,Dry,No Unusual Conditions,Dark - Street Light,Violation Driver 1,Controls Functioning,Clear,Rear End,Intersection,Other Vehicle,Not Applicable,Not Applicable,At,,True,True,15047,BAYSHORE FR,TULLY RD,37.32008155,-121.8292311
7232,681704,CR-0000091101,0,0,0,0,22-059-1471,False,False,0,2/28/2022 10:07:00 PM,No Pedestrians Involved,Dry,No Unusual Conditions,Dark - Street Light,Violation Driver 1,Controls Functioning,Clear,Sideswipe,Intersection,Other Vehicle,Not Applicable,Not Applicable,At,,True,True,15047,BAYSHORE FR,TULLY RD,37.32008155,-121.8292311
7233,722051,CR-0000103305,0,0,0,0,24-062-4000,False,True,51,3/1/2024 11:15:00 PM,No Pedestrians Involved,Unknown,Unknown,Unknown,Unknown,Unknown,Unknown,Sideswipe,Non-Related,Other Vehicle,Not Applicable,Not Applicable,East Of,,False,False,87911,MARKET ST,PASEO DE SAN ANTONIO,37.33235426,-121.8892725
7234,699098,CR-0000100415,0,0,0,0,23-174-0719,False,False,0,6/23/2023 5:45:00 PM,No Pedestrians Involved,Dry,No Unusual Conditions,Daylight,Violation Driver 1,No Controls Present/Factor,Clear,Hit Object,Intersection,Fixed Object,Not Applicable,Not Applicable,At,,True,False,60026,FIJI DR,MABURY RD,37.38720532,-121.8397217
7235,696176,CR-0000099319,1,0,0,0,23-150-0610,False,False,0,5/30/2023 1:00:00 PM,Crossing - Not In Crosswalk,Dry,No Unusual Conditions,Daylight,Violation Driver 1,Controls Functioning,Clear,Vehicle/Pedestrian,Intersection,Pedestrian,West,East,At,PED,True,True,114377,WESTMONT AV,WESTMONT AV,37.2708731,-121.9827227
7236,699393,CR-0000100721,0,0,0,0,23-186-0343,False,False,147,7/5/2023 11:25:00 AM,No Pedestrians Involved,Dry,No Unusual Conditions,Daylight,Unknown,No Controls Present/Factor,Clear,Rear End,Non-Related,Parked Vehicle,Not Applicable,Not Applicable,South Of,,False,False,28632,CALICO AV,CAMDEN AV,37.2643885,-121.9387612
7237,722185,CR-0000103451,0,0,0,0,24-079-4001,False,True,0,3/16/2024 5:45:00 PM,No Pedestrians Involved,Unknown,Unknown,Unknown,Unknown,Unknown,Unknown,Sideswipe,Intersection,Other Vehicle,Not Applicable,Not Applicable,At,,False,False,28632,CALICO AV,CAMDEN AV,37.2643885,-121.9387612
7238,683348,CR-0000092936,0,0,0,0,22-176-0143,True,False,85,6/25/2022 2:26:00 AM,No Pedestrians Involved,Dry,No Unusual Conditions,Dark - No Street Light,Violation Driver 1,No Controls Present/Factor,Clear,Hit Object,Non-Related,Fixed Object,Not Applicable,Not Applicable,West Of,Street sign,False,False,16873,BERING DR,CRANE CT,37.37311781,-121.9117625
7239,719535,CR-0000102664,1,0,0,0,24-080-0231,False,False,412,3/20/2024 7:50:00 AM,No Pedestrians Involved,Dry,No Unusual Conditions,Daylight,Violation Driver 1,No Controls Present/Factor,Clear,Rear End,Non-Related,Other Vehicle,Not Applicable,Not Applicable,East Of,,False,False,130833,CEYNOWAH LN,NIEMAN BL,37.30630822,-121.7976684
7240,684981,CR-0000093640,1,1,0,0,22-217-0255,False,False,0,8/5/2022 9:07:00 AM,No Pedestrians Involved,Dry,No Unusual Conditions,Daylight,Violation Driver 1,Controls Functioning,Clear,Head On,Intersection,Other Vehicle,Not Applicable,Not Applicable,At,,False,False,7721,ANTHONY DR,CAMPBELL AV,37.28622237,-121.9726756
7241,719568,CR-0000102715,0,1,0,0,24-076-0557,False,False,21,3/16/2024 1:15:00 PM,No Pedestrians Involved,Dry,No Unusual Conditions,Daylight,Violation Driver 1,No Controls Present/Factor,Clear,Vehicle/Bike,Related,Bike,Not Applicable,Not Applicable,East Of,BIKE x2,False,True,13958,BASCOM AV,MT DAVIDSON DR,37.26272242,-121.944161
7242,685438,CR-0000094183,1,0,0,0,22-246-0639,False,False,0,9/3/2022 5:25:00 PM,No Pedestrians Involved,Dry,No Unusual Conditions,Daylight,Violation Driver 1,Controls Functioning,Clear,Sideswipe,Intersection,Other Vehicle,Not Applicable,Not Applicable,At,,False,False,78100,JUNIPERO SERRA FR,LAWRENCE EX,37.32029144,-121.9955783
7243,684823,CR-0000093455,1,0,0,0,22-206-0687,False,False,0,7/25/2022 5:05:00 PM,No Pedestrians Involved,Dry,No Unusual Conditions,Daylight,Violation Driver 1,Controls Functioning,Clear,Head On,Intersection,Other Vehicle,Not Applicable,Not Applicable,At,,False,False,78100,JUNIPERO SERRA FR,LAWRENCE EX,37.32029144,-121.9955783
7244,689298,CR-0000095253,0,2,0,0,22-309-0295,False,False,0,11/5/2022 10:26:00 AM,No Pedestrians Involved,Dry,No Unusual Conditions,Daylight,Unknown,Controls Functioning,Cloudy,Broadside,Intersection,Other Vehicle,Not Applicable,Not Applicable,At,,False,False,78100,JUNIPERO SERRA FR,LAWRENCE EX,37.32029144,-121.9955783
7245,681248,CR-0000090633,2,1,0,0,22-006-0582,False,False,0,1/6/2022 3:18:00 PM,No Pedestrians Involved,Dry,No Unusual Conditions,Daylight,Violation Driver 1,Controls Functioning,Clear,Broadside,Intersection,Other Vehicle,Not Applicable,Not Applicable,At,,False,False,78100,JUNIPERO SERRA FR,LAWRENCE EX,37.32029144,-121.9955783
7246,682308,CR-0000091871,0,0,0,0,22-096-0830,False,False,45,4/6/2022 6:59:00 PM,No Pedestrians Involved,Dry,No Unusual Conditions,Daylight,Violation Driver 1,Controls Functioning,Unknown,Rear End,Related,Other Vehicle,Not Applicable,Not Applicable,North Of,,True,True,78100,JUNIPERO SERRA FR,LAWRENCE EX,37.32029144,-121.9955783
7247,698962,CR-0000100264,4,0,0,0,23-317-0871,False,False,0,11/13/2023 9:12:00 PM,No Pedestrians Involved,Dry,No Unusual Conditions,Dark - Street Light,Violation Driver 1,Controls Functioning,Clear,Head On,Intersection,Other Vehicle,Not Applicable,Not Applicable,At,,False,False,78100,JUNIPERO SERRA FR,LAWRENCE EX,37.32029144,-121.9955783
7248,698761,CR-0000100042,1,0,0,0,23-351-0222,False,False,0,12/17/2023 7:21:00 AM,No Pedestrians Involved,Dry,No Unusual Conditions,Daylight,Unknown,Controls Functioning,Clear,Rear End,Intersection,Other Vehicle,Not Applicable,Not Applicable,At,,False,False,78100,JUNIPERO SERRA FR,LAWRENCE EX,37.32029144,-121.9955783
7249,694179,CR-0000098132,0,3,0,0,23-128-0578,False,False,0,5/8/2023 3:47:00 PM,No Pedestrians Involved,Dry,No Unusual Conditions,Daylight,Violation Driver 1,Controls Functioning,Clear,Head On,Intersection,Other Vehicle,Not Applicable,Not Applicable,At,,False,False,78100,JUNIPERO SERRA FR,LAWRENCE EX,37.32029144,-121.9955783
7250,692482,CR-0000097770,1,0,0,0,23-074-0145,False,False,0,3/15/2023 6:34:00 AM,No Pedestrians Involved,Dry,No Unusual Conditions,Dusk - Dawn,Violation Driver 1,Controls Not Functioning,Clear,Head On,Intersection,Other Vehicle,Not Applicable,Not Applicable,At,,False,False,78100,JUNIPERO SERRA FR,LAWRENCE EX,37.32029144,-121.9955783
7251,692479,CR-0000097767,1,0,0,0,23-074-0176,False,False,0,3/15/2023 7:00:00 AM,No Pedestrians Involved,Dry,No Unusual Conditions,Dusk - Dawn,Violation Driver 1,Controls Not Functioning,Clear,Head On,Intersection,Other Vehicle,Not Applicable,Not Applicable,At,,False,False,78100,JUNIPERO SERRA FR,LAWRENCE EX,37.32029144,-121.9955783
7252,690859,CR-0000097000,3,0,0,0,23-018-0223,False,False,50,1/18/2023 9:43:00 AM,No Pedestrians Involved,Dry,No Unusual Conditions,Daylight,Violation Driver 1,Controls Functioning,Clear,Rear End,Related,Other Vehicle,Not Applicable,Not Applicable,South Of,,True,False,78100,JUNIPERO SERRA FR,LAWRENCE EX,37.32029144,-121.9955783
7253,689823,CR-0000095849,1,0,0,0,22-353-0665,False,False,550,12/19/2022 6:21:00 PM,No Pedestrians Involved,Dry,No Unusual Conditions,Dark - No Street Light,Violation Driver 1,Controls Functioning,Clear,Rear End,Non-Related,Other Vehicle,Not Applicable,Not Applicable,South Of,,True,False,78100,JUNIPERO SERRA FR,LAWRENCE EX,37.32029144,-121.9955783
7254,691083,CR-0000097256,0,0,0,0,23-058-0164,True,False,0,2/27/2023 7:26:00 AM,No Pedestrians Involved,Wet,No Unusual Conditions,Daylight,Violation Driver 1,No Controls Present/Factor,Cloudy,Sideswipe,Intersection,Other Vehicle,Not Applicable,Not Applicable,At,,False,False,72764,HIKIDO DR,VINCI PARK WY,37.38127648,-121.8717994
7255,691048,CR-0000097221,1,0,0,0,23-044-0612,False,False,45,2/13/2023 4:43:00 PM,No Pedestrians Involved,Dry,No Unusual Conditions,Daylight,Violation Driver 1,Controls Functioning,Clear,Rear End,Related,Motorcycle,Not Applicable,Not Applicable,East Of,,False,False,32449,CAPITOL AV,LONGFORD DR,37.39511512,-121.8693782
7256,682042,CR-0000091553,0,1,1,0,22-028-0572,False,False,0,1/28/2022 3:42:00 PM,No Pedestrians Involved,Dry,No Unusual Conditions,Daylight,Violation Driver 1,Controls Functioning,Clear,Broadside,Intersection,Other Vehicle,Not Applicable,Not Applicable,At,,True,False,95700,NIEMAN BL,TORYGLEN WY,37.30661471,-121.7978807
7257,681934,CR-0000091439,0,0,0,0,22-089-0158,False,False,115,3/30/2022 8:43:00 AM,No Pedestrians Involved,Dry,No Unusual Conditions,Daylight,Violation Driver 1,No Controls Present/Factor,Clear,Broadside,Non-Related,Motor Vehicle On Other Roadway,Not Applicable,Not Applicable,West Of,,False,False,95700,NIEMAN BL,TORYGLEN WY,37.30661471,-121.7978807
7258,711581,CR-0000101490,0,0,0,0,23-256-9709,False,True,0,9/13/2023 8:08:00 AM,No Pedestrians Involved,Dry,No Unusual Conditions,Daylight,Unknown,No Controls Present/Factor,Clear,Head On,Intersection,Other Vehicle,Not Applicable,Not Applicable,At,,False,False,19304,BLANDING AV,NIEMAN BL,37.30799207,-121.7988416
7259,682005,CR-0000091514,1,0,0,0,22-080-0197,False,False,0,3/21/2022 8:10:00 AM,No Pedestrians Involved,Dry,No Unusual Conditions,Daylight,Violation Driver 1,Controls Functioning,Clear,Vehicle/Bike,Intersection,Bike,Not Applicable,Not Applicable,At,BIKE,False,False,48476,DANIEL MALONEY DR/ELKINS WY,NIEMAN BL,37.30884919,-121.799439
7260,683325,CR-0000092911,0,0,0,0,22-121-4002,False,True,0,4/30/2022 6:45:00 PM,No Pedestrians Involved,Unknown,Unknown,Daylight,Unknown,Unknown,Unknown,Broadside,Intersection,Other Vehicle,Not Applicable,Not Applicable,At,,False,False,48476,DANIEL MALONEY DR/ELKINS WY,NIEMAN BL,37.30884919,-121.799439
7261,682809,CR-0000092409,1,0,0,0,22-135-0781,False,False,0,5/15/2022 9:22:00 PM,No Pedestrians Involved,Dry,No Unusual Conditions,Dark - Street Light,Violation Driver 1,No Controls Present/Factor,Clear,Broadside,Intersection,Other Vehicle,Not Applicable,Not Applicable,At,,False,True,48476,DANIEL MALONEY DR/ELKINS WY,NIEMAN BL,37.30884919,-121.799439
7262,692562,CR-0000097853,1,0,0,0,23-096-0693,False,False,0,4/6/2023 4:34:00 PM,No Pedestrians Involved,Dry,No Unusual Conditions,Daylight,Violation Driver 1,Controls Functioning,Clear,Broadside,Intersection,Motor Vehicle On Other Roadway,Not Applicable,Not Applicable,At,,True,False,48476,DANIEL MALONEY DR/ELKINS WY,NIEMAN BL,37.30884919,-121.799439
7263,711858,CR-0000101509,0,0,0,0,23-271-4008,False,True,51,9/28/2023 4:22:00 PM,No Pedestrians Involved,Unknown,Unknown,Unknown,Unknown,Unknown,Unknown,Rear End,Non-Related,Other Vehicle,Not Applicable,Not Applicable,West Of,,False,False,48476,DANIEL MALONEY DR/ELKINS WY,NIEMAN BL,37.30884919,-121.799439
7264,716401,CR-0000102400,0,0,1,1,24-094-0099,True,False,0,4/3/2024 8:17:00 AM,No Pedestrians Involved,Dry,No Unusual Conditions,Dark - Street Light,Violation Driver 1,Controls Functioning,Clear,Broadside,Intersection,Other Vehicle,Not Applicable,Not Applicable,At,,True,False,48476,DANIEL MALONEY DR/ELKINS WY,NIEMAN BL,37.30884919,-121.799439
7265,719603,CR-0000102760,0,0,0,0,23-072-4008,False,True,51,3/12/2023 8:00:00 PM,No Pedestrians Involved,Unknown,Unknown,Unknown,Unknown,Unknown,Unknown,Other,Non-Related,Parked Vehicle,Not Applicable,Not Applicable,East Of,,False,False,48476,DANIEL MALONEY DR/ELKINS WY,NIEMAN BL,37.30884919,-121.799439
7266,722491,CR-0000103790,0,0,0,0,24-106-0105,False,False,60,4/15/2024 3:35:00 AM,No Pedestrians Involved,Dry,No Unusual Conditions,Dark - No Street Light,Violation Driver 1,No Controls Present/Factor,Clear,Rear End,Non-Related,Parked Vehicle,Not Applicable,Not Applicable,South Of,PARKED RV,True,False,48476,DANIEL MALONEY DR/ELKINS WY,NIEMAN BL,37.30884919,-121.799439
7267,685430,CR-0000094165,1,0,0,0,22-245-0569,False,False,32,9/2/2022 2:36:00 PM,No Pedestrians Involved,Dry,No Unusual Conditions,Daylight,Violation Driver 1,Unknown,Clear,Broadside,Related,Other Vehicle,Not Applicable,Not Applicable,West Of,,False,False,40578,CLOGSTON CT,RINEHART DR,37.36879561,-121.8490397
7268,711892,CR-0000101033,0,0,0,0,23-259-0929,False,False,98,9/16/2023 10:57:00 PM,No Pedestrians Involved,Dry,No Unusual Conditions,Dark - Street Light,Violation Driver 1,No Controls Present/Factor,Clear,Sideswipe,Non-Related,Parked Vehicle,Not Applicable,Not Applicable,East Of,,True,True,40578,CLOGSTON CT,RINEHART DR,37.36879561,-121.8490397
7269,690814,CR-0000096953,0,0,0,0,23-005-0249,False,False,110,1/5/2023 2:57:00 AM,No Pedestrians Involved,Wet,No Unusual Conditions,Dark - Street Light,Violation Driver 1,No Controls Present/Factor,Rain,Head On,Non-Related,Parked Vehicle,Not Applicable,Not Applicable,West Of,,False,True,67264,GLIDER DR,SUISSE DR,37.23496004,-121.8229754
7270,690143,CR-0000096229,0,0,0,0,22-325-0346,False,False,0,11/21/2022 11:02:00 AM,No Pedestrians Involved,Dry,No Unusual Conditions,Daylight,Violation Driver 1,No Controls Present/Factor,Clear,Hit Object,Intersection,Fixed Object,Not Applicable,Not Applicable,At,hydrant,True,True,8007,APPLE BLOSSOM DR/TOMAHAWK DR,CHYNOWETH AV,37.25888734,-121.8138018
7271,696101,CR-0000099239,0,0,0,0,23-240-0050,True,False,30,8/28/2023 1:10:00 AM,No Pedestrians Involved,Dry,No Unusual Conditions,Dark - Street Light Not Functioning,Violation Driver 1,No Controls Present/Factor,Clear,Hit Object,Related,Fixed Object,Not Applicable,Not Applicable,West Of,LIGHTPOLE,False,False,8007,APPLE BLOSSOM DR/TOMAHAWK DR,CHYNOWETH AV,37.25888734,-121.8138018
7272,719558,CR-0000102705,1,1,0,0,24-074-0906,False,False,0,3/14/2024 9:10:00 PM,No Pedestrians Involved,Unknown,No Unusual Conditions,Dark - Street Light,Violation Driver 1,No Controls Present/Factor,Clear,Head On,Intersection,Other Vehicle,Not Applicable,Not Applicable,At,,False,False,8007,APPLE BLOSSOM DR/TOMAHAWK DR,CHYNOWETH AV,37.25888734,-121.8138018
7273,696386,CR-0000099544,0,0,0,0,23-139-4009,False,True,0,5/19/2023 5:25:00 PM,No Pedestrians Involved,Unknown,Unknown,Unknown,Unknown,Unknown,Unknown,Broadside,Intersection,Other Vehicle,Not Applicable,Not Applicable,At,,False,False,19623,BLOSSOM AV,CREE DR,37.23441711,-121.8408396
7274,681698,CR-0000091095,2,1,0,0,22-073-0509,False,False,108,3/14/2022 2:17:00 PM,No Pedestrians Involved,Wet,No Unusual Conditions,Daylight,Violation Driver 1,Controls Functioning,Clear,Rear End,Non-Related,Other Vehicle,Not Applicable,Not Applicable,South Of,,True,False,60488,FIRST ST,PLUMERIA DR,37.39125973,-121.9316837
7275,689878,CR-0000095905,2,0,0,0,22-273-0706,False,False,42,9/30/2022 4:19:00 PM,No Pedestrians Involved,Dry,No Unusual Conditions,Daylight,Violation Driver 1,Controls Functioning,Clear,Rear End,Related,Other Vehicle,Not Applicable,Not Applicable,East Of,,False,False,60488,FIRST ST,PLUMERIA DR,37.39125973,-121.9316837
7276,690820,CR-0000096959,1,0,0,0,23-019-0551,False,False,0,1/19/2023 4:18:00 PM,No Pedestrians Involved,Dry,No Unusual Conditions,Daylight,Violation Driver 1,Controls Functioning,Clear,Broadside,Intersection,Other Vehicle,Not Applicable,Not Applicable,At,,False,False,60488,FIRST ST,PLUMERIA DR,37.39125973,-121.9316837
7277,681732,CR-0000091132,0,0,0,0,22-050-0695,True,False,27,2/19/2022 7:04:00 PM,No Pedestrians Involved,Dry,No Unusual Conditions,Dark - Street Light,Violation Driver 1,No Controls Present/Factor,Clear,Hit Object,Related,Fixed Object,Not Applicable,Not Applicable,South Of,Crosswalk warning light pole,False,True,29622,CAMBRIANNA DR,UNION AV,37.26456548,-121.9314444
7278,712215,CR-0000101658,0,0,0,0,23-255-0642,True,False,31,9/12/2023 3:37:00 PM,No Pedestrians Involved,Dry,No Unusual Conditions,Daylight,Violation Driver 1,Controls Functioning,Clear,Hit Object,Related,Fixed Object,Not Applicable,Not Applicable,South Of,,False,False,29622,CAMBRIANNA DR,UNION AV,37.26456548,-121.9314444
7279,689585,CR-0000095562,0,0,0,0,22-349-0003,False,False,141,12/14/2022 11:05:00 PM,No Pedestrians Involved,Dry,No Unusual Conditions,Dark - Street Light,Violation Driver 1,No Controls Present/Factor,Clear,Head On,Non-Related,Parked Vehicle,Not Applicable,Not Applicable,North Of,,False,True,17236,BERNICE WY,ELAINE DR,37.26250747,-121.929634
7280,683434,CR-0000093031,1,0,0,0,22-077-0847,False,False,0,3/18/2022 8:04:00 PM,No Pedestrians Involved,Dry,No Unusual Conditions,Dark - Street Light,Bike At Fault,No Controls Present/Factor,Clear,Vehicle/Bike,Intersection,Bike,Not Applicable,Not Applicable,At,BIKE,False,False,59180,FENIAN DR/SAN TOMAS AQUINO RD,RINCON AV,37.28183933,-121.9765842
7281,722082,CR-0000103336,0,0,0,0,24-065-4004,False,True,51,3/5/2024 6:15:00 PM,No Pedestrians Involved,Unknown,Unknown,Unknown,Unknown,Unknown,Unknown,Sideswipe,Non-Related,Parked Vehicle,Not Applicable,Not Applicable,West Of,,False,False,20745,BLUE HILL DR,WEYBURN LN,37.30455401,-122.0295852
7282,717490,CR-0000102532,0,1,0,0,24-087-0798,False,False,78,3/27/2024 8:00:00 PM,Crossing - Not In Crosswalk,Wet,No Unusual Conditions,Dark - Street Light,Pedestrian At Fault,No Controls Present/Factor,Rain,Vehicle/Pedestrian,Non-Related,Pedestrian,West,East,North Of,PED,False,False,13177,BARK LN,DE ANZA BL,37.30301434,-122.0322443
7283,690704,CR-0000096841,0,0,0,0,23-013-0936,False,False,254,1/13/2023 11:44:00 PM,No Pedestrians Involved,Wet,No Unusual Conditions,Dark - Street Light,Violation Driver 1,No Controls Present/Factor,Rain,Sideswipe,Non-Related,Parked Vehicle,Not Applicable,Not Applicable,South Of,,False,False,71752,HEIMGARTNER LN,UNION AV,37.24782496,-121.9312767
7284,683589,CR-0000093195,0,1,0,0,22-212-0591,False,False,220,7/31/2022 4:40:00 PM,Crossing - Not In Crosswalk,Dry,No Unusual Conditions,Daylight,Pedestrian At Fault,No Controls Present/Factor,Clear,Vehicle/Pedestrian,Non-Related,Pedestrian,East,West,East Of,PED,False,False,40875,CLYDA DR,DOBERN AV,37.35355893,-121.8354287
7285,721955,CR-0000103209,0,0,0,0,24-032-0925,False,False,0,2/1/2024 9:31:00 PM,No Pedestrians Involved,Wet,Other,Dark - Street Light,Violation Driver 1,Controls Functioning,Clear,Sideswipe,Intersection,Other Vehicle,Not Applicable,Not Applicable,At,,False,True,40875,CLYDA DR,DOBERN AV,37.35355893,-121.8354287
7286,699458,CR-0000100770,0,0,0,0,23-206-0727,False,False,180,7/25/2023 7:12:00 PM,No Pedestrians Involved,Dry,No Unusual Conditions,Daylight,Violation Driver 1,No Controls Present/Factor,Clear,Head On,Non-Related,Other Vehicle,Not Applicable,Not Applicable,East Of,,True,True,40875,CLYDA DR,DOBERN AV,37.35355893,-121.8354287
7287,683571,CR-0000093177,0,0,0,0,22-193-9702,False,True,,7/2/2022 2:50:00 AM,No Pedestrians Involved,Dry,Other,Unknown,Unknown,No Controls Present/Factor,Other,Sideswipe,Related,Other Vehicle,Not Applicable,Not Applicable,South Of,,False,False,1121,ABED CT/DOBERN AV,MASSAR AV/PENROD PL,37.35410638,-121.8334239
7288,696091,CR-0000099226,0,0,0,0,23-113-0219,False,False,69,4/23/2023 6:55:00 AM,No Pedestrians Involved,Dry,No Unusual Conditions,Daylight,Violation Driver 1,No Controls Present/Factor,Clear,Other,Non-Related,Parked Vehicle,Not Applicable,Not Applicable,South Of,,True,False,1121,ABED CT/DOBERN AV,MASSAR AV/PENROD PL,37.35410638,-121.8334239
7289,684902,CR-0000093566,1,0,0,0,22-211-0632,False,False,87,7/30/2022 4:11:00 PM,No Pedestrians Involved,Dry,No Unusual Conditions,Daylight,Violation Driver 1,Controls Functioning,Clear,Sideswipe,Non-Related,Parked Vehicle,Not Applicable,Not Applicable,South Of,,True,False,12650,BAMBI LN/SINCLAIR FW,JACKSON AV,37.35094664,-121.8363578
7290,684740,CR-0000093440,0,0,0,0,22-186-0159,False,False,0,7/5/2022 2:33:00 AM,No Pedestrians Involved,Dry,No Unusual Conditions,Dark - Street Light,Violation Driver 1,Controls Functioning,Clear,Rear End,Intersection,Other Vehicle,Not Applicable,Not Applicable,At,,True,True,12650,BAMBI LN/SINCLAIR FW,JACKSON AV,37.35094664,-121.8363578
7291,685154,CR-0000093828,0,0,0,0,22-235-1129,True,False,21,8/23/2022 11:40:00 PM,No Pedestrians Involved,Dry,No Unusual Conditions,Dark - Street Light,Violation Driver 1,Controls Functioning,Clear,Hit Object,Related,Fixed Object,Not Applicable,Not Applicable,North Of,,False,True,12650,BAMBI LN/SINCLAIR FW,JACKSON AV,37.35094664,-121.8363578
7292,688759,CR-0000094594,0,0,0,0,22-237-4004,False,True,0,8/25/2022 5:15:00 PM,No Pedestrians Involved,Unknown,Unknown,Daylight,Unknown,Unknown,Unknown,Sideswipe,Intersection,Other Vehicle,Not Applicable,Not Applicable,At,,False,True,12650,BAMBI LN/SINCLAIR FW,JACKSON AV,37.35094664,-121.8363578
7293,681630,CR-0000091027,0,0,0,0,22-046-0959,False,False,380,2/15/2022 9:00:00 PM,No Pedestrians Involved,Dry,No Unusual Conditions,Dark - Street Light,Violation Driver 1,No Controls Present/Factor,Clear,Rear End,Non-Related,Other Vehicle,Not Applicable,Not Applicable,South Of,,True,False,12650,BAMBI LN/SINCLAIR FW,JACKSON AV,37.35094664,-121.8363578