_id,CrashFactId,Name,MinorInjuries,ModerateInjuries,SevereInjuries,FatalInjuries,TcrNumber,CityDamageFlag,ShortFormFlag,Distance,CrashDateTime,PedestrianAction,RoadwaySurface,RoadwayCondition,Lighting,PrimaryCollisionFactor,TrafficControl,Weather,CollisionType,ProximityToIntersection,VehicleInvolvedWith,PedestrianDirectionFrom,PedestrianDirectionTo,DirectionFromIntersection,Comment,SpeedingFlag,HitAndRunFlag,IntersectionNumber,AStreetName,BStreetName,Latitude,Longitude
7294,681651,CR-0000091048,0,1,0,0,22-081-1008,False,False,0,3/22/2022 10:30:00 PM,No Pedestrians Involved,Dry,No Unusual Conditions,Dark - Street Light,Violation Driver 1,Controls Functioning,Clear,Vehicle/Bike,Intersection,Scooter Motorized,Not Applicable,Not Applicable,At,BIKE (E-SCOOTER),False,False,12650,BAMBI LN/SINCLAIR FW,JACKSON AV,37.35094664,-121.8363578
7295,698910,CR-0000100210,0,1,0,0,23-324-0311,False,False,87,11/20/2023 9:49:00 AM,No Pedestrians Involved,Dry,No Unusual Conditions,Daylight,Violation Driver 1,Controls Functioning,Clear,Broadside,Non-Related,Other Vehicle,Not Applicable,Not Applicable,South Of,,True,True,12650,BAMBI LN/SINCLAIR FW,JACKSON AV,37.35094664,-121.8363578
7296,698987,CR-0000100291,1,0,0,0,23-340-0280,False,False,402,12/6/2023 10:00:00 AM,No Pedestrians Involved,Dry,No Unusual Conditions,Daylight,Violation Driver 1,Controls Functioning,Clear,Rear End,Non-Related,Other Vehicle,Not Applicable,Not Applicable,South Of,,True,False,12650,BAMBI LN/SINCLAIR FW,JACKSON AV,37.35094664,-121.8363578
7297,699067,CR-0000100373,1,0,0,0,23-359-0052,False,False,57,12/25/2023 12:52:00 AM,No Pedestrians Involved,Dry,No Unusual Conditions,Dark - Street Light,Violation Driver 1,Controls Functioning,Clear,Head On,Non-Related,Other Vehicle,Not Applicable,Not Applicable,South Of,,True,True,12650,BAMBI LN/SINCLAIR FW,JACKSON AV,37.35094664,-121.8363578
7298,699280,CR-0000100604,0,0,0,0,23-152-4005,False,True,51,6/1/2023 4:00:00 PM,No Pedestrians Involved,Unknown,Unknown,Unknown,Unknown,Unknown,Unknown,Rear End,Non-Related,Unknown,Not Applicable,Not Applicable,West Of,,False,False,12650,BAMBI LN/SINCLAIR FW,JACKSON AV,37.35094664,-121.8363578
7299,690763,CR-0000096901,1,0,0,0,23-021-0152,False,False,0,1/21/2023 5:09:00 AM,No Pedestrians Involved,Dry,No Unusual Conditions,Dark - Street Light,Violation Driver 1,Controls Functioning,Clear,Broadside,Intersection,Other Vehicle,Not Applicable,Not Applicable,At,,True,True,12650,BAMBI LN/SINCLAIR FW,JACKSON AV,37.35094664,-121.8363578
7300,692532,CR-0000097823,1,0,0,0,23-075-0381,False,False,301,3/16/2023 12:19:00 PM,No Pedestrians Involved,Dry,No Unusual Conditions,Daylight,Violation Driver 1,No Controls Present/Factor,Clear,Rear End,Non-Related,Other Vehicle,Not Applicable,Not Applicable,South Of,,False,False,12650,BAMBI LN/SINCLAIR FW,JACKSON AV,37.35094664,-121.8363578
7301,692510,CR-0000097799,0,0,0,0,23-074-0094,True,False,92,3/15/2023 3:45:00 AM,No Pedestrians Involved,Dry,No Unusual Conditions,Dark - Street Light,Violation Driver 1,Controls Functioning,Clear,Hit Object,Non-Related,Fixed Object,Not Applicable,Not Applicable,South Of,TREE,False,True,12650,BAMBI LN/SINCLAIR FW,JACKSON AV,37.35094664,-121.8363578
7302,694132,CR-0000098089,1,0,0,0,23-111-0544,False,False,363,4/21/2023 3:57:00 PM,No Pedestrians Involved,Dry,No Unusual Conditions,Daylight,Violation Driver 1,Controls Functioning,Clear,Rear End,Non-Related,Other Vehicle,Not Applicable,Not Applicable,South Of,,True,False,12650,BAMBI LN/SINCLAIR FW,JACKSON AV,37.35094664,-121.8363578
7303,711921,CR-0000101483,0,0,0,0,23-245-9710,False,True,0,9/2/2023 1:50:00 PM,No Pedestrians Involved,Dry,No Unusual Conditions,Dusk - Dawn,Unknown,Controls Functioning,Rain,Rear End,Intersection,Other Vehicle,Not Applicable,Not Applicable,At,,False,False,12650,BAMBI LN/SINCLAIR FW,JACKSON AV,37.35094664,-121.8363578
7304,712143,CR-0000101449,0,0,0,0,23-252-9704,False,True,0,9/9/2023 11:20:00 AM,No Pedestrians Involved,Dry,No Unusual Conditions,Daylight,Unknown,Controls Functioning,Clear,Sideswipe,Intersection,Other Vehicle,Not Applicable,Not Applicable,At,,False,False,12650,BAMBI LN/SINCLAIR FW,JACKSON AV,37.35094664,-121.8363578
7305,720886,CR-0000103089,0,0,0,0,24-028-0767,True,False,0,1/28/2024 9:13:00 PM,No Pedestrians Involved,Dry,No Unusual Conditions,Dark - Street Light,Violation Driver 1,Controls Functioning,Clear,Hit Object,Intersection,Fixed Object,Not Applicable,Not Applicable,At,TRAFFIC SIGNAL,True,False,12650,BAMBI LN/SINCLAIR FW,JACKSON AV,37.35094664,-121.8363578
7306,681758,CR-0000091158,0,0,0,0,22-053-0662,False,False,0,2/22/2022 5:21:00 PM,No Pedestrians Involved,Dry,No Unusual Conditions,Dark - Street Light,Violation Driver 1,Controls Functioning,Clear,Rear End,Intersection,Other Vehicle,Not Applicable,Not Applicable,At,,True,True,32240,CAPITOL AV/EXCALIBUR DR,CAPITOL EX,37.3552984,-121.8308435
7307,681200,CR-0000090585,0,0,0,0,22-002-0885,True,False,,1/2/2022 11:31:00 PM,No Pedestrians Involved,Dry,No Unusual Conditions,Dark - Street Light,Violation Driver 1,Controls Functioning,Clear,Hit Object,Related,Fixed Object,Not Applicable,Not Applicable,Unknown,MEDIAN / TRAFFIC LIGHT,True,False,32240,CAPITOL AV/EXCALIBUR DR,CAPITOL EX,37.3552984,-121.8308435
7308,689608,CR-0000095589,2,0,0,0,22-140-0077,False,False,99,5/20/2022 2:22:00 AM,No Pedestrians Involved,Dry,No Unusual Conditions,Dark - Street Light,Violation Driver 1,No Controls Present/Factor,Clear,Head On,Non-Related,Other Vehicle,Not Applicable,Not Applicable,North Of,,True,True,32240,CAPITOL AV/EXCALIBUR DR,CAPITOL EX,37.3552984,-121.8308435
7309,688906,CR-0000094767,0,0,0,0,22-278-0144,False,False,30,10/5/2022 6:51:00 AM,No Pedestrians Involved,Dry,No Unusual Conditions,Daylight,Violation Driver 1,Controls Functioning,Clear,Rear End,Related,Other Vehicle,Not Applicable,Not Applicable,West Of,,True,True,32240,CAPITOL AV/EXCALIBUR DR,CAPITOL EX,37.3552984,-121.8308435
7310,688792,CR-0000094636,0,0,0,0,22-305-4001,False,True,51,11/1/2022 6:35:00 AM,No Pedestrians Involved,Unknown,Unknown,Dusk - Dawn,Unknown,Unknown,Unknown,Sideswipe,Non-Related,Other Vehicle,Not Applicable,Not Applicable,North Of,,False,True,32240,CAPITOL AV/EXCALIBUR DR,CAPITOL EX,37.3552984,-121.8308435
7311,689552,CR-0000095529,2,0,0,0,22-343-0645,False,False,39,12/9/2022 6:07:00 PM,No Pedestrians Involved,Dry,No Unusual Conditions,Dark - Street Light,Violation Driver 1,Controls Functioning,Clear,Rear End,Related,Other Vehicle,Not Applicable,Not Applicable,South Of,,False,False,32240,CAPITOL AV/EXCALIBUR DR,CAPITOL EX,37.3552984,-121.8308435
7312,685207,CR-0000093886,1,0,0,0,22-252-0727,False,False,0,9/9/2022 9:51:00 PM,No Pedestrians Involved,Dry,No Unusual Conditions,Daylight,Violation Driver 1,Controls Functioning,Clear,Rear End,Intersection,Other Vehicle,Not Applicable,Not Applicable,At,,False,True,32240,CAPITOL AV/EXCALIBUR DR,CAPITOL EX,37.3552984,-121.8308435
7313,683471,CR-0000093067,1,0,0,0,22-180-0445,False,False,0,6/29/2022 1:09:00 PM,No Pedestrians Involved,Dry,Unknown,Daylight,Unknown,Controls Functioning,Clear,Sideswipe,Intersection,Other Vehicle,Not Applicable,Not Applicable,At,,False,False,32240,CAPITOL AV/EXCALIBUR DR,CAPITOL EX,37.3552984,-121.8308435
7314,692533,CR-0000097824,1,0,0,0,23-093-0639,False,False,51,4/3/2023 3:22:00 PM,No Pedestrians Involved,Dry,Construction - Repair Zone,Daylight,Violation Driver 1,Controls Functioning,Clear,Rear End,Non-Related,Other Vehicle,Not Applicable,Not Applicable,North Of,,True,False,32240,CAPITOL AV/EXCALIBUR DR,CAPITOL EX,37.3552984,-121.8308435
7315,694038,CR-0000098190,0,0,1,0,23-127-0639,False,False,0,5/7/2023 5:06:00 PM,No Pedestrians Involved,Dry,No Unusual Conditions,Daylight,Violation Driver 1,Controls Functioning,Clear,Rear End,Intersection,Other Vehicle,Not Applicable,Not Applicable,At,,True,False,32240,CAPITOL AV/EXCALIBUR DR,CAPITOL EX,37.3552984,-121.8308435
7316,690506,CR-0000096616,0,0,0,0,22-305-9707,False,True,50,10/26/2022 12:55:00 PM,No Pedestrians Involved,Dry,No Unusual Conditions,Daylight,Unknown,No Controls Present/Factor,Clear,Sideswipe,Related,Other Vehicle,Not Applicable,Not Applicable,West Of,,False,True,32240,CAPITOL AV/EXCALIBUR DR,CAPITOL EX,37.3552984,-121.8308435
7317,690482,CR-0000096592,0,0,0,0,22-349-4004,False,True,51,12/15/2022 3:30:00 PM,No Pedestrians Involved,Unknown,Unknown,Unknown,Unknown,Unknown,Unknown,Rear End,Non-Related,Other Vehicle,Not Applicable,Not Applicable,Unknown,,False,False,32240,CAPITOL AV/EXCALIBUR DR,CAPITOL EX,37.3552984,-121.8308435
7318,690255,CR-0000096346,0,0,0,0,22-266-9713,False,True,51,9/22/2022 7:15:00 AM,No Pedestrians Involved,Dry,No Unusual Conditions,Daylight,Unknown,Controls Functioning,Clear,Rear End,Non-Related,Other Vehicle,Not Applicable,Not Applicable,West Of,,False,False,32240,CAPITOL AV/EXCALIBUR DR,CAPITOL EX,37.3552984,-121.8308435
7319,698675,CR-0000099912,0,1,0,0,23-234-0335,False,False,0,8/22/2023 10:58:00 AM,No Pedestrians Involved,Dry,Unknown,Daylight,Violation Driver 1,Controls Functioning,Clear,Broadside,Intersection,Other Vehicle,Not Applicable,Not Applicable,At,,False,False,32240,CAPITOL AV/EXCALIBUR DR,CAPITOL EX,37.3552984,-121.8308435
7320,695984,CR-0000099119,0,0,0,0,23-225-4002,False,True,51,8/13/2023 6:10:00 PM,No Pedestrians Involved,Unknown,Unknown,Unknown,Unknown,Unknown,Unknown,Rear End,Non-Related,Other Vehicle,Not Applicable,Not Applicable,North Of,,False,False,32240,CAPITOL AV/EXCALIBUR DR,CAPITOL EX,37.3552984,-121.8308435
7321,695985,CR-0000099120,0,0,0,0,23-234-9711,False,True,0,8/22/2023 11:25:00 AM,No Pedestrians Involved,Dry,Other,Daylight,Unknown,Controls Functioning,Clear,Broadside,Intersection,Other Vehicle,Not Applicable,Not Applicable,At,,False,False,32240,CAPITOL AV/EXCALIBUR DR,CAPITOL EX,37.3552984,-121.8308435
7322,694632,CR-0000098665,2,0,0,0,23-209-0863,False,False,68,7/28/2023 8:47:00 PM,No Pedestrians Involved,Dry,No Unusual Conditions,Dark - Street Light,Violation Driver 1,Controls Functioning,Clear,Rear End,Non-Related,Other Vehicle,Not Applicable,Not Applicable,North Of,,True,False,32240,CAPITOL AV/EXCALIBUR DR,CAPITOL EX,37.3552984,-121.8308435
7323,720913,CR-0000103140,0,0,0,0,24-031-0622,False,False,50,1/31/2024 4:48:00 PM,No Pedestrians Involved,Wet,No Unusual Conditions,Dark - Street Light,Violation Driver 1,No Controls Present/Factor,Rain,Rear End,Related,Other Vehicle,Not Applicable,Not Applicable,North Of,,False,False,32240,CAPITOL AV/EXCALIBUR DR,CAPITOL EX,37.3552984,-121.8308435
7324,720923,CR-0000103158,0,0,0,0,24-047-4006,False,True,,2/15/2024 10:30:00 PM,No Pedestrians Involved,Unknown,Unknown,Unknown,Unknown,Unknown,Unknown,Other,Related,Other Vehicle,Not Applicable,Not Applicable,East Of,,False,False,32240,CAPITOL AV/EXCALIBUR DR,CAPITOL EX,37.3552984,-121.8308435
7325,722093,CR-0000103347,0,0,0,0,24-072-9708,False,True,51,3/6/2024 7:50:00 PM,No Pedestrians Involved,Dry,No Unusual Conditions,Dark - Street Light,Unknown,Controls Functioning,Clear,Rear End,Non-Related,Other Vehicle,Not Applicable,Not Applicable,East Of,,False,False,32240,CAPITOL AV/EXCALIBUR DR,CAPITOL EX,37.3552984,-121.8308435
7326,719657,CR-0000102828,0,0,0,0,24-007-9701,False,True,0,1/6/2024 7:04:00 PM,No Pedestrians Involved,Dry,No Unusual Conditions,Dark - Street Light,Unknown,Controls Functioning,Clear,Rear End,Intersection,Other Vehicle,Not Applicable,Not Applicable,At,,False,False,32240,CAPITOL AV/EXCALIBUR DR,CAPITOL EX,37.3552984,-121.8308435
7327,716223,CR-0000102177,1,0,0,0,24-057-1011,False,False,0,2/26/2024 11:03:00 AM,No Pedestrians Involved,Dry,No Unusual Conditions,Dark - Street Light,Violation Driver 1,Controls Functioning,Clear,Broadside,Intersection,Other Vehicle,Not Applicable,Not Applicable,At,,True,False,32240,CAPITOL AV/EXCALIBUR DR,CAPITOL EX,37.3552984,-121.8308435
7328,715825,CR-0000101754,0,0,0,0,23-241-9710,False,True,0,8/29/2023 8:23:00 PM,No Pedestrians Involved,Dry,No Unusual Conditions,Daylight,Unknown,Unknown,Clear,Sideswipe,Intersection,Other Vehicle,Not Applicable,Not Applicable,At,,False,False,32240,CAPITOL AV/EXCALIBUR DR,CAPITOL EX,37.3552984,-121.8308435
7329,711966,CR-0000101378,0,0,0,0,23-312-4004,False,True,0,11/5/2023 7:20:00 PM,No Pedestrians Involved,Unknown,Unknown,Unknown,Unknown,Unknown,Unknown,Rear End,Intersection,Other Vehicle,Not Applicable,Not Applicable,At,,False,False,32240,CAPITOL AV/EXCALIBUR DR,CAPITOL EX,37.3552984,-121.8308435
7330,711725,CR-0000101007,0,0,0,0,23-272-0660,False,False,0,9/29/2023 5:08:00 PM,No Pedestrians Involved,Dry,No Unusual Conditions,Daylight,Violation Driver 1,Controls Functioning,Clear,Head On,Intersection,Other Vehicle,Not Applicable,Not Applicable,At,,False,True,32240,CAPITOL AV/EXCALIBUR DR,CAPITOL EX,37.3552984,-121.8308435
7331,697608,CR-0000099820,1,0,0,0,23-297-0215,False,False,95,10/24/2023 8:21:00 AM,No Pedestrians Involved,Dry,No Unusual Conditions,Daylight,Violation Driver 1,No Controls Present/Factor,Clear,Sideswipe,Non-Related,Other Vehicle,Not Applicable,Not Applicable,East Of,,False,False,93950,MT EVEREST DR/MT FRAZIER DR,MT MCKINLEY DR,37.35465924,-121.8039825
7332,684970,CR-0000093613,0,0,0,0,22-217-0179,False,False,189,8/5/2022 8:28:00 AM,No Pedestrians Involved,Dry,No Unusual Conditions,Daylight,Violation Driver 1,No Controls Present/Factor,Clear,Head On,Non-Related,Parked Vehicle,Not Applicable,Not Applicable,North Of,,True,True,94456,MT VISTA DR,MT WILSON DR,37.35517376,-121.8064543
7333,722406,CR-0000103700,0,0,0,0,24-099-4002,False,True,51,4/8/2024 10:40:00 AM,No Pedestrians Involved,Unknown,Unknown,Unknown,Unknown,Unknown,Unknown,Other,Non-Related,Other Vehicle,Not Applicable,Not Applicable,West Of,,False,False,116236,ABORN RD,LYTER WY,37.31432463,-121.7891644
7334,690996,CR-0000097167,0,0,0,0,23-039-0923,False,False,460,2/8/2023 11:10:00 PM,No Pedestrians Involved,Dry,No Unusual Conditions,Dark - Street Light,Violation Driver 1,No Controls Present/Factor,Clear,Broadside,Non-Related,Parked Vehicle,Not Applicable,Not Applicable,West Of,,False,True,57771,EVERDALE DR,PENTLAND WY,37.31538037,-121.801993
7335,719781,CR-0000102954,0,0,0,0,24-034-0030,False,False,27,2/3/2024 12:30:00 AM,No Pedestrians Involved,Dry,No Unusual Conditions,Unknown,Violation Driver 1,No Controls Present/Factor,Clear,Hit Object,Related,Fixed Object,Not Applicable,Not Applicable,South Of,TREE,True,False,57771,EVERDALE DR,PENTLAND WY,37.31538037,-121.801993
7336,695978,CR-0000099113,0,0,0,0,23-221-4005,False,True,51,8/8/2023 8:30:00 AM,No Pedestrians Involved,Unknown,Unknown,Unknown,Unknown,Unknown,Unknown,Sideswipe,Non-Related,Other Vehicle,Not Applicable,Not Applicable,East Of,,False,False,57837,EVERDALE DR,WELLCROFT CT,37.31464052,-121.8025854
7337,689571,CR-0000095548,1,0,0,0,22-355-0095,False,False,,12/21/2022 4:38:00 AM,No Pedestrians Involved,Dry,No Unusual Conditions,Dark - Street Light,Violation Driver 1,No Controls Present/Factor,Clear,Sideswipe,Related,Motor Vehicle On Other Roadway,Not Applicable,Not Applicable,South Of,,False,True,92290,MONKTON CT,NIEMAN BL,37.31454916,-121.80402
7338,689165,CR-0000095031,2,0,0,0,22-284-0863,False,False,0,10/11/2022 7:08:00 PM,No Pedestrians Involved,Dry,No Unusual Conditions,Daylight,Violation Driver 1,No Controls Present/Factor,Clear,Broadside,Intersection,Other Vehicle,Not Applicable,Not Applicable,At,,False,False,101496,PLUMSTEAD CT,PLUMSTEAD WY,37.31600618,-121.8047474
7339,696543,CR-0000099730,0,0,0,0,23-352-4003,False,True,0,12/18/2023 12:40:00 PM,No Pedestrians Involved,Unknown,Unknown,Unknown,Unknown,Unknown,Unknown,Other,Intersection,Parked Vehicle,Not Applicable,Not Applicable,At,,False,False,101496,PLUMSTEAD CT,PLUMSTEAD WY,37.31600618,-121.8047474
7340,685252,CR-0000093932,0,0,0,0,22-244-0886,False,False,18,9/1/2022 6:30:00 PM,No Pedestrians Involved,Dry,No Unusual Conditions,Daylight,Violation Driver 1,Unknown,Clear,Broadside,Related,Parked Vehicle,Not Applicable,Not Applicable,South Of,,True,True,121219,ALEXIS CT,SUNSET AV,37.34495156,-121.8393662
7341,712228,CR-0000101671,0,0,0,0,23-323-0551,False,False,80,11/19/2023 4:56:00 PM,No Pedestrians Involved,Dry,No Unusual Conditions,Dark - No Street Light,Violation Driver 1,No Controls Present/Factor,Clear,Rear End,Non-Related,Parked Vehicle,Not Applicable,Not Applicable,East Of,,True,True,94511,MUIRFIELD DR,SIERRA MESA DR,37.359764,-121.837895
7342,681614,CR-0000091011,1,1,0,0,22-048-0692,False,False,0,2/17/2022 4:36:00 PM,No Pedestrians Involved,Dry,No Unusual Conditions,Daylight,Violation Driver 1,Controls Functioning,Clear,Broadside,Intersection,Other Vehicle,Not Applicable,Not Applicable,At,,False,False,35265,CATHERINE ST,GOLD ST,37.42720488,-121.9760814
7343,698709,CR-0000099958,0,0,0,0,23-147-0556,True,False,0,5/27/2023 3:07:00 PM,No Pedestrians Involved,Dry,No Unusual Conditions,Daylight,Violation Driver 1,Controls Functioning,Clear,Hit Object,Intersection,Fixed Object,Not Applicable,Not Applicable,At,Signage,True,True,116390,DISK CT/DISK DR,NORTECH PW,37.42359707,-121.9604305
7344,690655,CR-0000096777,1,0,0,0,23-022-0780,False,False,0,1/22/2023 10:57:00 PM,No Pedestrians Involved,Dry,No Unusual Conditions,Dark - Street Light,Violation Driver 1,Controls Functioning,Clear,Sideswipe,Intersection,Other Vehicle,Not Applicable,Not Applicable,At,,False,False,116390,DISK CT/DISK DR,NORTECH PW,37.42359707,-121.9604305
7345,690937,CR-0000097104,1,0,0,0,23-057-9706,False,True,500,2/16/2023 11:40:00 AM,No Pedestrians Involved,Dry,Unknown,Daylight,Unknown,No Controls Present/Factor,Clear,Vehicle/Bike,Non-Related,Bike,Not Applicable,Not Applicable,North Of,BIKE,False,False,116390,DISK CT/DISK DR,NORTECH PW,37.42359707,-121.9604305
7346,681912,CR-0000091405,1,0,0,0,22-047-0796,False,False,32,2/16/2022 5:18:00 PM,No Pedestrians Involved,Dry,No Unusual Conditions,Daylight,Violation Driver 1,Controls Functioning,Clear,Rear End,Related,Other Vehicle,Not Applicable,Not Applicable,North Of,,True,False,116380,FIRST ST,NORTECH CT/PW,37.42219114,-121.9641449
7347,722147,CR-0000103413,0,0,0,0,24-073-0243,True,False,0,3/13/2024 9:25:00 AM,No Pedestrians Involved,Dry,No Unusual Conditions,Daylight,Violation Driver 1,Controls Functioning,Clear,Hit Object,Intersection,Fixed Object,Not Applicable,Not Applicable,At,X-Walk Pole,False,False,116380,FIRST ST,NORTECH CT/PW,37.42219114,-121.9641449
7348,681274,CR-0000090660,0,1,0,0,22-008-0520,False,False,164,1/8/2022 4:27:00 PM,No Pedestrians Involved,Dry,No Unusual Conditions,Daylight,Bike At Fault,Controls Functioning,Clear,Vehicle/Bike,Non-Related,Bike,Not Applicable,Not Applicable,South Of,BIKE,False,False,126675,ALVISO MILPITAS RD,FIRST ST,37.41977949,-121.9603054
7349,712248,CR-0000101694,0,0,0,0,23-330-0017,False,False,0,11/26/2023 12:12:00 AM,No Pedestrians Involved,Dry,No Unusual Conditions,Dark - Street Light,Violation Driver 1,No Controls Present/Factor,Clear,Sideswipe,Intersection,Other Vehicle,Not Applicable,Not Applicable,At,,False,True,126675,ALVISO MILPITAS RD,FIRST ST,37.41977949,-121.9603054
7350,696147,CR-0000099290,0,0,0,0,23-114-0744,False,False,331,4/24/2023 6:40:00 PM,No Pedestrians Involved,Dry,No Unusual Conditions,Daylight,Unknown,No Controls Present/Factor,Clear,Sideswipe,Non-Related,Parked Vehicle,Not Applicable,Not Applicable,West Of,,False,True,55373,EL RANCHO VERDE CT,EL RANCHO VERDE DR,37.35877937,-121.8509182
7351,681167,CR-0000090548,0,0,0,0,22-021-0032,False,False,0,1/21/2022 12:41:00 AM,No Pedestrians Involved,Dry,No Unusual Conditions,Dark - No Street Light,Violation Driver 1,Controls Functioning,Clear,Rear End,Intersection,Parked Vehicle,Not Applicable,Not Applicable,At,,False,False,55384,EL RANCHO VERDE DR,JOSE FIGUERES AV,37.35972934,-121.8492121
7352,685079,CR-0000093743,4,2,0,0,22-216-0265,False,False,521,8/4/2022 9:15:00 AM,No Pedestrians Involved,Dry,No Unusual Conditions,Daylight,Violation Driver 1,No Controls Present/Factor,Clear,Broadside,Non-Related,Other Vehicle,Not Applicable,Not Applicable,North Of,,True,False,55384,EL RANCHO VERDE DR,JOSE FIGUERES AV,37.35972934,-121.8492121
7353,688842,CR-0000094697,0,1,0,0,22-295-0057,False,False,600,10/22/2022 1:00:00 AM,No Pedestrians Involved,Dry,No Unusual Conditions,Dark - Street Light,Violation Driver 1,No Controls Present/Factor,Clear,Broadside,Non-Related,Parked Vehicle,Not Applicable,Not Applicable,North Of,"TREES(X2), STREET SIGN",False,False,55384,EL RANCHO VERDE DR,JOSE FIGUERES AV,37.35972934,-121.8492121
7354,694484,CR-0000098478,1,0,0,0,23-173-0409,False,False,523,6/22/2023 12:45:00 PM,No Pedestrians Involved,Dry,No Unusual Conditions,Daylight,Violation Driver 1,No Controls Present/Factor,Clear,Head On,Non-Related,Other Vehicle,Not Applicable,Not Applicable,North Of,,False,False,55384,EL RANCHO VERDE DR,JOSE FIGUERES AV,37.35972934,-121.8492121
7355,694445,CR-0000098410,0,0,1,0,23-160-0401,False,False,532,6/9/2023 1:10:00 PM,No Pedestrians Involved,Dry,No Unusual Conditions,Daylight,Violation Driver 1,No Controls Present/Factor,Clear,Broadside,Non-Related,Other Vehicle,Not Applicable,Not Applicable,North Of,,False,False,55384,EL RANCHO VERDE DR,JOSE FIGUERES AV,37.35972934,-121.8492121
7356,697616,CR-0000099817,0,1,0,0,23-303-0705,False,False,51,10/30/2023 6:10:00 PM,Crossing - Not In Crosswalk,Dry,No Unusual Conditions,Dusk - Dawn,Pedestrian At Fault,No Controls Present/Factor,Clear,Vehicle/Pedestrian,Non-Related,Pedestrian,West,East,North Of,PED,False,False,55384,EL RANCHO VERDE DR,JOSE FIGUERES AV,37.35972934,-121.8492121
7357,694055,CR-0000098011,1,0,0,0,23-100-0726,False,False,0,4/10/2023 4:34:00 PM,No Pedestrians Involved,Dry,No Unusual Conditions,Daylight,Violation Driver 1,No Controls Present/Factor,Clear,Sideswipe,Intersection,Parked Vehicle,Not Applicable,Not Applicable,At,,True,False,55384,EL RANCHO VERDE DR,JOSE FIGUERES AV,37.35972934,-121.8492121
7358,690161,CR-0000096250,0,0,0,0,22-160-0692,False,False,0,6/9/2022 5:39:00 PM,No Pedestrians Involved,Dry,No Unusual Conditions,Daylight,Violation Driver 1,Controls Functioning,Clear,Broadside,Intersection,Other Vehicle,Not Applicable,Not Applicable,At,,False,False,55384,EL RANCHO VERDE DR,JOSE FIGUERES AV,37.35972934,-121.8492121
7359,689253,CR-0000095212,0,0,0,0,22-303-0823,False,False,0,10/30/2022 8:45:00 PM,No Pedestrians Involved,Dry,No Unusual Conditions,Dark - Street Light,Violation Driver 1,No Controls Present/Factor,Clear,Sideswipe,Intersection,Other Vehicle,Not Applicable,Not Applicable,At,,True,False,86723,MACHADO LN,STORY RD,37.36604687,-121.805594
7360,681885,CR-0000091366,1,0,1,0,22-038-9712,False,True,20,2/5/2022 5:00:00 PM,In Road - Includes Shoulder,Dry,No Unusual Conditions,Daylight,Unknown,Controls Functioning,Clear,Vehicle/Pedestrian,Related,Pedestrian,Unknown,Unknown,East Of,PED x2,False,False,86723,MACHADO LN,STORY RD,37.36604687,-121.805594
7361,688894,CR-0000094752,0,1,0,0,22-278-0897,False,False,52,10/5/2022 8:37:00 PM,Crossing - Not In Crosswalk,Dry,No Unusual Conditions,Dark - No Street Light,Violation Driver 1,No Controls Present/Factor,Clear,Vehicle/Pedestrian,Non-Related,Pedestrian,West,East,North Of,PEDESTRIAN,False,False,81168,LADDIE WY/CT,NIEMAN BL,37.31037359,-121.8005016
7362,716274,CR-0000102229,0,0,0,0,24-047-0152,True,False,42,2/16/2024 7:54:00 AM,No Pedestrians Involved,Dry,No Unusual Conditions,Daylight,Violation Driver 1,No Controls Present/Factor,Clear,Hit Object,Related,Fixed Object,Not Applicable,Not Applicable,West Of,CURB,False,False,31316,CAMPERDOWN WY,TORYGLEN WY,37.30568579,-121.7990899
7363,722515,CR-0000103826,0,0,0,0,24-121-4006,False,True,51,4/17/2024 6:25:00 PM,No Pedestrians Involved,Unknown,Unknown,Unknown,Unknown,Unknown,Unknown,Other,Non-Related,Animal,Not Applicable,Not Applicable,West Of,DOG,False,False,110274,SPRUCE ROCK ST,TOY LN,37.30736017,-121.791058
7364,698967,CR-0000100269,2,2,0,0,23-310-0229,False,False,0,11/6/2023 9:23:00 AM,No Pedestrians Involved,Dry,No Unusual Conditions,Daylight,Violation Driver 1,Controls Functioning,Cloudy,Broadside,Intersection,Other Vehicle,Not Applicable,Not Applicable,At,,False,False,25343,BRIGADOON WY,LADDIE WY,37.30922357,-121.8042863
7365,694759,CR-0000098793,0,0,1,0,23-239-0814,False,False,0,8/27/2023 8:28:00 PM,Crossing - Not In Crosswalk,Dry,No Unusual Conditions,Dark - Street Light,Violation Driver 1,No Controls Present/Factor,Clear,Vehicle/Pedestrian,Intersection,Pedestrian,West,East,At,PED,False,False,7644,ANNIE LAURIE WY,SILVER CREEK RD,37.30577764,-121.8097299
7366,722303,CR-0000103597,0,0,0,0,24-089-0067,True,False,96,3/29/2024 2:50:00 AM,No Pedestrians Involved,Dry,No Unusual Conditions,Dark - Street Light,Violation Driver 1,No Controls Present/Factor,Clear,Sideswipe,Non-Related,Other Vehicle,Not Applicable,Not Applicable,South Of,TREE,False,False,130052,BRODIE DR,SWEET BROCK CT,37.29061928,-121.822561
7367,689588,CR-0000095565,1,0,0,0,22-316-0005,False,False,69,11/12/2022 12:04:00 AM,No Pedestrians Involved,Dry,Unknown,Dark - Street Light,Violation Driver 1,No Controls Present/Factor,Clear,Sideswipe,Non-Related,Parked Vehicle,Not Applicable,Not Applicable,North Of,,False,False,76592,JANMARIE CT,MCLAUGHLIN AV,37.29727411,-121.8171903
7368,682303,CR-0000091866,1,0,0,0,22-096-0507,False,False,38,4/6/2022 1:26:00 PM,No Pedestrians Involved,Dry,Unknown,Daylight,Violation Driver 1,No Controls Present/Factor,Clear,Sideswipe,Related,Parked Vehicle,Not Applicable,Not Applicable,West Of,,False,False,82830,LEEWARD DR,STORY RD,37.3483791,-121.8305992