_id,CrashFactId,Name,MinorInjuries,ModerateInjuries,SevereInjuries,FatalInjuries,TcrNumber,CityDamageFlag,ShortFormFlag,Distance,CrashDateTime,PedestrianAction,RoadwaySurface,RoadwayCondition,Lighting,PrimaryCollisionFactor,TrafficControl,Weather,CollisionType,ProximityToIntersection,VehicleInvolvedWith,PedestrianDirectionFrom,PedestrianDirectionTo,DirectionFromIntersection,Comment,SpeedingFlag,HitAndRunFlag,IntersectionNumber,AStreetName,BStreetName,Latitude,Longitude
7369,682489,CR-0000092056,2,0,0,0,22-091-0750,False,False,0,4/1/2022 6:54:00 PM,No Pedestrians Involved,Dry,No Unusual Conditions,Daylight,Violation Driver 1,Controls Functioning,Clear,Broadside,Intersection,Other Vehicle,Not Applicable,Not Applicable,At,,False,False,82830,LEEWARD DR,STORY RD,37.3483791,-121.8305992
7370,694345,CR-0000098289,2,0,0,0,23-157-0859,True,False,,6/6/2023 8:08:00 PM,No Pedestrians Involved,Dry,No Unusual Conditions,Daylight,Violation Driver 1,Controls Functioning,Clear,Sideswipe,Related,Other Vehicle,Not Applicable,Not Applicable,Unknown,Tree(2),True,False,82830,LEEWARD DR,STORY RD,37.3483791,-121.8305992
7371,690973,CR-0000097144,0,0,0,0,23-044-0732,False,False,0,2/13/2023 7:05:00 PM,No Pedestrians Involved,Dry,No Unusual Conditions,Dark - Street Light,Violation Driver 1,Controls Functioning,Clear,Rear End,Intersection,Other Vehicle,Not Applicable,Not Applicable,At,,True,True,82830,LEEWARD DR,STORY RD,37.3483791,-121.8305992
7372,716054,CR-0000102025,1,0,0,0,24-013-0145,True,False,30,1/13/2024 3:35:00 AM,No Pedestrians Involved,Dry,No Unusual Conditions,Dark - Street Light,Violation Driver 1,Controls Functioning,Clear,Hit Object,Related,Fixed Object,Not Applicable,Not Applicable,West Of,SIGNAL LIGHT,True,False,82830,LEEWARD DR,STORY RD,37.3483791,-121.8305992
7373,691030,CR-0000097202,1,0,0,0,23-039-0864,False,False,0,2/8/2023 10:21:00 PM,No Pedestrians Involved,Dry,No Unusual Conditions,Dark - Street Light,Violation Driver 1,No Controls Present/Factor,Clear,Broadside,Intersection,Other Vehicle,Not Applicable,Not Applicable,At,,False,False,32262,CAPITOL AV,COVENTRY DR,37.34546354,-121.8230183
7374,683259,CR-0000092850,0,0,0,0,22-199-0817,False,False,51,7/18/2022 7:00:00 PM,No Pedestrians Involved,Dry,No Unusual Conditions,Daylight,Violation Driver 1,No Controls Present/Factor,Clear,Sideswipe,Non-Related,Parked Vehicle,Not Applicable,Not Applicable,East Of,,True,False,143920,HIGHWOOD DR,MARMONT WY,37.35596411,-121.8266606
7375,689962,CR-0000095976,0,0,1,0,22-263-9807,False,False,491,8/24/2022 7:45:00 AM,No Pedestrians Involved,Dry,No Unusual Conditions,Daylight,Violation Driver 1,No Controls Present/Factor,Clear,Broadside,Non-Related,Motorcycle,Not Applicable,Not Applicable,North Of,,False,False,14200,BASCOM AV,WOODARD RD,37.26026806,-121.9464086
7376,682165,CR-0000091733,1,0,0,0,22-067-0572,False,False,250,3/8/2022 2:15:00 PM,No Pedestrians Involved,Dry,No Unusual Conditions,Daylight,Unknown,No Controls Present/Factor,Clear,Sideswipe,Non-Related,Motorcycle,Not Applicable,Not Applicable,East Of,,False,False,85370,LOS GATOS ALMADEN RD,TAFT DR,37.24340244,-121.9363827
7377,692526,CR-0000097817,0,0,0,0,23-075-4004,False,True,51,3/16/2023 8:23:00 AM,No Pedestrians Involved,Unknown,Unknown,Unknown,Unknown,Unknown,Unknown,Sideswipe,Non-Related,Parked Vehicle,Not Applicable,Not Applicable,South Of,,False,False,77417,JOSEPHINE AV,NEW JERSEY AV,37.27345413,-121.9268857
7378,694633,CR-0000098666,0,1,0,0,23-209-0889,False,False,50,7/28/2023 9:17:00 PM,No Pedestrians Involved,Dry,No Unusual Conditions,Dusk - Dawn,Violation Driver 1,No Controls Present/Factor,Clear,Rear End,Related,Parked Vehicle,Not Applicable,Not Applicable,West Of,,False,False,52601,DRY CREEK RD,PAULINE DR,37.27973677,-121.9306121
7379,722184,CR-0000103450,0,0,0,0,24-076-0919,False,False,260,3/16/2024 10:41:00 PM,No Pedestrians Involved,Dry,No Unusual Conditions,Dark - Street Light,Violation Driver 1,No Controls Present/Factor,Clear,Sideswipe,Non-Related,Parked Vehicle,Not Applicable,Not Applicable,South Of,,False,False,52601,DRY CREEK RD,PAULINE DR,37.27973677,-121.9306121
7380,681522,CR-0000090918,0,1,0,0,22-037-0564,True,False,298,2/6/2022 4:06:00 PM,No Pedestrians Involved,Dry,No Unusual Conditions,Daylight,Violation Driver 1,Controls Functioning,Clear,Head On,Non-Related,Fixed Object,Not Applicable,Not Applicable,West Of,TREE,True,False,104114,RINGWOOD AV,TRADE ZONE BL,37.40374101,-121.8958207
7381,682842,CR-0000092448,1,0,0,0,22-158-0612,False,False,0,6/7/2022 1:37:00 PM,No Pedestrians Involved,Dry,No Unusual Conditions,Daylight,Violation Driver 1,Controls Functioning,Clear,Rear End,Intersection,Parked Vehicle,Not Applicable,Not Applicable,At,,False,False,104114,RINGWOOD AV,TRADE ZONE BL,37.40374101,-121.8958207
7382,689243,CR-0000095210,0,0,0,0,22-309-0188,False,False,50,10/31/2022 9:10:00 AM,No Pedestrians Involved,Dry,No Unusual Conditions,Daylight,Violation Driver 1,Controls Functioning,Clear,Rear End,Related,Other Vehicle,Not Applicable,Not Applicable,South Of,,False,True,104114,RINGWOOD AV,TRADE ZONE BL,37.40374101,-121.8958207
7383,694534,CR-0000098528,1,0,0,0,23-196-0006,False,False,480,7/14/2023 9:59:00 PM,No Pedestrians Involved,Dry,No Unusual Conditions,Dark - Street Light,Violation Driver 1,No Controls Present/Factor,Clear,Hit Object,Non-Related,Fixed Object,Not Applicable,Not Applicable,South Of,,True,False,104114,RINGWOOD AV,TRADE ZONE BL,37.40374101,-121.8958207
7384,681284,CR-0000090670,0,0,0,0,22-009-0646,False,False,210,1/9/2022 5:59:00 PM,No Pedestrians Involved,Dry,No Unusual Conditions,Daylight,Violation Driver 1,Unknown,Clear,Rear End,Non-Related,Other Vehicle,Not Applicable,Not Applicable,West Of,,True,False,81322,LAKEWOOD DR,SIERRA WOOD DR,37.41093704,-121.88054
7385,681173,CR-0000090560,0,0,0,0,22-022-0933,False,False,0,1/22/2022 11:50:00 PM,In Road - Includes Shoulder,Dry,No Unusual Conditions,Dark - Street Light,Violation Driver 1,Controls Functioning,Clear,Vehicle/Pedestrian,Intersection,Pedestrian,Unknown,Unknown,At,PEDESTRIAN,False,False,86041,LUNDY AV/LUNDY PL,TRADE ZONE BL,37.40331304,-121.8905799
7386,683333,CR-0000092921,0,0,0,0,22-167-4000,False,True,0,6/16/2022 9:00:00 AM,No Pedestrians Involved,Unknown,Unknown,Daylight,Unknown,Unknown,Unknown,Sideswipe,Intersection,Other Vehicle,Not Applicable,Not Applicable,At,,False,False,86041,LUNDY AV/LUNDY PL,TRADE ZONE BL,37.40331304,-121.8905799
7387,698732,CR-0000099982,1,0,0,0,23-262-0211,False,False,0,9/19/2023 8:27:00 AM,No Pedestrians Involved,Dry,No Unusual Conditions,Daylight,Violation Driver 1,Controls Functioning,Clear,Rear End,Intersection,Other Vehicle,Not Applicable,Not Applicable,At,,False,False,86041,LUNDY AV/LUNDY PL,TRADE ZONE BL,37.40331304,-121.8905799
7388,712064,CR-0000101427,1,0,0,0,23-354-0722,False,False,0,12/20/2023 7:00:00 PM,No Pedestrians Involved,Wet,No Unusual Conditions,Dark - Street Light,Violation Driver 1,Controls Functioning,Cloudy,Rear End,Intersection,Other Vehicle,Not Applicable,Not Applicable,At,,True,False,86041,LUNDY AV/LUNDY PL,TRADE ZONE BL,37.40331304,-121.8905799
7389,699410,CR-0000100740,0,0,0,0,23-193-0629,True,False,0,7/12/2023 4:45:00 PM,No Pedestrians Involved,Dry,No Unusual Conditions,Daylight,Violation Driver 1,Controls Functioning,Clear,Sideswipe,Intersection,Other Vehicle,Not Applicable,Not Applicable,At,SIGNAL,False,False,86041,LUNDY AV/LUNDY PL,TRADE ZONE BL,37.40331304,-121.8905799
7390,682675,CR-0000092251,0,0,0,0,22-146-1068,False,True,51,5/26/2022 8:10:00 PM,No Pedestrians Involved,Unknown,Unknown,Unknown,Unknown,Unknown,Unknown,Rear End,Non-Related,Other Vehicle,Not Applicable,Not Applicable,South Of,,False,False,6687,AMBERWOOD LN,MORRILL AV,37.41366059,-121.8739486
7391,717451,CR-0000102475,3,0,0,0,24-090-0747,False,False,0,3/30/2024 8:00:00 PM,No Pedestrians Involved,Dry,No Unusual Conditions,Dark - Street Light,Violation Driver 1,No Controls Present/Factor,Clear,Head On,Intersection,Other Vehicle,Not Applicable,Not Applicable,At,,False,False,6687,AMBERWOOD LN,MORRILL AV,37.41366059,-121.8739486
7392,698641,CR-0000099866,0,1,0,0,23-238-0676,False,False,108,8/26/2023 5:50:00 PM,No Pedestrians Involved,Unknown,No Unusual Conditions,Unknown,Bike At Fault,No Controls Present/Factor,Clear,Vehicle/Bike,Non-Related,Bike,Not Applicable,Not Applicable,North Of,BIKE,False,False,19403,BLANEY AV,PROSPECT RD,37.2939093,-122.0236742
7393,689325,CR-0000095284,0,0,1,0,22-331-0127,True,False,111,11/27/2022 2:58:00 AM,No Pedestrians Involved,Dry,No Unusual Conditions,Dark - Street Light,Violation Driver 1,Controls Functioning,Clear,Hit Object,Non-Related,Fixed Object,Not Applicable,Not Applicable,East Of,TREE and LIGHT POLE,False,False,21405,BOLLINGER RD,EAST ESTATES DR,37.30953696,-122.0211536
7394,719853,CR-0000103026,0,0,0,0,24-044-4004,False,True,51,2/10/2024 5:52:00 PM,No Pedestrians Involved,Unknown,Unknown,Unknown,Unknown,Unknown,Unknown,Sideswipe,Non-Related,Other Vehicle,Not Applicable,Not Applicable,South Of,,False,False,110681,STARVIEW DR,WOODARD RD,37.2602022,-121.9453005
7395,690525,CR-0000096651,0,0,0,0,22-361-9701,False,True,51,12/26/2022 9:15:00 PM,No Pedestrians Involved,Wet,No Unusual Conditions,Dark - Street Light,Unknown,No Controls Present/Factor,Rain,Rear End,Non-Related,Parked Vehicle,Not Applicable,Not Applicable,East Of,,False,False,1473,ACAPULCO DR,ANTHONY DR,37.28113808,-121.9727442
7396,692450,CR-0000097735,1,0,0,0,23-083-0056,False,False,0,3/24/2023 12:40:00 AM,No Pedestrians Involved,Dry,No Unusual Conditions,Dark - Street Light,Violation Driver 1,No Controls Present/Factor,Clear,Head On,Intersection,Other Vehicle,Not Applicable,Not Applicable,At,,False,False,47387,CURTNER AV,JOSEPH AV,37.27250721,-121.9395957
7397,681371,CR-0000090758,0,0,0,0,22-023-0671,False,False,30,1/17/2022 5:19:00 PM,No Pedestrians Involved,Dry,No Unusual Conditions,Dusk - Dawn,Violation Driver 1,No Controls Present/Factor,Clear,Other,Related,Parked Vehicle,Not Applicable,Not Applicable,West Of,,False,False,77362,JOSEPH AV,SHAMROCK DR,37.26948334,-121.9395533
7398,698654,CR-0000099880,1,0,0,0,23-226-0796,False,False,164,8/14/2023 6:43:00 PM,No Pedestrians Involved,Dry,No Unusual Conditions,Daylight,Violation Driver 1,No Controls Present/Factor,Clear,Vehicle/Bike,Non-Related,Bike,Not Applicable,Not Applicable,North Of,BIKE,True,False,77362,JOSEPH AV,SHAMROCK DR,37.26948334,-121.9395533
7399,682621,CR-0000092189,0,0,0,0,22-133-4001,False,True,0,5/6/2022 8:55:00 AM,No Pedestrians Involved,Unknown,Unknown,Unknown,Unknown,Unknown,Unknown,Rear End,Intersection,Other Vehicle,Not Applicable,Not Applicable,At,,False,False,19414,BLANEY AV,RAINBOW DR,37.30113982,-122.0237074
7400,689016,CR-0000094876,1,2,0,0,22-283-0624,False,False,0,10/10/2022 4:08:00 PM,No Pedestrians Involved,Dry,No Unusual Conditions,Daylight,Violation Driver 1,Controls Functioning,Cloudy,Head On,Intersection,Other Vehicle,Not Applicable,Not Applicable,At,,False,False,19414,BLANEY AV,RAINBOW DR,37.30113982,-122.0237074
7401,699285,CR-0000100610,0,0,0,0,23-153-0815,False,True,51,6/2/2023 7:40:00 PM,No Pedestrians Involved,Dry,Unknown,Daylight,Unknown,No Controls Present/Factor,Clear,Rear End,Non-Related,Parked Vehicle,Not Applicable,Not Applicable,West Of,,False,False,19414,BLANEY AV,RAINBOW DR,37.30113982,-122.0237074
7402,699194,CR-0000100514,0,0,0,0,23-170-0312,False,False,643,6/19/2023 9:49:00 AM,No Pedestrians Involved,Dry,No Unusual Conditions,Daylight,Violation Driver 1,Controls Functioning,Clear,Broadside,Non-Related,Parked Vehicle,Not Applicable,Not Applicable,East Of,,False,False,3376,ALDERBROOK LN,SLIDA DR,37.29900503,-122.0181287
7403,688684,CR-0000094505,0,1,0,0,22-262-0405,False,False,250,9/19/2022 12:49:00 PM,No Pedestrians Involved,Dry,No Unusual Conditions,Daylight,Violation Driver 1,No Controls Present/Factor,Clear,Sideswipe,Non-Related,Parked Vehicle,Not Applicable,Not Applicable,North Of,,False,False,13727,BASCOM AV,CAMDEN AV,37.26615611,-121.9410178
7404,684723,CR-0000093451,0,1,0,0,22-200-0729,True,False,75,7/19/2022 6:52:00 PM,No Pedestrians Involved,Dry,No Unusual Conditions,Daylight,Violation Driver 1,Controls Functioning,Clear,Hit Object,Non-Related,Fixed Object,Not Applicable,Not Applicable,South Of,Sign,False,False,13727,BASCOM AV,CAMDEN AV,37.26615611,-121.9410178
7405,685152,CR-0000093826,0,0,0,0,22-227-9702,False,True,51,8/11/2022 7:55:00 PM,No Pedestrians Involved,Dry,No Unusual Conditions,Dusk - Dawn,Unknown,Controls Functioning,Clear,Sideswipe,Non-Related,Other Vehicle,Not Applicable,Not Applicable,West Of,,False,False,13727,BASCOM AV,CAMDEN AV,37.26615611,-121.9410178
7406,682819,CR-0000092400,1,0,0,0,22-134-0698,False,False,0,5/14/2022 7:35:00 PM,No Pedestrians Involved,Dry,No Unusual Conditions,Daylight,Violation Driver 1,Controls Functioning,Clear,Broadside,Intersection,Other Vehicle,Not Applicable,Not Applicable,At,,False,False,13727,BASCOM AV,CAMDEN AV,37.26615611,-121.9410178
7407,681608,CR-0000091005,1,1,0,0,22-047-0651,False,False,0,2/16/2022 3:15:00 PM,No Pedestrians Involved,Dry,No Unusual Conditions,Daylight,Violation Driver 1,Controls Functioning,Clear,Broadside,Intersection,Other Vehicle,Not Applicable,Not Applicable,At,,False,False,13727,BASCOM AV,CAMDEN AV,37.26615611,-121.9410178
7408,681615,CR-0000091012,0,1,0,0,22-049-0756,False,False,0,2/18/2022 5:38:00 PM,No Pedestrians Involved,Dry,No Unusual Conditions,Daylight,Violation Driver 1,Controls Functioning,Clear,Other,Intersection,Non-Collision,Not Applicable,Not Applicable,At,,True,False,13727,BASCOM AV,CAMDEN AV,37.26615611,-121.9410178
7409,681708,CR-0000091106,0,1,0,0,22-057-0032,False,False,0,2/26/2022 12:19:00 AM,No Pedestrians Involved,Dry,No Unusual Conditions,Dark - Street Light,Violation Driver 1,Controls Functioning,Clear,Head On,Intersection,Other Vehicle,Not Applicable,Not Applicable,At,,False,False,13727,BASCOM AV,CAMDEN AV,37.26615611,-121.9410178
7410,698808,CR-0000100090,1,0,0,0,23-168-0827,False,False,0,6/18/2023 9:23:00 PM,No Pedestrians Involved,Dry,No Unusual Conditions,Dark - Street Light,Violation Driver 1,Controls Functioning,Clear,Sideswipe,Intersection,Other Vehicle,Not Applicable,Not Applicable,At,,False,False,13727,BASCOM AV,CAMDEN AV,37.26615611,-121.9410178
7411,696230,CR-0000099375,0,0,0,0,23-116-9701,False,True,0,4/25/2023 4:21:00 PM,No Pedestrians Involved,Dry,No Unusual Conditions,Daylight,Unknown,Unknown,Clear,Rear End,Intersection,Other Vehicle,Not Applicable,Not Applicable,At,,False,False,13727,BASCOM AV,CAMDEN AV,37.26615611,-121.9410178
7412,691396,CR-0000097645,1,0,0,0,23-064-0324,False,False,0,3/5/2023 11:04:00 AM,No Pedestrians Involved,Dry,No Unusual Conditions,Daylight,Violation Driver 1,Controls Functioning,Clear,Broadside,Intersection,Other Vehicle,Not Applicable,Not Applicable,At,,False,False,13727,BASCOM AV,CAMDEN AV,37.26615611,-121.9410178
7413,690654,CR-0000096776,3,0,0,0,23-031-0439,False,False,0,1/31/2023 12:42:00 PM,No Pedestrians Involved,Dry,No Unusual Conditions,Daylight,Violation Driver 1,Controls Functioning,Clear,Broadside,Intersection,Other Vehicle,Not Applicable,Not Applicable,At,,False,False,13727,BASCOM AV,CAMDEN AV,37.26615611,-121.9410178
7414,690724,CR-0000096861,1,1,0,0,23-010-0213,False,False,0,1/10/2023 4:26:00 AM,No Pedestrians Involved,Slippery (Muddy Oily etc.),Other,Dark - Street Light Not Functioning,Violation Driver 1,Controls Not Functioning,Rain,Head On,Intersection,Other Vehicle,Not Applicable,Not Applicable,At,,True,False,13727,BASCOM AV,CAMDEN AV,37.26615611,-121.9410178
7415,716275,CR-0000102231,1,0,0,0,24-049-0628,False,False,40,2/18/2024 6:48:00 PM,No Pedestrians Involved,Wet,No Unusual Conditions,Dark - Street Light,Violation Driver 1,Controls Functioning,Rain,Rear End,Related,Other Vehicle,Not Applicable,Not Applicable,West Of,,True,False,13727,BASCOM AV,CAMDEN AV,37.26615611,-121.9410178
7416,719688,CR-0000102859,0,0,0,1,24-198-0411,False,False,0,7/16/2024 12:29:00 PM,No Pedestrians Involved,Dry,No Unusual Conditions,Daylight,Bike At Fault,Controls Functioning,Clear,Vehicle/Bike,Intersection,Bike,Not Applicable,Not Applicable,At,BIKE,False,False,13727,BASCOM AV,CAMDEN AV,37.26615611,-121.9410178
7417,711628,CR-0000101240,0,0,0,0,23-332-4002,False,True,0,11/27/2023 6:00:00 PM,No Pedestrians Involved,Unknown,Unknown,Unknown,Unknown,Unknown,Unknown,Rear End,Intersection,Other Vehicle,Not Applicable,Not Applicable,At,,False,False,13727,BASCOM AV,CAMDEN AV,37.26615611,-121.9410178
7418,712089,CR-0000100878,2,0,0,0,23-308-0215,False,False,0,11/4/2023 8:21:00 AM,No Pedestrians Involved,Dry,No Unusual Conditions,Daylight,Violation Driver 1,Controls Functioning,Clear,Broadside,Intersection,Other Vehicle,Not Applicable,Not Applicable,At,,False,False,13727,BASCOM AV,CAMDEN AV,37.26615611,-121.9410178
7419,695905,CR-0000099033,0,0,0,0,23-257-4003,False,True,,9/14/2023 5:30:00 PM,No Pedestrians Involved,Unknown,Unknown,Unknown,Unknown,Unknown,Unknown,Rear End,Related,Other Vehicle,Not Applicable,Not Applicable,West Of,,False,False,21449,BOLLINGER RD,LANCER DR,37.31023326,-122.0156711
7420,692527,CR-0000097819,0,0,0,0,23-074-4002,False,True,0,3/15/2023 8:34:00 AM,No Pedestrians Involved,Unknown,Unknown,Unknown,Unknown,Unknown,Unknown,Rear End,Intersection,Other Vehicle,Not Applicable,Not Applicable,At,,False,False,75019,HYDE AV,MILLER AV,37.30787352,-122.0144019
7421,682123,CR-0000091639,0,0,0,0,22-031-4000,False,True,,1/29/2022 7:00:00 AM,No Pedestrians Involved,Unknown,Unknown,Daylight,Unknown,Unknown,Unknown,Rear End,Related,Parked Vehicle,Not Applicable,Not Applicable,West Of,,False,False,12979,BANNOCK CI,MONTREAL DR,37.27562414,-121.9843466
7422,685240,CR-0000093920,0,0,0,0,22-260-0502,False,False,0,9/11/2022 3:00:00 PM,No Pedestrians Involved,Dry,No Unusual Conditions,Daylight,Violation Driver 1,No Controls Present/Factor,Clear,Sideswipe,Intersection,Other Vehicle,Not Applicable,Not Applicable,At,,False,True,50225,DELNA MANOR LN,DOWNING AV,37.30519986,-121.9331955
7423,692386,CR-0000097669,0,0,0,0,23-071-4001,False,True,51,3/12/2023 12:29:00 PM,No Pedestrians Involved,Unknown,Unknown,Unknown,Unknown,Unknown,Unknown,Other,Non-Related,Parked Vehicle,Not Applicable,Not Applicable,North Of,,False,False,50225,DELNA MANOR LN,DOWNING AV,37.30519986,-121.9331955
7424,682264,CR-0000091845,0,0,0,0,22-115-4006,False,True,,4/25/2022 7:45:00 AM,No Pedestrians Involved,Unknown,Unknown,Daylight,Unknown,Unknown,Unknown,Other,Related,Parked Vehicle,Not Applicable,Not Applicable,Unknown,,False,False,9217,ARNOLD WY,DOWNING AV,37.30520044,-121.93575
7425,722487,CR-0000103801,0,0,0,0,24-108-0011,False,False,0,4/17/2024 12:35:00 AM,No Pedestrians Involved,Dry,No Unusual Conditions,Dark - Street Light,Violation Driver 1,No Controls Present/Factor,Clear,Broadside,Intersection,Other Vehicle,Not Applicable,Not Applicable,At,,False,True,48168,DANA AV,HEDDING ST,37.3348368,-121.9307087
7426,682600,CR-0000092167,0,0,0,0,22-121-4000,False,False,51,5/1/2022 12:30:00 PM,No Pedestrians Involved,Unknown,Unknown,Daylight,Unknown,Unknown,Unknown,Sideswipe,Non-Related,Parked Vehicle,Not Applicable,Not Applicable,East Of,,False,False,56650,EMORY ST,GARDEN DR,37.33171066,-121.9303405
7427,712098,CR-0000101577,0,0,0,0,23-355-4005,False,True,51,12/9/2023 9:35:00 AM,No Pedestrians Involved,Unknown,Unknown,Unknown,Unknown,Unknown,Unknown,Other,Non-Related,Other Vehicle,Not Applicable,Not Applicable,Unknown,,False,False,97415,OLDHAM WY,SENTER RD,37.29944564,-121.8395125
7428,699123,CR-0000100439,0,0,0,0,23-154-0456,False,False,0,6/3/2023 1:06:00 PM,No Pedestrians Involved,Dry,No Unusual Conditions,Daylight,Violation Driver 1,Unknown,Clear,Rear End,Intersection,Other Vehicle,Not Applicable,Not Applicable,At,,True,True,76977,JESSICA WY,KING RD,37.31423577,-121.8181425
7429,689171,CR-0000095037,0,0,0,0,22-307-0179,True,False,0,11/15/2022 6:19:00 PM,No Pedestrians Involved,Dry,No Unusual Conditions,Daylight,Violation Driver 1,No Controls Present/Factor,Clear,Sideswipe,Intersection,Parked Vehicle,Not Applicable,Not Applicable,At,EMERGENCY VEHICLE,False,False,2188,AIELLO DR,LEWIS RD,37.29251319,-121.8451375
7430,684959,CR-0000093603,0,0,0,0,22-216-0234,False,False,127,8/3/2022 2:40:00 PM,No Pedestrians Involved,Dry,No Unusual Conditions,Daylight,Violation Driver 1,No Controls Present/Factor,Clear,Hit Object,Non-Related,Parked Vehicle,Not Applicable,Not Applicable,South Of,FENCE,True,True,64492,GARDEN AV,LEWIS RD,37.29399529,-121.8430046
7431,699183,CR-0000100503,0,0,0,0,23-179-0317,False,False,0,6/28/2023 10:36:00 AM,No Pedestrians Involved,Dry,No Unusual Conditions,Daylight,Violation Driver 1,No Controls Present/Factor,Clear,Rear End,Intersection,Other Vehicle,Not Applicable,Not Applicable,At,,True,True,64492,GARDEN AV,LEWIS RD,37.29399529,-121.8430046
7432,695960,CR-0000099093,0,0,0,0,23-225-0081,False,False,0,8/13/2023 1:32:00 AM,No Pedestrians Involved,Dry,No Unusual Conditions,Dark - Street Light,Violation Driver 1,No Controls Present/Factor,Clear,Sideswipe,Intersection,Other Vehicle,Not Applicable,Not Applicable,At,,False,True,64492,GARDEN AV,LEWIS RD,37.29399529,-121.8430046
7433,690032,CR-0000096099,0,0,0,0,23-043-0703,False,False,0,2/12/2023 8:41:00 PM,No Pedestrians Involved,Dry,No Unusual Conditions,Dark - Street Light,Unknown,No Controls Present/Factor,Clear,Rear End,Intersection,Parked Vehicle,Not Applicable,Not Applicable,At,,False,False,75910,JACKIE DR,SENTER RD,37.29417435,-121.8340364
7434,684910,CR-0000093532,1,0,0,0,22-195-0155,False,False,0,7/14/2022 7:18:00 AM,No Pedestrians Involved,Dry,Loose Material On Roadway,Daylight,Violation Driver 1,Controls Functioning,Clear,Rear End,Intersection,Other Vehicle,Not Applicable,Not Applicable,At,,False,False,108140,SENTER RD,SOUTHSIDE DR,37.29513447,-121.8350277
7435,688782,CR-0000094626,0,0,0,0,22-296-4001,False,True,51,10/22/2022 8:28:00 PM,No Pedestrians Involved,Unknown,Unknown,Unknown,Unknown,Unknown,Unknown,Other,Non-Related,Other Vehicle,Not Applicable,Not Applicable,South Of,,False,True,108140,SENTER RD,SOUTHSIDE DR,37.29513447,-121.8350277
7436,682350,CR-0000091913,0,0,1,0,22-101-0093,False,False,0,4/10/2022 10:30:00 PM,Crossing In Crosswalk - At Intersection,Dry,No Unusual Conditions,Dark - Street Light,Violation Driver 1,Controls Functioning,Clear,Vehicle/Pedestrian,Intersection,Pedestrian,West,East,At,PEDESTRIAN,False,False,108140,SENTER RD,SOUTHSIDE DR,37.29513447,-121.8350277
7437,682991,CR-0000092567,1,0,0,0,22-125-0420,False,False,0,5/5/2022 1:43:00 PM,No Pedestrians Involved,Dry,No Unusual Conditions,Daylight,Unknown,Unknown,Clear,Head On,Intersection,Other Vehicle,Not Applicable,Not Applicable,At,,False,True,108140,SENTER RD,SOUTHSIDE DR,37.29513447,-121.8350277
7438,681452,CR-0000090842,0,0,0,0,22-028-0809,False,False,0,1/28/2022 7:14:00 PM,No Pedestrians Involved,Dry,No Unusual Conditions,Dark - Street Light,Violation Driver 1,Controls Functioning,Clear,Broadside,Intersection,Other Vehicle,Not Applicable,Not Applicable,At,,False,False,108140,SENTER RD,SOUTHSIDE DR,37.29513447,-121.8350277
7439,681816,CR-0000091225,0,1,0,0,22-082-0694,False,False,135,3/23/2022 4:15:00 PM,No Pedestrians Involved,Dry,No Unusual Conditions,Daylight,Violation Driver 1,No Controls Present/Factor,Clear,Broadside,Non-Related,Other Vehicle,Not Applicable,Not Applicable,South Of,,False,False,108140,SENTER RD,SOUTHSIDE DR,37.29513447,-121.8350277
7440,690925,CR-0000097089,0,0,0,0,23-043-0685,True,False,0,2/12/2023 8:33:00 PM,No Pedestrians Involved,Dry,No Unusual Conditions,Dark - No Street Light,Violation Driver 1,Controls Functioning,Cloudy,Hit Object,Intersection,Fixed Object,Not Applicable,Not Applicable,At,,False,False,108140,SENTER RD,SOUTHSIDE DR,37.29513447,-121.8350277
7441,696258,CR-0000099405,1,0,0,0,23-191-0292,False,False,0,7/10/2023 9:51:00 AM,No Pedestrians Involved,Dry,No Unusual Conditions,Daylight,Violation Driver 1,Unknown,Clear,Sideswipe,Intersection,Other Vehicle,Not Applicable,Not Applicable,At,,False,False,108140,SENTER RD,SOUTHSIDE DR,37.29513447,-121.8350277
7442,716233,CR-0000102199,0,1,0,0,23-357-0212,False,False,0,12/23/2023 7:30:00 AM,No Pedestrians Involved,Dry,No Unusual Conditions,Daylight,Violation Driver 1,Controls Functioning,Clear,Broadside,Intersection,Other Vehicle,Not Applicable,Not Applicable,At,,False,False,108140,SENTER RD,SOUTHSIDE DR,37.29513447,-121.8350277
7443,683203,CR-0000092794,0,0,0,0,22-111-4002,False,True,,4/14/2022 6:20:00 PM,No Pedestrians Involved,Unknown,Unknown,Unknown,Unknown,Unknown,Unknown,Other,Related,Other Vehicle,Not Applicable,Not Applicable,Unknown,,False,False,83401,LEWIS RD,SENTER RD,37.29771373,-121.8376256
7444,683292,CR-0000092878,1,0,0,0,22-140-0548,False,False,51,5/19/2022 4:45:00 PM,No Pedestrians Involved,Dry,No Unusual Conditions,Daylight,Violation Driver 1,Controls Functioning,Clear,Vehicle/Bike,Non-Related,Scooter Motorized,Not Applicable,Not Applicable,North Of,,False,True,83401,LEWIS RD,SENTER RD,37.29771373,-121.8376256
7445,682579,CR-0000092146,1,0,0,0,22-137-1025,False,False,0,5/17/2022 10:34:00 PM,No Pedestrians Involved,Dry,No Unusual Conditions,Dark - Street Light,Bike At Fault,Controls Functioning,Clear,Vehicle/Bike,Intersection,Bike,Not Applicable,Not Applicable,At,BIKE,False,False,83401,LEWIS RD,SENTER RD,37.29771373,-121.8376256