_id,CrashFactId,Name,MinorInjuries,ModerateInjuries,SevereInjuries,FatalInjuries,TcrNumber,CityDamageFlag,ShortFormFlag,Distance,CrashDateTime,PedestrianAction,RoadwaySurface,RoadwayCondition,Lighting,PrimaryCollisionFactor,TrafficControl,Weather,CollisionType,ProximityToIntersection,VehicleInvolvedWith,PedestrianDirectionFrom,PedestrianDirectionTo,DirectionFromIntersection,Comment,SpeedingFlag,HitAndRunFlag,IntersectionNumber,AStreetName,BStreetName,Latitude,Longitude
7446,688741,CR-0000094567,0,0,0,0,22-236-4002,False,True,,8/24/2022 2:30:00 PM,No Pedestrians Involved,Unknown,Unknown,Daylight,Unknown,Unknown,Unknown,Sideswipe,Related,Other Vehicle,Not Applicable,Not Applicable,Unknown,,False,True,83401,LEWIS RD,SENTER RD,37.29771373,-121.8376256
7447,689422,CR-0000095362,1,0,0,0,22-327-0579,False,False,150,11/23/2022 5:55:00 PM,No Pedestrians Involved,Dry,No Unusual Conditions,Dark - Street Light,Violation Driver 1,Controls Functioning,Clear,Broadside,Non-Related,Other Vehicle,Not Applicable,Not Applicable,North Of,,False,True,83401,LEWIS RD,SENTER RD,37.29771373,-121.8376256
7448,689714,CR-0000095726,0,0,1,0,22-312-0125,False,False,51,11/8/2022 6:16:00 AM,Crossing In Crosswalk - At Intersection,Wet,No Unusual Conditions,Dark - Street Light,Pedestrian At Fault,Controls Functioning,Rain,Vehicle/Pedestrian,Non-Related,Pedestrian,East,West,North Of,PED,False,False,83401,LEWIS RD,SENTER RD,37.29771373,-121.8376256
7449,694735,CR-0000098767,3,0,0,0,23-232-0565,False,False,0,8/20/2023 2:32:00 PM,No Pedestrians Involved,Dry,No Unusual Conditions,Daylight,Violation Driver 1,Controls Functioning,Clear,Broadside,Intersection,Other Vehicle,Not Applicable,Not Applicable,At,,False,False,83401,LEWIS RD,SENTER RD,37.29771373,-121.8376256
7450,694089,CR-0000097930,1,0,0,0,23-109-0827,False,False,0,4/19/2023 8:40:00 PM,No Pedestrians Involved,Dry,No Unusual Conditions,Unknown,Violation Driver 1,Controls Functioning,Clear,Sideswipe,Intersection,Other Vehicle,Not Applicable,Not Applicable,At,,False,True,83401,LEWIS RD,SENTER RD,37.29771373,-121.8376256
7451,690244,CR-0000096334,0,0,0,0,22-334-9705,False,True,0,11/18/2022 3:29:00 PM,No Pedestrians Involved,Dry,No Unusual Conditions,Daylight,Unknown,Controls Functioning,Clear,Rear End,Intersection,Other Vehicle,Not Applicable,Not Applicable,At,,False,False,83401,LEWIS RD,SENTER RD,37.29771373,-121.8376256
7452,694133,CR-0000097949,1,0,0,0,23-076-0452,True,False,191,3/17/2023 1:11:00 PM,No Pedestrians Involved,Dry,No Unusual Conditions,Daylight,Violation Driver 1,No Controls Present/Factor,Clear,Broadside,Non-Related,Other Vehicle,Not Applicable,Not Applicable,South Of,LIGHTPOLE,True,False,47959,DADIS WY,SENTER RD,37.29885938,-121.8388714
7453,698657,CR-0000099883,1,0,0,0,23-227-0323,False,False,79,8/15/2023 10:46:00 AM,No Pedestrians Involved,Dry,Unknown,Daylight,Violation Driver 1,No Controls Present/Factor,Clear,Broadside,Non-Related,Other Vehicle,Not Applicable,Not Applicable,West Of,,False,False,51920,LONE BLUFF WY,OLDHAM WY,37.30072663,-121.8376204
7454,690183,CR-0000096272,0,0,0,0,22-157-4004,False,True,51,6/6/2022 5:00:00 AM,No Pedestrians Involved,Unknown,Unknown,Unknown,Unknown,Unknown,Unknown,Sideswipe,Non-Related,Unknown,Not Applicable,Not Applicable,West Of,,False,True,77021,JIM DR,NASHVILLE DR,37.38121559,-121.8414237
7455,683055,CR-0000092601,1,0,0,0,22-164-0427,True,False,120,6/13/2022 12:28:00 PM,No Pedestrians Involved,Dry,No Unusual Conditions,Daylight,Violation Driver 1,Controls Functioning,Clear,Broadside,Non-Related,Other Vehicle,Not Applicable,Not Applicable,South Of,Police Vehicle,False,False,99351,PATT AV,WHITE RD,37.37969475,-121.8391065
7456,719763,CR-0000102936,0,0,0,0,24-023-0357,False,False,78,1/22/2024 8:00:00 AM,No Pedestrians Involved,Dry,No Unusual Conditions,Daylight,Violation Driver 1,No Controls Present/Factor,Clear,Sideswipe,Non-Related,Parked Vehicle,Not Applicable,Not Applicable,West Of,,False,True,99351,PATT AV,WHITE RD,37.37969475,-121.8391065
7457,681547,CR-0000090943,0,0,0,0,22-039-0022,False,False,,2/8/2022 12:28:00 AM,No Pedestrians Involved,Dry,No Unusual Conditions,Dark - Street Light,Violation Driver 1,No Controls Present/Factor,Clear,Sideswipe,Related,Other Vehicle,Not Applicable,Not Applicable,North Of,,True,False,87416,MANTIS DR/RUBY CT,RUBY AV,37.33410611,-121.7835638
7458,699069,CR-0000100375,1,0,0,0,23-343-0797,False,False,0,12/9/2023 7:56:00 PM,No Pedestrians Involved,Dry,No Unusual Conditions,Dark - Street Light,Violation Driver 1,Controls Functioning,Clear,Rear End,Intersection,Other Vehicle,Not Applicable,Not Applicable,At,,False,True,42228,COLVILLE DR,LEAN AV,37.2462959,-121.8174292
7459,712242,CR-0000101688,0,0,0,0,23-310-0662,False,False,218,11/6/2023 4:40:00 PM,No Pedestrians Involved,Dry,No Unusual Conditions,Daylight,Violation Driver 1,No Controls Present/Factor,Clear,Rear End,Non-Related,Parked Vehicle,Not Applicable,Not Applicable,North Of,,True,False,62237,FOREST AV,TOPEKA AV,37.3269166,-121.9309324
7460,684995,CR-0000093614,0,0,0,0,22-198-0657,False,False,450,7/17/2022 5:30:00 PM,No Pedestrians Involved,Dry,No Unusual Conditions,Daylight,Violation Driver 1,Controls Functioning,Clear,Rear End,Non-Related,Parked Vehicle,Not Applicable,Not Applicable,North Of,,False,False,57606,ETTERSBERG DR,HERLONG AV,37.2438876,-121.8126399
7461,685423,CR-0000094158,0,0,0,0,22-265-0888,False,False,51,9/22/2022 4:05:00 PM,No Pedestrians Involved,Dry,Other,Daylight,Violation Driver 1,Unknown,Clear,Other,Non-Related,Animal,Not Applicable,Not Applicable,West Of,DOG,False,True,13771,BASCOM AV,DRY CREEK RD,37.28018078,-121.9316418
7462,683016,CR-0000092645,1,0,0,0,22-173-0699,False,False,326,6/22/2022 4:47:00 PM,No Pedestrians Involved,Dry,No Unusual Conditions,Daylight,Unknown,No Controls Present/Factor,Clear,Head On,Non-Related,Other Vehicle,Not Applicable,Not Applicable,North Of,,False,False,13771,BASCOM AV,DRY CREEK RD,37.28018078,-121.9316418
7463,690121,CR-0000096215,0,0,0,0,22-324-0116,False,False,157,11/20/2022 2:57:00 AM,No Pedestrians Involved,Dry,No Unusual Conditions,Dark - Street Light,Violation Driver 1,Controls Functioning,Clear,Rear End,Non-Related,Parked Vehicle,Not Applicable,Not Applicable,North Of,,True,True,13771,BASCOM AV,DRY CREEK RD,37.28018078,-121.9316418
7464,690797,CR-0000096935,0,0,1,0,23-011-0709,False,False,155,1/11/2023 6:45:00 PM,In Road - Includes Shoulder,Wet,No Unusual Conditions,Dark - Street Light,Pedestrian At Fault,Controls Functioning,Cloudy,Vehicle/Pedestrian,Non-Related,Pedestrian,West,East,South Of,PED,False,False,13771,BASCOM AV,DRY CREEK RD,37.28018078,-121.9316418
7465,716360,CR-0000102324,3,0,0,0,24-036-0465,False,False,0,2/5/2024 1:25:00 PM,No Pedestrians Involved,Wet,Unknown,Daylight,Violation Driver 1,Controls Not Functioning,Rain,Head On,Intersection,Other Vehicle,Not Applicable,Not Applicable,At,,False,False,13771,BASCOM AV,DRY CREEK RD,37.28018078,-121.9316418
7466,722049,CR-0000103303,0,1,0,0,24-032-0784,False,False,0,2/1/2024 7:02:00 PM,Crossing - Not In Crosswalk,Unknown,Unknown,Dark - No Street Light,Pedestrian At Fault,Controls Functioning,Unknown,Vehicle/Pedestrian,Intersection,Pedestrian,East,West,At,PED,False,False,13771,BASCOM AV,DRY CREEK RD,37.28018078,-121.9316418
7467,683656,CR-0000093265,0,1,0,0,22-227-0722,False,False,51,8/1/2022 5:08:00 PM,No Pedestrians Involved,Dry,No Unusual Conditions,Daylight,Violation Driver 1,Controls Not Functioning,Clear,Vehicle/Bike,Non-Related,Bike,Not Applicable,Not Applicable,East Of,BIKE,False,False,47376,CURTNER AV,HOCKING WY,37.27283315,-121.9313164
7468,682562,CR-0000092129,1,0,1,0,22-146-0547,False,False,370,5/26/2022 1:26:00 PM,No Pedestrians Involved,Dry,No Unusual Conditions,Daylight,Violation Driver 1,No Controls Present/Factor,Clear,Rear End,Non-Related,Parked Vehicle,Not Applicable,Not Applicable,East Of,,True,False,47376,CURTNER AV,HOCKING WY,37.27283315,-121.9313164
7469,692552,CR-0000097843,0,0,0,0,23-095-0592,False,False,27,4/5/2023 3:55:00 PM,No Pedestrians Involved,Dry,No Unusual Conditions,Daylight,Violation Driver 1,No Controls Present/Factor,Clear,Broadside,Related,Other Vehicle,Not Applicable,Not Applicable,West Of,,True,True,76999,JEWELL DR,LANTZ AV,37.26936089,-121.9363662
7470,690927,CR-0000097090,0,0,0,0,23-032-4006,False,True,,2/1/2023 6:00:00 PM,No Pedestrians Involved,Unknown,Unknown,Unknown,Unknown,Unknown,Unknown,Rear End,Related,Other Vehicle,Not Applicable,Not Applicable,East Of,,False,False,90133,MCLAUGHLIN AV,YERBA BUENA RD,37.29211835,-121.8136957
7471,711769,CR-0000101579,0,0,0,0,23-354-4010,False,True,0,12/20/2023 5:15:00 PM,No Pedestrians Involved,Unknown,Unknown,Unknown,Unknown,Unknown,Unknown,Rear End,Intersection,Other Vehicle,Not Applicable,Not Applicable,At,,False,False,90133,MCLAUGHLIN AV,YERBA BUENA RD,37.29211835,-121.8136957
7472,716037,CR-0000101952,0,1,0,0,24-001-0285,False,False,112,1/1/2024 5:33:00 AM,Crossing - Not In Crosswalk,Dry,No Unusual Conditions,Dark - No Street Light,Pedestrian At Fault,Controls Functioning,Fog,Vehicle/Pedestrian,Non-Related,Pedestrian,West,East,South Of,PEDESTRIAN,False,False,89902,MCLAUGHLIN AV,SHADOWFAX DR,37.30177824,-121.8223851
7473,691106,CR-0000097288,0,0,0,0,23-058-0409,False,False,0,2/27/2023 12:48:00 PM,No Pedestrians Involved,Wet,No Unusual Conditions,Daylight,Violation Driver 1,Unknown,Rain,Rear End,Intersection,Other Vehicle,Not Applicable,Not Applicable,At,,True,True,75184,IDLEWOOD DR,SHERLOCK DR,37.30906658,-121.8365222
7474,682796,CR-0000092390,0,0,0,1,22-121-0792,False,False,0,5/1/2022 9:12:00 PM,No Pedestrians Involved,Dry,No Unusual Conditions,Dark - Street Light,Unknown,No Controls Present/Factor,Clear,Vehicle/Bike,Intersection,Bike,Not Applicable,Not Applicable,At,BIKE (FATAL),False,False,33021,CAPITOL EX,TUERS RD,37.29879665,-121.8237852
7475,681259,CR-0000090645,1,0,0,0,22-007-0457,False,False,180,1/7/2022 4:00:00 PM,Crossing - Not In Crosswalk,Dry,No Unusual Conditions,Daylight,Pedestrian At Fault,No Controls Present/Factor,Clear,Vehicle/Pedestrian,Non-Related,Pedestrian,East,West,North Of,PEDESTRIAN,False,False,33021,CAPITOL EX,TUERS RD,37.29879665,-121.8237852
7476,690316,CR-0000096410,0,0,0,0,23-020-9702,False,True,0,12/28/2022 5:00:00 PM,No Pedestrians Involved,Unknown,No Unusual Conditions,Dusk - Dawn,Unknown,Controls Functioning,Rain,Rear End,Intersection,Other Vehicle,Not Applicable,Not Applicable,At,,False,False,33021,CAPITOL EX,TUERS RD,37.29879665,-121.8237852
7477,696483,CR-0000099661,0,1,0,0,23-325-0705,False,False,0,11/21/2023 8:10:00 PM,No Pedestrians Involved,Dry,No Unusual Conditions,Dark - Street Light,Violation Driver 1,No Controls Present/Factor,Clear,Rear End,Intersection,Other Vehicle,Not Applicable,Not Applicable,At,,True,False,33021,CAPITOL EX,TUERS RD,37.29879665,-121.8237852
7478,715827,CR-0000101757,0,0,0,0,23-011-4000,False,True,0,1/6/2023 6:30:00 PM,No Pedestrians Involved,Unknown,Unknown,Unknown,Unknown,Unknown,Unknown,Rear End,Intersection,Other Vehicle,Not Applicable,Not Applicable,At,,False,False,33021,CAPITOL EX,TUERS RD,37.29879665,-121.8237852
7479,711887,CR-0000101148,0,0,0,0,23-286-4005,False,True,0,10/13/2023 12:08:00 PM,No Pedestrians Involved,Unknown,Unknown,Unknown,Unknown,Unknown,Unknown,Rear End,Intersection,Other Vehicle,Not Applicable,Not Applicable,At,,False,False,33021,CAPITOL EX,TUERS RD,37.29879665,-121.8237852
7480,722216,CR-0000103482,0,0,0,0,24-082-9709,False,False,51,3/20/2024 2:00:00 PM,No Pedestrians Involved,Dry,No Unusual Conditions,Daylight,Unknown,Unknown,Clear,Rear End,Non-Related,Other Vehicle,Not Applicable,Not Applicable,North Of,,False,False,33021,CAPITOL EX,TUERS RD,37.29879665,-121.8237852
7481,696391,CR-0000099549,0,0,0,0,23-142-4005,False,True,0,5/22/2023 5:01:00 PM,No Pedestrians Involved,Unknown,Unknown,Unknown,Unknown,Unknown,Unknown,Sideswipe,Intersection,Other Vehicle,Not Applicable,Not Applicable,At,,False,False,112452,TULLY RD,ZACHARY WY,37.31643874,-121.8346395
7482,699317,CR-0000100644,1,0,0,0,23-324-0809,False,False,138,11/20/2023 7:50:00 PM,No Pedestrians Involved,Dry,No Unusual Conditions,Dark - Street Light,Violation Driver 1,No Controls Present/Factor,Clear,Rear End,Non-Related,Other Vehicle,Not Applicable,Not Applicable,East Of,,True,False,112452,TULLY RD,ZACHARY WY,37.31643874,-121.8346395
7483,697575,CR-0000099786,1,0,0,0,23-244-0284,False,False,0,9/1/2023 9:18:00 AM,No Pedestrians Involved,Dry,No Unusual Conditions,Daylight,Violation Driver 1,Controls Functioning,Clear,Sideswipe,Intersection,Other Vehicle,Not Applicable,Not Applicable,At,,False,False,112452,TULLY RD,ZACHARY WY,37.31643874,-121.8346395
7484,698932,CR-0000100234,1,0,0,0,23-327-0232,False,False,209,11/23/2023 10:17:00 AM,No Pedestrians Involved,Dry,No Unusual Conditions,Daylight,Unknown,Controls Functioning,Clear,Hit Object,Non-Related,Fixed Object,Not Applicable,Not Applicable,West Of,Backyard wall,False,False,112452,TULLY RD,ZACHARY WY,37.31643874,-121.8346395
7485,682236,CR-0000091782,1,0,0,0,22-100-0426,False,False,0,4/10/2022 3:21:00 PM,No Pedestrians Involved,Dry,No Unusual Conditions,Daylight,Violation Driver 1,Controls Functioning,Clear,Sideswipe,Intersection,Other Vehicle,Not Applicable,Not Applicable,At,,False,False,114531,BAYSHORE FR,BROKAW RD,37.37430069,-121.9170475
7486,690379,CR-0000096474,0,0,0,0,22-223-9704,False,True,0,8/10/2022 2:48:00 PM,No Pedestrians Involved,Dry,No Unusual Conditions,Daylight,Unknown,Controls Functioning,Clear,Vehicle/Bike,Intersection,Bike,Not Applicable,Not Applicable,At,,False,True,114531,BAYSHORE FR,BROKAW RD,37.37430069,-121.9170475
7487,721999,CR-0000103253,0,0,0,0,24-054-0558,False,False,113,2/23/2024 4:27:00 PM,No Pedestrians Involved,Dry,No Unusual Conditions,Daylight,Violation Driver 1,Controls Functioning,Clear,Other,Non-Related,Other Vehicle,Not Applicable,Not Applicable,East Of,,False,True,114531,BAYSHORE FR,BROKAW RD,37.37430069,-121.9170475
7488,681794,CR-0000091194,0,0,0,0,22-076-0503,False,False,21,3/17/2022 1:26:00 PM,No Pedestrians Involved,Dry,No Unusual Conditions,Daylight,Violation Driver 1,Controls Functioning,Clear,Rear End,Related,Other Vehicle,Not Applicable,Not Applicable,South Of,,True,False,86030,LUNDY AV,GORDY DR/TOWNSEND AV,37.38274139,-121.8815714
7489,722166,CR-0000103432,0,0,0,0,24-075-0195,False,False,30,3/15/2024 9:06:00 AM,No Pedestrians Involved,Dry,No Unusual Conditions,Daylight,Violation Driver 1,Controls Functioning,Clear,Rear End,Related,Other Vehicle,Not Applicable,Not Applicable,South Of,,False,True,86030,LUNDY AV,GORDY DR/TOWNSEND AV,37.38274139,-121.8815714
7490,719629,CR-0000102788,0,0,0,0,24-004-0324,False,False,0,1/4/2024 12:00:00 PM,No Pedestrians Involved,Dry,Holes Deep Rut,Daylight,Violation Driver 1,Controls Functioning,Clear,Rear End,Intersection,Other Vehicle,Not Applicable,Not Applicable,At,,False,False,86030,LUNDY AV,GORDY DR/TOWNSEND AV,37.38274139,-121.8815714
7491,690107,CR-0000096193,0,0,0,0,22-338-4004,False,True,51,12/4/2022 8:00:00 PM,No Pedestrians Involved,Unknown,Unknown,Unknown,Unknown,Unknown,Unknown,Broadside,Non-Related,Parked Vehicle,Not Applicable,Not Applicable,East Of,,False,True,32119,CAPEWOOD LN,POSTWOOD DR,37.4116504,-121.8733812
7492,690134,CR-0000096208,0,0,0,0,22-335-0604,False,False,0,12/1/2022 5:40:00 PM,No Pedestrians Involved,Wet,No Unusual Conditions,Dark - Street Light,Violation Driver 1,Controls Functioning,Clear,Broadside,Intersection,Other Vehicle,Not Applicable,Not Applicable,At,,False,True,32119,CAPEWOOD LN,POSTWOOD DR,37.4116504,-121.8733812
7493,691256,CR-0000097500,1,0,0,0,23-030-0697,False,False,174,1/30/2023 5:58:00 PM,No Pedestrians Involved,Dry,No Unusual Conditions,Dusk - Dawn,Violation Driver 1,Controls Functioning,Clear,Rear End,Non-Related,Parked Vehicle,Not Applicable,Not Applicable,North Of,,True,False,32108,CAPEWOOD LN,MORRILL AV,37.41206699,-121.8725211
7494,722055,CR-0000103309,0,0,0,0,24-061-4005,False,True,51,3/1/2024 6:45:00 PM,No Pedestrians Involved,Unknown,Unknown,Unknown,Unknown,Unknown,Unknown,Sideswipe,Non-Related,Parked Vehicle,Not Applicable,Not Applicable,West Of,,False,False,32108,CAPEWOOD LN,MORRILL AV,37.41206699,-121.8725211
7495,696006,CR-0000099141,0,0,0,0,23-232-4003,False,True,51,8/20/2023 2:00:00 PM,No Pedestrians Involved,Unknown,Unknown,Unknown,Unknown,Unknown,Unknown,Other,Non-Related,Parked Vehicle,Not Applicable,Not Applicable,South Of,,False,False,32130,CAPEWOOD LN,WARMWOOD LN,37.41361072,-121.8695993
7496,691174,CR-0000097376,0,0,0,0,23-052-0103,False,False,60,2/21/2023 4:44:00 AM,No Pedestrians Involved,Dry,No Unusual Conditions,Dark - Street Light,Violation Driver 1,No Controls Present/Factor,Clear,Hit Object,Non-Related,Fixed Object,Not Applicable,Not Applicable,South Of,Curb,True,True,107821,TONY P. SANTOS ST,WILSON WY,37.42556645,-121.9662045
7497,716257,CR-0000102239,1,0,0,0,24-054-0698,False,False,381,2/23/2024 6:54:00 PM,No Pedestrians Involved,Dry,No Unusual Conditions,Dark - Street Light,Violation Driver 1,No Controls Present/Factor,Clear,Head On,Non-Related,Parked Vehicle,Not Applicable,Not Applicable,West Of,,True,False,107821,TONY P. SANTOS ST,WILSON WY,37.42556645,-121.9662045
7498,694059,CR-0000098135,0,1,0,0,23-129-0964,False,False,91,5/9/2023 10:18:00 PM,No Pedestrians Involved,Dry,No Unusual Conditions,Dark - Street Light,Violation Driver 1,No Controls Present/Factor,Clear,Rear End,Non-Related,Parked Vehicle,Not Applicable,Not Applicable,West Of,,True,False,143120,CASSELINO DR,EMPOLI ST,37.28342213,-121.8574638
7499,722178,CR-0000103444,0,0,0,0,24-076-0290,False,False,99,3/16/2024 1:06:00 AM,No Pedestrians Involved,Dry,No Unusual Conditions,Daylight,Violation Driver 1,No Controls Present/Factor,Clear,Rear End,Non-Related,Other Vehicle,Not Applicable,Not Applicable,North Of,,True,True,86613,MAC DUEE WY,THREADNEEDLE WY,37.30843224,-121.8059075
7500,695942,CR-0000099075,0,0,0,0,23-268-4005,False,True,51,8/20/2023 11:10:00 AM,No Pedestrians Involved,Unknown,Unknown,Unknown,Unknown,Unknown,Unknown,Other,Non-Related,Parked Vehicle,Not Applicable,Not Applicable,South Of,,False,False,34407,CASEY WY,RAMIREZ CT,37.30659755,-121.7911785
7501,691254,CR-0000097479,0,0,0,0,23-046-0140,False,False,135,2/15/2023 6:53:00 AM,No Pedestrians Involved,Dry,No Unusual Conditions,Daylight,Violation Driver 1,No Controls Present/Factor,Clear,Head On,Non-Related,Parked Vehicle,Not Applicable,Not Applicable,South Of,,True,True,108250,SERENADE WY,TANGO WY,37.27854685,-121.8154713
7502,689364,CR-0000095307,0,0,0,0,22-309-0109,False,False,0,11/5/2022 2:09:00 AM,No Pedestrians Involved,Dry,No Unusual Conditions,Dark - Street Light,Unknown,No Controls Present/Factor,Clear,Broadside,Intersection,Other Vehicle,Not Applicable,Not Applicable,At,,False,True,44824,COYOTE RD,PALISADE DR,37.27920754,-121.8142007
7503,681731,CR-0000091131,0,0,0,0,22-050-0550,False,False,0,2/19/2022 4:39:00 PM,No Pedestrians Involved,Dry,No Unusual Conditions,Daylight,Violation Driver 1,Controls Functioning,Clear,Rear End,Intersection,Other Vehicle,Not Applicable,Not Applicable,At,,True,True,92520,MONTAGUE EX,ZANKER RD,37.3989098,-121.9320376
7504,683093,CR-0000092743,0,0,0,0,22-051-9701,False,True,0,2/19/2022 12:40:00 PM,No Pedestrians Involved,Dry,No Unusual Conditions,Dark - Street Light Not Functioning,Unknown,Controls Functioning,Clear,Rear End,Intersection,Other Vehicle,Not Applicable,Not Applicable,At,,False,True,92520,MONTAGUE EX,ZANKER RD,37.3989098,-121.9320376
7505,681359,CR-0000090746,2,0,0,0,22-016-0727,False,False,0,1/16/2022 8:37:00 PM,No Pedestrians Involved,Dry,No Unusual Conditions,Dark - Street Light,Violation Driver 1,Controls Functioning,Clear,Broadside,Intersection,Other Vehicle,Not Applicable,Not Applicable,At,,False,False,92520,MONTAGUE EX,ZANKER RD,37.3989098,-121.9320376
7506,683321,CR-0000092907,0,0,0,0,22-119-4003,False,True,0,4/29/2022 8:43:00 PM,No Pedestrians Involved,Unknown,Unknown,Unknown,Unknown,Unknown,Unknown,Other,Intersection,Other Vehicle,Not Applicable,Not Applicable,At,,False,False,92520,MONTAGUE EX,ZANKER RD,37.3989098,-121.9320376
7507,695936,CR-0000099067,0,0,0,0,23-240-4006,False,True,0,8/25/2023 5:50:00 AM,No Pedestrians Involved,Unknown,Unknown,Unknown,Unknown,Unknown,Unknown,Broadside,Intersection,Other Vehicle,Not Applicable,Not Applicable,At,,False,False,92520,MONTAGUE EX,ZANKER RD,37.3989098,-121.9320376
7508,694604,CR-0000098637,2,0,0,0,23-204-0764,False,False,0,7/23/2023 6:51:00 PM,No Pedestrians Involved,Dry,No Unusual Conditions,Daylight,Violation Driver 1,Controls Functioning,Clear,Broadside,Intersection,Other Vehicle,Not Applicable,Not Applicable,At,,False,False,92520,MONTAGUE EX,ZANKER RD,37.3989098,-121.9320376
7509,699291,CR-0000100616,0,0,0,0,23-153-9706,False,True,,6/1/2023 9:25:00 AM,No Pedestrians Involved,Dry,No Unusual Conditions,Daylight,Unknown,Controls Functioning,Clear,Sideswipe,Related,Other Vehicle,Not Applicable,Not Applicable,South Of,,False,False,92520,MONTAGUE EX,ZANKER RD,37.3989098,-121.9320376
7510,722137,CR-0000103402,0,0,0,0,24-072-4004,False,True,51,3/12/2024 8:55:00 PM,No Pedestrians Involved,Unknown,Unknown,Unknown,Unknown,Unknown,Unknown,Rear End,Non-Related,Other Vehicle,Not Applicable,Not Applicable,North Of,,False,False,92520,MONTAGUE EX,ZANKER RD,37.3989098,-121.9320376
7511,711802,CR-0000101433,0,0,0,0,23-354-0139,False,False,36,12/20/2023 7:05:00 AM,No Pedestrians Involved,Wet,No Unusual Conditions,Dark - Street Light,Violation Driver 1,Controls Functioning,Rain,Rear End,Related,Other Vehicle,Not Applicable,Not Applicable,North Of,,False,False,92520,MONTAGUE EX,ZANKER RD,37.3989098,-121.9320376
7512,690936,CR-0000097103,1,0,0,0,23-046-0928,False,False,120,2/15/2023 8:35:00 PM,No Pedestrians Involved,Dry,No Unusual Conditions,Dark - Street Light,Violation Driver 1,No Controls Present/Factor,Clear,Vehicle/Bike,Non-Related,Bike,Not Applicable,Not Applicable,West Of,,False,True,8733,ARCHER ST,STATE ST,37.42841118,-121.9728622
7513,722192,CR-0000103458,0,0,0,0,24-077-0125,False,False,51,3/17/2024 2:20:00 AM,No Pedestrians Involved,Dry,No Unusual Conditions,Dark - Street Light,Violation Driver 1,No Controls Present/Factor,Clear,Rear End,Non-Related,Parked Vehicle,Not Applicable,Not Applicable,West Of,,True,False,67957,GRAND BL,SPRECKLES AV,37.43104405,-121.964617
7514,689820,CR-0000095846,0,1,0,0,22-338-0333,False,False,2702,12/4/2022 11:34:00 AM,No Pedestrians Involved,Wet,No Unusual Conditions,Daylight,Violation Driver 1,Controls Functioning,Rain,Other,Non-Related,Non-Collision,Not Applicable,Not Applicable,East Of,,True,False,67913,GRAND BL,LOS ESTEROS RD,37.43127387,-121.9642602
7515,682892,CR-0000092491,1,0,0,0,22-052-0818,False,False,292,2/22/2022 7:17:00 AM,No Pedestrians Involved,Wet,No Unusual Conditions,Dark - Street Light,Violation Driver 1,Unknown,Rain,Other,Non-Related,Parked Vehicle,Not Applicable,Not Applicable,East Of,,False,True,82466,LAVONNE AV,MCCREERY AV,37.34613467,-121.8445405
7516,719589,CR-0000102745,0,0,0,0,24-001-0850,False,False,192,1/1/2024 9:40:00 PM,No Pedestrians Involved,Dry,No Unusual Conditions,Dark - Street Light,Unknown,No Controls Present/Factor,Clear,Sideswipe,Non-Related,Parked Vehicle,Not Applicable,Not Applicable,East Of,,False,False,82466,LAVONNE AV,MCCREERY AV,37.34613467,-121.8445405
7517,681761,CR-0000091161,3,0,0,0,22-053-0824,False,False,0,2/22/2022 8:21:00 PM,No Pedestrians Involved,Dry,No Unusual Conditions,Dark - Street Light,Violation Driver 1,No Controls Present/Factor,Clear,Head On,Intersection,Other Vehicle,Not Applicable,Not Applicable,At,,False,False,85942,LUDLOW WY,MCKEE RD,37.36454019,-121.8511756
7518,684878,CR-0000093569,1,0,0,0,22-207-0666,False,False,123,7/26/2022 5:11:00 PM,No Pedestrians Involved,Dry,No Unusual Conditions,Daylight,Violation Driver 1,No Controls Present/Factor,Clear,Sideswipe,Non-Related,Other Vehicle,Not Applicable,Not Applicable,East Of,,False,False,85942,LUDLOW WY,MCKEE RD,37.36454019,-121.8511756
7519,694418,CR-0000098381,1,0,0,0,23-156-0235,False,False,0,6/5/2023 8:06:00 AM,No Pedestrians Involved,Dry,No Unusual Conditions,Daylight,Violation Driver 1,Unknown,Clear,Sideswipe,Intersection,Other Vehicle,Not Applicable,Not Applicable,At,,False,False,32295,CAPITOL AV,EL MONTE WY,37.34215136,-121.8195846
7520,685173,CR-0000093849,0,0,0,0,22-239-0121,False,False,165,8/27/2022 2:30:00 AM,No Pedestrians Involved,Dry,No Unusual Conditions,Dark - Street Light,Violation Driver 1,No Controls Present/Factor,Clear,Sideswipe,Non-Related,Parked Vehicle,Not Applicable,Not Applicable,West Of,,False,False,94929,NANCY LN,ROSE AV,37.36264586,-121.8308027
7521,685118,CR-0000093791,1,0,0,0,22-201-0306,False,False,55,7/20/2022 10:00:00 AM,No Pedestrians Involved,Dry,No Unusual Conditions,Daylight,Violation Driver 1,No Controls Present/Factor,Clear,Rear End,Non-Related,Other Vehicle,Not Applicable,Not Applicable,South Of,,True,False,32702,CAPITOL AV,TUDOR CT,37.3489327,-121.8254231
7522,711729,CR-0000101386,0,0,0,0,23-316-0100,False,False,304,11/12/2023 3:01:00 AM,No Pedestrians Involved,Dry,No Unusual Conditions,Dark - Street Light,Violation Driver 1,No Controls Present/Factor,Clear,Sideswipe,Non-Related,Parked Vehicle,Not Applicable,Not Applicable,North Of,,False,False,12913,BANGOR AV,MAKATI CI,37.24870638,-121.8079093