_id,CrashFactId,Name,MinorInjuries,ModerateInjuries,SevereInjuries,FatalInjuries,TcrNumber,CityDamageFlag,ShortFormFlag,Distance,CrashDateTime,PedestrianAction,RoadwaySurface,RoadwayCondition,Lighting,PrimaryCollisionFactor,TrafficControl,Weather,CollisionType,ProximityToIntersection,VehicleInvolvedWith,PedestrianDirectionFrom,PedestrianDirectionTo,DirectionFromIntersection,Comment,SpeedingFlag,HitAndRunFlag,IntersectionNumber,AStreetName,BStreetName,Latitude,Longitude
7523,698970,CR-0000100272,1,0,0,0,23-319-0665,False,False,0,11/15/2023 5:50:00 PM,No Pedestrians Involved,Wet,No Unusual Conditions,Dark - Street Light,Violation Driver 2,Controls Functioning,Rain,Broadside,Intersection,Train,Not Applicable,Not Applicable,At,,False,False,128380,MORGRIDGE WY,TASMAN DR,37.41343506,-121.9322085
7524,715916,CR-0000101916,0,0,0,0,23-244-9709,False,True,51,8/31/2023 1:45:00 PM,No Pedestrians Involved,Dry,No Unusual Conditions,Daylight,Unknown,No Controls Present/Factor,Clear,Rear End,Non-Related,Parked Vehicle,Not Applicable,Not Applicable,South Of,,False,True,128468,HOSTETTER RD,WHARTON RD,37.40907468,-121.8506129
7525,684757,CR-0000093441,0,0,0,0,22-186-0656,True,False,1000,7/5/2022 2:38:00 PM,No Pedestrians Involved,Dry,No Unusual Conditions,Daylight,Unknown,Controls Functioning,Clear,Hit Object,Non-Related,Fixed Object,Not Applicable,Not Applicable,North Of,Guard Rail,False,False,32416,CAPITOL AV,HOSTETTER RD,37.39670394,-121.8717253
7526,681904,CR-0000091395,1,0,0,0,22-054-0683,False,False,0,2/23/2022 5:29:00 PM,No Pedestrians Involved,Dry,No Unusual Conditions,Daylight,Violation Driver 1,No Controls Present/Factor,Clear,Rear End,Intersection,Other Vehicle,Not Applicable,Not Applicable,At,,True,False,32416,CAPITOL AV,HOSTETTER RD,37.39670394,-121.8717253
7527,681346,CR-0000090736,0,0,0,0,22-015-4004,False,True,,1/14/2022 6:55:00 PM,No Pedestrians Involved,Unknown,Unknown,Unknown,Unknown,Unknown,Unknown,Sideswipe,Related,Other Vehicle,Not Applicable,Not Applicable,Unknown,,False,False,32416,CAPITOL AV,HOSTETTER RD,37.39670394,-121.8717253
7528,683198,CR-0000092776,0,0,0,0,22-092-9708,False,True,,4/2/2022 2:00:00 PM,No Pedestrians Involved,Dry,No Unusual Conditions,Unknown,Unknown,Controls Functioning,Clear,Other,Related,Other Vehicle,Not Applicable,Not Applicable,North Of,,False,False,32416,CAPITOL AV,HOSTETTER RD,37.39670394,-121.8717253
7529,689792,CR-0000095818,2,0,0,0,22-209-0396,False,False,0,7/28/2022 12:08:00 PM,No Pedestrians Involved,Dry,No Unusual Conditions,Daylight,Violation Driver 1,Controls Functioning,Clear,Broadside,Intersection,Other Vehicle,Not Applicable,Not Applicable,At,,False,False,32416,CAPITOL AV,HOSTETTER RD,37.39670394,-121.8717253
7530,690151,CR-0000096239,0,0,0,0,22-348-9703,False,True,51,11/30/2022 5:00:00 PM,No Pedestrians Involved,Wet,No Unusual Conditions,Daylight,Unknown,Controls Functioning,Clear,Broadside,Non-Related,Other Vehicle,Not Applicable,Not Applicable,North Of,,False,False,32416,CAPITOL AV,HOSTETTER RD,37.39670394,-121.8717253
7531,690254,CR-0000096345,0,0,0,0,22-282-4001,False,True,0,9/12/2022 3:20:00 AM,No Pedestrians Involved,Unknown,Unknown,Unknown,Unknown,Unknown,Unknown,Rear End,Intersection,Other Vehicle,Not Applicable,Not Applicable,At,,False,False,32416,CAPITOL AV,HOSTETTER RD,37.39670394,-121.8717253
7532,690028,CR-0000096086,0,0,0,1,23-110-0398,False,False,0,4/20/2023 12:15:00 PM,Crossing In Crosswalk - At Intersection,Dry,No Unusual Conditions,Daylight,Violation Driver 1,Controls Functioning,Clear,Vehicle/Pedestrian,Intersection,Pedestrian,West,East,At,PED,False,False,32416,CAPITOL AV,HOSTETTER RD,37.39670394,-121.8717253
7533,689897,CR-0000095924,1,0,0,0,22-351-0139,False,False,0,12/17/2022 3:28:00 AM,No Pedestrians Involved,Dry,No Unusual Conditions,Dark - Street Light,Violation Driver 2,Controls Functioning,Clear,Rear End,Intersection,Other Vehicle,Not Applicable,Not Applicable,South Of,,True,True,32416,CAPITOL AV,HOSTETTER RD,37.39670394,-121.8717253
7534,694320,CR-0000098264,1,1,0,0,23-179-0562,False,False,0,6/28/2023 3:35:00 PM,No Pedestrians Involved,Dry,No Unusual Conditions,Daylight,Unknown,Controls Functioning,Clear,Broadside,Intersection,Other Vehicle,Not Applicable,Not Applicable,At,,False,False,32416,CAPITOL AV,HOSTETTER RD,37.39670394,-121.8717253
7535,719670,CR-0000102841,0,0,0,0,24-008-4010,False,True,,1/7/2024 4:00:00 PM,No Pedestrians Involved,Unknown,Unknown,Unknown,Unknown,Unknown,Unknown,Sideswipe,Related,Other Vehicle,Not Applicable,Not Applicable,Unknown,,False,False,32416,CAPITOL AV,HOSTETTER RD,37.39670394,-121.8717253
7536,719831,CR-0000103004,0,0,0,0,24-038-0668,False,False,,2/7/2024 5:48:00 PM,No Pedestrians Involved,Dry,No Unusual Conditions,Daylight,Violation Driver 1,Controls Functioning,Cloudy,Rear End,Related,Other Vehicle,Not Applicable,Not Applicable,North Of,,False,True,32416,CAPITOL AV,HOSTETTER RD,37.39670394,-121.8717253
7537,716199,CR-0000102165,3,0,0,0,24-032-0658,False,False,0,2/1/2024 4:50:00 PM,No Pedestrians Involved,Wet,No Unusual Conditions,Daylight,Violation Driver 1,Controls Obscured,Rain,Broadside,Intersection,Other Vehicle,Not Applicable,Not Applicable,At,,False,False,32416,CAPITOL AV,HOSTETTER RD,37.39670394,-121.8717253
7538,722047,CR-0000103301,0,0,0,0,24-061-0344,False,False,,3/1/2024 12:10:00 PM,No Pedestrians Involved,Dry,No Unusual Conditions,Daylight,Violation Driver 1,Controls Functioning,Clear,Rear End,Related,Other Vehicle,Not Applicable,Not Applicable,East Of,,False,True,32416,CAPITOL AV,HOSTETTER RD,37.39670394,-121.8717253
7539,720926,CR-0000103161,0,0,0,0,24-047-9707,False,True,51,2/15/2024 2:20:00 PM,No Pedestrians Involved,Unknown,Unknown,Unknown,Unknown,Unknown,Unknown,Broadside,Non-Related,Other Vehicle,Not Applicable,Not Applicable,West Of,,False,False,32416,CAPITOL AV,HOSTETTER RD,37.39670394,-121.8717253
7540,688768,CR-0000094603,0,0,0,0,22-241-4003,False,True,51,8/29/2022 3:09:00 PM,No Pedestrians Involved,Unknown,Unknown,Unknown,Unknown,Unknown,Unknown,Sideswipe,Non-Related,Other Vehicle,Not Applicable,Not Applicable,South Of,,False,True,136840,OAKRIDGE MALL DW,WINFIELD BL,37.25187678,-121.8664869
7541,712069,CR-0000101179,0,0,0,0,23-307-9706,False,True,,3/23/2023 10:20:00 AM,No Pedestrians Involved,Dry,No Unusual Conditions,Daylight,Unknown,Controls Functioning,Clear,Sideswipe,Related,Other Vehicle,Not Applicable,Not Applicable,North Of,,False,False,136840,OAKRIDGE MALL DW,WINFIELD BL,37.25187678,-121.8664869
7542,720899,CR-0000103125,0,0,0,0,24-029-4005,False,False,50,1/29/2024 4:00:00 PM,No Pedestrians Involved,Unknown,Unknown,Unknown,Unknown,Unknown,Unknown,Other,Related,Other Vehicle,Not Applicable,Not Applicable,North Of,,False,False,32713,CAPITOL AV,MINUET DR/VIA CINCO DE MAYO,37.40138066,-121.8791175
7543,722170,CR-0000103436,0,0,0,0,24-075-0679,True,False,75,3/15/2024 5:50:00 PM,No Pedestrians Involved,Dry,No Unusual Conditions,Daylight,Violation Driver 1,No Controls Present/Factor,Clear,Rear End,Non-Related,Other Vehicle,Not Applicable,Not Applicable,North Of,SIGNAL LIGHT POLE,False,False,32713,CAPITOL AV,MINUET DR/VIA CINCO DE MAYO,37.40138066,-121.8791175
7544,716354,CR-0000102360,2,0,0,0,24-040-0768,False,False,300,2/9/2024 7:35:00 PM,No Pedestrians Involved,Dry,No Unusual Conditions,Dark - Street Light,Violation Driver 1,No Controls Present/Factor,Cloudy,Rear End,Non-Related,Other Vehicle,Not Applicable,Not Applicable,South Of,,True,True,32713,CAPITOL AV,MINUET DR/VIA CINCO DE MAYO,37.40138066,-121.8791175
7545,722298,CR-0000103592,0,0,0,0,24-088-0244,False,False,114,3/28/2024 2:00:00 AM,No Pedestrians Involved,Wet,No Unusual Conditions,Dusk - Dawn,Violation Driver 1,No Controls Present/Factor,Rain,Sideswipe,Non-Related,Parked Vehicle,Not Applicable,Not Applicable,North Of,,False,True,106622,SAN MARCOS CT,SAN MARCOS DR,37.3957342,-121.8637889
7546,689049,CR-0000094893,0,0,1,0,22-286-0574,False,False,0,10/13/2022 2:39:00 PM,No Pedestrians Involved,Dry,No Unusual Conditions,Daylight,Violation Driver 1,Controls Functioning,Clear,Broadside,Intersection,Motorcycle,Not Applicable,Not Applicable,At,,False,False,1418,ABORN RD,SAN FELIPE RD/WHITE RD,37.31396582,-121.791524
7547,683011,CR-0000092525,1,0,0,0,22-170-0410,False,False,400,6/19/2022 11:46:00 AM,No Pedestrians Involved,Wet,No Unusual Conditions,Daylight,Violation Driver 1,No Controls Present/Factor,Clear,Broadside,Non-Related,Other Vehicle,Not Applicable,Not Applicable,North Of,,False,False,1418,ABORN RD,SAN FELIPE RD/WHITE RD,37.31396582,-121.791524
7548,683590,CR-0000093196,0,0,0,0,22-214-0473,False,False,75,8/2/2022 1:32:00 PM,No Pedestrians Involved,Dry,No Unusual Conditions,Daylight,Violation Driver 1,Controls Functioning,Clear,Other,Non-Related,Other Vehicle,Not Applicable,Not Applicable,East Of,,False,False,1418,ABORN RD,SAN FELIPE RD/WHITE RD,37.31396582,-121.791524
7549,682877,CR-0000092461,0,1,0,0,22-163-0839,False,False,87,6/12/2022 9:15:00 PM,No Pedestrians Involved,Dry,No Unusual Conditions,Dark - Street Light,Violation Driver 1,Controls Functioning,Clear,Vehicle/Bike,Non-Related,Scooter Motorized,Not Applicable,Not Applicable,West Of,E-SCOOTER,False,False,1418,ABORN RD,SAN FELIPE RD/WHITE RD,37.31396582,-121.791524
7550,682332,CR-0000091895,0,0,0,0,22-098-9712,False,True,,4/8/2022 8:10:00 AM,No Pedestrians Involved,Dry,No Unusual Conditions,Daylight,Unknown,Unknown,Clear,Rear End,Related,Other Vehicle,Not Applicable,Not Applicable,East Of,,False,False,1418,ABORN RD,SAN FELIPE RD/WHITE RD,37.31396582,-121.791524
7551,681544,CR-0000090940,0,0,0,0,22-040-9702,False,True,,2/7/2022 2:55:00 PM,No Pedestrians Involved,Dry,No Unusual Conditions,Daylight,Unknown,Controls Functioning,Clear,Rear End,Related,Other Vehicle,Not Applicable,Not Applicable,West Of,,False,False,1418,ABORN RD,SAN FELIPE RD/WHITE RD,37.31396582,-121.791524
7552,681456,CR-0000090846,0,0,0,0,22-029-9704,False,True,0,1/28/2022 5:20:00 PM,No Pedestrians Involved,Dry,No Unusual Conditions,Daylight,Unknown,Controls Functioning,Clear,Head On,Intersection,Other Vehicle,Not Applicable,Not Applicable,At,,False,False,1418,ABORN RD,SAN FELIPE RD/WHITE RD,37.31396582,-121.791524
7553,681480,CR-0000090870,0,0,0,0,22-035-4000,False,True,51,2/3/2022 10:00:00 AM,No Pedestrians Involved,Unknown,Unknown,Daylight,Unknown,Unknown,Unknown,Rear End,Non-Related,Other Vehicle,Not Applicable,Not Applicable,East Of,,False,False,1418,ABORN RD,SAN FELIPE RD/WHITE RD,37.31396582,-121.791524
7554,694277,CR-0000098106,1,0,0,0,23-113-0363,False,False,0,4/23/2023 11:47:00 AM,No Pedestrians Involved,Dry,Unknown,Daylight,Violation Driver 1,Controls Functioning,Clear,Broadside,Intersection,Other Vehicle,Not Applicable,Not Applicable,At,,False,False,1418,ABORN RD,SAN FELIPE RD/WHITE RD,37.31396582,-121.791524
7555,692496,CR-0000097784,0,0,0,0,23-076-9703,False,True,0,3/15/2023 3:30:00 PM,No Pedestrians Involved,Dry,No Unusual Conditions,Daylight,Unknown,Controls Functioning,Cloudy,Sideswipe,Intersection,Other Vehicle,Not Applicable,Not Applicable,At,,False,False,1418,ABORN RD,SAN FELIPE RD/WHITE RD,37.31396582,-121.791524
7556,691257,CR-0000097501,1,0,0,0,23-017-0488,False,False,0,1/17/2023 1:32:00 PM,No Pedestrians Involved,Dry,No Unusual Conditions,Daylight,Violation Driver 1,Controls Functioning,Clear,Rear End,Intersection,Motor Vehicle On Other Roadway,Not Applicable,Not Applicable,At,,True,False,1418,ABORN RD,SAN FELIPE RD/WHITE RD,37.31396582,-121.791524
7557,689747,CR-0000095764,1,0,0,0,22-348-0684,False,False,30,12/14/2022 6:10:00 PM,No Pedestrians Involved,Dry,No Unusual Conditions,Daylight,Violation Driver 1,Controls Functioning,Clear,Rear End,Related,Other Vehicle,Not Applicable,Not Applicable,South Of,,True,True,1418,ABORN RD,SAN FELIPE RD/WHITE RD,37.31396582,-121.791524
7558,690765,CR-0000096903,0,0,0,0,23-021-0709,False,False,300,1/21/2023 8:03:00 PM,Not In Road,Dry,No Unusual Conditions,Dark - Street Light,Violation Driver 1,No Controls Present/Factor,Clear,Vehicle/Pedestrian,Non-Related,Pedestrian,North,South,North Of,PED,True,True,1418,ABORN RD,SAN FELIPE RD/WHITE RD,37.31396582,-121.791524
7559,698893,CR-0000100191,1,0,0,0,23-314-0796,False,False,40,11/10/2023 8:15:00 PM,No Pedestrians Involved,Dry,No Unusual Conditions,Dark - Street Light,Violation Driver 1,Controls Functioning,Clear,Sideswipe,Related,Other Vehicle,Not Applicable,Not Applicable,West Of,,True,True,1418,ABORN RD,SAN FELIPE RD/WHITE RD,37.31396582,-121.791524
7560,698630,CR-0000099854,0,0,0,0,23-146-0620,False,False,0,5/26/2023 4:46:00 PM,No Pedestrians Involved,Dry,No Unusual Conditions,Daylight,Violation Driver 1,Controls Functioning,Clear,Sideswipe,Intersection,Other Vehicle,Not Applicable,Not Applicable,At,,False,False,1418,ABORN RD,SAN FELIPE RD/WHITE RD,37.31396582,-121.791524
7561,696098,CR-0000099236,1,0,0,0,23-103-0452,False,False,24,4/13/2023 1:16:00 PM,No Pedestrians Involved,Dry,No Unusual Conditions,Daylight,Violation Driver 1,Controls Functioning,Clear,Rear End,Related,Other Vehicle,Not Applicable,Not Applicable,West Of,,True,False,1418,ABORN RD,SAN FELIPE RD/WHITE RD,37.31396582,-121.791524
7562,719846,CR-0000103019,0,0,0,0,24-043-4004,False,True,51,2/9/2024 2:50:00 PM,No Pedestrians Involved,Unknown,Unknown,Unknown,Unknown,Unknown,Unknown,Rear End,Non-Related,Other Vehicle,Not Applicable,Not Applicable,Unknown,,False,False,1418,ABORN RD,SAN FELIPE RD/WHITE RD,37.31396582,-121.791524
7563,715918,CR-0000101983,1,0,1,0,24-006-0635,False,False,0,1/6/2024 7:00:00 PM,No Pedestrians Involved,Wet,No Unusual Conditions,Dark - Street Light,Violation Driver 1,No Controls Present/Factor,Rain,Head On,Intersection,Other Vehicle,Not Applicable,Not Applicable,At,,False,False,1418,ABORN RD,SAN FELIPE RD/WHITE RD,37.31396582,-121.791524
7564,715945,CR-0000101843,0,0,0,0,23-020-4005,False,True,0,1/19/2023 12:10:00 PM,No Pedestrians Involved,Unknown,Unknown,Unknown,Unknown,Unknown,Unknown,Rear End,Intersection,Other Vehicle,Not Applicable,Not Applicable,At,,False,False,1418,ABORN RD,SAN FELIPE RD/WHITE RD,37.31396582,-121.791524
7565,715853,CR-0000101933,0,0,0,0,23-220-9701,False,True,0,8/7/2023 4:00:00 PM,No Pedestrians Involved,Dry,No Unusual Conditions,Daylight,Unknown,Controls Functioning,Clear,Rear End,Intersection,Other Vehicle,Not Applicable,Not Applicable,At,,False,False,1418,ABORN RD,SAN FELIPE RD/WHITE RD,37.31396582,-121.791524
7566,715903,CR-0000101771,0,0,0,0,23-027-4000,False,True,0,1/19/2023 5:00:00 PM,No Pedestrians Involved,Unknown,Unknown,Unknown,Unknown,Unknown,Unknown,Rear End,Intersection,Other Vehicle,Not Applicable,Not Applicable,At,,False,False,1418,ABORN RD,SAN FELIPE RD/WHITE RD,37.31396582,-121.791524
7567,711931,CR-0000101129,0,0,0,0,23-298-4004,False,True,51,10/25/2023 1:55:00 AM,No Pedestrians Involved,Unknown,Unknown,Unknown,Unknown,Unknown,Unknown,Broadside,Non-Related,Other Vehicle,Not Applicable,Not Applicable,Unknown,,False,False,1418,ABORN RD,SAN FELIPE RD/WHITE RD,37.31396582,-121.791524
7568,711935,CR-0000101501,0,0,0,0,23-272-0423,False,True,0,9/29/2023 1:00:00 PM,No Pedestrians Involved,Unknown,Unknown,Unknown,Unknown,Unknown,Unknown,Other,Intersection,Other Vehicle,Not Applicable,Not Applicable,At,,False,False,1418,ABORN RD,SAN FELIPE RD/WHITE RD,37.31396582,-121.791524
7569,711875,CR-0000100970,0,0,0,0,23-246-4003,False,True,51,9/3/2023 8:20:00 PM,No Pedestrians Involved,Unknown,Unknown,Unknown,Unknown,Unknown,Unknown,Other,Non-Related,Parked Vehicle,Not Applicable,Not Applicable,West Of,,False,False,25321,BRIGADOON WY,CARRYDUFF WY,37.30324953,-121.8016698
7570,719664,CR-0000102835,0,0,0,0,24-007-0555,False,False,16,1/7/2024 5:57:00 PM,No Pedestrians Involved,Dry,No Unusual Conditions,Dark - Street Light,Violation Driver 1,No Controls Present/Factor,Clear,Rear End,Related,Other Vehicle,Not Applicable,Not Applicable,East Of,,False,False,25321,BRIGADOON WY,CARRYDUFF WY,37.30324953,-121.8016698
7571,685027,CR-0000093683,0,0,0,0,22-210-0535,True,False,583,7/29/2022 2:57:00 PM,No Pedestrians Involved,Dry,No Unusual Conditions,Daylight,Violation Driver 1,No Controls Present/Factor,Clear,Hit Object,Non-Related,Fixed Object,Not Applicable,Not Applicable,West Of,No Stopping Sign,True,True,143833,OAKLAND RD,SILKWOOD LN,37.39110628,-121.9010633
7572,682215,CR-0000091752,0,0,0,0,22-062-0832,False,False,0,3/3/2022 5:24:00 PM,No Pedestrians Involved,Dry,No Unusual Conditions,Daylight,Violation Driver 1,Unknown,Cloudy,Sideswipe,Intersection,Other Vehicle,Not Applicable,Not Applicable,At,,False,True,66263,GIUFFRIDA AV,SNELL AV,37.25314882,-121.8308588
7573,696372,CR-0000099529,0,0,0,0,23-129-4004,False,True,,5/9/2023 11:00:00 AM,No Pedestrians Involved,Unknown,Unknown,Daylight,Unknown,Unknown,Unknown,Sideswipe,Related,Other Vehicle,Not Applicable,Not Applicable,North Of,,False,False,66263,GIUFFRIDA AV,SNELL AV,37.25314882,-121.8308588
7574,699084,CR-0000100399,0,0,0,0,23-174-0048,True,False,39,6/23/2023 1:00:00 AM,No Pedestrians Involved,Dry,No Unusual Conditions,Dark - Street Light,Unknown,Controls Functioning,Clear,Hit Object,Related,Fixed Object,Not Applicable,Not Applicable,West Of,LIGHT POLE,False,True,66263,GIUFFRIDA AV,SNELL AV,37.25314882,-121.8308588
7575,689539,CR-0000095516,1,0,0,0,22-351-0462,False,False,0,12/17/2022 1:55:00 PM,No Pedestrians Involved,Dry,No Unusual Conditions,Daylight,Violation Driver 1,Controls Functioning,Clear,Vehicle/Bike,Intersection,Bike,Not Applicable,Not Applicable,At,BIKE,False,True,66263,GIUFFRIDA AV,SNELL AV,37.25314882,-121.8308588
7576,690074,CR-0000096152,0,0,0,0,22-192-0748,False,False,27,7/11/2022 5:17:00 PM,No Pedestrians Involved,Dry,No Unusual Conditions,Daylight,Violation Driver 1,No Controls Present/Factor,Clear,Rear End,Related,Other Vehicle,Not Applicable,Not Applicable,South Of,,True,True,66263,GIUFFRIDA AV,SNELL AV,37.25314882,-121.8308588
7577,716313,CR-0000102301,1,0,0,0,24-058-0150,False,False,30,2/27/2024 6:52:00 AM,No Pedestrians Involved,Dry,No Unusual Conditions,Daylight,Violation Driver 1,Controls Functioning,Clear,Rear End,Related,Other Vehicle,Not Applicable,Not Applicable,South Of,,False,False,66263,GIUFFRIDA AV,SNELL AV,37.25314882,-121.8308588
7578,716303,CR-0000102319,1,0,0,0,24-036-0630,False,False,0,2/5/2024 4:28:00 PM,No Pedestrians Involved,Wet,No Unusual Conditions,Daylight,Violation Driver 1,Controls Functioning,Cloudy,Head On,Intersection,Other Vehicle,Not Applicable,Not Applicable,At,,False,True,66263,GIUFFRIDA AV,SNELL AV,37.25314882,-121.8308588
7579,694315,CR-0000098259,1,1,0,0,23-180-0762,False,False,0,6/29/2023 7:14:00 PM,No Pedestrians Involved,Dry,No Unusual Conditions,Daylight,Violation Driver 1,No Controls Present/Factor,Clear,Head On,Intersection,Other Vehicle,Not Applicable,Not Applicable,At,,False,False,108613,SHAWNEE LN,SNELL AV,37.24129316,-121.8306749
7580,689603,CR-0000095581,1,0,0,0,22-132-0270,False,False,,5/13/2022 8:40:00 AM,No Pedestrians Involved,Dry,No Unusual Conditions,Daylight,Unknown,Controls Functioning,Clear,Rear End,Related,Other Vehicle,Not Applicable,Not Applicable,South Of,,False,True,120647,BRANHAM LN,LOST TRAIL CT/SADDLE BROOK DR,37.26615859,-121.8246064
7581,690782,CR-0000096920,0,1,0,0,23-026-0287,False,False,47,1/26/2023 8:50:00 PM,Crossing - Not In Crosswalk,Dry,No Unusual Conditions,Dark - Street Light,Pedestrian At Fault,No Controls Present/Factor,Clear,Vehicle/Pedestrian,Related,Pedestrian,South,North,East Of,PED,False,False,62127,FORD RD,MAYLAND AV,37.25462872,-121.7952482
7582,698866,CR-0000100149,2,0,0,0,23-346-0237,False,False,0,12/12/2023 8:50:00 AM,No Pedestrians Involved,Dry,No Unusual Conditions,Daylight,Violation Driver 1,No Controls Present/Factor,Cloudy,Broadside,Intersection,Other Vehicle,Not Applicable,Not Applicable,At,,False,False,44175,COTTLE RD,LOS PINOS WY,37.23290913,-121.8038254
7583,681564,CR-0000090961,2,0,0,0,22-041-0665,False,False,0,2/10/2022 3:15:00 PM,No Pedestrians Involved,Dry,No Unusual Conditions,Daylight,Violation Driver 1,Controls Functioning,Clear,Sideswipe,Intersection,Other Vehicle,Not Applicable,Not Applicable,At,,False,False,71070,HAYES AV,LEAN AV,37.25638404,-121.8175895
7584,690499,CR-0000096608,0,0,0,0,22-300-9704,False,True,51,10/27/2022 7:53:00 AM,No Pedestrians Involved,Dry,No Unusual Conditions,Daylight,Unknown,Controls Functioning,Clear,Head On,Non-Related,Other Vehicle,Not Applicable,Not Applicable,South Of,,False,True,71070,HAYES AV,LEAN AV,37.25638404,-121.8175895
7585,719602,CR-0000102759,0,0,0,0,23-071-4004,False,True,,3/12/2023 6:35:00 PM,No Pedestrians Involved,Unknown,Unknown,Unknown,Unknown,Unknown,Unknown,Other,Related,Other Vehicle,Not Applicable,Not Applicable,South Of,,False,False,71070,HAYES AV,LEAN AV,37.25638404,-121.8175895
7586,694141,CR-0000098019,1,0,0,0,23-104-0203,False,False,115,4/14/2023 7:56:00 AM,No Pedestrians Involved,Dry,No Unusual Conditions,Daylight,Violation Driver 1,Unknown,Clear,Sideswipe,Non-Related,Other Vehicle,Not Applicable,Not Applicable,West Of,,False,False,85194,LOS ALTOS DR,SUISUN AV,37.30772181,-121.7888567
7587,694131,CR-0000098095,0,1,0,0,23-112-0402,False,False,200,4/22/2023 1:13:00 PM,No Pedestrians Involved,Dry,Unknown,Daylight,Violation Driver 1,No Controls Present/Factor,Clear,Vehicle/Bike,Non-Related,Bike,Not Applicable,Not Applicable,West Of,BIKE,False,False,31129,CAMPBELL AV,FULTON ST,37.28591721,-121.982461
7588,689783,CR-0000095809,1,0,0,0,22-099-0847,False,False,0,4/9/2022 9:53:00 PM,No Pedestrians Involved,Dry,No Unusual Conditions,Dark - Street Light,Violation Driver 1,No Controls Present/Factor,Clear,Broadside,Intersection,Other Vehicle,Not Applicable,Not Applicable,At,,True,True,74711,HUNKEN DR,LEWIS RD,37.29686722,-121.8388461
7589,685108,CR-0000093780,0,0,0,0,22-229-0665,True,False,24,8/17/2022 3:00:00 PM,No Pedestrians Involved,Dry,No Unusual Conditions,Dusk - Dawn,Unknown,No Controls Present/Factor,Clear,Sideswipe,Related,Other Vehicle,Not Applicable,Not Applicable,East Of,,False,False,83423,LEWIS RD,SUNWOOD DR,37.29507576,-121.8414362
7590,685231,CR-0000093912,1,0,0,0,22-199-9709,False,False,51,6/24/2022 11:50:00 AM,In Road - Includes Shoulder,Dry,No Unusual Conditions,Daylight,Unknown,No Controls Present/Factor,Clear,Vehicle/Pedestrian,Non-Related,Pedestrian,Unknown,Unknown,South Of,PED,False,False,83423,LEWIS RD,SUNWOOD DR,37.29507576,-121.8414362
7591,716014,CR-0000101852,0,0,0,0,23-275-4006,False,True,51,9/17/2023 8:00:00 PM,No Pedestrians Involved,Unknown,Unknown,Unknown,Unknown,Unknown,Unknown,Other,Non-Related,Parked Vehicle,Not Applicable,Not Applicable,South Of,,False,False,83423,LEWIS RD,SUNWOOD DR,37.29507576,-121.8414362
7592,681585,CR-0000090982,0,0,0,0,22-044-0105,False,False,34,2/13/2022 2:47:00 AM,No Pedestrians Involved,Dry,Unknown,Dark - Street Light,Violation Driver 1,Unknown,Clear,Other,Related,Parked Vehicle,Not Applicable,Not Applicable,East Of,,False,False,109922,SOUTHSIDE DR,SUNBURST DR,37.29216933,-121.839346
7593,683103,CR-0000092734,0,0,0,0,22-046-4004,False,True,0,2/15/2022 6:00:00 PM,No Pedestrians Involved,Unknown,Unknown,Unknown,Unknown,Unknown,Unknown,Broadside,Intersection,Other Vehicle,Not Applicable,Not Applicable,At,,False,False,90045,MCLAUGHLIN AV,TULLY RD,37.31517238,-121.8365087
7594,681791,CR-0000091191,0,0,0,0,22-060-9704,False,True,0,2/27/2022 12:01:00 PM,No Pedestrians Involved,Dry,No Unusual Conditions,Daylight,Unknown,Controls Functioning,Clear,Broadside,Intersection,Other Vehicle,Not Applicable,Not Applicable,At,,False,False,90045,MCLAUGHLIN AV,TULLY RD,37.31517238,-121.8365087
7595,681970,CR-0000091481,1,0,0,0,22-082-0623,False,False,0,3/23/2022 3:16:00 PM,No Pedestrians Involved,Dry,No Unusual Conditions,Daylight,Violation Driver 1,Controls Functioning,Clear,Rear End,Intersection,Other Vehicle,Not Applicable,Not Applicable,At,,False,False,90045,MCLAUGHLIN AV,TULLY RD,37.31517238,-121.8365087
7596,681971,CR-0000091480,0,0,0,0,22-060-0796,False,False,250,3/1/2022 6:33:00 PM,No Pedestrians Involved,Dry,No Unusual Conditions,Dark - Street Light,Violation Driver 1,No Controls Present/Factor,Clear,Head On,Non-Related,Other Vehicle,Not Applicable,Not Applicable,East Of,,False,True,90045,MCLAUGHLIN AV,TULLY RD,37.31517238,-121.8365087
7597,681560,CR-0000090957,1,0,0,0,22-041-0383,False,False,40,2/10/2022 11:03:00 AM,No Pedestrians Involved,Dry,No Unusual Conditions,Daylight,Violation Driver 1,No Controls Present/Factor,Clear,Rear End,Related,Other Vehicle,Not Applicable,Not Applicable,North Of,,True,False,90045,MCLAUGHLIN AV,TULLY RD,37.31517238,-121.8365087
7598,681292,CR-0000090676,0,0,1,0,22-010-0135,False,False,237,1/10/2022 5:47:00 AM,Crossing - Not In Crosswalk,Dry,No Unusual Conditions,Dark - Street Light,Pedestrian At Fault,No Controls Present/Factor,Cloudy,Vehicle/Pedestrian,Non-Related,Pedestrian,South,North,West Of,PEDESTRIAN,False,False,90045,MCLAUGHLIN AV,TULLY RD,37.31517238,-121.8365087
7599,685069,CR-0000093740,0,0,0,0,22-220-0063,True,False,170,8/8/2022 1:43:00 AM,No Pedestrians Involved,Dry,No Unusual Conditions,Dark - Street Light,Violation Driver 1,Controls Functioning,Clear,Hit Object,Non-Related,Fixed Object,Not Applicable,Not Applicable,East Of,Light Pole and Tree,False,False,90045,MCLAUGHLIN AV,TULLY RD,37.31517238,-121.8365087
7600,687421,CR-0000094199,2,0,0,0,22-249-0760,False,False,0,9/6/2022 4:44:00 PM,No Pedestrians Involved,Dry,No Unusual Conditions,Daylight,Unknown,Controls Not Functioning,Clear,Head On,Intersection,Other Vehicle,Not Applicable,Not Applicable,At,,False,False,90045,MCLAUGHLIN AV,TULLY RD,37.31517238,-121.8365087