_id,CrashFactId,Name,MinorInjuries,ModerateInjuries,SevereInjuries,FatalInjuries,TcrNumber,CityDamageFlag,ShortFormFlag,Distance,CrashDateTime,PedestrianAction,RoadwaySurface,RoadwayCondition,Lighting,PrimaryCollisionFactor,TrafficControl,Weather,CollisionType,ProximityToIntersection,VehicleInvolvedWith,PedestrianDirectionFrom,PedestrianDirectionTo,DirectionFromIntersection,Comment,SpeedingFlag,HitAndRunFlag,IntersectionNumber,AStreetName,BStreetName,Latitude,Longitude
7601,684937,CR-0000093645,0,0,0,0,22-200-0063,True,False,175,8/8/2022 1:43:00 AM,No Pedestrians Involved,Dry,No Unusual Conditions,Dusk - Dawn,Violation Driver 1,Controls Functioning,Clear,Head On,Non-Related,Fixed Object,Not Applicable,Not Applicable,West Of,"LIGHT POLE, TREE",False,False,90045,MCLAUGHLIN AV,TULLY RD,37.31517238,-121.8365087
7602,689427,CR-0000095399,0,1,0,0,22-327-0328,False,False,0,11/23/2022 11:59:00 AM,No Pedestrians Involved,Dry,No Unusual Conditions,Daylight,Bike At Fault,Controls Functioning,Clear,Vehicle/Bike,Intersection,Bike,Not Applicable,Not Applicable,At,BIKE,False,False,90045,MCLAUGHLIN AV,TULLY RD,37.31517238,-121.8365087
7603,694310,CR-0000098245,1,0,0,1,23-222-0873,False,False,468,8/10/2023 9:15:00 PM,No Pedestrians Involved,Dry,No Unusual Conditions,Dark - Street Light,Violation Driver 1,No Controls Present/Factor,Clear,Broadside,Non-Related,Motorcycle,Not Applicable,Not Applicable,West Of,,True,False,90045,MCLAUGHLIN AV,TULLY RD,37.31517238,-121.8365087
7604,694034,CR-0000098129,0,1,0,0,23-127-0339,False,False,140,5/7/2023 11:47:00 AM,No Pedestrians Involved,Dry,No Unusual Conditions,Daylight,Violation Driver 1,No Controls Present/Factor,Clear,Vehicle/Bike,Non-Related,Bike,Not Applicable,Not Applicable,South Of,BIKE,True,False,90045,MCLAUGHLIN AV,TULLY RD,37.31517238,-121.8365087
7605,691190,CR-0000097392,0,0,0,0,23-057-0467,False,False,60,2/26/2023 6:05:00 PM,No Pedestrians Involved,Dry,No Unusual Conditions,Daylight,Violation Driver 1,Controls Functioning,Clear,Sideswipe,Non-Related,Other Vehicle,Not Applicable,Not Applicable,South Of,,False,True,90045,MCLAUGHLIN AV,TULLY RD,37.31517238,-121.8365087
7606,691260,CR-0000097504,1,0,0,0,22-329-0832,False,False,40,11/25/2022 11:02:00 PM,No Pedestrians Involved,Dry,No Unusual Conditions,Dark - Street Light,Violation Driver 1,No Controls Present/Factor,Clear,Rear End,Related,Other Vehicle,Not Applicable,Not Applicable,West Of,,True,False,90045,MCLAUGHLIN AV,TULLY RD,37.31517238,-121.8365087
7607,690658,CR-0000096781,0,1,0,0,23-015-0224,False,False,0,1/15/2023 6:30:00 AM,In Road - Includes Shoulder,Wet,No Unusual Conditions,Daylight,Unknown,Controls Functioning,Rain,Vehicle/Pedestrian,Intersection,Pedestrian,Unknown,Unknown,At,PED,False,True,90045,MCLAUGHLIN AV,TULLY RD,37.31517238,-121.8365087
7608,690659,CR-0000096782,0,0,0,0,23-058-4004,False,True,51,1/20/2023 8:15:00 PM,No Pedestrians Involved,Unknown,Unknown,Unknown,Unknown,Unknown,Unknown,Sideswipe,Non-Related,Other Vehicle,Not Applicable,Not Applicable,South Of,,False,False,90045,MCLAUGHLIN AV,TULLY RD,37.31517238,-121.8365087
7609,689855,CR-0000095881,1,0,0,0,22-258-0557,False,False,100,9/15/2022 1:47:00 PM,No Pedestrians Involved,Dry,No Unusual Conditions,Daylight,Violation Driver 1,No Controls Present/Factor,Clear,Vehicle/Bike,Non-Related,Bike,Not Applicable,Not Applicable,North Of,BIKE,False,True,90045,MCLAUGHLIN AV,TULLY RD,37.31517238,-121.8365087
7610,690242,CR-0000096332,0,0,0,0,22-264-4000,False,True,0,9/21/2022 11:37:00 AM,No Pedestrians Involved,Unknown,Unknown,Unknown,Unknown,Unknown,Unknown,Rear End,Intersection,Other Vehicle,Not Applicable,Not Applicable,At,,False,False,90045,MCLAUGHLIN AV,TULLY RD,37.31517238,-121.8365087
7611,698752,CR-0000100004,2,0,0,0,23-265-0652,False,False,90,9/22/2023 4:40:00 PM,No Pedestrians Involved,Dry,No Unusual Conditions,Daylight,Violation Driver 1,Controls Functioning,Clear,Rear End,Non-Related,Other Vehicle,Not Applicable,Not Applicable,East Of,,True,False,90045,MCLAUGHLIN AV,TULLY RD,37.31517238,-121.8365087
7612,696549,CR-0000099745,1,0,0,0,23-348-9701,False,True,0,12/14/2023 8:03:00 AM,No Pedestrians Involved,Dry,No Unusual Conditions,Daylight,Unknown,Controls Functioning,Clear,Rear End,Intersection,Other Vehicle,Not Applicable,Not Applicable,At,,False,False,90045,MCLAUGHLIN AV,TULLY RD,37.31517238,-121.8365087
7613,696517,CR-0000099704,1,1,0,0,23-340-0263,False,False,0,12/6/2023 9:47:00 AM,No Pedestrians Involved,Dry,No Unusual Conditions,Daylight,Violation Driver 1,Controls Functioning,Clear,Broadside,Intersection,Other Vehicle,Not Applicable,Not Applicable,At,,False,False,90045,MCLAUGHLIN AV,TULLY RD,37.31517238,-121.8365087
7614,699238,CR-0000100560,0,0,0,0,23-170-9703,False,True,0,6/17/2023 8:40:00 PM,No Pedestrians Involved,Dry,No Unusual Conditions,Dark - Street Light,Unknown,No Controls Present/Factor,Clear,Sideswipe,Intersection,Other Vehicle,Not Applicable,Not Applicable,At,,False,False,90045,MCLAUGHLIN AV,TULLY RD,37.31517238,-121.8365087
7615,696290,CR-0000099446,1,0,0,0,23-287-0355,False,False,,10/14/2023 10:47:00 AM,No Pedestrians Involved,Dry,No Unusual Conditions,Daylight,Violation Driver 1,Controls Functioning,Clear,Rear End,Related,Other Vehicle,Not Applicable,Not Applicable,West Of,,True,False,90045,MCLAUGHLIN AV,TULLY RD,37.31517238,-121.8365087
7616,696057,CR-0000099192,0,0,0,0,23-022-4006,False,True,0,1/22/2023 2:00:00 PM,No Pedestrians Involved,Unknown,Unknown,Unknown,Unknown,Unknown,Unknown,Sideswipe,Intersection,Other Vehicle,Not Applicable,Not Applicable,At,,False,False,90045,MCLAUGHLIN AV,TULLY RD,37.31517238,-121.8365087
7617,696077,CR-0000099212,0,0,0,0,23-027-4004,False,True,51,1/26/2023 4:00:00 PM,No Pedestrians Involved,Unknown,Unknown,Unknown,Unknown,Unknown,Unknown,Sideswipe,Non-Related,Other Vehicle,Not Applicable,Not Applicable,Unknown,,False,False,90045,MCLAUGHLIN AV,TULLY RD,37.31517238,-121.8365087
7618,694376,CR-0000098320,1,1,0,0,23-164-0954,False,False,0,6/14/2023 10:51:00 PM,No Pedestrians Involved,Dry,No Unusual Conditions,Dark - Street Light,Violation Driver 1,No Controls Present/Factor,Clear,Broadside,Intersection,Other Vehicle,Not Applicable,Not Applicable,West Of,,False,False,90045,MCLAUGHLIN AV,TULLY RD,37.31517238,-121.8365087
7619,695829,CR-0000098894,0,0,0,0,23-093-0969,False,False,50,4/3/2023 9:02:00 PM,No Pedestrians Involved,Dry,No Unusual Conditions,Dark - Street Light,Violation Driver 1,Controls Functioning,Clear,Sideswipe,Related,Other Vehicle,Not Applicable,Not Applicable,East Of,,False,True,90045,MCLAUGHLIN AV,TULLY RD,37.31517238,-121.8365087
7620,715929,CR-0000101963,1,0,0,0,24-003-0104,True,False,50,1/3/2024 4:55:00 AM,No Pedestrians Involved,Wet,No Unusual Conditions,Dark - Street Light,Violation Driver 1,Controls Functioning,Cloudy,Hit Object,Related,Fixed Object,Not Applicable,Not Applicable,West Of,LIGHTPOLE,True,False,90045,MCLAUGHLIN AV,TULLY RD,37.31517238,-121.8365087
7621,715965,CR-0000101775,0,0,0,0,23-018-4002,False,True,0,1/18/2023 6:45:00 AM,No Pedestrians Involved,Unknown,Unknown,Unknown,Unknown,Unknown,Unknown,Rear End,Intersection,Other Vehicle,Not Applicable,Not Applicable,At,,False,False,90045,MCLAUGHLIN AV,TULLY RD,37.31517238,-121.8365087
7622,716340,CR-0000102269,2,0,0,0,24-055-0532,False,False,0,2/24/2024 2:39:00 PM,No Pedestrians Involved,Dry,No Unusual Conditions,Daylight,Violation Driver 1,No Controls Present/Factor,Clear,Rear End,Intersection,Other Vehicle,Not Applicable,Not Applicable,At,,True,False,90045,MCLAUGHLIN AV,TULLY RD,37.31517238,-121.8365087
7623,722161,CR-0000103427,0,0,0,0,24-074-4004,False,True,51,3/14/2024 9:00:00 AM,No Pedestrians Involved,Unknown,Unknown,Unknown,Unknown,Unknown,Unknown,Sideswipe,Non-Related,Other Vehicle,Not Applicable,Not Applicable,East Of,,False,False,90045,MCLAUGHLIN AV,TULLY RD,37.31517238,-121.8365087
7624,722094,CR-0000103348,0,0,0,0,24-066-9709,False,True,51,3/6/2024 8:30:00 AM,No Pedestrians Involved,Wet,No Unusual Conditions,Daylight,Unknown,No Controls Present/Factor,Rain,Rear End,Non-Related,Other Vehicle,Not Applicable,Not Applicable,Unknown,,False,False,90045,MCLAUGHLIN AV,TULLY RD,37.31517238,-121.8365087
7625,720921,CR-0000103156,0,0,0,0,24-046-4002,False,True,0,2/15/2024 9:00:00 AM,No Pedestrians Involved,Unknown,Unknown,Unknown,Unknown,Unknown,Unknown,Rear End,Intersection,Other Vehicle,Not Applicable,Not Applicable,At,,False,False,90045,MCLAUGHLIN AV,TULLY RD,37.31517238,-121.8365087
7626,720943,CR-0000103178,0,0,0,0,24-048-0722,False,False,172,2/17/2024 9:11:00 PM,No Pedestrians Involved,Wet,No Unusual Conditions,Dark - Street Light,Violation Driver 1,Controls Functioning,Cloudy,Rear End,Non-Related,Other Vehicle,Not Applicable,Not Applicable,West Of,,False,True,90045,MCLAUGHLIN AV,TULLY RD,37.31517238,-121.8365087
7627,716230,CR-0000102184,1,0,0,0,24-060-0640,False,False,156,2/29/2024 8:15:00 AM,Not In Road,Dry,No Unusual Conditions,Daylight,Violation Driver 1,Unknown,Clear,Broadside,Non-Related,Pedestrian,East,West,West Of,PEDESTRIAN,False,False,90045,MCLAUGHLIN AV,TULLY RD,37.31517238,-121.8365087
7628,722275,CR-0000103569,0,0,0,0,24-086-4002,False,True,51,3/26/2024 2:50:00 PM,No Pedestrians Involved,Unknown,Unknown,Unknown,Unknown,Unknown,Unknown,Sideswipe,Non-Related,Other Vehicle,Not Applicable,Not Applicable,Unknown,,False,False,90045,MCLAUGHLIN AV,TULLY RD,37.31517238,-121.8365087
7629,722362,CR-0000103656,0,0,0,0,24-092-0476,False,False,,4/1/2024 2:45:00 PM,No Pedestrians Involved,Dry,No Unusual Conditions,Daylight,Unknown,Controls Functioning,Clear,Sideswipe,Related,Other Vehicle,Not Applicable,Not Applicable,North Of,,False,False,90045,MCLAUGHLIN AV,TULLY RD,37.31517238,-121.8365087
7630,722416,CR-0000103711,0,1,0,0,24-097-0640,False,False,0,4/6/2024 6:04:00 PM,No Pedestrians Involved,Dry,No Unusual Conditions,Daylight,Violation Driver 1,Controls Functioning,Clear,Sideswipe,Intersection,Motorcycle,Not Applicable,Not Applicable,At,,False,True,90045,MCLAUGHLIN AV,TULLY RD,37.31517238,-121.8365087
7631,682847,CR-0000092419,2,2,0,0,22-147-0797,False,False,38,5/27/2022 6:02:00 PM,No Pedestrians Involved,Dry,No Unusual Conditions,Daylight,Violation Driver 1,Unknown,Clear,Rear End,Related,Parked Vehicle,Not Applicable,Not Applicable,North Of,,True,False,16785,BENZO DR,THETA CT,37.2289517,-121.8138334
7632,691242,CR-0000097467,0,0,0,0,23-049-0865,True,False,133,2/18/2023 10:04:00 PM,No Pedestrians Involved,Dry,No Unusual Conditions,Dark - Street Light,Violation Driver 1,No Controls Present/Factor,Clear,Hit Object,Non-Related,Fixed Object,Not Applicable,Not Applicable,North Of,LIGHT POLE & TREE,True,False,109670,SNELL AV,TRUCKEE LN,37.27404251,-121.8385777
7633,681697,CR-0000091094,0,0,0,0,22-072-0847,False,False,0,3/13/2022 11:21:00 PM,No Pedestrians Involved,Dry,No Unusual Conditions,Dark - Street Light,Violation Driver 1,Controls Functioning,Clear,Broadside,Intersection,Other Vehicle,Not Applicable,Not Applicable,At,,False,False,104774,ROSENBAUM AV,SNELL AV,37.27317304,-121.8375421
7634,683120,CR-0000092695,0,0,0,0,22-057-4001,False,True,51,2/19/2022 8:54:00 PM,No Pedestrians Involved,Unknown,Unknown,Unknown,Unknown,Unknown,Unknown,Other,Non-Related,Parked Vehicle,Not Applicable,Not Applicable,West Of,,False,False,104774,ROSENBAUM AV,SNELL AV,37.27317304,-121.8375421
7635,694106,CR-0000098150,1,1,1,0,23-133-0342,False,False,0,5/13/2023 11:14:00 AM,No Pedestrians Involved,Dry,No Unusual Conditions,Daylight,Violation Driver 1,Controls Functioning,Clear,Head On,Intersection,Other Vehicle,Not Applicable,Not Applicable,At,,False,False,104774,ROSENBAUM AV,SNELL AV,37.27317304,-121.8375421
7636,696106,CR-0000099244,0,1,0,0,23-230-0288,False,False,0,8/18/2023 9:44:00 AM,No Pedestrians Involved,Dry,No Unusual Conditions,Daylight,Violation Driver 1,Controls Functioning,Clear,Broadside,Intersection,Other Vehicle,Not Applicable,Not Applicable,At,,False,False,104774,ROSENBAUM AV,SNELL AV,37.27317304,-121.8375421
7637,722181,CR-0000103447,0,0,0,0,24-076-0538,False,False,0,3/16/2024 3:08:00 PM,No Pedestrians Involved,Dry,No Unusual Conditions,Daylight,Violation Driver 1,No Controls Present/Factor,Clear,Rear End,Intersection,Other Vehicle,Not Applicable,Not Applicable,At,,True,False,104774,ROSENBAUM AV,SNELL AV,37.27317304,-121.8375421
7638,716351,CR-0000102364,1,0,0,0,24-057-0666,False,False,0,2/26/2024 4:31:00 PM,No Pedestrians Involved,Dry,No Unusual Conditions,Daylight,Violation Driver 1,Controls Functioning,Cloudy,Broadside,Intersection,Other Vehicle,Not Applicable,Not Applicable,At,,False,True,104774,ROSENBAUM AV,SNELL AV,37.27317304,-121.8375421
7639,716183,CR-0000102094,1,0,0,0,24-020-0616,False,False,21,1/20/2024 6:18:00 PM,Crossing In Crosswalk - At Intersection,Wet,No Unusual Conditions,Dark - Street Light,Violation Driver 1,Controls Functioning,Cloudy,Vehicle/Pedestrian,Related,Pedestrian,West,East,South Of,PEDESTRIAN,False,False,104774,ROSENBAUM AV,SNELL AV,37.27317304,-121.8375421
7640,711756,CR-0000101353,0,0,0,0,23-249-0868,False,False,0,9/6/2023 9:07:00 PM,No Pedestrians Involved,Dry,No Unusual Conditions,Dark - Street Light,Violation Driver 1,Controls Functioning,Clear,Broadside,Intersection,Other Vehicle,Not Applicable,Not Applicable,At,,True,True,104774,ROSENBAUM AV,SNELL AV,37.27317304,-121.8375421
7641,681512,CR-0000090903,0,0,0,0,22-037-0334,False,False,0,2/6/2022 11:25:00 AM,No Pedestrians Involved,Dry,No Unusual Conditions,Daylight,Violation Driver 1,No Controls Present/Factor,Clear,Broadside,Intersection,Other Vehicle,Not Applicable,Not Applicable,At,,False,False,49972,DELIA ST,MCKEE RD,37.37963181,-121.8288842
7642,696202,CR-0000099346,0,1,0,0,23-101-0723,False,False,0,4/11/2023 6:35:00 PM,Crossing - Not In Crosswalk,Dry,No Unusual Conditions,Daylight,Violation Driver 1,Controls Functioning,Clear,Vehicle/Pedestrian,Intersection,Pedestrian,North,South,At,PED,False,False,49972,DELIA ST,MCKEE RD,37.37963181,-121.8288842
7643,711857,CR-0000100882,0,0,0,0,23-187-9702,False,True,51,7/6/2023 8:40:00 AM,No Pedestrians Involved,Dry,Unknown,Daylight,Unknown,No Controls Present/Factor,Clear,Sideswipe,Non-Related,Other Vehicle,Not Applicable,Not Applicable,East Of,,False,False,55076,EL CAMPO DR,MADELINE DR,37.37607247,-121.8264735
7644,692489,CR-0000097777,0,0,0,0,23-074-0915,True,False,146,3/15/2023 8:19:00 PM,No Pedestrians Involved,Dry,No Unusual Conditions,Dark - Street Light,Violation Driver 1,Controls Functioning,Clear,Hit Object,Non-Related,Fixed Object,Not Applicable,Not Applicable,West Of,TREE,True,True,89616,MCKEE RD,VISTA AV,37.38096519,-121.8267688
7645,691015,CR-0000097186,0,0,0,0,23-032-0468,False,False,,2/1/2023 1:05:00 PM,No Pedestrians Involved,Dry,No Unusual Conditions,Daylight,Violation Driver 1,Controls Functioning,Clear,Rear End,Related,Other Vehicle,Not Applicable,Not Applicable,North Of,,True,True,89605,MCKEE RD,TOYON AV,37.38107156,-121.826348
7646,690679,CR-0000096813,0,0,0,0,23-015-0267,False,False,0,1/15/2023 10:14:00 AM,Crossing In Crosswalk - At Intersection,Wet,No Unusual Conditions,Daylight,Violation Driver 1,No Controls Present/Factor,Rain,Vehicle/Pedestrian,Intersection,Pedestrian,West,East,At,PED,False,True,89605,MCKEE RD,TOYON AV,37.38107156,-121.826348
7647,711592,CR-0000101592,0,0,0,0,23-351-4000,False,True,0,12/15/2023 6:30:00 AM,No Pedestrians Involved,Unknown,Unknown,Unknown,Unknown,Unknown,Unknown,Other,Intersection,Other Vehicle,Not Applicable,Not Applicable,At,,False,False,89605,MCKEE RD,TOYON AV,37.38107156,-121.826348
7648,681931,CR-0000091435,0,2,0,0,22-090-0884,False,False,0,3/31/2022 7:46:00 PM,Crossing In Crosswalk - At Intersection,Dry,No Unusual Conditions,Dark - Street Light,Violation Driver 1,Controls Functioning,Clear,Vehicle/Pedestrian,Intersection,Pedestrian,South,North,At,PEDESTRIAN,False,False,59267,FENTON ST/KIRK AV,MCKEE RD,37.38020163,-121.8280448
7649,682789,CR-0000092368,2,0,0,0,22-133-0174,False,False,0,5/13/2022 8:00:00 AM,No Pedestrians Involved,Dry,No Unusual Conditions,Daylight,Unknown,Controls Functioning,Clear,Broadside,Intersection,Other Vehicle,Not Applicable,Not Applicable,At,,False,False,59267,FENTON ST/KIRK AV,MCKEE RD,37.38020163,-121.8280448
7650,689018,CR-0000094878,0,0,0,0,22-283-0711,False,False,0,10/10/2022 5:33:00 PM,No Pedestrians Involved,Dry,No Unusual Conditions,Daylight,Unknown,Controls Functioning,Clear,Broadside,Intersection,Other Vehicle,Not Applicable,Not Applicable,At,,False,False,59267,FENTON ST/KIRK AV,MCKEE RD,37.38020163,-121.8280448
7651,689109,CR-0000094974,0,0,0,0,22-319-9807,False,False,0,7/17/2022 8:45:00 AM,No Pedestrians Involved,Dry,No Unusual Conditions,Daylight,Violation Driver 1,Controls Functioning,Clear,Broadside,Intersection,Other Vehicle,Not Applicable,Not Applicable,At,,False,False,59267,FENTON ST/KIRK AV,MCKEE RD,37.38020163,-121.8280448
7652,715878,CR-0000101823,0,0,0,0,23-133-4001,False,True,281,5/13/2023 9:55:00 AM,No Pedestrians Involved,Unknown,Unknown,Unknown,Unknown,Unknown,Unknown,Other,Non-Related,Other Vehicle,Not Applicable,Not Applicable,South Of,,False,False,59267,FENTON ST/KIRK AV,MCKEE RD,37.38020163,-121.8280448
7653,691088,CR-0000097261,1,0,0,0,23-032-0733,False,False,30,2/1/2023 6:37:00 PM,No Pedestrians Involved,Dry,No Unusual Conditions,Dark - Street Light,Violation Driver 1,Controls Functioning,Clear,Rear End,Related,Other Vehicle,Not Applicable,Not Applicable,North Of,,True,False,19557,BLOOMSBURY WY,PIEDMONT RD,37.41486491,-121.8556468
7654,711975,CR-0000101135,0,0,0,0,23-297-4006,False,True,51,10/24/2023 7:55:00 AM,No Pedestrians Involved,Unknown,Unknown,Unknown,Unknown,Unknown,Unknown,Head On,Non-Related,Other Vehicle,Not Applicable,Not Applicable,East Of,,False,False,13078,BARBERRY LN,KYRA CI,37.31495795,-121.8147564
7655,718499,CR-0000102605,1,1,0,0,24-074-0242,False,False,0,3/14/2024 9:00:00 AM,No Pedestrians Involved,Dry,No Unusual Conditions,Daylight,Violation Driver 1,Controls Functioning,Clear,Head On,Intersection,Other Vehicle,Not Applicable,Not Applicable,At,,True,False,13067,BARBERRY LN,KING RD,37.31330382,-121.8171838
7656,699336,CR-0000100663,0,0,0,0,23-180-4000,False,True,51,6/17/2023 11:50:00 PM,No Pedestrians Involved,Unknown,Unknown,Unknown,Unknown,Unknown,Unknown,Other,Non-Related,Parked Vehicle,Not Applicable,Not Applicable,North Of,,False,False,29215,CALOOSA CT,RUE AVATI,37.38185622,-121.8776418
7657,682358,CR-0000091921,0,0,0,0,22-108-4000,False,True,,4/16/2022 3:00:00 PM,No Pedestrians Involved,Unknown,Unknown,Daylight,Violation Driver 1,Unknown,Unknown,Sideswipe,Related,Other Vehicle,Not Applicable,Not Applicable,North Of,,False,True,93708,MOSSLAND DR,SIERRA RD,37.38139449,-121.8770829
7658,699208,CR-0000100529,0,0,0,0,23-161-0517,False,False,0,6/10/2023 9:19:00 PM,No Pedestrians Involved,Dry,No Unusual Conditions,Daylight,Violation Driver 1,Controls Functioning,Clear,Hit Object,Intersection,Fixed Object,Not Applicable,Not Applicable,At,FENCE,False,True,93708,MOSSLAND DR,SIERRA RD,37.38139449,-121.8770829
7659,696297,CR-0000099453,0,0,0,0,23-134-9703,False,True,,5/3/2023 1:30:00 PM,No Pedestrians Involved,Dry,No Unusual Conditions,Daylight,Unknown,No Controls Present/Factor,Clear,Rear End,Related,Parked Vehicle,Not Applicable,Not Applicable,North Of,,False,False,93708,MOSSLAND DR,SIERRA RD,37.38139449,-121.8770829
7660,681973,CR-0000091482,1,1,1,0,22-060-0839,False,False,0,3/1/2022 7:26:00 PM,No Pedestrians Involved,Dry,No Unusual Conditions,Dark - Street Light,Violation Driver 1,No Controls Present/Factor,Clear,Broadside,Intersection,Other Vehicle,Not Applicable,Not Applicable,At,,False,False,31404,CANDIA DR,MCLAUGHLIN AV,37.31260948,-121.8340355
7661,711693,CR-0000100982,0,0,0,0,23-264-1011,False,False,62,9/21/2023 11:42:00 PM,No Pedestrians Involved,Dry,No Unusual Conditions,Dark - No Street Light,Violation Driver 1,No Controls Present/Factor,Clear,Broadside,Non-Related,Parked Vehicle,Not Applicable,Not Applicable,East Of,,True,True,108228,SERENADE WY,SONATA WY,37.27866214,-121.8181434
7662,716040,CR-0000101727,0,0,0,0,23-238-0939,False,False,68,8/26/2023 10:30:00 PM,No Pedestrians Involved,Dry,No Unusual Conditions,Dark - Street Light,Violation Driver 1,No Controls Present/Factor,Clear,Rear End,Non-Related,Other Vehicle,Not Applicable,Not Applicable,East Of,,True,True,70487,HARMONY LN,RHAPSODY WY,37.27646285,-121.8192839
7663,681193,CR-0000090566,0,0,0,0,22-001-0261,False,False,0,1/1/2022 6:07:00 AM,No Pedestrians Involved,Unknown,No Unusual Conditions,Dusk - Dawn,Violation Driver 1,Unknown,Clear,Broadside,Intersection,Other Vehicle,Not Applicable,Not Applicable,At,,False,False,32845,CAPITOL EX,MCLAUGHLIN AV,37.30039512,-121.8209165
7664,681158,CR-0000090550,0,0,0,0,22-021-0645,False,False,0,1/21/2022 4:46:00 PM,Crossing In Crosswalk - At Intersection,Dry,No Unusual Conditions,Daylight,Violation Driver 1,Controls Functioning,Clear,Vehicle/Pedestrian,Intersection,Pedestrian,West,East,At,PEDESTRIAN,False,False,32845,CAPITOL EX,MCLAUGHLIN AV,37.30039512,-121.8209165
7665,682644,CR-0000092220,0,0,0,0,22-131-9704,False,True,0,5/10/2022 9:10:00 PM,No Pedestrians Involved,Dry,No Unusual Conditions,Dark - Street Light,Unknown,Controls Functioning,Clear,Other,Intersection,Other Vehicle,Not Applicable,Not Applicable,At,,False,False,32845,CAPITOL EX,MCLAUGHLIN AV,37.30039512,-121.8209165
7666,682798,CR-0000092404,0,0,0,0,22-134-4003,False,False,,5/13/2022 11:48:00 PM,Unknown,Unknown,Unknown,Unknown,Unknown,Unknown,Unknown,Sideswipe,Related,Other Vehicle,Unknown,Unknown,South Of,,False,False,32845,CAPITOL EX,MCLAUGHLIN AV,37.30039512,-121.8209165
7667,688972,CR-0000094831,0,0,0,0,22-301-4002,False,True,0,10/15/2022 12:35:00 PM,No Pedestrians Involved,Unknown,Unknown,Unknown,Unknown,Unknown,Unknown,Sideswipe,Intersection,Other Vehicle,Not Applicable,Not Applicable,Unknown,,False,False,32845,CAPITOL EX,MCLAUGHLIN AV,37.30039512,-121.8209165
7668,688747,CR-0000094573,0,0,0,0,22-319-9809,True,False,400,9/16/2022 4:44:00 PM,No Pedestrians Involved,Dry,No Unusual Conditions,Daylight,Violation Driver 1,No Controls Present/Factor,Clear,Hit Object,Non-Related,Fixed Object,Not Applicable,Not Applicable,East Of,SIGN,False,False,32845,CAPITOL EX,MCLAUGHLIN AV,37.30039512,-121.8209165
7669,688704,CR-0000094529,0,0,0,0,22-205-4001,False,True,0,7/24/2022 9:20:00 PM,No Pedestrians Involved,Unknown,Unknown,Unknown,Unknown,Unknown,Unknown,Rear End,Intersection,Other Vehicle,Not Applicable,Not Applicable,At,,False,True,32845,CAPITOL EX,MCLAUGHLIN AV,37.30039512,-121.8209165
7670,695844,CR-0000098909,0,0,0,0,23-106-9703,True,False,0,4/16/2023 1:20:00 PM,No Pedestrians Involved,Dry,No Unusual Conditions,Daylight,Unknown,Controls Functioning,Clear,Sideswipe,Intersection,Other Vehicle,Not Applicable,Not Applicable,At,,False,False,32845,CAPITOL EX,MCLAUGHLIN AV,37.30039512,-121.8209165
7671,694483,CR-0000098477,1,0,0,0,23-186-0643,False,False,0,7/5/2023 4:43:00 PM,In Road - Includes Shoulder,Dry,No Unusual Conditions,Daylight,Unknown,Controls Functioning,Clear,Vehicle/Pedestrian,Intersection,Pedestrian,No Direction (Not Walking),No Direction (Not Walking),At,PED,False,False,32845,CAPITOL EX,MCLAUGHLIN AV,37.30039512,-121.8209165
7672,699063,CR-0000100369,1,0,0,0,23-341-0828,False,False,0,12/7/2023 6:21:00 PM,No Pedestrians Involved,Dry,No Unusual Conditions,Dark - Street Light,Violation Driver 1,Controls Functioning,Clear,Sideswipe,Intersection,Other Vehicle,Not Applicable,Not Applicable,At,,False,True,32845,CAPITOL EX,MCLAUGHLIN AV,37.30039512,-121.8209165
7673,696563,CR-0000099760,1,0,0,0,23-267-0744,False,False,0,9/24/2023 9:10:00 PM,In Road - Includes Shoulder,Dry,No Unusual Conditions,Dark - Street Light,Pedestrian At Fault,Controls Functioning,Clear,Vehicle/Pedestrian,Intersection,Pedestrian,No Direction (Not Walking),No Direction (Not Walking),At,PED,False,False,32845,CAPITOL EX,MCLAUGHLIN AV,37.30039512,-121.8209165
7674,690962,CR-0000097133,1,0,0,0,23-039-0680,False,False,0,2/8/2023 5:36:00 PM,No Pedestrians Involved,Dry,No Unusual Conditions,Dusk - Dawn,Violation Driver 1,Controls Functioning,Clear,Rear End,Intersection,Other Vehicle,Not Applicable,Not Applicable,At,,False,False,32845,CAPITOL EX,MCLAUGHLIN AV,37.30039512,-121.8209165
7675,691107,CR-0000097289,1,0,0,0,23-055-0127,True,False,0,2/24/2023 6:30:00 AM,No Pedestrians Involved,Wet,No Unusual Conditions,Daylight,Violation Driver 1,Controls Functioning,Rain,Hit Object,Intersection,Fixed Object,Not Applicable,Not Applicable,At,STOPLIGHT,True,False,32845,CAPITOL EX,MCLAUGHLIN AV,37.30039512,-121.8209165
7676,689748,CR-0000095766,0,1,0,0,22-338-0174,False,False,0,12/4/2022 6:27:00 AM,No Pedestrians Involved,Dry,No Unusual Conditions,Daylight,Violation Driver 1,Controls Functioning,Clear,Vehicle/Bike,Intersection,Bike,Not Applicable,Not Applicable,At,,False,True,32845,CAPITOL EX,MCLAUGHLIN AV,37.30039512,-121.8209165
7677,689992,CR-0000096012,1,0,0,0,22-219-0537,False,False,0,8/7/2022 2:27:00 PM,No Pedestrians Involved,Dry,No Unusual Conditions,Daylight,Violation Driver 1,Controls Functioning,Clear,Rear End,Intersection,Motor Vehicle On Other Roadway,Not Applicable,Not Applicable,At,,False,True,32845,CAPITOL EX,MCLAUGHLIN AV,37.30039512,-121.8209165