_id,CrashFactId,Name,MinorInjuries,ModerateInjuries,SevereInjuries,FatalInjuries,TcrNumber,CityDamageFlag,ShortFormFlag,Distance,CrashDateTime,PedestrianAction,RoadwaySurface,RoadwayCondition,Lighting,PrimaryCollisionFactor,TrafficControl,Weather,CollisionType,ProximityToIntersection,VehicleInvolvedWith,PedestrianDirectionFrom,PedestrianDirectionTo,DirectionFromIntersection,Comment,SpeedingFlag,HitAndRunFlag,IntersectionNumber,AStreetName,BStreetName,Latitude,Longitude
7678,715814,CR-0000101763,0,0,0,0,23-013-4000,False,True,0,1/10/2023 1:30:00 PM,No Pedestrians Involved,Unknown,Unknown,Unknown,Unknown,Unknown,Unknown,Other,Intersection,Other Vehicle,Not Applicable,Not Applicable,At,,False,False,32845,CAPITOL EX,MCLAUGHLIN AV,37.30039512,-121.8209165
7679,711919,CR-0000100979,0,0,0,0,23-245-9704,False,True,0,9/1/2023 6:35:00 PM,No Pedestrians Involved,Dry,No Unusual Conditions,Daylight,Unknown,Controls Functioning,Clear,Rear End,Intersection,Other Vehicle,Not Applicable,Not Applicable,At,,False,False,32845,CAPITOL EX,MCLAUGHLIN AV,37.30039512,-121.8209165
7680,711874,CR-0000101171,0,0,0,0,23-326-4004,False,True,,11/22/2023 1:15:00 PM,No Pedestrians Involved,Unknown,Unknown,Unknown,Unknown,Unknown,Unknown,Rear End,Related,Other Vehicle,Not Applicable,Not Applicable,West Of,,False,False,32845,CAPITOL EX,MCLAUGHLIN AV,37.30039512,-121.8209165
7681,721956,CR-0000103210,0,0,0,0,24-032-4000,False,True,51,2/1/2024 7:20:00 AM,No Pedestrians Involved,Unknown,Unknown,Unknown,Unknown,Unknown,Unknown,Rear End,Non-Related,Other Vehicle,Not Applicable,Not Applicable,Unknown,,False,False,32845,CAPITOL EX,MCLAUGHLIN AV,37.30039512,-121.8209165
7682,722210,CR-0000103476,0,0,0,0,24-081-9706,False,False,51,3/19/2024 3:15:00 PM,No Pedestrians Involved,Dry,No Unusual Conditions,Daylight,Unknown,Controls Functioning,Clear,Sideswipe,Non-Related,Other Vehicle,Not Applicable,Not Applicable,Unknown,,False,False,32845,CAPITOL EX,MCLAUGHLIN AV,37.30039512,-121.8209165
7683,689117,CR-0000094980,2,0,0,0,22-168-0927,False,False,0,6/17/2022 10:15:00 PM,No Pedestrians Involved,Dry,No Unusual Conditions,Dark - Street Light,Violation Driver 1,Controls Functioning,Clear,Rear End,Intersection,Other Vehicle,Not Applicable,Not Applicable,At,,False,False,75173,IDLEWOOD DR,MCLAUGHLIN AV,37.31142499,-121.8328916
7684,681283,CR-0000090669,0,0,0,0,22-009-0553,False,False,10,1/9/2022 5:10:00 PM,No Pedestrians Involved,Dry,No Unusual Conditions,Dark - Street Light,Violation Driver 1,No Controls Present/Factor,Clear,Rear End,Related,Other Vehicle,Not Applicable,Not Applicable,North Of,,True,False,75173,IDLEWOOD DR,MCLAUGHLIN AV,37.31142499,-121.8328916
7685,681322,CR-0000090709,0,0,0,0,22-029-0443,True,False,20,1/29/2022 1:30:00 PM,No Pedestrians Involved,Dry,No Unusual Conditions,Daylight,Violation Driver 1,Unknown,Clear,Head On,Related,Fixed Object,Not Applicable,Not Applicable,North Of,Ped Xing Sign,False,False,75173,IDLEWOOD DR,MCLAUGHLIN AV,37.31142499,-121.8328916
7686,680589,CR-0000089850,0,0,0,1,22-064-0675,False,False,0,3/5/2022 6:40:00 PM,Crossing - Not In Crosswalk,Unknown,No Unusual Conditions,Dark - Street Light,Violation Driver 1,Controls Not Functioning,Clear,Vehicle/Pedestrian,Intersection,Pedestrian,West,East,At,Delayed fatal - 03/06/2022. Ped using rollator.,False,False,75173,IDLEWOOD DR,MCLAUGHLIN AV,37.31142499,-121.8328916
7687,685243,CR-0000093923,0,0,3,0,22-259-0460,False,False,116,9/15/2022 12:52:00 PM,No Pedestrians Involved,Dry,No Unusual Conditions,Daylight,Violation Driver 1,Controls Functioning,Clear,Head On,Non-Related,Other Vehicle,Not Applicable,Not Applicable,West Of,,False,False,81080,LA RAGIONE AV,TULLY RD,37.3097623,-121.8449064
7688,690796,CR-0000096934,0,0,0,0,23-011-0528,True,False,46,1/11/2023 5:13:00 PM,No Pedestrians Involved,Wet,No Unusual Conditions,Dusk - Dawn,Violation Driver 1,No Controls Present/Factor,Rain,Sideswipe,Related,Other Vehicle,Not Applicable,Not Applicable,East Of,LIGHT POLE,False,False,81080,LA RAGIONE AV,TULLY RD,37.3097623,-121.8449064
7689,692536,CR-0000097827,0,2,0,0,23-093-0749,False,False,193,4/3/2023 5:08:00 PM,No Pedestrians Involved,Dry,No Unusual Conditions,Daylight,Violation Driver 1,Controls Functioning,Clear,Rear End,Non-Related,Other Vehicle,Not Applicable,Not Applicable,West Of,,False,False,81080,LA RAGIONE AV,TULLY RD,37.3097623,-121.8449064
7690,699316,CR-0000100643,0,1,0,0,23-305-0369,False,False,163,11/1/2023 11:03:00 AM,In Road - Includes Shoulder,Dry,No Unusual Conditions,Daylight,Violation Driver 1,No Controls Present/Factor,Clear,Vehicle/Bike,Non-Related,Scooter Motorized,West,East,West Of,E SCOOTER,False,False,81080,LA RAGIONE AV,TULLY RD,37.3097623,-121.8449064
7691,719689,CR-0000102860,0,0,0,1,24-207-0773,False,False,0,7/25/2024 6:26:00 PM,No Pedestrians Involved,Dry,No Unusual Conditions,Daylight,Bike At Fault,No Controls Present/Factor,Clear,Vehicle/Bike,Intersection,Bike,Not Applicable,Not Applicable,At,BIKE,False,False,81080,LA RAGIONE AV,TULLY RD,37.3097623,-121.8449064
7692,684702,CR-0000093331,1,0,0,0,22-177-0701,False,False,0,6/26/2022 6:23:00 PM,No Pedestrians Involved,Dry,No Unusual Conditions,Daylight,Violation Driver 1,Controls Functioning,Clear,Head On,Intersection,Other Vehicle,Not Applicable,Not Applicable,At,,False,False,143263,COTTLE RD,ENDICOTT BL,37.25483854,-121.8020854
7693,689114,CR-0000094972,0,0,0,0,22-319-9806,False,True,200,8/2/2022 1:40:00 PM,No Pedestrians Involved,Dry,No Unusual Conditions,Daylight,Violation Driver 1,Controls Functioning,Clear,Sideswipe,Non-Related,Other Vehicle,Not Applicable,Not Applicable,West Of,,True,False,143263,COTTLE RD,ENDICOTT BL,37.25483854,-121.8020854
7694,696490,CR-0000099668,0,0,1,0,23-333-0263,False,False,0,11/29/2023 9:34:00 AM,No Pedestrians Involved,Dry,No Unusual Conditions,Daylight,Violation Driver 1,Controls Functioning,Clear,Vehicle/Bike,Intersection,Bike,Not Applicable,Not Applicable,At,BIKE,False,False,143263,COTTLE RD,ENDICOTT BL,37.25483854,-121.8020854
7695,690862,CR-0000097003,0,0,0,0,23-010-0707,False,False,0,1/10/2023 3:15:00 PM,No Pedestrians Involved,Wet,No Unusual Conditions,Daylight,Unknown,Controls Functioning,Rain,Rear End,Intersection,Other Vehicle,Not Applicable,Not Applicable,At,,False,False,143263,COTTLE RD,ENDICOTT BL,37.25483854,-121.8020854
7696,681712,CR-0000091109,0,0,0,0,22-057-0119,False,False,35,2/26/2022 3:28:00 AM,No Pedestrians Involved,Dry,No Unusual Conditions,Dark - Street Light,Violation Driver 1,Controls Functioning,Clear,Rear End,Related,Parked Vehicle,Not Applicable,Not Applicable,East Of,,False,False,116951,RIO LOBO DR,ROOSTER DR,37.25941564,-121.8238752
7697,691134,CR-0000097330,1,0,0,0,23-047-0730,False,False,,2/16/2023 6:07:00 PM,No Pedestrians Involved,Dry,No Unusual Conditions,Dark - Street Light,Violation Driver 1,No Controls Present/Factor,Clear,Vehicle/Bike,Related,Scooter Motorized,Not Applicable,Not Applicable,East Of,,True,False,67869,GRAHAM ST,WILLOW ST,37.31904631,-121.8818474
7698,694543,CR-0000098537,1,0,0,0,23-197-0789,False,False,135,7/16/2023 8:13:00 PM,No Pedestrians Involved,Dry,No Unusual Conditions,Dark - Street Light,Bike At Fault,No Controls Present/Factor,Clear,Vehicle/Bike,Non-Related,Bike,Not Applicable,Not Applicable,East Of,BIKE,False,False,67869,GRAHAM ST,WILLOW ST,37.31904631,-121.8818474
7699,685025,CR-0000093702,1,0,0,0,22-195-0769,False,False,0,7/14/2022 6:55:00 PM,No Pedestrians Involved,Dry,No Unusual Conditions,Daylight,Bike At Fault,Controls Functioning,Clear,Vehicle/Bike,Intersection,Bike,Not Applicable,Not Applicable,At,BIKE,False,False,143844,GRACE (E) AV,HAMILTON AV,37.29439799,-121.918765
7700,690112,CR-0000096175,0,0,0,0,22-098-9704,False,True,713,4/8/2022 8:14:00 AM,No Pedestrians Involved,Dry,No Unusual Conditions,Daylight,Unknown,Controls Functioning,Clear,Rear End,Non-Related,Other Vehicle,Not Applicable,Not Applicable,South Of,,False,False,67825,GORDON AV,KIRK AV,37.3768065,-121.8235669
7701,682984,CR-0000092590,0,0,0,0,22-175-0202,False,False,0,6/24/2022 7:02:00 AM,No Pedestrians Involved,Dry,No Unusual Conditions,Daylight,Violation Driver 1,Controls Functioning,Clear,Rear End,Intersection,Other Vehicle,Not Applicable,Not Applicable,At,,False,True,132912,GUADALUPE FR,SKYPORT RD,37.36442599,-121.91892
7702,688778,CR-0000094622,0,0,0,0,22-297-4000,False,True,51,10/23/2022 12:56:00 AM,No Pedestrians Involved,Unknown,Unknown,Unknown,Unknown,Unknown,Unknown,Rear End,Non-Related,Other Vehicle,Not Applicable,Not Applicable,South Of,,False,True,132912,GUADALUPE FR,SKYPORT RD,37.36442599,-121.91892
7703,689331,CR-0000095332,1,0,0,0,22-324-0605,False,False,0,11/20/2022 6:29:00 PM,No Pedestrians Involved,Dry,No Unusual Conditions,Dark - Street Light,Unknown,No Controls Present/Factor,Clear,Sideswipe,Intersection,Other Vehicle,Not Applicable,Not Applicable,At,,False,False,132912,GUADALUPE FR,SKYPORT RD,37.36442599,-121.91892
7704,696108,CR-0000099247,0,0,0,0,23-219-0960,False,False,0,8/7/2023 8:49:00 PM,No Pedestrians Involved,Dry,No Unusual Conditions,Dark - Street Light,Violation Driver 1,Controls Functioning,Clear,Rear End,Intersection,Other Vehicle,Not Applicable,Not Applicable,At,,True,True,132912,GUADALUPE FR,SKYPORT RD,37.36442599,-121.91892
7705,689961,CR-0000095989,1,0,0,0,22-310-0264,False,False,0,11/6/2022 9:14:00 AM,No Pedestrians Involved,Dry,No Unusual Conditions,Daylight,Violation Driver 1,Controls Functioning,Cloudy,Broadside,Intersection,Other Vehicle,Not Applicable,Not Applicable,At,,False,False,132912,GUADALUPE FR,SKYPORT RD,37.36442599,-121.91892
7706,719760,CR-0000102933,0,0,0,0,24-022-0104,True,False,45,1/22/2024 4:30:00 AM,Crossing In Crosswalk - At Intersection,Wet,No Unusual Conditions,Dark - Street Light,Violation Driver 1,Controls Functioning,Rain,Hit Object,Related,Fixed Object,Not Applicable,Not Applicable,South Of,CURB,False,False,132912,GUADALUPE FR,SKYPORT RD,37.36442599,-121.91892
7707,682196,CR-0000091731,1,0,0,0,22-067-0342,False,False,0,3/8/2022 10:19:00 AM,No Pedestrians Involved,Dry,No Unusual Conditions,Daylight,Violation Driver 1,Controls Functioning,Clear,Broadside,Intersection,Train,Not Applicable,Not Applicable,At,Light Rail Train,False,False,32636,CAPITOL AV,SIERRA RD,37.39128176,-121.8654379
7708,682032,CR-0000091543,0,0,0,0,22-064-0167,True,False,27,3/5/2022 5:29:00 AM,No Pedestrians Involved,Wet,No Unusual Conditions,Dark - Street Light,Violation Driver 1,Controls Functioning,Clear,Hit Object,Related,Fixed Object,Not Applicable,Not Applicable,North Of,Light Pole,False,False,32636,CAPITOL AV,SIERRA RD,37.39128176,-121.8654379
7709,715942,CR-0000101845,0,0,0,0,23-091-9702,False,True,0,3/31/2023 7:40:00 AM,No Pedestrians Involved,Dry,No Unusual Conditions,Daylight,Unknown,No Controls Present/Factor,Cloudy,Broadside,Intersection,Other Vehicle,Not Applicable,Not Applicable,At,,False,True,90991,MESCALERO DR,SHAWNEE LN,37.24126991,-121.8325809
7710,712238,CR-0000101683,0,0,0,0,23-333-0633,False,False,211,11/29/2023 4:10:00 PM,No Pedestrians Involved,Dry,No Unusual Conditions,Dark - Street Light,Violation Driver 1,Unknown,Clear,Rear End,Non-Related,Other Vehicle,Not Applicable,Not Applicable,South Of,,False,False,144189,COLEMAN AV,EARTHQUAKES WY,37.35289002,-121.9249214
7711,718484,CR-0000102572,1,0,0,0,24-062-0565,False,False,51,3/2/2024 4:50:00 PM,No Pedestrians Involved,Wet,No Unusual Conditions,Dusk - Dawn,Unknown,Controls Functioning,Rain,Rear End,Non-Related,Other Vehicle,Not Applicable,Not Applicable,North Of,,False,False,144189,COLEMAN AV,EARTHQUAKES WY,37.35289002,-121.9249214
7712,682797,CR-0000092376,1,0,0,0,22-169-0219,False,False,368,6/18/2022 6:34:00 AM,No Pedestrians Involved,Dry,No Unusual Conditions,Daylight,Violation Driver 1,No Controls Present/Factor,Clear,Head On,Non-Related,Fixed Object,Not Applicable,Not Applicable,East Of,,False,False,137917,HASSLER PW,HERITAGE BAYDR/SILVER RANCH LN,37.29014778,-121.7993258
7713,682777,CR-0000092356,2,0,0,0,22-141-0630,False,False,0,5/21/2022 5:09:00 PM,No Pedestrians Involved,Dry,No Unusual Conditions,Daylight,Violation Driver 1,No Controls Present/Factor,Clear,Rear End,Intersection,Other Vehicle,Not Applicable,Not Applicable,At,,False,False,74018,HOSTETTER RD,PEACHWOOD DR,37.39773527,-121.8699172
7714,696521,CR-0000099708,6,0,0,0,23-343-0442,False,False,0,12/9/2023 12:58:00 PM,No Pedestrians Involved,Dry,No Unusual Conditions,Daylight,Violation Driver 1,No Controls Present/Factor,Clear,Sideswipe,Intersection,Other Vehicle,Not Applicable,Not Applicable,At,,False,False,74018,HOSTETTER RD,PEACHWOOD DR,37.39773527,-121.8699172
7715,716398,CR-0000102397,1,0,0,0,24-041-0617,False,False,196,2/10/2024 3:49:00 PM,No Pedestrians Involved,Dry,No Unusual Conditions,Daylight,Violation Driver 1,No Controls Present/Factor,Clear,Rear End,Non-Related,Parked Vehicle,Not Applicable,Not Applicable,East Of,,False,False,64460,GARCES AV,SANTA TERESA BL,37.23920615,-121.852601
7716,692460,CR-0000097747,0,0,0,0,23-084-0528,False,False,0,3/25/2023 4:34:00 PM,No Pedestrians Involved,Dry,No Unusual Conditions,Daylight,Violation Driver 1,Unknown,Clear,Rear End,Intersection,Other Vehicle,Not Applicable,Not Applicable,At,,False,True,11725,AZULE AV,CALERO AV,37.24215395,-121.8360562
7717,681656,CR-0000091053,0,0,0,0,22-031-0658,True,False,57,1/31/2022 5:31:00 PM,No Pedestrians Involved,Dry,No Unusual Conditions,Dusk - Dawn,Violation Driver 1,No Controls Present/Factor,Clear,Head On,Non-Related,Fixed Object,Not Applicable,Not Applicable,West Of,Light Pole #21079,False,False,87064,MAIDEN LN,VIA VALIENTE,37.21014997,-121.8447948
7718,699430,CR-0000100763,0,0,0,0,23-196-0221,False,False,77,7/14/2023 10:05:00 PM,No Pedestrians Involved,Dry,No Unusual Conditions,Dark - Street Light,Unknown,No Controls Present/Factor,Clear,Sideswipe,Non-Related,Parked Vehicle,Not Applicable,Not Applicable,South Of,,False,True,45022,CRAMER CI,HABBITTS CT,37.30090082,-121.842497
7719,695992,CR-0000099127,0,0,0,0,23-237-9711,False,True,0,8/23/2023 4:30:00 PM,No Pedestrians Involved,Dry,No Unusual Conditions,Daylight,Unknown,Controls Functioning,Clear,Broadside,Intersection,Other Vehicle,Not Applicable,Not Applicable,At,,False,False,200054,FIRST ST,SKYTOP ST,37.40485828,-121.941628
7720,694511,CR-0000098505,2,0,0,0,23-181-0351,False,False,130,6/30/2023 12:30:00 PM,No Pedestrians Involved,Dry,No Unusual Conditions,Daylight,Violation Driver 1,No Controls Present/Factor,Clear,Rear End,Non-Related,Other Vehicle,Not Applicable,Not Applicable,South Of,,True,False,200054,FIRST ST,SKYTOP ST,37.40485828,-121.941628
7721,690990,CR-0000097161,0,0,0,0,23-041-4001,False,True,51,2/10/2023 8:00:00 AM,No Pedestrians Involved,Unknown,Unknown,Daylight,Unknown,Unknown,Unknown,Sideswipe,Non-Related,Parked Vehicle,Not Applicable,Not Applicable,East Of,,False,False,41667,COLLEEN DR,EVANGELINE CT/DR,37.23205902,-121.8440578
7722,681557,CR-0000090954,1,1,0,0,22-040-0847,False,False,171,2/9/2022 7:09:00 PM,No Pedestrians Involved,Dry,No Unusual Conditions,Dark - Street Light,Unknown,No Controls Present/Factor,Clear,Broadside,Non-Related,Other Vehicle,Not Applicable,Not Applicable,East Of,,False,False,79958,KINGSTON WY,WESTMONT AV,37.27183378,-121.9913734
7723,685006,CR-0000093665,1,0,0,0,22-238-0184,False,False,0,8/25/2022 8:30:00 AM,Crossing In Crosswalk - At Intersection,Dry,No Unusual Conditions,Daylight,Violation Driver 1,Controls Functioning,Clear,Vehicle/Pedestrian,Intersection,Pedestrian,West,East,At,PEDESTRIAN,False,True,79958,KINGSTON WY,WESTMONT AV,37.27183378,-121.9913734
7724,719554,CR-0000102701,1,0,0,0,24-078-0201,False,False,308,3/18/2024 7:50:00 AM,No Pedestrians Involved,Dry,Reduced Roadway Width,Daylight,Violation Driver 1,Controls Functioning,Clear,Broadside,Non-Related,Other Vehicle,Not Applicable,Not Applicable,North Of,,False,False,79958,KINGSTON WY,WESTMONT AV,37.27183378,-121.9913734
7725,695921,CR-0000099050,0,0,0,0,23-233-4001,False,True,,8/21/2023 4:30:00 AM,No Pedestrians Involved,Unknown,Unknown,Unknown,Unknown,Unknown,Unknown,Other,Related,Parked Vehicle,Not Applicable,Not Applicable,North Of,,False,False,72874,HILLMONT AV,OCALA AV,37.34259289,-121.8147421
7726,694491,CR-0000098485,0,1,0,0,23-187-0647,True,False,408,7/6/2023 5:15:00 PM,No Pedestrians Involved,Dry,No Unusual Conditions,Daylight,Violation Driver 1,Controls Functioning,Clear,Hit Object,Non-Related,Fixed Object,Not Applicable,Not Applicable,South Of,CURB,False,False,124420,ROSE CREEK DR,ROSENELFE CI,37.34348515,-121.8086338
7727,698960,CR-0000100262,0,2,0,0,23-316-0375,False,False,21,11/12/2023 11:50:00 AM,No Pedestrians Involved,Dry,No Unusual Conditions,Daylight,Bike At Fault,No Controls Present/Factor,Clear,Vehicle/Bike,Related,Bike,Not Applicable,Not Applicable,West Of,BIKE/MC,False,False,17016,BERMUDA WY,BISCAYNE WY,37.335016,-121.8359784
7728,691095,CR-0000097268,0,0,0,0,23-054-0775,True,False,0,2/23/2023 9:45:00 PM,No Pedestrians Involved,Wet,No Unusual Conditions,Dark - No Street Light,Violation Driver 2,No Controls Present/Factor,Rain,Broadside,Intersection,Other Vehicle,Not Applicable,Not Applicable,At,,True,False,17016,BERMUDA WY,BISCAYNE WY,37.335016,-121.8359784
7729,683074,CR-0000092672,1,0,0,0,22-142-0538,False,False,0,5/22/2022 2:46:00 PM,No Pedestrians Involved,Dry,No Unusual Conditions,Daylight,Violation Driver 1,No Controls Present/Factor,Clear,Broadside,Intersection,Other Vehicle,Not Applicable,Not Applicable,At,,True,False,18897,BISCAYNE WY,ORLANDO DR,37.3345445,-121.8366716
7730,694619,CR-0000098652,0,0,0,0,23-214-9702,False,True,51,7/26/2023 9:15:00 AM,No Pedestrians Involved,Unknown,Holes Deep Rut,Dark - No Street Light,Unknown,Unknown,Clear,Vehicle/Bike,Non-Related,Bike,Not Applicable,Not Applicable,South Of,BIKE,False,False,18897,BISCAYNE WY,ORLANDO DR,37.3345445,-121.8366716
7731,716150,CR-0000102090,0,1,0,0,24-013-0051,False,False,123,1/13/2024 12:57:00 AM,No Pedestrians Involved,Dry,No Unusual Conditions,Dark - Street Light,Bike At Fault,Controls Functioning,Clear,Vehicle/Bike,Non-Related,Bike,Not Applicable,Not Applicable,Unknown,BIKE,False,False,18897,BISCAYNE WY,ORLANDO DR,37.3345445,-121.8366716
7732,681249,CR-0000090634,0,0,0,0,22-006-0617,False,False,0,1/6/2022 4:30:00 PM,No Pedestrians Involved,Dry,No Unusual Conditions,Daylight,Violation Driver 1,No Controls Present/Factor,Clear,Sideswipe,Intersection,Parked Vehicle,Not Applicable,Not Applicable,At,,False,False,17049,BERMUDA WY,LA PORTE AV,37.3338632,-121.8348496
7733,690195,CR-0000096288,0,0,0,0,22-247-9703,False,True,,9/4/2022 2:45:00 AM,No Pedestrians Involved,Dry,No Unusual Conditions,Dark - Street Light,Unknown,No Controls Present/Factor,Clear,Rear End,Related,Parked Vehicle,Not Applicable,Not Applicable,North Of,,False,False,65218,GAWAIN DR,GRIDLEY ST,37.38224314,-121.8347952
7734,719661,CR-0000102832,0,0,0,0,24-007-0087,False,False,67,1/7/2024 1:52:00 AM,No Pedestrians Involved,Unknown,Unknown,Dark - Street Light,Violation Driver 1,Unknown,Clear,Broadside,Non-Related,Parked Vehicle,Not Applicable,Not Applicable,North Of,,False,True,65207,GAWAIN DR,GRIDLEY ST,37.38254909,-121.8350255
7735,694669,CR-0000098702,1,0,0,0,23-211-0313,False,False,0,7/30/2023 9:34:00 AM,No Pedestrians Involved,Dry,No Unusual Conditions,Daylight,Violation Driver 1,Controls Functioning,Clear,Rear End,Intersection,Other Vehicle,Not Applicable,Not Applicable,At,,True,True,9899,ASHWOOD LN,LANDESS AV,37.41805422,-121.8701085
7736,722464,CR-0000103747,0,1,0,0,24-101-0200,False,False,0,4/10/2024 8:06:00 AM,No Pedestrians Involved,Dry,No Unusual Conditions,Daylight,Violation Driver 1,No Controls Present/Factor,Clear,Head On,Intersection,Other Vehicle,Not Applicable,Not Applicable,At,,False,False,52722,DRYWOOD LN,TREEWOOD LN,37.41659482,-121.8712319
7737,685253,CR-0000093933,0,0,0,0,22-245-0059,False,False,85,9/2/2022 1:31:00 AM,No Pedestrians Involved,Dry,No Unusual Conditions,Dark - Street Light,Violation Driver 1,No Controls Present/Factor,Clear,Sideswipe,Non-Related,Parked Vehicle,Not Applicable,Not Applicable,East Of,,True,True,81564,LANEVIEW DR,MORRILL AV,37.4139274,-121.8741558
7738,684696,CR-0000093324,0,0,0,0,22-176-9706,False,True,51,6/24/2022 9:00:00 AM,No Pedestrians Involved,Dry,No Unusual Conditions,Daylight,Unknown,No Controls Present/Factor,Clear,Sideswipe,Non-Related,Parked Vehicle,Not Applicable,Not Applicable,East Of,,False,False,81564,LANEVIEW DR,MORRILL AV,37.4139274,-121.8741558
7739,694428,CR-0000098391,0,1,1,0,23-158-0339,False,False,304,6/7/2023 10:58:00 AM,No Pedestrians Involved,Dry,No Unusual Conditions,Daylight,Violation Driver 1,No Controls Present/Factor,Cloudy,Broadside,Non-Related,Other Vehicle,Not Applicable,Not Applicable,North Of,,False,False,81564,LANEVIEW DR,MORRILL AV,37.4139274,-121.8741558
7740,716196,CR-0000102148,0,1,0,0,24-029-0714,False,False,0,1/29/2024 6:41:00 PM,No Pedestrians Involved,Dry,No Unusual Conditions,Dark - Street Light,Violation Driver 1,Controls Functioning,Clear,Vehicle/Bike,Intersection,Bike,Not Applicable,Not Applicable,At,BIKE,False,False,16796,BERCAW LN,CAMDEN AV,37.26174159,-121.9274525
7741,681661,CR-0000091055,1,0,0,0,22-031-0429,False,False,0,1/31/2022 12:47:00 PM,No Pedestrians Involved,Dry,No Unusual Conditions,Daylight,Violation Driver 1,No Controls Present/Factor,Clear,Head On,Intersection,Other Vehicle,Not Applicable,Not Applicable,At,,False,False,23517,CLYDELLE AV,SAMARITAN DR,37.25062134,-121.9405003
7742,687554,CR-0000094344,1,2,0,0,22-260-0345,False,False,0,9/17/2022 2:04:00 PM,No Pedestrians Involved,Dry,No Unusual Conditions,Daylight,Violation Driver 1,Controls Functioning,Clear,Sideswipe,Intersection,Other Vehicle,Not Applicable,Not Applicable,At,,False,False,13848,BASCOM AV,FOXWORTHY AV,37.26783628,-121.939555
7743,716185,CR-0000102111,1,0,0,0,24-023-0753,False,False,210,1/23/2024 6:28:00 PM,No Pedestrians Involved,Dry,No Unusual Conditions,Dark - Street Light,Violation Driver 1,Controls Functioning,Clear,Sideswipe,Non-Related,Other Vehicle,Not Applicable,Not Applicable,South Of,,False,False,13848,BASCOM AV,FOXWORTHY AV,37.26783628,-121.939555
7744,682302,CR-0000091865,1,0,0,0,22-096-0480,False,False,32,4/6/2022 12:50:00 PM,No Pedestrians Involved,Dry,No Unusual Conditions,Daylight,Violation Driver 1,No Controls Present/Factor,Clear,Rear End,Related,Other Vehicle,Not Applicable,Not Applicable,East Of,,False,False,24353,SAMARITAN DR,WINTON WY,37.25061623,-121.9416317
7745,682698,CR-0000092276,0,0,0,0,22-150-4001,False,True,51,5/29/2022 12:00:00 AM,No Pedestrians Involved,Unknown,Unknown,Unknown,Unknown,Unknown,Unknown,Sideswipe,Non-Related,Parked Vehicle,Not Applicable,Not Applicable,West Of,,False,False,103355,REDWOOD AV,TULIP RD,37.33574089,-121.9471417
7746,696303,CR-0000099459,0,0,1,0,23-287-0822,False,False,0,10/14/2023 7:42:00 PM,No Pedestrians Involved,Dry,No Unusual Conditions,Dark - Street Light,Violation Driver 1,No Controls Present/Factor,Clear,Vehicle/Bike,Intersection,Scooter Motorized,Not Applicable,Not Applicable,At,E.SCOOTER,False,False,38060,CHERRYSTONE DR,MONROE ST,37.33489855,-121.9437391
7747,688973,CR-0000094832,2,0,0,0,22-301-0705,False,False,0,10/28/2022 6:01:00 PM,No Pedestrians Involved,Dry,No Unusual Conditions,Daylight,Violation Driver 1,Controls Functioning,Clear,Broadside,Intersection,Other Vehicle,Not Applicable,Not Applicable,At,,False,False,92410,MONROE ST,WALNUT GROVE AV,37.33339747,-121.9437271
7748,681857,CR-0000091338,0,0,1,0,22-070-0477,False,False,0,3/11/2022 1:30:00 PM,No Pedestrians Involved,Dry,No Unusual Conditions,Daylight,Bike At Fault,Unknown,Clear,Vehicle/Bike,Intersection,Bike,Not Applicable,Not Applicable,At,BIKE,False,False,19821,BLOSSOM DALE DR,BLOSSOM VILLA WY,37.2367918,-121.9347792
7749,690617,CR-0000096738,1,0,0,0,23-027-0485,False,False,16,1/27/2023 2:17:00 PM,No Pedestrians Involved,Dry,No Unusual Conditions,Daylight,Violation Driver 1,Controls Obscured,Clear,Broadside,Related,Other Vehicle,Not Applicable,Not Applicable,North Of,,False,False,33472,CARLTON AV,NATIONAL AV,37.24748893,-121.9503067
7750,711917,CR-0000101044,0,0,0,0,23-256-4005,False,True,51,9/6/2023 4:30:00 PM,No Pedestrians Involved,Unknown,Unknown,Unknown,Unknown,Unknown,Unknown,Other,Non-Related,Parked Vehicle,Not Applicable,Not Applicable,West Of,,False,False,105027,ROUNDTREE CT,ROUNDTREE DR,37.26988099,-121.9878686
7751,699260,CR-0000100583,0,0,0,0,23-163-0416,True,False,33,6/2/2023 12:17:00 PM,No Pedestrians Involved,Dry,No Unusual Conditions,Daylight,Violation Driver 1,No Controls Present/Factor,Clear,Hit Object,Related,Fixed Object,Not Applicable,Not Applicable,North Of,TREE,False,False,93390,MORRILL AV,SIERRAVILLE AV,37.39832178,-121.8623925
7752,681753,CR-0000091153,0,0,0,0,22-053-0244,True,False,55,2/22/2022 9:00:00 AM,No Pedestrians Involved,Dry,No Unusual Conditions,Daylight,Unknown,No Controls Present/Factor,Clear,Hit Object,Non-Related,Fixed Object,Not Applicable,Not Applicable,East Of,Traffic Sign,False,True,31932,CAPE JESSUP DR,FARRAGUT WY,37.37696887,-121.869078
7753,683286,CR-0000092818,0,0,0,0,22-117-4006,False,True,,4/27/2022 8:30:00 AM,No Pedestrians Involved,Unknown,Unknown,Daylight,Unknown,Unknown,Unknown,Sideswipe,Related,Other Vehicle,Not Applicable,Not Applicable,Unknown,,False,False,68859,GRIDLEY ST,MABURY RD/SAN MARINO AV,37.38779102,-121.8385152