_id,CrashFactId,Name,MinorInjuries,ModerateInjuries,SevereInjuries,FatalInjuries,TcrNumber,CityDamageFlag,ShortFormFlag,Distance,CrashDateTime,PedestrianAction,RoadwaySurface,RoadwayCondition,Lighting,PrimaryCollisionFactor,TrafficControl,Weather,CollisionType,ProximityToIntersection,VehicleInvolvedWith,PedestrianDirectionFrom,PedestrianDirectionTo,DirectionFromIntersection,Comment,SpeedingFlag,HitAndRunFlag,IntersectionNumber,AStreetName,BStreetName,Latitude,Longitude
7754,715898,CR-0000101733,0,0,0,0,23-224-0673,False,False,0,8/12/2023 7:40:00 PM,No Pedestrians Involved,Dry,No Unusual Conditions,Dusk - Dawn,Violation Driver 1,No Controls Present/Factor,Clear,Sideswipe,Intersection,Parked Vehicle,Not Applicable,Not Applicable,At,,True,True,68859,GRIDLEY ST,MABURY RD/SAN MARINO AV,37.38779102,-121.8385152
7755,681533,CR-0000090929,0,0,0,0,22-038-0418,False,False,87,2/7/2022 12:20:00 PM,No Pedestrians Involved,Dry,No Unusual Conditions,Daylight,Violation Driver 1,No Controls Present/Factor,Clear,Sideswipe,Non-Related,Parked Vehicle,Not Applicable,Not Applicable,South Of,,False,False,68848,GRIDLEY ST,SAN MARDO AV,37.38835512,-121.8389459
7756,681405,CR-0000090795,0,1,0,0,22-023-0672,False,False,51,1/23/2022 6:35:00 PM,Crossing In Crosswalk - At Intersection,Dry,No Unusual Conditions,Dark - Street Light,Violation Driver 1,No Controls Present/Factor,Clear,Vehicle/Pedestrian,Non-Related,Pedestrian,East,West,Unknown,PEDESTRIAN,False,False,100033,PENITENCIA CREEK RD,VICEROY WY,37.38855762,-121.8494129
7757,682091,CR-0000091568,0,0,0,0,22-005-9711,False,True,,1/4/2022 3:20:00 PM,No Pedestrians Involved,Dry,No Unusual Conditions,Daylight,Unknown,Unknown,Clear,Rear End,Related,Other Vehicle,Not Applicable,Not Applicable,East Of,,False,False,39236,CHYNOWETH AV,SIGRID WY,37.25885662,-121.823309
7758,699138,CR-0000100454,0,0,0,0,23-162-0538,True,False,0,6/11/2023 4:00:00 PM,No Pedestrians Involved,Dry,No Unusual Conditions,Daylight,Violation Driver 1,No Controls Present/Factor,Clear,Hit Object,Intersection,Other Object,Not Applicable,Not Applicable,At,STREET SIGN,True,True,39236,CHYNOWETH AV,SIGRID WY,37.25885662,-121.823309
7759,718497,CR-0000102603,1,0,0,0,24-076-0595,False,False,95,3/16/2024 4:42:00 PM,No Pedestrians Involved,Dry,No Unusual Conditions,Daylight,Violation Driver 1,Controls Functioning,Clear,Rear End,Non-Related,Other Vehicle,Not Applicable,Not Applicable,East Of,,True,False,39236,CHYNOWETH AV,SIGRID WY,37.25885662,-121.823309
7760,684861,CR-0000093568,2,0,0,0,22-212-0550,False,False,72,7/31/2022 3:54:00 PM,No Pedestrians Involved,Dry,No Unusual Conditions,Daylight,Unknown,Controls Functioning,Clear,Sideswipe,Non-Related,Other Vehicle,Not Applicable,Not Applicable,South Of,,False,False,117490,ALMADEN RD,BIG SUR DR,37.1970428,-121.8313522
7761,711864,CR-0000101350,0,0,0,0,23-248-1001,False,False,250,9/5/2023 9:38:00 PM,No Pedestrians Involved,Dry,No Unusual Conditions,Dark - Street Light,Violation Driver 1,No Controls Present/Factor,Clear,Rear End,Non-Related,Parked Vehicle,Not Applicable,Not Applicable,East Of,,False,False,117490,ALMADEN RD,BIG SUR DR,37.1970428,-121.8313522
7762,689081,CR-0000094964,0,0,0,0,22-334-0323,False,False,132,11/30/2022 11:00:00 AM,No Pedestrians Involved,Dry,No Unusual Conditions,Daylight,Violation Driver 1,Controls Functioning,Clear,Hit Object,Non-Related,Fixed Object,Not Applicable,Not Applicable,South Of,,False,False,200011,ASHTON LN,SYLVANDALE AV,37.28779085,-121.825944
7763,712044,CR-0000101587,0,0,0,0,23-353-4008,False,True,51,12/19/2023 2:10:00 PM,No Pedestrians Involved,Unknown,Unknown,Unknown,Unknown,Unknown,Unknown,Sideswipe,Non-Related,Parked Vehicle,Not Applicable,Not Applicable,East Of,,False,False,144122,FOWLER CT,FOWLER RD,37.3099733,-121.7821846
7764,722283,CR-0000103577,0,0,0,0,24-086-4000,False,True,51,3/25/2024 2:18:00 PM,No Pedestrians Involved,Unknown,Unknown,Unknown,Unknown,Unknown,Unknown,Sideswipe,Non-Related,Parked Vehicle,Not Applicable,Not Applicable,East Of,,False,False,144122,FOWLER CT,FOWLER RD,37.3099733,-121.7821846
7765,694469,CR-0000098434,1,0,0,0,23-140-0680,False,False,0,5/20/2023 6:30:00 PM,No Pedestrians Involved,Dry,No Unusual Conditions,Daylight,Violation Driver 1,Controls Functioning,Clear,Vehicle/Bike,Intersection,Bike,Not Applicable,Not Applicable,At,BIKE,True,False,1319,ABORN RD,IRWINDALE DR,37.31090639,-121.8115979
7766,681445,CR-0000090835,0,0,0,0,22-039-9707,False,True,0,1/27/2022 5:50:00 PM,No Pedestrians Involved,Dry,No Unusual Conditions,Dark - Street Light,Unknown,Controls Functioning,Clear,Rear End,Intersection,Other Vehicle,Not Applicable,Not Applicable,At,,False,False,99175,PARROTT ST/QUINN AV,SENTER RD,37.30932121,-121.8490932
7767,695893,CR-0000099021,0,0,0,0,23-219-4005,False,True,0,8/6/2023 4:00:00 PM,No Pedestrians Involved,Unknown,Unknown,Unknown,Unknown,Unknown,Unknown,Rear End,Intersection,Other Vehicle,Not Applicable,Not Applicable,At,,False,False,99175,PARROTT ST/QUINN AV,SENTER RD,37.30932121,-121.8490932
7768,692403,CR-0000097686,1,0,0,0,23-080-0107,False,False,0,3/21/2023 6:36:00 AM,No Pedestrians Involved,Wet,No Unusual Conditions,Daylight,Unknown,Controls Functioning,Rain,Broadside,Intersection,Other Vehicle,Not Applicable,Not Applicable,At,,False,False,99175,PARROTT ST/QUINN AV,SENTER RD,37.30932121,-121.8490932
7769,711926,CR-0000101111,0,0,0,0,23-274-4004,False,True,0,9/27/2023 2:24:00 PM,No Pedestrians Involved,Unknown,Unknown,Unknown,Unknown,Unknown,Unknown,Vehicle/Bike,Intersection,Bike,Not Applicable,Not Applicable,At,BIKE,False,False,99175,PARROTT ST/QUINN AV,SENTER RD,37.30932121,-121.8490932
7770,681164,CR-0000090540,0,0,0,0,22-124-0938,False,False,57,5/4/2022 11:45:00 PM,No Pedestrians Involved,Dry,No Unusual Conditions,Dark - Street Light,Violation Driver 1,No Controls Present/Factor,Clear,Sideswipe,Non-Related,Parked Vehicle,Not Applicable,Not Applicable,North Of,,False,False,6742,AMBLER WY,FARIS DR,37.2855009,-121.8171076
7771,722196,CR-0000103462,0,0,0,0,24-077-0927,False,False,144,3/17/2024 11:30:00 PM,No Pedestrians Involved,Dry,No Unusual Conditions,Dark - Street Light,Violation Driver 1,No Controls Present/Factor,Clear,Sideswipe,Non-Related,Parked Vehicle,Not Applicable,Not Applicable,West Of,,True,True,98229,PAGE MILL DR,VERA LN,37.26514947,-121.8115493
7772,681568,CR-0000090965,0,0,0,0,22-045-0764,False,False,100,2/14/2022 6:08:00 PM,No Pedestrians Involved,Dry,No Unusual Conditions,Daylight,Violation Driver 1,No Controls Present/Factor,Clear,Rear End,Non-Related,Parked Vehicle,Not Applicable,Not Applicable,North Of,,True,False,96689,NUEVA DR,SOLANO DR,37.23075355,-121.7966522
7773,690192,CR-0000096281,0,0,0,0,22-165-9707,False,True,51,6/13/2022 2:55:00 PM,No Pedestrians Involved,Dry,No Unusual Conditions,Daylight,Unknown,Controls Functioning,Clear,Other,Non-Related,Other Vehicle,Not Applicable,Not Applicable,Unknown,,False,True,6753,AMBLER WY,HELLYER AV,37.28429107,-121.8171894
7774,690004,CR-0000096055,1,0,0,0,22-274-0409,False,False,0,10/1/2022 11:14:00 AM,No Pedestrians Involved,Dry,No Unusual Conditions,Daylight,Violation Driver 1,Unknown,Clear,Rear End,Intersection,Motorcycle,Not Applicable,Not Applicable,At,,True,False,6753,AMBLER WY,HELLYER AV,37.28429107,-121.8171894
7775,682486,CR-0000092052,0,0,0,1,22-179-0683,False,False,0,6/28/2022 5:04:00 PM,Crossing In Crosswalk - At Intersection,Dry,No Unusual Conditions,Daylight,Violation Driver 1,Controls Functioning,Clear,Vehicle/Pedestrian,Intersection,Pedestrian,East,West,At,PED,False,False,8821,ARDEN WY,LEEWARD DR,37.3450832,-121.827408
7776,722467,CR-0000103753,0,0,0,0,24-101-0627,False,False,300,4/10/2024 6:13:00 PM,No Pedestrians Involved,Dry,No Unusual Conditions,Daylight,Violation Driver 1,Controls Functioning,Clear,Sideswipe,Non-Related,Parked Vehicle,Not Applicable,Not Applicable,West Of,,False,True,8821,ARDEN WY,LEEWARD DR,37.3450832,-121.827408
7777,682594,CR-0000092161,0,0,0,0,22-130-0170,False,False,200,5/10/2022 7:30:00 AM,No Pedestrians Involved,Dry,No Unusual Conditions,Daylight,Violation Driver 1,No Controls Present/Factor,Clear,Rear End,Non-Related,Other Vehicle,Not Applicable,Not Applicable,East Of,,True,False,104521,ROEDER RD,ROUNDTABLE DR,37.26084436,-121.809947
7778,681589,CR-0000090986,0,1,0,0,22-044-0525,False,False,51,2/13/2022 2:50:00 PM,No Pedestrians Involved,Dry,No Unusual Conditions,Daylight,Violation Driver 1,No Controls Present/Factor,Clear,Sideswipe,Non-Related,Other Vehicle,Not Applicable,Not Applicable,East Of,,False,False,104521,ROEDER RD,ROUNDTABLE DR,37.26084436,-121.809947
7779,683534,CR-0000093132,0,0,0,0,22-207-9702,False,True,0,7/24/2022 10:00:00 PM,No Pedestrians Involved,Dry,No Unusual Conditions,Dark - Street Light,Unknown,No Controls Present/Factor,Clear,Broadside,Intersection,Other Vehicle,Not Applicable,Not Applicable,At,,False,True,104521,ROEDER RD,ROUNDTABLE DR,37.26084436,-121.809947
7780,683069,CR-0000092620,0,1,0,0,22-163-0239,False,False,0,6/12/2022 2:30:00 AM,Crossing - Not In Crosswalk,Dry,No Unusual Conditions,Dark - Street Light,Violation Driver 1,No Controls Present/Factor,Clear,Vehicle/Pedestrian,Intersection,Pedestrian,West,North,At,PEDESTRIAN,True,True,104521,ROEDER RD,ROUNDTABLE DR,37.26084436,-121.809947
7781,690420,CR-0000096519,0,0,0,0,22-283-0760,False,True,0,10/10/2022 6:43:00 PM,No Pedestrians Involved,Unknown,Unknown,Unknown,Unknown,Unknown,Unknown,Rear End,Intersection,Other Vehicle,Not Applicable,Not Applicable,At,,False,True,104521,ROEDER RD,ROUNDTABLE DR,37.26084436,-121.809947
7782,691320,CR-0000097565,0,3,0,0,23-010-1025,False,False,51,1/10/2023 9:36:00 PM,No Pedestrians Involved,Wet,No Unusual Conditions,Dark - Street Light,Violation Driver 1,No Controls Present/Factor,Rain,Broadside,Non-Related,Other Vehicle,Not Applicable,Not Applicable,North Of,,False,True,54251,EDENVALE AV,RED RIVER WY,37.26123017,-121.8194176
7783,692547,CR-0000097838,1,0,0,0,23-095-0676,False,False,214,4/5/2023 5:15:00 PM,No Pedestrians Involved,Dry,No Unusual Conditions,Daylight,Violation Driver 1,No Controls Present/Factor,Clear,Sideswipe,Non-Related,Other Vehicle,Not Applicable,Not Applicable,North Of,,False,True,112716,UNION AV,WOODARD RD,37.26027026,-121.9313541
7784,682678,CR-0000092254,0,0,0,0,22-147-4003,False,True,51,5/26/2022 7:00:00 AM,No Pedestrians Involved,Unknown,Unknown,Daylight,Unknown,Unknown,Unknown,Sideswipe,Non-Related,Other Vehicle,Not Applicable,Not Applicable,North Of,,False,False,70949,HAVANA DR,MIDFIELD AV,37.32784089,-121.8394985
7785,683402,CR-0000092995,0,0,0,0,22-145-0960,False,False,208,5/25/2022 9:11:00 PM,No Pedestrians Involved,Dry,No Unusual Conditions,Dark - Street Light,Violation Driver 1,No Controls Present/Factor,Clear,Sideswipe,Non-Related,Parked Vehicle,Not Applicable,Not Applicable,North Of,,False,True,70949,HAVANA DR,MIDFIELD AV,37.32784089,-121.8394985
7786,683535,CR-0000093133,0,0,0,0,22-205-0794,False,False,30,7/24/2022 10:00:00 PM,No Pedestrians Involved,Dry,No Unusual Conditions,Dusk - Dawn,Violation Driver 1,No Controls Present/Factor,Clear,Other,Related,Parked Vehicle,Not Applicable,Not Applicable,West Of,,False,True,44670,COY DR,EAGLES LN,37.25546427,-121.8218989
7787,696509,CR-0000099696,0,0,0,0,23-350-0010,False,False,0,12/16/2023 12:45:00 AM,No Pedestrians Involved,Dry,No Unusual Conditions,Dark - Street Light,Violation Driver 1,No Controls Present/Factor,Clear,Sideswipe,Intersection,Parked Vehicle,Not Applicable,Not Applicable,At,,True,True,44670,COY DR,EAGLES LN,37.25546427,-121.8218989
7788,722110,CR-0000103375,0,0,0,0,24-069-0479,True,False,26,3/9/2024 1:02:00 PM,No Pedestrians Involved,Dry,No Unusual Conditions,Daylight,Violation Driver 1,No Controls Present/Factor,Clear,Hit Object,Related,Fixed Object,Not Applicable,Not Applicable,East Of,LIGHTPOLE,True,False,89858,MCLAUGHLIN AV,PUSATERI WY,37.30353387,-121.825266
7789,722009,CR-0000103263,0,0,0,0,24-056-0049,False,False,50,2/25/2024 12:58:00 AM,No Pedestrians Involved,Dry,No Unusual Conditions,Dark - Street Light,Violation Driver 1,No Controls Present/Factor,Clear,Sideswipe,Related,Parked Vehicle,Not Applicable,Not Applicable,South Of,,False,True,89858,MCLAUGHLIN AV,PUSATERI WY,37.30353387,-121.825266
7790,684890,CR-0000093572,0,1,0,0,22-196-0761,False,False,1056,7/15/2022 7:25:00 PM,No Pedestrians Involved,Dry,No Unusual Conditions,Dusk - Dawn,Violation Driver 1,No Controls Present/Factor,Clear,Hit Object,Non-Related,Fixed Object,Not Applicable,Not Applicable,North Of,CURB,False,False,117534,ALMADEN EX,HARRY RD,37.20304903,-121.8276786
7791,689024,CR-0000094884,0,0,0,0,22-286-0006,True,False,0,10/13/2022 12:07:00 AM,No Pedestrians Involved,Dry,No Unusual Conditions,Dark - Street Light,Violation Driver 1,Controls Functioning,Clear,Hit Object,Intersection,Fixed Object,Not Applicable,Not Applicable,At,,False,True,117534,ALMADEN EX,HARRY RD,37.20304903,-121.8276786
7792,689211,CR-0000095120,0,1,0,0,22-295-0666,False,False,25,10/22/2022 6:32:00 PM,No Pedestrians Involved,Dry,No Unusual Conditions,Dusk - Dawn,Violation Driver 1,No Controls Present/Factor,Clear,Broadside,Related,Other Vehicle,Not Applicable,Not Applicable,North Of,,False,False,105600,SADDLEWOOD DR,SHERLOCK DR,37.31236918,-121.8397529
7793,689086,CR-0000094958,2,0,0,0,22-302-0358,False,False,0,10/29/2022 11:26:00 AM,No Pedestrians Involved,Dry,No Unusual Conditions,Daylight,Unknown,No Controls Present/Factor,Clear,Broadside,Intersection,Other Vehicle,Not Applicable,Not Applicable,At,,False,False,27961,CAHALAN AV,CALERO AV,37.24329783,-121.8491599
7794,689713,CR-0000095725,0,0,1,0,22-307-0687,False,False,30,11/3/2022 5:15:00 PM,No Pedestrians Involved,Dry,No Unusual Conditions,Daylight,Violation Driver 1,Controls Functioning,Clear,Vehicle/Bike,Related,Bike,Not Applicable,Not Applicable,West Of,BIKE,False,False,27961,CAHALAN AV,CALERO AV,37.24329783,-121.8491599
7795,681433,CR-0000090823,0,0,0,0,22-027-0312,False,False,78,1/27/2022 10:31:00 AM,No Pedestrians Involved,Dry,No Unusual Conditions,Daylight,Violation Driver 1,Controls Functioning,Clear,Rear End,Non-Related,Other Vehicle,Not Applicable,Not Applicable,South Of,,True,False,27961,CAHALAN AV,CALERO AV,37.24329783,-121.8491599
7796,719570,CR-0000102717,0,1,0,0,24-077-0943,False,False,0,3/17/2024 5:45:00 PM,No Pedestrians Involved,Dry,No Unusual Conditions,Dusk - Dawn,Violation Driver 1,No Controls Present/Factor,Clear,Vehicle/Bike,Intersection,Bike,Not Applicable,Not Applicable,At,BIKE,False,True,27961,CAHALAN AV,CALERO AV,37.24329783,-121.8491599
7797,719517,CR-0000102646,1,0,0,0,24-066-0916,False,False,83,3/6/2024 9:11:00 PM,No Pedestrians Involved,Dry,No Unusual Conditions,Dusk - Dawn,Violation Driver 1,No Controls Present/Factor,Clear,Sideswipe,Non-Related,Parked Vehicle,Not Applicable,Not Applicable,North Of,,False,False,97899,ORONSAY WY,SAN IGNACIO AV,37.22772718,-121.790926
7798,681724,CR-0000091121,0,0,0,0,22-050-0004,False,False,0,2/19/2022 12:00:00 AM,No Pedestrians Involved,Dry,No Unusual Conditions,Dark - Street Light,Violation Driver 1,No Controls Present/Factor,Clear,Rear End,Intersection,Parked Vehicle,Not Applicable,Not Applicable,At,,True,True,46837,CUNNINGHAM AV,TERILYN AV,37.32555068,-121.8359599
7799,681400,CR-0000090790,1,0,0,0,22-023-0467,True,False,77,1/23/2022 2:03:00 PM,No Pedestrians Involved,Dry,No Unusual Conditions,Daylight,Violation Driver 1,Controls Functioning,Clear,Hit Object,Non-Related,Fixed Object,Not Applicable,Not Applicable,West Of,LIGHT POLE,False,False,23682,BRANHAM LN,HOLYCON CI,37.26601893,-121.8374426
7800,685317,CR-0000093998,0,0,0,0,22-250-9705,False,True,345,9/7/2022 7:45:00 AM,No Pedestrians Involved,Dry,No Unusual Conditions,Daylight,Unknown,Controls Functioning,Clear,Broadside,Non-Related,Other Vehicle,Not Applicable,Not Applicable,East Of,,False,True,23671,BRANHAM LN,HOLYCON CI,37.26602466,-121.8365558
7801,682573,CR-0000092140,0,0,1,0,22-126-0740,True,False,272,5/6/2022 6:15:00 PM,No Pedestrians Involved,Dry,No Unusual Conditions,Daylight,Violation Driver 1,Unknown,Clear,Hit Object,Non-Related,Fixed Object,Not Applicable,Not Applicable,South Of,TREE,True,False,66857,GLENGROVE WY,YERBA BUENA RD,37.29886237,-121.7993552
7802,689836,CR-0000095862,1,0,0,0,22-340-0243,True,False,0,12/6/2022 9:30:00 AM,No Pedestrians Involved,Dry,No Unusual Conditions,Daylight,Other Than Driver,Controls Functioning,Clear,Hit Object,Intersection,Fixed Object,Not Applicable,Not Applicable,At,TRAFFIC SIGNAL,False,False,45979,CROPLEY AV,PIEDMONT RD,37.41592185,-121.8563796
7803,683453,CR-0000093049,0,0,0,0,22-082-0137,False,False,0,3/23/2022 5:19:00 AM,No Pedestrians Involved,Dry,No Unusual Conditions,Dark - Street Light,Violation Driver 1,Controls Functioning,Clear,Broadside,Intersection,Other Vehicle,Not Applicable,Not Applicable,At,,False,True,60390,FIRST ST,MONTAGUE EX,37.39737495,-121.9361287
7804,689193,CR-0000095102,1,3,0,1,22-112-0037,False,False,0,4/22/2022 1:19:00 AM,No Pedestrians Involved,Wet,No Unusual Conditions,Dark - Street Light,Violation Driver 1,Controls Functioning,Rain,Broadside,Intersection,Motor Vehicle On Other Roadway,Not Applicable,Not Applicable,At,POLICE PURSUIT,False,False,60390,FIRST ST,MONTAGUE EX,37.39737495,-121.9361287
7805,683457,CR-0000093053,0,1,0,0,22-166-0624,False,False,0,6/15/2022 5:18:00 PM,No Pedestrians Involved,Dry,No Unusual Conditions,Daylight,Bike At Fault,Controls Functioning,Clear,Vehicle/Bike,Intersection,Scooter Motorized,Not Applicable,Not Applicable,At,BIKE (MOTORIZED SCOOTER),False,False,60390,FIRST ST,MONTAGUE EX,37.39737495,-121.9361287
7806,688959,CR-0000094817,0,0,0,0,22-248-4005,False,True,0,9/5/2022 12:45:00 PM,No Pedestrians Involved,Unknown,Unknown,Daylight,Unknown,Unknown,Unknown,Sideswipe,Intersection,Other Vehicle,Not Applicable,Not Applicable,At,,False,False,60390,FIRST ST,MONTAGUE EX,37.39737495,-121.9361287
7807,688807,CR-0000094653,0,0,0,0,22-245-4003,False,True,51,9/2/2022 12:15:00 PM,Unknown,Unknown,Unknown,Daylight,Unknown,Unknown,Unknown,Broadside,Non-Related,Other Vehicle,Not Applicable,Not Applicable,Unknown,,False,True,60390,FIRST ST,MONTAGUE EX,37.39737495,-121.9361287
7808,689832,CR-0000095858,2,1,0,0,22-347-0422,False,False,0,12/13/2022 12:51:00 PM,No Pedestrians Involved,Dry,No Unusual Conditions,Daylight,Violation Driver 1,Controls Functioning,Clear,Broadside,Intersection,Other Vehicle,Not Applicable,Not Applicable,At,,False,False,60390,FIRST ST,MONTAGUE EX,37.39737495,-121.9361287
7809,691159,CR-0000097361,0,0,0,0,23-046-0932,False,False,,2/15/2023 8:26:00 PM,No Pedestrians Involved,Dry,No Unusual Conditions,Dark - Street Light,Violation Driver 1,Controls Functioning,Clear,Sideswipe,Related,Other Vehicle,Not Applicable,Not Applicable,South Of,,False,True,60390,FIRST ST,MONTAGUE EX,37.39737495,-121.9361287
7810,690952,CR-0000097122,1,0,0,0,23-045-0638,False,False,0,2/14/2023 5:54:00 PM,No Pedestrians Involved,Dry,No Unusual Conditions,Dusk - Dawn,Violation Driver 1,Controls Functioning,Clear,Rear End,Intersection,Other Vehicle,Not Applicable,Not Applicable,At,,True,False,60390,FIRST ST,MONTAGUE EX,37.39737495,-121.9361287
7811,695898,CR-0000099026,0,0,0,0,23-238-4004,False,True,,8/26/2023 9:00:00 PM,No Pedestrians Involved,Unknown,Unknown,Unknown,Unknown,Unknown,Unknown,Other,Related,Other Vehicle,Not Applicable,Not Applicable,Unknown,,False,False,60390,FIRST ST,MONTAGUE EX,37.39737495,-121.9361287
7812,694727,CR-0000098775,1,0,0,0,23-217-0224,False,False,0,8/5/2023 8:10:00 AM,No Pedestrians Involved,Dry,No Unusual Conditions,Daylight,Violation Driver 1,Controls Functioning,Clear,Broadside,Intersection,Other Vehicle,Not Applicable,Not Applicable,At,,True,False,60390,FIRST ST,MONTAGUE EX,37.39737495,-121.9361287
7813,696001,CR-0000099136,0,0,0,0,23-230-4004,False,True,51,8/2/2023 11:30:00 AM,No Pedestrians Involved,Unknown,Unknown,Unknown,Unknown,Unknown,Unknown,Rear End,Non-Related,Other Vehicle,Not Applicable,Not Applicable,Unknown,,False,False,60390,FIRST ST,MONTAGUE EX,37.39737495,-121.9361287
7814,696047,CR-0000099182,0,0,0,0,23-209-0043,False,False,0,7/28/2023 12:44:00 AM,No Pedestrians Involved,Dry,No Unusual Conditions,Dark - Street Light,Violation Driver 1,Controls Functioning,Clear,Broadside,Intersection,Other Vehicle,Not Applicable,Not Applicable,At,,False,False,60390,FIRST ST,MONTAGUE EX,37.39737495,-121.9361287
7815,717430,CR-0000102454,1,0,0,0,24-084-0736,False,False,0,3/24/2024 7:59:00 PM,No Pedestrians Involved,Dry,No Unusual Conditions,Dark - Street Light,Violation Driver 1,Controls Functioning,Clear,Broadside,Intersection,Other Vehicle,Not Applicable,Not Applicable,At,,False,False,60390,FIRST ST,MONTAGUE EX,37.39737495,-121.9361287
7816,711787,CR-0000100965,0,0,0,0,23-206-9707,False,True,,7/21/2023 4:00:00 PM,No Pedestrians Involved,Dry,No Unusual Conditions,Daylight,Unknown,Controls Functioning,Clear,Sideswipe,Related,Other Vehicle,Not Applicable,Not Applicable,North Of,,False,False,60390,FIRST ST,MONTAGUE EX,37.39737495,-121.9361287
7817,715818,CR-0000101818,0,0,0,0,23-131-4006,False,True,0,5/11/2023 4:35:00 PM,No Pedestrians Involved,Unknown,Unknown,Unknown,Unknown,Unknown,Unknown,Rear End,Intersection,Other Vehicle,Not Applicable,Not Applicable,At,,False,False,60390,FIRST ST,MONTAGUE EX,37.39737495,-121.9361287
7818,684996,CR-0000093611,0,0,0,0,22-210-0467,False,False,100,7/15/2022 11:00:00 PM,No Pedestrians Involved,Unknown,No Unusual Conditions,Unknown,Violation Driver 1,Controls Functioning,Other,Sideswipe,Non-Related,Parked Vehicle,Not Applicable,Not Applicable,West Of,,False,True,1320,ABORN RD,KETTMANN RD,37.31328893,-121.796141
7819,698837,CR-0000100120,1,0,0,0,23-356-0211,False,False,0,12/22/2023 8:42:00 AM,Crossing In Crosswalk - At Intersection,Dry,No Unusual Conditions,Daylight,Violation Driver 1,Controls Functioning,Clear,Vehicle/Pedestrian,Intersection,Pedestrian,South,North,At,PED,False,False,1320,ABORN RD,KETTMANN RD,37.31328893,-121.796141
7820,691131,CR-0000097327,0,0,0,0,23-037-9704,False,True,,2/2/2023 3:15:00 PM,No Pedestrians Involved,Unknown,No Unusual Conditions,Daylight,Unknown,Controls Functioning,Cloudy,Sideswipe,Related,Other Vehicle,Not Applicable,Not Applicable,Unknown,,False,False,1320,ABORN RD,KETTMANN RD,37.31328893,-121.796141
7821,690730,CR-0000096867,1,0,0,0,23-039-0250,False,False,0,2/8/2023 8:50:00 AM,No Pedestrians Involved,Dry,No Unusual Conditions,Daylight,Unknown,Controls Functioning,Clear,Vehicle/Bike,Intersection,Bike,Not Applicable,Not Applicable,At,BIKE,False,True,1320,ABORN RD,KETTMANN RD,37.31328893,-121.796141
7822,681526,CR-0000090922,0,0,0,0,22-037-9702,False,True,241,2/6/2022 12:49:00 PM,No Pedestrians Involved,Dry,No Unusual Conditions,Daylight,Unknown,Unknown,Clear,Sideswipe,Non-Related,Parked Vehicle,Not Applicable,Not Applicable,West Of,,False,False,53404,EAGLEHURST DR,HURSTGLEN WY,37.30212688,-121.8023201
7823,682792,CR-0000092387,0,0,0,1,22-120-0683,False,False,260,4/30/2022 6:36:00 PM,Crossing - Not In Crosswalk,Dry,No Unusual Conditions,Daylight,Unknown,No Controls Present/Factor,Clear,Vehicle/Pedestrian,Non-Related,Pedestrian,Unknown,Unknown,North Of,PED (FATAL),False,False,32669,CAPITOL AV,SINCLAIR FR,37.39873895,-121.8749393
7824,699177,CR-0000100497,1,0,0,0,23-181-0443,False,False,0,6/30/2023 2:32:00 PM,No Pedestrians Involved,Dry,No Unusual Conditions,Daylight,Violation Driver 1,No Controls Present/Factor,Clear,Rear End,Intersection,Other Vehicle,Not Applicable,Not Applicable,At,,True,False,32669,CAPITOL AV,SINCLAIR FR,37.39873895,-121.8749393
7825,711902,CR-0000101110,0,0,0,0,23-298-4000,False,True,51,9/24/2023 6:35:00 AM,No Pedestrians Involved,Unknown,Unknown,Unknown,Unknown,Unknown,Unknown,Sideswipe,Non-Related,Other Vehicle,Not Applicable,Not Applicable,North Of,,False,False,32669,CAPITOL AV,SINCLAIR FR,37.39873895,-121.8749393
7826,711688,CR-0000101211,0,0,0,0,23-330-4003,False,True,51,11/26/2023 1:19:00 PM,No Pedestrians Involved,Unknown,Unknown,Unknown,Unknown,Unknown,Unknown,Rear End,Non-Related,Other Vehicle,Not Applicable,Not Applicable,North Of,,False,False,32669,CAPITOL AV,SINCLAIR FR,37.39873895,-121.8749393
7827,683374,CR-0000092965,0,0,0,0,22-178-0686,False,False,25,6/27/2022 5:00:00 PM,No Pedestrians Involved,Dry,No Unusual Conditions,Daylight,Violation Driver 1,Controls Functioning,Clear,Head On,Related,Parked Vehicle,Not Applicable,Not Applicable,South Of,,False,True,81388,LANAI AV,ORLEANS DR,37.32441251,-121.8328242
7828,696316,CR-0000099472,0,0,1,0,23-274-0128,False,False,27,10/1/2023 1:03:00 AM,In Road - Includes Shoulder,Dry,No Unusual Conditions,Dark - Street Light,Violation Driver 1,No Controls Present/Factor,Clear,Vehicle/Pedestrian,Related,Pedestrian,No Direction (Not Walking),No Direction (Not Walking),South Of,PED,False,True,81388,LANAI AV,ORLEANS DR,37.32441251,-121.8328242
7829,681788,CR-0000091188,0,0,0,0,22-058-0796,False,False,50,2/27/2022 8:00:00 PM,No Pedestrians Involved,Dry,No Unusual Conditions,Dark - Street Light,Violation Driver 1,No Controls Present/Factor,Clear,Rear End,Related,Parked Vehicle,Not Applicable,Not Applicable,North Of,,True,True,97855,ORLEANS DR,TAMPA WY,37.32584937,-121.8305519
7830,685077,CR-0000093754,1,1,0,0,22-219-0545,False,False,0,8/7/2022 3:26:00 PM,No Pedestrians Involved,Dry,No Unusual Conditions,Daylight,Violation Driver 1,No Controls Present/Factor,Clear,Rear End,Intersection,Other Vehicle,Not Applicable,Not Applicable,At,,True,False,75569,INTERBAY DR,WAVERLY AV,37.3300191,-121.8228733