_id,CrashFactId,Name,MinorInjuries,ModerateInjuries,SevereInjuries,FatalInjuries,TcrNumber,CityDamageFlag,ShortFormFlag,Distance,CrashDateTime,PedestrianAction,RoadwaySurface,RoadwayCondition,Lighting,PrimaryCollisionFactor,TrafficControl,Weather,CollisionType,ProximityToIntersection,VehicleInvolvedWith,PedestrianDirectionFrom,PedestrianDirectionTo,DirectionFromIntersection,Comment,SpeedingFlag,HitAndRunFlag,IntersectionNumber,AStreetName,BStreetName,Latitude,Longitude
7831,694579,CR-0000098603,1,0,0,0,23-184-0219,False,False,0,7/3/2023 8:05:00 AM,No Pedestrians Involved,Dry,No Unusual Conditions,Daylight,Violation Driver 1,Controls Functioning,Clear,Head On,Intersection,Non-Collision,Not Applicable,Not Applicable,At,,False,False,111430,TAMPA WY,WAVERLY AV,37.32528126,-121.8299884
7832,694040,CR-0000098197,2,0,0,0,23-143-0925,False,False,0,5/23/2023 8:45:00 PM,Crossing - Not In Crosswalk,Dry,Unknown,Dark - Street Light,Violation Driver 1,Controls Functioning,Clear,Vehicle/Pedestrian,Intersection,Pedestrian,East,West,At,PED(2),False,False,111430,TAMPA WY,WAVERLY AV,37.32528126,-121.8299884
7833,690577,CR-0000096698,2,0,0,0,23-026-0319,False,False,182,1/26/2023 11:16:00 AM,No Pedestrians Involved,Dry,No Unusual Conditions,Daylight,Violation Driver 1,No Controls Present/Factor,Clear,Broadside,Non-Related,Other Vehicle,Not Applicable,Not Applicable,East Of,,False,False,17820,BERTINI CT,MOORPARK AV,37.31593979,-121.967846
7834,712119,CR-0000101567,0,0,0,0,23-359-0439,False,False,125,12/25/2023 3:52:00 PM,No Pedestrians Involved,Dry,No Unusual Conditions,Dusk - Dawn,Violation Driver 1,Controls Functioning,Clear,Rear End,Non-Related,Parked Vehicle,Not Applicable,Not Applicable,West Of,,False,False,17820,BERTINI CT,MOORPARK AV,37.31593979,-121.967846
7835,716254,CR-0000102249,2,0,0,0,24-053-0253,False,False,0,2/22/2024 10:27:00 AM,No Pedestrians Involved,Dry,No Unusual Conditions,Daylight,Violation Driver 1,Controls Functioning,Clear,Broadside,Intersection,Other Vehicle,Not Applicable,Not Applicable,At,,False,False,93114,MOORPARK AV,REBECCA WY,37.31593348,-121.9697317
7836,689704,CR-0000095686,1,0,0,0,22-314-0742,False,False,785,11/10/2022 5:50:00 PM,Crossing - Not In Crosswalk,Dry,Unknown,Dark - Street Light,Pedestrian At Fault,No Controls Present/Factor,Clear,Vehicle/Pedestrian,Non-Related,Pedestrian,North,South,East Of,PED,False,False,93147,MOORPARK AV,SARATOGA AV,37.31589337,-121.9759443
7837,681673,CR-0000091070,0,0,0,0,22-069-4000,False,True,51,3/10/2022 1:45:00 PM,No Pedestrians Involved,Unknown,Unknown,Daylight,Unknown,Unknown,Unknown,Sideswipe,Non-Related,Other Vehicle,Not Applicable,Not Applicable,North Of,,False,False,93147,MOORPARK AV,SARATOGA AV,37.31589337,-121.9759443
7838,681257,CR-0000090643,0,0,0,0,22-007-0309,False,False,20,1/7/2022 11:40:00 AM,No Pedestrians Involved,Dry,No Unusual Conditions,Daylight,Violation Driver 1,Unknown,Clear,Rear End,Related,Other Vehicle,Not Applicable,Not Applicable,North Of,,True,False,93147,MOORPARK AV,SARATOGA AV,37.31589337,-121.9759443
7839,690388,CR-0000096484,0,0,0,0,22-092-9706,False,True,0,4/2/2022 9:53:00 AM,No Pedestrians Involved,Dry,No Unusual Conditions,Daylight,Unknown,Controls Functioning,Clear,Sideswipe,Intersection,Other Vehicle,Not Applicable,Not Applicable,At,,False,False,93147,MOORPARK AV,SARATOGA AV,37.31589337,-121.9759443
7840,682864,CR-0000092447,0,0,0,0,22-159-9708,False,True,0,6/6/2022 3:20:00 PM,No Pedestrians Involved,Dry,No Unusual Conditions,Daylight,Unknown,Controls Functioning,Clear,Sideswipe,Intersection,Other Vehicle,Not Applicable,Not Applicable,At,,False,False,93147,MOORPARK AV,SARATOGA AV,37.31589337,-121.9759443
7841,682690,CR-0000092266,1,0,0,0,22-146-0790,False,False,0,5/26/2022 5:09:00 PM,No Pedestrians Involved,Dry,No Unusual Conditions,Daylight,Violation Driver 1,Controls Functioning,Clear,Broadside,Intersection,Other Vehicle,Not Applicable,Not Applicable,At,,False,False,93147,MOORPARK AV,SARATOGA AV,37.31589337,-121.9759443
7842,682396,CR-0000091959,0,0,0,0,22-112-0438,False,False,0,4/22/2022 1:40:00 PM,No Pedestrians Involved,Dry,No Unusual Conditions,Daylight,Violation Driver 1,Controls Functioning,Clear,Sideswipe,Intersection,Other Vehicle,Not Applicable,Not Applicable,At,,False,True,93147,MOORPARK AV,SARATOGA AV,37.31589337,-121.9759443
7843,690521,CR-0000096656,0,0,0,0,22-354-4000,False,True,51,12/20/2022 1:43:00 PM,No Pedestrians Involved,Unknown,Unknown,Unknown,Unknown,Unknown,Unknown,Broadside,Non-Related,Other Vehicle,Not Applicable,Not Applicable,West Of,,False,False,93147,MOORPARK AV,SARATOGA AV,37.31589337,-121.9759443
7844,690479,CR-0000096589,0,0,0,0,22-347-9706,False,True,51,12/12/2022 5:35:00 PM,No Pedestrians Involved,Dry,No Unusual Conditions,Daylight,Unknown,No Controls Present/Factor,Clear,Sideswipe,Non-Related,Other Vehicle,Not Applicable,Not Applicable,Unknown,,False,False,93147,MOORPARK AV,SARATOGA AV,37.31589337,-121.9759443
7845,690153,CR-0000096241,0,0,0,0,22-322-9701,False,True,0,11/2/2022 7:58:00 AM,No Pedestrians Involved,Dry,No Unusual Conditions,Daylight,Unknown,Controls Functioning,Clear,Sideswipe,Intersection,Other Vehicle,Not Applicable,Not Applicable,At,,False,False,93147,MOORPARK AV,SARATOGA AV,37.31589337,-121.9759443
7846,691078,CR-0000097251,1,0,0,0,23-038-0552,False,False,533,2/7/2023 2:36:00 PM,No Pedestrians Involved,Dry,No Unusual Conditions,Daylight,Violation Driver 1,No Controls Present/Factor,Clear,Vehicle/Bike,Non-Related,Bike,Not Applicable,Not Applicable,East Of,BIKE,False,False,93147,MOORPARK AV,SARATOGA AV,37.31589337,-121.9759443
7847,694606,CR-0000098639,1,0,0,0,23-205-0012,False,False,0,7/24/2023 12:24:00 AM,No Pedestrians Involved,Dry,No Unusual Conditions,Dark - Street Light,Violation Driver 1,Controls Functioning,Clear,Sideswipe,Intersection,Other Vehicle,Not Applicable,Not Applicable,At,,False,False,93147,MOORPARK AV,SARATOGA AV,37.31589337,-121.9759443
7848,696385,CR-0000099543,0,0,0,0,23-139-4007,False,True,,5/19/2023 4:30:00 PM,No Pedestrians Involved,Unknown,Unknown,Unknown,Unknown,Unknown,Unknown,Sideswipe,Related,Other Vehicle,Not Applicable,Not Applicable,North Of,,False,False,93147,MOORPARK AV,SARATOGA AV,37.31589337,-121.9759443
7849,699139,CR-0000100455,0,0,0,0,23-160-0822,False,False,20,6/9/2023 9:39:00 PM,No Pedestrians Involved,Dry,No Unusual Conditions,Dark - Street Light,Violation Driver 1,Controls Functioning,Clear,Rear End,Related,Other Vehicle,Not Applicable,Not Applicable,South Of,,False,True,93147,MOORPARK AV,SARATOGA AV,37.31589337,-121.9759443
7850,699255,CR-0000100577,0,0,0,0,23-164-9707,False,True,0,6/12/2023 8:00:00 PM,No Pedestrians Involved,Dry,No Unusual Conditions,Daylight,Unknown,Controls Functioning,Clear,Rear End,Intersection,Other Vehicle,Not Applicable,Not Applicable,At,,False,False,93147,MOORPARK AV,SARATOGA AV,37.31589337,-121.9759443
7851,698779,CR-0000100060,0,1,0,0,23-342-0208,False,False,81,12/8/2023 7:40:00 AM,No Pedestrians Involved,Wet,No Unusual Conditions,Daylight,Violation Driver 1,No Controls Present/Factor,Clear,Rear End,Non-Related,Other Vehicle,Not Applicable,Not Applicable,South Of,,True,False,93147,MOORPARK AV,SARATOGA AV,37.31589337,-121.9759443
7852,698660,CR-0000099886,1,0,0,0,23-224-0706,False,False,,8/12/2023 7:11:00 PM,No Pedestrians Involved,Dry,No Unusual Conditions,Daylight,Violation Driver 1,Controls Functioning,Clear,Rear End,Related,Other Vehicle,Not Applicable,Not Applicable,South Of,,False,False,93147,MOORPARK AV,SARATOGA AV,37.31589337,-121.9759443
7853,698661,CR-0000099887,0,1,0,0,23-224-0823,False,False,0,8/12/2023 9:16:00 PM,No Pedestrians Involved,Dry,No Unusual Conditions,Dark - Street Light,Bike At Fault,Controls Functioning,Clear,Vehicle/Bike,Intersection,Bike,Not Applicable,Not Applicable,At,BIKE,False,False,93147,MOORPARK AV,SARATOGA AV,37.31589337,-121.9759443
7854,719623,CR-0000102782,0,0,0,0,23-078-4005,False,True,51,3/19/2023 3:25:00 PM,No Pedestrians Involved,Unknown,Unknown,Unknown,Unknown,Unknown,Unknown,Broadside,Non-Related,Other Vehicle,Not Applicable,Not Applicable,Unknown,,False,False,93147,MOORPARK AV,SARATOGA AV,37.31589337,-121.9759443
7855,719830,CR-0000103003,0,0,0,0,24-038-0160,False,False,20,2/7/2024 7:54:00 AM,No Pedestrians Involved,Wet,No Unusual Conditions,Daylight,Violation Driver 1,Controls Functioning,Cloudy,Sideswipe,Related,Other Vehicle,Not Applicable,Not Applicable,South Of,,False,False,93147,MOORPARK AV,SARATOGA AV,37.31589337,-121.9759443
7856,719565,CR-0000102712,1,0,0,0,24-064-0476,False,False,0,3/4/2024 1:37:00 PM,No Pedestrians Involved,Wet,No Unusual Conditions,Daylight,Violation Driver 1,No Controls Present/Factor,Clear,Sideswipe,Intersection,Other Vehicle,Not Applicable,Not Applicable,At,,False,False,93147,MOORPARK AV,SARATOGA AV,37.31589337,-121.9759443
7857,715857,CR-0000101974,0,1,0,0,24-004-0551,True,False,45,1/4/2024 3:41:00 PM,No Pedestrians Involved,Dry,No Unusual Conditions,Daylight,Violation Driver 1,Controls Functioning,Clear,Broadside,Related,Fixed Object,Not Applicable,Not Applicable,West Of,"TREE, ELECTRIC POLE",False,False,93147,MOORPARK AV,SARATOGA AV,37.31589337,-121.9759443
7858,711656,CR-0000100977,0,0,0,0,23-244-4005,False,True,51,9/1/2023 12:40:00 PM,No Pedestrians Involved,Unknown,Unknown,Unknown,Unknown,Unknown,Unknown,Rear End,Non-Related,Other Vehicle,Not Applicable,Not Applicable,North Of,,False,False,93147,MOORPARK AV,SARATOGA AV,37.31589337,-121.9759443
7859,711553,CR-0000101478,0,0,0,0,23-255-4002,False,True,51,9/11/2023 6:23:00 PM,No Pedestrians Involved,Unknown,Unknown,Unknown,Unknown,Unknown,Unknown,Rear End,Non-Related,Other Vehicle,Not Applicable,Not Applicable,Unknown,,False,False,93147,MOORPARK AV,SARATOGA AV,37.31589337,-121.9759443
7860,711972,CR-0000100944,0,0,0,0,23-204-9703,False,True,0,7/21/2023 8:00:00 PM,No Pedestrians Involved,Dry,No Unusual Conditions,Daylight,Unknown,Controls Functioning,Clear,Rear End,Intersection,Other Vehicle,Not Applicable,Not Applicable,At,,False,False,93147,MOORPARK AV,SARATOGA AV,37.31589337,-121.9759443
7861,711854,CR-0000101310,1,0,0,1,24-054-0713,False,False,28,2/23/2024 7:30:00 PM,No Pedestrians Involved,Dry,No Unusual Conditions,Dark - Street Light,Violation Driver 1,Controls Functioning,Clear,Rear End,Related,Other Vehicle,Not Applicable,Not Applicable,South Of,,True,False,93147,MOORPARK AV,SARATOGA AV,37.31589337,-121.9759443
7862,689527,CR-0000095504,0,0,0,0,22-355-0744,False,False,277,12/21/2022 8:18:00 PM,No Pedestrians Involved,Dry,No Unusual Conditions,Dark - Street Light,Violation Driver 1,No Controls Present/Factor,Clear,Rear End,Non-Related,Other Vehicle,Not Applicable,Not Applicable,South Of,,True,True,22813,BOYNTON AV,KIELY BL,37.32013881,-121.9660954
7863,685117,CR-0000093790,0,1,0,0,22-233-0707,False,False,330,8/21/2022 6:01:00 PM,No Pedestrians Involved,Dry,No Unusual Conditions,Daylight,Violation Driver 1,No Controls Present/Factor,Clear,Overturned,Non-Related,Parked Vehicle,Not Applicable,Not Applicable,South Of,,False,False,96337,NORTHLAKE DR,STEVENS CREEK BL,37.32321275,-121.9684108
7864,683015,CR-0000092519,0,0,0,0,22-170-0227,False,False,108,6/19/2022 4:47:00 AM,No Pedestrians Involved,Wet,No Unusual Conditions,Daylight,Pedestrian At Fault,Controls Functioning,Clear,Other,Non-Related,Parked Vehicle,Not Applicable,Not Applicable,West Of,,False,True,96337,NORTHLAKE DR,STEVENS CREEK BL,37.32321275,-121.9684108
7865,683533,CR-0000093131,0,0,0,0,22-205-0244,False,False,106,7/24/2022 5:30:00 AM,No Pedestrians Involved,Dry,No Unusual Conditions,Dusk - Dawn,Violation Driver 1,No Controls Present/Factor,Clear,Sideswipe,Non-Related,Other Vehicle,Not Applicable,Not Applicable,South Of,,False,False,96337,NORTHLAKE DR,STEVENS CREEK BL,37.32321275,-121.9684108
7866,695961,CR-0000099094,0,0,0,0,23-223-0790,False,False,0,8/11/2023 7:40:00 PM,No Pedestrians Involved,Dry,No Unusual Conditions,Daylight,Violation Driver 1,No Controls Present/Factor,Clear,Broadside,Intersection,Other Vehicle,Not Applicable,Not Applicable,At,,False,True,96337,NORTHLAKE DR,STEVENS CREEK BL,37.32321275,-121.9684108
7867,722072,CR-0000103326,0,0,0,0,24-063-0623,True,False,120,3/3/2024 6:29:00 PM,No Pedestrians Involved,Dry,No Unusual Conditions,Dark - Street Light,Violation Driver 1,Controls Functioning,Cloudy,Hit Object,Non-Related,Fixed Object,Not Applicable,Not Applicable,North Of,SIGN,False,False,10427,AUTUMNVALE DR,CAPITOL AV,37.40482835,-121.8845326
7868,720831,CR-0000103034,0,1,0,0,24-042-0014,False,False,300,2/11/2024 12:19:00 AM,No Pedestrians Involved,Dry,No Unusual Conditions,Dark - Street Light,Violation Driver 1,No Controls Present/Factor,Clear,Broadside,Non-Related,Parked Vehicle,Not Applicable,Not Applicable,West Of,,False,False,81311,LAKEWOOD DR,SHADOWVALE WY,37.40525144,-121.8814037
7869,683499,CR-0000093096,0,0,0,0,22-193-0778,False,False,406,7/12/2022 6:07:00 PM,No Pedestrians Involved,Dry,No Unusual Conditions,Daylight,Violation Driver 1,Unknown,Clear,Sideswipe,Non-Related,Parked Vehicle,Not Applicable,Not Applicable,North Of,,False,True,67517,GOLDENTREE DR,HOSTETTER RD,37.39161698,-121.8785488
7870,682453,CR-0000092017,1,0,0,0,22-117-0494,False,False,16,4/27/2022 1:57:00 PM,No Pedestrians Involved,Dry,No Unusual Conditions,Daylight,Violation Driver 1,No Controls Present/Factor,Clear,Hit Object,Related,Fixed Object,Not Applicable,Not Applicable,East Of,TREE,True,False,67517,GOLDENTREE DR,HOSTETTER RD,37.39161698,-121.8785488
7871,722131,CR-0000103396,0,0,0,0,24-071-0453,False,False,84,3/11/2024 12:40:00 PM,No Pedestrians Involved,Dry,Obstruction On Roadway,Daylight,Violation Driver 1,No Controls Present/Factor,Clear,Sideswipe,Non-Related,Parked Vehicle,Not Applicable,Not Applicable,South Of,,False,False,75448,INDUSTRIAL AV,KINGS ROW,37.37107379,-121.9004277
7872,699173,CR-0000100493,0,0,0,0,23-165-0420,True,False,33,6/14/2023 12:53:00 PM,No Pedestrians Involved,Dry,No Unusual Conditions,Daylight,Unknown,Controls Functioning,Clear,Hit Object,Related,Fixed Object,Not Applicable,Not Applicable,West Of,"LIGHT POLE
TREE",False,False,66197,GISH RD,OAKLAND RD,37.37193045,-121.8936433
7873,717470,CR-0000102494,2,0,0,0,24-083-0400,False,False,0,3/23/2024 4:00:00 PM,No Pedestrians Involved,Dry,No Unusual Conditions,Daylight,Violation Driver 1,No Controls Present/Factor,Clear,Broadside,Intersection,Other Vehicle,Not Applicable,Not Applicable,At,,False,False,66197,GISH RD,OAKLAND RD,37.37193045,-121.8936433
7874,719628,CR-0000102787,0,0,0,0,24-004-0318,False,False,0,1/4/2024 11:42:00 AM,No Pedestrians Involved,Dry,Unknown,Daylight,Violation Driver 1,Controls Functioning,Clear,Broadside,Intersection,Other Vehicle,Not Applicable,Not Applicable,At,,False,False,66197,GISH RD,OAKLAND RD,37.37193045,-121.8936433
7875,712076,CR-0000101355,0,0,0,0,23-306-0172,False,False,195,11/2/2023 7:49:00 AM,No Pedestrians Involved,Dry,No Unusual Conditions,Daylight,Violation Driver 1,Controls Functioning,Clear,Broadside,Non-Related,Other Vehicle,Not Applicable,Not Applicable,South Of,,False,False,66197,GISH RD,OAKLAND RD,37.37193045,-121.8936433
7876,722258,CR-0000103525,0,0,0,0,24-085-4003,False,True,0,3/24/2024 4:40:00 PM,No Pedestrians Involved,Unknown,Unknown,Unknown,Unknown,Unknown,Unknown,Other,Intersection,Unknown,Not Applicable,Not Applicable,At,,False,False,66197,GISH RD,OAKLAND RD,37.37193045,-121.8936433
7877,722492,CR-0000103797,0,0,0,0,24-107-4000,False,True,51,4/15/2024 7:53:00 AM,No Pedestrians Involved,Unknown,Unknown,Unknown,Unknown,Unknown,Unknown,Other,Non-Related,Other Vehicle,Not Applicable,Not Applicable,South Of,,False,False,66197,GISH RD,OAKLAND RD,37.37193045,-121.8936433
7878,682848,CR-0000092431,0,0,0,0,22-161-0194,False,False,0,6/10/2022 7:35:00 AM,No Pedestrians Involved,Dry,No Unusual Conditions,Daylight,Violation Driver 1,Controls Functioning,Clear,Head On,Intersection,Other Vehicle,Not Applicable,Not Applicable,At,,False,False,16829,BERGER DR,OAKLAND RD,37.37381539,-121.894378
7879,685050,CR-0000093734,1,0,0,0,22-213-0395,False,False,0,8/1/2022 11:45:00 AM,No Pedestrians Involved,Dry,No Unusual Conditions,Daylight,Violation Driver 1,Controls Not Functioning,Clear,Broadside,Intersection,Other Vehicle,Not Applicable,Not Applicable,At,,False,False,16829,BERGER DR,OAKLAND RD,37.37381539,-121.894378
7880,690516,CR-0000096627,0,0,0,1,23-155-0534,False,False,35,6/4/2023 3:32:00 PM,No Pedestrians Involved,Dry,No Unusual Conditions,Daylight,Violation Driver 1,Controls Functioning,Clear,Rear End,Related,Parked Vehicle,Not Applicable,Not Applicable,North Of,MC,True,False,16829,BERGER DR,OAKLAND RD,37.37381539,-121.894378
7881,690318,CR-0000096412,0,0,0,0,22-241-9705,False,True,0,8/29/2022 5:30:00 AM,No Pedestrians Involved,Dry,No Unusual Conditions,Dusk - Dawn,Unknown,Controls Functioning,Clear,Broadside,Intersection,Other Vehicle,Not Applicable,Not Applicable,At,,False,True,16829,BERGER DR,OAKLAND RD,37.37381539,-121.894378
7882,685034,CR-0000093680,0,0,0,0,22-216-9702,False,False,,7/27/2022 1:00:00 PM,No Pedestrians Involved,Dry,No Unusual Conditions,Daylight,Unknown,Controls Functioning,Clear,Rear End,Related,Other Vehicle,Not Applicable,Not Applicable,West Of,,False,False,115026,BROKAW RD,RIDDER PARK DR,37.38227271,-121.9005933
7883,685214,CR-0000093893,1,0,0,0,22-260-0166,False,False,0,9/17/2022 6:59:00 AM,No Pedestrians Involved,Dry,No Unusual Conditions,Daylight,Violation Driver 1,Controls Functioning,Clear,Broadside,Intersection,Other Vehicle,Not Applicable,Not Applicable,At,,False,True,115026,BROKAW RD,RIDDER PARK DR,37.38227271,-121.9005933
7884,690881,CR-0000097025,0,0,0,0,23-009-9702,False,True,51,1/1/2023 3:24:00 PM,No Pedestrians Involved,Dry,No Unusual Conditions,Daylight,Unknown,Controls Functioning,Clear,Sideswipe,Non-Related,Other Vehicle,Not Applicable,Not Applicable,West Of,,False,False,115026,BROKAW RD,RIDDER PARK DR,37.38227271,-121.9005933
7885,699220,CR-0000100541,0,0,0,0,23-174-9706,False,True,51,6/23/2023 9:15:00 AM,No Pedestrians Involved,Dry,No Unusual Conditions,Daylight,Unknown,Controls Functioning,Clear,Sideswipe,Non-Related,Other Vehicle,Not Applicable,Not Applicable,West Of,,False,False,115026,BROKAW RD,RIDDER PARK DR,37.38227271,-121.9005933
7886,699221,CR-0000100542,0,0,0,0,23-174-9704,False,True,0,6/9/2023 4:30:00 PM,No Pedestrians Involved,Wet,No Unusual Conditions,Daylight,Unknown,Controls Functioning,Clear,Rear End,Intersection,Other Vehicle,Not Applicable,Not Applicable,At,,False,False,115026,BROKAW RD,RIDDER PARK DR,37.38227271,-121.9005933
7887,696103,CR-0000099241,0,0,0,0,23-221-0037,False,False,0,8/9/2023 12:45:00 AM,No Pedestrians Involved,Dry,No Unusual Conditions,Dark - Street Light,Violation Driver 1,Controls Functioning,Clear,Rear End,Intersection,Other Vehicle,Not Applicable,Not Applicable,At,,False,True,115026,BROKAW RD,RIDDER PARK DR,37.38227271,-121.9005933
7888,722510,CR-0000103824,0,0,0,0,24-109-4000,False,True,51,4/17/2024 4:30:00 PM,No Pedestrians Involved,Unknown,Unknown,Unknown,Unknown,Unknown,Unknown,Hit Object,Non-Related,Fixed Object,Not Applicable,Not Applicable,North Of,CURB,False,False,115026,BROKAW RD,RIDDER PARK DR,37.38227271,-121.9005933
7889,722302,CR-0000103596,0,0,0,0,24-089-4003,False,True,51,3/28/2024 11:06:00 AM,No Pedestrians Involved,Unknown,Unknown,Unknown,Unknown,Unknown,Unknown,Sideswipe,Non-Related,Other Vehicle,Not Applicable,Not Applicable,West Of,,False,False,115026,BROKAW RD,RIDDER PARK DR,37.38227271,-121.9005933
7890,712172,CR-0000101603,0,0,0,0,23-353-4010,False,True,51,11/11/2023 8:45:00 AM,No Pedestrians Involved,Unknown,Unknown,Unknown,Unknown,Unknown,Unknown,Rear End,Non-Related,Other Vehicle,Not Applicable,Not Applicable,West Of,,False,False,115026,BROKAW RD,RIDDER PARK DR,37.38227271,-121.9005933
7891,719650,CR-0000102821,0,0,0,0,24-005-4002,False,True,51,1/5/2024 2:05:00 PM,No Pedestrians Involved,Unknown,Unknown,Unknown,Unknown,Unknown,Unknown,Other,Non-Related,Other Vehicle,Not Applicable,Not Applicable,East Of,,False,False,115026,BROKAW RD,RIDDER PARK DR,37.38227271,-121.9005933
7892,717407,CR-0000102419,0,0,0,0,23-048-4002,False,True,0,2/2/2023 4:30:00 PM,No Pedestrians Involved,Unknown,Unknown,Unknown,Unknown,Unknown,Unknown,Rear End,Intersection,Other Vehicle,Not Applicable,Not Applicable,At,,False,False,115026,BROKAW RD,RIDDER PARK DR,37.38227271,-121.9005933
7893,719572,CR-0000102719,2,0,0,0,24-078-9707,False,True,,3/18/2024 10:40:00 AM,No Pedestrians Involved,Dry,No Unusual Conditions,Daylight,Unknown,Controls Functioning,Clear,Rear End,Related,Other Vehicle,Not Applicable,Not Applicable,Unknown,,False,False,115026,BROKAW RD,RIDDER PARK DR,37.38227271,-121.9005933
7894,682938,CR-0000092527,0,0,0,0,22-162-0181,True,False,575,6/11/2022 4:03:00 AM,No Pedestrians Involved,Dry,No Unusual Conditions,Dark - Street Light,Violation Driver 1,Controls Functioning,Clear,Overturned,Non-Related,Fixed Object,Not Applicable,Not Applicable,West Of,TREE,True,False,42690,CONCOURSE DR,LUNDY AV,37.39705694,-121.8909341
7895,689954,CR-0000095946,0,0,1,0,22-903-0003,False,False,0,4/2/2022 11:38:00 PM,In Road - Includes Shoulder,Dry,No Unusual Conditions,Dark - Street Light,Violation Driver 1,Controls Functioning,Clear,Vehicle/Pedestrian,Intersection,Pedestrian,North,South,At,PEDESTRIAN,False,True,42690,CONCOURSE DR,LUNDY AV,37.39705694,-121.8909341
7896,683193,CR-0000092780,0,0,1,0,22-093-0003,False,False,0,4/2/2022 11:38:00 PM,In Road - Includes Shoulder,Dry,No Unusual Conditions,Dark - Street Light,Violation Driver 1,Controls Functioning,Clear,Vehicle/Pedestrian,Intersection,Pedestrian,North,South,At,PED,False,True,42690,CONCOURSE DR,LUNDY AV,37.39705694,-121.8909341
7897,682496,CR-0000092063,0,0,1,0,22-092-0978,False,False,255,4/2/2022 11:42:00 PM,In Road - Includes Shoulder,Dry,No Unusual Conditions,Dark - No Street Light,Violation Driver 1,No Controls Present/Factor,Clear,Vehicle/Pedestrian,Non-Related,Pedestrian,Unknown,Unknown,West Of,PED,True,True,42690,CONCOURSE DR,LUNDY AV,37.39705694,-121.8909341
7898,696334,CR-0000099490,0,0,1,0,23-295-0673,False,False,0,10/22/2023 3:00:00 AM,In Road - Includes Shoulder,Dry,No Unusual Conditions,Dark - Street Light,Violation Driver 1,Controls Functioning,Clear,Vehicle/Pedestrian,Intersection,Pedestrian,No Direction (Not Walking),No Direction (Not Walking),At,PED,False,True,42690,CONCOURSE DR,LUNDY AV,37.39705694,-121.8909341
7899,687462,CR-0000094241,0,2,0,0,22-255-0302,False,False,254,9/12/2022 9:51:00 AM,Crossing - Not In Crosswalk,Dry,No Unusual Conditions,Daylight,Pedestrian At Fault,No Controls Present/Factor,Clear,Vehicle/Pedestrian,Non-Related,Pedestrian,East,West,North Of,PED,False,False,116885,BERRYESSA RD,SIERRA RD,37.36939552,-121.879355
7900,689396,CR-0000095346,1,0,0,0,22-332-0367,False,False,312,11/28/2022 11:58:00 AM,No Pedestrians Involved,Dry,No Unusual Conditions,Daylight,Violation Driver 1,No Controls Present/Factor,Clear,Broadside,Non-Related,Other Vehicle,Not Applicable,Not Applicable,North Of,,False,False,116885,BERRYESSA RD,SIERRA RD,37.36939552,-121.879355
7901,698711,CR-0000099960,0,0,0,0,23-147-0942,False,False,288,5/27/2023 10:15:00 PM,No Pedestrians Involved,Dry,No Unusual Conditions,Dark - Street Light,Violation Driver 1,Controls Functioning,Clear,Broadside,Non-Related,Other Vehicle,Not Applicable,Not Applicable,North Of,,False,False,116885,BERRYESSA RD,SIERRA RD,37.36939552,-121.879355
7902,698778,CR-0000100059,1,1,0,0,23-339-0782,False,False,26,12/5/2023 8:10:00 PM,No Pedestrians Involved,Dry,No Unusual Conditions,Dark - Street Light,Violation Driver 1,Unknown,Clear,Rear End,Related,Other Vehicle,Not Applicable,Not Applicable,West Of,,True,False,116885,BERRYESSA RD,SIERRA RD,37.36939552,-121.879355
7903,711722,CR-0000100993,0,0,0,0,23-263-0372,False,False,0,9/20/2023 11:46:00 AM,No Pedestrians Involved,Dry,No Unusual Conditions,Daylight,Violation Driver 1,Controls Functioning,Clear,Sideswipe,Intersection,Motorcycle,Not Applicable,Not Applicable,At,,False,False,116885,BERRYESSA RD,SIERRA RD,37.36939552,-121.879355
7904,722252,CR-0000103519,0,0,0,0,24-084-0319,False,False,51,3/24/2024 11:05:00 AM,No Pedestrians Involved,Dry,No Unusual Conditions,Daylight,Violation Driver 1,Unknown,Clear,Rear End,Non-Related,Other Vehicle,Not Applicable,Not Applicable,West Of,,True,True,116885,BERRYESSA RD,SIERRA RD,37.36939552,-121.879355
7905,722489,CR-0000103810,0,1,0,0,24-108-0583,False,False,0,4/17/2024 4:05:00 PM,No Pedestrians Involved,Dry,No Unusual Conditions,Daylight,Violation Driver 1,No Controls Present/Factor,Clear,Vehicle/Bike,Intersection,Bike,Not Applicable,Not Applicable,At,BIKE,False,False,116885,BERRYESSA RD,SIERRA RD,37.36939552,-121.879355
7906,685413,CR-0000094148,0,0,0,0,22-262-0189,False,False,455,9/19/2022 6:40:00 AM,No Pedestrians Involved,Dry,No Unusual Conditions,Dusk - Dawn,Violation Driver 1,No Controls Present/Factor,Other,Head On,Non-Related,Parked Vehicle,Not Applicable,Not Applicable,North Of,,True,True,67990,GRANDBROOK WY,YERBA BUENA RD,37.28970655,-121.8191235
7907,696096,CR-0000099234,0,0,1,0,23-184-0387,False,False,0,7/3/2023 11:15:00 AM,No Pedestrians Involved,Dry,No Unusual Conditions,Daylight,Violation Driver 1,No Controls Present/Factor,Clear,Hit Object,Intersection,Fixed Object,Not Applicable,Not Applicable,At,CURB,False,False,67990,GRANDBROOK WY,YERBA BUENA RD,37.28970655,-121.8191235