_id,CrashFactId,Name,MinorInjuries,ModerateInjuries,SevereInjuries,FatalInjuries,TcrNumber,CityDamageFlag,ShortFormFlag,Distance,CrashDateTime,PedestrianAction,RoadwaySurface,RoadwayCondition,Lighting,PrimaryCollisionFactor,TrafficControl,Weather,CollisionType,ProximityToIntersection,VehicleInvolvedWith,PedestrianDirectionFrom,PedestrianDirectionTo,DirectionFromIntersection,Comment,SpeedingFlag,HitAndRunFlag,IntersectionNumber,AStreetName,BStreetName,Latitude,Longitude
7908,692369,CR-0000097651,0,0,0,0,23-065-0440,False,False,114,3/6/2023 2:00:00 PM,No Pedestrians Involved,Wet,No Unusual Conditions,Daylight,Violation Driver 1,No Controls Present/Factor,Cloudy,Hit Object,Non-Related,Fixed Object,Not Applicable,Not Applicable,North Of,Tree,True,False,67990,GRANDBROOK WY,YERBA BUENA RD,37.28970655,-121.8191235
7909,712257,CR-0000101712,0,0,0,0,23-017-4006,False,True,51,1/17/2023 8:51:00 AM,No Pedestrians Involved,Unknown,Unknown,Unknown,Unknown,Unknown,Unknown,Other,Non-Related,Other Vehicle,Not Applicable,Not Applicable,North Of,,False,False,67990,GRANDBROOK WY,YERBA BUENA RD,37.28970655,-121.8191235
7910,692575,CR-0000097866,0,0,0,0,23-055-0694,True,False,0,2/24/2023 5:11:00 PM,No Pedestrians Involved,Dry,No Unusual Conditions,Daylight,Violation Driver 1,No Controls Present/Factor,Clear,Head On,Intersection,Other Vehicle,Not Applicable,Not Applicable,At,CITY VEHICLE,True,False,131317,MERION DR,SAWGRASS DR,37.34520053,-121.8521786
7911,688979,CR-0000094838,0,0,0,0,22-287-0012,False,False,0,10/13/2022 8:30:00 PM,No Pedestrians Involved,Dry,Loose Material On Roadway,Dark - Street Light,Unknown,Controls Functioning,Clear,Other,Intersection,Non-Collision,Not Applicable,Not Applicable,At,,False,False,71543,HEDDING ST,SAN PEDRO ST,37.35224,-121.9056783
7912,689933,CR-0000095954,1,0,0,0,22-113-9803,False,False,437,3/23/2022 10:48:00 PM,No Pedestrians Involved,Dry,No Unusual Conditions,Dark - Street Light,Violation Driver 1,Controls Functioning,Clear,Rear End,Non-Related,Other Vehicle,Not Applicable,Not Applicable,West Of,ON-DUTY EMERGENCY VEHICLE,True,True,71543,HEDDING ST,SAN PEDRO ST,37.35224,-121.9056783
7913,691167,CR-0000097369,1,0,0,0,23-037-0187,False,False,84,2/6/2023 8:02:00 AM,No Pedestrians Involved,Dry,No Unusual Conditions,Daylight,Violation Driver 1,No Controls Present/Factor,Clear,Sideswipe,Non-Related,Parked Vehicle,Not Applicable,Not Applicable,South Of,,False,False,71543,HEDDING ST,SAN PEDRO ST,37.35224,-121.9056783
7914,719726,CR-0000102898,0,0,0,0,24-015-4001,False,True,51,1/11/2024 7:20:00 PM,No Pedestrians Involved,Unknown,Unknown,Unknown,Unknown,Unknown,Unknown,Sideswipe,Non-Related,Other Vehicle,Not Applicable,Not Applicable,Unknown,,False,False,71543,HEDDING ST,SAN PEDRO ST,37.35224,-121.9056783
7915,687486,CR-0000094274,0,0,0,0,22-257-0065,True,False,229,9/14/2022 2:24:00 AM,No Pedestrians Involved,Dry,No Unusual Conditions,Dark - Street Light,Violation Driver 1,No Controls Present/Factor,Clear,Sideswipe,Non-Related,Other Vehicle,Not Applicable,Not Applicable,South Of,TREE,True,True,56803,EMPIRE ST,FIFTEENTH ST,37.35160946,-121.8826873
7916,690400,CR-0000096496,0,0,0,0,22-279-9704,False,True,51,10/6/2022 9:23:00 AM,No Pedestrians Involved,Dry,No Unusual Conditions,Daylight,Unknown,No Controls Present/Factor,Clear,Sideswipe,Non-Related,Parked Vehicle,Not Applicable,Not Applicable,North Of,,False,True,56803,EMPIRE ST,FIFTEENTH ST,37.35160946,-121.8826873
7917,711601,CR-0000101573,0,0,0,0,23-358-4000,False,True,51,12/24/2023 9:51:00 AM,No Pedestrians Involved,Unknown,Unknown,Unknown,Unknown,Unknown,Unknown,Sideswipe,Non-Related,Parked Vehicle,Not Applicable,Not Applicable,South Of,,False,False,56803,EMPIRE ST,FIFTEENTH ST,37.35160946,-121.8826873
7918,711968,CR-0000101506,0,0,0,0,23-270-4000,False,True,51,9/26/2023 10:30:00 PM,No Pedestrians Involved,Unknown,Unknown,Unknown,Unknown,Unknown,Unknown,Other,Non-Related,Parked Vehicle,Not Applicable,Not Applicable,South Of,,False,False,56803,EMPIRE ST,FIFTEENTH ST,37.35160946,-121.8826873
7919,682614,CR-0000092181,0,0,0,0,22-126-4000,False,True,,5/5/2022 10:40:00 PM,No Pedestrians Involved,Unknown,Unknown,Unknown,Unknown,Unknown,Unknown,Vehicle/Bike,Related,Scooter Motorized,Not Applicable,Not Applicable,Unknown,E. Scooter,False,False,56913,EMPIRE ST,SIXTEENTH ST,37.352049,-121.8817501
7920,722144,CR-0000103409,0,0,0,0,24-073-0115,False,False,47,3/13/2024 2:00:00 AM,No Pedestrians Involved,Unknown,No Unusual Conditions,Unknown,Unknown,No Controls Present/Factor,Unknown,Rear End,Related,Parked Vehicle,Not Applicable,Not Applicable,North Of,,False,True,56913,EMPIRE ST,SIXTEENTH ST,37.352049,-121.8817501
7921,682709,CR-0000092288,0,0,1,0,22-150-0834,False,False,0,5/30/2022 7:52:00 PM,No Pedestrians Involved,Dry,No Unusual Conditions,Daylight,Violation Driver 1,Unknown,Clear,Vehicle/Bike,Intersection,Bike,Not Applicable,Not Applicable,At,BIKE,False,False,56968,EMPIRE ST,THIRTEENTH ST,37.35071797,-121.884553
7922,685361,CR-0000094087,1,0,0,0,22-269-0795,False,False,0,9/26/2022 7:43:00 PM,No Pedestrians Involved,Dry,Unknown,Dark - Street Light,Violation Driver 1,Controls Functioning,Clear,Sideswipe,Intersection,Other Vehicle,Not Applicable,Not Applicable,At,,True,False,56968,EMPIRE ST,THIRTEENTH ST,37.35071797,-121.884553
7923,722399,CR-0000103693,0,0,0,0,24-103-4004,False,True,51,4/7/2024 1:50:00 PM,No Pedestrians Involved,Unknown,Unknown,Unknown,Unknown,Unknown,Unknown,Sideswipe,Non-Related,Parked Vehicle,Not Applicable,Not Applicable,North Of,,False,False,76262,JACKSON ST,THIRTEENTH ST,37.35286026,-121.8861496
7924,695835,CR-0000098900,0,0,0,0,23-098-0405,False,False,150,4/7/2023 9:50:00 PM,No Pedestrians Involved,Dry,No Unusual Conditions,Dark - Street Light,Violation Driver 1,No Controls Present/Factor,Clear,Rear End,Non-Related,Parked Vehicle,Not Applicable,Not Applicable,South Of,,False,True,56979,EMPIRE ST,TWELFTH ST,37.35027572,-121.885487
7925,711959,CR-0000101432,0,0,0,0,23-354-0216,False,False,75,12/20/2023 8:42:00 AM,No Pedestrians Involved,Wet,Other,Daylight,Violation Driver 1,No Controls Present/Factor,Rain,Broadside,Non-Related,Other Vehicle,Not Applicable,Not Applicable,North Of,,False,False,55681,ELEVENTH ST,EMPIRE ST,37.34983208,-121.8864195
7926,712073,CR-0000101445,0,0,0,0,23-132-4003,False,True,0,5/12/2023 12:35:00 PM,No Pedestrians Involved,Unknown,Unknown,Unknown,Unknown,Unknown,Unknown,Broadside,Intersection,Other Vehicle,Not Applicable,Not Applicable,At,,False,True,54966,EIGHTH ST,WILLIAM ST,37.33210128,-121.8774887
7927,685133,CR-0000093806,1,0,0,0,22-235-0928,False,False,0,8/23/2022 6:54:00 PM,No Pedestrians Involved,Dry,No Unusual Conditions,Daylight,Violation Driver 1,Controls Functioning,Clear,Overturned,Intersection,Other Vehicle,Not Applicable,Not Applicable,At,,False,False,55945,ELEVENTH ST,WILLIAM ST,37.33360023,-121.8743296
7928,684847,CR-0000093499,0,0,0,0,22-193-4001,False,True,0,7/12/2022 1:15:00 PM,No Pedestrians Involved,Unknown,Unknown,Daylight,Unknown,Unknown,Unknown,Rear End,Intersection,Other Vehicle,Not Applicable,Not Applicable,At,,False,False,55945,ELEVENTH ST,WILLIAM ST,37.33360023,-121.8743296
7929,689219,CR-0000095165,0,0,0,0,22-280-0396,True,False,141,10/7/2022 11:24:00 AM,No Pedestrians Involved,Dry,No Unusual Conditions,Daylight,Violation Driver 1,No Controls Present/Factor,Clear,Sideswipe,Non-Related,Parked Vehicle,Not Applicable,Not Applicable,North Of,FIRE TRUCK,False,False,55945,ELEVENTH ST,WILLIAM ST,37.33360023,-121.8743296
7930,687616,CR-0000094409,1,0,0,0,22-271-0500,False,False,0,9/28/2022 1:51:00 PM,No Pedestrians Involved,Dry,No Unusual Conditions,Daylight,Unknown,Controls Functioning,Clear,Broadside,Intersection,Other Vehicle,Not Applicable,Not Applicable,At,,False,False,55945,ELEVENTH ST,WILLIAM ST,37.33360023,-121.8743296
7931,681764,CR-0000091164,0,0,0,0,22-058-0197,False,False,185,2/27/2022 4:58:00 AM,No Pedestrians Involved,Dry,No Unusual Conditions,Dark - Street Light,Violation Driver 1,Controls Functioning,Clear,Rear End,Non-Related,Other Vehicle,Not Applicable,Not Applicable,North Of,,True,True,55945,ELEVENTH ST,WILLIAM ST,37.33360023,-121.8743296
7932,695901,CR-0000099029,0,0,0,0,23-237-4000,False,True,0,8/25/2023 9:15:00 AM,No Pedestrians Involved,Unknown,Unknown,Unknown,Unknown,Unknown,Clear,Sideswipe,Intersection,Other Vehicle,Not Applicable,Not Applicable,At,,False,False,55945,ELEVENTH ST,WILLIAM ST,37.33360023,-121.8743296
7933,699239,CR-0000100561,0,0,0,0,23-169-4003,False,True,51,6/18/2023 6:00:00 PM,No Pedestrians Involved,Unknown,Unknown,Unknown,Unknown,Unknown,Unknown,Other,Non-Related,Parked Vehicle,Not Applicable,Not Applicable,South Of,,False,False,55945,ELEVENTH ST,WILLIAM ST,37.33360023,-121.8743296
7934,699264,CR-0000100587,0,0,0,0,23-169-4002,False,True,51,6/18/2023 6:00:00 PM,No Pedestrians Involved,Unknown,Unknown,Unknown,Unknown,Unknown,Unknown,Other,Non-Related,Parked Vehicle,Not Applicable,Not Applicable,South Of,,False,False,55945,ELEVENTH ST,WILLIAM ST,37.33360023,-121.8743296
7935,690589,CR-0000096710,1,0,0,0,23-031-0529,False,False,51,1/31/2023 2:15:00 PM,No Pedestrians Involved,Dry,No Unusual Conditions,Daylight,Violation Driver 1,Controls Functioning,Clear,Rear End,Non-Related,Other Vehicle,Not Applicable,Not Applicable,South Of,,False,True,55945,ELEVENTH ST,WILLIAM ST,37.33360023,-121.8743296
7936,690945,CR-0000097115,0,0,0,0,23-047-0944,False,False,,2/16/2023 10:48:00 PM,No Pedestrians Involved,Dry,Obstruction On Roadway,Dark - Street Light,Unknown,No Controls Present/Factor,Clear,Sideswipe,Related,Other Vehicle,Not Applicable,Not Applicable,East Of,,False,False,55945,ELEVENTH ST,WILLIAM ST,37.33360023,-121.8743296
7937,692514,CR-0000097804,1,0,0,0,23-072-0590,False,False,0,3/13/2023 2:49:00 PM,No Pedestrians Involved,Dry,No Unusual Conditions,Daylight,Violation Driver 1,Controls Functioning,Clear,Broadside,Intersection,Other Vehicle,Not Applicable,Not Applicable,East Of,,False,False,55945,ELEVENTH ST,WILLIAM ST,37.33360023,-121.8743296
7938,692388,CR-0000097671,0,0,0,0,23-074-4005,False,True,0,3/15/2023 7:40:00 PM,No Pedestrians Involved,Unknown,Unknown,Unknown,Unknown,Unknown,Unknown,Broadside,Intersection,Other Vehicle,Not Applicable,Not Applicable,At,,False,False,55945,ELEVENTH ST,WILLIAM ST,37.33360023,-121.8743296
7939,694108,CR-0000098072,1,0,0,0,23-077-0438,False,False,0,3/18/2023 3:08:00 PM,No Pedestrians Involved,Dry,No Unusual Conditions,Daylight,Violation Driver 1,Controls Functioning,Cloudy,Broadside,Intersection,Other Vehicle,Not Applicable,Not Applicable,At,,False,False,55945,ELEVENTH ST,WILLIAM ST,37.33360023,-121.8743296
7940,711976,CR-0000101271,0,0,0,0,23-293-9704,False,True,51,10/20/2023 10:10:00 AM,No Pedestrians Involved,Dry,No Unusual Conditions,Daylight,Unknown,Controls Functioning,Clear,Broadside,Non-Related,Other Vehicle,Not Applicable,Not Applicable,South Of,,False,False,55945,ELEVENTH ST,WILLIAM ST,37.33360023,-121.8743296
7941,711988,CR-0000100887,0,0,0,0,23-188-9711,False,True,51,7/7/2023 10:00:00 AM,No Pedestrians Involved,Dry,No Unusual Conditions,Daylight,Unknown,No Controls Present/Factor,Unknown,Sideswipe,Non-Related,Parked Vehicle,Not Applicable,Not Applicable,South Of,,False,False,55945,ELEVENTH ST,WILLIAM ST,37.33360023,-121.8743296
7942,719621,CR-0000102777,0,0,0,1,24-210-0191,False,False,295,7/28/2024 6:18:00 AM,In Road - Includes Shoulder,Dry,No Unusual Conditions,Daylight,Unknown,No Controls Present/Factor,Clear,Vehicle/Pedestrian,Non-Related,Pedestrian,No Direction (Not Walking),No Direction (Not Walking),North Of,PED,False,False,55945,ELEVENTH ST,WILLIAM ST,37.33360023,-121.8743296
7943,681967,CR-0000091476,0,1,0,0,22-060-0579,False,False,0,3/1/2022 3:16:00 PM,No Pedestrians Involved,Dry,No Unusual Conditions,Daylight,Violation Driver 1,No Controls Present/Factor,Clear,Broadside,Intersection,Other Vehicle,Not Applicable,Not Applicable,At,,False,False,95996,NINTH ST,WILLIAM ST,37.3326025,-121.8764332
7944,682946,CR-0000092544,0,0,0,0,22-171-0174,False,False,0,6/20/2022 6:31:00 AM,No Pedestrians Involved,Dry,No Unusual Conditions,Daylight,Violation Driver 1,No Controls Present/Factor,Clear,Broadside,Intersection,Other Vehicle,Not Applicable,Not Applicable,At,,False,True,95996,NINTH ST,WILLIAM ST,37.3326025,-121.8764332
7945,684849,CR-0000093503,1,0,0,0,22-196-0486,False,False,0,7/15/2022 2:38:00 PM,No Pedestrians Involved,Dry,No Unusual Conditions,Daylight,Violation Driver 1,No Controls Present/Factor,Clear,Broadside,Intersection,Other Vehicle,Not Applicable,Not Applicable,At,,False,False,95996,NINTH ST,WILLIAM ST,37.3326025,-121.8764332
7946,684790,CR-0000093357,0,0,0,0,22-182-0953,False,False,190,7/1/2022 10:13:00 PM,No Pedestrians Involved,Dry,No Unusual Conditions,Dark - Street Light,Violation Driver 1,Controls Functioning,Clear,Rear End,Non-Related,Parked Vehicle,Not Applicable,Not Applicable,North Of,,False,True,95996,NINTH ST,WILLIAM ST,37.3326025,-121.8764332
7947,698727,CR-0000099976,0,2,0,0,23-250-0789,False,False,0,9/7/2023 6:46:00 PM,No Pedestrians Involved,Dry,No Unusual Conditions,Daylight,Violation Driver 1,No Controls Present/Factor,Clear,Head On,Intersection,Other Vehicle,Not Applicable,Not Applicable,At,,False,True,95996,NINTH ST,WILLIAM ST,37.3326025,-121.8764332
7948,689055,CR-0000094905,0,0,0,0,22-287-0622,False,False,,10/14/2022 3:56:00 PM,No Pedestrians Involved,Dry,No Unusual Conditions,Daylight,Violation Driver 1,Controls Functioning,Clear,Rear End,Related,Other Vehicle,Not Applicable,Not Applicable,East Of,,False,True,107260,SANTA CLARA ST,TWENTY THIRD ST,37.34656253,-121.8686839
7949,715863,CR-0000101776,0,0,0,0,23-020-4000,False,False,0,1/19/2023 4:30:00 PM,No Pedestrians Involved,Unknown,Unknown,Unknown,Unknown,Unknown,Unknown,Sideswipe,Intersection,Other Vehicle,Not Applicable,Not Applicable,At,,False,False,76229,JACKSON ST,SIXTH ST,37.34947557,-121.8932813
7950,682774,CR-0000092353,0,0,0,0,22-140-0329,False,False,116,5/20/2022 10:07:00 AM,No Pedestrians Involved,Dry,Construction - Repair Zone,Daylight,Violation Driver 1,No Controls Present/Factor,Clear,Sideswipe,Non-Related,Parked Vehicle,Not Applicable,Not Applicable,North Of,,True,False,76196,JACKSON ST,SEVENTH ST,37.34997611,-121.8922258
7951,682593,CR-0000092160,0,0,0,0,22-123-0201,False,False,0,5/3/2022 9:00:00 AM,No Pedestrians Involved,Dry,No Unusual Conditions,Daylight,Violation Driver 1,Controls Functioning,Clear,Broadside,Intersection,Other Vehicle,Not Applicable,Not Applicable,At,,False,False,76196,JACKSON ST,SEVENTH ST,37.34997611,-121.8922258
7952,694799,CR-0000098837,1,0,0,0,23-214-0893,False,False,297,8/2/2023 8:54:00 PM,No Pedestrians Involved,Dry,No Unusual Conditions,Dark - Street Light,Violation Driver 1,No Controls Present/Factor,Clear,Broadside,Non-Related,Parked Vehicle,Not Applicable,Not Applicable,South Of,,False,False,76196,JACKSON ST,SEVENTH ST,37.34997611,-121.8922258
7953,722471,CR-0000103774,0,0,0,0,24-104-0792,False,False,361,4/13/2024 11:14:00 PM,No Pedestrians Involved,Wet,No Unusual Conditions,Dark - Street Light,Violation Driver 1,Unknown,Rain,Sideswipe,Non-Related,Parked Vehicle,Not Applicable,Not Applicable,South Of,,True,True,76196,JACKSON ST,SEVENTH ST,37.34997611,-121.8922258
7954,683235,CR-0000092874,0,0,0,0,22-154-4003,False,True,51,6/2/2022 2:25:00 PM,No Pedestrians Involved,Unknown,Unknown,Daylight,Unknown,Unknown,Unknown,Other,Non-Related,Parked Vehicle,Not Applicable,Not Applicable,South Of,,False,True,106370,SAN FERNANDO ST,THIRD ST,37.33531878,-121.8870865
7955,681679,CR-0000091076,0,0,0,0,22-076-4000,False,True,51,3/16/2022 12:00:00 PM,No Pedestrians Involved,Unknown,Unknown,Daylight,Unknown,Unknown,Unknown,Sideswipe,Non-Related,Parked Vehicle,Not Applicable,Not Applicable,North Of,,False,False,106370,SAN FERNANDO ST,THIRD ST,37.33531878,-121.8870865
7956,681937,CR-0000091443,1,0,0,0,22-046-0600,False,False,350,2/15/2022 2:43:00 PM,No Pedestrians Involved,Dry,No Unusual Conditions,Daylight,Unknown,Controls Functioning,Clear,Vehicle/Bike,Non-Related,Scooter Motorized,Not Applicable,Not Applicable,South Of,Scooter,False,False,106370,SAN FERNANDO ST,THIRD ST,37.33531878,-121.8870865
7957,688715,CR-0000094540,0,0,0,0,22-197-4000,False,True,,7/15/2022 10:18:00 AM,No Pedestrians Involved,Unknown,Unknown,Daylight,Unknown,Unknown,Unknown,Sideswipe,Related,Other Vehicle,Not Applicable,Not Applicable,South Of,,False,True,106370,SAN FERNANDO ST,THIRD ST,37.33531878,-121.8870865
7958,691235,CR-0000097460,0,0,0,0,23-053-4001,False,True,51,2/4/2023 7:00:00 PM,No Pedestrians Involved,Unknown,Unknown,Unknown,Unknown,Unknown,Unknown,Rear End,Non-Related,Parked Vehicle,Not Applicable,Not Applicable,North Of,,False,False,106370,SAN FERNANDO ST,THIRD ST,37.33531878,-121.8870865
7959,691339,CR-0000097586,1,0,0,0,23-077-0647,False,False,0,3/18/2023 7:22:00 PM,No Pedestrians Involved,Dry,No Unusual Conditions,Dark - Street Light,Unknown,Controls Functioning,Clear,Sideswipe,Intersection,Other Vehicle,Not Applicable,Not Applicable,At,Hydrant,False,True,106370,SAN FERNANDO ST,THIRD ST,37.33531878,-121.8870865
7960,690096,CR-0000096163,0,0,0,0,22-183-9701,False,True,51,7/2/2022 4:20:00 PM,No Pedestrians Involved,Dry,No Unusual Conditions,Daylight,Unknown,No Controls Present/Factor,Clear,Other,Non-Related,Parked Vehicle,Not Applicable,Not Applicable,West Of,,False,True,106370,SAN FERNANDO ST,THIRD ST,37.33531878,-121.8870865
7961,716095,CR-0000102061,0,1,0,0,24-019-0312,False,False,62,1/19/2024 10:47:00 AM,Crossing - Not In Crosswalk,Dry,No Unusual Conditions,Daylight,Pedestrian At Fault,Controls Functioning,Clear,Vehicle/Pedestrian,Non-Related,Pedestrian,North,South,East Of,PED,False,False,106370,SAN FERNANDO ST,THIRD ST,37.33531878,-121.8870865
7962,683518,CR-0000093115,0,0,0,0,22-201-1001,False,False,780,7/20/2022 11:51:00 PM,No Pedestrians Involved,Dry,No Unusual Conditions,Dark - Street Light,Violation Driver 1,Controls Functioning,Clear,Sideswipe,Non-Related,Parked Vehicle,Not Applicable,Not Applicable,West Of,,False,True,100528,PHELAN AV,SENTER RD,37.31829305,-121.8585909
7963,687505,CR-0000094295,0,0,0,0,22-261-0536,False,False,47,9/18/2022 3:00:00 PM,In Road - Includes Shoulder,Wet,No Unusual Conditions,Daylight,Violation Driver 1,Controls Functioning,Clear,Vehicle/Pedestrian,Related,Pedestrian,South,North,South Of,PED,False,False,100528,PHELAN AV,SENTER RD,37.31829305,-121.8585909
7964,696310,CR-0000099466,0,0,1,0,23-278-0757,False,False,25,10/5/2023 7:36:00 PM,Crossing - Not In Crosswalk,Dry,No Unusual Conditions,Dark - Street Light,Violation Driver 1,Controls Functioning,Clear,Vehicle/Pedestrian,Related,Pedestrian,East,West,South Of,PED,True,True,100528,PHELAN AV,SENTER RD,37.31829305,-121.8585909
7965,722281,CR-0000103575,1,0,0,0,24-085-0639,False,False,682,3/25/2024 4:02:00 PM,No Pedestrians Involved,Dry,No Unusual Conditions,Daylight,Violation Driver 1,No Controls Present/Factor,Clear,Vehicle/Bike,Non-Related,Bike,Not Applicable,Not Applicable,North Of,BIKE,False,True,100528,PHELAN AV,SENTER RD,37.31829305,-121.8585909
7966,689237,CR-0000095194,0,0,0,0,22-298-0069,True,False,225,10/25/2022 2:09:00 AM,No Pedestrians Involved,Dry,No Unusual Conditions,Dark - Street Light,Violation Driver 1,Controls Functioning,Clear,Hit Object,Non-Related,Fixed Object,Not Applicable,Not Applicable,South Of,TREE,False,False,4234,ALMA AV,TENTH ST,37.31989939,-121.865549
7967,682516,CR-0000092083,0,0,0,0,22-094-0610,True,False,26,4/4/2022 3:57:00 PM,No Pedestrians Involved,Dry,No Unusual Conditions,Daylight,Violation Driver 1,Controls Functioning,Clear,Rear End,Related,Other Vehicle,Not Applicable,Not Applicable,East Of,pd,False,False,4234,ALMA AV,TENTH ST,37.31989939,-121.865549
7968,695809,CR-0000098874,2,0,0,0,23-269-0744,False,False,206,9/26/2023 6:24:00 PM,No Pedestrians Involved,Dry,No Unusual Conditions,Dusk - Dawn,Violation Driver 1,Controls Functioning,Clear,Rear End,Non-Related,Other Vehicle,Not Applicable,Not Applicable,North Of,,True,True,4234,ALMA AV,TENTH ST,37.31989939,-121.865549
7969,712233,CR-0000101676,0,0,0,0,23-139-9706,False,True,0,5/19/2023 8:00:00 AM,No Pedestrians Involved,Dry,No Unusual Conditions,Daylight,Unknown,Controls Functioning,Clear,Rear End,Intersection,Other Vehicle,Not Applicable,Not Applicable,At,,False,False,4234,ALMA AV,TENTH ST,37.31989939,-121.865549
7970,681744,CR-0000091144,1,0,0,0,22-052-0129,False,False,0,2/21/2022 6:10:00 AM,No Pedestrians Involved,Dry,No Unusual Conditions,Daylight,Violation Driver 1,Controls Functioning,Clear,Rear End,Intersection,Other Vehicle,Not Applicable,Not Applicable,At,,True,False,60279,FIRST ST,HUMBOLDT ST,37.31875436,-121.8763118
7971,685048,CR-0000093717,0,1,0,0,22-241-0033,True,False,52,8/29/2022 12:48:00 AM,No Pedestrians Involved,Dry,No Unusual Conditions,Dark - Street Light,Violation Driver 1,Controls Functioning,Clear,Hit Object,Non-Related,Fixed Object,Not Applicable,Not Applicable,South Of,TRAFFIC SIGNAL,False,False,60279,FIRST ST,HUMBOLDT ST,37.31875436,-121.8763118
7972,696430,CR-0000099607,0,0,0,0,23-107-0040,False,False,51,4/17/2023 1:36:00 AM,No Pedestrians Involved,Dry,No Unusual Conditions,Dark - Street Light,Violation Driver 1,No Controls Present/Factor,Clear,Sideswipe,Non-Related,Other Vehicle,Not Applicable,Not Applicable,East Of,,False,True,60279,FIRST ST,HUMBOLDT ST,37.31875436,-121.8763118
7973,719713,CR-0000102885,0,0,0,0,24-009-0484,True,False,100,1/9/2024 3:00:00 PM,No Pedestrians Involved,Dry,No Unusual Conditions,Dusk - Dawn,Violation Driver 1,No Controls Present/Factor,Clear,Rear End,Non-Related,Other Vehicle,Not Applicable,Not Applicable,North Of,LIGHTPOLE,True,False,60279,FIRST ST,HUMBOLDT ST,37.31875436,-121.8763118
7974,722279,CR-0000103573,0,0,0,0,24-085-0073,True,False,0,3/25/2024 1:55:00 AM,No Pedestrians Involved,Dry,No Unusual Conditions,Dark - Street Light,Violation Driver 1,Controls Functioning,Clear,Hit Object,Intersection,Fixed Object,Not Applicable,Not Applicable,At,Traffic Pole,True,False,60279,FIRST ST,HUMBOLDT ST,37.31875436,-121.8763118
7975,722446,CR-0000103751,0,1,0,0,24-101-0602,False,False,98,4/10/2024 4:47:00 PM,No Pedestrians Involved,Dry,No Unusual Conditions,Daylight,Unknown,No Controls Present/Factor,Clear,Rear End,Non-Related,Parked Vehicle,Not Applicable,Not Applicable,North Of,,False,False,92070,MIWOK DR,MODOC CT,37.23767724,-121.8345912
7976,690827,CR-0000096966,0,0,0,0,23-024-0431,False,False,32,1/24/2023 12:36:00 PM,No Pedestrians Involved,Dry,No Unusual Conditions,Daylight,Violation Driver 1,No Controls Present/Factor,Clear,Hit Object,Related,Fixed Object,Not Applicable,Not Applicable,South Of,Hydrant,True,False,109680,SNELL AV,TUSCARORA DR,37.2387919,-121.8306373
7977,681160,CR-0000090547,0,0,0,0,22-016-0614,False,False,250,1/16/2022 6:12:00 PM,No Pedestrians Involved,Dry,No Unusual Conditions,Dark - Street Light,Violation Driver 1,Controls Functioning,Clear,Hit Object,Non-Related,Fixed Object,Not Applicable,Not Applicable,West Of,,True,False,30524,CAMDEN AV,VILLAGEWOOD WY,37.21209055,-121.8347091
7978,685376,CR-0000094103,0,1,0,0,22-231-0343,False,False,500,8/19/2022 11:32:00 AM,No Pedestrians Involved,Dry,No Unusual Conditions,Daylight,Violation Driver 1,Unknown,Clear,Other,Non-Related,Non-Collision,Not Applicable,Not Applicable,South Of,,True,False,63194,FOXHURST WY,QUEENSBRIDGE WY,37.20129291,-121.8398265
7979,698668,CR-0000099903,0,1,0,0,23-226-0591,True,False,30,8/14/2023 2:46:00 PM,No Pedestrians Involved,Dry,No Unusual Conditions,Daylight,Violation Driver 1,Controls Functioning,Clear,Hit Object,Related,Fixed Object,Not Applicable,Not Applicable,South Of,Light Pole,False,False,44230,COTTLE RD,NATURE DR,37.23570706,-121.8038685
7980,720828,CR-0000103031,0,0,0,0,24-074-9703,False,True,,1/19/2024 6:40:00 AM,No Pedestrians Involved,Dry,Reduced Roadway Width,Dark - Street Light,Unknown,Controls Functioning,Clear,Hit Object,Related,Fixed Object,Not Applicable,Not Applicable,Unknown,CURB,False,False,44230,COTTLE RD,NATURE DR,37.23570706,-121.8038685
7981,691010,CR-0000097181,0,0,0,0,23-059-0687,False,False,90,2/28/2023 6:12:00 PM,No Pedestrians Involved,Slippery (Muddy Oily etc.),Unknown,Dark - No Street Light,Violation Driver 1,No Controls Present/Factor,Rain,Other,Non-Related,Parked Vehicle,Not Applicable,Not Applicable,East Of,,False,False,71060,HAYES AV,LARCH GROVE PL,37.25636871,-121.8194556
7982,687423,CR-0000094201,1,0,0,0,22-249-0886,False,False,0,9/6/2022 6:30:00 PM,No Pedestrians Involved,Dry,No Unusual Conditions,Dusk - Dawn,Violation Driver 1,Controls Not Functioning,Clear,Broadside,Intersection,Other Vehicle,Not Applicable,Not Applicable,At,,False,False,55395,EL RANCHO VERDE DR,MCKEE RD,37.36166578,-121.8554295
7983,682157,CR-0000091697,0,0,0,0,22-084-4004,False,True,51,3/25/2022 11:55:00 AM,No Pedestrians Involved,Unknown,Unknown,Daylight,Unknown,Unknown,Unknown,Sideswipe,Non-Related,Other Vehicle,Not Applicable,Not Applicable,West Of,,False,False,55395,EL RANCHO VERDE DR,MCKEE RD,37.36166578,-121.8554295
7984,689969,CR-0000096016,1,0,0,0,22-217-0790,False,False,122,8/5/2022 7:41:00 PM,No Pedestrians Involved,Dry,No Unusual Conditions,Daylight,Violation Driver 1,No Controls Present/Factor,Clear,Vehicle/Bike,Non-Related,Bike,Not Applicable,Not Applicable,West Of,BIKE,False,False,55395,EL RANCHO VERDE DR,MCKEE RD,37.36166578,-121.8554295