_id,CrashFactId,Name,MinorInjuries,ModerateInjuries,SevereInjuries,FatalInjuries,TcrNumber,CityDamageFlag,ShortFormFlag,Distance,CrashDateTime,PedestrianAction,RoadwaySurface,RoadwayCondition,Lighting,PrimaryCollisionFactor,TrafficControl,Weather,CollisionType,ProximityToIntersection,VehicleInvolvedWith,PedestrianDirectionFrom,PedestrianDirectionTo,DirectionFromIntersection,Comment,SpeedingFlag,HitAndRunFlag,IntersectionNumber,AStreetName,BStreetName,Latitude,Longitude
7985,682034,CR-0000091545,3,0,0,0,22-064-0452,False,False,70,3/5/2022 8:31:00 AM,No Pedestrians Involved,Dry,No Unusual Conditions,Daylight,Violation Driver 1,No Controls Present/Factor,Clear,Broadside,Non-Related,Motorcycle,Not Applicable,Not Applicable,West Of,,False,False,99164,PARMER AV,SAN ANTONIO ST,37.34848278,-121.8555826
7986,719677,CR-0000102848,0,0,0,0,24-144-4005,False,True,,1/14/2024 5:20:00 PM,No Pedestrians Involved,Unknown,Unknown,Unknown,Unknown,Unknown,Unknown,Rear End,Related,Other Vehicle,Not Applicable,Not Applicable,Unknown,,False,False,99164,PARMER AV,SAN ANTONIO ST,37.34848278,-121.8555826
7987,682504,CR-0000092071,0,0,0,0,22-093-0512,False,False,51,4/3/2022 2:50:00 PM,No Pedestrians Involved,Dry,No Unusual Conditions,Daylight,Violation Driver 1,No Controls Present/Factor,Clear,Sideswipe,Non-Related,Other Vehicle,Not Applicable,Not Applicable,North Of,,False,True,87900,MARKET ST,PARK AV,37.33210096,-121.8900404
7988,685440,CR-0000094185,2,0,0,0,22-246-0886,False,False,110,9/3/2022 10:15:00 PM,In Road - Includes Shoulder,Dry,No Unusual Conditions,Dark - Street Light,Violation Driver 1,No Controls Present/Factor,Clear,Vehicle/Pedestrian,Non-Related,Pedestrian,No Direction (Not Walking),No Direction (Not Walking),North Of,PED (3),False,False,87900,MARKET ST,PARK AV,37.33210096,-121.8900404
7989,684934,CR-0000093621,1,0,0,0,22-218-1016,False,False,55,8/6/2022 10:48:00 PM,No Pedestrians Involved,Slippery (Muddy Oily etc.),No Unusual Conditions,Dark - Street Light Not Functioning,Violation Driver 1,Controls Functioning,Clear,Sideswipe,Non-Related,Parked Vehicle,Not Applicable,Not Applicable,North Of,,False,True,87900,MARKET ST,PARK AV,37.33210096,-121.8900404
7990,690488,CR-0000096619,0,0,0,0,22-289-9701,False,True,51,10/16/2022 12:49:00 AM,No Pedestrians Involved,Dry,No Unusual Conditions,Dark - Street Light,Unknown,Controls Functioning,Clear,Sideswipe,Non-Related,Other Vehicle,Unknown,Unknown,South Of,,False,True,87900,MARKET ST,PARK AV,37.33210096,-121.8900404
7991,694172,CR-0000098187,2,0,0,0,23-139-0309,False,False,,5/19/2023 10:20:00 AM,No Pedestrians Involved,Dry,No Unusual Conditions,Daylight,Violation Driver 1,Controls Functioning,Clear,Rear End,Related,Other Vehicle,Not Applicable,Not Applicable,North Of,,False,False,87900,MARKET ST,PARK AV,37.33210096,-121.8900404
7992,699360,CR-0000100687,0,0,0,0,23-200-9707,False,True,51,7/19/2023 11:00:00 PM,No Pedestrians Involved,Unknown,Unknown,Unknown,Unknown,Unknown,Other,Other,Non-Related,Parked Vehicle,Not Applicable,Not Applicable,South Of,,False,False,103993,RIDGEWOOD DR,SOUTHBRIDGE CT,37.24885214,-121.8846705
7993,689780,CR-0000095806,0,1,0,0,22-105-0160,False,False,0,4/15/2022 7:47:00 AM,No Pedestrians Involved,Dry,No Unusual Conditions,Daylight,Violation Driver 1,No Controls Present/Factor,Clear,Vehicle/Bike,Intersection,Bike,Not Applicable,Not Applicable,At,,False,False,63337,FOXWORTHY AV,KILO AV,37.26881416,-121.9130018
7994,698769,CR-0000100050,2,0,0,0,23-358-0393,False,False,0,12/24/2023 1:13:00 PM,No Pedestrians Involved,Dry,No Unusual Conditions,Daylight,Violation Driver 1,Controls Functioning,Clear,Broadside,Intersection,Other Vehicle,Not Applicable,Not Applicable,At,,False,False,121032,BLOSSOM RIVER WY,WINFIELD BL,37.25299367,-121.8667649
7995,682619,CR-0000092187,1,0,0,0,22-126-0647,False,False,0,5/6/2022 5:14:00 PM,No Pedestrians Involved,Dry,No Unusual Conditions,Daylight,Violation Driver 1,No Controls Present/Factor,Clear,Broadside,Intersection,Other Vehicle,Not Applicable,Not Applicable,At,,False,False,44054,COTTLE RD,EL PORTAL WY,37.23363679,-121.8038403
7996,694082,CR-0000097942,0,0,0,0,22-023-4003,False,True,51,1/18/2022 7:40:00 AM,No Pedestrians Involved,Unknown,Unknown,Unknown,Unknown,Unknown,Unknown,Broadside,Non-Related,Other Vehicle,Not Applicable,Not Applicable,North Of,,False,False,44054,COTTLE RD,EL PORTAL WY,37.23363679,-121.8038403
7997,685329,CR-0000094010,0,0,0,0,22-252-0091,False,False,478,9/9/2022 2:51:00 AM,No Pedestrians Involved,Dry,No Unusual Conditions,Dark - No Street Light,Violation Driver 1,No Controls Present/Factor,Clear,Head On,Non-Related,Parked Vehicle,Not Applicable,Not Applicable,West Of,,True,False,129623,PALMIA DR,PRIMROSE DR,37.24028021,-121.8066582
7998,691191,CR-0000097393,0,0,0,0,23-057-0308,False,False,215,2/26/2023 10:26:00 AM,No Pedestrians Involved,Wet,No Unusual Conditions,Daylight,Violation Driver 1,Controls Functioning,Cloudy,Hit Object,Non-Related,Fixed Object,Not Applicable,Not Applicable,North Of,Curb,False,False,129623,PALMIA DR,PRIMROSE DR,37.24028021,-121.8066582
7999,712099,CR-0000101591,0,0,0,0,23-347-4006,False,True,,12/13/2023 9:45:00 PM,No Pedestrians Involved,Unknown,Unknown,Unknown,Unknown,Unknown,Unknown,Sideswipe,Related,Parked Vehicle,Not Applicable,Not Applicable,West Of,,False,False,13530,BARRON PARK CT,BARRON PARK DR,37.26184425,-121.8485691
8000,680156,CR-0000089378,0,0,0,1,22-033-0178,False,False,524,2/2/2022 7:43:00 AM,In Road - Includes Shoulder,Dry,No Unusual Conditions,Daylight,Unknown,No Controls Present/Factor,Clear,Vehicle/Pedestrian,Non-Related,Pedestrian,East,West,East Of,,False,False,57309,EPPLING LN,FONTANELLE DR,37.26736732,-121.7995605
8001,683001,CR-0000092575,0,0,0,0,22-174-0075,False,False,111,6/23/2022 2:37:00 AM,No Pedestrians Involved,Dry,No Unusual Conditions,Dark - Street Light,Violation Driver 1,No Controls Present/Factor,Clear,Rear End,Non-Related,Parked Vehicle,Not Applicable,Not Applicable,West Of,,True,False,34220,CAS DR,SEBASIAN WY,37.28318563,-121.8270857
8002,683147,CR-0000092719,0,0,0,0,22-134-0611,False,False,150,5/3/2022 10:00:00 PM,No Pedestrians Involved,Dry,No Unusual Conditions,Daylight,Violation Driver 1,No Controls Present/Factor,Clear,Rear End,Non-Related,Parked Vehicle,Not Applicable,Not Applicable,East Of,,True,True,50258,DELRIDGE DR,EPPLING LN,37.26806213,-121.7995313
8003,694553,CR-0000098547,0,0,0,0,23-198-0719,False,False,109,7/17/2023 6:30:00 PM,No Pedestrians Involved,Dry,No Unusual Conditions,Daylight,Violation Driver 1,No Controls Present/Factor,Clear,Broadside,Non-Related,Parked Vehicle,Not Applicable,Not Applicable,West Of,,False,False,44725,COYOTE RD,DELRIDGE DR,37.26827768,-121.7966839
8004,685156,CR-0000093831,0,1,0,0,22-236-0689,False,False,0,8/24/2022 4:25:00 PM,Crossing - Not In Crosswalk,Dry,No Unusual Conditions,Daylight,Pedestrian At Fault,Controls Functioning,Clear,Vehicle/Pedestrian,Intersection,Pedestrian,North,South,At,PED,False,False,74293,HOUNDSHAVEN WY,SKYWAY DR,37.2738454,-121.827624
8005,715856,CR-0000101806,0,0,0,0,23-140-0601,True,False,528,5/20/2023 4:48:00 PM,No Pedestrians Involved,Dry,Unknown,Daylight,Violation Driver 1,Controls Functioning,Clear,Hit Object,Non-Related,Fixed Object,Not Applicable,Not Applicable,South Of,LIGHTPOLE,False,False,62149,FORD RD,SILVER LEAF RD,37.25536582,-121.7945249
8006,689905,CR-0000095933,1,0,0,0,22-362-0490,False,False,60,12/28/2022 2:28:00 PM,In Road - Includes Shoulder,Dry,No Unusual Conditions,Daylight,Pedestrian At Fault,No Controls Present/Factor,Clear,Vehicle/Pedestrian,Non-Related,Skateboard,North,South,North Of,PED(Skateboard),False,False,106457,SAN FERNANDO ST,TWENTY EIGHTH ST,37.34708442,-121.8629366
8007,689865,CR-0000095891,1,0,1,0,22-345-0418,False,False,21,12/11/2022 2:04:00 PM,No Pedestrians Involved,Dry,No Unusual Conditions,Daylight,Violation Driver 1,No Controls Present/Factor,Cloudy,Head On,Related,Other Vehicle,Not Applicable,Not Applicable,East Of,,False,False,62842,FOURTEENTH ST,WASHINGTON ST,37.3490219,-121.8820205
8008,682278,CR-0000091815,0,0,0,0,22-124-0753,False,False,51,5/4/2022 7:10:00 PM,No Pedestrians Involved,Dry,Unknown,Daylight,Violation Driver 1,No Controls Present/Factor,Clear,Sideswipe,Non-Related,Parked Vehicle,Not Applicable,Not Applicable,West Of,,False,True,109438,SIXTEENTH ST,WASHINGTON ST,37.34990531,-121.8801562
8009,681650,CR-0000091047,0,0,0,0,22-079-0654,False,False,395,3/20/2022 5:19:00 PM,No Pedestrians Involved,Dry,No Unusual Conditions,Daylight,Violation Driver 1,No Controls Present/Factor,Clear,Head On,Non-Related,Parked Vehicle,Not Applicable,Not Applicable,North Of,,True,False,109438,SIXTEENTH ST,WASHINGTON ST,37.34990531,-121.8801562
8010,696370,CR-0000099527,0,0,0,0,23-146-0605,False,True,30,5/26/2023 4:31:00 PM,No Pedestrians Involved,Dry,No Unusual Conditions,Daylight,Unknown,Controls Functioning,Clear,Rear End,Related,Parked Vehicle,Not Applicable,Not Applicable,East Of,,False,False,109438,SIXTEENTH ST,WASHINGTON ST,37.34990531,-121.8801562
8011,681570,CR-0000090967,1,0,0,0,22-042-0574,False,False,0,2/11/2022 3:51:00 PM,No Pedestrians Involved,Dry,No Unusual Conditions,Daylight,Violation Driver 1,Controls Functioning,Clear,Broadside,Intersection,Other Vehicle,Not Applicable,Not Applicable,At,,False,False,86547,MABURY RD,TAYLOR ST,37.36271489,-121.8755796
8012,696526,CR-0000099713,0,1,0,0,23-349-0562,False,False,140,12/15/2023 3:00:00 PM,No Pedestrians Involved,Dry,No Unusual Conditions,Daylight,Bike At Fault,Unknown,Clear,Vehicle/Bike,Non-Related,Bike,Not Applicable,Not Applicable,North Of,BIKE,False,False,86547,MABURY RD,TAYLOR ST,37.36271489,-121.8755796
8013,690899,CR-0000097044,1,0,0,0,23-033-0744,False,False,0,2/2/2023 7:10:00 PM,No Pedestrians Involved,Dry,No Unusual Conditions,Dark - Street Light,Violation Driver 1,No Controls Present/Factor,Clear,Head On,Intersection,Other Vehicle,Not Applicable,Not Applicable,At,,True,True,86547,MABURY RD,TAYLOR ST,37.36271489,-121.8755796
8014,694349,CR-0000098293,1,0,0,0,23-158-0808,False,False,0,6/7/2023 6:25:00 PM,No Pedestrians Involved,Dry,No Unusual Conditions,Daylight,Violation Driver 1,Controls Functioning,Clear,Broadside,Intersection,Motor Vehicle On Other Roadway,Not Applicable,Not Applicable,At,,False,False,86547,MABURY RD,TAYLOR ST,37.36271489,-121.8755796
8015,715832,CR-0000101965,1,0,0,0,24-003-0186,False,False,0,1/3/2024 8:47:00 AM,No Pedestrians Involved,Dry,No Unusual Conditions,Daylight,Violation Driver 1,Controls Functioning,Clear,Head On,Intersection,Other Vehicle,Not Applicable,Not Applicable,At,,False,False,86547,MABURY RD,TAYLOR ST,37.36271489,-121.8755796
8016,711945,CR-0000101073,0,0,0,0,23-297-0893,False,False,0,10/24/2023 10:31:00 PM,No Pedestrians Involved,Dry,No Unusual Conditions,Dark - Street Light,Violation Driver 1,Controls Functioning,Clear,Rear End,Intersection,Other Vehicle,Not Applicable,Not Applicable,At,,True,True,86547,MABURY RD,TAYLOR ST,37.36271489,-121.8755796
8017,716331,CR-0000102320,1,2,0,0,24-035-0201,False,False,308,2/4/2024 6:05:00 AM,No Pedestrians Involved,Wet,Other,Dark - Street Light,Violation Driver 1,No Controls Present/Factor,Rain,Sideswipe,Non-Related,Other Vehicle,Not Applicable,Not Applicable,West Of,,False,True,86547,MABURY RD,TAYLOR ST,37.36271489,-121.8755796
8018,681478,CR-0000090868,0,0,0,0,22-038-4006,False,True,51,2/2/2022 11:30:00 AM,No Pedestrians Involved,Unknown,Unknown,Daylight,Unknown,Unknown,Unknown,Other,Non-Related,Parked Vehicle,Not Applicable,Not Applicable,South Of,,False,False,63040,FOURTH ST,WASHINGTON ST,37.34414044,-121.8922313
8019,681382,CR-0000090771,0,1,0,0,22-019-0095,False,False,40,1/19/2022 2:40:00 AM,No Pedestrians Involved,Dry,No Unusual Conditions,Dark - Street Light,Violation Driver 1,Controls Functioning,Clear,Head On,Related,Parked Vehicle,Not Applicable,Not Applicable,East Of,,False,False,63040,FOURTH ST,WASHINGTON ST,37.34414044,-121.8922313
8020,689429,CR-0000095401,1,0,0,0,22-306-0749,False,False,0,11/2/2022 5:26:00 PM,No Pedestrians Involved,Dry,No Unusual Conditions,Daylight,Bike At Fault,No Controls Present/Factor,Clear,Vehicle/Bike,Intersection,Bike,Not Applicable,Not Applicable,At,BIKE,False,True,92267,MONFERINO DR,TAYLOR ST,37.35901028,-121.879361
8021,683404,CR-0000092997,0,0,0,0,22-145-1097,False,False,125,5/25/2022 11:49:00 PM,No Pedestrians Involved,Dry,No Unusual Conditions,Dark - Street Light,Violation Driver 1,Controls Functioning,Clear,Sideswipe,Non-Related,Parked Vehicle,Not Applicable,Not Applicable,North Of,,False,True,112584,TWENTY FIRST ST,WASHINGTON ST,37.35212299,-121.8754899
8022,689274,CR-0000095230,1,0,0,0,22-316-0033,False,False,95,11/12/2022 12:45:00 AM,No Pedestrians Involved,Dry,No Unusual Conditions,Dark - Street Light,Violation Driver 1,No Controls Present/Factor,Clear,Head On,Non-Related,Parked Vehicle,Not Applicable,Not Applicable,East Of,,True,False,77813,JULIAN ST,TWENTY FIRST ST,37.35000294,-121.8739123
8023,684883,CR-0000093533,0,0,1,0,22-197-0097,False,False,51,7/16/2022 12:20:00 AM,No Pedestrians Involved,Dry,No Unusual Conditions,Dark - Street Light,Unknown,Unknown,Clear,Vehicle/Bike,Non-Related,Bike,Not Applicable,Not Applicable,West Of,BIKE,False,True,77813,JULIAN ST,TWENTY FIRST ST,37.35000294,-121.8739123
8024,683032,CR-0000092660,1,0,0,0,22-160-0214,False,False,0,6/9/2022 9:08:00 AM,No Pedestrians Involved,Dry,No Unusual Conditions,Daylight,Violation Driver 1,Unknown,Clear,Rear End,Intersection,Other Vehicle,Not Applicable,Not Applicable,At,,True,False,77813,JULIAN ST,TWENTY FIRST ST,37.35000294,-121.8739123
8025,719527,CR-0000102656,0,1,0,0,24-075-0892,False,False,0,3/15/2024 10:10:00 PM,No Pedestrians Involved,Dry,No Unusual Conditions,Dark - Street Light,Violation Driver 1,Controls Functioning,Clear,Broadside,Intersection,Other Vehicle,Not Applicable,Not Applicable,At,,False,False,77813,JULIAN ST,TWENTY FIRST ST,37.35000294,-121.8739123
8026,716008,CR-0000101830,0,0,0,0,23-357-0396,False,True,0,12/23/2023 12:20:00 PM,No Pedestrians Involved,Unknown,Unknown,Unknown,Unknown,Unknown,Unknown,Other,Intersection,Other Vehicle,Not Applicable,Not Applicable,At,,False,False,77813,JULIAN ST,TWENTY FIRST ST,37.35000294,-121.8739123
8027,690081,CR-0000096146,0,0,0,0,22-192-9708,False,True,51,7/8/2022 6:30:00 PM,No Pedestrians Involved,Dry,No Unusual Conditions,Daylight,Unknown,Controls Functioning,Clear,Sideswipe,Non-Related,Other Vehicle,Not Applicable,Not Applicable,South Of,,False,False,112551,TWENTIETH ST,WASHINGTON ST,37.35168003,-121.8764221
8028,698772,CR-0000100053,1,0,0,0,23-355-0202,False,False,41,12/21/2023 8:32:00 AM,No Pedestrians Involved,Wet,No Unusual Conditions,Daylight,Violation Driver 1,No Controls Present/Factor,Cloudy,Sideswipe,Related,Other Vehicle,Not Applicable,Not Applicable,West Of,,False,False,112551,TWENTIETH ST,WASHINGTON ST,37.35168003,-121.8764221
8029,689546,CR-0000095523,1,0,0,0,22-346-0606,False,False,0,12/12/2022 4:04:00 PM,No Pedestrians Involved,Dry,No Unusual Conditions,Daylight,Violation Driver 1,No Controls Present/Factor,Clear,Broadside,Intersection,Motorcycle,Not Applicable,Not Applicable,At,,True,False,54768,EIGHTEENTH ST,WASHINGTON ST,37.35079201,-121.8782913
8030,722346,CR-0000103640,0,0,0,0,24-098-9707,False,True,51,4/2/2024 9:52:00 AM,No Pedestrians Involved,Dry,No Unusual Conditions,Daylight,Unknown,Unknown,Clear,Sideswipe,Non-Related,Parked Vehicle,Not Applicable,Not Applicable,South Of,,False,False,54768,EIGHTEENTH ST,WASHINGTON ST,37.35079201,-121.8782913
8031,689680,CR-0000095662,1,0,0,0,22-321-0340,False,False,0,11/17/2022 12:02:00 PM,No Pedestrians Involved,Dry,Construction - Repair Zone,Daylight,Violation Driver 1,Controls Functioning,Clear,Broadside,Intersection,Other Vehicle,Not Applicable,Not Applicable,At,,True,False,19140,BLACKSTONE AV,PLUMMER AV,37.27244321,-121.8927165
8032,711830,CR-0000101335,0,0,0,0,23-345-0750,False,False,0,12/11/2023 5:44:00 PM,No Pedestrians Involved,Dry,No Unusual Conditions,Dusk - Dawn,Violation Driver 1,No Controls Present/Factor,Clear,Broadside,Intersection,Other Vehicle,Not Applicable,Not Applicable,At,,False,False,42371,COMMERCIAL ST,FIFTEENTH ST,37.36443702,-121.892255
8033,688907,CR-0000094766,1,0,0,0,22-280-1196,False,False,123,10/7/2022 11:46:00 PM,No Pedestrians Involved,Dry,No Unusual Conditions,Dark - Street Light,Violation Driver 1,No Controls Present/Factor,Clear,Sideswipe,Non-Related,Motorcycle,Not Applicable,Not Applicable,West Of,,True,False,73886,HORNING ST,TWELFTH ST,37.36117517,-121.8930512
8034,711703,CR-0000101389,0,0,0,0,23-317-0888,False,False,0,11/13/2023 9:34:00 PM,No Pedestrians Involved,Dry,No Unusual Conditions,Dark - Street Light,Violation Driver 1,No Controls Present/Factor,Clear,Rear End,Intersection,Parked Vehicle,Not Applicable,Not Applicable,At,,True,False,73886,HORNING ST,TWELFTH ST,37.36117517,-121.8930512
8035,722220,CR-0000103486,0,0,0,0,24-084-4005,False,True,51,3/21/2024 3:00:00 AM,No Pedestrians Involved,Unknown,Unknown,Unknown,Unknown,Unknown,Unknown,Sideswipe,Non-Related,Parked Vehicle,Not Applicable,Not Applicable,North Of,,False,False,53350,DWIGHT AV,PRINCETON DR,37.23939081,-121.901328
8036,681355,CR-0000090742,1,0,0,0,22-016-0268,False,False,173,1/16/2022 10:10:00 AM,No Pedestrians Involved,Dry,No Unusual Conditions,Daylight,Violation Driver 1,No Controls Present/Factor,Clear,Broadside,Non-Related,Other Vehicle,Not Applicable,Not Applicable,South Of,,False,False,90970,MESA DR,TUCSON DR,37.24873207,-121.8765197
8037,695949,CR-0000099082,0,0,0,0,23-222-0586,False,False,0,8/10/2023 3:50:00 PM,No Pedestrians Involved,Dry,No Unusual Conditions,Daylight,Violation Driver 1,Controls Functioning,Clear,Broadside,Intersection,Other Vehicle,Not Applicable,Not Applicable,At,,False,False,9602,ASBURY ST,WALNUT ST,37.34413112,-121.9107151
8038,694683,CR-0000098717,1,0,0,0,23-243-0283,False,False,100,8/31/2023 9:34:00 AM,No Pedestrians Involved,Dry,No Unusual Conditions,Daylight,Violation Driver 1,No Controls Present/Factor,Clear,Rear End,Non-Related,Other Vehicle,Not Applicable,Not Applicable,East Of,,True,False,9602,ASBURY ST,WALNUT ST,37.34413112,-121.9107151
8039,682082,CR-0000091584,1,0,0,0,22-065-1018,True,False,30,3/6/2022 11:23:00 PM,No Pedestrians Involved,Dry,No Unusual Conditions,Dark - Street Light,Violation Driver 1,No Controls Present/Factor,Clear,Hit Object,Related,Fixed Object,Not Applicable,Not Applicable,East Of,PED SIGN,False,False,110131,SPRING ST,TAYLOR ST,37.34405143,-121.9084726
8040,690216,CR-0000096305,0,0,0,0,22-274-9701,False,True,0,9/24/2022 10:50:00 AM,No Pedestrians Involved,Dry,No Unusual Conditions,Daylight,Unknown,No Controls Present/Factor,Clear,Vehicle/Bike,Intersection,Bike,Not Applicable,Not Applicable,At,BIKE,False,False,110131,SPRING ST,TAYLOR ST,37.34405143,-121.9084726
8041,719844,CR-0000103017,0,0,0,0,24-040-0912,False,False,51,2/9/2024 10:05:00 PM,No Pedestrians Involved,Dry,No Unusual Conditions,Dark - Street Light,Violation Driver 1,No Controls Present/Factor,Clear,Hit Object,Non-Related,Fixed Object,Not Applicable,Not Applicable,East Of,TREE,False,True,110131,SPRING ST,TAYLOR ST,37.34405143,-121.9084726
8042,682020,CR-0000091530,0,0,1,0,22-062-0819,False,False,0,3/3/2022 6:35:00 PM,No Pedestrians Involved,Wet,No Unusual Conditions,Dark - Street Light,Violation Driver 1,No Controls Present/Factor,Rain,Vehicle/Bike,Intersection,Bike,Not Applicable,Not Applicable,At,BIKE,False,False,111627,TAYLOR ST,WALNUT ST,37.34317576,-121.9096852
8043,682629,CR-0000092205,0,0,0,0,22-152-0403,False,False,0,6/1/2022 11:31:00 AM,No Pedestrians Involved,Dry,No Unusual Conditions,Daylight,Violation Driver 1,Controls Functioning,Clear,Broadside,Intersection,Other Vehicle,Not Applicable,Not Applicable,At,,False,True,111627,TAYLOR ST,WALNUT ST,37.34317576,-121.9096852
8044,689390,CR-0000095357,0,1,0,0,22-315-0412,False,False,0,11/11/2022 1:41:00 PM,No Pedestrians Involved,Dry,No Unusual Conditions,Daylight,Violation Driver 1,No Controls Present/Factor,Clear,Broadside,Intersection,Other Vehicle,Not Applicable,Not Applicable,At,,False,False,111627,TAYLOR ST,WALNUT ST,37.34317576,-121.9096852
8045,698825,CR-0000100107,1,0,0,0,23-359-0598,False,False,100,12/25/2023 9:03:00 PM,No Pedestrians Involved,Dry,No Unusual Conditions,Dark - Street Light,Violation Driver 1,Controls Functioning,Clear,Rear End,Non-Related,Other Vehicle,Not Applicable,Not Applicable,East Of,,True,False,111627,TAYLOR ST,WALNUT ST,37.34317576,-121.9096852
8046,722318,CR-0000103612,0,0,0,0,24-091-4003,False,True,51,3/30/2024 3:00:00 PM,No Pedestrians Involved,Unknown,Unknown,Unknown,Unknown,Unknown,Unknown,Sideswipe,Non-Related,Parked Vehicle,Not Applicable,Not Applicable,West Of,,False,False,65548,GEORGE ST,SAN PEDRO ST,37.34674605,-121.9015502
8047,687424,CR-0000094202,1,0,0,0,22-250-0147,False,False,0,9/7/2022 6:19:00 AM,No Pedestrians Involved,Dry,No Unusual Conditions,Dark - Street Light,Bike At Fault,No Controls Present/Factor,Clear,Vehicle/Bike,Intersection,Bike,Not Applicable,Not Applicable,At,BIKE,False,False,73358,HOBSON ST,SAN PEDRO ST,37.34563038,-121.9007165
8048,689483,CR-0000095460,3,0,0,0,22-339-0387,False,False,0,12/5/2022 12:26:00 PM,No Pedestrians Involved,Wet,No Unusual Conditions,Daylight,Violation Driver 1,Controls Functioning,Rain,Rear End,Intersection,Other Vehicle,Not Applicable,Not Applicable,At,,True,False,55692,ELEVENTH ST,HEDDING ST,37.35840461,-121.8928103
8049,683405,CR-0000092998,0,0,0,0,22-152-9701,False,True,0,5/25/2022 8:50:00 PM,No Pedestrians Involved,Dry,No Unusual Conditions,Dark - Street Light,Unknown,Controls Functioning,Clear,Broadside,Intersection,Motor Vehicle On Other Roadway,Not Applicable,Not Applicable,At,,False,True,55692,ELEVENTH ST,HEDDING ST,37.35840461,-121.8928103
8050,683062,CR-0000092668,0,0,0,0,22-140-0601,False,False,20,5/20/2022 3:11:00 PM,No Pedestrians Involved,Dry,No Unusual Conditions,Daylight,Violation Driver 1,No Controls Present/Factor,Clear,Head On,Related,Other Vehicle,Not Applicable,Not Applicable,West Of,,False,False,55692,ELEVENTH ST,HEDDING ST,37.35840461,-121.8928103
8051,681843,CR-0000091261,0,0,0,0,22-077-9706,False,True,40,3/16/2022 8:15:00 AM,No Pedestrians Involved,Dry,No Unusual Conditions,Daylight,Unknown,Controls Functioning,Clear,Rear End,Related,Other Vehicle,Not Applicable,Not Applicable,South Of,,False,False,55692,ELEVENTH ST,HEDDING ST,37.35840461,-121.8928103
8052,695845,CR-0000098910,0,0,0,0,23-090-0384,False,False,0,4/1/2023 12:59:00 PM,Crossing In Crosswalk - At Intersection,Dry,No Unusual Conditions,Daylight,Unknown,No Controls Present/Factor,Clear,Vehicle/Pedestrian,Intersection,Pedestrian,South,North,At,PED,False,False,55692,ELEVENTH ST,HEDDING ST,37.35840461,-121.8928103
8053,696187,CR-0000099331,0,0,0,0,23-098-0079,False,False,0,4/8/2023 1:45:00 AM,No Pedestrians Involved,Dry,No Unusual Conditions,Dark - Street Light,Violation Driver 1,Controls Functioning,Clear,Sideswipe,Intersection,Other Vehicle,Not Applicable,Not Applicable,At,,True,True,55692,ELEVENTH ST,HEDDING ST,37.35840461,-121.8928103
8054,689553,CR-0000095530,1,1,0,0,22-365-0567,False,False,0,12/31/2022 5:57:00 PM,No Pedestrians Involved,Wet,No Unusual Conditions,Dark - Street Light,Violation Driver 1,Controls Functioning,Rain,Broadside,Intersection,Other Vehicle,Not Applicable,Not Applicable,At,,False,False,55692,ELEVENTH ST,HEDDING ST,37.35840461,-121.8928103
8055,722430,CR-0000103746,0,0,0,0,24-101-0158,True,False,30,4/10/2024 7:05:00 AM,No Pedestrians Involved,Dry,No Unusual Conditions,Daylight,Violation Driver 1,Controls Functioning,Clear,Hit Object,Related,Fixed Object,Not Applicable,Not Applicable,West Of,CHAIN FENCE,True,False,55692,ELEVENTH ST,HEDDING ST,37.35840461,-121.8928103
8056,722462,CR-0000103745,0,1,0,0,24-101-0128,False,False,0,4/10/2024 5:50:00 AM,No Pedestrians Involved,Dry,No Unusual Conditions,Dusk - Dawn,Bike At Fault,Controls Functioning,Clear,Vehicle/Bike,Intersection,Bike,Not Applicable,Not Applicable,At,BIKE,False,False,55692,ELEVENTH ST,HEDDING ST,37.35840461,-121.8928103
8057,720947,CR-0000103182,0,0,0,0,24-049-0776,False,False,0,2/18/2024 10:48:00 PM,No Pedestrians Involved,Wet,No Unusual Conditions,Dark - Street Light,Violation Driver 1,Controls Functioning,Rain,Broadside,Intersection,Other Vehicle,Not Applicable,Not Applicable,At,,False,False,55692,ELEVENTH ST,HEDDING ST,37.35840461,-121.8928103
8058,711671,CR-0000100914,1,0,0,0,23-317-0645,False,False,54,11/13/2023 3:40:00 PM,No Pedestrians Involved,Dry,No Unusual Conditions,Daylight,Violation Driver 1,No Controls Present/Factor,Clear,Sideswipe,Non-Related,Other Vehicle,Not Applicable,Not Applicable,West Of,,False,True,55692,ELEVENTH ST,HEDDING ST,37.35840461,-121.8928103
8059,711626,CR-0000101332,0,0,0,0,23-344-0538,False,False,0,12/10/2023 4:08:00 PM,No Pedestrians Involved,Dry,No Unusual Conditions,Daylight,Violation Driver 1,Controls Functioning,Clear,Broadside,Intersection,Other Vehicle,Not Applicable,Not Applicable,At,,False,False,55692,ELEVENTH ST,HEDDING ST,37.35840461,-121.8928103
8060,691153,CR-0000097354,0,0,0,0,23-036-0087,False,False,115,2/5/2023 1:56:00 AM,No Pedestrians Involved,Wet,No Unusual Conditions,Dark - Street Light,Violation Driver 1,Controls Not Functioning,Rain,Hit Object,Non-Related,Fixed Object,Not Applicable,Not Applicable,North Of,PG&E Powerpole,False,True,90694,MERIDIAN AV,PRINCETON DR,37.24483767,-121.8914866