_id,CrashFactId,Name,MinorInjuries,ModerateInjuries,SevereInjuries,FatalInjuries,TcrNumber,CityDamageFlag,ShortFormFlag,Distance,CrashDateTime,PedestrianAction,RoadwaySurface,RoadwayCondition,Lighting,PrimaryCollisionFactor,TrafficControl,Weather,CollisionType,ProximityToIntersection,VehicleInvolvedWith,PedestrianDirectionFrom,PedestrianDirectionTo,DirectionFromIntersection,Comment,SpeedingFlag,HitAndRunFlag,IntersectionNumber,AStreetName,BStreetName,Latitude,Longitude
8061,689959,CR-0000095981,0,1,0,0,22-230-9701,False,True,0,8/16/2022 4:56:00 PM,No Pedestrians Involved,Dry,No Unusual Conditions,Daylight,Unknown,No Controls Present/Factor,Clear,Vehicle/Bike,Intersection,Bike,Not Applicable,Not Applicable,At,BICYCLIST,False,False,71851,HELMOND LN,MERIDIAN AV,37.24353936,-121.8903187
8062,694498,CR-0000098492,1,0,0,0,23-188-0972,False,False,130,7/7/2023 10:54:00 PM,No Pedestrians Involved,Dry,No Unusual Conditions,Dark - Street Light,Violation Driver 1,No Controls Present/Factor,Clear,Broadside,Non-Related,Other Vehicle,Not Applicable,Not Applicable,North Of,,False,False,71851,HELMOND LN,MERIDIAN AV,37.24353936,-121.8903187
8063,696245,CR-0000099392,0,1,0,0,23-175-0889,False,False,0,6/24/2023 11:32:00 PM,No Pedestrians Involved,Dry,No Unusual Conditions,Dark - Street Light,Violation Driver 1,No Controls Present/Factor,Clear,Vehicle/Bike,Intersection,Bike,Not Applicable,Not Applicable,At,BIKE,True,True,67737,GOODYEAR ST,GRAHAM ST,37.31930667,-121.8787326
8064,699271,CR-0000100594,0,0,0,0,23-163-9701,False,True,0,5/30/2023 8:23:00 PM,No Pedestrians Involved,Dry,Unknown,Daylight,Unknown,No Controls Present/Factor,Clear,Broadside,Intersection,Other Vehicle,Not Applicable,Not Applicable,At,,False,False,67737,GOODYEAR ST,GRAHAM ST,37.31930667,-121.8787326
8065,715891,CR-0000101982,2,0,0,0,24-005-0616,False,False,0,1/5/2024 4:53:00 PM,No Pedestrians Involved,Dry,No Unusual Conditions,Daylight,Violation Driver 1,Controls Functioning,Clear,Broadside,Intersection,Motor Vehicle On Other Roadway,Not Applicable,Not Applicable,At,,False,False,67737,GOODYEAR ST,GRAHAM ST,37.31930667,-121.8787326
8066,722158,CR-0000103424,0,0,0,0,24-074-0978,False,False,101,3/14/2024 11:03:00 PM,No Pedestrians Involved,Dry,No Unusual Conditions,Dark - Street Light,Violation Driver 1,No Controls Present/Factor,Clear,Rear End,Non-Related,Other Vehicle,Not Applicable,Not Applicable,West Of,,False,False,67737,GOODYEAR ST,GRAHAM ST,37.31930667,-121.8787326
8067,719852,CR-0000103025,0,0,0,0,24-042-4000,False,True,51,2/10/2024 1:40:00 AM,No Pedestrians Involved,Unknown,Unknown,Unknown,Unknown,Unknown,Unknown,Rear End,Non-Related,Other Vehicle,Not Applicable,Not Applicable,North Of,,False,False,4278,ALMADEN AV,CARLYSLE ST,37.33567335,-121.8945568
8068,715923,CR-0000101865,0,0,0,0,23-146-9701,False,True,0,5/20/2023 10:00:00 PM,No Pedestrians Involved,Dry,No Unusual Conditions,Dark - Street Light,Unknown,No Controls Present/Factor,Clear,Rear End,Intersection,Parked Vehicle,Not Applicable,Not Applicable,At,,False,True,4278,ALMADEN AV,CARLYSLE ST,37.33567335,-121.8945568
8069,690703,CR-0000096840,2,0,0,0,23-010-0279,False,False,54,1/10/2023 6:47:00 AM,No Pedestrians Involved,Wet,No Unusual Conditions,Dark - Street Light,Violation Driver 1,Controls Functioning,Rain,Head On,Non-Related,Other Vehicle,Not Applicable,Not Applicable,East Of,,False,False,4410,ALMADEN AV,SANTA CLARA ST,37.33461738,-121.8938229
8070,691350,CR-0000097598,0,0,0,0,23-082-0214,False,False,56,3/23/2023 8:45:00 AM,No Pedestrians Involved,Dry,No Unusual Conditions,Daylight,Violation Driver 1,Controls Functioning,Cloudy,Sideswipe,Non-Related,Parked Vehicle,Not Applicable,Not Applicable,North Of,,False,False,4410,ALMADEN AV,SANTA CLARA ST,37.33461738,-121.8938229
8071,694267,CR-0000098195,1,0,0,0,23-142-0450,False,False,0,5/22/2023 12:38:00 PM,No Pedestrians Involved,Dry,No Unusual Conditions,Daylight,Bike At Fault,Controls Functioning,Clear,Vehicle/Bike,Intersection,Bike,Not Applicable,Not Applicable,At,,False,False,4410,ALMADEN AV,SANTA CLARA ST,37.33461738,-121.8938229
8072,694196,CR-0000098153,0,1,0,0,23-133-3005,False,False,0,5/13/2023 1:21:00 AM,No Pedestrians Involved,Dry,No Unusual Conditions,Dark - Street Light,Violation Driver 1,Controls Functioning,Clear,Head On,Intersection,Motorcycle,Not Applicable,Not Applicable,At,,False,False,4410,ALMADEN AV,SANTA CLARA ST,37.33461738,-121.8938229
8073,712163,CR-0000101470,0,0,0,0,23-256-4008,False,True,51,9/13/2023 5:18:00 PM,No Pedestrians Involved,Unknown,Unknown,Unknown,Unknown,Unknown,Unknown,Rear End,Non-Related,Other Vehicle,Not Applicable,Not Applicable,East Of,,False,False,4410,ALMADEN AV,SANTA CLARA ST,37.33461738,-121.8938229
8074,712111,CR-0000100897,0,0,0,0,23-188-9715,False,True,51,7/7/2023 1:33:00 PM,No Pedestrians Involved,Dry,No Unusual Conditions,Daylight,Unknown,Controls Functioning,Clear,Other,Non-Related,Other Vehicle,Not Applicable,Not Applicable,East Of,,False,False,4410,ALMADEN AV,SANTA CLARA ST,37.33461738,-121.8938229
8075,681419,CR-0000090809,1,0,0,0,22-025-0189,False,False,91,1/25/2022 9:20:00 AM,No Pedestrians Involved,Dry,Unknown,Daylight,Violation Driver 1,Controls Functioning,Clear,Head On,Non-Related,Other Vehicle,Not Applicable,Not Applicable,West Of,,False,False,60213,FIRST ST,GOODYEAR ST/KEYES ST,37.32002646,-121.8776218
8076,683470,CR-0000093066,2,0,0,0,22-085-0016,False,False,230,3/26/2022 12:18:00 AM,No Pedestrians Involved,Dry,No Unusual Conditions,Dark - Street Light,Violation Driver 1,Controls Functioning,Clear,Broadside,Non-Related,Other Vehicle,Not Applicable,Not Applicable,South Of,,True,False,60213,FIRST ST,GOODYEAR ST/KEYES ST,37.32002646,-121.8776218
8077,692512,CR-0000097801,0,0,0,0,23-072-1055,True,False,93,3/13/2023 11:52:00 PM,No Pedestrians Involved,Dry,No Unusual Conditions,Dark - Street Light,Violation Driver 1,Controls Functioning,Clear,Hit Object,Non-Related,Fixed Object,Not Applicable,Not Applicable,West Of,,False,False,60213,FIRST ST,GOODYEAR ST/KEYES ST,37.32002646,-121.8776218
8078,711942,CR-0000101318,0,0,0,0,23-340-0718,False,False,0,12/6/2023 5:48:00 PM,No Pedestrians Involved,Wet,No Unusual Conditions,Dark - Street Light,Violation Driver 1,Controls Functioning,Clear,Sideswipe,Intersection,Other Vehicle,Not Applicable,Not Applicable,At,,True,False,60213,FIRST ST,GOODYEAR ST/KEYES ST,37.32002646,-121.8776218
8079,722018,CR-0000103272,0,0,0,0,24-057-0607,False,False,0,2/26/2024 4:00:00 PM,No Pedestrians Involved,Dry,No Unusual Conditions,Daylight,Violation Driver 1,Controls Functioning,Clear,Broadside,Intersection,Other Vehicle,Not Applicable,Not Applicable,At,,False,False,60213,FIRST ST,GOODYEAR ST/KEYES ST,37.32002646,-121.8776218
8080,682665,CR-0000092241,0,0,0,0,22-131-4003,False,True,0,5/7/2022 4:15:00 PM,No Pedestrians Involved,Unknown,Unknown,Daylight,Unknown,Unknown,Unknown,Broadside,Intersection,Other Vehicle,Not Applicable,Not Applicable,At,,False,False,33516,CARLYSLE ST,NOTRE DAME AV,37.33528429,-121.895393
8081,689094,CR-0000094943,0,0,0,0,22-302-0527,False,False,38,10/29/2022 3:27:00 PM,No Pedestrians Involved,Unknown,No Unusual Conditions,Daylight,Violation Driver 1,No Controls Present/Factor,Unknown,Other,Related,Parked Vehicle,Not Applicable,Not Applicable,South Of,,False,True,33516,CARLYSLE ST,NOTRE DAME AV,37.33528429,-121.895393
8082,684748,CR-0000093422,0,0,0,0,22-190-4000,False,True,,7/9/2022 10:00:00 AM,No Pedestrians Involved,Unknown,Unknown,Daylight,Unknown,Unknown,Unknown,Sideswipe,Related,Unknown,Not Applicable,Not Applicable,South Of,,False,True,33516,CARLYSLE ST,NOTRE DAME AV,37.33528429,-121.895393
8083,690786,CR-0000096924,0,0,0,0,23-022-0565,False,False,109,1/22/2023 5:00:00 PM,In Road - Includes Shoulder,Dry,No Unusual Conditions,Daylight,Unknown,No Controls Present/Factor,Clear,Vehicle/Pedestrian,Non-Related,Pedestrian,No Direction (Not Walking),No Direction (Not Walking),West Of,PED,False,False,33516,CARLYSLE ST,NOTRE DAME AV,37.33528429,-121.895393
8084,696254,CR-0000099401,4,0,0,0,23-190-0589,False,False,48,7/9/2023 5:46:00 PM,No Pedestrians Involved,Dry,No Unusual Conditions,Daylight,Violation Driver 1,Unknown,Clear,Rear End,Related,Other Vehicle,Not Applicable,Not Applicable,South Of,,True,False,33516,CARLYSLE ST,NOTRE DAME AV,37.33528429,-121.895393
8085,712008,CR-0000101273,0,0,0,0,23-199-4003,False,True,51,7/17/2023 10:00:00 AM,No Pedestrians Involved,Unknown,Unknown,Unknown,Unknown,Unknown,Unknown,Other,Non-Related,Parked Vehicle,Not Applicable,Not Applicable,South Of,,False,False,33516,CARLYSLE ST,NOTRE DAME AV,37.33528429,-121.895393
8086,712103,CR-0000101512,0,0,0,0,23-137-4002,False,True,51,5/13/2023 5:00:00 PM,No Pedestrians Involved,Unknown,Unknown,Unknown,Unknown,Unknown,Unknown,Other,Non-Related,Parked Vehicle,Not Applicable,Not Applicable,West Of,,False,True,33516,CARLYSLE ST,NOTRE DAME AV,37.33528429,-121.895393
8087,681513,CR-0000090904,1,0,0,0,22-037-0425,False,False,160,2/6/2022 1:06:00 PM,No Pedestrians Involved,Dry,No Unusual Conditions,Daylight,Violation Driver 1,Unknown,Clear,Rear End,Non-Related,Parked Vehicle,Not Applicable,Not Applicable,South Of,,True,False,96601,NOTRE DAME AV,ST JOHN ST,37.33618145,-121.8960288
8088,681733,CR-0000091133,0,0,0,0,22-050-0740,False,False,0,2/19/2022 8:03:00 PM,No Pedestrians Involved,Dry,No Unusual Conditions,Dark - Street Light,Violation Driver 1,No Controls Present/Factor,Clear,Rear End,Intersection,Other Vehicle,Not Applicable,Not Applicable,At,,False,False,96601,NOTRE DAME AV,ST JOHN ST,37.33618145,-121.8960288
8089,694754,CR-0000098788,0,1,0,0,23-221-0527,False,False,0,8/9/2023 3:10:00 PM,No Pedestrians Involved,Dry,No Unusual Conditions,Daylight,Violation Driver 1,Controls Functioning,Clear,Broadside,Intersection,Other Vehicle,Not Applicable,Not Applicable,At,,False,False,96601,NOTRE DAME AV,ST JOHN ST,37.33618145,-121.8960288
8090,683070,CR-0000092643,0,0,0,0,22-173-0536,False,False,0,6/22/2022 1:33:00 PM,No Pedestrians Involved,Dry,No Unusual Conditions,Daylight,Violation Driver 1,Controls Functioning,Clear,Broadside,Intersection,Other Vehicle,Not Applicable,Not Applicable,At,,False,True,106688,SAN PEDRO ST,ST JAMES ST,37.33801743,-121.8950473
8091,699171,CR-0000100490,0,0,0,0,23-176-0652,True,False,18,6/25/2023 5:45:00 PM,No Pedestrians Involved,Dry,No Unusual Conditions,Daylight,Violation Driver 1,Controls Functioning,Clear,Hit Object,Related,Fixed Object,Not Applicable,Not Applicable,North Of,LIGHTPOLE,False,False,106688,SAN PEDRO ST,ST JAMES ST,37.33801743,-121.8950473
8092,722282,CR-0000103576,0,0,0,0,24-085-0767,False,False,48,3/25/2024 5:57:00 PM,No Pedestrians Involved,Dry,No Unusual Conditions,Daylight,Violation Driver 1,Controls Functioning,Clear,Sideswipe,Related,Motor Vehicle On Other Roadway,Not Applicable,Not Applicable,North Of,,False,False,106688,SAN PEDRO ST,ST JAMES ST,37.33801743,-121.8950473
8093,685392,CR-0000094127,0,0,0,0,22-271-0048,False,False,102,9/28/2022 4:00:00 AM,No Pedestrians Involved,Dry,No Unusual Conditions,Daylight,Violation Driver 1,Controls Obscured,Clear,Rear End,Non-Related,Parked Vehicle,Not Applicable,Not Applicable,South Of,,False,True,108756,SHERMAN ST,WILLOW ST,37.32034778,-121.879746
8094,699341,CR-0000100668,0,0,0,0,23-170-0072,False,False,33,6/19/2023 1:32:00 AM,No Pedestrians Involved,Dry,No Unusual Conditions,Dark - Street Light,Violation Driver 1,No Controls Present/Factor,Clear,Rear End,Related,Parked Vehicle,Not Applicable,Not Applicable,East Of,,False,True,108756,SHERMAN ST,WILLOW ST,37.32034778,-121.879746
8095,698796,CR-0000100077,1,0,0,0,23-351-0024,False,False,0,12/16/2023 11:40:00 PM,No Pedestrians Involved,Dry,No Unusual Conditions,Dark - Street Light,Violation Driver 1,Controls Functioning,Clear,Broadside,Intersection,Motor Vehicle On Other Roadway,Not Applicable,Not Applicable,At,,False,True,108756,SHERMAN ST,WILLOW ST,37.32034778,-121.879746
8096,711895,CR-0000101365,0,0,0,0,23-321-0667,False,False,0,11/17/2023 5:52:00 PM,No Pedestrians Involved,Wet,No Unusual Conditions,Dark - Street Light,Violation Driver 1,Controls Functioning,Rain,Sideswipe,Intersection,Other Vehicle,Not Applicable,Not Applicable,At,,False,False,92971,MONTGOMERY ST,SAN FERNANDO ST,37.32918283,-121.9010387
8097,690768,CR-0000096906,0,0,0,0,23-024-0644,False,False,51,1/24/2023 3:55:00 PM,No Pedestrians Involved,Dry,No Unusual Conditions,Dusk - Dawn,Unknown,No Controls Present/Factor,Clear,Broadside,Non-Related,Other Vehicle,Not Applicable,Not Applicable,South Of,,False,False,106512,SAN FERNANDO ST,WHITE ST,37.3290642,-121.9037471
8098,687645,CR-0000094438,1,0,0,0,22-270-0446,False,False,0,9/27/2022 12:38:00 PM,No Pedestrians Involved,Dry,No Unusual Conditions,Daylight,Violation Driver 1,No Controls Present/Factor,Clear,Sideswipe,Intersection,Other Vehicle,Not Applicable,Not Applicable,At,,False,False,87713,MARGARET ST,THIRD ST,37.32659579,-121.8805868
8099,682635,CR-0000092211,0,0,0,0,22-153-0125,True,False,350,6/2/2022 4:27:00 AM,No Pedestrians Involved,Dry,No Unusual Conditions,Dark - Street Light,Violation Driver 1,No Controls Present/Factor,Clear,Sideswipe,Non-Related,Parked Vehicle,Not Applicable,Not Applicable,East Of,"LIGHT POLE, TREE",True,True,87713,MARGARET ST,THIRD ST,37.32659579,-121.8805868
8100,689821,CR-0000095847,0,1,0,0,22-335-0315,False,False,0,12/1/2022 10:54:00 AM,No Pedestrians Involved,Wet,No Unusual Conditions,Daylight,Violation Driver 1,No Controls Present/Factor,Rain,Broadside,Intersection,Other Vehicle,Not Applicable,Not Applicable,At,,False,False,87713,MARGARET ST,THIRD ST,37.32659579,-121.8805868
8101,698670,CR-0000099906,1,0,0,0,23-223-0921,False,False,0,8/11/2023 10:10:00 PM,No Pedestrians Involved,Dry,No Unusual Conditions,Dark - Street Light,Violation Driver 1,No Controls Present/Factor,Clear,Vehicle/Bike,Intersection,Bike,Not Applicable,Not Applicable,At,BIKE,False,False,87713,MARGARET ST,THIRD ST,37.32659579,-121.8805868
8102,719823,CR-0000102996,0,2,0,0,24-037-0711,False,False,0,2/6/2024 5:20:00 PM,No Pedestrians Involved,Dry,No Unusual Conditions,Daylight,Violation Driver 1,No Controls Present/Factor,Clear,Sideswipe,Intersection,Other Vehicle,Not Applicable,Not Applicable,At,,False,False,87713,MARGARET ST,THIRD ST,37.32659579,-121.8805868
8103,689092,CR-0000094941,0,2,0,0,22-293-0367,False,False,50,10/20/2022 11:13:00 AM,No Pedestrians Involved,Dry,No Unusual Conditions,Daylight,Violation Driver 1,No Controls Present/Factor,Clear,Broadside,Related,Other Vehicle,Not Applicable,Not Applicable,South Of,,False,False,40523,CLINTON PL,STOCKTON AV,37.3333174,-121.9054012
8104,718478,CR-0000102566,1,1,0,0,24-085-0612,False,False,225,3/25/2024 3:28:00 PM,No Pedestrians Involved,Dry,No Unusual Conditions,Daylight,Violation Driver 1,No Controls Present/Factor,Clear,Head On,Non-Related,Other Vehicle,Not Applicable,Not Applicable,South Of,,False,False,40523,CLINTON PL,STOCKTON AV,37.3333174,-121.9054012
8105,699199,CR-0000100520,0,0,0,0,23-168-0572,False,False,50,6/17/2023 5:12:00 PM,No Pedestrians Involved,Dry,No Unusual Conditions,Daylight,Violation Driver 1,No Controls Present/Factor,Clear,Sideswipe,Related,Parked Vehicle,Not Applicable,Not Applicable,West Of,,False,False,2551,ALAMEDA,MORRISON AV,37.33165285,-121.9083962
8106,690638,CR-0000096760,0,0,0,0,23-031-0396,False,False,0,1/31/2023 11:30:00 AM,No Pedestrians Involved,Dry,No Unusual Conditions,Daylight,Violation Driver 1,No Controls Present/Factor,Clear,Rear End,Intersection,Other Vehicle,Not Applicable,Not Applicable,At,,True,True,2551,ALAMEDA,MORRISON AV,37.33165285,-121.9083962
8107,721969,CR-0000103223,0,0,0,0,24-049-4009,False,True,0,2/18/2024 8:15:00 PM,No Pedestrians Involved,Unknown,Unknown,Unknown,Unknown,Unknown,Unknown,Sideswipe,Intersection,Other Vehicle,Not Applicable,Not Applicable,At,,False,False,2551,ALAMEDA,MORRISON AV,37.33165285,-121.9083962
8108,682341,CR-0000091905,0,0,0,0,22-100-0555,False,False,51,4/9/2022 6:35:00 AM,No Pedestrians Involved,Dry,No Unusual Conditions,Daylight,Violation Driver 1,No Controls Present/Factor,Clear,Rear End,Non-Related,Parked Vehicle,Not Applicable,Not Applicable,South Of,,False,True,39522,CINNABAR ST,MORRISON AV,37.33437321,-121.9093767
8109,682647,CR-0000092223,0,0,0,0,22-132-9702,False,True,0,5/12/2022 5:50:00 PM,No Pedestrians Involved,Unknown,Unknown,Unknown,Violation Driver 1,Controls Functioning,Unknown,Head On,Intersection,Other Vehicle,Not Applicable,Not Applicable,At,,False,False,87670,MARGARET ST,SECOND ST,37.32609546,-121.8816354
8110,681748,CR-0000091148,1,0,0,0,22-052-0404,False,False,0,2/21/2022 1:28:00 PM,No Pedestrians Involved,Dry,No Unusual Conditions,Daylight,Violation Driver 1,Controls Functioning,Clear,Broadside,Intersection,Other Vehicle,Not Applicable,Not Applicable,At,,False,False,87670,MARGARET ST,SECOND ST,37.32609546,-121.8816354
8111,689659,CR-0000095641,0,0,0,0,22-353-0008,False,False,156,12/19/2022 12:03:00 AM,No Pedestrians Involved,Dry,No Unusual Conditions,Dark - Street Light,Violation Driver 1,Controls Functioning,Clear,Head On,Non-Related,Parked Vehicle,Not Applicable,Not Applicable,South Of,,False,False,87670,MARGARET ST,SECOND ST,37.32609546,-121.8816354
8112,719782,CR-0000102956,0,0,0,0,24-034-0367,False,False,90,2/3/2024 11:35:00 AM,No Pedestrians Involved,Dry,No Unusual Conditions,Dark - Street Light,Unknown,Controls Functioning,Clear,Head On,Non-Related,Parked Vehicle,Not Applicable,Not Applicable,South Of,,False,True,87670,MARGARET ST,SECOND ST,37.32609546,-121.8816354
8113,694521,CR-0000098515,2,0,0,0,23-192-0640,False,False,79,7/11/2023 4:32:00 PM,No Pedestrians Involved,Dry,No Unusual Conditions,Daylight,Violation Driver 1,No Controls Present/Factor,Clear,Sideswipe,Non-Related,Other Vehicle,Not Applicable,Not Applicable,South Of,,False,False,39533,CINNABAR ST,STOCKTON AV,37.33548934,-121.9077719
8114,717437,CR-0000102461,1,0,0,0,24-083-0952,False,False,141,3/23/2024 11:48:00 PM,In Road - Includes Shoulder,Wet,No Unusual Conditions,Dark - Street Light,Pedestrian At Fault,No Controls Present/Factor,Rain,Vehicle/Pedestrian,Non-Related,Pedestrian,No Direction (Not Walking),Not Applicable,North Of,PED,False,False,39533,CINNABAR ST,STOCKTON AV,37.33548934,-121.9077719
8115,711814,CR-0000101055,0,0,0,0,23-298-4001,False,True,,10/23/2023 9:20:00 AM,No Pedestrians Involved,Unknown,Unknown,Unknown,Unknown,Unknown,Unknown,Other,Related,Parked Vehicle,Not Applicable,Not Applicable,Unknown,,False,False,39533,CINNABAR ST,STOCKTON AV,37.33548934,-121.9077719
8116,711717,CR-0000101114,0,0,0,0,23-274-4008,False,True,51,9/30/2023 6:28:00 PM,No Pedestrians Involved,Unknown,Unknown,Unknown,Unknown,Unknown,Unknown,Other,Non-Related,Other Vehicle,Not Applicable,Not Applicable,Unknown,,False,False,39533,CINNABAR ST,STOCKTON AV,37.33548934,-121.9077719
8117,699473,CR-0000100804,0,0,0,0,23-200-0169,False,False,154,7/18/2023 10:00:00 PM,No Pedestrians Involved,Dry,No Unusual Conditions,Daylight,Unknown,No Controls Present/Factor,Clear,Rear End,Non-Related,Parked Vehicle,Not Applicable,Not Applicable,North Of,,False,True,39533,CINNABAR ST,STOCKTON AV,37.33548934,-121.9077719
8118,712240,CR-0000101686,0,0,0,0,23-353-4006,False,True,51,6/27/2023 12:15:00 PM,No Pedestrians Involved,Unknown,Unknown,Unknown,Unknown,Unknown,Unknown,Broadside,Non-Related,Other Vehicle,Not Applicable,Not Applicable,North Of,,False,False,39533,CINNABAR ST,STOCKTON AV,37.33548934,-121.9077719
8119,681304,CR-0000090690,1,0,0,0,22-011-0468,False,False,29,1/11/2022 12:48:00 PM,No Pedestrians Involved,Dry,No Unusual Conditions,Daylight,Violation Driver 1,Controls Functioning,Clear,Rear End,Related,Other Vehicle,Not Applicable,Not Applicable,North Of,,False,False,55923,ELEVENTH ST,VIRGINIA ST,37.32950768,-121.871298
8120,689078,CR-0000094935,1,0,0,0,22-297-0781,False,False,0,10/24/2022 6:55:00 PM,No Pedestrians Involved,Dry,No Unusual Conditions,Dark - Street Light,Violation Driver 1,Controls Functioning,Clear,Vehicle/Bike,Intersection,Bike,Not Applicable,Not Applicable,At,BIKE,False,False,55868,ELEVENTH ST,SINCLAIR FR,37.3288794,-121.8712949
8121,695827,CR-0000098892,0,0,0,0,23-092-9706,False,True,0,4/2/2023 1:00:00 AM,No Pedestrians Involved,Dry,No Unusual Conditions,Dark - Street Light,Unknown,Controls Functioning,Clear,Sideswipe,Intersection,Other Vehicle,Not Applicable,Not Applicable,At,,False,False,55868,ELEVENTH ST,SINCLAIR FR,37.3288794,-121.8712949
8122,696087,CR-0000099222,0,0,0,0,23-070-0109,False,False,0,3/11/2023 2:30:00 AM,No Pedestrians Involved,Wet,No Unusual Conditions,Dark - Street Light,Violation Driver 1,Controls Functioning,Clear,Head On,Intersection,Other Vehicle,Not Applicable,Not Applicable,At,,True,True,55868,ELEVENTH ST,SINCLAIR FR,37.3288794,-121.8712949
8123,699369,CR-0000100696,0,0,0,0,23-184-4003,False,True,0,7/3/2023 11:43:00 AM,No Pedestrians Involved,Unknown,Unknown,Unknown,Unknown,Unknown,Unknown,Broadside,Intersection,Unknown,Not Applicable,Not Applicable,At,,False,False,55868,ELEVENTH ST,SINCLAIR FR,37.3288794,-121.8712949
8124,689721,CR-0000095733,0,1,0,0,22-359-0266,False,False,0,12/25/2022 9:26:00 AM,No Pedestrians Involved,Dry,No Unusual Conditions,Daylight,Violation Driver 1,Controls Functioning,Clear,Broadside,Intersection,Other Vehicle,Not Applicable,Not Applicable,At,,False,False,55868,ELEVENTH ST,SINCLAIR FR,37.3288794,-121.8712949
8125,694044,CR-0000097887,1,0,0,0,23-098-0727,False,False,0,4/8/2023 7:27:00 PM,No Pedestrians Involved,Dry,No Unusual Conditions,Daylight,Violation Driver 1,Controls Functioning,Clear,Broadside,Intersection,Other Vehicle,Not Applicable,Not Applicable,At,,True,True,55868,ELEVENTH ST,SINCLAIR FR,37.3288794,-121.8712949
8126,690978,CR-0000097149,1,0,0,0,23-035-0188,False,False,0,2/4/2023 8:27:00 AM,No Pedestrians Involved,Wet,No Unusual Conditions,Daylight,Unknown,Controls Functioning,Rain,Broadside,Intersection,Other Vehicle,Not Applicable,Not Applicable,At,,False,False,55868,ELEVENTH ST,SINCLAIR FR,37.3288794,-121.8712949
8127,722070,CR-0000103324,0,0,0,0,24-063-0342,True,False,0,3/3/2024 11:00:00 AM,No Pedestrians Involved,Dry,No Unusual Conditions,Daylight,Violation Driver 1,Unknown,Clear,Broadside,Intersection,Other Vehicle,Not Applicable,Not Applicable,At,SIGN,False,False,55868,ELEVENTH ST,SINCLAIR FR,37.3288794,-121.8712949
8128,720832,CR-0000103035,0,0,0,0,24-042-0098,False,False,0,2/11/2024 2:19:00 AM,No Pedestrians Involved,Unknown,No Unusual Conditions,Dusk - Dawn,Violation Driver 1,Controls Functioning,Clear,Broadside,Intersection,Other Vehicle,Not Applicable,Not Applicable,At,,False,False,55868,ELEVENTH ST,SINCLAIR FR,37.3288794,-121.8712949
8129,689734,CR-0000095746,0,0,0,0,22-354-0058,True,False,156,12/20/2022 1:45:00 AM,No Pedestrians Involved,Dry,No Unusual Conditions,Dark - Street Light,Violation Driver 1,Controls Functioning,Clear,Hit Object,Non-Related,Fixed Object,Not Applicable,Not Applicable,East Of,GUARDRAIL,False,True,77725,JULIAN ST,STOCKTON AV,37.33376932,-121.905899
8130,681506,CR-0000090896,0,0,0,0,22-036-0447,False,False,0,2/5/2022 1:27:00 PM,No Pedestrians Involved,Dry,No Unusual Conditions,Daylight,Violation Driver 1,Controls Functioning,Clear,Rear End,Intersection,Other Vehicle,Not Applicable,Not Applicable,At,,False,False,115477,ALUM ROCK AV,BAYSHORE FR,37.35030429,-121.8608178
8131,681745,CR-0000091145,0,1,0,0,22-052-0130,False,False,0,2/21/2022 6:19:00 AM,Crossing In Crosswalk - At Intersection,Dry,No Unusual Conditions,Dusk - Dawn,Violation Driver 1,Controls Functioning,Clear,Vehicle/Pedestrian,Intersection,Pedestrian,North,South,At,PED,False,False,115477,ALUM ROCK AV,BAYSHORE FR,37.35030429,-121.8608178
8132,682544,CR-0000092111,2,0,0,0,22-127-0333,False,False,0,5/7/2022 10:46:00 AM,No Pedestrians Involved,Dry,No Unusual Conditions,Daylight,Violation Driver 1,Controls Functioning,Clear,Rear End,Intersection,Motor Vehicle On Other Roadway,Not Applicable,Not Applicable,At,,False,False,115477,ALUM ROCK AV,BAYSHORE FR,37.35030429,-121.8608178
8133,682585,CR-0000092152,1,1,0,0,22-140-1032,False,False,81,5/20/2022 10:08:00 PM,No Pedestrians Involved,Dry,No Unusual Conditions,Dark - Street Light,Violation Driver 1,Controls Functioning,Clear,Head On,Non-Related,Other Vehicle,Not Applicable,Not Applicable,East Of,,True,False,115477,ALUM ROCK AV,BAYSHORE FR,37.35030429,-121.8608178
8134,689838,CR-0000095864,1,0,0,0,22-359-0599,False,False,0,12/25/2022 7:53:00 PM,No Pedestrians Involved,Dry,No Unusual Conditions,Dark - Street Light,Violation Driver 1,Controls Functioning,Clear,Broadside,Intersection,Other Vehicle,Not Applicable,Not Applicable,At,,False,True,115477,ALUM ROCK AV,BAYSHORE FR,37.35030429,-121.8608178
8135,690359,CR-0000096454,0,0,0,0,22-244-9705,False,True,51,8/31/2022 10:00:00 PM,No Pedestrians Involved,Dry,No Unusual Conditions,Dark - Street Light,Unknown,Controls Functioning,Clear,Sideswipe,Non-Related,Other Vehicle,Not Applicable,Not Applicable,East Of,,False,True,115477,ALUM ROCK AV,BAYSHORE FR,37.35030429,-121.8608178
8136,696035,CR-0000099170,0,0,0,0,23-197-0300,False,False,51,7/16/2023 8:30:00 AM,No Pedestrians Involved,Dry,No Unusual Conditions,Daylight,Violation Driver 1,Controls Functioning,Clear,Sideswipe,Non-Related,Other Vehicle,Not Applicable,Not Applicable,East Of,,False,True,115477,ALUM ROCK AV,BAYSHORE FR,37.35030429,-121.8608178