_id,CrashFactId,Name,MinorInjuries,ModerateInjuries,SevereInjuries,FatalInjuries,TcrNumber,CityDamageFlag,ShortFormFlag,Distance,CrashDateTime,PedestrianAction,RoadwaySurface,RoadwayCondition,Lighting,PrimaryCollisionFactor,TrafficControl,Weather,CollisionType,ProximityToIntersection,VehicleInvolvedWith,PedestrianDirectionFrom,PedestrianDirectionTo,DirectionFromIntersection,Comment,SpeedingFlag,HitAndRunFlag,IntersectionNumber,AStreetName,BStreetName,Latitude,Longitude
8137,695825,CR-0000098890,0,0,0,0,23-096-9703,False,False,51,4/2/2023 8:00:00 PM,No Pedestrians Involved,Dry,No Unusual Conditions,Dark - Street Light,Unknown,No Controls Present/Factor,Clear,Rear End,Non-Related,Other Vehicle,Not Applicable,Not Applicable,East Of,,False,False,115477,ALUM ROCK AV,BAYSHORE FR,37.35030429,-121.8608178
8138,719679,CR-0000102850,0,0,0,0,24-016-4004,False,True,0,1/15/2024 1:50:00 PM,No Pedestrians Involved,Unknown,Unknown,Unknown,Violation Driver 1,Unknown,Unknown,Broadside,Intersection,Other Vehicle,Not Applicable,Not Applicable,At,,False,False,115477,ALUM ROCK AV,BAYSHORE FR,37.35030429,-121.8608178
8139,722030,CR-0000103284,0,0,0,0,24-060-9708,False,True,51,2/27/2024 7:00:00 PM,No Pedestrians Involved,Dry,Other,Unknown,Unknown,No Controls Present/Factor,Other,Sideswipe,Non-Related,Other Vehicle,Not Applicable,Not Applicable,North Of,,False,False,115477,ALUM ROCK AV,BAYSHORE FR,37.35030429,-121.8608178
8140,722222,CR-0000103488,0,0,0,0,24-082-9713,False,True,0,3/21/2024 12:03:00 AM,No Pedestrians Involved,Dry,No Unusual Conditions,Dark - Street Light,Unknown,Controls Functioning,Clear,Sideswipe,Intersection,Other Vehicle,Not Applicable,Not Applicable,At,,False,False,115477,ALUM ROCK AV,BAYSHORE FR,37.35030429,-121.8608178
8141,682386,CR-0000091950,0,0,0,0,22-105-1001,False,False,81,4/15/2022 11:15:00 PM,No Pedestrians Involved,Dry,No Unusual Conditions,Dark - Street Light,Violation Driver 1,Controls Functioning,Clear,Sideswipe,Non-Related,Other Vehicle,Not Applicable,Not Applicable,West Of,,True,True,15014,BAYSHORE FR,SANTA CLARA ST,37.34956628,-121.8623364
8142,682891,CR-0000092503,1,0,0,0,22-177-0874,False,False,0,6/26/2022 9:16:00 PM,No Pedestrians Involved,Dry,No Unusual Conditions,Dark - Street Light,Violation Driver 1,Controls Functioning,Clear,Sideswipe,Intersection,Other Vehicle,Not Applicable,Not Applicable,At,,False,True,15014,BAYSHORE FR,SANTA CLARA ST,37.34956628,-121.8623364
8143,682093,CR-0000091630,1,0,0,0,22-105-0279,False,False,0,4/15/2022 10:30:00 AM,No Pedestrians Involved,Dry,No Unusual Conditions,Daylight,Violation Driver 1,Controls Functioning,Clear,Broadside,Intersection,Other Vehicle,Not Applicable,Not Applicable,At,,False,False,15014,BAYSHORE FR,SANTA CLARA ST,37.34956628,-121.8623364
8144,682155,CR-0000091698,2,0,0,0,22-092-0802,False,True,0,4/2/2022 9:10:00 PM,No Pedestrians Involved,Dry,No Unusual Conditions,Dark - Street Light,Violation Driver 1,Controls Functioning,Clear,Head On,Intersection,Other Vehicle,Not Applicable,Not Applicable,At,,False,False,15014,BAYSHORE FR,SANTA CLARA ST,37.34956628,-121.8623364
8145,685188,CR-0000093866,2,0,0,0,22-241-0123,False,False,0,8/29/2022 2:55:00 AM,No Pedestrians Involved,Dry,No Unusual Conditions,Dusk - Dawn,Violation Driver 1,Controls Functioning,Clear,Rear End,Intersection,Other Vehicle,Not Applicable,Not Applicable,At,,False,False,15014,BAYSHORE FR,SANTA CLARA ST,37.34956628,-121.8623364
8146,698738,CR-0000099990,1,0,0,0,23-267-0194,False,False,188,9/24/2023 5:50:00 AM,No Pedestrians Involved,Dry,No Unusual Conditions,Daylight,Violation Driver 1,Controls Functioning,Clear,Rear End,Non-Related,Other Vehicle,Not Applicable,Not Applicable,West Of,,True,False,15014,BAYSHORE FR,SANTA CLARA ST,37.34956628,-121.8623364
8147,698790,CR-0000100071,1,0,0,0,23-357-0545,False,False,0,12/23/2023 3:51:00 PM,No Pedestrians Involved,Dry,No Unusual Conditions,Daylight,Violation Driver 1,Controls Functioning,Clear,Broadside,Intersection,Other Vehicle,Not Applicable,Not Applicable,At,,False,True,15014,BAYSHORE FR,SANTA CLARA ST,37.34956628,-121.8623364
8148,716382,CR-0000102339,1,1,0,0,24-032-0238,False,False,0,2/1/2024 9:33:00 AM,No Pedestrians Involved,Wet,No Unusual Conditions,Daylight,Violation Driver 1,Controls Functioning,Rain,Head On,Intersection,Other Vehicle,Not Applicable,Not Applicable,At,,False,True,15014,BAYSHORE FR,SANTA CLARA ST,37.34956628,-121.8623364
8149,690986,CR-0000097157,1,0,0,0,23-034-0166,False,False,174,2/3/2023 7:05:00 AM,No Pedestrians Involved,Wet,Unknown,Daylight,Violation Driver 1,Controls Functioning,Rain,Broadside,Non-Related,Other Vehicle,Not Applicable,Not Applicable,West Of,,False,False,108811,SHORTRIDGE AV,THIRTY FOURTH ST,37.35113089,-121.8566621
8150,722096,CR-0000103350,0,0,0,0,24-067-0979,False,False,53,3/7/2024 9:44:00 PM,No Pedestrians Involved,Dry,Unknown,Dark - Street Light,Violation Driver 1,No Controls Present/Factor,Unknown,Broadside,Non-Related,Other Vehicle,Not Applicable,Not Applicable,South Of,,False,True,79595,KING RD,SHORTRIDGE AV,37.35201908,-121.8547955
8151,685313,CR-0000093994,0,0,0,0,22-249-0218,False,False,164,9/5/2022 10:00:00 PM,No Pedestrians Involved,Dry,No Unusual Conditions,Dusk - Dawn,Violation Driver 1,No Controls Present/Factor,Unknown,Rear End,Non-Related,Parked Vehicle,Not Applicable,Not Applicable,North Of,,False,True,107150,ALUM ROCK AV,THIRTY FOURTH ST,37.35196953,-121.8572743
8152,682503,CR-0000092070,0,0,0,0,22-093-0435,False,False,51,4/3/2022 12:53:00 PM,No Pedestrians Involved,Dry,No Unusual Conditions,Daylight,Violation Driver 1,Controls Functioning,Clear,Sideswipe,Non-Related,Parked Vehicle,Not Applicable,Not Applicable,West Of,,False,True,107150,ALUM ROCK AV,THIRTY FOURTH ST,37.35196953,-121.8572743
8153,691362,CR-0000097611,1,0,0,0,23-060-9705,False,False,51,2/28/2023 10:00:00 PM,No Pedestrians Involved,Wet,No Unusual Conditions,Dark - Street Light,Unknown,Unknown,Rain,Broadside,Non-Related,Other Vehicle,Not Applicable,Not Applicable,North Of,,False,False,107150,ALUM ROCK AV,THIRTY FOURTH ST,37.35196953,-121.8572743
8154,699348,CR-0000100675,0,0,0,0,23-182-4002,False,True,51,6/30/2022 10:30:00 PM,No Pedestrians Involved,Unknown,Unknown,Unknown,Unknown,Unknown,Unknown,Other,Non-Related,Parked Vehicle,Not Applicable,Not Applicable,North Of,,False,False,107150,ALUM ROCK AV,THIRTY FOURTH ST,37.35196953,-121.8572743
8155,720906,CR-0000103132,0,0,0,0,24-029-0844,False,False,51,1/30/2024 5:15:00 PM,No Pedestrians Involved,Dry,No Unusual Conditions,Dark - Street Light,Violation Driver 1,Controls Functioning,Clear,Broadside,Non-Related,Other Vehicle,Not Applicable,Not Applicable,West Of,,False,True,107150,ALUM ROCK AV,THIRTY FOURTH ST,37.35196953,-121.8572743
8156,691151,CR-0000097352,0,0,0,0,23-036-0170,True,False,624,2/5/2023 4:43:00 AM,No Pedestrians Involved,Wet,No Unusual Conditions,Dark - Street Light,Unknown,No Controls Present/Factor,Rain,Hit Object,Non-Related,Fixed Object,Not Applicable,Not Applicable,South Of,"Signage, tree",False,True,124442,FARNSWORTH DR,SILVER CREEK VALLEY RD,37.2841058,-121.7737492
8157,691127,CR-0000097323,0,0,0,0,23-032-0739,False,False,111,2/1/2023 6:43:00 PM,No Pedestrians Involved,Dry,No Unusual Conditions,Dark - Street Light,Violation Driver 1,No Controls Present/Factor,Clear,Rear End,Non-Related,Other Vehicle,Not Applicable,Not Applicable,North Of,,False,True,124442,FARNSWORTH DR,SILVER CREEK VALLEY RD,37.2841058,-121.7737492
8158,716220,CR-0000102172,0,0,0,0,24-036-0480,True,False,21,2/5/2024 1:36:00 PM,No Pedestrians Involved,Wet,No Unusual Conditions,Daylight,Violation Driver 1,No Controls Present/Factor,Rain,Hit Object,Related,Fixed Object,Not Applicable,Not Applicable,South Of,"TREE, MEDIAN",True,False,124442,FARNSWORTH DR,SILVER CREEK VALLEY RD,37.2841058,-121.7737492
8159,690686,CR-0000096821,2,0,0,0,23-002-0604,False,False,210,1/2/2023 6:08:00 PM,No Pedestrians Involved,Wet,No Unusual Conditions,Dark - Street Light,Violation Driver 1,Controls Functioning,Clear,Rear End,Non-Related,Other Vehicle,Not Applicable,Not Applicable,East Of,,True,False,116368,BERNAL RD,SOUTH VALLEY FR,37.24322853,-121.7726981
8160,696160,CR-0000099303,0,0,0,0,23-099-9702,False,True,51,4/8/2023 4:15:00 PM,No Pedestrians Involved,Dry,No Unusual Conditions,Daylight,Unknown,Controls Functioning,Clear,Broadside,Non-Related,Other Vehicle,Not Applicable,Not Applicable,South Of,,False,False,116368,BERNAL RD,SOUTH VALLEY FR,37.24322853,-121.7726981
8161,716213,CR-0000102166,1,0,0,0,24-033-0863,False,False,0,2/2/2024 8:52:00 PM,No Pedestrians Involved,Wet,No Unusual Conditions,Dark - Street Light,Violation Driver 1,Controls Functioning,Clear,Broadside,Intersection,Other Vehicle,Not Applicable,Not Applicable,At,,False,False,116368,BERNAL RD,SOUTH VALLEY FR,37.24322853,-121.7726981
8162,711723,CR-0000101360,0,0,0,0,23-314-0199,False,False,0,11/10/2023 9:55:00 AM,No Pedestrians Involved,Dry,No Unusual Conditions,Daylight,Violation Driver 1,Controls Functioning,Clear,Sideswipe,Intersection,Other Vehicle,Not Applicable,Not Applicable,At,,False,False,116368,BERNAL RD,SOUTH VALLEY FR,37.24322853,-121.7726981
8163,682605,CR-0000092172,1,0,0,0,22-123-0485,False,False,70,5/3/2022 1:36:00 PM,No Pedestrians Involved,Dry,No Unusual Conditions,Daylight,Violation Driver 1,Unknown,Clear,Rear End,Non-Related,Other Vehicle,Not Applicable,Not Applicable,West Of,,True,False,126235,BERNAL RD,WEST VALLEY FR,37.24121121,-121.7725725
8164,683092,CR-0000092651,0,1,0,0,22-143-0794,True,False,0,5/23/2022 6:24:00 PM,No Pedestrians Involved,Dry,No Unusual Conditions,Daylight,Violation Driver 1,Controls Functioning,Clear,Hit Object,Intersection,Fixed Object,Not Applicable,Not Applicable,East Of,STOPLIGHT,True,False,126235,BERNAL RD,WEST VALLEY FR,37.24121121,-121.7725725
8165,685204,CR-0000093883,0,2,0,0,22-179-0705,False,False,0,6/28/2022 5:21:00 PM,No Pedestrians Involved,Dry,No Unusual Conditions,Daylight,Violation Driver 1,Controls Not Functioning,Clear,Broadside,Intersection,Other Vehicle,Not Applicable,Not Applicable,At,,False,False,126235,BERNAL RD,WEST VALLEY FR,37.24121121,-121.7725725
8166,681194,CR-0000090562,0,1,0,0,22-023-0081,True,False,280,1/23/2022 1:19:00 AM,No Pedestrians Involved,Dry,No Unusual Conditions,Dark - Street Light,Violation Driver 1,No Controls Present/Factor,Clear,Sideswipe,Non-Related,Fixed Object,Not Applicable,Not Applicable,South Of,CURB,False,False,74898,HUSTED AV,LINCOLN AV,37.28627001,-121.8852705
8167,690791,CR-0000096927,0,0,0,0,23-001-0317,True,True,0,1/1/2023 7:48:00 AM,No Pedestrians Involved,Dry,No Unusual Conditions,Daylight,Unknown,No Controls Present/Factor,Clear,Hit Object,Intersection,Fixed Object,Not Applicable,Not Applicable,At,"TREE, FENCE",False,False,74898,HUSTED AV,LINCOLN AV,37.28627001,-121.8852705
8168,719639,CR-0000102800,0,0,0,0,24-004-4010,False,True,51,1/4/2024 3:30:00 PM,No Pedestrians Involved,Unknown,Unknown,Unknown,Unknown,Unknown,Unknown,Other,Non-Related,Other Vehicle,Not Applicable,Not Applicable,Unknown,,False,False,74898,HUSTED AV,LINCOLN AV,37.28627001,-121.8852705
8169,690674,CR-0000096808,3,0,0,0,23-019-0850,False,False,168,1/19/2023 9:30:00 PM,No Pedestrians Involved,Dry,No Unusual Conditions,Dark - Street Light,Violation Driver 1,No Controls Present/Factor,Clear,Sideswipe,Non-Related,Parked Vehicle,Not Applicable,Not Applicable,East Of,,True,False,35738,CEFALU DR,GLENROY DR,37.26310711,-121.90579
8170,689699,CR-0000095681,0,1,0,0,22-339-0661,False,False,0,12/5/2022 5:14:00 PM,Crossing In Crosswalk - At Intersection,Dry,No Unusual Conditions,Dusk - Dawn,Violation Driver 1,Controls Functioning,Clear,Vehicle/Pedestrian,Intersection,Pedestrian,East,West,At,,False,False,43119,COOLIDGE AV,MEREDITH AV,37.3058725,-121.9022405
8171,711669,CR-0000101539,0,0,0,0,23-342-1009,False,False,292,12/8/2023 9:21:00 PM,No Pedestrians Involved,Dry,No Unusual Conditions,Dark - Street Light,Violation Driver 1,No Controls Present/Factor,Cloudy,Sideswipe,Non-Related,Other Vehicle,Not Applicable,Not Applicable,West Of,,False,False,66461,GLEN ECHO AV,GLEN BROOK AV,37.30644041,-121.9100543
8172,689724,CR-0000095736,1,0,0,0,22-346-0221,False,False,0,12/12/2022 8:30:00 AM,No Pedestrians Involved,Dry,No Unusual Conditions,Daylight,Violation Driver 1,Controls Functioning,Cloudy,Broadside,Intersection,Other Vehicle,Not Applicable,Not Applicable,At,,False,False,74436,HUDSON DR,MERIDIAN AV,37.27829461,-121.9109159
8173,690745,CR-0000096882,1,0,0,0,23-004-0609,False,False,71,1/4/2023 4:58:00 PM,No Pedestrians Involved,Wet,No Unusual Conditions,Dusk - Dawn,Violation Driver 1,No Controls Present/Factor,Rain,Broadside,Non-Related,Other Vehicle,Not Applicable,Not Applicable,North Of,,False,False,74436,HUDSON DR,MERIDIAN AV,37.27829461,-121.9109159
8174,690777,CR-0000096915,0,0,0,0,23-005-0673,True,False,0,1/5/2023 5:26:00 PM,No Pedestrians Involved,Wet,No Unusual Conditions,Dark - Street Light,Violation Driver 1,No Controls Present/Factor,Rain,Hit Object,Intersection,Fixed Object,Not Applicable,Not Applicable,At,Light Pole,False,False,37212,CHELTENHAM WY,MIDDLEBURY WY,37.22861936,-121.760752
8175,688936,CR-0000094794,0,0,0,0,22-281-0399,False,False,241,10/8/2022 12:24:00 PM,No Pedestrians Involved,Dry,No Unusual Conditions,Daylight,Violation Driver 1,Controls Functioning,Clear,Sideswipe,Non-Related,Parked Vehicle,Not Applicable,Not Applicable,South Of,,True,True,82048,LASSEN AV,TERESITA DR,37.2967582,-121.9900052
8176,691076,CR-0000097249,0,0,0,0,23-052-0940,False,False,98,2/21/2023 8:30:00 PM,No Pedestrians Involved,Dry,No Unusual Conditions,Dark - Street Light,Violation Driver 1,No Controls Present/Factor,Wind,Hit Object,Non-Related,Fixed Object,Not Applicable,Not Applicable,North Of,FENCE,True,False,82048,LASSEN AV,TERESITA DR,37.2967582,-121.9900052
8177,689958,CR-0000095963,0,0,0,0,22-364-4003,False,True,51,12/29/2022 3:00:00 PM,No Pedestrians Involved,Unknown,Unknown,Daylight,Unknown,Unknown,Unknown,Sideswipe,Non-Related,Other Vehicle,Not Applicable,Not Applicable,West Of,,False,False,21394,BOLLINGER RD,CLIFDEN WY,37.31203206,-122.0306518
8178,689925,CR-0000095965,0,0,0,0,22-364-4002,False,True,51,12/29/2022 10:40:00 AM,No Pedestrians Involved,Unknown,Unknown,Unknown,Unknown,Unknown,Unknown,Sideswipe,Non-Related,Other Vehicle,Not Applicable,Not Applicable,West Of,,False,False,21394,BOLLINGER RD,CLIFDEN WY,37.31203206,-122.0306518
8179,681870,CR-0000091351,1,0,0,0,22-061-0570,False,False,,3/2/2022 2:18:00 PM,Crossing In Crosswalk - At Intersection,Dry,No Unusual Conditions,Daylight,Violation Driver 1,Controls Obscured,Clear,Vehicle/Pedestrian,Related,Pedestrian,West,East,North Of,PEDESTRIAN,True,False,23440,BRANHAM LN,CALLE DE TOSCA,37.25645272,-121.89625
8180,683265,CR-0000092851,0,0,0,0,22-000-0606,False,False,102,7/19/2022 2:30:00 PM,No Pedestrians Involved,Dry,No Unusual Conditions,Daylight,Violation Driver 1,No Controls Present/Factor,Clear,Sideswipe,Non-Related,Parked Vehicle,Not Applicable,Not Applicable,East Of,,False,True,37520,CHERRY AV/RACE ST,FRUITDALE AV,37.31104251,-121.9109361
8181,685153,CR-0000093827,0,0,0,0,22-224-0064,False,False,240,8/12/2022 1:40:00 AM,No Pedestrians Involved,Dry,No Unusual Conditions,Daylight,Violation Driver 1,No Controls Present/Factor,Clear,Head On,Non-Related,Other Vehicle,Not Applicable,Not Applicable,South Of,,False,True,96425,NORTHRUP ST,PEDRO ST,37.31288867,-121.9081394
8182,685349,CR-0000094075,0,1,0,0,22-226-0893,False,False,365,8/14/2022 9:27:00 PM,No Pedestrians Involved,Dry,No Unusual Conditions,Dark - Street Light,Violation Driver 1,Unknown,Clear,Rear End,Non-Related,Parked Vehicle,Not Applicable,Not Applicable,East Of,,True,False,96425,NORTHRUP ST,PEDRO ST,37.31288867,-121.9081394
8183,689802,CR-0000095828,0,0,1,0,22-211-0550,False,False,64,7/30/2022 2:33:00 PM,In Road - Includes Shoulder,Dry,No Unusual Conditions,Daylight,Violation Driver 1,No Controls Present/Factor,Clear,Vehicle/Pedestrian,Non-Related,Pedestrian,No Direction (Not Walking),No Direction (Not Walking),East Of,,False,True,96425,NORTHRUP ST,PEDRO ST,37.31288867,-121.9081394
8184,721972,CR-0000103226,0,0,0,0,24-049-0143,False,False,88,2/19/2024 6:31:00 PM,No Pedestrians Involved,Dry,No Unusual Conditions,Dark - Street Light,Violation Driver 1,No Controls Present/Factor,Clear,Sideswipe,Non-Related,Parked Vehicle,Not Applicable,Not Applicable,East Of,,False,True,96425,NORTHRUP ST,PEDRO ST,37.31288867,-121.9081394
8185,721990,CR-0000103244,0,0,0,0,24-053-0794,False,False,95,2/22/2024 7:58:00 PM,No Pedestrians Involved,Dry,No Unusual Conditions,Dark - Street Light,Violation Driver 1,No Controls Present/Factor,Clear,Sideswipe,Non-Related,Parked Vehicle,Not Applicable,Not Applicable,West Of,,False,True,96425,NORTHRUP ST,PEDRO ST,37.31288867,-121.9081394
8186,722505,CR-0000103793,0,1,0,0,24-106-0638,False,False,127,4/15/2024 4:30:00 PM,No Pedestrians Involved,Dry,No Unusual Conditions,Daylight,Violation Driver 1,Unknown,Clear,Vehicle/Bike,Non-Related,Bike,Not Applicable,Not Applicable,West Of,E.SCOOTER,True,True,49940,DELBERT WY,PEDRO ST,37.31288487,-121.9090682
8187,684732,CR-0000093453,1,0,0,0,22-206-0602,False,False,140,7/25/2022 3:21:00 PM,No Pedestrians Involved,Dry,No Unusual Conditions,Daylight,Bike At Fault,No Controls Present/Factor,Clear,Vehicle/Bike,Non-Related,Bike,Not Applicable,Not Applicable,West Of,,False,False,84040,LINCOLN AV,PEDRO ST,37.31291525,-121.9044675
8188,696460,CR-0000099637,0,0,0,0,23-223-0404,False,False,265,11/28/2023 12:46:00 PM,No Pedestrians Involved,Dry,No Unusual Conditions,Daylight,Violation Driver 1,No Controls Present/Factor,Clear,Broadside,Non-Related,Other Vehicle,Not Applicable,Not Applicable,West Of,,False,False,84040,LINCOLN AV,PEDRO ST,37.31291525,-121.9044675
8189,712130,CR-0000101338,0,0,0,0,23-344-0694,False,False,0,12/10/2023 7:40:00 PM,No Pedestrians Involved,Dry,No Unusual Conditions,Dark - Street Light,Violation Driver 1,Controls Functioning,Clear,Rear End,Intersection,Other Vehicle,Not Applicable,Not Applicable,At,,False,True,84040,LINCOLN AV,PEDRO ST,37.31291525,-121.9044675
8190,694392,CR-0000098336,0,0,0,0,23-168-0685,False,False,175,6/17/2023 7:22:00 PM,No Pedestrians Involved,Dry,No Unusual Conditions,Daylight,Violation Driver 1,No Controls Present/Factor,Clear,Rear End,Non-Related,Parked Vehicle,Not Applicable,Not Applicable,South Of,,True,False,51831,DOROTHY AV,MINNESOTA AV,37.31231022,-121.8879344
8191,684726,CR-0000093381,1,0,0,0,22-219-1021,False,False,33,8/7/2022 11:33:00 PM,No Pedestrians Involved,Dry,No Unusual Conditions,Dark - Street Light,Violation Driver 1,Controls Functioning,Clear,Rear End,Related,Other Vehicle,Not Applicable,Not Applicable,East Of,,True,True,4113,ALMA AV,LITTLE ORCHARD ST,37.31355504,-121.8780252
8192,685212,CR-0000093891,0,1,0,0,22-256-0924,False,False,29,9/13/2022 8:00:00 PM,No Pedestrians Involved,Dry,No Unusual Conditions,Dark - Street Light,Violation Driver 1,No Controls Present/Factor,Clear,Vehicle/Bike,Related,Bike,Not Applicable,Not Applicable,West Of,BIKE,False,True,4113,ALMA AV,LITTLE ORCHARD ST,37.31355504,-121.8780252
8193,685227,CR-0000093906,0,0,0,0,22-270-0176,False,False,734,9/26/2022 9:00:00 PM,No Pedestrians Involved,Dry,No Unusual Conditions,Dark - Street Light,Violation Driver 1,No Controls Present/Factor,Clear,Sideswipe,Non-Related,Parked Vehicle,Not Applicable,Not Applicable,South Of,,False,True,4113,ALMA AV,LITTLE ORCHARD ST,37.31355504,-121.8780252
8194,688937,CR-0000094795,0,0,0,0,22-255-4002,False,True,51,9/9/2022 5:35:00 AM,No Pedestrians Involved,Unknown,Unknown,Unknown,Unknown,Unknown,Unknown,Rear End,Non-Related,Parked Vehicle,Not Applicable,Not Applicable,North Of,,False,True,4113,ALMA AV,LITTLE ORCHARD ST,37.31355504,-121.8780252
8195,689373,CR-0000095319,0,0,0,0,22-238-0043,True,False,25,11/23/2022 11:35:00 PM,No Pedestrians Involved,Dry,No Unusual Conditions,Dark - Street Light,Violation Driver 1,No Controls Present/Factor,Clear,Hit Object,Related,Fixed Object,Not Applicable,Not Applicable,West Of,LIGHT POLE,False,False,4113,ALMA AV,LITTLE ORCHARD ST,37.31355504,-121.8780252
8196,696265,CR-0000099412,0,0,0,0,23-102-0287,False,False,30,4/12/2023 10:14:00 AM,No Pedestrians Involved,Dry,No Unusual Conditions,Daylight,Violation Driver 1,Controls Functioning,Clear,Rear End,Related,Other Vehicle,Not Applicable,Not Applicable,South Of,,True,False,4113,ALMA AV,LITTLE ORCHARD ST,37.31355504,-121.8780252
8197,699319,CR-0000100646,0,0,1,0,23-321-0174,False,False,184,11/17/2023 7:51:00 AM,In Road - Includes Shoulder,Dry,No Unusual Conditions,Daylight,Violation Driver 1,No Controls Present/Factor,Clear,Vehicle/Pedestrian,Non-Related,Pedestrian,West,East,South Of,PEDESTRIAN,True,True,4113,ALMA AV,LITTLE ORCHARD ST,37.31355504,-121.8780252
8198,690750,CR-0000096887,0,0,0,0,23-007-0804,False,False,0,1/7/2023 10:35:00 PM,No Pedestrians Involved,Wet,No Unusual Conditions,Dark - Street Light,Violation Driver 1,Controls Functioning,Rain,Sideswipe,Intersection,Other Vehicle,Not Applicable,Not Applicable,At,,False,True,4113,ALMA AV,LITTLE ORCHARD ST,37.31355504,-121.8780252
8199,691046,CR-0000097219,2,0,0,0,23-054-0086,False,False,0,2/23/2023 3:08:00 AM,No Pedestrians Involved,Dry,No Unusual Conditions,Dark - Street Light,Violation Driver 1,Controls Functioning,Clear,Broadside,Intersection,Other Vehicle,Not Applicable,Not Applicable,At,,False,False,4113,ALMA AV,LITTLE ORCHARD ST,37.31355504,-121.8780252
8200,699446,CR-0000100791,0,0,0,0,23-203-0538,False,False,0,7/22/2023 4:30:00 PM,No Pedestrians Involved,Dry,No Unusual Conditions,Daylight,Violation Driver 1,No Controls Present/Factor,Clear,Sideswipe,Intersection,Other Vehicle,Not Applicable,Not Applicable,At,,False,False,4113,ALMA AV,LITTLE ORCHARD ST,37.31355504,-121.8780252
8201,722202,CR-0000103468,0,0,0,0,24-078-0818,False,False,106,3/18/2024 6:37:00 PM,No Pedestrians Involved,Dry,No Unusual Conditions,Daylight,Violation Driver 1,No Controls Present/Factor,Clear,Other,Non-Related,Other Vehicle,Not Applicable,Not Applicable,South Of,,False,False,4113,ALMA AV,LITTLE ORCHARD ST,37.31355504,-121.8780252
8202,722347,CR-0000103641,0,0,0,0,24-098-9701,False,True,0,4/2/2024 3:13:00 PM,No Pedestrians Involved,Dry,No Unusual Conditions,Daylight,Unknown,Controls Functioning,Clear,Rear End,Intersection,Other Vehicle,Not Applicable,Not Applicable,At,,False,False,4113,ALMA AV,LITTLE ORCHARD ST,37.31355504,-121.8780252
8203,688862,CR-0000094718,0,0,0,1,22-347-0140,False,False,0,12/13/2022 6:15:00 AM,No Pedestrians Involved,Dry,No Unusual Conditions,Dark - Street Light,Unknown,Controls Functioning,Clear,Broadside,Intersection,Other Vehicle,Not Applicable,Not Applicable,At,,False,False,4179,ALMA AV,PLUM ST/POMONA AV,37.31434045,-121.8769206
8204,687511,CR-0000094300,0,0,0,0,22-267-0220,False,False,388,9/24/2022 5:51:00 AM,No Pedestrians Involved,Dry,No Unusual Conditions,Dark - Street Light,Violation Driver 1,No Controls Present/Factor,Clear,Rear End,Non-Related,Parked Vehicle,Not Applicable,Not Applicable,South Of,,False,False,4179,ALMA AV,PLUM ST/POMONA AV,37.31434045,-121.8769206
8205,683469,CR-0000093063,0,1,0,0,22-173-0969,False,False,0,6/22/2022 9:49:00 PM,Crossing - Not In Crosswalk,Dry,No Unusual Conditions,Dark - Street Light,Violation Driver 1,Controls Functioning,Clear,Vehicle/Pedestrian,Intersection,Pedestrian,Unknown,Unknown,At,PEDESTRIAN,False,False,4179,ALMA AV,PLUM ST/POMONA AV,37.31434045,-121.8769206
8206,683204,CR-0000092793,0,0,0,0,22-106-4001,False,True,51,4/13/2022 4:50:00 PM,No Pedestrians Involved,Unknown,Unknown,Daylight,Unknown,Unknown,Unknown,Broadside,Non-Related,Other Vehicle,Not Applicable,Not Applicable,West Of,,False,False,4179,ALMA AV,PLUM ST/POMONA AV,37.31434045,-121.8769206
8207,683412,CR-0000093005,1,1,0,0,22-148-0912,False,False,87,5/28/2022 9:03:00 PM,No Pedestrians Involved,Dry,No Unusual Conditions,Dark - Street Light,Violation Driver 1,Controls Functioning,Clear,Sideswipe,Non-Related,Parked Vehicle,Not Applicable,Not Applicable,East Of,,False,False,4179,ALMA AV,PLUM ST/POMONA AV,37.31434045,-121.8769206
8208,682983,CR-0000092537,0,2,0,0,22-170-0991,False,False,90,6/19/2022 11:49:00 PM,No Pedestrians Involved,Dry,No Unusual Conditions,Dark - Street Light,Violation Driver 1,Controls Functioning,Clear,Rear End,Non-Related,Other Vehicle,Not Applicable,Not Applicable,West Of,,False,False,4179,ALMA AV,PLUM ST/POMONA AV,37.31434045,-121.8769206
8209,690395,CR-0000096488,0,0,0,0,22-125-1008,False,False,0,5/5/2022 10:10:00 PM,No Pedestrians Involved,Dry,No Unusual Conditions,Dark - Street Light,Violation Driver 1,Controls Functioning,Clear,Sideswipe,Intersection,Other Vehicle,Not Applicable,Not Applicable,At,,False,True,4179,ALMA AV,PLUM ST/POMONA AV,37.31434045,-121.8769206
8210,682683,CR-0000092259,1,0,0,0,22-144-0904,False,False,57,5/24/2022 8:04:00 PM,No Pedestrians Involved,Dry,No Unusual Conditions,Daylight,Violation Driver 1,Controls Functioning,Clear,Rear End,Non-Related,Parked Vehicle,Not Applicable,Not Applicable,West Of,,False,False,4179,ALMA AV,PLUM ST/POMONA AV,37.31434045,-121.8769206