_id,CrashFactId,Name,MinorInjuries,ModerateInjuries,SevereInjuries,FatalInjuries,TcrNumber,CityDamageFlag,ShortFormFlag,Distance,CrashDateTime,PedestrianAction,RoadwaySurface,RoadwayCondition,Lighting,PrimaryCollisionFactor,TrafficControl,Weather,CollisionType,ProximityToIntersection,VehicleInvolvedWith,PedestrianDirectionFrom,PedestrianDirectionTo,DirectionFromIntersection,Comment,SpeedingFlag,HitAndRunFlag,IntersectionNumber,AStreetName,BStreetName,Latitude,Longitude
8211,690133,CR-0000096219,0,0,0,0,22-331-9846,False,False,24,11/27/2022 11:10:00 PM,No Pedestrians Involved,Dry,No Unusual Conditions,Dark - Street Light,Violation Driver 1,Controls Functioning,Clear,Rear End,Related,Other Vehicle,Not Applicable,Not Applicable,East Of,,False,False,4179,ALMA AV,PLUM ST/POMONA AV,37.31434045,-121.8769206
8212,689874,CR-0000095901,1,0,0,0,22-270-9703,False,True,0,9/19/2022 12:30:00 PM,No Pedestrians Involved,Dry,No Unusual Conditions,Daylight,Unknown,No Controls Present/Factor,Clear,Vehicle/Bike,Intersection,Bike,Not Applicable,Not Applicable,At,BIKE,False,False,4223,ALMA AV,SHERMAN ST,37.31563604,-121.8750897
8213,694526,CR-0000098520,1,0,0,0,23-193-0522,False,False,0,7/12/2023 2:47:00 PM,No Pedestrians Involved,Dry,No Unusual Conditions,Daylight,Violation Driver 1,Controls Functioning,Clear,Rear End,Intersection,Other Vehicle,Not Applicable,Not Applicable,At,,False,False,4223,ALMA AV,SHERMAN ST,37.31563604,-121.8750897
8214,719520,CR-0000102649,1,0,0,0,24-067-0202,False,False,0,3/7/2024 8:03:00 AM,No Pedestrians Involved,Dry,No Unusual Conditions,Daylight,Violation Driver 1,No Controls Present/Factor,Clear,Sideswipe,Intersection,Other Vehicle,Not Applicable,Not Applicable,At,,False,False,4223,ALMA AV,SHERMAN ST,37.31563604,-121.8750897
8215,683178,CR-0000092761,0,0,0,0,22-059-4000,False,True,0,2/15/2022 5:13:00 PM,No Pedestrians Involved,Unknown,Unknown,Daylight,Unknown,Unknown,Unknown,Broadside,Intersection,Other Vehicle,Not Applicable,Not Applicable,At,,False,False,4091,ALMA AV,FORD AV,37.31579409,-121.8748652
8216,685167,CR-0000093843,0,0,0,0,22-238-0655,False,False,0,8/26/2022 5:11:00 PM,No Pedestrians Involved,Dry,No Unusual Conditions,Daylight,Violation Driver 1,No Controls Present/Factor,Clear,Sideswipe,Intersection,Other Vehicle,Not Applicable,Not Applicable,At,,False,False,4091,ALMA AV,FORD AV,37.31579409,-121.8748652
8217,696244,CR-0000099391,0,1,0,0,23-175-0497,False,False,21,6/24/2023 4:03:00 PM,No Pedestrians Involved,Dry,No Unusual Conditions,Daylight,Violation Driver 1,No Controls Present/Factor,Clear,Other,Related,Non-Collision,Not Applicable,Not Applicable,North Of,,False,False,67154,GLENVIEW DR,LANSDALE CT,37.21244487,-121.8548016
8218,711915,CR-0000101546,0,0,0,0,23-343-0395,False,False,84,12/9/2023 11:57:00 AM,No Pedestrians Involved,Dry,No Unusual Conditions,Daylight,Violation Driver 1,Controls Functioning,Clear,Sideswipe,Non-Related,Other Vehicle,Not Applicable,Not Applicable,South Of,,False,True,47398,CURTNER AV,LA MIRADA DR,37.28182187,-121.9089284
8219,719606,CR-0000102763,0,0,0,0,23-070-9703,False,True,0,3/10/2023 4:00:00 PM,No Pedestrians Involved,Dry,No Unusual Conditions,Daylight,Unknown,No Controls Present/Factor,Cloudy,Head On,Intersection,Other Vehicle,Not Applicable,Not Applicable,At,,False,False,31514,CANOAS GARDEN AV,EVANS LN,37.29473047,-121.8763301
8220,722401,CR-0000103695,2,0,0,0,24-099-0177,False,False,0,4/8/2024 8:20:00 AM,No Pedestrians Involved,Dry,No Unusual Conditions,Daylight,Violation Driver 1,Controls Functioning,Clear,Head On,Intersection,Other Vehicle,Not Applicable,Not Applicable,At,,False,False,31514,CANOAS GARDEN AV,EVANS LN,37.29473047,-121.8763301
8221,685026,CR-0000093696,1,0,0,0,22-182-0095,False,False,105,7/1/2022 2:33:00 AM,No Pedestrians Involved,Dry,No Unusual Conditions,Dark - Street Light,Violation Driver 1,Controls Functioning,Clear,Rear End,Non-Related,Parked Vehicle,Not Applicable,Not Applicable,East Of,,False,False,74667,HUMBOLDT ST,VINE ST,37.31556401,-121.8811273
8222,690462,CR-0000096572,0,0,0,0,22-244-0741,False,False,0,9/1/2022 5:05:00 PM,No Pedestrians Involved,Dry,No Unusual Conditions,Daylight,Violation Driver 1,Controls Functioning,Clear,Broadside,Intersection,Other Vehicle,Not Applicable,Not Applicable,At,,False,True,74667,HUMBOLDT ST,VINE ST,37.31556401,-121.8811273
8223,722375,CR-0000103669,1,0,0,0,24-095-0497,False,False,0,4/4/2024 3:27:00 PM,No Pedestrians Involved,Dry,No Unusual Conditions,Daylight,Violation Driver 1,No Controls Present/Factor,Clear,Broadside,Intersection,Other Vehicle,Not Applicable,Not Applicable,At,,False,False,74667,HUMBOLDT ST,VINE ST,37.31556401,-121.8811273
8224,699463,CR-0000100789,0,0,0,0,23-200-0586,False,False,0,7/19/2023 6:24:00 PM,No Pedestrians Involved,Dry,No Unusual Conditions,Daylight,Violation Driver 1,No Controls Present/Factor,Clear,Broadside,Intersection,Other Vehicle,Not Applicable,Not Applicable,At,,False,False,74667,HUMBOLDT ST,VINE ST,37.31556401,-121.8811273
8225,690419,CR-0000096516,0,0,0,0,22-342-0399,False,False,0,12/8/2022 8:52:00 AM,No Pedestrians Involved,Dry,No Unusual Conditions,Daylight,Violation Driver 1,Controls Functioning,Clear,Sideswipe,Intersection,Parked Vehicle,Not Applicable,Not Applicable,At,,False,True,61885,FLOYD ST,MASTIC ST,37.31599797,-121.8771956
8226,717420,CR-0000102433,0,0,0,0,23-073-9706,False,True,51,2/18/2023 10:00:00 PM,No Pedestrians Involved,Dry,No Unusual Conditions,Dark - Street Light,Unknown,No Controls Present/Factor,Clear,Sideswipe,Non-Related,Parked Vehicle,Not Applicable,Not Applicable,South Of,,False,False,61885,FLOYD ST,MASTIC ST,37.31599797,-121.8771956
8227,696339,CR-0000099495,0,0,1,0,23-292-0023,True,False,309,10/19/2023 12:39:00 AM,No Pedestrians Involved,Dry,No Unusual Conditions,Dark - Street Light,Violation Driver 1,No Controls Present/Factor,Clear,Hit Object,Non-Related,Fixed Object,Not Applicable,Not Applicable,West Of,TREE,False,False,24595,BRENTON AV,DOYLE RD,37.30367792,-121.9901579
8228,684904,CR-0000093538,0,1,0,0,22-200-0846,False,False,0,7/19/2022 9:15:00 PM,Not In Road,Dry,No Unusual Conditions,Dark - Street Light,Violation Driver 1,Controls Functioning,Clear,Vehicle/Pedestrian,Intersection,Pedestrian,No Direction (Not Walking),No Direction (Not Walking),At,PED walking with BIKE,False,True,52370,DOYLE RD,TERESITA DR,37.30349956,-121.9884414
8229,719516,CR-0000102645,2,0,0,0,24-066-0284,False,False,0,3/6/2024 9:36:00 AM,No Pedestrians Involved,Wet,No Unusual Conditions,Daylight,Violation Driver 1,Unknown,Rain,Rear End,Intersection,Other Vehicle,Not Applicable,Not Applicable,At,,True,False,52370,DOYLE RD,TERESITA DR,37.30349956,-121.9884414
8230,719525,CR-0000102654,0,1,0,0,24-084-0089,False,False,49,3/24/2024 1:42:00 AM,No Pedestrians Involved,Wet,No Unusual Conditions,Dark - Street Light,Violation Driver 1,Controls Functioning,Rain,Hit Object,Related,Fixed Object,Not Applicable,Not Applicable,East Of,HOUSE,True,False,112012,TILLMAN AV,YOSEMITE AV,37.32790776,-121.9139451
8231,698856,CR-0000100139,0,1,0,0,23-347-0805,False,False,0,12/13/2023 6:51:00 PM,No Pedestrians Involved,Dry,No Unusual Conditions,Dark - Street Light,Violation Driver 1,No Controls Present/Factor,Clear,Vehicle/Bike,Intersection,Bike,Not Applicable,Not Applicable,At,BIKE,False,True,28181,CALAVERAS AV/MAGNOLIA AV,PARK AV,37.33060202,-121.9200126
8232,696551,CR-0000099748,0,1,0,0,23-334-0805,False,False,0,12/13/2023 6:51:00 PM,No Pedestrians Involved,Dry,No Unusual Conditions,Dark - Street Light,Violation Driver 1,No Controls Present/Factor,Clear,Vehicle/Bike,Intersection,Bike,Not Applicable,Not Applicable,At,BIKE,False,True,28181,CALAVERAS AV/MAGNOLIA AV,PARK AV,37.33060202,-121.9200126
8233,681811,CR-0000091220,0,0,0,0,22-079-0403,True,False,0,3/20/2022 11:34:00 AM,No Pedestrians Involved,Dry,No Unusual Conditions,Daylight,Violation Driver 1,Controls Functioning,Clear,Hit Object,Intersection,Fixed Object,Not Applicable,Not Applicable,At,SIGNS / TREE,False,False,2518,ALAMEDA,MAGNOLIA AV,37.33420116,-121.9151968
8234,681942,CR-0000091451,1,0,0,0,22-088-0568,False,False,174,3/29/2022 2:26:00 PM,No Pedestrians Involved,Dry,No Unusual Conditions,Daylight,Violation Driver 1,Controls Functioning,Clear,Head On,Non-Related,Other Vehicle,Not Applicable,Not Applicable,West Of,,True,False,48223,DANA AV,NAGLEE AV,37.33183068,-121.9268226
8235,682719,CR-0000092297,0,0,0,0,22-143-0522,True,False,129,5/23/2022 12:55:00 PM,No Pedestrians Involved,Dry,No Unusual Conditions,Daylight,Violation Driver 1,Controls Functioning,Clear,Hit Object,Non-Related,Fixed Object,Not Applicable,Not Applicable,South Of,CITY PROPERTY - LIBRARY GARAGE GATE,True,False,48223,DANA AV,NAGLEE AV,37.33183068,-121.9268226
8236,689448,CR-0000095423,0,0,0,0,22-312-0543,False,False,0,11/8/2022 3:12:00 PM,No Pedestrians Involved,Dry,No Unusual Conditions,Daylight,Violation Driver 1,Controls Functioning,Clear,Head On,Intersection,Other Vehicle,Not Applicable,Not Applicable,At,,False,False,48223,DANA AV,NAGLEE AV,37.33183068,-121.9268226
8237,689752,CR-0000095770,1,0,0,0,22-350-0556,False,False,126,12/16/2022 4:15:00 PM,No Pedestrians Involved,Dry,No Unusual Conditions,Dark - Street Light,Violation Driver 1,Unknown,Unknown,Rear End,Non-Related,Other Vehicle,Not Applicable,Not Applicable,West Of,,False,False,48223,DANA AV,NAGLEE AV,37.33183068,-121.9268226
8238,690840,CR-0000096979,0,0,0,0,23-014-0862,False,False,141,1/14/2023 10:46:00 PM,No Pedestrians Involved,Wet,No Unusual Conditions,Dark - Street Light,Violation Driver 1,No Controls Present/Factor,Rain,Rear End,Non-Related,Parked Vehicle,Not Applicable,Not Applicable,North Of,,False,True,48223,DANA AV,NAGLEE AV,37.33183068,-121.9268226
8239,716172,CR-0000102129,0,0,1,0,24-028-0145,False,False,0,1/28/2024 3:00:00 AM,No Pedestrians Involved,Dry,No Unusual Conditions,Dark - Street Light,Violation Driver 1,Controls Functioning,Clear,Broadside,Intersection,Other Vehicle,Not Applicable,Not Applicable,At,,False,True,48223,DANA AV,NAGLEE AV,37.33183068,-121.9268226
8240,715822,CR-0000101894,0,0,0,0,23-313-0678,False,False,0,11/9/2023 5:49:00 PM,No Pedestrians Involved,Dry,No Unusual Conditions,Daylight,Violation Driver 1,Controls Functioning,Clear,Rear End,Intersection,Other Vehicle,Not Applicable,Not Applicable,At,,False,True,48223,DANA AV,NAGLEE AV,37.33183068,-121.9268226
8241,715823,CR-0000101738,0,0,0,0,23-243-0245,False,False,70,8/31/2023 8:22:00 AM,No Pedestrians Involved,Dry,No Unusual Conditions,Daylight,Violation Driver 1,No Controls Present/Factor,Clear,Sideswipe,Non-Related,Other Vehicle,Not Applicable,Not Applicable,South Of,,False,True,69387,HADLEY AV,NAGLEE AV,37.33113507,-121.9277232
8242,721974,CR-0000103228,0,0,0,0,24-050-0589,False,False,24,2/19/2024 4:40:00 PM,No Pedestrians Involved,Wet,No Unusual Conditions,Daylight,Violation Driver 1,Controls Functioning,Rain,Rear End,Related,Other Vehicle,Not Applicable,Not Applicable,West Of,,False,False,69387,HADLEY AV,NAGLEE AV,37.33113507,-121.9277232
8243,683257,CR-0000092832,0,0,0,0,22-130-0797,False,False,0,5/10/2022 6:49:00 PM,No Pedestrians Involved,Dry,No Unusual Conditions,Daylight,Violation Driver 1,Controls Functioning,Clear,Rear End,Intersection,Non-Collision,Not Applicable,Not Applicable,At,,False,True,94874,NAGLEE AV,PARK AV,37.33395434,-121.924053
8244,691223,CR-0000097446,1,0,0,0,22-354-0738,False,False,0,12/20/2022 5:50:00 PM,No Pedestrians Involved,Dry,No Unusual Conditions,Dark - Street Light,Unknown,Controls Functioning,Unknown,Sideswipe,Intersection,Non-Collision,Not Applicable,Not Applicable,At,,False,False,94874,NAGLEE AV,PARK AV,37.33395434,-121.924053
8245,690264,CR-0000096355,0,0,0,0,22-268-4001,False,True,,9/25/2022 4:01:00 PM,No Pedestrians Involved,Unknown,Unknown,Daylight,Unknown,Unknown,Unknown,Rear End,Related,Other Vehicle,Not Applicable,Not Applicable,East Of,,False,False,94874,NAGLEE AV,PARK AV,37.33395434,-121.924053
8246,696079,CR-0000099214,3,0,0,0,23-070-0482,False,False,330,3/11/2023 2:12:00 PM,No Pedestrians Involved,Dry,No Unusual Conditions,Daylight,Violation Driver 1,No Controls Present/Factor,Clear,Broadside,Non-Related,Other Vehicle,Not Applicable,Not Applicable,North Of,,False,False,94874,NAGLEE AV,PARK AV,37.33395434,-121.924053
8247,695990,CR-0000099125,0,0,0,0,23-219-4002,False,True,,8/3/2023 5:04:00 PM,No Pedestrians Involved,Unknown,Unknown,Unknown,Unknown,Unknown,Unknown,Sideswipe,Related,Other Vehicle,Not Applicable,Not Applicable,Unknown,,False,False,94874,NAGLEE AV,PARK AV,37.33395434,-121.924053
8248,694558,CR-0000098552,0,1,0,0,23-199-0574,False,False,0,7/18/2023 3:28:00 PM,No Pedestrians Involved,Dry,No Unusual Conditions,Daylight,Violation Driver 1,Controls Functioning,Clear,Vehicle/Bike,Intersection,Bike,Not Applicable,Not Applicable,South Of,BIKE,False,False,94874,NAGLEE AV,PARK AV,37.33395434,-121.924053
8249,715905,CR-0000101909,0,0,0,0,23-232-0372,False,False,375,8/20/2023 9:37:00 AM,No Pedestrians Involved,Dry,No Unusual Conditions,Daylight,Violation Driver 1,Unknown,Clear,Other,Non-Related,Parked Vehicle,Not Applicable,Not Applicable,West Of,,True,True,84226,LINKHORNE CT,SCHULTE DR,37.36452413,-121.8582468
8250,688830,CR-0000094685,0,0,0,0,22-292-9703,False,True,0,10/18/2022 3:15:00 PM,No Pedestrians Involved,Unknown,No Unusual Conditions,Daylight,Unknown,Unknown,Clear,Rear End,Intersection,Other Vehicle,Not Applicable,Not Applicable,At,,False,False,24265,BRANHAM LN,THOUSAND OAKS DR,37.26356638,-121.8746034
8251,691040,CR-0000097213,1,0,0,0,23-048-0064,False,False,0,2/17/2023 2:28:00 AM,No Pedestrians Involved,Dry,No Unusual Conditions,Dark - Street Light,Violation Driver 1,No Controls Present/Factor,Clear,Rear End,Intersection,Parked Vehicle,Not Applicable,Not Applicable,At,,True,False,24265,BRANHAM LN,THOUSAND OAKS DR,37.26356638,-121.8746034
8252,688963,CR-0000094823,0,1,0,0,22-287-0621,True,False,0,10/14/2022 3:55:00 PM,No Pedestrians Involved,Dry,No Unusual Conditions,Daylight,Violation Driver 1,Controls Functioning,Clear,Sideswipe,Intersection,Other Vehicle,Not Applicable,Not Applicable,At,"LIGHT POLE, FENCE",False,False,31459,CANFIELD CT,PEARL AV,37.26667975,-121.8664757
8253,689430,CR-0000095402,2,0,0,0,22-307-0450,False,False,33,11/3/2022 1:06:00 PM,No Pedestrians Involved,Dry,No Unusual Conditions,Daylight,Violation Driver 1,Controls Functioning,Clear,Rear End,Related,Motorcycle,Not Applicable,Not Applicable,South Of,,True,False,4762,ALMADEN EX,KELL WY,37.27682492,-121.8794988
8254,719547,CR-0000102694,7,0,0,0,24-081-0770,False,False,79,3/21/2024 5:36:00 PM,No Pedestrians Involved,Dry,No Unusual Conditions,Daylight,Violation Driver 1,No Controls Present/Factor,Clear,Head On,Non-Related,Other Vehicle,Not Applicable,Not Applicable,East Of,,True,False,4762,ALMADEN EX,KELL WY,37.27682492,-121.8794988
8255,682850,CR-0000092427,0,0,0,0,22-151-0087,False,False,83,5/31/2022 6:16:00 PM,No Pedestrians Involved,Dry,No Unusual Conditions,Daylight,Violation Driver 1,No Controls Present/Factor,Clear,Rear End,Non-Related,Other Vehicle,Not Applicable,Not Applicable,South Of,,False,False,96975,OAKWOOD AV,PALADIN DR,37.26024403,-121.9123459
8256,682834,CR-0000092428,0,0,0,0,22-151-0875,False,False,83,5/31/2022 6:16:00 PM,No Pedestrians Involved,Dry,No Unusual Conditions,Daylight,Other Than Driver,No Controls Present/Factor,Clear,Rear End,Non-Related,Other Vehicle,Not Applicable,Not Applicable,South Of,,False,False,96975,OAKWOOD AV,PALADIN DR,37.26024403,-121.9123459
8257,694646,CR-0000098679,1,0,0,0,23-210-0366,False,False,0,7/29/2023 11:11:00 AM,No Pedestrians Involved,Dry,No Unusual Conditions,Unknown,Violation Driver 1,No Controls Present/Factor,Cloudy,Sideswipe,Intersection,Parked Vehicle,Not Applicable,Not Applicable,At,,False,False,25156,BRIARWOOD DR,FOXWORTHY AV,37.27196258,-121.9011517
8258,684704,CR-0000093333,0,0,0,0,22-180-9704,False,True,0,6/27/2022 5:00:00 PM,No Pedestrians Involved,Unknown,No Unusual Conditions,Daylight,Unknown,Unknown,Unknown,Vehicle/Bike,Intersection,Bike,Not Applicable,Not Applicable,At,BIKE,False,False,30579,CAMDEN AV,WYRICK AV,37.25428132,-121.9138687
8259,694618,CR-0000098651,2,0,0,0,23-206-0413,False,False,0,7/25/2023 11:52:00 AM,No Pedestrians Involved,Dry,No Unusual Conditions,Daylight,Violation Driver 1,No Controls Present/Factor,Clear,Broadside,Intersection,Other Vehicle,Not Applicable,Not Applicable,At,,False,False,30579,CAMDEN AV,WYRICK AV,37.25428132,-121.9138687
8260,689578,CR-0000095555,0,0,0,0,22-335-0245,False,False,,12/1/2022 9:00:00 AM,No Pedestrians Involved,Wet,No Unusual Conditions,Daylight,Violation Driver 1,Controls Functioning,Rain,Rear End,Related,Other Vehicle,Not Applicable,Not Applicable,East Of,,False,True,125311,BRANHAM LN/HWY 85,CAMDEN AV,37.25103694,-121.910805
8261,689103,CR-0000094963,1,0,0,0,22-300-0719,False,False,33,10/27/2022 5:49:00 PM,No Pedestrians Involved,Dry,No Unusual Conditions,Daylight,Violation Driver 1,Controls Functioning,Clear,Rear End,Related,Motorcycle,Not Applicable,Not Applicable,East Of,,True,False,125311,BRANHAM LN/HWY 85,CAMDEN AV,37.25103694,-121.910805
8262,682663,CR-0000092239,0,0,0,0,22-128-4003,False,True,0,5/8/2022 2:05:00 PM,No Pedestrians Involved,Unknown,Unknown,Daylight,Unknown,Unknown,Unknown,Rear End,Intersection,Other Vehicle,Not Applicable,Not Applicable,At,,False,False,125311,BRANHAM LN/HWY 85,CAMDEN AV,37.25103694,-121.910805
8263,682592,CR-0000092159,0,0,0,0,22-122-4003,False,False,0,5/2/2022 7:15:00 AM,No Pedestrians Involved,Unknown,No Unusual Conditions,Daylight,Unknown,Unknown,Unknown,Rear End,Intersection,Other Vehicle,Not Applicable,Not Applicable,At,,False,False,125311,BRANHAM LN/HWY 85,CAMDEN AV,37.25103694,-121.910805
8264,695981,CR-0000099116,0,0,0,0,23-258-4000,False,True,0,9/14/2023 2:45:00 PM,No Pedestrians Involved,Unknown,Unknown,Unknown,Unknown,Unknown,Unknown,Rear End,Intersection,Unknown,Not Applicable,Not Applicable,At,,False,False,125311,BRANHAM LN/HWY 85,CAMDEN AV,37.25103694,-121.910805
8265,698767,CR-0000100048,1,0,0,0,23-360-0710,False,False,0,12/26/2023 9:04:00 PM,No Pedestrians Involved,Dry,No Unusual Conditions,Dark - Street Light,Violation Driver 1,Controls Functioning,Clear,Broadside,Intersection,Other Vehicle,Not Applicable,Not Applicable,At,,False,False,125311,BRANHAM LN/HWY 85,CAMDEN AV,37.25103694,-121.910805
8266,692537,CR-0000097828,0,0,0,1,23-205-0122,False,False,0,7/24/2023 4:20:00 AM,No Pedestrians Involved,Dry,No Unusual Conditions,Dark - Street Light,Unknown,Controls Functioning,Clear,Vehicle/Bike,Intersection,Bike,Not Applicable,Not Applicable,At,E. SCOOTER,False,False,125311,BRANHAM LN/HWY 85,CAMDEN AV,37.25103694,-121.910805
8267,690193,CR-0000096284,0,0,0,0,22-264-9706,False,True,0,9/15/2022 8:55:00 PM,No Pedestrians Involved,Dry,No Unusual Conditions,Dusk - Dawn,Unknown,Controls Functioning,Clear,Sideswipe,Intersection,Other Vehicle,Not Applicable,Not Applicable,At,,False,False,125311,BRANHAM LN/HWY 85,CAMDEN AV,37.25103694,-121.910805
8268,690682,CR-0000096817,1,0,0,0,23-020-0017,True,False,0,1/20/2023 12:19:00 AM,No Pedestrians Involved,Dry,No Unusual Conditions,Dark - Street Light,Violation Driver 1,Controls Functioning,Clear,Hit Object,Intersection,Fixed Object,Not Applicable,Not Applicable,At,TREE,False,False,125311,BRANHAM LN/HWY 85,CAMDEN AV,37.25103694,-121.910805
8269,717492,CR-0000102534,1,0,0,0,24-089-0193,False,False,0,3/29/2024 8:47:00 AM,No Pedestrians Involved,Dry,No Unusual Conditions,Daylight,Violation Driver 1,No Controls Present/Factor,Clear,Broadside,Intersection,Other Vehicle,Not Applicable,Not Applicable,At,,False,False,125311,BRANHAM LN/HWY 85,CAMDEN AV,37.25103694,-121.910805
8270,711640,CR-0000101207,0,0,0,0,23-321-0790,False,False,0,11/17/2023 7:58:00 PM,No Pedestrians Involved,Wet,No Unusual Conditions,Dark - Street Light,Violation Driver 1,Controls Functioning,Rain,Sideswipe,Intersection,Other Vehicle,Not Applicable,Not Applicable,At,,False,False,125311,BRANHAM LN/HWY 85,CAMDEN AV,37.25103694,-121.910805
8271,711861,CR-0000100961,0,0,0,0,23-208-4002,False,True,0,7/27/2023 3:11:00 PM,No Pedestrians Involved,Unknown,Unknown,Unknown,Unknown,Unknown,Unknown,Rear End,Intersection,Unknown,Not Applicable,Not Applicable,At,,False,False,125311,BRANHAM LN/HWY 85,CAMDEN AV,37.25103694,-121.910805
8272,711777,CR-0000101464,0,0,0,0,23-258-4007,False,True,0,9/15/2023 7:50:00 PM,No Pedestrians Involved,Unknown,Unknown,Unknown,Unknown,Unknown,Unknown,Broadside,Intersection,Other Vehicle,Not Applicable,Not Applicable,At,,False,False,125311,BRANHAM LN/HWY 85,CAMDEN AV,37.25103694,-121.910805
8273,722300,CR-0000103594,0,0,0,0,24-088-0505,False,False,100,3/28/2024 2:38:00 PM,No Pedestrians Involved,Dry,No Unusual Conditions,Daylight,Violation Driver 1,No Controls Present/Factor,Cloudy,Sideswipe,Non-Related,Other Vehicle,Not Applicable,Not Applicable,East Of,,False,False,125311,BRANHAM LN/HWY 85,CAMDEN AV,37.25103694,-121.910805
8274,685368,CR-0000094094,0,0,0,0,22-230-0406,False,False,0,8/17/2022 9:45:00 PM,No Pedestrians Involved,Dry,No Unusual Conditions,Dark - Street Light,Violation Driver 1,Controls Functioning,Clear,Sideswipe,Intersection,Parked Vehicle,Not Applicable,Not Applicable,At,,True,True,75052,HYDE PARK DR,NEW COMPTON DR,37.26169205,-121.8499734
8275,717500,CR-0000102542,0,1,0,0,24-078-0461,False,False,165,3/18/2024 12:55:00 PM,No Pedestrians Involved,Dry,No Unusual Conditions,Daylight,Violation Driver 1,No Controls Present/Factor,Clear,Overturned,Non-Related,Parked Vehicle,Not Applicable,Not Applicable,West Of,,False,False,75052,HYDE PARK DR,NEW COMPTON DR,37.26169205,-121.8499734
8276,685195,CR-0000093873,1,0,0,0,22-243-0455,False,False,0,8/31/2022 1:39:00 PM,No Pedestrians Involved,Dry,No Unusual Conditions,Daylight,Violation Driver 1,Controls Functioning,Clear,Broadside,Intersection,Other Vehicle,Not Applicable,Not Applicable,At,,False,False,63370,FOXWORTHY AV,LEIGH AV,37.26730543,-121.9222869
8277,684721,CR-0000093390,0,0,0,0,22-171-4500,False,False,51,6/17/2022 1:00:00 PM,No Pedestrians Involved,Unknown,Unknown,Daylight,Unknown,Unknown,Unknown,Sideswipe,Non-Related,Unknown,Not Applicable,Not Applicable,East Of,,False,True,63370,FOXWORTHY AV,LEIGH AV,37.26730543,-121.9222869
8278,688789,CR-0000094633,0,0,0,0,22-306-4000,False,True,0,11/2/2022 9:28:00 AM,No Pedestrians Involved,Unknown,Unknown,Daylight,Unknown,Unknown,Unknown,Broadside,Intersection,Other Vehicle,Not Applicable,Not Applicable,At,,False,False,63370,FOXWORTHY AV,LEIGH AV,37.26730543,-121.9222869
8279,687619,CR-0000094412,1,0,0,0,22-272-0345,False,False,21,9/29/2022 11:09:00 AM,No Pedestrians Involved,Dry,No Unusual Conditions,Daylight,Violation Driver 1,Controls Functioning,Clear,Broadside,Related,Other Vehicle,Not Applicable,Not Applicable,West Of,,False,False,63370,FOXWORTHY AV,LEIGH AV,37.26730543,-121.9222869
8280,687612,CR-0000094405,1,1,0,0,22-269-0718,False,False,24,9/26/2022 5:52:00 PM,No Pedestrians Involved,Dry,No Unusual Conditions,Daylight,Violation Driver 1,Controls Functioning,Clear,Broadside,Related,Other Vehicle,Not Applicable,Not Applicable,North Of,,False,False,63370,FOXWORTHY AV,LEIGH AV,37.26730543,-121.9222869
8281,689697,CR-0000095679,1,1,0,0,22-339-0339,False,False,0,12/5/2022 11:29:00 AM,No Pedestrians Involved,Dry,No Unusual Conditions,Daylight,Unknown,Controls Functioning,Cloudy,Broadside,Intersection,Other Vehicle,Not Applicable,Not Applicable,At,,False,False,63370,FOXWORTHY AV,LEIGH AV,37.26730543,-121.9222869
8282,690428,CR-0000096518,0,0,0,0,22-093-4000,False,True,,4/2/2022 4:25:00 PM,No Pedestrians Involved,Unknown,Unknown,Unknown,Unknown,Unknown,Unknown,Head On,Related,Other Vehicle,Not Applicable,Not Applicable,Unknown,,False,False,63370,FOXWORTHY AV,LEIGH AV,37.26730543,-121.9222869
8283,681323,CR-0000090710,0,1,0,0,22-029-0632,False,False,0,1/29/2022 5:18:00 PM,No Pedestrians Involved,Dry,No Unusual Conditions,Daylight,Violation Driver 1,Controls Functioning,Clear,Broadside,Intersection,Other Vehicle,Not Applicable,Not Applicable,At,,False,False,63370,FOXWORTHY AV,LEIGH AV,37.26730543,-121.9222869
8284,690137,CR-0000096223,0,0,0,0,22-318-0355,False,False,260,11/14/2022 11:03:00 AM,No Pedestrians Involved,Dry,No Unusual Conditions,Daylight,Unknown,No Controls Present/Factor,Clear,Sideswipe,Non-Related,Parked Vehicle,Not Applicable,Not Applicable,West Of,,False,False,63370,FOXWORTHY AV,LEIGH AV,37.26730543,-121.9222869
8285,690224,CR-0000096313,0,0,0,0,22-294-9702,False,True,0,10/20/2022 5:10:00 PM,No Pedestrians Involved,Dry,No Unusual Conditions,Daylight,Unknown,Controls Functioning,Clear,Rear End,Intersection,Other Vehicle,Not Applicable,Not Applicable,At,,False,False,63370,FOXWORTHY AV,LEIGH AV,37.26730543,-121.9222869
8286,692484,CR-0000097772,1,0,0,0,23-074-0266,False,False,0,3/15/2023 9:10:00 AM,No Pedestrians Involved,Dry,No Unusual Conditions,Daylight,Violation Driver 1,Controls Not Functioning,Clear,Broadside,Intersection,Other Vehicle,Not Applicable,Not Applicable,At,,False,False,63370,FOXWORTHY AV,LEIGH AV,37.26730543,-121.9222869
8287,694272,CR-0000098087,1,0,0,0,23-111-0036,False,False,409,4/21/2023 12:56:00 AM,No Pedestrians Involved,Dry,No Unusual Conditions,Dark - Street Light,Violation Driver 1,No Controls Present/Factor,Clear,Rear End,Non-Related,Parked Vehicle,Not Applicable,Not Applicable,West Of,,False,False,63370,FOXWORTHY AV,LEIGH AV,37.26730543,-121.9222869