_id,CrashFactId,Name,MinorInjuries,ModerateInjuries,SevereInjuries,FatalInjuries,TcrNumber,CityDamageFlag,ShortFormFlag,Distance,CrashDateTime,PedestrianAction,RoadwaySurface,RoadwayCondition,Lighting,PrimaryCollisionFactor,TrafficControl,Weather,CollisionType,ProximityToIntersection,VehicleInvolvedWith,PedestrianDirectionFrom,PedestrianDirectionTo,DirectionFromIntersection,Comment,SpeedingFlag,HitAndRunFlag,IntersectionNumber,AStreetName,BStreetName,Latitude,Longitude
8288,697601,CR-0000099815,0,1,0,0,23-297-0522,False,False,0,10/24/2023 2:39:00 PM,No Pedestrians Involved,Dry,No Unusual Conditions,Daylight,Violation Driver 1,Controls Functioning,Clear,Broadside,Intersection,Other Vehicle,Not Applicable,Not Applicable,At,,False,False,63370,FOXWORTHY AV,LEIGH AV,37.26730543,-121.9222869
8289,699254,CR-0000100576,0,0,0,0,23-151-9701,False,True,0,5/24/2023 3:20:00 PM,No Pedestrians Involved,Dry,No Unusual Conditions,Daylight,Unknown,Controls Functioning,Clear,Sideswipe,Intersection,Other Vehicle,Not Applicable,Not Applicable,At,,False,False,63370,FOXWORTHY AV,LEIGH AV,37.26730543,-121.9222869
8290,699359,CR-0000100686,0,0,0,0,23-208-4003,False,True,0,7/17/2023 7:20:00 PM,No Pedestrians Involved,Unknown,Unknown,Unknown,Unknown,Unknown,Unknown,Broadside,Intersection,Other Vehicle,Not Applicable,Not Applicable,At,,False,False,63370,FOXWORTHY AV,LEIGH AV,37.26730543,-121.9222869
8291,716135,CR-0000102113,1,0,0,0,24-023-0500,False,False,0,1/23/2024 1:42:00 PM,No Pedestrians Involved,Dry,No Unusual Conditions,Daylight,Violation Driver 1,Controls Functioning,Clear,Head On,Intersection,Other Vehicle,Not Applicable,Not Applicable,At,,False,False,63370,FOXWORTHY AV,LEIGH AV,37.26730543,-121.9222869
8292,712268,CR-0000101724,0,0,0,0,23-008-4000,False,True,51,1/8/2023 8:30:00 PM,No Pedestrians Involved,Unknown,Unknown,Unknown,Unknown,Unknown,Unknown,Broadside,Non-Related,Other Vehicle,Not Applicable,Not Applicable,Unknown,,False,False,63370,FOXWORTHY AV,LEIGH AV,37.26730543,-121.9222869
8293,685155,CR-0000093830,0,0,0,0,22-236-0482,False,False,0,8/24/2022 1:00:00 PM,No Pedestrians Involved,Dry,No Unusual Conditions,Daylight,Violation Driver 1,Controls Functioning,Clear,Broadside,Intersection,Other Vehicle,Not Applicable,Not Applicable,At,,False,True,58013,EWER DR,ROSS AV,37.25699366,-121.9121742
8294,698882,CR-0000100178,2,0,0,0,23-308-0530,False,False,0,11/5/2023 1:00:00 AM,No Pedestrians Involved,Dry,No Unusual Conditions,Daylight,Violation Driver 1,Unknown,Clear,Rear End,Intersection,Other Vehicle,Not Applicable,Not Applicable,At,,True,True,58013,EWER DR,ROSS AV,37.25699366,-121.9121742
8295,691365,CR-0000097614,0,0,0,0,23-061-0002,False,False,144,3/2/2023 12:02:00 AM,No Pedestrians Involved,Dry,No Unusual Conditions,Dark - Street Light,Violation Driver 1,No Controls Present/Factor,Clear,Rear End,Non-Related,Parked Vehicle,Not Applicable,Not Applicable,North Of,,True,False,58013,EWER DR,ROSS AV,37.25699366,-121.9121742
8296,690630,CR-0000096752,0,1,0,0,23-003-0741,False,False,400,1/3/2023 6:40:00 PM,No Pedestrians Involved,Dry,No Unusual Conditions,Dark - Street Light,Violation Driver 1,No Controls Present/Factor,Clear,Broadside,Non-Related,Other Vehicle,Not Applicable,Not Applicable,East Of,,False,False,58013,EWER DR,ROSS AV,37.25699366,-121.9121742
8297,716209,CR-0000102167,1,0,0,0,24-033-0529,False,False,0,2/2/2024 3:38:00 PM,No Pedestrians Involved,Wet,No Unusual Conditions,Daylight,Violation Driver 1,No Controls Present/Factor,Clear,Broadside,Intersection,Other Vehicle,Not Applicable,Not Applicable,At,,False,False,58013,EWER DR,ROSS AV,37.25699366,-121.9121742
8298,681498,CR-0000090888,0,0,0,0,22-037-4000,False,True,51,2/5/2022 7:00:00 PM,No Pedestrians Involved,Unknown,Unknown,Unknown,Unknown,Unknown,Unknown,Sideswipe,Non-Related,Parked Vehicle,Not Applicable,Not Applicable,East Of,,False,False,129942,CORTONA DR,RUBY AV,37.31252457,-121.7729279
8299,681776,CR-0000091176,0,1,0,0,22-048-0169,False,False,0,2/17/2022 8:03:00 AM,No Pedestrians Involved,Dry,Unknown,Daylight,Unknown,Unknown,Clear,Broadside,Intersection,Other Vehicle,Not Applicable,Not Applicable,At,,False,False,129865,CORTONA DR,LOURVE AV,37.31291784,-121.7705599
8300,682182,CR-0000091744,1,0,0,0,22-062-0472,False,False,0,3/3/2022 12:30:00 PM,No Pedestrians Involved,Dry,No Unusual Conditions,Daylight,Bike At Fault,No Controls Present/Factor,Cloudy,Vehicle/Bike,Intersection,Bike,Not Applicable,Not Applicable,At,BIKE,False,False,119591,ABORN RD,RUBY AV,37.31641625,-121.7751489
8301,690089,CR-0000096172,1,0,0,0,22-117-0880,False,False,30,4/27/2022 8:55:00 PM,No Pedestrians Involved,Dry,No Unusual Conditions,Dark - Street Light,Violation Driver 1,Unknown,Clear,Rear End,Related,Other Vehicle,Not Applicable,Not Applicable,North Of,,False,True,119591,ABORN RD,RUBY AV,37.31641625,-121.7751489
8302,683004,CR-0000092597,0,0,0,0,22-175-0913,False,False,33,6/24/2022 7:23:00 PM,No Pedestrians Involved,Dry,No Unusual Conditions,Daylight,Violation Driver 1,Controls Functioning,Clear,Broadside,Related,Other Vehicle,Not Applicable,Not Applicable,South Of,,False,True,119591,ABORN RD,RUBY AV,37.31641625,-121.7751489
8303,682969,CR-0000092547,1,0,0,0,22-171-0309,True,False,400,6/20/2022 10:07:00 AM,No Pedestrians Involved,Dry,No Unusual Conditions,Daylight,Violation Driver 1,No Controls Present/Factor,Clear,Hit Object,Non-Related,Fixed Object,Not Applicable,Not Applicable,East Of,Traffic Light,True,False,119591,ABORN RD,RUBY AV,37.31641625,-121.7751489
8304,689039,CR-0000094919,0,1,0,0,22-288-0898,True,False,69,10/15/2022 11:02:00 PM,No Pedestrians Involved,Dry,No Unusual Conditions,Dark - Street Light,Violation Driver 1,Controls Functioning,Cloudy,Hit Object,Non-Related,Fixed Object,Not Applicable,Not Applicable,West Of,Light Pole,False,False,119591,ABORN RD,RUBY AV,37.31641625,-121.7751489
8305,694473,CR-0000098438,1,0,0,0,23-125-9707,False,True,0,5/4/2023 6:35:00 PM,No Pedestrians Involved,Wet,No Unusual Conditions,Unknown,Unknown,No Controls Present/Factor,Cloudy,Rear End,Intersection,Other Vehicle,Not Applicable,Not Applicable,At,,False,False,119591,ABORN RD,RUBY AV,37.31641625,-121.7751489
8306,711591,CR-0000101455,0,0,0,0,23-251-9710,False,True,,9/7/2023 1:10:00 PM,No Pedestrians Involved,Dry,No Unusual Conditions,Daylight,Unknown,Controls Functioning,Clear,Rear End,Related,Other Vehicle,Not Applicable,Not Applicable,South Of,,False,False,119591,ABORN RD,RUBY AV,37.31641625,-121.7751489
8307,699000,CR-0000100304,0,1,0,0,23-330-0485,False,False,0,11/26/2023 3:27:00 PM,No Pedestrians Involved,Dry,No Unusual Conditions,Daylight,Violation Driver 1,No Controls Present/Factor,Clear,Rear End,Intersection,Other Vehicle,Not Applicable,Not Applicable,At,,True,False,12100,BAILEY AV,DI SALVO AV,37.32495152,-121.9370932
8308,687468,CR-0000094248,0,0,1,0,22-256-0890,False,False,0,9/13/2022 7:30:00 PM,No Pedestrians Involved,Dry,No Unusual Conditions,Dusk - Dawn,Violation Driver 2,No Controls Present/Factor,Clear,Rear End,Intersection,Other Vehicle,Not Applicable,Not Applicable,At,,True,False,59223,FENLEY AV,MOORPARK AV,37.31607897,-121.9567119
8309,690286,CR-0000096378,0,0,0,0,22-309-4004,True,False,0,11/5/2022 5:26:00 AM,No Pedestrians Involved,Unknown,Unknown,Unknown,Unknown,Unknown,Unknown,Hit Object,Intersection,Fixed Object,Not Applicable,Not Applicable,At,light pole,False,True,20888,BLUE RIDGE DR,TERESITA DR,37.30197167,-121.988631
8310,692550,CR-0000097841,2,0,0,0,23-095-0551,False,False,0,4/5/2023 3:15:00 PM,No Pedestrians Involved,Dry,No Unusual Conditions,Daylight,Violation Driver 1,No Controls Present/Factor,Clear,Broadside,Intersection,Other Vehicle,Not Applicable,Not Applicable,At,,False,False,23803,BRANHAM LN,LAWSON CT,37.25207729,-121.9068992
8311,683172,CR-0000092767,0,0,0,0,22-052-4000,False,True,51,2/21/2022 9:00:00 AM,No Pedestrians Involved,Unknown,Unknown,Daylight,Unknown,Unknown,Unknown,Sideswipe,Non-Related,Parked Vehicle,Not Applicable,Not Applicable,North Of,,False,False,75558,INTERBAY DR,MENDOTA WY,37.33239558,-121.8242134
8312,683186,CR-0000092809,0,0,0,0,22-136-4004,False,True,51,5/16/2022 4:30:00 PM,No Pedestrians Involved,Unknown,Unknown,Daylight,Unknown,Unknown,Unknown,Sideswipe,Non-Related,Parked Vehicle,Not Applicable,Not Applicable,West Of,,False,True,46848,CUNNINGHAM AV,TYMN WY,37.33350948,-121.8240496
8313,690738,CR-0000096875,0,0,0,0,23-019-0803,True,False,51,1/20/2023 8:48:00 PM,No Pedestrians Involved,Dry,No Unusual Conditions,Dark - Street Light,Violation Driver 1,No Controls Present/Factor,Clear,Hit Object,Non-Related,Fixed Object,Not Applicable,Not Applicable,East Of,City Gate,True,False,46848,CUNNINGHAM AV,TYMN WY,37.33350948,-121.8240496
8314,712180,CR-0000101611,0,0,0,0,23-354-4002,False,True,51,12/19/2023 10:15:00 AM,No Pedestrians Involved,Unknown,Unknown,Unknown,Unknown,Unknown,Unknown,Other,Non-Related,Parked Vehicle,Not Applicable,Not Applicable,North Of,,False,False,49026,DAYTONA DR,WINTERPARK WY,37.33286263,-121.8264634
8315,682642,CR-0000092218,1,0,0,0,22-153-0758,False,False,0,6/2/2022 7:44:00 PM,No Pedestrians Involved,Dry,No Unusual Conditions,Daylight,Violation Driver 1,Unknown,Clear,Vehicle/Bike,Intersection,Bike,Not Applicable,Not Applicable,At,BICYCLIST,False,True,17676,BERRYESSA RD,SINCLAIR FR,37.38576954,-121.8616599
8316,685044,CR-0000093722,1,0,0,0,22-241-0884,False,False,114,8/29/2022 7:57:00 PM,No Pedestrians Involved,Dry,No Unusual Conditions,Dark - Street Light,Violation Driver 1,Unknown,Clear,Hit Object,Non-Related,Fixed Object,Not Applicable,Not Applicable,East Of,CURB,True,False,17676,BERRYESSA RD,SINCLAIR FR,37.38576954,-121.8616599
8317,689275,CR-0000095224,0,0,0,0,22-299-0973,False,False,0,10/26/2022 10:30:00 PM,No Pedestrians Involved,Dry,No Unusual Conditions,Dark - Street Light,Violation Driver 1,Controls Functioning,Clear,Rear End,Intersection,Other Vehicle,Not Applicable,Not Applicable,At,,True,True,17676,BERRYESSA RD,SINCLAIR FR,37.38576954,-121.8616599
8318,695937,CR-0000099068,0,0,0,0,23-240-4008,False,True,51,8/28/2023 9:55:00 PM,No Pedestrians Involved,Unknown,Unknown,Unknown,Unknown,Unknown,Unknown,Rear End,Non-Related,Unknown,Not Applicable,Not Applicable,West Of,,False,False,17676,BERRYESSA RD,SINCLAIR FR,37.38576954,-121.8616599
8319,687463,CR-0000094242,0,0,0,0,22-255-0488,True,False,0,9/12/2022 1:11:00 PM,No Pedestrians Involved,Dry,No Unusual Conditions,Daylight,Violation Driver 1,Controls Functioning,Clear,Hit Object,Intersection,Fixed Object,Not Applicable,Not Applicable,South Of,LIGHT POLE,True,True,73578,HOLLY HILL DR,MCLAUGHLIN AV,37.32380064,-121.8449217
8320,682823,CR-0000092374,0,0,0,0,22-169-0176,False,False,148,6/18/2022 7:46:00 PM,No Pedestrians Involved,Dry,No Unusual Conditions,Dark - Street Light,Violation Driver 1,No Controls Present/Factor,Clear,Sideswipe,Non-Related,Parked Vehicle,Not Applicable,Not Applicable,South Of,,False,True,73578,HOLLY HILL DR,MCLAUGHLIN AV,37.32380064,-121.8449217
8321,681919,CR-0000091413,0,0,0,0,22-072-0843,False,False,20,3/13/2022 10:29:00 PM,No Pedestrians Involved,Dry,No Unusual Conditions,Dark - Street Light,Violation Driver 1,Controls Functioning,Clear,Broadside,Related,Parked Vehicle,Not Applicable,Not Applicable,North Of,,False,True,73578,HOLLY HILL DR,MCLAUGHLIN AV,37.32380064,-121.8449217
8322,682010,CR-0000091519,1,1,0,0,22-075-0772,False,False,0,3/16/2022 7:05:00 PM,No Pedestrians Involved,Dry,No Unusual Conditions,Daylight,Violation Driver 1,No Controls Present/Factor,Clear,Broadside,Intersection,Other Vehicle,Not Applicable,Not Applicable,At,,False,False,73578,HOLLY HILL DR,MCLAUGHLIN AV,37.32380064,-121.8449217
8323,694296,CR-0000098204,1,0,0,0,23-147-0768,False,False,45,5/27/2023 7:05:00 PM,No Pedestrians Involved,Dry,No Unusual Conditions,Dusk - Dawn,Violation Driver 1,No Controls Present/Factor,Clear,Rear End,Related,Other Vehicle,Not Applicable,Not Applicable,East Of,,False,False,73578,HOLLY HILL DR,MCLAUGHLIN AV,37.32380064,-121.8449217
8324,712011,CR-0000101367,0,0,0,0,23-307-0911,False,False,66,11/3/2023 8:38:00 PM,No Pedestrians Involved,Dry,No Unusual Conditions,Dark - Street Light,Violation Driver 1,No Controls Present/Factor,Clear,Rear End,Non-Related,Parked Vehicle,Not Applicable,Not Applicable,West Of,,True,True,73578,HOLLY HILL DR,MCLAUGHLIN AV,37.32380064,-121.8449217
8325,682941,CR-0000092573,0,1,0,0,22-166-0880,False,False,20,6/15/2022 10:02:00 PM,No Pedestrians Involved,Dry,No Unusual Conditions,Unknown,Unknown,Controls Functioning,Clear,Vehicle/Bike,Related,Bike,Not Applicable,Not Applicable,East Of,BIKE,False,False,12242,BAL HARBOR WY/MCCREERY AV,STORY RD,37.34176604,-121.840337
8326,689773,CR-0000095797,0,1,0,0,22-097-0126,True,False,280,4/7/2022 6:15:00 AM,No Pedestrians Involved,Dry,No Unusual Conditions,Dark - Street Light,Violation Driver 1,No Controls Present/Factor,Clear,Sideswipe,Non-Related,Other Vehicle,Not Applicable,Not Applicable,East Of,Tree,False,True,12242,BAL HARBOR WY/MCCREERY AV,STORY RD,37.34176604,-121.840337
8327,690383,CR-0000096478,0,0,0,0,22-120-9703,False,True,0,4/30/2022 12:14:00 PM,No Pedestrians Involved,Dry,No Unusual Conditions,Daylight,Unknown,Controls Functioning,Clear,Rear End,Intersection,Other Vehicle,Not Applicable,Not Applicable,At,,False,False,12242,BAL HARBOR WY/MCCREERY AV,STORY RD,37.34176604,-121.840337
8328,682537,CR-0000092104,0,1,0,0,22-124-0642,False,False,21,5/4/2022 5:04:00 PM,Crossing In Crosswalk - At Intersection,Dry,No Unusual Conditions,Daylight,Violation Driver 1,Controls Functioning,Clear,Vehicle/Pedestrian,Related,Pedestrian,South,North,West Of,PEDESTRIAN,False,False,12242,BAL HARBOR WY/MCCREERY AV,STORY RD,37.34176604,-121.840337
8329,684976,CR-0000093631,0,0,1,0,22-020-0951,False,False,0,7/21/2022 9:24:00 PM,Crossing In Crosswalk - At Intersection,Dry,No Unusual Conditions,Dark - Street Light,Pedestrian At Fault,Controls Functioning,Clear,Vehicle/Pedestrian,Intersection,Pedestrian,West,East,At,PED,False,False,12242,BAL HARBOR WY/MCCREERY AV,STORY RD,37.34176604,-121.840337
8330,694256,CR-0000098123,2,0,0,0,23-126-0769,True,False,0,5/6/2023 6:32:00 PM,No Pedestrians Involved,Dry,No Unusual Conditions,Daylight,Violation Driver 1,Controls Functioning,Cloudy,Rear End,Intersection,Other Vehicle,Not Applicable,Not Applicable,At,SJPD/TRAFFIC POLE,False,False,12242,BAL HARBOR WY/MCCREERY AV,STORY RD,37.34176604,-121.840337
8331,689835,CR-0000095861,1,0,0,0,22-344-0265,False,False,0,12/10/2022 9:05:00 AM,No Pedestrians Involved,Wet,No Unusual Conditions,Daylight,Violation Driver 1,Controls Functioning,Rain,Broadside,Intersection,Motor Vehicle On Other Roadway,Not Applicable,Not Applicable,At,,True,False,12242,BAL HARBOR WY/MCCREERY AV,STORY RD,37.34176604,-121.840337
8332,690010,CR-0000096064,1,0,0,0,22-303-0772,False,False,178,10/30/2022 7:38:00 PM,No Pedestrians Involved,Dry,No Unusual Conditions,Dark - Street Light,Violation Driver 1,Controls Functioning,Clear,Rear End,Non-Related,Other Vehicle,Not Applicable,Not Applicable,East Of,,True,True,12242,BAL HARBOR WY/MCCREERY AV,STORY RD,37.34176604,-121.840337
8333,698833,CR-0000100116,0,1,0,0,23-342-0570,False,False,72,12/8/2023 2:32:00 PM,No Pedestrians Involved,Dry,No Unusual Conditions,Daylight,Violation Driver 1,Controls Functioning,Clear,Broadside,Non-Related,Motorcycle,Not Applicable,Not Applicable,West Of,,False,False,12242,BAL HARBOR WY/MCCREERY AV,STORY RD,37.34176604,-121.840337
8334,698820,CR-0000100102,1,0,0,0,23-337-0346,False,False,0,12/3/2023 10:25:00 AM,No Pedestrians Involved,Dry,No Unusual Conditions,Daylight,Violation Driver 1,Controls Functioning,Clear,Broadside,Intersection,Other Vehicle,Not Applicable,Not Applicable,At,,False,False,12242,BAL HARBOR WY/MCCREERY AV,STORY RD,37.34176604,-121.840337
8335,699048,CR-0000100354,1,0,0,0,23-195-0641,False,False,46,7/14/2023 6:18:00 PM,No Pedestrians Involved,Dry,No Unusual Conditions,Daylight,Violation Driver 1,Unknown,Clear,Broadside,Related,Other Vehicle,Not Applicable,Not Applicable,East Of,,False,False,12242,BAL HARBOR WY/MCCREERY AV,STORY RD,37.34176604,-121.840337
8336,716384,CR-0000102351,1,0,0,0,24-048-0396,False,False,0,2/17/2024 1:11:00 PM,Crossing In Crosswalk - At Intersection,Wet,No Unusual Conditions,Daylight,Violation Driver 1,Unknown,Cloudy,Vehicle/Pedestrian,Intersection,Pedestrian,North,South,At,PED,False,False,12242,BAL HARBOR WY/MCCREERY AV,STORY RD,37.34176604,-121.840337
8337,694674,CR-0000098708,1,0,0,0,23-215-0552,True,False,0,8/3/2023 3:13:00 PM,No Pedestrians Involved,Dry,No Unusual Conditions,Daylight,Violation Driver 1,Controls Functioning,Clear,Sideswipe,Intersection,Other Vehicle,Not Applicable,Not Applicable,At,LIGHTPOLE,False,False,108096,SEMINOLE WY,TAMPA WY,37.32359104,-121.8282988
8338,685311,CR-0000093992,0,0,0,0,22-248-0796,True,False,41,9/5/2022 7:05:00 PM,No Pedestrians Involved,Dry,No Unusual Conditions,Daylight,Violation Driver 1,Controls Functioning,Clear,Hit Object,Related,Fixed Object,Not Applicable,Not Applicable,East Of,TREE,False,True,28093,CAHALAN AV,SANTA TERESA BL,37.23878217,-121.8508013
8339,695900,CR-0000099028,0,0,0,0,23-236-4001,False,True,,8/24/2023 12:30:00 PM,No Pedestrians Involved,Unknown,Unknown,Unknown,Unknown,Unknown,Unknown,Rear End,Related,Other Vehicle,Not Applicable,Not Applicable,West Of,,False,False,28093,CAHALAN AV,SANTA TERESA BL,37.23878217,-121.8508013
8340,699462,CR-0000100767,0,0,0,0,23-186-0673,False,False,,7/5/2023 4:50:00 PM,No Pedestrians Involved,Dry,No Unusual Conditions,Daylight,Violation Driver 1,Controls Functioning,Clear,Rear End,Related,Other Vehicle,Not Applicable,Not Applicable,East Of,,True,True,28093,CAHALAN AV,SANTA TERESA BL,37.23878217,-121.8508013
8341,682185,CR-0000091720,0,0,0,0,22-071-0008,True,False,110,3/12/2022 12:09:00 AM,No Pedestrians Involved,Dry,No Unusual Conditions,Dark - Street Light,Violation Driver 1,No Controls Present/Factor,Clear,Sideswipe,Non-Related,Fixed Object,Not Applicable,Not Applicable,West Of,Tree,False,True,76713,JARVIS AV,SHAW DR,37.26988862,-121.8945904
8342,684751,CR-0000093472,1,0,0,0,22-192-0531,False,False,34,7/11/2022 1:40:00 PM,No Pedestrians Involved,Dry,No Unusual Conditions,Daylight,Bike At Fault,No Controls Present/Factor,Clear,Vehicle/Bike,Related,Bike,Not Applicable,Not Applicable,North Of,BIKE,False,False,7787,ANTIGUA WY,COLEMAN RD,37.2426282,-121.8771676
8343,681996,CR-0000091505,0,1,0,0,22-070-0808,False,False,21,3/11/2022 8:00:00 PM,Crossing - Not In Crosswalk,Dry,No Unusual Conditions,Dark - Street Light,Pedestrian At Fault,Controls Functioning,Clear,Vehicle/Pedestrian,Related,Pedestrian,South,North,West Of,ped,False,False,83071,LELAND AV/WABASH AV,SAN CARLOS ST,37.32341465,-121.9267725
8344,698896,CR-0000100194,1,2,0,0,23-330-0707,True,False,0,11/26/2023 8:13:00 PM,No Pedestrians Involved,Dry,No Unusual Conditions,Dark - Street Light,Violation Driver 1,Controls Functioning,Clear,Broadside,Intersection,Other Vehicle,Not Applicable,Not Applicable,At,LIGHTPOLE,False,True,83071,LELAND AV/WABASH AV,SAN CARLOS ST,37.32341465,-121.9267725
8345,688845,CR-0000094700,0,0,0,0,22-295-0241,False,False,61,10/22/2022 7:35:00 AM,No Pedestrians Involved,Dry,No Unusual Conditions,Daylight,Violation Driver 1,No Controls Present/Factor,Clear,Sideswipe,Non-Related,Parked Vehicle,Not Applicable,Not Applicable,South Of,,True,True,90496,MENKER AV,SCOTT ST,37.31967997,-121.9216477
8346,691061,CR-0000097234,1,0,0,0,23-054-0785,False,False,0,2/23/2023 7:33:00 PM,Crossing In Crosswalk - At Intersection,Wet,No Unusual Conditions,Dark - Street Light,Violation Driver 1,No Controls Present/Factor,Rain,Vehicle/Pedestrian,Intersection,Pedestrian,West,East,At,PED,False,False,90496,MENKER AV,SCOTT ST,37.31967997,-121.9216477
8347,682742,CR-0000092324,0,0,0,0,22-130-4003,False,True,51,5/10/2022 7:45:00 PM,No Pedestrians Involved,Unknown,Unknown,Unknown,Unknown,Unknown,Unknown,Other,Non-Related,Other Vehicle,Not Applicable,Not Applicable,Unknown,,False,False,2452,ALAMEDA,HEDDING ST,37.34077147,-121.9230416
8348,683021,CR-0000092662,0,0,0,0,22-131-9703,False,True,100,5/10/2022 6:40:00 PM,No Pedestrians Involved,Dry,No Unusual Conditions,Daylight,Unknown,Controls Functioning,Clear,Rear End,Non-Related,Other Vehicle,Not Applicable,Not Applicable,South Of,,False,False,2452,ALAMEDA,HEDDING ST,37.34077147,-121.9230416
8349,691205,CR-0000097426,0,0,0,0,23-032-0702,False,False,148,2/1/2023 5:39:00 PM,No Pedestrians Involved,Dry,No Unusual Conditions,Dusk - Dawn,Violation Driver 1,No Controls Present/Factor,Clear,Rear End,Non-Related,Other Vehicle,Not Applicable,Not Applicable,East Of,,True,True,2452,ALAMEDA,HEDDING ST,37.34077147,-121.9230416
8350,696071,CR-0000099206,0,0,0,0,23-033-4004,False,True,,2/2/2023 10:45:00 AM,No Pedestrians Involved,Unknown,Unknown,Unknown,Unknown,Unknown,Unknown,Rear End,Non-Related,Other Vehicle,Not Applicable,Not Applicable,Unknown,,False,False,2452,ALAMEDA,HEDDING ST,37.34077147,-121.9230416
8351,719768,CR-0000102941,0,0,0,0,24-023-4007,False,True,,1/22/2024 1:00:00 PM,No Pedestrians Involved,Unknown,Unknown,Unknown,Unknown,Unknown,Unknown,Rear End,Related,Other Vehicle,Not Applicable,Not Applicable,Unknown,,False,False,2452,ALAMEDA,HEDDING ST,37.34077147,-121.9230416
8352,682982,CR-0000092522,0,0,1,0,22-170-0282,False,False,20,6/19/2022 7:45:00 AM,Crossing - Not In Crosswalk,Dry,No Unusual Conditions,Daylight,Pedestrian At Fault,No Controls Present/Factor,Clear,Vehicle/Pedestrian,Related,Pedestrian,East,West,South Of,PED,False,False,2386,ALAMEDA,ASBURY ST,37.33788906,-121.9196384
8353,682559,CR-0000092126,1,0,0,0,22-139-0964,False,False,240,5/19/2022 8:58:00 PM,No Pedestrians Involved,Dry,No Unusual Conditions,Daylight,Unknown,No Controls Present/Factor,Clear,Vehicle/Bike,Non-Related,Bike,Not Applicable,Not Applicable,South Of,BIKE,False,False,2639,ALAMEDA,RANDOL AV,37.33645883,-121.9179169
8354,685369,CR-0000094095,0,0,0,0,22-230-0025,False,False,236,8/18/2022 12:26:00 AM,No Pedestrians Involved,Dry,No Unusual Conditions,Dark - Street Light,Violation Driver 1,Controls Functioning,Clear,Head On,Non-Related,Parked Vehicle,Not Applicable,Not Applicable,East Of,,True,False,47354,CURTNER AV,HERITAGE DR,37.27919468,-121.914045
8355,689812,CR-0000095838,0,0,1,0,22-352-0092,True,False,155,12/18/2022 2:50:00 AM,No Pedestrians Involved,Dry,No Unusual Conditions,Dark - Street Light,Violation Driver 1,Controls Functioning,Clear,Hit Object,Non-Related,Other Object,Not Applicable,Not Applicable,East Of,TREE & CURB,True,False,47354,CURTNER AV,HERITAGE DR,37.27919468,-121.914045
8356,683529,CR-0000093128,2,0,0,0,22-204-0248,False,False,0,7/23/2022 9:11:00 AM,No Pedestrians Involved,Dry,No Unusual Conditions,Daylight,Violation Driver 1,Controls Functioning,Clear,Broadside,Intersection,Other Vehicle,Not Applicable,Not Applicable,At,,False,False,4729,ALMADEN EX,ALMADEN PLAZA WY/HWY-85 SB,37.25425031,-121.8756859
8357,690542,CR-0000096663,1,0,0,0,23-003-0811,False,False,0,1/3/2023 8:20:00 PM,No Pedestrians Involved,Dry,No Unusual Conditions,Dark - Street Light,Violation Driver 1,Controls Functioning,Cloudy,Broadside,Intersection,Other Vehicle,Not Applicable,Not Applicable,At,,False,False,4729,ALMADEN EX,ALMADEN PLAZA WY/HWY-85 SB,37.25425031,-121.8756859
8358,689902,CR-0000095930,1,0,0,0,22-345-0291,False,False,100,12/11/2022 11:07:00 AM,No Pedestrians Involved,Wet,No Unusual Conditions,Daylight,Violation Driver 1,No Controls Present/Factor,Clear,Sideswipe,Non-Related,Other Vehicle,Not Applicable,Not Applicable,North Of,,False,True,4729,ALMADEN EX,ALMADEN PLAZA WY/HWY-85 SB,37.25425031,-121.8756859
8359,690228,CR-0000096317,0,0,0,0,22-265-4002,False,True,,9/22/2022 8:15:00 AM,No Pedestrians Involved,Unknown,Unknown,Daylight,Unknown,Unknown,Unknown,Rear End,Related,Other Vehicle,Not Applicable,Not Applicable,South Of,,False,False,4729,ALMADEN EX,ALMADEN PLAZA WY/HWY-85 SB,37.25425031,-121.8756859
8360,690274,CR-0000096366,0,0,0,0,22-246-9705,False,True,51,9/2/2022 6:47:00 PM,No Pedestrians Involved,Dry,No Unusual Conditions,Daylight,Unknown,Controls Functioning,Clear,Rear End,Non-Related,Other Vehicle,Not Applicable,Not Applicable,North Of,,False,False,4729,ALMADEN EX,ALMADEN PLAZA WY/HWY-85 SB,37.25425031,-121.8756859
8361,694350,CR-0000098294,2,0,0,0,23-161-0394,False,False,0,6/10/2023 12:10:00 PM,No Pedestrians Involved,Dry,No Unusual Conditions,Daylight,Violation Driver 1,Controls Functioning,Clear,Rear End,Intersection,Other Vehicle,Not Applicable,Not Applicable,At,,False,False,4729,ALMADEN EX,ALMADEN PLAZA WY/HWY-85 SB,37.25425031,-121.8756859
8362,698887,CR-0000100185,1,0,0,0,23-334-9703,False,False,51,11/22/2023 4:50:00 PM,No Pedestrians Involved,Dry,No Unusual Conditions,Dusk - Dawn,Unknown,Controls Functioning,Clear,Rear End,Non-Related,Other Vehicle,Not Applicable,Not Applicable,South Of,,False,False,4729,ALMADEN EX,ALMADEN PLAZA WY/HWY-85 SB,37.25425031,-121.8756859
8363,699076,CR-0000100382,0,0,0,0,23-239-9701,False,True,,8/26/2023 6:37:00 PM,No Pedestrians Involved,Dry,No Unusual Conditions,Daylight,Unknown,Controls Functioning,Clear,Rear End,Related,Other Vehicle,Not Applicable,Not Applicable,South Of,,False,False,4729,ALMADEN EX,ALMADEN PLAZA WY/HWY-85 SB,37.25425031,-121.8756859
8364,699287,CR-0000100612,0,0,0,0,23-158-4001,False,True,0,6/5/2023 9:00:00 PM,No Pedestrians Involved,Unknown,Unknown,Unknown,Unknown,Unknown,Unknown,Rear End,Intersection,Unknown,Not Applicable,Not Applicable,At,,False,False,4729,ALMADEN EX,ALMADEN PLAZA WY/HWY-85 SB,37.25425031,-121.8756859