_id,CrashFactId,Name,MinorInjuries,ModerateInjuries,SevereInjuries,FatalInjuries,TcrNumber,CityDamageFlag,ShortFormFlag,Distance,CrashDateTime,PedestrianAction,RoadwaySurface,RoadwayCondition,Lighting,PrimaryCollisionFactor,TrafficControl,Weather,CollisionType,ProximityToIntersection,VehicleInvolvedWith,PedestrianDirectionFrom,PedestrianDirectionTo,DirectionFromIntersection,Comment,SpeedingFlag,HitAndRunFlag,IntersectionNumber,AStreetName,BStreetName,Latitude,Longitude
8365,712118,CR-0000100828,0,0,0,0,23-208-9712,False,True,0,7/26/2023 6:25:00 PM,No Pedestrians Involved,Dry,No Unusual Conditions,Daylight,Unknown,Controls Functioning,Clear,Rear End,Intersection,Other Vehicle,Not Applicable,Not Applicable,At,,False,False,4729,ALMADEN EX,ALMADEN PLAZA WY/HWY-85 SB,37.25425031,-121.8756859
8366,715843,CR-0000101944,0,0,0,0,24-019-4010,False,True,0,10/14/2023 7:00:00 PM,No Pedestrians Involved,Unknown,Unknown,Unknown,Unknown,Unknown,Unknown,Rear End,Intersection,Other Vehicle,Not Applicable,Not Applicable,At,,False,False,4729,ALMADEN EX,ALMADEN PLAZA WY/HWY-85 SB,37.25425031,-121.8756859
8367,716003,CR-0000101765,0,0,0,0,23-012-4003,False,True,0,1/12/2023 6:40:00 PM,No Pedestrians Involved,Unknown,Unknown,Unknown,Unknown,Unknown,Unknown,Rear End,Intersection,Other Vehicle,Not Applicable,Not Applicable,At,,False,False,4729,ALMADEN EX,ALMADEN PLAZA WY/HWY-85 SB,37.25425031,-121.8756859
8368,722306,CR-0000103600,0,0,0,0,24-089-4000,False,True,51,3/29/2024 9:15:00 AM,No Pedestrians Involved,Unknown,Unknown,Unknown,Unknown,Unknown,Unknown,Rear End,Non-Related,Other Vehicle,Not Applicable,Not Applicable,South Of,,False,False,4729,ALMADEN EX,ALMADEN PLAZA WY/HWY-85 SB,37.25425031,-121.8756859
8369,683332,CR-0000092920,0,0,0,0,22-167-4001,False,True,,6/16/2022 1:30:00 PM,No Pedestrians Involved,Unknown,Unknown,Daylight,Unknown,Unknown,Unknown,Rear End,Non-Related,Parked Vehicle,Not Applicable,Not Applicable,Unknown,,False,False,4575,ALMADEN EX,BLOSSOM HILL RD,37.25081675,-121.8753153
8370,685124,CR-0000093797,2,0,0,0,22-204-0589,False,False,0,7/23/2022 4:57:00 PM,No Pedestrians Involved,Dry,No Unusual Conditions,Daylight,Violation Driver 1,Controls Functioning,Clear,Head On,Intersection,Other Vehicle,Not Applicable,Not Applicable,At,,False,False,4575,ALMADEN EX,BLOSSOM HILL RD,37.25081675,-121.8753153
8371,682219,CR-0000091783,1,0,0,0,22-097-0712,False,False,,4/7/2022 5:05:00 PM,No Pedestrians Involved,Dry,No Unusual Conditions,Daylight,Violation Driver 1,Controls Functioning,Clear,Rear End,Related,Other Vehicle,Not Applicable,Not Applicable,East Of,,True,False,4575,ALMADEN EX,BLOSSOM HILL RD,37.25081675,-121.8753153
8372,690341,CR-0000096435,0,0,0,0,22-160-4003,False,True,51,5/15/2022 6:55:00 PM,No Pedestrians Involved,Unknown,Unknown,Unknown,Unknown,Unknown,Unknown,Sideswipe,Non-Related,Unknown,Not Applicable,Not Applicable,South Of,,False,False,4575,ALMADEN EX,BLOSSOM HILL RD,37.25081675,-121.8753153
8373,689784,CR-0000095810,1,0,0,0,22-092-0618,False,False,0,4/2/2022 5:55:00 PM,Crossing In Crosswalk - At Intersection,Dry,No Unusual Conditions,Daylight,Unknown,Controls Functioning,Clear,Vehicle/Pedestrian,Intersection,Pedestrian,West,East,At,,False,True,4575,ALMADEN EX,BLOSSOM HILL RD,37.25081675,-121.8753153
8374,681903,CR-0000091394,2,0,0,0,22-054-0540,False,False,0,2/23/2022 2:01:00 PM,No Pedestrians Involved,Dry,No Unusual Conditions,Daylight,Violation Driver 1,Unknown,Clear,Rear End,Intersection,Other Vehicle,Not Applicable,Not Applicable,At,,False,False,4575,ALMADEN EX,BLOSSOM HILL RD,37.25081675,-121.8753153
8375,681238,CR-0000090623,0,0,0,0,22-034-4001,False,True,,1/31/2022 5:14:00 PM,No Pedestrians Involved,Unknown,Unknown,Unknown,Unknown,Unknown,Unknown,Rear End,Related,Other Vehicle,Not Applicable,Not Applicable,Unknown,,False,False,4575,ALMADEN EX,BLOSSOM HILL RD,37.25081675,-121.8753153
8376,681330,CR-0000090717,0,0,0,0,22-013-0102,True,False,0,1/13/2022 4:10:00 AM,No Pedestrians Involved,Dry,No Unusual Conditions,Dark - Street Light,Violation Driver 1,Controls Functioning,Clear,Head On,Intersection,Fixed Object,Not Applicable,Not Applicable,At,SIGN POLE,False,False,4575,ALMADEN EX,BLOSSOM HILL RD,37.25081675,-121.8753153
8377,681299,CR-0000090685,0,0,0,0,22-010-4005,False,True,,1/10/2022 4:15:00 PM,No Pedestrians Involved,Unknown,Unknown,Daylight,Unknown,Unknown,Unknown,Sideswipe,Related,Other Vehicle,Not Applicable,Not Applicable,East Of,,False,False,4575,ALMADEN EX,BLOSSOM HILL RD,37.25081675,-121.8753153
8378,698803,CR-0000100085,1,0,0,0,23-088-9703,False,True,,3/23/2023 1:30:00 PM,No Pedestrians Involved,Dry,No Unusual Conditions,Daylight,Unknown,Controls Functioning,Clear,Sideswipe,Related,Other Vehicle,Not Applicable,Not Applicable,South Of,,False,False,4575,ALMADEN EX,BLOSSOM HILL RD,37.25081675,-121.8753153
8379,696343,CR-0000099499,1,0,1,0,23-302-0738,False,False,487,10/29/2023 6:18:00 PM,No Pedestrians Involved,Dry,No Unusual Conditions,Dark - No Street Light,Violation Driver 1,Controls Functioning,Clear,Head On,Non-Related,Other Vehicle,Not Applicable,Not Applicable,East Of,,True,False,4575,ALMADEN EX,BLOSSOM HILL RD,37.25081675,-121.8753153
8380,696300,CR-0000099455,0,0,0,0,23-131-9707,False,True,,5/8/2023 4:00:00 PM,No Pedestrians Involved,Dry,No Unusual Conditions,Daylight,Unknown,Controls Functioning,Clear,Broadside,Related,Other Vehicle,Not Applicable,Not Applicable,Unknown,,False,False,4575,ALMADEN EX,BLOSSOM HILL RD,37.25081675,-121.8753153
8381,689771,CR-0000095794,0,1,0,0,22-169-0940,False,False,0,6/14/2022 9:24:00 PM,Crossing In Crosswalk - At Intersection,Dry,No Unusual Conditions,Dark - Street Light,Violation Driver 1,Controls Functioning,Clear,Vehicle/Pedestrian,Intersection,Pedestrian,North,South,At,PEDESTRIAN,False,True,4575,ALMADEN EX,BLOSSOM HILL RD,37.25081675,-121.8753153
8382,690747,CR-0000096884,1,0,0,0,23-011-0285,False,False,0,1/11/2023 10:42:00 AM,No Pedestrians Involved,Wet,No Unusual Conditions,Daylight,Violation Driver 1,Controls Functioning,Rain,Head On,Intersection,Other Vehicle,Not Applicable,Not Applicable,At,,False,False,4575,ALMADEN EX,BLOSSOM HILL RD,37.25081675,-121.8753153
8383,722309,CR-0000103603,0,0,0,0,24-089-4004,False,True,51,3/29/2024 7:45:00 AM,No Pedestrians Involved,Unknown,Unknown,Unknown,Unknown,Unknown,Unknown,Rear End,Non-Related,Other Vehicle,Not Applicable,Not Applicable,North Of,,False,False,4575,ALMADEN EX,BLOSSOM HILL RD,37.25081675,-121.8753153
8384,719694,CR-0000102866,0,0,0,0,24-012-4007,False,True,51,1/12/2024 3:00:00 PM,No Pedestrians Involved,Unknown,Unknown,Unknown,Unknown,Unknown,Unknown,Sideswipe,Non-Related,Other Vehicle,Not Applicable,Not Applicable,West Of,,False,False,4575,ALMADEN EX,BLOSSOM HILL RD,37.25081675,-121.8753153
8385,722115,CR-0000103380,0,0,0,0,24-069-4008,False,True,0,3/9/2024 8:00:00 PM,No Pedestrians Involved,Unknown,Unknown,Unknown,Unknown,Unknown,Unknown,Rear End,Intersection,Other Vehicle,Not Applicable,Not Applicable,At,,False,False,4575,ALMADEN EX,BLOSSOM HILL RD,37.25081675,-121.8753153
8386,682277,CR-0000091806,0,0,0,0,22-107-0433,False,True,0,4/17/2022 1:43:00 PM,No Pedestrians Involved,Dry,No Unusual Conditions,Daylight,Unknown,Controls Functioning,Clear,Broadside,Intersection,Other Vehicle,Not Applicable,Not Applicable,At,,False,False,15070,BAYSHORE FR,OAKLAND RD,37.36257564,-121.891428
8387,689327,CR-0000095288,0,1,0,0,22-328-0670,False,False,0,11/24/2022 10:34:00 PM,Crossing - Not In Crosswalk,Dry,No Unusual Conditions,Dark - Street Light,Pedestrian At Fault,Controls Functioning,Clear,Vehicle/Pedestrian,Intersection,Pedestrian,North,South,At,PED,False,True,15070,BAYSHORE FR,OAKLAND RD,37.36257564,-121.891428
8388,689675,CR-0000095657,0,1,0,0,22-309-0181,False,False,0,11/5/2022 6:42:00 AM,No Pedestrians Involved,Wet,No Unusual Conditions,Dark - Street Light,Violation Driver 1,Controls Functioning,Rain,Vehicle/Bike,Intersection,Scooter Motorized,Not Applicable,Not Applicable,At,E.Scooter,False,True,15070,BAYSHORE FR,OAKLAND RD,37.36257564,-121.891428
8389,690731,CR-0000096868,1,0,0,0,23-032-0881,False,False,0,2/1/2023 10:20:00 PM,No Pedestrians Involved,Dry,No Unusual Conditions,Dark - Street Light,Violation Driver 1,Controls Functioning,Clear,Broadside,Intersection,Other Vehicle,Not Applicable,Not Applicable,At,,False,True,15070,BAYSHORE FR,OAKLAND RD,37.36257564,-121.891428
8390,690156,CR-0000096245,0,0,0,0,22-175-9702,False,True,51,6/23/2022 4:45:00 PM,No Pedestrians Involved,Unknown,No Unusual Conditions,Daylight,Unknown,Controls Functioning,Clear,Sideswipe,Non-Related,Other Vehicle,Not Applicable,Not Applicable,North Of,,False,True,15070,BAYSHORE FR,OAKLAND RD,37.36257564,-121.891428
8391,692474,CR-0000097762,0,0,0,0,23-075-4000,False,True,51,3/15/2023 10:50:00 PM,No Pedestrians Involved,Unknown,Unknown,Unknown,Unknown,Unknown,Unknown,Sideswipe,Non-Related,Other Vehicle,Not Applicable,Not Applicable,Unknown,,False,False,15070,BAYSHORE FR,OAKLAND RD,37.36257564,-121.891428
8392,694626,CR-0000098659,1,0,0,0,23-208-0663,False,False,0,7/27/2023 4:40:00 PM,No Pedestrians Involved,Dry,No Unusual Conditions,Daylight,Violation Driver 1,Controls Functioning,Clear,Broadside,Intersection,Other Vehicle,Not Applicable,Not Applicable,At,,False,False,15070,BAYSHORE FR,OAKLAND RD,37.36257564,-121.891428
8393,719658,CR-0000102829,0,0,0,0,24-008-9703,False,True,0,1/6/2024 6:40:00 PM,No Pedestrians Involved,Dry,No Unusual Conditions,Dark - Street Light,Unknown,Controls Functioning,Clear,Sideswipe,Intersection,Other Vehicle,Not Applicable,Not Applicable,At,,False,False,15070,BAYSHORE FR,OAKLAND RD,37.36257564,-121.891428
8394,711584,CR-0000101408,0,0,0,0,23-341-9702,False,True,51,12/7/2023 3:00:00 AM,No Pedestrians Involved,Wet,No Unusual Conditions,Dark - Street Light,Unknown,Unknown,Clear,Sideswipe,Non-Related,Other Vehicle,Not Applicable,Not Applicable,East Of,,False,False,62810,FOURTEENTH ST,ST JOHN ST,37.34401279,-121.8782923
8395,681495,CR-0000090885,1,0,0,0,22-035-0322,False,False,0,2/4/2022 11:04:00 AM,No Pedestrians Involved,Dry,No Unusual Conditions,Daylight,Violation Driver 1,No Controls Present/Factor,Clear,Head On,Intersection,Other Vehicle,Not Applicable,Not Applicable,At,,False,False,72050,HENSLEY ST,SECOND ST,37.34416775,-121.8950992
8396,692539,CR-0000097830,2,0,0,0,23-094-0393,False,False,0,4/4/2023 11:33:00 AM,No Pedestrians Involved,Dry,No Unusual Conditions,Daylight,Violation Driver 1,No Controls Present/Factor,Clear,Broadside,Intersection,Other Vehicle,Not Applicable,Not Applicable,At,,False,False,72050,HENSLEY ST,SECOND ST,37.34416775,-121.8950992
8397,711910,CR-0000101321,0,0,0,0,23-335-0085,True,False,0,12/1/2023 2:19:00 AM,No Pedestrians Involved,Dry,No Unusual Conditions,Dark - Street Light,Violation Driver 1,No Controls Present/Factor,Clear,Hit Object,Intersection,Fixed Object,Not Applicable,Not Applicable,At,LIGHTPOLE,False,False,72050,HENSLEY ST,SECOND ST,37.34416775,-121.8950992
8398,717426,CR-0000102441,1,0,0,0,23-090-9706,False,True,51,3/29/2023 7:45:00 PM,No Pedestrians Involved,Dry,Unknown,Daylight,Unknown,No Controls Present/Factor,Clear,Other,Non-Related,Other Vehicle,Not Applicable,Not Applicable,South Of,,False,False,72050,HENSLEY ST,SECOND ST,37.34416775,-121.8950992
8399,719588,CR-0000102744,0,0,0,0,24-001-4002,False,True,51,1/1/2024 2:21:00 AM,No Pedestrians Involved,Unknown,Unknown,Unknown,Unknown,Unknown,Unknown,Sideswipe,Non-Related,Parked Vehicle,Not Applicable,Not Applicable,North Of,,False,False,77857,JULIAN ST,WEST CT,37.35351406,-121.8674512
8400,688815,CR-0000094670,1,0,0,0,22-289-0154,False,False,183,10/16/2022 3:03:00 AM,No Pedestrians Involved,Dry,No Unusual Conditions,Dark - Street Light,Violation Driver 1,No Controls Present/Factor,Clear,Sideswipe,Non-Related,Parked Vehicle,Not Applicable,Not Applicable,South Of,,True,False,50599,DENTWOOD DR,MERIDIAN AV,37.24906455,-121.8946126
8401,684967,CR-0000093659,2,0,0,0,22-236-0706,False,False,0,8/24/2022 4:38:00 PM,No Pedestrians Involved,Dry,No Unusual Conditions,Daylight,Violation Driver 1,Controls Functioning,Clear,Broadside,Intersection,Other Vehicle,Not Applicable,Not Applicable,At,,False,False,50599,DENTWOOD DR,MERIDIAN AV,37.24906455,-121.8946126
8402,690760,CR-0000096897,3,0,0,0,23-018-0416,False,False,0,1/18/2023 2:44:00 PM,No Pedestrians Involved,Dry,No Unusual Conditions,Daylight,Violation Driver 1,Controls Functioning,Clear,Broadside,Intersection,Other Vehicle,Not Applicable,Not Applicable,At,,False,False,50599,DENTWOOD DR,MERIDIAN AV,37.24906455,-121.8946126
8403,690779,CR-0000096917,2,1,0,0,23-019-0156,False,False,0,1/20/2023 11:04:00 AM,No Pedestrians Involved,Dry,No Unusual Conditions,Daylight,Violation Driver 1,Controls Functioning,Clear,Broadside,Intersection,Other Vehicle,Not Applicable,Not Applicable,At,,False,False,50599,DENTWOOD DR,MERIDIAN AV,37.24906455,-121.8946126
8404,722293,CR-0000103587,0,0,0,0,24-087-0882,False,False,380,3/27/2024 9:59:00 PM,No Pedestrians Involved,Wet,No Unusual Conditions,Dark - Street Light,Violation Driver 1,No Controls Present/Factor,Rain,Rear End,Non-Related,Parked Vehicle,Not Applicable,Not Applicable,East Of,,True,False,50599,DENTWOOD DR,MERIDIAN AV,37.24906455,-121.8946126
8405,722386,CR-0000103680,0,0,0,0,24-096-0794,True,False,27,4/5/2024 9:54:00 PM,No Pedestrians Involved,Dry,No Unusual Conditions,Dark - Street Light,Violation Driver 1,Controls Functioning,Cloudy,Hit Object,Related,Fixed Object,Not Applicable,Not Applicable,North Of,Sign and Traffic Light,True,False,50599,DENTWOOD DR,MERIDIAN AV,37.24906455,-121.8946126
8406,683059,CR-0000092621,1,0,0,0,22-164-0738,False,False,51,6/13/2022 5:59:00 PM,No Pedestrians Involved,Dry,No Unusual Conditions,Daylight,Violation Driver 1,Controls Functioning,Clear,Sideswipe,Non-Related,Other Vehicle,Not Applicable,Not Applicable,East Of,,False,False,32911,CAPITOL EX,PEARL AV,37.27527673,-121.8704015
8407,684975,CR-0000093643,0,1,0,0,22-219-0549,False,False,0,8/7/2022 2:54:00 PM,No Pedestrians Involved,Dry,No Unusual Conditions,Daylight,Violation Driver 1,Controls Functioning,Clear,Head On,Intersection,Motor Vehicle On Other Roadway,Not Applicable,Not Applicable,At,,True,True,32911,CAPITOL EX,PEARL AV,37.27527673,-121.8704015
8408,685041,CR-0000093709,1,2,0,0,22-240-0329,False,False,75,8/28/2022 9:06:00 AM,No Pedestrians Involved,Dry,No Unusual Conditions,Daylight,Violation Driver 1,Controls Functioning,Clear,Rear End,Non-Related,Other Vehicle,Not Applicable,Not Applicable,East Of,,False,False,32911,CAPITOL EX,PEARL AV,37.27527673,-121.8704015
8409,682133,CR-0000091649,0,0,0,0,22-060-4002,False,True,,3/1/2022 5:00:00 PM,No Pedestrians Involved,Unknown,Unknown,Daylight,Unknown,Unknown,Unknown,Sideswipe,Related,Motorcycle,Not Applicable,Not Applicable,Unknown,,False,False,32911,CAPITOL EX,PEARL AV,37.27527673,-121.8704015
8410,690342,CR-0000096436,0,0,0,0,22-142-4000,False,True,0,5/21/2022 8:43:00 AM,No Pedestrians Involved,Unknown,Unknown,Unknown,Unknown,Unknown,Unknown,Rear End,Intersection,Parked Vehicle,Not Applicable,Not Applicable,At,,False,False,32911,CAPITOL EX,PEARL AV,37.27527673,-121.8704015
8411,689709,CR-0000095712,0,0,0,0,22-350-0212,True,False,105,12/16/2022 8:51:00 AM,No Pedestrians Involved,Dry,No Unusual Conditions,Daylight,Unknown,Controls Functioning,Clear,Hit Object,Non-Related,Fixed Object,Not Applicable,Not Applicable,East Of,"median, light pole",False,False,32911,CAPITOL EX,PEARL AV,37.27527673,-121.8704015
8412,690495,CR-0000096607,0,0,0,0,22-299-4003,False,True,50,10/26/2022 10:35:00 AM,No Pedestrians Involved,Unknown,Unknown,Unknown,Unknown,Unknown,Unknown,Rear End,Related,Other Vehicle,Not Applicable,Not Applicable,North Of,,False,False,32911,CAPITOL EX,PEARL AV,37.27527673,-121.8704015
8413,690455,CR-0000096563,0,0,0,0,22-272-0617,False,False,256,9/29/2022 3:46:00 PM,No Pedestrians Involved,Dry,No Unusual Conditions,Daylight,Violation Driver 1,Controls Functioning,Clear,Sideswipe,Non-Related,Other Vehicle,Not Applicable,Not Applicable,West Of,,False,False,32911,CAPITOL EX,PEARL AV,37.27527673,-121.8704015
8414,691284,CR-0000097529,0,0,0,0,23-036-0671,False,False,0,2/5/2023 6:57:00 PM,No Pedestrians Involved,Dry,No Unusual Conditions,Dark - Street Light,Violation Driver 1,Controls Functioning,Clear,Rear End,Intersection,Other Vehicle,Not Applicable,Not Applicable,At,,True,True,32911,CAPITOL EX,PEARL AV,37.27527673,-121.8704015
8415,695805,CR-0000098870,1,0,0,0,23-267-0635,False,False,,9/24/2023 5:15:00 PM,No Pedestrians Involved,Dry,No Unusual Conditions,Dusk - Dawn,Violation Driver 1,Controls Functioning,Clear,Rear End,Related,Other Vehicle,Not Applicable,Not Applicable,North Of,,False,True,32911,CAPITOL EX,PEARL AV,37.27527673,-121.8704015
8416,694667,CR-0000098700,2,0,0,0,23-223-9708,False,True,0,8/9/2023 8:30:00 AM,No Pedestrians Involved,Dry,No Unusual Conditions,Daylight,Unknown,Controls Functioning,Clear,Rear End,Intersection,Other Vehicle,Not Applicable,Not Applicable,At,,False,False,32911,CAPITOL EX,PEARL AV,37.27527673,-121.8704015
8417,694778,CR-0000098815,1,1,0,0,23-214-0655,False,False,81,8/2/2023 4:33:00 PM,No Pedestrians Involved,Dry,No Unusual Conditions,Daylight,Violation Driver 1,Controls Functioning,Clear,Rear End,Non-Related,Other Vehicle,Not Applicable,Not Applicable,West Of,,True,False,32911,CAPITOL EX,PEARL AV,37.27527673,-121.8704015
8418,696356,CR-0000099512,1,0,0,0,23-302-0726,False,False,0,10/29/2023 7:04:00 PM,No Pedestrians Involved,Dry,No Unusual Conditions,Dark - Street Light,Violation Driver 1,Controls Functioning,Clear,Broadside,Intersection,Other Vehicle,Not Applicable,Not Applicable,At,,False,False,32911,CAPITOL EX,PEARL AV,37.27527673,-121.8704015
8419,698971,CR-0000100273,1,0,0,0,23-320-0534,False,False,19,11/16/2023 3:00:00 PM,No Pedestrians Involved,Dry,No Unusual Conditions,Daylight,Violation Driver 1,Controls Functioning,Cloudy,Broadside,Related,Other Vehicle,Not Applicable,Not Applicable,West Of,,False,False,32911,CAPITOL EX,PEARL AV,37.27527673,-121.8704015
8420,699290,CR-0000100615,0,0,0,0,23-152-9708,False,True,,6/1/2023 6:20:00 PM,No Pedestrians Involved,Dry,No Unusual Conditions,Daylight,Unknown,Controls Functioning,Clear,Rear End,Related,Other Vehicle,Not Applicable,Not Applicable,South Of,,False,False,32911,CAPITOL EX,PEARL AV,37.27527673,-121.8704015
8421,716155,CR-0000102080,1,0,0,0,24-012-0146,False,False,0,1/12/2024 7:40:00 AM,Crossing In Crosswalk - At Intersection,Dry,No Unusual Conditions,Daylight,Violation Driver 1,Controls Functioning,Clear,Vehicle/Pedestrian,Intersection,Pedestrian,North,South,At,PEDESTRIAN,False,False,32911,CAPITOL EX,PEARL AV,37.27527673,-121.8704015
8422,722054,CR-0000103308,0,0,0,0,24-065-4001,False,True,0,3/1/2024 12:35:00 PM,No Pedestrians Involved,Unknown,Unknown,Unknown,Unknown,Unknown,Unknown,Rear End,Intersection,Other Vehicle,Not Applicable,Not Applicable,At,,False,False,32911,CAPITOL EX,PEARL AV,37.27527673,-121.8704015
8423,711713,CR-0000101195,0,0,0,0,23-307-4005,False,True,,11/3/2023 3:25:00 PM,No Pedestrians Involved,Unknown,Unknown,Unknown,Unknown,Unknown,Unknown,Rear End,Related,Other Vehicle,Not Applicable,Not Applicable,Unknown,,False,False,32911,CAPITOL EX,PEARL AV,37.27527673,-121.8704015
8424,712146,CR-0000101292,0,0,0,0,23-193-4000,False,True,0,7/12/2023 12:15:00 PM,No Pedestrians Involved,Unknown,Unknown,Unknown,Unknown,Unknown,Unknown,Rear End,Intersection,Other Vehicle,Not Applicable,Not Applicable,At,,False,False,32911,CAPITOL EX,PEARL AV,37.27527673,-121.8704015
8425,682973,CR-0000092563,2,1,0,0,22-166-0607,False,False,51,6/15/2022 5:01:00 PM,No Pedestrians Involved,Dry,No Unusual Conditions,Daylight,Violation Driver 1,Controls Functioning,Clear,Head On,Non-Related,Other Vehicle,Not Applicable,Not Applicable,West Of,,False,False,126158,CAPITOL EX,GUADALUPE FR,37.27464598,-121.8636704
8426,681953,CR-0000091462,1,0,0,0,22-085-0038,False,False,0,3/26/2022 12:40:00 AM,No Pedestrians Involved,Dry,No Unusual Conditions,Dark - Street Light,Violation Driver 1,Controls Functioning,Clear,Broadside,Intersection,Other Vehicle,Not Applicable,Not Applicable,At,,False,False,126158,CAPITOL EX,GUADALUPE FR,37.27464598,-121.8636704
8427,681938,CR-0000091446,1,0,0,0,22-044-0420,False,False,0,2/13/2022 12:25:00 PM,No Pedestrians Involved,Dry,No Unusual Conditions,Daylight,Violation Driver 1,Controls Functioning,Clear,Sideswipe,Intersection,Motorcycle,Not Applicable,Not Applicable,At,,False,False,126158,CAPITOL EX,GUADALUPE FR,37.27464598,-121.8636704
8428,681657,CR-0000091057,0,0,0,0,22-064-4001,False,True,,3/5/2022 10:10:00 AM,No Pedestrians Involved,Unknown,Unknown,Daylight,Unknown,Unknown,Unknown,Sideswipe,Related,Other Vehicle,Not Applicable,Not Applicable,East Of,,False,False,126158,CAPITOL EX,GUADALUPE FR,37.27464598,-121.8636704
8429,689315,CR-0000095279,1,0,0,0,22-286-0625,False,False,62,10/13/2022 3:30:00 PM,No Pedestrians Involved,Dry,No Unusual Conditions,Daylight,Violation Driver 1,Controls Functioning,Clear,Rear End,Non-Related,Other Vehicle,Not Applicable,Not Applicable,West Of,,True,False,126158,CAPITOL EX,GUADALUPE FR,37.27464598,-121.8636704
8430,696499,CR-0000099686,1,0,0,0,23-348-0552,False,False,0,12/14/2023 2:10:00 PM,In Road - Includes Shoulder,Dry,No Unusual Conditions,Daylight,Pedestrian At Fault,Controls Functioning,Clear,Vehicle/Pedestrian,Intersection,Pedestrian,South,North,At,PED,False,False,126158,CAPITOL EX,GUADALUPE FR,37.27464598,-121.8636704
8431,698658,CR-0000099884,1,0,0,0,23-227-0309,False,False,0,8/15/2023 10:20:00 AM,No Pedestrians Involved,Dry,No Unusual Conditions,Daylight,Unknown,Controls Functioning,Clear,Broadside,Intersection,Other Vehicle,Not Applicable,Not Applicable,At,,False,False,126158,CAPITOL EX,GUADALUPE FR,37.27464598,-121.8636704
8432,695988,CR-0000099123,0,0,0,0,23-214-1041,False,False,0,8/2/2023 11:40:00 PM,No Pedestrians Involved,Dry,No Unusual Conditions,Dark - Street Light,Violation Driver 1,Controls Functioning,Clear,Sideswipe,Intersection,Other Vehicle,Not Applicable,Not Applicable,At,,False,True,126158,CAPITOL EX,GUADALUPE FR,37.27464598,-121.8636704
8433,695867,CR-0000098932,0,0,0,0,23-092-0516,False,False,0,4/2/2023 3:30:00 PM,No Pedestrians Involved,Dry,No Unusual Conditions,Daylight,Violation Driver 1,Controls Functioning,Clear,Rear End,Intersection,Other Vehicle,Not Applicable,Not Applicable,At,,True,True,126158,CAPITOL EX,GUADALUPE FR,37.27464598,-121.8636704
8434,690614,CR-0000096735,1,0,0,0,23-030-0941,False,False,2251,1/30/2023 10:51:00 PM,No Pedestrians Involved,Dry,Construction - Repair Zone,Dark - Street Light,Violation Driver 1,No Controls Present/Factor,Clear,Sideswipe,Non-Related,Other Vehicle,Not Applicable,Not Applicable,East Of,,False,False,126158,CAPITOL EX,GUADALUPE FR,37.27464598,-121.8636704
8435,712067,CR-0000101572,0,0,0,0,23-363-9701,False,True,0,12/28/2023 7:30:00 PM,No Pedestrians Involved,Dry,No Unusual Conditions,Dusk - Dawn,Unknown,Controls Functioning,Clear,Rear End,Intersection,Other Vehicle,Not Applicable,Not Applicable,At,,False,False,126158,CAPITOL EX,GUADALUPE FR,37.27464598,-121.8636704
8436,712046,CR-0000101293,0,0,0,0,23-236-0323,False,False,47,3/24/2023 10:20:00 AM,No Pedestrians Involved,Dry,No Unusual Conditions,Daylight,Violation Driver 1,Controls Functioning,Clear,Rear End,Related,Other Vehicle,Not Applicable,Not Applicable,East Of,,True,False,126158,CAPITOL EX,GUADALUPE FR,37.27464598,-121.8636704
8437,715926,CR-0000101948,0,0,0,0,23-227-0937,False,False,57,8/15/2023 8:59:00 PM,No Pedestrians Involved,Dry,No Unusual Conditions,Dark - Street Light,Violation Driver 1,Controls Functioning,Clear,Rear End,Non-Related,Other Vehicle,Not Applicable,Not Applicable,West Of,,False,True,126158,CAPITOL EX,GUADALUPE FR,37.27464598,-121.8636704
8438,717425,CR-0000102440,0,0,0,0,24-006-9703,False,True,,12/27/2023 9:59:00 PM,No Pedestrians Involved,Wet,No Unusual Conditions,Dark - Street Light,Unknown,Controls Functioning,Rain,Rear End,Related,Other Vehicle,Not Applicable,Not Applicable,East Of,,False,False,126158,CAPITOL EX,GUADALUPE FR,37.27464598,-121.8636704
8439,722448,CR-0000103739,0,0,0,0,24-103-4002,False,True,51,4/9/2024 11:50:00 PM,No Pedestrians Involved,Unknown,Unknown,Unknown,Unknown,Unknown,Unknown,Sideswipe,Non-Related,Other Vehicle,Not Applicable,Not Applicable,West Of,,False,False,126158,CAPITOL EX,GUADALUPE FR,37.27464598,-121.8636704
8440,682918,CR-0000092487,2,0,0,0,22-050-9704,False,True,0,2/10/2022 5:20:00 PM,No Pedestrians Involved,Dry,No Unusual Conditions,Dusk - Dawn,Unknown,Controls Functioning,Unknown,Rear End,Intersection,Other Vehicle,Not Applicable,Not Applicable,At,,False,False,29314,CALVARY WY,HILLSDALE AV,37.2749273,-121.8800107
8441,694776,CR-0000098813,0,1,0,0,23-216-0892,True,False,0,8/4/2023 11:00:00 PM,No Pedestrians Involved,Dry,No Unusual Conditions,Dark - Street Light,Violation Driver 1,Controls Functioning,Clear,Hit Object,Intersection,Fixed Object,Not Applicable,Not Applicable,At,TREE,True,False,29314,CALVARY WY,HILLSDALE AV,37.2749273,-121.8800107
8442,685397,CR-0000094132,2,0,0,0,22-272-0595,False,False,45,9/30/2022 10:51:00 AM,No Pedestrians Involved,Dry,Unknown,Daylight,Violation Driver 1,No Controls Present/Factor,Clear,Sideswipe,Related,Other Vehicle,Not Applicable,Not Applicable,East Of,,False,False,37861,CHERRY AV,SPEAK LN,37.25856977,-121.8780994