_id,CrashFactId,Name,MinorInjuries,ModerateInjuries,SevereInjuries,FatalInjuries,TcrNumber,CityDamageFlag,ShortFormFlag,Distance,CrashDateTime,PedestrianAction,RoadwaySurface,RoadwayCondition,Lighting,PrimaryCollisionFactor,TrafficControl,Weather,CollisionType,ProximityToIntersection,VehicleInvolvedWith,PedestrianDirectionFrom,PedestrianDirectionTo,DirectionFromIntersection,Comment,SpeedingFlag,HitAndRunFlag,IntersectionNumber,AStreetName,BStreetName,Latitude,Longitude
8443,683426,CR-0000093022,1,0,0,0,22-159-0971,False,False,0,6/8/2022 9:33:00 PM,No Pedestrians Involved,Dry,No Unusual Conditions,Dark - Street Light,Violation Driver 1,No Controls Present/Factor,Clear,Broadside,Intersection,Other Vehicle,Not Applicable,Not Applicable,At,,False,False,37861,CHERRY AV,SPEAK LN,37.25856977,-121.8780994
8444,696113,CR-0000099254,0,0,0,0,23-233-0800,False,False,47,8/21/2023 7:19:00 PM,No Pedestrians Involved,Dry,No Unusual Conditions,Dark - Street Light,Violation Driver 1,Controls Functioning,Clear,Sideswipe,Related,Other Vehicle,Not Applicable,Not Applicable,West Of,,False,True,37861,CHERRY AV,SPEAK LN,37.25856977,-121.8780994
8445,696374,CR-0000099532,0,0,0,0,23-134-4007,False,True,,5/14/2023 1:25:00 PM,No Pedestrians Involved,Unknown,Unknown,Unknown,Unknown,Unknown,Unknown,Head On,Related,Other Vehicle,Not Applicable,Not Applicable,East Of,,False,False,37861,CHERRY AV,SPEAK LN,37.25856977,-121.8780994
8446,684742,CR-0000093442,0,0,0,0,22-186-1144,False,False,170,7/5/2022 11:35:00 PM,No Pedestrians Involved,Dry,No Unusual Conditions,Dark - Street Light,Violation Driver 1,No Controls Present/Factor,Clear,Rear End,Non-Related,Parked Vehicle,Not Applicable,Not Applicable,North Of,,True,True,91178,MICHON DR,RAFTON DR,37.24692824,-121.9108246
8447,682646,CR-0000092222,0,1,0,0,22-132-0563,False,False,0,5/12/2022 3:46:00 PM,No Pedestrians Involved,Dry,No Unusual Conditions,Daylight,Bike At Fault,Controls Functioning,Clear,Vehicle/Bike,Intersection,Bike,Not Applicable,Not Applicable,At,BIKE,False,False,95193,NELSON WY,ROSS AV,37.25930331,-121.9138024
8448,699172,CR-0000100491,0,0,0,0,23-153-0779,False,False,0,6/2/2023 7:02:00 PM,No Pedestrians Involved,Dry,No Unusual Conditions,Daylight,Violation Driver 1,No Controls Present/Factor,Clear,Sideswipe,Intersection,Other Vehicle,Not Applicable,Not Applicable,At,,False,True,66637,GLEN UNA AV,LAURIE AV,37.29780897,-121.8893895
8449,682498,CR-0000092065,0,0,0,0,22-093-0151,False,False,0,4/3/2022 2:53:00 AM,No Pedestrians Involved,Dry,No Unusual Conditions,Dark - Street Light,Violation Driver 1,Controls Functioning,Clear,Sideswipe,Intersection,Parked Vehicle,Not Applicable,Not Applicable,At,,True,True,4564,ALMADEN EX,ALMADEN RD,37.30836416,-121.8783771
8450,694115,CR-0000097966,0,0,0,0,23-079-0114,True,False,20,3/20/2023 4:50:00 AM,No Pedestrians Involved,Dry,No Unusual Conditions,Dark - Street Light,Violation Driver 1,Controls Functioning,Cloudy,Hit Object,Related,Fixed Object,Not Applicable,Not Applicable,North Of,,True,False,4564,ALMADEN EX,ALMADEN RD,37.30836416,-121.8783771
8451,712140,CR-0000101582,0,0,0,0,23-353-4009,False,True,51,12/11/2023 11:40:00 AM,No Pedestrians Involved,Unknown,Unknown,Unknown,Unknown,Unknown,Unknown,Rear End,Non-Related,Other Vehicle,Not Applicable,Not Applicable,Unknown,,False,False,4564,ALMADEN EX,ALMADEN RD,37.30836416,-121.8783771
8452,689779,CR-0000095804,0,1,0,0,22-117-0935,False,False,,4/27/2022 9:43:00 PM,No Pedestrians Involved,Dry,No Unusual Conditions,Dark - Street Light,Violation Driver 1,Controls Functioning,Clear,Rear End,Related,Other Vehicle,Not Applicable,Not Applicable,East Of,,True,True,4058,ALMA AV,ALMADEN AV/EX,37.31318987,-121.8785522
8453,685365,CR-0000094091,0,0,0,0,22-228-0915,True,False,0,8/16/2022 7:30:00 PM,No Pedestrians Involved,Dry,No Unusual Conditions,Daylight,Violation Driver 1,Controls Functioning,Clear,Hit Object,Intersection,Fixed Object,Not Applicable,Not Applicable,At,TRAFFIC SIGNAL,False,False,4058,ALMA AV,ALMADEN AV/EX,37.31318987,-121.8785522
8454,685106,CR-0000093778,2,0,0,0,22-228-0875,False,False,0,8/16/2022 6:43:00 PM,No Pedestrians Involved,Dry,No Unusual Conditions,Daylight,Violation Driver 1,Controls Functioning,Clear,Broadside,Intersection,Other Vehicle,Not Applicable,Not Applicable,At,,False,False,4058,ALMA AV,ALMADEN AV/EX,37.31318987,-121.8785522
8455,689110,CR-0000094975,0,0,0,0,22-319-9701,False,False,0,9/7/2022 4:05:00 PM,No Pedestrians Involved,Dry,No Unusual Conditions,Daylight,Unknown,Controls Functioning,Clear,Broadside,Intersection,Other Vehicle,Not Applicable,Not Applicable,At,,False,False,4058,ALMA AV,ALMADEN AV/EX,37.31318987,-121.8785522
8456,689473,CR-0000095450,1,1,0,0,22-352-0483,False,False,24,12/18/2022 3:50:00 PM,No Pedestrians Involved,Dry,No Unusual Conditions,Daylight,Violation Driver 1,Controls Functioning,Clear,Sideswipe,Related,Other Vehicle,Not Applicable,Not Applicable,South Of,,True,False,4058,ALMA AV,ALMADEN AV/EX,37.31318987,-121.8785522
8457,697576,CR-0000099787,1,0,0,0,23-252-0039,False,False,0,9/9/2023 12:24:00 AM,No Pedestrians Involved,Dry,No Unusual Conditions,Dark - Street Light,Violation Driver 1,Controls Functioning,Clear,Sideswipe,Intersection,Other Vehicle,Not Applicable,Not Applicable,At,,False,False,4058,ALMA AV,ALMADEN AV/EX,37.31318987,-121.8785522
8458,696427,CR-0000099604,1,0,0,0,23-279-0676,False,False,0,10/6/2023 5:49:00 PM,No Pedestrians Involved,Dry,No Unusual Conditions,Daylight,Violation Driver 1,Controls Functioning,Clear,Rear End,Intersection,Other Vehicle,Not Applicable,Not Applicable,At,,True,True,4058,ALMA AV,ALMADEN AV/EX,37.31318987,-121.8785522
8459,694725,CR-0000098779,1,0,0,0,23-241-0787,False,False,137,8/29/2023 5:29:00 PM,No Pedestrians Involved,Dry,No Unusual Conditions,Daylight,Violation Driver 1,Controls Functioning,Clear,Rear End,Non-Related,Other Vehicle,Not Applicable,Not Applicable,South Of,,True,False,4058,ALMA AV,ALMADEN AV/EX,37.31318987,-121.8785522
8460,694605,CR-0000098638,1,0,0,0,23-204-0394,False,False,0,7/23/2023 10:15:00 AM,No Pedestrians Involved,Dry,No Unusual Conditions,Daylight,Violation Driver 1,Controls Functioning,Clear,Broadside,Intersection,Other Vehicle,Not Applicable,Not Applicable,At,,False,False,4058,ALMA AV,ALMADEN AV/EX,37.31318987,-121.8785522
8461,694385,CR-0000098329,0,0,0,0,23-167-0976,False,False,194,6/16/2023 9:37:00 PM,No Pedestrians Involved,Dry,No Unusual Conditions,Dark - Street Light,Violation Driver 1,Controls Functioning,Clear,Sideswipe,Non-Related,Other Vehicle,Not Applicable,Not Applicable,West Of,,False,True,4058,ALMA AV,ALMADEN AV/EX,37.31318987,-121.8785522
8462,719641,CR-0000102811,0,0,0,0,24-003-4007,False,True,,1/3/2024 9:00:00 PM,No Pedestrians Involved,Unknown,Unknown,Unknown,Unknown,Unknown,Unknown,Sideswipe,Related,Other Vehicle,Not Applicable,Not Applicable,South Of,,False,False,4058,ALMA AV,ALMADEN AV/EX,37.31318987,-121.8785522
8463,719811,CR-0000102984,0,0,0,0,24-050-4005,False,True,0,2/5/2024 7:20:00 AM,No Pedestrians Involved,Unknown,Unknown,Unknown,Unknown,Unknown,Unknown,Broadside,Intersection,Other Vehicle,Not Applicable,Not Applicable,At,,False,False,4058,ALMA AV,ALMADEN AV/EX,37.31318987,-121.8785522
8464,694650,CR-0000098683,0,0,1,0,23-211-0515,False,False,105,7/30/2023 2:30:00 PM,No Pedestrians Involved,Dry,No Unusual Conditions,Daylight,Violation Driver 1,No Controls Present/Factor,Clear,Vehicle/Bike,Non-Related,Bike,Not Applicable,Not Applicable,West Of,bike/car door,False,False,66670,GLEN BROOK AV,WILLOW ST,37.3048947,-121.9089464
8465,684943,CR-0000093638,1,0,0,0,22-216-0820,False,False,0,8/4/2022 7:05:00 PM,Crossing - Not In Crosswalk,Dry,No Unusual Conditions,Daylight,Pedestrian At Fault,No Controls Present/Factor,Clear,Vehicle/Pedestrian,Intersection,Pedestrian,North,South,At,PEDESTRIAN,False,False,30898,CAMINO RAMON,WILLOW ST,37.30524795,-121.9081685
8466,722080,CR-0000103334,0,0,0,0,24-066-4000,False,True,51,3/5/2024 10:30:00 AM,No Pedestrians Involved,Unknown,Unknown,Unknown,Unknown,Unknown,Unknown,Sideswipe,Non-Related,Parked Vehicle,Not Applicable,Not Applicable,North Of,,False,False,30898,CAMINO RAMON,WILLOW ST,37.30524795,-121.9081685
8467,681234,CR-0000090619,0,0,0,0,22-005-0916,True,False,0,1/5/2022 8:05:00 PM,No Pedestrians Involved,Dry,No Unusual Conditions,Dark - Street Light,Violation Driver 1,Controls Functioning,Clear,Hit Object,Intersection,Fixed Object,Not Applicable,Not Applicable,At,STOP SIGN,False,False,108184,SEQUOIA AV,SHASTA AV,37.33174528,-121.9154089
8468,682722,CR-0000092301,0,1,0,0,22-154-0062,True,False,30,6/3/2022 1:33:00 AM,No Pedestrians Involved,Dry,No Unusual Conditions,Dark - Street Light,Violation Driver 1,No Controls Present/Factor,Clear,Head On,Related,Fixed Object,Not Applicable,Not Applicable,West Of,CURB,False,False,88428,MARTIN AV,SEQUOIA AV,37.3304584,-121.9138514
8469,682464,CR-0000092029,0,1,0,0,22-111-0921,True,False,0,4/21/2022 11:20:00 PM,No Pedestrians Involved,Wet,No Unusual Conditions,Dark - Street Light,Violation Driver 1,No Controls Present/Factor,Rain,Hit Object,Intersection,Fixed Object,Not Applicable,Not Applicable,At,CURB - ROUND ABOUT,False,False,88428,MARTIN AV,SEQUOIA AV,37.3304584,-121.9138514
8470,682339,CR-0000091902,0,0,0,0,22-099-0236,False,False,120,4/9/2022 2:30:00 AM,No Pedestrians Involved,Dry,No Unusual Conditions,Daylight,Violation Driver 1,Controls Functioning,Clear,Sideswipe,Non-Related,Parked Vehicle,Not Applicable,Not Applicable,South Of,,True,True,38390,CHESTNUT ST,MCKENDRIE ST,37.34638132,-121.9174759
8471,698682,CR-0000099920,2,0,0,0,23-242-0884,False,False,0,8/30/2023 7:30:00 PM,No Pedestrians Involved,Dry,No Unusual Conditions,Dark - Street Light,Violation Driver 1,Controls Functioning,Clear,Rear End,Intersection,Other Vehicle,Not Applicable,Not Applicable,At,,False,True,38422,CHESTNUT ST,UNIVERSITY AV,37.3444054,-121.9153116
8472,690406,CR-0000096503,0,0,0,0,22-238-0298,False,False,0,8/26/2022 10:41:00 AM,No Pedestrians Involved,Unknown,Unknown,Daylight,Violation Driver 1,Unknown,Unknown,Broadside,Intersection,Other Vehicle,Not Applicable,Not Applicable,At,,False,False,38422,CHESTNUT ST,UNIVERSITY AV,37.3444054,-121.9153116
8473,716171,CR-0000102137,0,1,0,0,24-031-0251,False,False,0,1/30/2024 10:03:00 PM,No Pedestrians Involved,Dry,No Unusual Conditions,Dark - Street Light,Bike At Fault,No Controls Present/Factor,Cloudy,Broadside,Intersection,Bike,Not Applicable,Not Applicable,At,BIKE,False,False,38422,CHESTNUT ST,UNIVERSITY AV,37.3444054,-121.9153116
8474,689701,CR-0000095683,2,0,0,0,22-346-0561,False,False,0,12/12/2022 3:10:00 PM,No Pedestrians Involved,Dry,No Unusual Conditions,Daylight,Violation Driver 1,No Controls Present/Factor,Clear,Rear End,Intersection,Other Vehicle,Not Applicable,Not Applicable,At,,False,False,41535,COLEMAN AV,UNIVERSITY AV,37.3452573,-121.9140932
8475,694229,CR-0000097914,0,2,0,0,23-120-0852,False,False,0,4/30/2023 10:23:00 PM,No Pedestrians Involved,Dry,No Unusual Conditions,Dark - Street Light,Violation Driver 1,No Controls Present/Factor,Clear,Broadside,Intersection,Parked Vehicle,Not Applicable,Not Applicable,At,,False,False,41535,COLEMAN AV,UNIVERSITY AV,37.3452573,-121.9140932
8476,716307,CR-0000102294,0,1,0,0,24-032-0126,False,False,164,2/1/2024 6:45:00 AM,No Pedestrians Involved,Wet,No Unusual Conditions,Dark - Street Light,Violation Driver 1,No Controls Present/Factor,Rain,Hit Object,Non-Related,Fixed Object,Not Applicable,Not Applicable,South Of,Utility Pole,False,False,41535,COLEMAN AV,UNIVERSITY AV,37.3452573,-121.9140932
8477,684926,CR-0000093580,0,0,0,0,22-232-0603,False,False,56,8/20/2022 4:20:00 PM,No Pedestrians Involved,Dry,No Unusual Conditions,Daylight,Violation Driver 1,Controls Functioning,Clear,Sideswipe,Non-Related,Other Vehicle,Not Applicable,Not Applicable,North Of,,True,False,41348,COLEMAN AV,HEDDING ST,37.34625725,-121.9151893
8478,684743,CR-0000093428,0,0,0,0,22-185-0147,True,False,0,7/4/2022 2:23:00 AM,No Pedestrians Involved,Dry,No Unusual Conditions,Dark - Street Light,Violation Driver 1,Controls Functioning,Clear,Hit Object,Intersection,Fixed Object,Not Applicable,Not Applicable,At,Traffic Signal,False,False,41348,COLEMAN AV,HEDDING ST,37.34625725,-121.9151893
8479,684689,CR-0000093317,1,0,0,0,22-171-0617,False,False,134,6/20/2022 4:00:00 PM,No Pedestrians Involved,Dry,No Unusual Conditions,Daylight,Violation Driver 1,Controls Functioning,Clear,Vehicle/Bike,Non-Related,Scooter Motorized,Not Applicable,Not Applicable,South Of,BIKE(E.SCOOTER),False,False,41348,COLEMAN AV,HEDDING ST,37.34625725,-121.9151893
8480,685432,CR-0000094176,3,0,0,0,22-266-0260,False,False,0,9/23/2022 9:00:00 AM,No Pedestrians Involved,Unknown,Unknown,Daylight,Violation Driver 1,Unknown,Unknown,Rear End,Intersection,Other Vehicle,Not Applicable,Not Applicable,At,,True,False,41348,COLEMAN AV,HEDDING ST,37.34625725,-121.9151893
8481,682788,CR-0000092367,1,0,0,0,22-133-0140,False,False,0,5/13/2022 6:38:00 AM,No Pedestrians Involved,Dry,No Unusual Conditions,Daylight,Violation Driver 1,Controls Functioning,Clear,Broadside,Intersection,Other Vehicle,Not Applicable,Not Applicable,At,,False,False,41348,COLEMAN AV,HEDDING ST,37.34625725,-121.9151893
8482,683108,CR-0000092699,0,0,0,0,22-073-9710,False,True,51,2/2/2022 3:00:00 PM,No Pedestrians Involved,Dry,No Unusual Conditions,Daylight,Unknown,Controls Functioning,Clear,Sideswipe,Non-Related,Other Vehicle,Not Applicable,Not Applicable,East Of,,False,False,41348,COLEMAN AV,HEDDING ST,37.34625725,-121.9151893
8483,682145,CR-0000091685,0,0,0,0,22-090-9706,False,True,0,3/21/2022 5:00:00 PM,No Pedestrians Involved,Dry,No Unusual Conditions,Daylight,Unknown,Controls Functioning,Clear,Broadside,Intersection,Other Vehicle,Not Applicable,Not Applicable,At,,False,False,41348,COLEMAN AV,HEDDING ST,37.34625725,-121.9151893
8484,694125,CR-0000097911,0,1,0,0,23-120-0789,False,False,18,4/30/2023 9:24:00 PM,Crossing - Not In Crosswalk,Dry,No Unusual Conditions,Dark - Street Light,Pedestrian At Fault,Controls Functioning,Clear,Vehicle/Pedestrian,Related,Pedestrian,West,East,South Of,,False,False,41348,COLEMAN AV,HEDDING ST,37.34625725,-121.9151893
8485,690949,CR-0000097119,0,0,0,0,23-046-0546,False,False,162,2/15/2023 1:54:00 PM,No Pedestrians Involved,Dry,No Unusual Conditions,Daylight,Violation Driver 1,Controls Functioning,Clear,Sideswipe,Non-Related,Other Vehicle,Not Applicable,Not Applicable,South Of,,True,True,41348,COLEMAN AV,HEDDING ST,37.34625725,-121.9151893
8486,690418,CR-0000096517,0,0,0,0,22-282-9706,False,True,51,10/9/2022 3:50:00 PM,No Pedestrians Involved,Unknown,Unknown,Daylight,Unknown,Unknown,Clear,Rear End,Non-Related,Other Vehicle,Not Applicable,Not Applicable,South Of,,False,True,41348,COLEMAN AV,HEDDING ST,37.34625725,-121.9151893
8487,689703,CR-0000095685,1,0,0,0,22-350-0802,False,False,51,12/16/2022 7:25:00 PM,No Pedestrians Involved,Dry,No Unusual Conditions,Dark - Street Light,Violation Driver 1,Controls Functioning,Clear,Rear End,Non-Related,Other Vehicle,Not Applicable,Not Applicable,South Of,,True,False,41348,COLEMAN AV,HEDDING ST,37.34625725,-121.9151893
8488,698684,CR-0000099922,0,1,0,0,23-219-0215,False,False,56,8/7/2023 7:15:00 AM,No Pedestrians Involved,Dry,No Unusual Conditions,Daylight,Violation Driver 1,Controls Functioning,Clear,Broadside,Non-Related,Other Vehicle,Not Applicable,Not Applicable,South Of,,True,True,41348,COLEMAN AV,HEDDING ST,37.34625725,-121.9151893
8489,694380,CR-0000098324,0,0,0,0,23-166-0876,False,False,51,6/15/2023 8:31:00 PM,No Pedestrians Involved,Dry,No Unusual Conditions,Dark - Street Light,Unknown,Controls Functioning,Clear,Sideswipe,Non-Related,Parked Vehicle,Not Applicable,Not Applicable,South Of,,False,True,41348,COLEMAN AV,HEDDING ST,37.34625725,-121.9151893
8490,695948,CR-0000099081,0,0,0,0,23-206-4000,False,True,0,7/25/2023 12:45:00 PM,No Pedestrians Involved,Unknown,Unknown,Unknown,Unknown,Unknown,Unknown,Rear End,Intersection,Unknown,Not Applicable,Not Applicable,At,,False,False,41348,COLEMAN AV,HEDDING ST,37.34625725,-121.9151893
8491,712188,CR-0000101619,0,0,0,0,23-286-0633,False,False,0,10/13/2023 4:35:00 PM,No Pedestrians Involved,Dry,No Unusual Conditions,Daylight,Violation Driver 1,Controls Functioning,Cloudy,Sideswipe,Intersection,Other Vehicle,Not Applicable,Not Applicable,At,,False,False,41348,COLEMAN AV,HEDDING ST,37.34625725,-121.9151893
8492,681604,CR-0000091001,0,0,1,0,22-047-0222,False,False,0,2/16/2022 8:01:00 AM,Crossing - Not In Crosswalk,Dry,No Unusual Conditions,Daylight,Pedestrian At Fault,Controls Functioning,Clear,Vehicle/Pedestrian,Intersection,Pedestrian,Unknown,Unknown,At,PEDESTRIAN,False,False,2529,ALAMEDA/MARTIN AV,MARTIN AV/RACE ST,37.33149359,-121.9119189
8493,683331,CR-0000092918,0,0,0,0,22-168-4000,False,True,,6/8/2022 12:00:00 PM,No Pedestrians Involved,Unknown,Unknown,Unknown,Unknown,Unknown,Unknown,Rear End,Related,Other Vehicle,Not Applicable,Not Applicable,North Of,,False,False,2529,ALAMEDA/MARTIN AV,MARTIN AV/RACE ST,37.33149359,-121.9119189
8494,689302,CR-0000095247,0,0,0,0,22-307-0958,False,False,0,11/3/2022 10:36:00 PM,No Pedestrians Involved,Dry,No Unusual Conditions,Daylight,Violation Driver 1,Controls Functioning,Clear,Rear End,Intersection,Other Vehicle,Not Applicable,Not Applicable,At,,False,True,2529,ALAMEDA/MARTIN AV,MARTIN AV/RACE ST,37.33149359,-121.9119189
8495,694700,CR-0000098735,0,1,0,0,23-221-0944,True,False,75,8/9/2023 11:58:00 PM,No Pedestrians Involved,Dry,No Unusual Conditions,Dark - Street Light,Violation Driver 1,Controls Functioning,Clear,Hit Object,Non-Related,Fixed Object,Not Applicable,Not Applicable,East Of,TREE,True,False,2529,ALAMEDA/MARTIN AV,MARTIN AV/RACE ST,37.33149359,-121.9119189
8496,689475,CR-0000095452,0,0,0,0,22-349-0039,False,False,30,12/15/2022 1:00:00 AM,No Pedestrians Involved,Dry,No Unusual Conditions,Dark - Street Light,Violation Driver 1,Controls Functioning,Clear,Hit Object,Related,Fixed Object,Not Applicable,Not Applicable,North Of,Median,True,False,2529,ALAMEDA/MARTIN AV,MARTIN AV/RACE ST,37.33149359,-121.9119189
8497,722453,CR-0000103729,0,0,0,0,24-100-0011,True,False,0,4/9/2024 12:05:00 AM,No Pedestrians Involved,Dry,No Unusual Conditions,Dark - Street Light,Violation Driver 1,Controls Functioning,Clear,Hit Object,Intersection,Fixed Object,Not Applicable,Not Applicable,At,TREE,True,False,2529,ALAMEDA/MARTIN AV,MARTIN AV/RACE ST,37.33149359,-121.9119189
8498,687484,CR-0000094272,0,0,0,0,22-257-0063,True,False,24,9/14/2022 12:00:00 AM,No Pedestrians Involved,Dry,No Unusual Conditions,Dark - Street Light,Unknown,Controls Functioning,Clear,Hit Object,Related,Fixed Object,Not Applicable,Not Applicable,East Of,STOP SIGN,False,True,63964,FRUITDALE AV,NORTHRUP ST,37.31104627,-121.9081326
8499,681682,CR-0000091079,0,0,0,0,22-077-1031,False,True,,3/19/2022 12:00:00 AM,No Pedestrians Involved,Unknown,Unknown,Unknown,Unknown,Unknown,Unknown,Other,Related,Parked Vehicle,Not Applicable,Not Applicable,North Of,,False,False,63964,FRUITDALE AV,NORTHRUP ST,37.31104627,-121.9081326
8500,689265,CR-0000095227,3,0,0,0,22-230-0560,False,False,0,8/18/2022 2:28:00 PM,No Pedestrians Involved,Dry,No Unusual Conditions,Daylight,Violation Driver 1,No Controls Present/Factor,Clear,Broadside,Intersection,Other Vehicle,Not Applicable,Not Applicable,At,,False,False,24254,BRANHAM LN,TAMPICO WY,37.25684694,-121.8954626
8501,690648,CR-0000096770,1,1,0,0,23-031-0192,False,False,0,1/31/2023 8:30:00 AM,No Pedestrians Involved,Dry,No Unusual Conditions,Daylight,Violation Driver 1,Controls Functioning,Clear,Broadside,Intersection,Other Vehicle,Not Applicable,Not Applicable,At,,False,False,24254,BRANHAM LN,TAMPICO WY,37.25684694,-121.8954626
8502,683418,CR-0000093011,0,0,0,0,22-180-0793,False,False,0,6/29/2022 6:57:00 PM,No Pedestrians Involved,Dry,No Unusual Conditions,Dark - No Street Light,Violation Driver 1,No Controls Present/Factor,Clear,Broadside,Intersection,Other Vehicle,Not Applicable,Not Applicable,At,,False,True,41293,COLEMAN AV,EMORY ST,37.34425218,-121.9129946
8503,696536,CR-0000099723,1,0,1,0,23-343-0855,False,False,0,12/9/2023 8:47:00 PM,No Pedestrians Involved,Dry,No Unusual Conditions,Dark - Street Light,Violation Driver 1,Controls Functioning,Clear,Head On,Intersection,Other Vehicle,Not Applicable,Not Applicable,At,,False,True,41293,COLEMAN AV,EMORY ST,37.34425218,-121.9129946
8504,683061,CR-0000092622,0,0,0,0,22-164-0938,False,False,0,6/13/2022 9:43:00 PM,No Pedestrians Involved,Dry,No Unusual Conditions,Unknown,Violation Driver 1,Controls Functioning,Clear,Broadside,Intersection,Other Vehicle,Not Applicable,Not Applicable,At,,False,True,131834,GRANT ST,VINE ST,37.32415105,-121.8874332
8505,682090,CR-0000091602,1,0,0,0,22-063-0779,False,False,159,3/4/2022 7:21:00 PM,No Pedestrians Involved,Wet,No Unusual Conditions,Dark - Street Light,Violation Driver 1,Unknown,Clear,Rear End,Non-Related,Parked Vehicle,Not Applicable,Not Applicable,South Of,,False,False,131834,GRANT ST,VINE ST,37.32415105,-121.8874332
8506,682986,CR-0000092578,4,0,0,0,22-174-0613,False,False,0,6/23/2022 4:52:00 PM,No Pedestrians Involved,Dry,No Unusual Conditions,Daylight,Violation Driver 1,Controls Functioning,Clear,Broadside,Intersection,Other Vehicle,Not Applicable,Not Applicable,At,,False,False,131834,GRANT ST,VINE ST,37.32415105,-121.8874332
8507,698951,CR-0000100253,1,0,0,0,23-315-0373,False,False,120,11/11/2023 1:20:00 PM,No Pedestrians Involved,Dry,No Unusual Conditions,Daylight,Other Improper Driving,Controls Functioning,Clear,Rear End,Non-Related,Motorcycle,Not Applicable,Not Applicable,South Of,,False,False,131834,GRANT ST,VINE ST,37.32415105,-121.8874332
8508,694364,CR-0000098308,0,1,0,0,23-163-0184,False,False,0,6/12/2023 7:30:00 AM,Crossing In Crosswalk - At Intersection,Dry,No Unusual Conditions,Daylight,Violation Driver 1,Controls Functioning,Clear,Vehicle/Pedestrian,Intersection,Pedestrian,East,West,At,PED,False,False,131834,GRANT ST,VINE ST,37.32415105,-121.8874332
8509,722025,CR-0000103279,0,0,0,0,24-058-0534,False,True,51,2/27/2024 3:10:00 PM,No Pedestrians Involved,Dry,No Unusual Conditions,Daylight,Unknown,No Controls Present/Factor,Clear,Sideswipe,Non-Related,Parked Vehicle,Not Applicable,Not Applicable,South Of,,False,False,131834,GRANT ST,VINE ST,37.32415105,-121.8874332
8510,683231,CR-0000092845,0,0,0,0,22-198-0210,False,False,210,7/17/2022 4:43:00 AM,No Pedestrians Involved,Dry,No Unusual Conditions,Dark - Street Light,Violation Driver 1,No Controls Present/Factor,Clear,Overturned,Non-Related,Parked Vehicle,Not Applicable,Not Applicable,North Of,,False,True,50181,DELMAS AV,VIRGINIA ST,37.31999469,-121.8929452
8511,699054,CR-0000100360,1,0,0,0,23-198-0713,False,False,0,7/17/2023 6:30:00 PM,No Pedestrians Involved,Dry,No Unusual Conditions,Daylight,Violation Driver 1,No Controls Present/Factor,Clear,Broadside,Intersection,Other Vehicle,Not Applicable,Not Applicable,At,,False,True,50181,DELMAS AV,VIRGINIA ST,37.31999469,-121.8929452
8512,722112,CR-0000103377,0,0,0,0,24-069-4003,False,True,51,3/9/2024 12:10:00 PM,No Pedestrians Involved,Unknown,Unknown,Unknown,Unknown,Unknown,Unknown,Other,Non-Related,Parked Vehicle,Not Applicable,Not Applicable,North Of,,False,False,50181,DELMAS AV,VIRGINIA ST,37.31999469,-121.8929452
8513,687490,CR-0000094278,0,0,0,0,22-257-0543,False,False,0,9/14/2022 2:30:00 PM,No Pedestrians Involved,Dry,No Unusual Conditions,Daylight,Violation Driver 1,Controls Functioning,Clear,Broadside,Intersection,Other Vehicle,Not Applicable,Not Applicable,At,,False,False,17896,BESTOR ST,SEVENTH ST,37.32420151,-121.8730218
8514,696095,CR-0000099232,1,1,0,0,23-212-0918,False,False,155,7/31/2023 9:21:00 PM,No Pedestrians Involved,Dry,No Unusual Conditions,Dark - Street Light,Violation Driver 1,No Controls Present/Factor,Clear,Broadside,Non-Related,Motorcycle,Not Applicable,Not Applicable,North Of,,True,False,17896,BESTOR ST,SEVENTH ST,37.32420151,-121.8730218
8515,691238,CR-0000097463,0,0,0,0,23-049-0072,False,False,0,2/18/2023 1:17:00 AM,No Pedestrians Involved,Dry,No Unusual Conditions,Dark - Street Light,Violation Driver 1,No Controls Present/Factor,Clear,Broadside,Intersection,Other Vehicle,Not Applicable,Not Applicable,At,,False,False,17896,BESTOR ST,SEVENTH ST,37.32420151,-121.8730218
8516,699175,CR-0000100495,0,0,0,0,23-168-0582,False,False,171,6/7/2023 5:26:00 PM,No Pedestrians Involved,Unknown,No Unusual Conditions,Daylight,Unknown,No Controls Present/Factor,Clear,Other,Non-Related,Parked Vehicle,Not Applicable,Not Applicable,North Of,,False,False,17907,BESTOR ST,SIXTH ST,37.3236988,-121.8740779
8517,722361,CR-0000103655,0,0,0,0,24-092-0129,False,False,156,4/1/2024 4:00:00 AM,No Pedestrians Involved,Dry,No Unusual Conditions,Dark - Street Light,Violation Driver 1,No Controls Present/Factor,Clear,Sideswipe,Non-Related,Parked Vehicle,Not Applicable,Not Applicable,South Of,,False,True,17907,BESTOR ST,SIXTH ST,37.3236988,-121.8740779
8518,685387,CR-0000094123,1,0,0,0,22-232-0365,True,False,43,8/20/2022 11:15:00 AM,No Pedestrians Involved,Dry,No Unusual Conditions,Daylight,Violation Driver 1,No Controls Present/Factor,Clear,Hit Object,Related,Fixed Object,Not Applicable,Not Applicable,West Of,LIGHT POLE,True,False,62974,FOURTH ST,SAN CARLOS ST,37.33300327,-121.8839304