_id,CrashFactId,Name,MinorInjuries,ModerateInjuries,SevereInjuries,FatalInjuries,TcrNumber,CityDamageFlag,ShortFormFlag,Distance,CrashDateTime,PedestrianAction,RoadwaySurface,RoadwayCondition,Lighting,PrimaryCollisionFactor,TrafficControl,Weather,CollisionType,ProximityToIntersection,VehicleInvolvedWith,PedestrianDirectionFrom,PedestrianDirectionTo,DirectionFromIntersection,Comment,SpeedingFlag,HitAndRunFlag,IntersectionNumber,AStreetName,BStreetName,Latitude,Longitude
8519,689057,CR-0000094932,0,0,0,0,22-284-0504,False,False,149,10/11/2022 12:52:00 PM,No Pedestrians Involved,Dry,No Unusual Conditions,Daylight,Unknown,Controls Functioning,Clear,Sideswipe,Non-Related,Other Vehicle,Not Applicable,Not Applicable,North Of,,False,False,62974,FOURTH ST,SAN CARLOS ST,37.33300327,-121.8839304
8520,682836,CR-0000092436,0,0,0,0,22-161-1173,False,False,22,6/10/2022 11:53:00 PM,In Road - Includes Shoulder,Dry,No Unusual Conditions,Dark - Street Light,Violation Driver 1,Controls Functioning,Clear,Vehicle/Pedestrian,Related,Pedestrian,No Direction (Not Walking),No Direction (Not Walking),West Of,PED,False,False,62974,FOURTH ST,SAN CARLOS ST,37.33300327,-121.8839304
8521,682424,CR-0000091987,0,0,0,0,22-116-0368,True,False,0,4/26/2022 1:08:00 PM,No Pedestrians Involved,Dry,No Unusual Conditions,Daylight,Violation Driver 1,Controls Functioning,Clear,Rear End,Intersection,Other Vehicle,Not Applicable,Not Applicable,At,PBCE,True,False,62974,FOURTH ST,SAN CARLOS ST,37.33300327,-121.8839304
8522,695817,CR-0000098882,1,0,0,0,23-262-0906,False,False,0,9/19/2023 11:28:00 PM,No Pedestrians Involved,Dry,No Unusual Conditions,Dark - Street Light Not Functioning,Violation Driver 1,Controls Functioning,Clear,Vehicle/Bike,Intersection,Bike,Not Applicable,Not Applicable,At,E.SCOOTER,False,True,62974,FOURTH ST,SAN CARLOS ST,37.33300327,-121.8839304
8523,690278,CR-0000096370,0,0,0,0,22-323-9703,False,True,0,11/19/2022 2:30:00 AM,No Pedestrians Involved,Dry,No Unusual Conditions,Dark - Street Light,Unknown,Controls Functioning,Other,Sideswipe,Intersection,Other Vehicle,Not Applicable,Not Applicable,At,,False,True,62974,FOURTH ST,SAN CARLOS ST,37.33300327,-121.8839304
8524,722331,CR-0000103625,0,0,0,0,24-092-4001,False,True,51,3/31/2024 1:55:00 AM,No Pedestrians Involved,Unknown,Unknown,Unknown,Unknown,Unknown,Unknown,Other,Non-Related,Parked Vehicle,Not Applicable,Not Applicable,West Of,,False,False,62974,FOURTH ST,SAN CARLOS ST,37.33300327,-121.8839304
8525,711993,CR-0000101451,0,0,0,0,23-253-9704,False,True,0,9/8/2023 8:40:00 AM,Crossing In Crosswalk - At Intersection,Dry,No Unusual Conditions,Daylight,Unknown,Controls Functioning,Clear,Vehicle/Pedestrian,Intersection,Pedestrian,West,East,At,PED,False,False,62974,FOURTH ST,SAN CARLOS ST,37.33300327,-121.8839304
8526,689601,CR-0000095579,1,0,0,0,22-106-9703,False,True,0,2/28/2022 11:00:00 PM,No Pedestrians Involved,Dry,No Unusual Conditions,Daylight,Unknown,Controls Functioning,Clear,Broadside,Intersection,Other Vehicle,Not Applicable,Not Applicable,At,,False,False,69080,GUADALUPE FR/PLEASANT ST,JULIAN ST,37.33647832,-121.8987375
8527,688900,CR-0000094759,1,0,0,0,22-278-0539,False,False,0,10/5/2022 2:10:00 PM,No Pedestrians Involved,Dry,No Unusual Conditions,Daylight,Violation Driver 1,Controls Functioning,Clear,Broadside,Intersection,Other Vehicle,Not Applicable,Not Applicable,At,,False,False,69080,GUADALUPE FR/PLEASANT ST,JULIAN ST,37.33647832,-121.8987375
8528,688723,CR-0000094548,0,0,0,0,22-206-4000,False,True,0,7/24/2022 6:27:00 PM,No Pedestrians Involved,Unknown,Unknown,Unknown,Unknown,Unknown,Unknown,Rear End,Intersection,Other Vehicle,Not Applicable,Not Applicable,At,,False,False,69080,GUADALUPE FR/PLEASANT ST,JULIAN ST,37.33647832,-121.8987375
8529,690942,CR-0000097112,0,0,0,0,23-041-0349,False,False,232,2/10/2023 10:57:00 AM,No Pedestrians Involved,Dry,No Unusual Conditions,Daylight,Violation Driver 1,Controls Functioning,Cloudy,Sideswipe,Non-Related,Other Vehicle,Not Applicable,Not Applicable,East Of,,False,True,69080,GUADALUPE FR/PLEASANT ST,JULIAN ST,37.33647832,-121.8987375
8530,690930,CR-0000097094,2,0,0,0,23-034-0186,False,False,0,2/3/2023 7:45:00 AM,No Pedestrians Involved,Dry,No Unusual Conditions,Daylight,Violation Driver 1,Controls Functioning,Clear,Rear End,Intersection,Other Vehicle,Not Applicable,Not Applicable,At,,False,True,69080,GUADALUPE FR/PLEASANT ST,JULIAN ST,37.33647832,-121.8987375
8531,694367,CR-0000098311,1,0,0,0,23-164-0510,False,False,0,6/13/2023 2:30:00 PM,No Pedestrians Involved,Dry,No Unusual Conditions,Daylight,Violation Driver 1,Unknown,Clear,Broadside,Intersection,Other Vehicle,Not Applicable,Not Applicable,At,,False,False,69080,GUADALUPE FR/PLEASANT ST,JULIAN ST,37.33647832,-121.8987375
8532,711600,CR-0000101554,0,0,0,0,23-344-4001,False,True,0,12/9/2023 7:00:00 PM,No Pedestrians Involved,Unknown,Unknown,Unknown,Unknown,Unknown,Unknown,Sideswipe,Intersection,Other Vehicle,Not Applicable,Not Applicable,At,,False,False,69080,GUADALUPE FR/PLEASANT ST,JULIAN ST,37.33647832,-121.8987375
8533,684730,CR-0000093419,0,0,1,0,22-190-0434,False,False,25,7/9/2022 12:04:00 PM,No Pedestrians Involved,Dry,No Unusual Conditions,Daylight,Violation Driver 1,Controls Functioning,Clear,Vehicle/Bike,Related,Scooter Motorized,Not Applicable,Not Applicable,West Of,,False,False,132065,JULIAN ST,RIVER CORP. CENTER DW,37.33622218,-121.8997159
8534,683414,CR-0000093007,0,0,0,0,22-164-0575,False,False,123,6/13/2022 3:49:00 PM,No Pedestrians Involved,Dry,No Unusual Conditions,Daylight,Violation Driver 1,No Controls Present/Factor,Clear,Sideswipe,Non-Related,Parked Vehicle,Not Applicable,Not Applicable,West Of,,True,False,110516,ST JOHN ST,TWELFTH ST,37.34312708,-121.8801607
8535,691273,CR-0000097518,0,0,0,0,23-050-4000,False,True,51,2/18/2023 6:00:00 PM,No Pedestrians Involved,Unknown,Unknown,Unknown,Unknown,Unknown,Unknown,Other,Non-Related,Parked Vehicle,Not Applicable,Not Applicable,Unknown,,False,False,110516,ST JOHN ST,TWELFTH ST,37.34312708,-121.8801607
8536,721981,CR-0000103235,0,0,0,0,24-131-9709,False,True,51,2/20/2024 10:00:00 AM,No Pedestrians Involved,Unknown,Unknown,Unknown,Unknown,Unknown,Unknown,Other,Non-Related,Parked Vehicle,Not Applicable,Not Applicable,South Of,,False,False,110516,ST JOHN ST,TWELFTH ST,37.34312708,-121.8801607
8537,720854,CR-0000103057,0,0,0,0,24-043-4012,False,True,0,2/12/2024 7:30:00 PM,No Pedestrians Involved,Unknown,Unknown,Unknown,Unknown,Unknown,Unknown,Broadside,Intersection,Other Vehicle,Not Applicable,Not Applicable,At,,False,False,110516,ST JOHN ST,TWELFTH ST,37.34312708,-121.8801607
8538,682949,CR-0000092572,0,0,0,0,22-120-0142,False,False,77,4/30/2022 5:08:00 AM,No Pedestrians Involved,Dry,No Unusual Conditions,Dark - Street Light,Violation Driver 1,No Controls Present/Factor,Clear,Head On,Non-Related,Other Vehicle,Not Applicable,Not Applicable,West Of,,True,False,77770,JULIAN ST,TWELFTH ST,37.34601285,-121.8823107
8539,681801,CR-0000091210,0,0,0,0,22-077-0173,False,False,51,3/18/2022 7:52:00 AM,No Pedestrians Involved,Dry,No Unusual Conditions,Daylight,Violation Driver 1,No Controls Present/Factor,Clear,Sideswipe,Non-Related,Parked Vehicle,Not Applicable,Not Applicable,North Of,,True,False,77770,JULIAN ST,TWELFTH ST,37.34601285,-121.8823107
8540,694415,CR-0000098369,1,0,0,0,23-155-0487,False,False,0,6/4/2023 3:01:00 PM,No Pedestrians Involved,Dry,No Unusual Conditions,Daylight,Violation Driver 1,Controls Functioning,Clear,Broadside,Intersection,Other Vehicle,Not Applicable,Not Applicable,At,,False,False,77770,JULIAN ST,TWELFTH ST,37.34601285,-121.8823107
8541,711605,CR-0000100981,0,0,0,0,23-260-0120,False,False,71,9/17/2023 2:22:00 AM,No Pedestrians Involved,Dry,No Unusual Conditions,Dark - Street Light,Violation Driver 1,No Controls Present/Factor,Clear,Sideswipe,Non-Related,Parked Vehicle,Not Applicable,Not Applicable,East Of,,False,False,77770,JULIAN ST,TWELFTH ST,37.34601285,-121.8823107
8542,681281,CR-0000090668,1,0,0,0,22-009-0495,True,False,0,1/9/2022 3:43:00 PM,No Pedestrians Involved,Dry,No Unusual Conditions,Daylight,Violation Driver 1,Controls Functioning,Clear,Broadside,Intersection,Other Vehicle,Not Applicable,Not Applicable,At,TRAFFIC SIGNAL,False,False,77769,JULIAN ST,THIRTEENTH ST,37.34645857,-121.8813741
8543,681342,CR-0000090731,0,0,0,0,22-014-0738,False,False,59,1/14/2022 9:10:00 PM,No Pedestrians Involved,Dry,No Unusual Conditions,Dark - Street Light,Violation Driver 1,Controls Functioning,Clear,Head On,Non-Related,Parked Vehicle,Not Applicable,Not Applicable,East Of,,False,False,77769,JULIAN ST,THIRTEENTH ST,37.34645857,-121.8813741
8544,682430,CR-0000091992,2,0,0,0,22-116-0641,False,False,0,4/26/2022 5:30:00 PM,No Pedestrians Involved,Dry,No Unusual Conditions,Daylight,Violation Driver 1,Controls Functioning,Unknown,Broadside,Intersection,Other Vehicle,Not Applicable,Not Applicable,At,,False,False,77769,JULIAN ST,THIRTEENTH ST,37.34645857,-121.8813741
8545,694390,CR-0000098334,2,0,0,0,23-168-0472,False,False,,6/17/2023 2:47:00 PM,No Pedestrians Involved,Dry,No Unusual Conditions,Daylight,Violation Driver 1,Controls Functioning,Clear,Rear End,Related,Other Vehicle,Not Applicable,Not Applicable,North Of,,True,False,77769,JULIAN ST,THIRTEENTH ST,37.34645857,-121.8813741
8546,699398,CR-0000100726,1,0,0,0,23-332-0880,False,False,22,11/28/2023 7:35:00 PM,No Pedestrians Involved,Dry,No Unusual Conditions,Daylight,Violation Driver 1,Controls Functioning,Clear,Sideswipe,Related,Other Vehicle,Not Applicable,Not Applicable,North Of,,False,False,77769,JULIAN ST,THIRTEENTH ST,37.34645857,-121.8813741
8547,722227,CR-0000103493,1,0,0,0,24-082-0929,False,False,0,3/22/2024 9:27:00 PM,Crossing In Crosswalk - At Intersection,Wet,No Unusual Conditions,Dark - Street Light,Violation Driver 1,Controls Functioning,Clear,Vehicle/Pedestrian,Intersection,Pedestrian,West,East,At,PED,False,True,77769,JULIAN ST,THIRTEENTH ST,37.34645857,-121.8813741
8548,696291,CR-0000099447,2,0,0,0,23-286-1012,False,False,0,10/13/2023 11:17:00 PM,No Pedestrians Involved,Dry,No Unusual Conditions,Dark - Street Light,Violation Driver 1,No Controls Present/Factor,Clear,Broadside,Intersection,Other Vehicle,Not Applicable,Not Applicable,At,,False,True,111825,THIRTEENTH ST,WASHINGTON ST,37.34857579,-121.8829573
8549,716379,CR-0000102359,1,0,0,0,24-049-0669,False,False,0,2/18/2024 7:52:00 PM,No Pedestrians Involved,Wet,No Unusual Conditions,Dark - Street Light,Violation Driver 1,Controls Functioning,Rain,Head On,Intersection,Other Vehicle,Not Applicable,Not Applicable,At,,True,True,111825,THIRTEENTH ST,WASHINGTON ST,37.34857579,-121.8829573
8550,691192,CR-0000097394,0,0,0,0,23-001-4001,False,True,51,12/31/2022 8:55:00 PM,No Pedestrians Involved,Unknown,Unknown,Unknown,Unknown,Unknown,Unknown,Rear End,Non-Related,Parked Vehicle,Not Applicable,Not Applicable,North Of,,False,False,111924,THORNWOOD DR,WEDGEWOOD DR,37.25119375,-121.8559006
8551,689564,CR-0000095541,0,0,0,0,23-002-0222,False,False,60,12/31/2022 5:00:00 PM,No Pedestrians Involved,Wet,No Unusual Conditions,Daylight,Violation Driver 1,No Controls Present/Factor,Rain,Rear End,Non-Related,Parked Vehicle,Not Applicable,Not Applicable,North Of,,True,True,111924,THORNWOOD DR,WEDGEWOOD DR,37.25119375,-121.8559006
8552,690661,CR-0000096784,0,0,0,0,23-004-0070,False,False,0,1/4/2023 2:35:00 AM,No Pedestrians Involved,Dry,No Unusual Conditions,Dark - Street Light,Violation Driver 1,No Controls Present/Factor,Clear,Rear End,Intersection,Parked Vehicle,Not Applicable,Not Applicable,At,,False,True,110285,ST ELIZABETH DR,STOKES ST,37.30475624,-121.9164324
8553,682420,CR-0000091983,0,0,0,0,22-107-0635,False,False,51,4/17/2022 6:00:00 PM,No Pedestrians Involved,Dry,No Unusual Conditions,Daylight,Violation Driver 1,Controls Functioning,Clear,Sideswipe,Non-Related,Other Vehicle,Not Applicable,Not Applicable,North Of,,False,True,63942,FRUITDALE AV,MERIDIAN AV,37.31078767,-121.9138562
8554,682533,CR-0000092100,0,0,0,0,22-099-0747,True,False,65,4/9/2022 7:25:00 PM,No Pedestrians Involved,Dry,No Unusual Conditions,Daylight,Violation Driver 1,Controls Functioning,Clear,Sideswipe,Non-Related,Fixed Object,Not Applicable,Not Applicable,East Of,Light Pole #13K4,False,False,63942,FRUITDALE AV,MERIDIAN AV,37.31078767,-121.9138562
8555,690101,CR-0000096174,0,0,0,0,22-103-9701,False,True,0,4/13/2022 7:45:00 AM,No Pedestrians Involved,Dry,No Unusual Conditions,Daylight,Unknown,Controls Functioning,Clear,Rear End,Intersection,Other Vehicle,Not Applicable,Not Applicable,At,,False,False,63942,FRUITDALE AV,MERIDIAN AV,37.31078767,-121.9138562
8556,684699,CR-0000093328,0,0,0,0,22-192-9703,False,True,,6/25/2022 10:20:00 AM,No Pedestrians Involved,Dry,No Unusual Conditions,Daylight,Unknown,Controls Functioning,Clear,Sideswipe,Related,Other Vehicle,Not Applicable,Not Applicable,South Of,,False,False,63942,FRUITDALE AV,MERIDIAN AV,37.31078767,-121.9138562
8557,685092,CR-0000093762,2,0,0,0,22-221-0706,False,False,45,8/9/2022 4:05:00 PM,No Pedestrians Involved,Dry,No Unusual Conditions,Daylight,Violation Driver 1,Controls Functioning,Clear,Rear End,Related,Other Vehicle,Not Applicable,Not Applicable,West Of,,False,False,63942,FRUITDALE AV,MERIDIAN AV,37.31078767,-121.9138562
8558,689140,CR-0000095011,1,0,0,0,22-297-0295,False,False,0,10/24/2022 9:35:00 AM,No Pedestrians Involved,Dry,No Unusual Conditions,Daylight,Violation Driver 1,Controls Functioning,Clear,Rear End,Intersection,Other Vehicle,Not Applicable,Not Applicable,At,,True,False,63942,FRUITDALE AV,MERIDIAN AV,37.31078767,-121.9138562
8559,689270,CR-0000095223,1,0,0,0,22-294-0713,False,False,75,10/21/2022 5:45:00 PM,No Pedestrians Involved,Dry,No Unusual Conditions,Daylight,Violation Driver 1,No Controls Present/Factor,Clear,Rear End,Non-Related,Other Vehicle,Not Applicable,Not Applicable,South Of,,False,False,63942,FRUITDALE AV,MERIDIAN AV,37.31078767,-121.9138562
8560,690977,CR-0000097148,1,0,0,0,23-040-0179,False,False,100,2/9/2023 7:57:00 AM,No Pedestrians Involved,Dry,No Unusual Conditions,Daylight,Violation Driver 1,Controls Functioning,Clear,Broadside,Non-Related,Other Vehicle,Not Applicable,Not Applicable,East Of,,False,False,63942,FRUITDALE AV,MERIDIAN AV,37.31078767,-121.9138562
8561,696405,CR-0000099581,0,0,0,0,23-151-0477,False,False,0,5/31/2023 1:44:00 PM,No Pedestrians Involved,Dry,No Unusual Conditions,Daylight,Violation Driver 1,Controls Functioning,Clear,Rear End,Intersection,Other Vehicle,Not Applicable,Not Applicable,At,,True,False,63942,FRUITDALE AV,MERIDIAN AV,37.31078767,-121.9138562
8562,694688,CR-0000098722,1,0,0,0,23-219-0725,False,False,170,8/7/2023 5:06:00 PM,No Pedestrians Involved,Dry,No Unusual Conditions,Daylight,Violation Driver 1,No Controls Present/Factor,Clear,Vehicle/Bike,Non-Related,Bike,Not Applicable,Not Applicable,East Of,BIKE,False,False,63942,FRUITDALE AV,MERIDIAN AV,37.31078767,-121.9138562
8563,694791,CR-0000098829,1,0,0,0,23-212-9703,False,True,51,7/28/2023 12:30:00 PM,No Pedestrians Involved,Dry,No Unusual Conditions,Daylight,Unknown,No Controls Present/Factor,Unknown,Sideswipe,Non-Related,Other Vehicle,Not Applicable,Not Applicable,North Of,,False,False,63942,FRUITDALE AV,MERIDIAN AV,37.31078767,-121.9138562
8564,699349,CR-0000100676,0,0,0,0,23-212-9970,False,True,51,7/28/2023 12:30:00 PM,No Pedestrians Involved,Dry,No Unusual Conditions,Daylight,Unknown,No Controls Present/Factor,Clear,Sideswipe,Non-Related,Other Vehicle,Not Applicable,Not Applicable,North Of,,False,False,63942,FRUITDALE AV,MERIDIAN AV,37.31078767,-121.9138562
8565,699108,CR-0000100424,0,0,0,0,23-171-0478,False,False,485,6/20/2023 1:49:00 PM,No Pedestrians Involved,Dry,No Unusual Conditions,Daylight,Violation Driver 1,No Controls Present/Factor,Clear,Broadside,Non-Related,Other Vehicle,Not Applicable,Not Applicable,South Of,,False,True,63942,FRUITDALE AV,MERIDIAN AV,37.31078767,-121.9138562
8566,699314,CR-0000100640,1,0,0,0,23-331-0863,False,False,472,11/27/2023 7:52:00 PM,In Road - Includes Shoulder,Dry,No Unusual Conditions,Dark - Street Light,Violation Driver 1,Unknown,Clear,Vehicle/Pedestrian,Non-Related,Pedestrian,West,East,South Of,PEDESTRIAN,False,False,63942,FRUITDALE AV,MERIDIAN AV,37.31078767,-121.9138562
8567,698730,CR-0000099979,1,0,0,0,23-251-1015,False,False,0,9/8/2023 11:27:00 PM,No Pedestrians Involved,Dry,No Unusual Conditions,Dark - Street Light,Violation Driver 1,Controls Functioning,Clear,Broadside,Intersection,Other Vehicle,Not Applicable,Not Applicable,At,,False,False,63942,FRUITDALE AV,MERIDIAN AV,37.31078767,-121.9138562
8568,694751,CR-0000098790,1,0,0,0,23-234-0305,True,False,0,8/22/2023 10:27:00 AM,No Pedestrians Involved,Dry,No Unusual Conditions,Daylight,Violation Driver 1,No Controls Present/Factor,Clear,Hit Object,Intersection,Fixed Object,Not Applicable,Not Applicable,At,FENCE/TREE,True,False,64020,FRUITDALE AV,ST ELIZABETH DR,37.31069782,-121.915687
8569,691326,CR-0000097573,0,0,0,0,23-066-0492,False,False,0,3/7/2023 2:25:00 PM,Crossing In Crosswalk - At Intersection,Dry,No Unusual Conditions,Daylight,Violation Driver 1,Controls Functioning,Clear,Vehicle/Pedestrian,Intersection,Pedestrian,South,North,At,PED,False,True,64020,FRUITDALE AV,ST ELIZABETH DR,37.31069782,-121.915687
8570,689702,CR-0000095684,0,1,0,0,22-349-0210,False,False,0,12/15/2022 8:54:00 AM,Crossing In Crosswalk - At Intersection,Dry,No Unusual Conditions,Daylight,Violation Driver 1,Controls Functioning,Clear,Vehicle/Pedestrian,Intersection,Pedestrian,North,South,At,,False,False,64020,FRUITDALE AV,ST ELIZABETH DR,37.31069782,-121.915687
8571,721953,CR-0000103207,0,0,0,0,24-032-0527,False,False,51,2/1/2024 2:35:00 PM,No Pedestrians Involved,Wet,No Unusual Conditions,Daylight,Violation Driver 1,No Controls Present/Factor,Rain,Rear End,Non-Related,Other Vehicle,Not Applicable,Not Applicable,South Of,,False,True,64020,FRUITDALE AV,ST ELIZABETH DR,37.31069782,-121.915687
8572,682493,CR-0000092060,0,0,0,0,22-092-0382,False,False,90,4/2/2022 2:30:00 AM,No Pedestrians Involved,Dry,No Unusual Conditions,Dark - Street Light,Violation Driver 1,Controls Functioning,Clear,Sideswipe,Non-Related,Parked Vehicle,Not Applicable,Not Applicable,South Of,,False,True,68342,GREAT OAKS BL/VINEYARD DR,SANTA TERESA BL,37.23083576,-121.7834904
8573,681535,CR-0000090931,2,0,0,0,22-038-0465,False,False,211,2/7/2022 1:16:00 PM,No Pedestrians Involved,Dry,No Unusual Conditions,Daylight,Violation Driver 1,Controls Functioning,Clear,Sideswipe,Non-Related,Other Vehicle,Not Applicable,Not Applicable,North Of,,False,False,68342,GREAT OAKS BL/VINEYARD DR,SANTA TERESA BL,37.23083576,-121.7834904
8574,690944,CR-0000097114,2,0,0,0,23-032-0156,False,False,0,2/1/2023 7:15:00 AM,No Pedestrians Involved,Dry,No Unusual Conditions,Dusk - Dawn,Violation Driver 1,Controls Functioning,Clear,Broadside,Intersection,Other Vehicle,Not Applicable,Not Applicable,At,,False,False,68342,GREAT OAKS BL/VINEYARD DR,SANTA TERESA BL,37.23083576,-121.7834904
8575,715974,CR-0000101966,0,1,0,0,24-003-0625,False,False,0,1/3/2024 4:17:00 PM,No Pedestrians Involved,Wet,No Unusual Conditions,Dusk - Dawn,Violation Driver 1,Controls Functioning,Cloudy,Head On,Intersection,Other Vehicle,Not Applicable,Not Applicable,At,,False,False,68342,GREAT OAKS BL/VINEYARD DR,SANTA TERESA BL,37.23083576,-121.7834904
8576,696468,CR-0000099645,1,0,0,0,23-320-0741,False,False,42,11/16/2023 7:29:00 PM,No Pedestrians Involved,Dry,No Unusual Conditions,Dark - Street Light,Violation Driver 1,Controls Functioning,Clear,Sideswipe,Related,Other Vehicle,Not Applicable,Not Applicable,West Of,,False,False,88494,MARTINVALE LN,SANTA TERESA BL,37.22895575,-121.780349
8577,696335,CR-0000099491,0,1,0,0,23-294-0181,False,False,484,10/21/2023 4:53:00 AM,No Pedestrians Involved,Dry,No Unusual Conditions,Dark - No Street Light,Unknown,No Controls Present/Factor,Clear,Hit Object,Non-Related,Fixed Object,Not Applicable,Not Applicable,North Of,MEDIAN,False,False,114993,HELLYER AV,SILVER CREEK VALLEY RD,37.26028992,-121.7836766
8578,696011,CR-0000099146,2,0,0,0,23-202-0962,True,False,592,7/21/2023 10:00:00 PM,No Pedestrians Involved,Dry,No Unusual Conditions,Dark - Street Light,Violation Driver 1,Controls Functioning,Clear,Hit Object,Non-Related,Fixed Object,Not Applicable,Not Applicable,East Of,LIGHT POLE,False,False,114993,HELLYER AV,SILVER CREEK VALLEY RD,37.26028992,-121.7836766
8579,691150,CR-0000097351,0,0,0,0,23-036-0144,True,False,0,2/5/2023 3:28:00 AM,No Pedestrians Involved,Dry,No Unusual Conditions,Dark - Street Light,Violation Driver 1,Controls Functioning,Clear,Hit Object,Intersection,Fixed Object,Not Applicable,Not Applicable,At,Traffic signal pole,False,True,114993,HELLYER AV,SILVER CREEK VALLEY RD,37.26028992,-121.7836766
8580,694061,CR-0000097971,0,1,0,0,23-067-0972,True,False,18,3/8/2023 11:30:00 PM,No Pedestrians Involved,Dry,No Unusual Conditions,Dark - Street Light,Violation Driver 1,Controls Functioning,Clear,Hit Object,Related,Fixed Object,Not Applicable,Not Applicable,West Of,LIGHTPOLE,True,False,114993,HELLYER AV,SILVER CREEK VALLEY RD,37.26028992,-121.7836766
8581,683056,CR-0000092607,1,0,0,0,22-163-0138,True,False,266,6/12/2022 2:15:00 AM,No Pedestrians Involved,Dry,No Unusual Conditions,Dark - Street Light,Violation Driver 1,No Controls Present/Factor,Clear,Sideswipe,Non-Related,Fixed Object,Not Applicable,Not Applicable,South Of,TREE,True,False,131152,LARKSPUR CANYON DR,SAN FELIPE RD,37.28874488,-121.7653527
8582,692377,CR-0000097659,0,0,0,0,23-066-0060,True,False,142,3/7/2023 1:57:00 AM,No Pedestrians Involved,Wet,No Unusual Conditions,Dark - Street Light,Unknown,No Controls Present/Factor,Rain,Hit Object,Non-Related,Fixed Object,Not Applicable,Not Applicable,North Of,Metal guardrail,False,True,131152,LARKSPUR CANYON DR,SAN FELIPE RD,37.28874488,-121.7653527
8583,716323,CR-0000102270,2,0,0,0,24-055-0457,False,False,0,2/24/2024 12:53:00 PM,No Pedestrians Involved,Dry,No Unusual Conditions,Daylight,Violation Driver 1,Controls Functioning,Clear,Head On,Intersection,Other Vehicle,Not Applicable,Not Applicable,At,,False,False,131152,LARKSPUR CANYON DR,SAN FELIPE RD,37.28874488,-121.7653527
8584,691126,CR-0000097322,0,0,0,0,23-015-4006,False,True,51,1/15/2023 8:00:00 PM,No Pedestrians Involved,Unknown,Unknown,Unknown,Unknown,Unknown,Unknown,Rear End,Non-Related,Parked Vehicle,Not Applicable,Not Applicable,West Of,,False,False,109900,SOUTHPINE DR,SOUTHVIEW DR,37.24639272,-121.7826475
8585,689266,CR-0000095233,0,0,1,0,22-311-0716,False,False,0,11/7/2022 5:54:00 PM,Crossing - Not In Crosswalk,Wet,No Unusual Conditions,Dark - Street Light,Pedestrian At Fault,Controls Functioning,Rain,Vehicle/Pedestrian,Intersection,Pedestrian,West,East,At,PED,False,False,63403,FOXWORTHY AV,MERIDIAN AV,37.27071411,-121.905793
8586,682931,CR-0000092554,0,0,0,0,22-165-0659,True,False,122,6/14/2022 4:22:00 PM,No Pedestrians Involved,Dry,No Unusual Conditions,Dark - Street Light,Violation Driver 1,No Controls Present/Factor,Clear,Hit Object,Non-Related,Fixed Object,Not Applicable,Not Applicable,South Of,LIGHT POLE,False,False,63403,FOXWORTHY AV,MERIDIAN AV,37.27071411,-121.905793
8587,692391,CR-0000097674,0,0,0,0,23-082-0569,False,False,0,3/23/2023 3:45:00 PM,No Pedestrians Involved,Dry,No Unusual Conditions,Daylight,Violation Driver 1,Controls Functioning,Clear,Rear End,Intersection,Other Vehicle,Not Applicable,Not Applicable,At,,False,False,63403,FOXWORTHY AV,MERIDIAN AV,37.27071411,-121.905793
8588,694095,CR-0000098137,1,0,0,0,23-129-0905,False,False,0,5/9/2023 8:47:00 PM,No Pedestrians Involved,Dry,No Unusual Conditions,Dark - Street Light,Violation Driver 1,Controls Functioning,Clear,Head On,Intersection,Other Vehicle,Not Applicable,Not Applicable,At,,False,False,63403,FOXWORTHY AV,MERIDIAN AV,37.27071411,-121.905793
8589,690581,CR-0000096702,1,0,0,0,23-006-0729,False,False,255,1/6/2023 6:26:00 PM,No Pedestrians Involved,Dry,No Unusual Conditions,Dark - Street Light,Violation Driver 1,No Controls Present/Factor,Clear,Rear End,Non-Related,Other Vehicle,Not Applicable,Not Applicable,North Of,,False,True,63403,FOXWORTHY AV,MERIDIAN AV,37.27071411,-121.905793
8590,698948,CR-0000100250,3,0,0,0,23-325-0940,False,False,0,11/21/2023 10:03:00 PM,No Pedestrians Involved,Dry,No Unusual Conditions,Dark - Street Light,Violation Driver 1,Controls Functioning,Clear,Broadside,Intersection,Other Vehicle,Not Applicable,Not Applicable,At,,False,False,63403,FOXWORTHY AV,MERIDIAN AV,37.27071411,-121.905793
8591,712116,CR-0000101440,0,0,0,0,23-345-0272,True,False,0,12/11/2023 9:35:00 AM,No Pedestrians Involved,Unknown,No Unusual Conditions,Daylight,Violation Driver 1,Controls Functioning,Clear,Hit Object,Intersection,Fixed Object,Not Applicable,Not Applicable,At,LIGHT POLE,False,False,63403,FOXWORTHY AV,MERIDIAN AV,37.27071411,-121.905793
8592,689065,CR-0000094929,0,1,0,0,22-289-0700,False,False,219,10/16/2022 6:57:00 PM,No Pedestrians Involved,Dry,No Unusual Conditions,Dusk - Dawn,Violation Driver 1,Unknown,Clear,Sideswipe,Non-Related,Parked Vehicle,Not Applicable,Not Applicable,South Of,,False,False,81344,LAMA WY,MERIDIAN AV,37.26944537,-121.9052753