_id,CrashFactId,Name,MinorInjuries,ModerateInjuries,SevereInjuries,FatalInjuries,TcrNumber,CityDamageFlag,ShortFormFlag,Distance,CrashDateTime,PedestrianAction,RoadwaySurface,RoadwayCondition,Lighting,PrimaryCollisionFactor,TrafficControl,Weather,CollisionType,ProximityToIntersection,VehicleInvolvedWith,PedestrianDirectionFrom,PedestrianDirectionTo,DirectionFromIntersection,Comment,SpeedingFlag,HitAndRunFlag,IntersectionNumber,AStreetName,BStreetName,Latitude,Longitude
8593,683543,CR-0000093141,1,0,0,0,22-208-0165,False,False,0,7/27/2022 9:35:00 AM,No Pedestrians Involved,Dry,No Unusual Conditions,Daylight,Violation Driver 1,Controls Functioning,Clear,Broadside,Intersection,Other Vehicle,Not Applicable,Not Applicable,At,,False,False,2815,ALAN AV,MICHON DR,37.24728434,-121.9100472
8594,690311,CR-0000096404,0,0,0,0,22-238-9706,False,True,0,8/26/2022 12:15:00 AM,No Pedestrians Involved,Dry,No Unusual Conditions,Dusk - Dawn,Unknown,No Controls Present/Factor,Clear,Head On,Intersection,Parked Vehicle,Not Applicable,Not Applicable,At,,False,True,119272,GROESBECK HILL DR,KLEIN RD,37.33708827,-121.7809372
8595,681437,CR-0000090827,0,1,0,0,22-027-0519,False,False,280,1/27/2022 2:01:00 PM,Not In Road,Dry,No Unusual Conditions,Daylight,Violation Driver 1,No Controls Present/Factor,Clear,Vehicle/Pedestrian,Non-Related,Pedestrian,North,South,South Of,PEDESTRIAN,False,False,35573,CEDARDALE DR,NORBERT CT,37.33519735,-121.7781331
8596,689535,CR-0000095512,0,0,0,0,22-355-0146,False,False,201,12/21/2022 4:50:00 AM,No Pedestrians Involved,Dry,No Unusual Conditions,Dark - Street Light,Violation Driver 1,No Controls Present/Factor,Clear,Sideswipe,Non-Related,Parked Vehicle,Not Applicable,Not Applicable,East Of,,True,True,72973,HILLSDALE AV,JARVIS AV,37.27079628,-121.8949601
8597,681461,CR-0000090851,0,0,0,0,22-015-9701,False,True,0,1/15/2022 5:45:00 AM,No Pedestrians Involved,Dry,No Unusual Conditions,Dark - Street Light,Unknown,Controls Functioning,Cloudy,Sideswipe,Intersection,Other Vehicle,Not Applicable,Not Applicable,At,,False,False,2595,ALAMEDA,NIMITZ FR,37.34232794,-121.9250171
8598,682661,CR-0000092237,1,0,0,0,22-128-0384,False,False,0,5/8/2022 12:30:00 PM,No Pedestrians Involved,Dry,No Unusual Conditions,Daylight,Violation Driver 1,Controls Functioning,Clear,Rear End,Intersection,Other Vehicle,Not Applicable,Not Applicable,At,,True,True,2595,ALAMEDA,NIMITZ FR,37.34232794,-121.9250171
8599,690790,CR-0000096929,0,0,0,0,23-018-4006,False,True,51,1/18/2023 8:15:00 AM,No Pedestrians Involved,Unknown,Unknown,Daylight,Unknown,Unknown,Unknown,Sideswipe,Non-Related,Other Vehicle,Not Applicable,Not Applicable,West Of,,False,False,2595,ALAMEDA,NIMITZ FR,37.34232794,-121.9250171
8600,715869,CR-0000102001,1,0,0,0,24-008-0688,False,False,,1/8/2024 5:09:00 PM,No Pedestrians Involved,Dry,No Unusual Conditions,Dark - Street Light,Violation Driver 1,Controls Functioning,Clear,Broadside,Related,Other Vehicle,Not Applicable,Not Applicable,North Of,,False,False,2595,ALAMEDA,NIMITZ FR,37.34232794,-121.9250171
8601,685331,CR-0000094057,1,0,0,0,22-258-0701,False,False,135,9/15/2022 5:00:00 PM,No Pedestrians Involved,Dry,No Unusual Conditions,Daylight,Violation Driver 1,No Controls Present/Factor,Cloudy,Head On,Non-Related,Other Vehicle,Not Applicable,Not Applicable,South Of,,False,False,2375,ALAMEDA,ALAMEDA WY,37.34323209,-121.927864
8602,694209,CR-0000098170,0,1,0,0,23-133-0379,False,False,110,5/13/2023 12:12:00 PM,No Pedestrians Involved,Dry,No Unusual Conditions,Daylight,Violation Driver 1,No Controls Present/Factor,Clear,Head On,Non-Related,Motorcycle,Not Applicable,Not Applicable,West Of,,False,False,50236,DELNO AV,NEWHALL ST,37.34507191,-121.9264004
8603,694358,CR-0000098302,0,0,1,0,23-165-0811,False,False,51,6/14/2023 7:59:00 PM,No Pedestrians Involved,Dry,No Unusual Conditions,Daylight,Violation Driver 1,No Controls Present/Factor,Clear,Other,Non-Related,Non-Collision,Not Applicable,Not Applicable,West Of,MC,True,False,50236,DELNO AV,NEWHALL ST,37.34507191,-121.9264004
8604,699016,CR-0000100321,1,0,0,0,23-318-0321,False,False,36,11/14/2023 10:59:00 AM,No Pedestrians Involved,Unknown,No Unusual Conditions,Daylight,Violation Driver 1,No Controls Present/Factor,Clear,Hit Object,Related,Fixed Object,Not Applicable,Not Applicable,South Of,TREE,True,False,54504,EDUCATIONAL PARK DR,LAS PLUMAS AV,37.3668225,-121.8587891
8605,694518,CR-0000098512,2,0,0,0,23-160-0706,False,False,178,6/9/2023 6:20:00 PM,No Pedestrians Involved,Dry,No Unusual Conditions,Daylight,Violation Driver 1,No Controls Present/Factor,Clear,Sideswipe,Non-Related,Other Vehicle,Not Applicable,Not Applicable,North Of,,False,True,21691,BONITA AV,SUNNY CT,37.34272027,-121.8575495
8606,711946,CR-0000101204,0,0,0,0,23-333-0139,True,False,22,11/29/2023 6:51:00 AM,No Pedestrians Involved,Wet,No Unusual Conditions,Daylight,Violation Driver 1,No Controls Present/Factor,Rain,Hit Object,Related,Fixed Object,Not Applicable,Not Applicable,North Of,STOP SIGN,True,False,21691,BONITA AV,SUNNY CT,37.34272027,-121.8575495
8607,685174,CR-0000093850,1,0,0,0,22-239-0349,False,False,22,8/27/2022 11:10:00 AM,Crossing In Crosswalk - At Intersection,Dry,No Unusual Conditions,Daylight,Violation Driver 1,Controls Functioning,Clear,Vehicle/Pedestrian,Related,Pedestrian,West,East,North Of,PED,False,False,2485,ALAMEDA,JULIAN ST,37.33209637,-121.91265
8608,681232,CR-0000090617,1,0,0,0,22-005-0661,False,False,54,1/5/2022 3:45:00 PM,No Pedestrians Involved,Dry,No Unusual Conditions,Daylight,Violation Driver 1,Controls Functioning,Clear,Sideswipe,Non-Related,Other Vehicle,Not Applicable,Not Applicable,South Of,,False,False,2485,ALAMEDA,JULIAN ST,37.33209637,-121.91265
8609,681505,CR-0000090895,0,0,0,0,22-036-0412,False,False,407,2/5/2022 12:35:00 PM,No Pedestrians Involved,Unknown,No Unusual Conditions,Daylight,Violation Driver 1,No Controls Present/Factor,Clear,Hit Object,Non-Related,Fixed Object,Not Applicable,Not Applicable,East Of,FIRE HYDRANT,False,False,2485,ALAMEDA,JULIAN ST,37.33209637,-121.91265
8610,690266,CR-0000096357,0,0,0,0,22-262-4007,False,True,0,9/18/2022 9:09:00 PM,No Pedestrians Involved,Unknown,Unknown,Unknown,Unknown,Unknown,Unknown,Broadside,Intersection,Other Vehicle,Not Applicable,Not Applicable,At,,False,False,2485,ALAMEDA,JULIAN ST,37.33209637,-121.91265
8611,699451,CR-0000100784,0,0,0,0,23-212-0475,False,False,134,7/31/2023 1:02:00 PM,No Pedestrians Involved,Dry,No Unusual Conditions,Daylight,Violation Driver 1,Controls Functioning,Clear,Sideswipe,Non-Related,Parked Vehicle,Not Applicable,Not Applicable,West Of,,False,False,2485,ALAMEDA,JULIAN ST,37.33209637,-121.91265
8612,690357,CR-0000096452,0,0,0,0,22-218-9701,False,True,51,8/6/2022 7:05:00 AM,No Pedestrians Involved,Dry,No Unusual Conditions,Daylight,Unknown,No Controls Present/Factor,Clear,Rear End,Non-Related,Parked Vehicle,Not Applicable,Not Applicable,East Of,,False,True,2507,ALAMEDA,LENZEN AV,37.3332344,-121.9140202
8613,722069,CR-0000103323,0,0,0,0,24-062-0166,True,False,66,3/2/2024 5:00:00 AM,No Pedestrians Involved,Wet,No Unusual Conditions,Dark - Street Light,Violation Driver 1,No Controls Present/Factor,Rain,Hit Object,Non-Related,Fixed Object,Not Applicable,Not Applicable,East Of,TREE,True,False,120295,ABORN RD,HERITAGE VALLEY DR,37.31605467,-121.7786022
8614,711956,CR-0000100849,0,0,0,0,23-212-0454,True,False,220,7/31/2023 12:43:00 PM,No Pedestrians Involved,Dry,No Unusual Conditions,Daylight,Violation Driver 1,No Controls Present/Factor,Clear,Hit Object,Non-Related,Fixed Object,Not Applicable,Not Applicable,East Of,LIGHT POLE,True,False,134474,ARCADE AV,QUIMBY RD,37.32531403,-121.777132
8615,694257,CR-0000098017,1,0,0,0,23-103-0777,False,False,195,4/13/2023 6:31:00 PM,No Pedestrians Involved,Dry,No Unusual Conditions,Daylight,Violation Driver 1,No Controls Present/Factor,Clear,Broadside,Non-Related,Other Vehicle,Not Applicable,Not Applicable,East Of,,True,False,11681,AZUCAR AV,MITCHELL LN,37.26156548,-121.8078524
8616,684802,CR-0000093372,0,0,0,0,22-213-0147,False,False,120,8/1/2022 9:49:00 AM,No Pedestrians Involved,Dry,No Unusual Conditions,Dusk - Dawn,Violation Driver 1,No Controls Present/Factor,Clear,Sideswipe,Non-Related,Parked Vehicle,Not Applicable,Not Applicable,North Of,,True,True,38213,CHESBRO AV,MARTINIQUE CT,37.24838965,-121.8425375
8617,711818,CR-0000101503,0,0,0,0,23-271-4005,False,True,51,9/28/2023 2:20:00 AM,No Pedestrians Involved,Unknown,Unknown,Unknown,Unknown,Unknown,Unknown,Other,Non-Related,Parked Vehicle,Not Applicable,Not Applicable,North Of,,False,False,14585,BATTLE DANCE DR,BRANHAM LANE EAST,37.26677473,-121.8073413
8618,711799,CR-0000100873,0,0,0,0,23-204-4000,False,True,51,7/23/2023 1:40:00 AM,No Pedestrians Involved,Unknown,Unknown,Unknown,Unknown,Unknown,Unknown,Other,Non-Related,Parked Vehicle,Not Applicable,Not Applicable,East Of,,False,False,53162,DUNSBURRY WY,GLENBURRY WY,37.25453376,-121.8483598
8619,690294,CR-0000096386,0,0,0,0,22-306-0553,False,False,30,11/2/2022 2:00:00 PM,No Pedestrians Involved,Dry,No Unusual Conditions,Daylight,Violation Driver 1,No Controls Present/Factor,Clear,Rear End,Related,Parked Vehicle,Not Applicable,Not Applicable,North Of,,True,True,106040,SAN BERNARDINO WY,SANTA ROSA DR,37.27884107,-121.8278964
8620,685402,CR-0000094137,0,0,0,0,22-259-1108,False,False,51,9/16/2022 11:25:00 PM,No Pedestrians Involved,Dry,No Unusual Conditions,Dark - Street Light,Violation Driver 1,No Controls Present/Factor,Clear,Head On,Non-Related,Parked Vehicle,Not Applicable,Not Applicable,North Of,,True,True,110340,ST JAMES ST,THIRTY FIRST ST,37.35351426,-121.863895
8621,699386,CR-0000100713,0,0,0,0,23-190-0697,False,False,219,7/9/2023 7:13:00 PM,No Pedestrians Involved,Dry,No Unusual Conditions,Dark - Street Light,Violation Driver 1,No Controls Present/Factor,Clear,Sideswipe,Non-Related,Parked Vehicle,Not Applicable,Not Applicable,North Of,,False,True,110340,ST JAMES ST,THIRTY FIRST ST,37.35351426,-121.863895
8622,719764,CR-0000102937,0,0,0,0,24-022-0761,False,False,35,1/22/2024 7:03:00 PM,No Pedestrians Involved,Dry,No Unusual Conditions,Dark - No Street Light,Violation Driver 1,No Controls Present/Factor,Clear,Sideswipe,Related,Parked Vehicle,Not Applicable,Not Applicable,East Of,SJPD,False,False,97954,OSWEGO DR,ROBERTS AV,37.32224092,-121.8529601
8623,691360,CR-0000097609,2,0,0,0,23-039-0170,False,False,0,2/8/2023 7:50:00 AM,No Pedestrians Involved,Unknown,No Unusual Conditions,Daylight,Violation Driver 1,Unknown,Clear,Broadside,Intersection,Other Vehicle,Not Applicable,Not Applicable,At,,True,False,9723,ASHCROFT LN,SEIFERT AV,37.24371742,-121.883855
8624,719584,CR-0000102740,0,0,0,0,24-001-0185,False,False,247,1/1/2024 2:34:00 AM,No Pedestrians Involved,Dry,No Unusual Conditions,Dark - Street Light,Violation Driver 1,No Controls Present/Factor,Fog,Rear End,Non-Related,Parked Vehicle,Not Applicable,Not Applicable,East Of,,True,True,82268,LAURIE AV,LINCOLN AV,37.29658119,-121.8924866
8625,691117,CR-0000097313,0,0,0,0,23-041-1043,False,False,109,2/10/2023 10:50:00 PM,No Pedestrians Involved,Dry,No Unusual Conditions,Dark - Street Light,Violation Driver 1,Controls Functioning,Clear,Head On,Non-Related,Parked Vehicle,Not Applicable,Not Applicable,South Of,,False,False,83973,LINCOLN AV,NORVAL WY,37.29621659,-121.8922128
8626,692500,CR-0000097788,0,0,0,0,23-070-4000,False,True,51,3/11/2023 9:20:00 AM,No Pedestrians Involved,Unknown,Unknown,Unknown,Unknown,Unknown,Unknown,Other,Non-Related,Parked Vehicle,Not Applicable,Not Applicable,North Of,,False,False,43262,CORBIN AV,LANSING AV,37.25370637,-121.8840653
8627,694454,CR-0000098419,1,1,0,0,23-154-0412,False,False,300,6/3/2023 12:10:00 PM,No Pedestrians Involved,Dry,No Unusual Conditions,Daylight,Violation Driver 1,No Controls Present/Factor,Clear,Head On,Non-Related,Other Vehicle,Not Applicable,Not Applicable,South Of,,False,False,130096,ALMADEN EX,SHADOW RUN DR,37.31063097,-121.8784707
8628,696398,CR-0000099575,0,0,0,0,23-150-0851,False,False,110,5/30/2023 8:26:00 PM,No Pedestrians Involved,Dry,No Unusual Conditions,Dusk - Dawn,Violation Driver 1,Unknown,Clear,Broadside,Non-Related,Parked Vehicle,Not Applicable,Not Applicable,South Of,,True,True,130096,ALMADEN EX,SHADOW RUN DR,37.31063097,-121.8784707
8629,719495,CR-0000102615,1,0,0,0,24-069-0128,False,False,104,3/9/2024 5:04:00 AM,No Pedestrians Involved,Dry,No Unusual Conditions,Dark - Street Light,Violation Driver 1,No Controls Present/Factor,Clear,Rear End,Non-Related,Parked Vehicle,Not Applicable,Not Applicable,South Of,,False,False,130096,ALMADEN EX,SHADOW RUN DR,37.31063097,-121.8784707
8630,688966,CR-0000094827,1,0,0,0,22-288-0289,False,False,0,10/15/2022 9:15:00 AM,No Pedestrians Involved,Dry,No Unusual Conditions,Daylight,Violation Driver 1,Controls Functioning,Clear,Broadside,Intersection,Other Vehicle,Not Applicable,Not Applicable,At,,False,False,91695,MINNESOTA AV,WILLOW ST,37.31441181,-121.890005
8631,689201,CR-0000095122,0,1,0,0,22-302-0595,False,False,0,10/29/2022 4:46:00 PM,No Pedestrians Involved,Dry,No Unusual Conditions,Daylight,Unknown,No Controls Present/Factor,Clear,Vehicle/Bike,Intersection,Bike,Not Applicable,Not Applicable,At,BIKE,False,False,91695,MINNESOTA AV,WILLOW ST,37.31441181,-121.890005
8632,722032,CR-0000103286,0,0,0,0,24-059-0189,False,False,0,2/28/2024 8:13:00 AM,No Pedestrians Involved,Dry,No Unusual Conditions,Daylight,Violation Driver 1,No Controls Present/Factor,Clear,Broadside,Intersection,Other Vehicle,Not Applicable,Not Applicable,At,,False,False,91695,MINNESOTA AV,WILLOW ST,37.31441181,-121.890005
8633,696472,CR-0000099649,1,0,0,0,23-321-0772,False,False,0,11/17/2023 7:41:00 PM,No Pedestrians Involved,Wet,No Unusual Conditions,Dark - Street Light,Violation Driver 1,No Controls Present/Factor,Rain,Broadside,Intersection,Other Vehicle,Not Applicable,Not Applicable,At,,False,False,101881,PREVOST ST,WILLOW ST,37.31382014,-121.8910229
8634,683484,CR-0000093080,0,0,0,0,22-215-4004,False,True,51,8/3/2022 11:15:00 PM,No Pedestrians Involved,Unknown,Unknown,Unknown,Unknown,Unknown,Unknown,Sideswipe,Non-Related,Other Vehicle,Not Applicable,Not Applicable,South Of,,False,True,74568,HUMBOLDT ST,PALM ST,37.3143933,-121.8828979
8635,716253,CR-0000102252,1,0,0,0,24-048-0310,False,False,181,2/17/2024 10:55:00 AM,No Pedestrians Involved,Wet,No Unusual Conditions,Daylight,Violation Driver 1,No Controls Present/Factor,Cloudy,Broadside,Non-Related,Other Vehicle,Not Applicable,Not Applicable,South Of,,False,False,74568,HUMBOLDT ST,PALM ST,37.3143933,-121.8828979
8636,682257,CR-0000091818,1,0,0,0,22-124-0903,False,True,206,5/5/2022 2:21:00 AM,No Pedestrians Involved,Dry,No Unusual Conditions,Dark - Street Light,Violation Driver 1,No Controls Present/Factor,Clear,Sideswipe,Non-Related,Other Vehicle,Not Applicable,Not Applicable,North Of,,False,False,74535,HUMBOLDT ST,LOCUST ST,37.31497735,-121.882013
8637,689729,CR-0000095741,0,0,0,0,22-355-0634,False,False,0,12/21/2022 6:17:00 PM,No Pedestrians Involved,Dry,No Unusual Conditions,Daylight,Violation Driver 1,Unknown,Clear,Broadside,Intersection,Other Vehicle,Not Applicable,Not Applicable,At,,True,True,74535,HUMBOLDT ST,LOCUST ST,37.31497735,-121.882013
8638,719759,CR-0000102932,0,0,0,0,24-021-4002,False,True,51,1/21/2024 3:00:00 AM,No Pedestrians Involved,Unknown,Unknown,Unknown,Unknown,Unknown,Unknown,Broadside,Non-Related,Parked Vehicle,Not Applicable,Not Applicable,South Of,,False,False,74535,HUMBOLDT ST,LOCUST ST,37.31497735,-121.882013
8639,681344,CR-0000090734,0,0,0,0,22-015-4002,False,True,,1/14/2022 8:00:00 AM,No Pedestrians Involved,Unknown,Unknown,Daylight,Unknown,Unknown,Unknown,Other,Related,Unknown,Not Applicable,Not Applicable,West Of,,False,False,62523,FORRESTAL AV,ROSEMARY ST,37.35858691,-121.9114132
8640,684838,CR-0000093438,0,0,0,0,22-186-0022,False,False,195,7/5/2022 12:08:00 AM,No Pedestrians Involved,Dry,No Unusual Conditions,Dark - Street Light,Violation Driver 1,No Controls Present/Factor,Clear,Head On,Non-Related,Parked Vehicle,Not Applicable,Not Applicable,South Of,,True,True,90914,MERIDIAN AV,YORK ST,37.26712324,-121.904316
8641,691214,CR-0000097435,0,0,0,0,22-351-0932,False,False,0,12/17/2022 10:33:00 PM,No Pedestrians Involved,Dry,No Unusual Conditions,Dark - Street Light,Violation Driver 1,Controls Functioning,Clear,Broadside,Intersection,Other Vehicle,Not Applicable,Not Applicable,At,,True,False,77791,JULIAN ST,TWENTY EIGHTH ST,37.35278826,-121.8679637
8642,690972,CR-0000097143,0,0,0,0,23-060-9704,False,True,0,2/27/2023 11:16:00 AM,No Pedestrians Involved,Wet,No Unusual Conditions,Daylight,Unknown,Controls Functioning,Rain,Sideswipe,Intersection,Other Vehicle,Not Applicable,Not Applicable,At,,False,False,77791,JULIAN ST,TWENTY EIGHTH ST,37.35278826,-121.8679637
8643,711824,CR-0000101177,0,0,0,0,23-309-9705,False,True,0,11/5/2023 5:00:00 PM,No Pedestrians Involved,Dry,No Unusual Conditions,Daylight,Unknown,Unknown,Clear,Sideswipe,Intersection,Other Vehicle,Not Applicable,Not Applicable,At,,False,False,77791,JULIAN ST,TWENTY EIGHTH ST,37.35278826,-121.8679637
8644,683099,CR-0000092701,0,0,0,0,22-188-0928,False,False,0,7/7/2022 10:20:00 PM,No Pedestrians Involved,Dry,No Unusual Conditions,Dark - Street Light,Violation Driver 1,Controls Functioning,Clear,Broadside,Intersection,Other Vehicle,Not Applicable,Not Applicable,At,,False,True,76240,JACKSON ST,TENTH ST,37.35147449,-121.8890682
8645,682558,CR-0000092125,1,0,0,0,22-136-0827,False,False,0,5/16/2022 7:51:00 PM,No Pedestrians Involved,Dry,No Unusual Conditions,Daylight,Violation Driver 1,Controls Functioning,Clear,Vehicle/Bike,Intersection,Bike,Not Applicable,Not Applicable,At,BIKE,False,False,76240,JACKSON ST,TENTH ST,37.35147449,-121.8890682
8646,682821,CR-0000092382,1,0,0,0,22-169-1005,False,False,307,6/18/2022 11:14:00 PM,No Pedestrians Involved,Dry,No Unusual Conditions,Dark - Street Light,Violation Driver 1,Controls Functioning,Clear,Head On,Non-Related,Parked Vehicle,Not Applicable,Not Applicable,South Of,,True,False,76240,JACKSON ST,TENTH ST,37.35147449,-121.8890682
8647,699288,CR-0000100613,0,0,0,0,23-152-4001,False,True,51,6/1/2023 12:45:00 PM,No Pedestrians Involved,Unknown,Unknown,Unknown,Unknown,Unknown,Unknown,Other,Non-Related,Unknown,Not Applicable,Not Applicable,Unknown,,False,False,76240,JACKSON ST,TENTH ST,37.35147449,-121.8890682
8648,682150,CR-0000091696,0,0,0,0,22-085-4000,False,True,51,3/26/2022 5:30:00 AM,No Pedestrians Involved,Unknown,Unknown,Unknown,Unknown,Unknown,Unknown,Other,Non-Related,Unknown,Not Applicable,Not Applicable,South Of,,False,False,56869,EMPIRE ST,NINTH ST,37.34883382,-121.8885245
8649,695899,CR-0000099027,0,0,0,0,23-235-4003,False,True,0,8/23/2023 12:30:00 PM,No Pedestrians Involved,Unknown,Unknown,Unknown,Unknown,Unknown,Unknown,Broadside,Intersection,Unknown,Not Applicable,Not Applicable,At,,False,False,56869,EMPIRE ST,NINTH ST,37.34883382,-121.8885245
8650,682280,CR-0000091817,1,0,0,0,22-101-0494,False,False,0,4/11/2022 2:55:00 PM,No Pedestrians Involved,Dry,No Unusual Conditions,Daylight,Violation Driver 1,Controls Functioning,Clear,Sideswipe,Intersection,Other Vehicle,Not Applicable,Not Applicable,At,,False,False,108833,SHORTRIDGE AV,TWENTY EIGHTH ST,37.34787183,-121.8635229
8651,684914,CR-0000093579,1,0,0,0,22-232-0389,False,False,0,8/20/2022 11:57:00 AM,No Pedestrians Involved,Dry,No Unusual Conditions,Daylight,Violation Driver 1,Unknown,Clear,Head On,Intersection,Other Vehicle,Not Applicable,Not Applicable,At,,False,False,54780,EIGHTH ST,EMPIRE ST,37.3483361,-121.8895726
8652,698735,CR-0000099985,0,1,0,0,23-272-0655,True,False,0,9/29/2023 5:00:00 PM,No Pedestrians Involved,Dry,No Unusual Conditions,Daylight,Violation Driver 1,No Controls Present/Factor,Cloudy,Hit Object,Intersection,Fixed Object,Not Applicable,Not Applicable,At,SIGN/TREE,True,False,91893,MISSION ST,SEVENTH ST,37.35426274,-121.8954172
8653,720946,CR-0000103181,0,0,0,0,24-048-9704,False,True,0,2/17/2024 12:30:00 PM,No Pedestrians Involved,Wet,No Unusual Conditions,Dark - Street Light,Unknown,No Controls Present/Factor,Rain,Rear End,Intersection,Other Vehicle,Not Applicable,Not Applicable,At,,False,False,91893,MISSION ST,SEVENTH ST,37.35426274,-121.8954172
8654,690173,CR-0000096262,0,0,0,0,22-164-4001,False,True,51,6/8/2022 12:00:00 PM,No Pedestrians Involved,Unknown,Unknown,Unknown,Unknown,Unknown,Unknown,Sideswipe,Non-Related,Other Vehicle,Not Applicable,Not Applicable,East Of,,False,True,91915,MISSION ST,SIXTH ST,37.35376198,-121.8964709
8655,682338,CR-0000091901,0,0,0,0,22-099-0176,False,False,300,4/9/2022 5:00:00 AM,No Pedestrians Involved,Unknown,No Unusual Conditions,Dark - Street Light,Violation Driver 1,No Controls Present/Factor,Clear,Broadside,Non-Related,Parked Vehicle,Not Applicable,Not Applicable,North Of,,False,False,56902,EMPIRE ST,SEVENTH ST,37.34783377,-121.8906286
8656,681777,CR-0000091177,1,0,0,0,22-048-0192,False,False,0,2/17/2022 8:06:00 AM,Crossing In Crosswalk - At Intersection,Dry,No Unusual Conditions,Daylight,Violation Driver 1,Controls Functioning,Clear,Vehicle/Bike,Intersection,Bike,East,West,At,Bike,False,True,56902,EMPIRE ST,SEVENTH ST,37.34783377,-121.8906286
8657,711890,CR-0000100940,1,0,0,0,23-189-0275,False,False,0,7/8/2023 8:15:00 AM,No Pedestrians Involved,Dry,No Unusual Conditions,Daylight,Violation Driver 1,No Controls Present/Factor,Clear,Rear End,Intersection,Other Vehicle,Not Applicable,Not Applicable,At,,True,True,56902,EMPIRE ST,SEVENTH ST,37.34783377,-121.8906286
8658,712032,CR-0000100844,0,0,0,0,23-183-0573,False,False,313,7/2/2023 3:30:00 PM,No Pedestrians Involved,Dry,No Unusual Conditions,Daylight,Violation Driver 1,No Controls Present/Factor,Clear,Head On,Non-Related,Other Vehicle,Not Applicable,Not Applicable,South Of,,True,True,38675,CHIECHI AV,SCOTT ST,37.3196673,-121.9181006
8659,691352,CR-0000097600,0,1,0,0,23-052-0747,False,False,290,2/21/2023 5:28:00 PM,No Pedestrians Involved,Dry,No Unusual Conditions,Daylight,Violation Driver 1,No Controls Present/Factor,Wind,Broadside,Non-Related,Other Vehicle,Not Applicable,Not Applicable,South Of,,False,False,70454,HARMON CT,MERIDIAN AV,37.31892278,-121.9137305
8660,711623,CR-0000101196,0,0,0,0,23-307-4003,False,True,51,11/3/2023 2:10:00 PM,No Pedestrians Involved,Unknown,Unknown,Unknown,Unknown,Unknown,Unknown,Rear End,Non-Related,Other Vehicle,Not Applicable,Not Applicable,South Of,,False,False,70454,HARMON CT,MERIDIAN AV,37.31892278,-121.9137305
8661,720905,CR-0000103131,0,0,0,0,24-030-0741,False,False,350,1/30/2024 5:30:00 PM,No Pedestrians Involved,Dry,No Unusual Conditions,Dark - Street Light,Violation Driver 1,No Controls Present/Factor,Clear,Hit Object,Non-Related,Fixed Object,Not Applicable,Not Applicable,South Of,POWER POLE,False,False,70454,HARMON CT,MERIDIAN AV,37.31892278,-121.9137305
8662,715959,CR-0000101961,0,0,0,0,24-065-9710,False,False,0,6/8/2023 4:30:00 PM,No Pedestrians Involved,Dry,No Unusual Conditions,Daylight,Unknown,Controls Functioning,Clear,Sideswipe,Intersection,Other Vehicle,Not Applicable,Not Applicable,At,,False,False,87889,MARIPOSA AV,RACE ST,37.32832869,-121.9117496
8663,716103,CR-0000102062,0,1,0,0,24-019-0717,False,False,0,1/19/2024 6:46:00 PM,No Pedestrians Involved,Wet,No Unusual Conditions,Dark - Street Light,Violation Driver 1,No Controls Present/Factor,Rain,Other,Intersection,Non-Collision,Not Applicable,Not Applicable,At,MC lost control and fell,True,False,87889,MARIPOSA AV,RACE ST,37.32832869,-121.9117496
8664,682179,CR-0000091736,1,0,0,0,22-067-0933,False,False,0,3/8/2022 8:45:00 PM,No Pedestrians Involved,Dry,No Unusual Conditions,Dark - Street Light,Violation Driver 1,Controls Functioning,Clear,Head On,Intersection,Other Vehicle,Not Applicable,Not Applicable,At,,False,False,98504,PARK AV,RACE ST/TILLMAN AV,37.32600913,-121.9115795
8665,681980,CR-0000091489,1,0,0,0,22-081-0511,False,False,0,3/22/2022 1:51:00 PM,No Pedestrians Involved,Dry,No Unusual Conditions,Daylight,Violation Driver 1,Controls Functioning,Clear,Broadside,Intersection,Other Vehicle,Not Applicable,Not Applicable,At,,False,False,98504,PARK AV,RACE ST/TILLMAN AV,37.32600913,-121.9115795
8666,681521,CR-0000090917,1,0,0,0,22-030-0737,False,False,0,1/30/2022 7:50:00 PM,No Pedestrians Involved,Dry,No Unusual Conditions,Dark - Street Light,Violation Driver 1,Controls Functioning,Clear,Rear End,Intersection,Other Vehicle,Not Applicable,Not Applicable,At,,False,False,98504,PARK AV,RACE ST/TILLMAN AV,37.32600913,-121.9115795
8667,691062,CR-0000097235,0,0,0,0,23-058-0420,True,False,210,2/27/2023 1:02:00 PM,No Pedestrians Involved,Wet,Unknown,Daylight,Violation Driver 1,No Controls Present/Factor,Rain,Sideswipe,Non-Related,Parked Vehicle,Not Applicable,Not Applicable,East Of,,True,False,98504,PARK AV,RACE ST/TILLMAN AV,37.32600913,-121.9115795
8668,698815,CR-0000100097,1,0,0,0,23-342-0779,False,False,0,12/8/2023 5:37:00 PM,No Pedestrians Involved,Dry,Unknown,Dark - Street Light,Violation Driver 1,Unknown,Clear,Head On,Intersection,Motorcycle,Not Applicable,Not Applicable,At,,False,False,98504,PARK AV,RACE ST/TILLMAN AV,37.32600913,-121.9115795
8669,699082,CR-0000100397,0,0,0,0,23-157-0705,False,False,0,6/6/2023 5:25:00 PM,No Pedestrians Involved,Dry,No Unusual Conditions,Daylight,Bike At Fault,Controls Functioning,Clear,Vehicle/Bike,Intersection,Bike,Not Applicable,Not Applicable,At,BIKE,False,False,98504,PARK AV,RACE ST/TILLMAN AV,37.32600913,-121.9115795