_id,CrashFactId,Name,MinorInjuries,ModerateInjuries,SevereInjuries,FatalInjuries,TcrNumber,CityDamageFlag,ShortFormFlag,Distance,CrashDateTime,PedestrianAction,RoadwaySurface,RoadwayCondition,Lighting,PrimaryCollisionFactor,TrafficControl,Weather,CollisionType,ProximityToIntersection,VehicleInvolvedWith,PedestrianDirectionFrom,PedestrianDirectionTo,DirectionFromIntersection,Comment,SpeedingFlag,HitAndRunFlag,IntersectionNumber,AStreetName,BStreetName,Latitude,Longitude
8670,711670,CR-0000101287,0,0,0,0,23-226-0880,False,False,0,8/14/2023 8:05:00 PM,No Pedestrians Involved,Dry,No Unusual Conditions,Dark - Street Light,Violation Driver 1,Controls Functioning,Clear,Sideswipe,Intersection,Other Vehicle,Not Applicable,Not Applicable,At,,False,True,98504,PARK AV,RACE ST/TILLMAN AV,37.32600913,-121.9115795
8671,682734,CR-0000092315,2,0,0,0,22-154-0668,False,False,0,6/3/2022 4:53:00 PM,No Pedestrians Involved,Dry,Obstruction On Roadway,Daylight,Violation Driver 1,Controls Functioning,Clear,Head On,Intersection,Other Vehicle,Not Applicable,Not Applicable,At,,False,False,20030,BLOSSOM HILL RD,EAGLES LN,37.25142568,-121.8218178
8672,682956,CR-0000092591,2,1,0,0,22-123-0451,False,False,0,5/3/2022 1:06:00 PM,No Pedestrians Involved,Dry,No Unusual Conditions,Daylight,Violation Driver 1,Controls Functioning,Clear,Rear End,Intersection,Other Vehicle,Not Applicable,Not Applicable,At,,False,False,20030,BLOSSOM HILL RD,EAGLES LN,37.25142568,-121.8218178
8673,683345,CR-0000092933,2,0,0,0,22-142-0989,False,False,162,5/22/2022 10:58:00 PM,No Pedestrians Involved,Dry,No Unusual Conditions,Dark - Street Light,Violation Driver 2,No Controls Present/Factor,Clear,Sideswipe,Non-Related,Other Vehicle,Not Applicable,Not Applicable,North Of,,False,True,20030,BLOSSOM HILL RD,EAGLES LN,37.25142568,-121.8218178
8674,689644,CR-0000095626,1,1,0,0,22-321-0484,False,False,159,11/17/2022 1:38:00 PM,No Pedestrians Involved,Dry,No Unusual Conditions,Daylight,Violation Driver 1,Controls Functioning,Clear,Rear End,Non-Related,Other Vehicle,Not Applicable,Not Applicable,North Of,,True,False,20030,BLOSSOM HILL RD,EAGLES LN,37.25142568,-121.8218178
8675,711775,CR-0000101472,0,0,0,0,23-256-4012,False,True,51,9/12/2023 3:05:00 PM,No Pedestrians Involved,Unknown,Unknown,Unknown,Unknown,Unknown,Unknown,Other,Non-Related,Other Vehicle,Not Applicable,Not Applicable,North Of,,False,False,20030,BLOSSOM HILL RD,EAGLES LN,37.25142568,-121.8218178
8676,697599,CR-0000099828,1,1,0,0,23-304-0187,False,False,0,10/31/2023 8:19:00 AM,No Pedestrians Involved,Dry,No Unusual Conditions,Daylight,Violation Driver 1,Controls Not Functioning,Clear,Head On,Intersection,Other Vehicle,Not Applicable,Not Applicable,At,,False,False,116731,JULIAN ST,PERUKA PL,37.35123164,-121.8708934
8677,691114,CR-0000097309,0,0,0,0,23-035-9705,False,True,0,2/3/2023 6:40:00 PM,No Pedestrians Involved,Wet,No Unusual Conditions,Dark - Street Light,Unknown,No Controls Present/Factor,Clear,Broadside,Intersection,Other Vehicle,Not Applicable,Not Applicable,At,,False,False,116731,JULIAN ST,PERUKA PL,37.35123164,-121.8708934
8678,716232,CR-0000102171,2,0,0,0,24-036-0195,False,False,0,2/5/2024 8:20:00 AM,No Pedestrians Involved,Wet,No Unusual Conditions,Daylight,Violation Driver 1,Controls Functioning,Rain,Broadside,Intersection,Other Vehicle,Not Applicable,Not Applicable,At,,False,False,116731,JULIAN ST,PERUKA PL,37.35123164,-121.8708934
8679,689222,CR-0000095166,0,0,1,0,22-302-0327,False,False,0,10/29/2022 10:50:00 AM,No Pedestrians Involved,Dry,No Unusual Conditions,Daylight,Violation Driver 1,Controls Functioning,Clear,Broadside,Intersection,Other Vehicle,Not Applicable,Not Applicable,At,,False,False,107216,SANTA CLARA ST,TWENTY FIRST ST,37.34564423,-121.8706162
8680,689581,CR-0000095558,1,0,0,0,22-340-0331,False,False,0,12/6/2022 10:30:00 AM,No Pedestrians Involved,Dry,No Unusual Conditions,Daylight,Violation Driver 1,Controls Functioning,Cloudy,Broadside,Intersection,Other Vehicle,Not Applicable,Not Applicable,At,,False,False,107216,SANTA CLARA ST,TWENTY FIRST ST,37.34564423,-121.8706162
8681,681917,CR-0000091411,0,0,0,0,22-072-0809,False,False,61,8/13/2022 10:34:00 PM,No Pedestrians Involved,Dry,No Unusual Conditions,Dark - Street Light,Violation Driver 1,Controls Functioning,Clear,Hit Object,Non-Related,Fixed Object,Not Applicable,Not Applicable,East Of,Building,True,False,107216,SANTA CLARA ST,TWENTY FIRST ST,37.34564423,-121.8706162
8682,682718,CR-0000092296,0,0,0,0,22-143-0371,False,False,111,5/23/2022 10:21:00 AM,No Pedestrians Involved,Dry,No Unusual Conditions,Daylight,Violation Driver 1,Controls Functioning,Clear,Sideswipe,Non-Related,Other Vehicle,Not Applicable,Not Applicable,West Of,,False,False,107216,SANTA CLARA ST,TWENTY FIRST ST,37.34564423,-121.8706162
8683,692509,CR-0000097798,0,0,1,0,23-070-0483,False,False,0,3/11/2023 2:57:00 PM,No Pedestrians Involved,Dry,Unknown,Daylight,Violation Driver 1,Controls Functioning,Clear,Broadside,Intersection,Other Vehicle,Not Applicable,Not Applicable,At,,False,False,107216,SANTA CLARA ST,TWENTY FIRST ST,37.34564423,-121.8706162
8684,698687,CR-0000099935,1,0,0,0,23-231-0344,False,False,0,8/19/2023 12:16:00 PM,No Pedestrians Involved,Dry,No Unusual Conditions,Daylight,Violation Driver 1,Controls Functioning,Clear,Broadside,Intersection,Other Vehicle,Not Applicable,Not Applicable,At,,False,True,107216,SANTA CLARA ST,TWENTY FIRST ST,37.34564423,-121.8706162
8685,699354,CR-0000100681,0,0,0,0,23-192-4002,False,True,0,7/5/2023 10:20:00 AM,No Pedestrians Involved,Unknown,Unknown,Unknown,Unknown,Unknown,Unknown,Rear End,Intersection,Other Vehicle,Not Applicable,Not Applicable,At,,False,False,107216,SANTA CLARA ST,TWENTY FIRST ST,37.34564423,-121.8706162
8686,694381,CR-0000098325,4,0,0,0,23-166-0942,False,False,50,6/15/2023 10:00:00 PM,No Pedestrians Involved,Dry,No Unusual Conditions,Dark - Street Light,Violation Driver 1,Controls Functioning,Clear,Rear End,Related,Other Vehicle,Not Applicable,Not Applicable,East Of,,True,False,107216,SANTA CLARA ST,TWENTY FIRST ST,37.34564423,-121.8706162
8687,716179,CR-0000102088,0,1,0,0,24-013-0400,False,False,0,1/13/2024 1:07:00 PM,No Pedestrians Involved,Dry,No Unusual Conditions,Daylight,Violation Driver 1,Controls Functioning,Cloudy,Broadside,Intersection,Other Vehicle,Not Applicable,Not Applicable,At,,False,False,107216,SANTA CLARA ST,TWENTY FIRST ST,37.34564423,-121.8706162
8688,716330,CR-0000102305,0,1,2,0,24-053-0754,False,False,128,2/22/2024 6:51:00 PM,No Pedestrians Involved,Dry,No Unusual Conditions,Dark - Street Light,Violation Driver 1,Controls Functioning,Clear,Broadside,Non-Related,Motorcycle,Not Applicable,Not Applicable,East Of,,False,False,107216,SANTA CLARA ST,TWENTY FIRST ST,37.34564423,-121.8706162
8689,711758,CR-0000101136,0,0,0,0,23-297-4002,False,True,51,10/24/2023 11:09:00 AM,No Pedestrians Involved,Unknown,Unknown,Unknown,Unknown,Unknown,Unknown,Broadside,Non-Related,Other Vehicle,Not Applicable,Not Applicable,East Of,,False,False,107216,SANTA CLARA ST,TWENTY FIRST ST,37.34564423,-121.8706162
8690,698798,CR-0000100079,0,1,0,0,23-354-0649,False,False,206,12/20/2023 5:30:00 PM,In Road - Includes Shoulder,Wet,No Unusual Conditions,Dark - Street Light,Pedestrian At Fault,Controls Functioning,Clear,Vehicle/Pedestrian,Non-Related,Pedestrian,West,East,South Of,PED,False,True,26971,BULLDOG BL,TWENTY FOURTH ST,37.34949191,-121.8701756
8691,681800,CR-0000091209,0,0,0,0,22-077-0134,True,False,0,3/18/2022 5:25:00 AM,No Pedestrians Involved,Dry,No Unusual Conditions,Dark - Street Light,Violation Driver 1,Controls Functioning,Clear,Hit Object,Intersection,Fixed Object,Not Applicable,Not Applicable,At,TRAFFIC SIGNAL POLE,False,False,103487,VINE ST,REED ST/JUNIPERO SERRA FR,37.32519195,-121.8880912
8692,695811,CR-0000098876,2,0,0,0,23-246-0676,False,False,0,9/3/2023 6:28:00 PM,No Pedestrians Involved,Dry,No Unusual Conditions,Dusk - Dawn,Violation Driver 1,Controls Functioning,Clear,Broadside,Intersection,Other Vehicle,Not Applicable,Not Applicable,At,,False,True,103487,VINE ST,REED ST/JUNIPERO SERRA FR,37.32519195,-121.8880912
8693,690290,CR-0000096382,0,0,0,0,22-311-9701,False,True,51,11/7/2022 8:19:00 AM,No Pedestrians Involved,Wet,No Unusual Conditions,Daylight,Unknown,No Controls Present/Factor,Cloudy,Rear End,Non-Related,Other Vehicle,Not Applicable,Not Applicable,West Of,,False,True,103487,VINE ST,REED ST/JUNIPERO SERRA FR,37.32519195,-121.8880912
8694,681645,CR-0000091042,0,0,0,0,22-030-0796,True,False,47,1/30/2022 9:08:00 PM,No Pedestrians Involved,Dry,No Unusual Conditions,Dark - Street Light,Violation Driver 1,Controls Functioning,Clear,Hit Object,Related,Fixed Object,Not Applicable,Not Applicable,West Of,Light Pole #12K480,False,False,2694,ALAMEDA,SUNOL ST,37.33172819,-121.9066037
8695,682868,CR-0000092433,1,0,0,0,22-161-0348,False,False,0,6/10/2022 10:47:00 AM,No Pedestrians Involved,Dry,No Unusual Conditions,Daylight,Violation Driver 1,Controls Functioning,Clear,Rear End,Intersection,Other Vehicle,Not Applicable,Not Applicable,At,,True,False,2694,ALAMEDA,SUNOL ST,37.33172819,-121.9066037
8696,688797,CR-0000094643,0,0,0,0,22-303-4001,False,True,51,10/28/2022 3:00:00 AM,No Pedestrians Involved,Unknown,Unknown,Unknown,Unknown,Unknown,Unknown,Sideswipe,Non-Related,Other Vehicle,Not Applicable,Not Applicable,South Of,,False,True,2694,ALAMEDA,SUNOL ST,37.33172819,-121.9066037
8697,689694,CR-0000095676,1,0,0,0,22-352-0651,False,False,51,12/18/2022 2:49:00 PM,No Pedestrians Involved,Dry,Obstruction On Roadway,Dark - Street Light,Violation Driver 1,No Controls Present/Factor,Cloudy,Head On,Non-Related,Parked Vehicle,Not Applicable,Not Applicable,North Of,,True,True,25772,BRODERICK DR,COYOTE RD,37.26337832,-121.7951652
8698,698976,CR-0000100278,0,1,0,0,23-270-0965,False,False,153,9/27/2023 11:46:00 PM,No Pedestrians Involved,Dry,No Unusual Conditions,Dark - Street Light,Violation Driver 1,No Controls Present/Factor,Clear,Rear End,Non-Related,Parked Vehicle,Not Applicable,Not Applicable,North Of,,False,False,25772,BRODERICK DR,COYOTE RD,37.26337832,-121.7951652
8699,711643,CR-0000101560,0,0,0,0,23-308-0650,False,False,177,11/4/2023 6:48:00 PM,No Pedestrians Involved,Dry,No Unusual Conditions,Dark - Street Light,Violation Driver 1,No Controls Present/Factor,Clear,Other,Non-Related,Other Vehicle,Not Applicable,Not Applicable,North Of,,False,False,25772,BRODERICK DR,COYOTE RD,37.26337832,-121.7951652
8700,699375,CR-0000100702,0,0,0,0,23-200-4002,True,True,51,7/14/2023 2:00:00 PM,No Pedestrians Involved,Unknown,Unknown,Unknown,Unknown,Unknown,Unknown,Hit Object,Non-Related,Fixed Object,Not Applicable,Not Applicable,East Of,LIGHT POLE,False,False,120339,BAYSHORE FR/DOVE RD,HELLYER AV,37.28162098,-121.8067082
8701,689937,CR-0000095985,2,0,0,0,22-314-0513,False,False,547,11/10/2022 1:56:00 PM,No Pedestrians Involved,Dry,No Unusual Conditions,Daylight,Violation Driver 1,Unknown,Clear,Head On,Non-Related,Parked Vehicle,Not Applicable,Not Applicable,East Of,,True,False,122495,GRAND MEADOW LN,ROYAL MEADOW LN,37.27924643,-121.7457794
8702,682322,CR-0000091885,1,0,0,0,22-098-0406,False,False,60,4/8/2022 12:30:00 PM,No Pedestrians Involved,Dry,No Unusual Conditions,Daylight,Violation Driver 1,Controls Functioning,Clear,Rear End,Non-Related,Other Vehicle,Not Applicable,Not Applicable,South Of,,False,False,11164,AVENIDA ESPANA,VIA VISTA,37.22595518,-121.7667505
8703,722451,CR-0000103759,0,0,0,0,24-101-4001,False,True,0,4/10/2024 8:04:00 AM,No Pedestrians Involved,Unknown,Unknown,Unknown,Unknown,Unknown,Unknown,Broadside,Intersection,Other Vehicle,Not Applicable,Not Applicable,At,,False,False,90892,MERIDIAN AV,WILLOWMONT AV,37.26528987,-121.903287
8704,711537,CR-0000100915,0,0,0,0,23-189-4000,False,True,51,7/8/2023 5:30:00 AM,No Pedestrians Involved,Unknown,Unknown,Unknown,Unknown,Unknown,Unknown,Rear End,Non-Related,Other Vehicle,Not Applicable,Not Applicable,North Of,,False,False,67770,GOODYEAR ST,PALM ST,37.31583089,-121.8838899
8705,681668,CR-0000091065,0,0,0,0,22-065-4004,False,True,51,3/6/2022 9:10:00 PM,No Pedestrians Involved,Unknown,Unknown,Unknown,Unknown,Unknown,Unknown,Other,Non-Related,Parked Vehicle,Not Applicable,Not Applicable,South Of,,False,False,33538,CARLYSLE ST,N. ALMADEN BL,37.33489084,-121.8962348
8706,689654,CR-0000095636,1,0,0,0,22-356-0665,False,False,0,12/22/2022 5:32:00 PM,No Pedestrians Involved,Dry,No Unusual Conditions,Dusk - Dawn,Violation Driver 1,No Controls Present/Factor,Clear,Broadside,Intersection,Other Vehicle,Not Applicable,Not Applicable,At,,False,False,47277,CURTNER AV,EL RIO DR,37.29196249,-121.881726
8707,694235,CR-0000098032,0,0,1,0,23-107-0563,True,False,0,4/17/2023 3:45:00 PM,No Pedestrians Involved,Dry,No Unusual Conditions,Daylight,Violation Driver 1,No Controls Present/Factor,Clear,Hit Object,Intersection,Fixed Object,Not Applicable,Not Applicable,At,TREE,True,False,47277,CURTNER AV,EL RIO DR,37.29196249,-121.881726
8708,697594,CR-0000099807,1,0,0,0,23-237-9706,False,True,51,8/24/2023 6:59:00 PM,No Pedestrians Involved,Dry,No Unusual Conditions,Dusk - Dawn,Unknown,No Controls Present/Factor,Clear,Broadside,Non-Related,Other Vehicle,Not Applicable,Not Applicable,West Of,,False,False,47277,CURTNER AV,EL RIO DR,37.29196249,-121.881726
8709,712194,CR-0000101625,0,1,0,0,23-300-0891,False,False,47,12/28/2023 3:39:00 AM,No Pedestrians Involved,Dry,No Unusual Conditions,Dark - Street Light,Violation Driver 1,No Controls Present/Factor,Clear,Overturned,Related,Parked Vehicle,Not Applicable,Not Applicable,East Of,,False,False,47277,CURTNER AV,EL RIO DR,37.29196249,-121.881726
8710,691354,CR-0000097602,1,0,0,0,23-078-0620,False,False,0,3/19/2023 6:42:00 PM,No Pedestrians Involved,Dry,No Unusual Conditions,Daylight,Violation Driver 1,No Controls Present/Factor,Clear,Sideswipe,Intersection,Other Vehicle,Not Applicable,Not Applicable,At,,False,True,83852,LINCOLN AV,LINCOLN CT,37.29177716,-121.8889956
8711,717448,CR-0000102472,1,0,0,0,24-085-0754,False,False,0,3/25/2024 5:46:00 PM,No Pedestrians Involved,Dry,No Unusual Conditions,Daylight,Violation Driver 1,No Controls Present/Factor,Clear,Rear End,Intersection,Other Vehicle,Not Applicable,Not Applicable,At,,True,False,83852,LINCOLN AV,LINCOLN CT,37.29177716,-121.8889956
8712,682979,CR-0000092508,1,0,0,0,22-159-0028,False,False,300,6/8/2022 12:34:00 AM,No Pedestrians Involved,Dry,No Unusual Conditions,Dark - Street Light,Violation Driver 1,No Controls Present/Factor,Clear,Rear End,Non-Related,Parked Vehicle,Not Applicable,Not Applicable,East Of,,True,False,84116,LINCOLN AV,TERRA BELLA AV,37.29248226,-121.8894767
8713,689174,CR-0000095048,0,0,0,0,22-323-0063,False,False,75,11/19/2022 1:14:00 AM,No Pedestrians Involved,Dry,No Unusual Conditions,Dark - Street Light,Violation Driver 1,No Controls Present/Factor,Clear,Rear End,Non-Related,Parked Vehicle,Not Applicable,Not Applicable,South Of,,False,False,54427,EDGEWOOD WY,HICKS AV,37.28887175,-121.9017956
8714,688870,CR-0000094726,0,0,0,0,22-267-9701,False,True,0,9/23/2022 3:30:00 PM,No Pedestrians Involved,Dry,No Unusual Conditions,Daylight,Unknown,No Controls Present/Factor,Clear,Rear End,Intersection,Other Vehicle,Not Applicable,Not Applicable,At,,False,True,107249,SANTA CLARA ST,TWENTY SEVENTH ST,37.3483275,-121.8649519
8715,682801,CR-0000092406,0,1,0,0,22-135-0445,False,False,0,5/15/2022 1:48:00 PM,No Pedestrians Involved,Dry,No Unusual Conditions,Daylight,Violation Driver 1,No Controls Present/Factor,Clear,Broadside,Intersection,Other Vehicle,Not Applicable,Not Applicable,At,,False,False,107249,SANTA CLARA ST,TWENTY SEVENTH ST,37.3483275,-121.8649519
8716,694481,CR-0000098475,1,0,0,0,23-186-0974,False,False,0,7/5/2023 10:19:00 PM,No Pedestrians Involved,Dry,No Unusual Conditions,Dark - Street Light,Bike At Fault,Controls Functioning,Clear,Vehicle/Bike,Intersection,Bike,Not Applicable,Not Applicable,At,BIKE,False,False,107249,SANTA CLARA ST,TWENTY SEVENTH ST,37.3483275,-121.8649519
8717,696170,CR-0000099313,1,0,0,0,23-131-9703,False,True,51,5/8/2023 7:30:00 AM,No Pedestrians Involved,Unknown,Unknown,Daylight,Unknown,Unknown,Unknown,Broadside,Non-Related,Other Vehicle,Not Applicable,Not Applicable,East Of,,False,False,107249,SANTA CLARA ST,TWENTY SEVENTH ST,37.3483275,-121.8649519
8718,681864,CR-0000091345,1,0,0,0,22-064-0203,False,False,230,3/5/2022 7:27:00 AM,No Pedestrians Involved,Dry,No Unusual Conditions,Daylight,Violation Driver 1,No Controls Present/Factor,Clear,Sideswipe,Non-Related,Motorcycle,Not Applicable,Not Applicable,North Of,,False,False,110549,ST JOHN ST,TWENTY SEVENTH ST,37.34971265,-121.8663115
8719,696283,CR-0000099439,0,1,0,0,23-290-0556,False,False,0,10/17/2023 2:59:00 PM,Not In Road,Dry,No Unusual Conditions,Dusk - Dawn,Violation Driver 1,No Controls Present/Factor,Clear,Vehicle/Pedestrian,Intersection,Pedestrian,South,North,At,PED,True,True,110549,ST JOHN ST,TWENTY SEVENTH ST,37.34971265,-121.8663115
8720,681247,CR-0000090632,0,0,0,0,22-006-0311,False,False,166,1/6/2022 10:00:00 AM,No Pedestrians Involved,Dry,No Unusual Conditions,Daylight,Violation Driver 1,Controls Functioning,Clear,Sideswipe,Non-Related,Parked Vehicle,Not Applicable,Not Applicable,East Of,,False,False,108855,SHORTRIDGE AV,TWENTY SIXTH ST,37.34705691,-121.8652417
8721,688806,CR-0000094652,0,0,0,0,22-244-4006,False,True,51,9/1/2022 5:48:00 PM,No Pedestrians Involved,Unknown,Unknown,Dusk - Dawn,Unknown,Unknown,Unknown,Other,Non-Related,Parked Vehicle,Not Applicable,Not Applicable,East Of,,False,True,108855,SHORTRIDGE AV,TWENTY SIXTH ST,37.34705691,-121.8652417
8722,683267,CR-0000092839,2,0,0,0,22-196-0355,False,False,0,7/15/2022 11:13:00 AM,No Pedestrians Involved,Dry,No Unusual Conditions,Daylight,Violation Driver 1,No Controls Present/Factor,Clear,Broadside,Intersection,Other Vehicle,Not Applicable,Not Applicable,At,,False,False,110406,ST JAMES ST,TWENTY SEVENTH ST,37.35113853,-121.8677049
8723,683407,CR-0000093000,0,0,0,0,22-147-0542,False,False,0,5/27/2022 4:55:00 PM,No Pedestrians Involved,Dry,No Unusual Conditions,Daylight,Violation Driver 1,Controls Functioning,Clear,Sideswipe,Intersection,Other Vehicle,Not Applicable,Not Applicable,At,,True,True,89935,MCLAUGHLIN AV,SPIRO DR,37.33982704,-121.8606576
8724,682387,CR-0000091949,0,0,0,0,22-106-0099,False,False,0,4/16/2022 2:09:00 AM,No Pedestrians Involved,Wet,No Unusual Conditions,Dark - Street Light,Violation Driver 1,Controls Functioning,Rain,Head On,Intersection,Other Vehicle,Not Applicable,Not Applicable,At,,False,True,89935,MCLAUGHLIN AV,SPIRO DR,37.33982704,-121.8606576
8725,695872,CR-0000098937,0,0,0,0,23-163-9705,False,True,51,4/16/2023 6:04:00 PM,No Pedestrians Involved,Dry,No Unusual Conditions,Daylight,Unknown,Controls Functioning,Unknown,Rear End,Non-Related,Other Vehicle,Not Applicable,Not Applicable,North Of,,False,False,89935,MCLAUGHLIN AV,SPIRO DR,37.33982704,-121.8606576
8726,694685,CR-0000098719,0,0,0,0,23-235-0691,False,False,0,8/23/2023 5:30:00 PM,No Pedestrians Involved,Dry,No Unusual Conditions,Daylight,Violation Driver 1,Controls Functioning,Clear,Head On,Intersection,Other Vehicle,Not Applicable,Not Applicable,At,,False,False,89935,MCLAUGHLIN AV,SPIRO DR,37.33982704,-121.8606576
8727,690417,CR-0000096514,0,0,0,0,22-282-9702,False,True,51,10/8/2022 3:00:00 PM,No Pedestrians Involved,Dry,No Unusual Conditions,Daylight,Unknown,No Controls Present/Factor,Clear,Sideswipe,Non-Related,Parked Vehicle,Not Applicable,Not Applicable,East Of,,False,True,89935,MCLAUGHLIN AV,SPIRO DR,37.33982704,-121.8606576
8728,722316,CR-0000103610,0,0,0,0,24-090-0767,False,False,0,3/30/2024 8:27:00 PM,No Pedestrians Involved,Dry,No Unusual Conditions,Dark - Street Light,Violation Driver 1,Controls Functioning,Clear,Broadside,Intersection,Other Vehicle,Not Applicable,Not Applicable,At,,False,True,89935,MCLAUGHLIN AV,SPIRO DR,37.33982704,-121.8606576
8729,716197,CR-0000102096,1,0,0,0,24-020-0557,False,False,63,1/20/2024 4:53:00 PM,No Pedestrians Involved,Wet,No Unusual Conditions,Dark - Street Light,Violation Driver 1,No Controls Present/Factor,Rain,Rear End,Non-Related,Parked Vehicle,Not Applicable,Not Applicable,East Of,,False,False,72126,HERALD AV,LOTUS ST,37.33785565,-121.8573139
8730,699396,CR-0000100725,0,0,0,0,23-191-0991,False,False,0,7/10/2023 10:51:00 PM,No Pedestrians Involved,Dry,No Unusual Conditions,Dark - Street Light,Violation Driver 1,Controls Functioning,Clear,Sideswipe,Intersection,Other Vehicle,Not Applicable,Not Applicable,At,,False,True,17643,BERRYESSA RD,SEVENTEENTH ST,37.36213747,-121.8880141
8731,681598,CR-0000090995,2,0,0,0,22-046-0774,False,False,0,2/15/2022 5:46:00 PM,No Pedestrians Involved,Dry,No Unusual Conditions,Daylight,Violation Driver 1,Controls Functioning,Clear,Head On,Intersection,Other Vehicle,Not Applicable,Not Applicable,At,,False,False,109515,SIXTH ST,YOUNGER ST,37.35768127,-121.8993887
8732,684857,CR-0000093511,0,0,0,0,22-201-4002,False,True,51,7/20/2022 3:00:00 PM,No Pedestrians Involved,Unknown,Unknown,Daylight,Unknown,Unknown,Unknown,Rear End,Non-Related,Unknown,Not Applicable,Not Applicable,East Of,,False,False,109515,SIXTH ST,YOUNGER ST,37.35768127,-121.8993887
8733,682907,CR-0000092472,0,0,0,0,22-049-4001,False,True,51,2/18/2022 3:00:00 PM,No Pedestrians Involved,Unknown,Unknown,Daylight,Unknown,Unknown,Unknown,Sideswipe,Non-Related,Parked Vehicle,Not Applicable,Not Applicable,South Of,,False,False,59982,FIFTH ST,YOUNGER ST,37.35716182,-121.9004633
8734,683310,CR-0000092896,1,0,0,0,22-140-1154,False,False,57,5/21/2022 12:26:00 AM,No Pedestrians Involved,Dry,No Unusual Conditions,Dark - No Street Light,Violation Driver 1,No Controls Present/Factor,Clear,Sideswipe,Non-Related,Parked Vehicle,Not Applicable,Not Applicable,South Of,,True,True,42382,COMMERCIAL ST,FIFTH ST,37.35966677,-121.9023294
8735,699196,CR-0000100516,0,0,0,0,23-174-0304,False,False,0,6/23/2023 9:05:00 AM,No Pedestrians Involved,Dry,No Unusual Conditions,Daylight,Unknown,No Controls Present/Factor,Clear,Head On,Intersection,Parked Vehicle,Not Applicable,Not Applicable,At,,True,True,42382,COMMERCIAL ST,FIFTH ST,37.35966677,-121.9023294
8736,682908,CR-0000092486,1,0,0,0,22-054-0458,False,False,24,2/23/2022 12:40:00 PM,No Pedestrians Involved,Dry,No Unusual Conditions,Daylight,Violation Driver 2,No Controls Present/Factor,Clear,Broadside,Related,Other Vehicle,Not Applicable,Not Applicable,North Of,,False,True,79144,KEYES ST,TWELFTH ST,37.32525185,-121.8667221
8737,688784,CR-0000094628,0,0,0,0,22-297-4006,False,True,51,10/24/2022 3:53:00 AM,No Pedestrians Involved,Unknown,Unknown,Unknown,Unknown,Unknown,Unknown,Broadside,Non-Related,Motorcycle,Not Applicable,Not Applicable,West Of,,False,True,79144,KEYES ST,TWELFTH ST,37.32525185,-121.8667221
8738,719563,CR-0000102710,1,0,0,0,24-064-0076,False,False,50,3/4/2024 2:47:00 AM,No Pedestrians Involved,Wet,No Unusual Conditions,Dark - No Street Light,Unknown,No Controls Present/Factor,Rain,Vehicle/Bike,Related,Bike,Not Applicable,Not Applicable,West Of,BIKE,False,False,59784,FIFTH ST,HUMBOLDT ST,37.32033374,-121.8729364
8739,688869,CR-0000094725,0,0,0,0,22-266-4000,False,True,51,9/23/2022 8:55:00 AM,No Pedestrians Involved,Unknown,Unknown,Daylight,Unknown,Unknown,Unknown,Other,Non-Related,Other Vehicle,Not Applicable,Not Applicable,North Of,,False,True,74623,HUMBOLDT ST,SIXTH ST,37.32082545,-121.8719227
8740,690781,CR-0000096919,0,0,0,0,23-024-0968,False,False,50,1/24/2023 10:19:00 PM,No Pedestrians Involved,Wet,No Unusual Conditions,Dark - Street Light,Violation Driver 1,No Controls Present/Factor,Clear,Head On,Related,Parked Vehicle,Not Applicable,Not Applicable,North Of,,False,True,74623,HUMBOLDT ST,SIXTH ST,37.32082545,-121.8719227
8741,694205,CR-0000097888,1,0,0,0,23-099-0132,False,False,92,4/9/2023 2:58:00 AM,No Pedestrians Involved,Dry,No Unusual Conditions,Dark - Street Light,Violation Driver 1,No Controls Present/Factor,Clear,Sideswipe,Non-Related,Parked Vehicle,Not Applicable,Not Applicable,North Of,,True,False,74623,HUMBOLDT ST,SIXTH ST,37.32082545,-121.8719227
8742,689203,CR-0000095108,0,1,0,0,22-299-0349,False,False,39,10/26/2022 11:22:00 AM,No Pedestrians Involved,Dry,No Unusual Conditions,Daylight,Violation Driver 1,Controls Functioning,Clear,Broadside,Related,Motorcycle,Not Applicable,Not Applicable,East Of,,False,False,107051,SANTA CLARA ST,SECOND ST,37.33667059,-121.8895114
8743,689349,CR-0000095327,3,0,0,0,22-323-0954,False,False,75,11/19/2022 11:13:00 PM,No Pedestrians Involved,Dry,No Unusual Conditions,Dark - Street Light,Violation Driver 1,Controls Functioning,Clear,Rear End,Non-Related,Parked Vehicle,Not Applicable,Not Applicable,North Of,,False,True,107051,SANTA CLARA ST,SECOND ST,37.33667059,-121.8895114
8744,685217,CR-0000093896,1,0,0,0,22-263-0877,False,False,0,9/20/2022 8:15:00 PM,No Pedestrians Involved,Dry,No Unusual Conditions,Dark - Street Light,Violation Driver 1,Controls Functioning,Clear,Vehicle/Bike,Intersection,Bike,Not Applicable,Not Applicable,At,BIKE,False,True,107051,SANTA CLARA ST,SECOND ST,37.33667059,-121.8895114
8745,682446,CR-0000092010,0,0,0,0,22-109-0917,False,False,27,4/19/2022 10:28:00 PM,No Pedestrians Involved,Dry,No Unusual Conditions,Dark - Street Light,Violation Driver 1,Controls Functioning,Cloudy,Sideswipe,Related,Other Vehicle,Not Applicable,Not Applicable,West Of,,False,True,107051,SANTA CLARA ST,SECOND ST,37.33667059,-121.8895114