_id,CrashFactId,Name,MinorInjuries,ModerateInjuries,SevereInjuries,FatalInjuries,TcrNumber,CityDamageFlag,ShortFormFlag,Distance,CrashDateTime,PedestrianAction,RoadwaySurface,RoadwayCondition,Lighting,PrimaryCollisionFactor,TrafficControl,Weather,CollisionType,ProximityToIntersection,VehicleInvolvedWith,PedestrianDirectionFrom,PedestrianDirectionTo,DirectionFromIntersection,Comment,SpeedingFlag,HitAndRunFlag,IntersectionNumber,AStreetName,BStreetName,Latitude,Longitude
8746,692580,CR-0000097871,0,0,0,0,23-046-0482,False,False,45,2/15/2023 12:59:00 PM,No Pedestrians Involved,Dry,No Unusual Conditions,Daylight,Violation Driver 1,Controls Functioning,Clear,Sideswipe,Related,Other Vehicle,Not Applicable,Not Applicable,South Of,,True,False,107051,SANTA CLARA ST,SECOND ST,37.33667059,-121.8895114
8747,690031,CR-0000096087,0,0,0,1,23-110-0554,False,False,155,4/20/2023 3:12:00 PM,Crossing - Not In Crosswalk,Dry,No Unusual Conditions,Daylight,Pedestrian At Fault,No Controls Present/Factor,Clear,Vehicle/Pedestrian,Non-Related,Pedestrian,East,West,North Of,PED,False,False,107051,SANTA CLARA ST,SECOND ST,37.33667059,-121.8895114
8748,689573,CR-0000095550,0,1,0,0,22-353-0672,False,False,120,12/19/2022 6:30:00 PM,No Pedestrians Involved,Dry,Unknown,Dark - Street Light,Violation Driver 1,Controls Functioning,Clear,Head On,Non-Related,Other Vehicle,Not Applicable,Not Applicable,East Of,,False,False,107051,SANTA CLARA ST,SECOND ST,37.33667059,-121.8895114
8749,690176,CR-0000096264,0,0,0,0,22-252-9701,False,False,,9/8/2022 11:09:00 AM,No Pedestrians Involved,Dry,No Unusual Conditions,Dark - Street Light,Unknown,Controls Functioning,Clear,Rear End,Related,Other Vehicle,Not Applicable,Not Applicable,West Of,,False,False,107051,SANTA CLARA ST,SECOND ST,37.33667059,-121.8895114
8750,689984,CR-0000096013,0,1,0,0,22-224-0821,False,False,18,8/12/2022 7:28:00 PM,Crossing In Crosswalk - At Intersection,Dry,No Unusual Conditions,Daylight,Violation Driver 1,Unknown,Clear,Vehicle/Pedestrian,Related,Pedestrian,South,North,East Of,PED,False,True,107051,SANTA CLARA ST,SECOND ST,37.33667059,-121.8895114
8751,716116,CR-0000102093,1,0,0,0,24-020-0649,False,False,0,1/20/2024 7:14:00 PM,No Pedestrians Involved,Dry,No Unusual Conditions,Dark - Street Light,Violation Driver 1,Controls Functioning,Clear,Sideswipe,Intersection,Other Vehicle,Not Applicable,Not Applicable,At,,False,False,107051,SANTA CLARA ST,SECOND ST,37.33667059,-121.8895114
8752,711637,CR-0000101387,0,0,0,0,23-316-0103,True,False,138,11/12/2023 2:39:00 AM,No Pedestrians Involved,Dry,No Unusual Conditions,Dark - Street Light,Violation Driver 1,Controls Functioning,Clear,Hit Object,Non-Related,Fixed Object,Not Applicable,Not Applicable,West Of,LIGHTPOLE,False,False,107051,SANTA CLARA ST,SECOND ST,37.33667059,-121.8895114
8753,684868,CR-0000093522,4,0,0,0,22-182-0716,False,False,0,7/1/2022 6:00:00 PM,No Pedestrians Involved,Dry,No Unusual Conditions,Daylight,Violation Driver 1,No Controls Present/Factor,Clear,Rear End,Intersection,Other Vehicle,Not Applicable,Not Applicable,At,,True,False,59817,FIFTH ST,KEYES ST,37.32171574,-121.8740484
8754,711582,CR-0000101270,0,0,0,0,23-295-9708,False,True,0,10/20/2023 6:00:00 PM,No Pedestrians Involved,Dry,No Unusual Conditions,Daylight,Unknown,No Controls Present/Factor,Clear,Rear End,Intersection,Other Vehicle,Not Applicable,Not Applicable,At,,False,False,59817,FIFTH ST,KEYES ST,37.32171574,-121.8740484
8755,689292,CR-0000095258,0,0,0,0,22-309-0864,False,False,330,11/5/2022 11:06:00 PM,No Pedestrians Involved,Dry,No Unusual Conditions,Dark - Street Light,Violation Driver 1,No Controls Present/Factor,Clear,Sideswipe,Non-Related,Other Vehicle,Not Applicable,Not Applicable,South Of,,False,True,108019,SECOND ST,ST JOHN ST,37.33816544,-121.8906296
8756,683175,CR-0000092751,0,0,0,0,22-040-0501,False,False,118,2/9/2022 12:55:00 PM,No Pedestrians Involved,Dry,No Unusual Conditions,Daylight,Violation Driver 1,No Controls Present/Factor,Clear,Hit Object,Non-Related,Fixed Object,Not Applicable,Not Applicable,West Of,Pillar,True,False,108019,SECOND ST,ST JOHN ST,37.33816544,-121.8906296
8757,692463,CR-0000097751,0,0,0,0,23-095-9707,False,True,,3/13/2023 6:00:00 AM,No Pedestrians Involved,Unknown,Other,Unknown,Unknown,Controls Functioning,Unknown,Rear End,Non-Related,Other Vehicle,Not Applicable,Not Applicable,Unknown,,False,False,108019,SECOND ST,ST JOHN ST,37.33816544,-121.8906296
8758,699170,CR-0000100489,0,0,0,0,23-176-0752,False,False,0,6/25/2023 7:44:00 PM,No Pedestrians Involved,Dry,No Unusual Conditions,Daylight,Violation Driver 1,Controls Functioning,Clear,Broadside,Intersection,Train,Not Applicable,Not Applicable,At,,True,True,108019,SECOND ST,ST JOHN ST,37.33816544,-121.8906296
8759,719509,CR-0000102629,1,0,0,0,24-070-0418,False,False,0,3/10/2024 12:08:00 PM,No Pedestrians Involved,Dry,No Unusual Conditions,Daylight,Unknown,Controls Functioning,Clear,Rear End,Intersection,Other Vehicle,Not Applicable,Not Applicable,At,,False,True,108019,SECOND ST,ST JOHN ST,37.33816544,-121.8906296
8760,685150,CR-0000093824,0,0,0,0,22-222-1014,False,False,0,8/10/2022 10:37:00 PM,No Pedestrians Involved,Dry,No Unusual Conditions,Dark - Street Light,Violation Driver 1,No Controls Present/Factor,Clear,Broadside,Intersection,Parked Vehicle,Not Applicable,Not Applicable,At,,False,True,79111,KEYES ST,SIXTH ST,37.32222083,-121.8729787
8761,685085,CR-0000093751,0,1,0,0,22-217-0447,False,False,68,8/5/2022 1:27:00 PM,No Pedestrians Involved,Dry,No Unusual Conditions,Daylight,Violation Driver 1,Controls Functioning,Clear,Rear End,Non-Related,Motorcycle,Not Applicable,Not Applicable,East Of,,True,False,79111,KEYES ST,SIXTH ST,37.32222083,-121.8729787
8762,694078,CR-0000098108,1,0,0,0,23-115-0937,False,False,26,4/25/2023 10:55:00 PM,No Pedestrians Involved,Dry,No Unusual Conditions,Dark - No Street Light,Violation Driver 1,No Controls Present/Factor,Clear,Broadside,Related,Other Vehicle,Not Applicable,Not Applicable,East Of,,False,False,79111,KEYES ST,SIXTH ST,37.32222083,-121.8729787
8763,691119,CR-0000097315,0,0,0,0,23-042-0652,False,False,0,2/11/2023 6:56:00 PM,No Pedestrians Involved,Dry,No Unusual Conditions,Dark - Street Light,Violation Driver 1,No Controls Present/Factor,Clear,Rear End,Intersection,Parked Vehicle,Not Applicable,Not Applicable,At,,False,False,79111,KEYES ST,SIXTH ST,37.32222083,-121.8729787
8764,691181,CR-0000097383,0,0,0,0,23-060-4002,False,True,51,2/23/2023 9:40:00 AM,No Pedestrians Involved,Unknown,Unknown,Daylight,Unknown,Unknown,Unknown,Other,Non-Related,Parked Vehicle,Not Applicable,Not Applicable,South Of,,False,False,79111,KEYES ST,SIXTH ST,37.32222083,-121.8729787
8765,699070,CR-0000100376,1,0,0,0,23-362-0462,True,False,26,12/28/2023 1:39:00 PM,No Pedestrians Involved,Dry,No Unusual Conditions,Daylight,Violation Driver 1,Controls Functioning,Clear,Hit Object,Related,Fixed Object,Not Applicable,Not Applicable,East Of,SIGN,False,False,106061,SAN CARLOS ST,SECOND ST,37.33201663,-121.886017
8766,699025,CR-0000100331,1,0,0,0,23-197-0509,False,False,27,10/24/2023 2:24:00 PM,No Pedestrians Involved,Dry,No Unusual Conditions,Daylight,Violation Driver 1,Controls Functioning,Clear,Rear End,Related,Other Vehicle,Not Applicable,Not Applicable,West Of,,True,True,106061,SAN CARLOS ST,SECOND ST,37.33201663,-121.886017
8767,698854,CR-0000100137,1,0,0,0,23-346-0444,False,False,0,12/12/2023 12:46:00 PM,No Pedestrians Involved,Dry,No Unusual Conditions,Daylight,Bike At Fault,Controls Functioning,Clear,Vehicle/Bike,Intersection,Bike,Not Applicable,Not Applicable,At,BIKE,False,False,106061,SAN CARLOS ST,SECOND ST,37.33201663,-121.886017
8768,695940,CR-0000099072,0,0,0,0,23-244-4000,False,True,51,8/31/2023 12:30:00 PM,No Pedestrians Involved,Unknown,Unknown,Unknown,Unknown,Unknown,Unknown,Vehicle/Bike,Non-Related,Scooter Motorized,Not Applicable,Not Applicable,South Of,,False,False,106061,SAN CARLOS ST,SECOND ST,37.33201663,-121.886017
8769,712185,CR-0000101616,0,0,0,0,23-302-0195,True,False,0,10/29/2023 3:19:00 AM,No Pedestrians Involved,Dry,No Unusual Conditions,Dark - Street Light,Violation Driver 1,Controls Functioning,Clear,Sideswipe,Intersection,Fixed Object,Not Applicable,Not Applicable,At,,False,False,106061,SAN CARLOS ST,SECOND ST,37.33201663,-121.886017
8770,683456,CR-0000093052,0,0,0,0,22-166-9701,False,True,,6/14/2022 9:00:00 AM,No Pedestrians Involved,Dry,No Unusual Conditions,Daylight,Unknown,Controls Functioning,Clear,Sideswipe,Related,Other Vehicle,Not Applicable,Not Applicable,South Of,,False,False,106149,SAN CARLOS ST,THIRD ST,37.33250598,-121.8849822
8771,689726,CR-0000095738,0,0,0,0,22-337-0392,False,False,42,12/3/2022 2:01:00 PM,No Pedestrians Involved,Wet,No Unusual Conditions,Daylight,Violation Driver 1,Controls Functioning,Rain,Other,Related,Other Vehicle,Not Applicable,Not Applicable,South Of,,False,False,106149,SAN CARLOS ST,THIRD ST,37.33250598,-121.8849822
8772,683383,CR-0000092976,1,0,0,0,22-074-0030,False,False,0,3/15/2022 12:40:00 AM,No Pedestrians Involved,Dry,No Unusual Conditions,Dark - Street Light,Violation Driver 1,Controls Functioning,Clear,Vehicle/Bike,Intersection,Bike,Not Applicable,Not Applicable,At,BIKE,False,True,106149,SAN CARLOS ST,THIRD ST,37.33250598,-121.8849822
8773,696341,CR-0000099497,0,2,0,0,23-302-0140,False,False,0,10/28/2023 1:53:00 AM,No Pedestrians Involved,Dry,No Unusual Conditions,Dark - Street Light,Violation Driver 1,Controls Functioning,Clear,Vehicle/Bike,Intersection,Scooter Motorized,Not Applicable,Not Applicable,At,,False,False,106149,SAN CARLOS ST,THIRD ST,37.33250598,-121.8849822
8774,699021,CR-0000100326,0,1,0,0,23-291-1050,False,False,59,10/18/2023 11:32:00 PM,No Pedestrians Involved,Dry,No Unusual Conditions,Dark - Street Light,Violation Driver 1,No Controls Present/Factor,Clear,Sideswipe,Non-Related,Parked Vehicle,Not Applicable,Not Applicable,East Of,,False,False,106149,SAN CARLOS ST,THIRD ST,37.33250598,-121.8849822
8775,696527,CR-0000099714,0,1,0,0,23-240-0524,False,False,273,12/6/2023 10:00:00 AM,In Road - Includes Shoulder,Dry,No Unusual Conditions,Daylight,Violation Driver 1,No Controls Present/Factor,Clear,Vehicle/Pedestrian,Non-Related,Skateboard,South,North,South Of,SKATEBOARD,False,False,106149,SAN CARLOS ST,THIRD ST,37.33250598,-121.8849822
8776,690386,CR-0000096481,0,0,0,0,22-226-9704,False,True,0,8/14/2022 1:55:00 PM,No Pedestrians Involved,Dry,No Unusual Conditions,Daylight,Unknown,Controls Functioning,Clear,Broadside,Intersection,Other Vehicle,Not Applicable,Not Applicable,At,,False,True,106149,SAN CARLOS ST,THIRD ST,37.33250598,-121.8849822
8777,712196,CR-0000101627,0,0,0,0,23-299-0922,True,False,135,10/26/2023 9:30:00 PM,No Pedestrians Involved,Dry,No Unusual Conditions,Dark - Street Light,Violation Driver 1,Controls Functioning,Clear,Hit Object,Non-Related,Fixed Object,Not Applicable,Not Applicable,East Of,TREE,False,False,106149,SAN CARLOS ST,THIRD ST,37.33250598,-121.8849822
8778,715957,CR-0000101829,0,0,0,0,23-350-0005,False,True,,12/15/2023 11:54:00 PM,No Pedestrians Involved,Unknown,Unknown,Unknown,Unknown,Unknown,Unknown,Sideswipe,Related,Other Vehicle,Not Applicable,Not Applicable,West Of,,False,False,106149,SAN CARLOS ST,THIRD ST,37.33250598,-121.8849822
8779,711712,CR-0000101047,0,0,0,0,23-197-9708,False,True,51,10/21/2023 9:00:00 PM,No Pedestrians Involved,Dry,No Unusual Conditions,Dark - Street Light,Unknown,No Controls Present/Factor,Clear,Rear End,Non-Related,Parked Vehicle,Not Applicable,Not Applicable,East Of,,False,False,106149,SAN CARLOS ST,THIRD ST,37.33250598,-121.8849822
8780,721958,CR-0000103212,0,0,0,0,24-073-4002,False,True,51,2/1/2024 9:50:00 AM,No Pedestrians Involved,Unknown,Unknown,Unknown,Unknown,Unknown,Unknown,Other,Non-Related,Other Vehicle,Not Applicable,Not Applicable,West Of,,False,False,106149,SAN CARLOS ST,THIRD ST,37.33250598,-121.8849822
8781,716247,CR-0000102219,1,0,0,0,24-053-9709,False,True,51,2/22/2024 3:00:00 PM,No Pedestrians Involved,Dry,No Unusual Conditions,Daylight,Unknown,Controls Functioning,Clear,Other,Non-Related,Parked Vehicle,Not Applicable,Not Applicable,Unknown,,False,False,106149,SAN CARLOS ST,THIRD ST,37.33250598,-121.8849822
8782,719790,CR-0000102963,0,0,0,0,24-024-0242,False,False,282,1/24/2024 9:00:00 AM,No Pedestrians Involved,Wet,No Unusual Conditions,Dark - Street Light,Violation Driver 1,Controls Functioning,Rain,Rear End,Non-Related,Parked Vehicle,Not Applicable,Not Applicable,South Of,,True,True,106149,SAN CARLOS ST,THIRD ST,37.33250598,-121.8849822
8783,719634,CR-0000102793,0,0,0,0,24-004-4000,False,True,51,1/4/2024 11:15:00 AM,No Pedestrians Involved,Unknown,Unknown,Unknown,Unknown,Unknown,Unknown,Sideswipe,Non-Related,Other Vehicle,Not Applicable,Not Applicable,Unknown,,False,False,106149,SAN CARLOS ST,THIRD ST,37.33250598,-121.8849822
8784,682645,CR-0000092221,1,0,0,0,22-131-0786,False,False,140,5/11/2022 7:16:00 PM,No Pedestrians Involved,Dry,No Unusual Conditions,Daylight,Violation Driver 1,No Controls Present/Factor,Clear,Broadside,Non-Related,Other Vehicle,Not Applicable,Not Applicable,West Of,,False,False,79100,KEYES ST,SEVENTH ST,37.32271948,-121.8719277
8785,682523,CR-0000092090,0,1,0,0,22-094-0938,False,False,0,4/4/2022 10:40:00 PM,No Pedestrians Involved,Dry,No Unusual Conditions,Dark - Street Light,Violation Driver 1,Controls Functioning,Clear,Broadside,Intersection,Other Vehicle,Not Applicable,Not Applicable,At,,False,True,79100,KEYES ST,SEVENTH ST,37.32271948,-121.8719277
8786,681413,CR-0000090803,0,0,1,0,22-024-0607,False,False,0,1/24/2022 3:28:00 PM,No Pedestrians Involved,Dry,No Unusual Conditions,Daylight,Bike At Fault,Controls Functioning,Clear,Vehicle/Bike,Intersection,Bike,Not Applicable,Not Applicable,At,BIKE,False,False,79100,KEYES ST,SEVENTH ST,37.32271948,-121.8719277
8787,681384,CR-0000090773,1,0,0,0,22-019-0359,False,False,40,1/19/2022 11:32:00 AM,No Pedestrians Involved,Dry,No Unusual Conditions,Daylight,Violation Driver 1,Controls Functioning,Clear,Rear End,Related,Other Vehicle,Not Applicable,Not Applicable,South Of,,True,False,79100,KEYES ST,SEVENTH ST,37.32271948,-121.8719277
8788,681916,CR-0000091410,0,0,1,0,22-072-0737,False,False,140,3/13/2022 9:04:00 PM,Crossing - Not In Crosswalk,Dry,No Unusual Conditions,Dark - Street Light,Pedestrian At Fault,No Controls Present/Factor,Clear,Vehicle/Pedestrian,Non-Related,Pedestrian,North,South,West Of,PED,False,False,79100,KEYES ST,SEVENTH ST,37.32271948,-121.8719277
8789,684880,CR-0000093558,0,1,0,0,22-211-0143,False,False,0,7/30/2022 4:51:00 AM,No Pedestrians Involved,Dry,No Unusual Conditions,Dark - Street Light,Violation Driver 1,Controls Functioning,Clear,Broadside,Intersection,Other Vehicle,Not Applicable,Not Applicable,At,,False,False,79100,KEYES ST,SEVENTH ST,37.32271948,-121.8719277
8790,684842,CR-0000093496,0,1,0,0,22-192-0901,False,False,51,7/11/2022 7:56:00 PM,Crossing In Crosswalk - Not At Intersection,Dry,No Unusual Conditions,Daylight,Pedestrian At Fault,Controls Functioning,Clear,Vehicle/Pedestrian,Non-Related,Pedestrian,Unknown,Unknown,West Of,PEDESTRIAN,False,True,79100,KEYES ST,SEVENTH ST,37.32271948,-121.8719277
8791,684771,CR-0000093373,0,0,0,0,22-213-0343,True,False,0,8/1/2022 10:21:00 AM,No Pedestrians Involved,Dry,No Unusual Conditions,Daylight,Violation Driver 1,Controls Functioning,Clear,Other,Intersection,Fixed Object,Not Applicable,Not Applicable,At,TRAFFIC LIGHT,False,False,79100,KEYES ST,SEVENTH ST,37.32271948,-121.8719277
8792,690755,CR-0000096892,0,0,0,0,23-010-0709,False,False,0,1/10/2023 3:15:00 PM,No Pedestrians Involved,Wet,No Unusual Conditions,Daylight,Violation Driver 1,Controls Functioning,Rain,Broadside,Intersection,Other Vehicle,Not Applicable,Not Applicable,At,,False,False,79100,KEYES ST,SEVENTH ST,37.32271948,-121.8719277
8793,691009,CR-0000097180,3,0,0,0,22-364-0292,False,False,39,12/30/2022 10:53:00 AM,No Pedestrians Involved,Dry,No Unusual Conditions,Daylight,Violation Driver 1,Controls Functioning,Cloudy,Rear End,Related,Other Vehicle,Not Applicable,Not Applicable,West Of,,True,False,79100,KEYES ST,SEVENTH ST,37.32271948,-121.8719277
8794,697580,CR-0000099792,0,0,1,0,23-263-0088,False,False,0,9/20/2023 3:35:00 AM,No Pedestrians Involved,Dry,No Unusual Conditions,Dark - Street Light,Violation Driver 1,Controls Functioning,Clear,Vehicle/Bike,Intersection,Bike,Not Applicable,Not Applicable,At,,False,True,79100,KEYES ST,SEVENTH ST,37.32271948,-121.8719277
8795,699150,CR-0000100467,0,0,0,0,23-170-0488,False,False,0,6/19/2023 1:30:00 PM,No Pedestrians Involved,Dry,No Unusual Conditions,Daylight,Violation Driver 1,Controls Functioning,Clear,Broadside,Intersection,Other Vehicle,Not Applicable,Not Applicable,At,,False,True,79100,KEYES ST,SEVENTH ST,37.32271948,-121.8719277
8796,699143,CR-0000100459,0,0,0,0,23-234-9703,False,True,0,6/4/2023 6:00:00 PM,No Pedestrians Involved,Dry,Unknown,Daylight,Unknown,Unknown,Clear,Rear End,Intersection,Other Vehicle,Not Applicable,Not Applicable,At,,False,False,79100,KEYES ST,SEVENTH ST,37.32271948,-121.8719277
8797,719666,CR-0000102837,0,0,0,0,24-007-0735,False,False,0,1/7/2024 10:26:00 PM,No Pedestrians Involved,Dry,No Unusual Conditions,Dark - Street Light,Violation Driver 1,Controls Functioning,Clear,Sideswipe,Intersection,Motorcycle,Not Applicable,Not Applicable,At,MC,True,True,79100,KEYES ST,SEVENTH ST,37.32271948,-121.8719277
8798,716399,CR-0000102398,2,1,0,0,24-041-0481,False,False,123,2/10/2024 1:24:00 PM,No Pedestrians Involved,Dry,No Unusual Conditions,Daylight,Violation Driver 1,No Controls Present/Factor,Clear,Sideswipe,Non-Related,Other Vehicle,Not Applicable,Not Applicable,West Of,,False,False,79100,KEYES ST,SEVENTH ST,37.32271948,-121.8719277
8799,711738,CR-0000100895,1,0,0,0,23-314-0683,False,False,32,11/10/2023 6:31:00 PM,No Pedestrians Involved,Dry,No Unusual Conditions,Dark - Street Light,Violation Driver 1,Controls Functioning,Clear,Head On,Related,Other Vehicle,Not Applicable,Not Applicable,North Of,,False,False,79100,KEYES ST,SEVENTH ST,37.32271948,-121.8719277
8800,712195,CR-0000101626,0,0,0,0,23-304-0864,False,False,0,10/31/2023 10:01:00 PM,No Pedestrians Involved,Dry,No Unusual Conditions,Dark - Street Light,Violation Driver 1,Controls Functioning,Clear,Sideswipe,Intersection,Other Vehicle,Not Applicable,Not Applicable,At,,False,True,79100,KEYES ST,SEVENTH ST,37.32271948,-121.8719277
8801,688846,CR-0000094701,0,0,0,0,22-296-0065,False,False,150,10/22/2022 9:30:00 AM,No Pedestrians Involved,Dry,No Unusual Conditions,Dark - Street Light,Violation Driver 1,No Controls Present/Factor,Clear,Rear End,Non-Related,Parked Vehicle,Not Applicable,Not Applicable,South Of,,True,True,89583,MCKEE RD,THIRTY FOURTH ST,37.35674451,-121.8626901
8802,682627,CR-0000092203,1,1,0,0,22-152-0307,False,False,0,6/1/2022 10:00:00 AM,No Pedestrians Involved,Dry,No Unusual Conditions,Daylight,Violation Driver 1,Controls Functioning,Clear,Broadside,Intersection,Other Vehicle,Not Applicable,Not Applicable,At,,False,False,89583,MCKEE RD,THIRTY FOURTH ST,37.35674451,-121.8626901
8803,696139,CR-0000099281,0,0,0,0,23-240-0950,False,False,0,8/28/2023 9:28:00 PM,No Pedestrians Involved,Dry,No Unusual Conditions,Dark - Street Light,Unknown,Controls Functioning,Clear,Rear End,Intersection,Other Vehicle,Not Applicable,Not Applicable,At,,False,True,89583,MCKEE RD,THIRTY FOURTH ST,37.35674451,-121.8626901
8804,694398,CR-0000098351,1,0,0,0,23-170-0545,False,False,151,6/19/2023 2:35:00 PM,No Pedestrians Involved,Dry,No Unusual Conditions,Daylight,Violation Driver 1,No Controls Present/Factor,Clear,Rear End,Non-Related,Other Vehicle,Not Applicable,Not Applicable,West Of,,True,False,89583,MCKEE RD,THIRTY FOURTH ST,37.35674451,-121.8626901
8805,694217,CR-0000098182,1,0,0,0,23-137-0432,False,False,0,5/17/2023 12:05:00 PM,No Pedestrians Involved,Dry,No Unusual Conditions,Daylight,Violation Driver 1,No Controls Present/Factor,Clear,Broadside,Intersection,Other Vehicle,Not Applicable,Not Applicable,At,,False,False,89583,MCKEE RD,THIRTY FOURTH ST,37.35674451,-121.8626901
8806,690114,CR-0000096189,0,0,0,0,22-341-9702,False,True,0,12/5/2022 1:20:00 PM,No Pedestrians Involved,Dry,No Unusual Conditions,Daylight,Unknown,Controls Functioning,Rain,Sideswipe,Intersection,Other Vehicle,Not Applicable,Not Applicable,At,,False,True,89583,MCKEE RD,THIRTY FOURTH ST,37.35674451,-121.8626901
8807,682394,CR-0000091957,1,0,0,0,22-112-0210,False,False,0,4/22/2022 8:10:00 AM,Crossing In Crosswalk - At Intersection,Dry,No Unusual Conditions,Daylight,Bike At Fault,Controls Functioning,Clear,Vehicle/Bike,Intersection,Bike,East,West,At,BIKE,False,False,77736,JULIAN ST,TENTH ST,37.34507125,-121.8842987
8808,681217,CR-0000090602,0,0,0,0,22-004-0307,False,False,0,1/4/2022 10:28:00 AM,No Pedestrians Involved,Dry,No Unusual Conditions,Daylight,Violation Driver 1,Controls Functioning,Clear,Broadside,Intersection,Other Vehicle,Not Applicable,Not Applicable,At,PROPERTY DAMAGE ONLY,False,False,77736,JULIAN ST,TENTH ST,37.34507125,-121.8842987
8809,688722,CR-0000094547,0,0,0,0,22-194-4001,False,True,,7/11/2022 6:50:00 AM,No Pedestrians Involved,Unknown,Unknown,Daylight,Unknown,Unknown,Unknown,Sideswipe,Related,Parked Vehicle,Not Applicable,Not Applicable,Unknown,,False,True,77736,JULIAN ST,TENTH ST,37.34507125,-121.8842987
8810,688742,CR-0000094568,0,0,0,0,22-236-4001,False,True,0,8/24/2022 12:56:00 PM,No Pedestrians Involved,Unknown,Unknown,Daylight,Unknown,Unknown,Unknown,Broadside,Intersection,Other Vehicle,Not Applicable,Not Applicable,At,,False,True,77736,JULIAN ST,TENTH ST,37.34507125,-121.8842987
8811,685119,CR-0000093792,1,0,0,0,22-202-0448,False,False,0,7/21/2022 12:26:00 PM,No Pedestrians Involved,Dry,No Unusual Conditions,Daylight,Violation Driver 1,Controls Functioning,Clear,Broadside,Intersection,Other Vehicle,Not Applicable,Not Applicable,At,,False,False,77736,JULIAN ST,TENTH ST,37.34507125,-121.8842987
8812,686424,CR-0000094194,2,1,0,0,22-248-0679,False,False,0,9/5/2022 4:55:00 PM,No Pedestrians Involved,Dry,No Unusual Conditions,Daylight,Violation Driver 1,Controls Functioning,Clear,Head On,Intersection,Other Object,Not Applicable,Not Applicable,At,,False,False,77736,JULIAN ST,TENTH ST,37.34507125,-121.8842987
8813,690442,CR-0000096547,0,0,0,0,22-275-0164,False,False,90,10/2/2022 3:05:00 AM,No Pedestrians Involved,Dry,No Unusual Conditions,Dark - Street Light,Violation Driver 1,Controls Functioning,Clear,Rear End,Non-Related,Parked Vehicle,Not Applicable,Not Applicable,South Of,,True,False,77736,JULIAN ST,TENTH ST,37.34507125,-121.8842987
8814,694240,CR-0000098194,2,0,0,0,23-142-0314,False,False,48,5/22/2023 10:06:00 AM,No Pedestrians Involved,Dry,No Unusual Conditions,Daylight,Violation Driver 1,Controls Functioning,Clear,Rear End,Related,Other Vehicle,Not Applicable,Not Applicable,West Of,,False,False,77736,JULIAN ST,TENTH ST,37.34507125,-121.8842987
8815,695977,CR-0000099112,0,0,0,0,23-222-4000,False,True,51,8/9/2023 8:40:00 PM,No Pedestrians Involved,Unknown,Unknown,Unknown,Unknown,Unknown,Unknown,Sideswipe,Non-Related,Other Vehicle,Not Applicable,Not Applicable,Unknown,,False,False,77736,JULIAN ST,TENTH ST,37.34507125,-121.8842987
8816,699013,CR-0000100318,2,2,0,0,23-308-0244,False,False,0,11/4/2023 9:19:00 AM,No Pedestrians Involved,Dry,No Unusual Conditions,Daylight,Violation Driver 1,Controls Functioning,Clear,Broadside,Intersection,Other Vehicle,Not Applicable,Not Applicable,At,,True,False,77736,JULIAN ST,TENTH ST,37.34507125,-121.8842987
8817,711774,CR-0000101437,0,0,0,0,23-351-0100,False,False,0,12/17/2023 2:15:00 AM,No Pedestrians Involved,Dry,No Unusual Conditions,Dark - Street Light,Violation Driver 1,Unknown,Clear,Rear End,Intersection,Other Vehicle,Not Applicable,Not Applicable,At,,True,False,77736,JULIAN ST,TENTH ST,37.34507125,-121.8842987
8818,699411,CR-0000100743,0,0,0,0,23-172-0886,False,False,135,6/21/2023 9:09:00 PM,No Pedestrians Involved,Dry,No Unusual Conditions,Dark - Street Light,Violation Driver 1,No Controls Present/Factor,Clear,Rear End,Non-Related,Parked Vehicle,Not Applicable,Not Applicable,East Of,,False,False,77736,JULIAN ST,TENTH ST,37.34507125,-121.8842987
8819,719600,CR-0000102757,0,0,0,1,24-208-0422,False,False,0,7/26/2024 12:24:00 PM,No Pedestrians Involved,Dry,No Unusual Conditions,Daylight,Unknown,Controls Functioning,Clear,Vehicle/Bike,Intersection,Bike,Not Applicable,Not Applicable,At,BIKE,False,False,77736,JULIAN ST,TENTH ST,37.34507125,-121.8842987
8820,683039,CR-0000092610,1,0,0,0,22-163-0283,False,False,0,6/12/2022 8:42:00 AM,No Pedestrians Involved,Dry,No Unusual Conditions,Daylight,Violation Driver 1,Controls Functioning,Clear,Other,Intersection,Other Vehicle,Not Applicable,Not Applicable,At,,False,False,111693,TENTH ST,WASHINGTON ST,37.34719122,-121.8858765
8821,688904,CR-0000094764,0,0,0,0,22-279-0203,False,False,0,10/6/2022 8:12:00 AM,No Pedestrians Involved,Dry,No Unusual Conditions,Daylight,Violation Driver 1,No Controls Present/Factor,Clear,Hit Object,Intersection,Fixed Object,Not Applicable,Not Applicable,At,,False,False,111693,TENTH ST,WASHINGTON ST,37.34719122,-121.8858765
8822,689206,CR-0000095114,0,1,0,0,22-298-0296,False,False,0,10/25/2022 9:55:00 AM,No Pedestrians Involved,Dry,No Unusual Conditions,Daylight,Violation Driver 1,No Controls Present/Factor,Clear,Broadside,Intersection,Other Vehicle,Not Applicable,Not Applicable,At,,False,False,111693,TENTH ST,WASHINGTON ST,37.34719122,-121.8858765