_id,CrashFactId,Name,MinorInjuries,ModerateInjuries,SevereInjuries,FatalInjuries,TcrNumber,CityDamageFlag,ShortFormFlag,Distance,CrashDateTime,PedestrianAction,RoadwaySurface,RoadwayCondition,Lighting,PrimaryCollisionFactor,TrafficControl,Weather,CollisionType,ProximityToIntersection,VehicleInvolvedWith,PedestrianDirectionFrom,PedestrianDirectionTo,DirectionFromIntersection,Comment,SpeedingFlag,HitAndRunFlag,IntersectionNumber,AStreetName,BStreetName,Latitude,Longitude
8823,689399,CR-0000095367,1,0,0,0,22-323-0344,False,False,0,11/19/2022 12:00:00 AM,In Road - Includes Shoulder,Dry,No Unusual Conditions,Dark - Street Light,Unknown,Controls Functioning,Clear,Vehicle/Pedestrian,Intersection,Scooter Non-Motorized,North,South,At,SCOOTER,False,True,111693,TENTH ST,WASHINGTON ST,37.34719122,-121.8858765
8824,683306,CR-0000092891,0,0,0,0,22-141-0899,False,False,170,5/21/2022 9:50:00 PM,No Pedestrians Involved,Dry,No Unusual Conditions,Dark - Street Light,Violation Driver 1,Controls Functioning,Clear,Rear End,Non-Related,Parked Vehicle,Not Applicable,Not Applicable,North Of,,False,False,111693,TENTH ST,WASHINGTON ST,37.34719122,-121.8858765
8825,694433,CR-0000098397,1,1,0,0,23-159-0333,False,False,0,6/8/2023 11:04:00 AM,No Pedestrians Involved,Dry,No Unusual Conditions,Daylight,Violation Driver 1,Controls Functioning,Clear,Broadside,Intersection,Other Vehicle,Not Applicable,Not Applicable,At,,False,False,111693,TENTH ST,WASHINGTON ST,37.34719122,-121.8858765
8826,694737,CR-0000098771,1,0,0,0,23-242-0007,False,False,0,8/30/2023 12:01:00 AM,No Pedestrians Involved,Dry,No Unusual Conditions,Dark - Street Light,Violation Driver 1,Controls Functioning,Clear,Broadside,Intersection,Other Vehicle,Not Applicable,Not Applicable,At,,False,False,111693,TENTH ST,WASHINGTON ST,37.34719122,-121.8858765
8827,690177,CR-0000096266,0,0,0,0,22-160-4001,False,True,51,6/9/2022 7:00:00 AM,No Pedestrians Involved,Unknown,Unknown,Unknown,Unknown,Unknown,Clear,Other,Non-Related,Unknown,Not Applicable,Not Applicable,North Of,,False,True,111693,TENTH ST,WASHINGTON ST,37.34719122,-121.8858765
8828,690804,CR-0000096942,1,0,0,0,23-023-0489,False,False,0,1/23/2023 1:22:00 PM,No Pedestrians Involved,Dry,No Unusual Conditions,Daylight,Violation Driver 1,No Controls Present/Factor,Clear,Sideswipe,Intersection,Motor Vehicle On Other Roadway,Not Applicable,Not Applicable,At,,False,False,111693,TENTH ST,WASHINGTON ST,37.34719122,-121.8858765
8829,722344,CR-0000103638,0,0,0,0,24-093-0014,False,False,0,4/2/2024 12:14:00 AM,No Pedestrians Involved,Dry,No Unusual Conditions,Dark - Street Light,Violation Driver 1,Controls Functioning,Clear,Broadside,Intersection,Other Vehicle,Not Applicable,Not Applicable,At,,False,True,111693,TENTH ST,WASHINGTON ST,37.34719122,-121.8858765
8830,719780,CR-0000102953,0,0,0,0,24-036-9702,False,True,51,2/2/2024 3:50:00 PM,No Pedestrians Involved,Dry,No Unusual Conditions,Daylight,Unknown,Controls Functioning,Clear,Broadside,Non-Related,Other Vehicle,Not Applicable,Not Applicable,South Of,,False,False,55890,ELEVENTH ST,ST JOHN ST,37.34268416,-121.8810962
8831,682326,CR-0000091889,0,1,0,0,22-098-0666,False,False,300,4/8/2022 5:07:00 PM,No Pedestrians Involved,Dry,No Unusual Conditions,Daylight,Violation Driver 1,Controls Functioning,Clear,Rear End,Non-Related,Other Vehicle,Not Applicable,Not Applicable,North Of,,False,False,55736,ELEVENTH ST,JULIAN ST,37.34557206,-121.8832435
8832,689799,CR-0000095825,2,0,0,0,22-184-0896,False,False,0,7/4/2022 8:46:00 PM,No Pedestrians Involved,Dry,No Unusual Conditions,Dusk - Dawn,Violation Driver 1,Controls Functioning,Clear,Broadside,Intersection,Other Vehicle,Not Applicable,Not Applicable,At,,True,True,55736,ELEVENTH ST,JULIAN ST,37.34557206,-121.8832435
8833,697584,CR-0000099797,0,0,0,0,23-145-0096,False,False,103,5/25/2023 3:03:00 AM,No Pedestrians Involved,Dry,No Unusual Conditions,Dark - Street Light,Violation Driver 1,Controls Functioning,Clear,Sideswipe,Non-Related,Parked Vehicle,Not Applicable,Not Applicable,South Of,,False,True,55736,ELEVENTH ST,JULIAN ST,37.34557206,-121.8832435
8834,681216,CR-0000090601,0,0,0,0,22-004-0301,False,False,0,1/4/2022 11:45:00 AM,No Pedestrians Involved,Dry,No Unusual Conditions,Daylight,Violation Driver 1,No Controls Present/Factor,Clear,Broadside,Intersection,Other Vehicle,Not Applicable,Not Applicable,At,VTA BUS INVOLVED,False,False,55934,ELEVENTH ST,WASHINGTON ST,37.34769065,-121.8848224
8835,684978,CR-0000093657,0,1,1,0,22-224-0782,False,False,0,8/12/2022 6:57:00 PM,No Pedestrians Involved,Dry,No Unusual Conditions,Daylight,Violation Driver 1,Controls Functioning,Clear,Head On,Intersection,Motorcycle,Not Applicable,Not Applicable,At,,False,False,55934,ELEVENTH ST,WASHINGTON ST,37.34769065,-121.8848224
8836,697589,CR-0000099825,6,1,0,0,23-301-0603,False,False,0,10/28/2023 5:07:00 PM,No Pedestrians Involved,Dry,No Unusual Conditions,Daylight,Violation Driver 1,No Controls Present/Factor,Clear,Broadside,Intersection,Other Vehicle,Not Applicable,Not Applicable,At,,False,False,55934,ELEVENTH ST,WASHINGTON ST,37.34769065,-121.8848224
8837,698773,CR-0000100054,1,0,0,0,23-229-0430,False,False,0,12/5/2023 1:09:00 PM,No Pedestrians Involved,Dry,No Unusual Conditions,Daylight,Violation Driver 1,Controls Functioning,Clear,Broadside,Intersection,Motor Vehicle On Other Roadway,Not Applicable,Not Applicable,At,,False,False,55934,ELEVENTH ST,WASHINGTON ST,37.34769065,-121.8848224
8838,699156,CR-0000100474,0,0,0,0,23-153-0843,True,False,0,6/2/2023 8:00:00 PM,No Pedestrians Involved,Dry,No Unusual Conditions,Dusk - Dawn,Violation Driver 1,No Controls Present/Factor,Clear,Hit Object,Intersection,Fixed Object,Not Applicable,Not Applicable,At,CURB,True,False,55934,ELEVENTH ST,WASHINGTON ST,37.34769065,-121.8848224
8839,694673,CR-0000098707,2,0,0,0,23-214-0779,False,False,0,8/2/2023 6:45:00 PM,No Pedestrians Involved,Dry,No Unusual Conditions,Daylight,Violation Driver 1,Controls Functioning,Clear,Broadside,Intersection,Other Vehicle,Not Applicable,Not Applicable,At,,False,False,55934,ELEVENTH ST,WASHINGTON ST,37.34769065,-121.8848224
8840,694395,CR-0000098340,1,1,0,0,23-169-0161,False,False,0,6/18/2023 2:11:00 AM,No Pedestrians Involved,Dry,No Unusual Conditions,Dark - Street Light,Violation Driver 1,No Controls Present/Factor,Clear,Broadside,Intersection,Other Vehicle,Not Applicable,Not Applicable,At,,False,False,55934,ELEVENTH ST,WASHINGTON ST,37.34769065,-121.8848224
8841,696138,CR-0000099280,0,0,0,0,23-240-0448,False,False,0,8/28/2023 12:15:00 PM,No Pedestrians Involved,Dry,No Unusual Conditions,Daylight,Violation Driver 1,Controls Functioning,Clear,Broadside,Intersection,Other Vehicle,Not Applicable,Not Applicable,At,,False,False,55934,ELEVENTH ST,WASHINGTON ST,37.34769065,-121.8848224
8842,696345,CR-0000099501,1,3,0,0,23-304-0700,False,False,0,10/31/2023 6:10:00 PM,No Pedestrians Involved,Dry,No Unusual Conditions,Dark - Street Light,Violation Driver 1,No Controls Present/Factor,Clear,Broadside,Intersection,Other Vehicle,Not Applicable,Not Applicable,At,,False,False,55934,ELEVENTH ST,WASHINGTON ST,37.34769065,-121.8848224
8843,694356,CR-0000098300,1,0,0,0,23-164-0203,False,False,270,6/13/2023 8:32:00 AM,No Pedestrians Involved,Dry,No Unusual Conditions,Daylight,Violation Driver 1,No Controls Present/Factor,Clear,Broadside,Non-Related,Parked Vehicle,Not Applicable,Not Applicable,South Of,,False,False,55934,ELEVENTH ST,WASHINGTON ST,37.34769065,-121.8848224
8844,692410,CR-0000097693,0,1,0,0,23-080-0530,False,False,0,3/21/2023 2:42:00 PM,No Pedestrians Involved,Wet,No Unusual Conditions,Dark - No Street Light,Violation Driver 1,No Controls Present/Factor,Rain,Broadside,Intersection,Motor Vehicle On Other Roadway,Not Applicable,Not Applicable,At,,False,False,55934,ELEVENTH ST,WASHINGTON ST,37.34769065,-121.8848224
8845,722098,CR-0000103353,0,0,0,0,24-068-9701,False,True,0,3/7/2024 12:35:00 PM,No Pedestrians Involved,Dry,No Unusual Conditions,Daylight,Unknown,Controls Functioning,Clear,Broadside,Intersection,Other Vehicle,Not Applicable,Not Applicable,At,,False,False,55934,ELEVENTH ST,WASHINGTON ST,37.34769065,-121.8848224
8846,720874,CR-0000103078,0,0,0,0,24-026-4004,False,True,0,1/26/2024 9:40:00 AM,No Pedestrians Involved,Unknown,Unknown,Unknown,Unknown,Unknown,Unknown,Broadside,Intersection,Other Vehicle,Not Applicable,Not Applicable,At,,False,False,55934,ELEVENTH ST,WASHINGTON ST,37.34769065,-121.8848224
8847,684986,CR-0000093604,0,0,0,0,22-194-9701,False,True,,7/13/2022 6:00:00 AM,No Pedestrians Involved,Dry,No Unusual Conditions,Dark - Street Light,Unknown,No Controls Present/Factor,Clear,Other,Related,Parked Vehicle,Not Applicable,Not Applicable,North Of,,False,False,55725,ELEVENTH ST,JACKSON ST,37.35197446,-121.888018
8848,689372,CR-0000095306,0,0,0,0,22-305-0668,False,False,140,11/1/2022 6:52:00 PM,No Pedestrians Involved,Dry,No Unusual Conditions,Daylight,Unknown,Controls Functioning,Clear,Broadside,Non-Related,Other Vehicle,Not Applicable,Not Applicable,West Of,,False,False,55725,ELEVENTH ST,JACKSON ST,37.35197446,-121.888018
8849,691239,CR-0000097464,0,0,0,0,23-046-0988,False,False,576,2/15/2023 10:15:00 PM,No Pedestrians Involved,Dry,No Unusual Conditions,Dark - Street Light,Violation Driver 1,No Controls Present/Factor,Clear,Overturned,Non-Related,Other Vehicle,Not Applicable,Not Applicable,North Of,,True,False,55725,ELEVENTH ST,JACKSON ST,37.35197446,-121.888018
8850,711630,CR-0000101145,0,0,0,0,23-284-4002,False,True,,10/1/2023 6:00:00 PM,No Pedestrians Involved,Unknown,Unknown,Unknown,Unknown,Unknown,Unknown,Other,Related,Parked Vehicle,Not Applicable,Not Applicable,East Of,,False,False,55725,ELEVENTH ST,JACKSON ST,37.35197446,-121.888018
8851,683531,CR-0000093130,0,0,0,0,22-204-0523,False,False,118,7/23/2022 3:44:00 PM,No Pedestrians Involved,Dry,No Unusual Conditions,Daylight,Violation Driver 1,Unknown,Clear,Sideswipe,Non-Related,Parked Vehicle,Not Applicable,Not Applicable,West Of,,False,False,20173,BLOSSOM HILL RD,JUDITH ST,37.25139826,-121.8250743
8852,682184,CR-0000091718,2,0,0,0,22-066-0394,False,False,0,3/7/2022 11:00:00 AM,No Pedestrians Involved,Dry,No Unusual Conditions,Daylight,Violation Driver 1,Controls Functioning,Clear,Broadside,Intersection,Other Vehicle,Not Applicable,Not Applicable,At,,False,False,20173,BLOSSOM HILL RD,JUDITH ST,37.25139826,-121.8250743
8853,681749,CR-0000091149,2,0,0,0,22-052-0454,False,False,0,2/21/2022 2:40:00 PM,No Pedestrians Involved,Dry,No Unusual Conditions,Daylight,Violation Driver 1,Controls Functioning,Clear,Rear End,Intersection,Other Vehicle,Not Applicable,Not Applicable,At,,False,False,20173,BLOSSOM HILL RD,JUDITH ST,37.25139826,-121.8250743
8854,691301,CR-0000097546,0,0,0,0,23-060-0185,False,False,120,3/1/2023 8:29:00 AM,No Pedestrians Involved,Dry,No Unusual Conditions,Daylight,Violation Driver 1,No Controls Present/Factor,Clear,Rear End,Non-Related,Other Vehicle,Not Applicable,Not Applicable,West Of,,False,True,20173,BLOSSOM HILL RD,JUDITH ST,37.25139826,-121.8250743
8855,691026,CR-0000097198,0,0,0,0,23-044-4001,False,True,51,2/7/2023 4:45:00 PM,No Pedestrians Involved,Unknown,Unknown,Unknown,Unknown,Unknown,Unknown,Sideswipe,Non-Related,Parked Vehicle,Not Applicable,Not Applicable,East Of,,False,False,20173,BLOSSOM HILL RD,JUDITH ST,37.25139826,-121.8250743
8856,698849,CR-0000100132,1,0,0,0,23-336-0453,False,False,0,12/2/2023 2:12:00 PM,Crossing In Crosswalk - At Intersection,Dry,No Unusual Conditions,Daylight,Violation Driver 1,Controls Functioning,Cloudy,Vehicle/Pedestrian,Intersection,Pedestrian,North,South,At,PED,False,False,20173,BLOSSOM HILL RD,JUDITH ST,37.25139826,-121.8250743
8857,719681,CR-0000102852,0,0,0,0,24-016-0224,False,False,0,1/16/2024 9:22:00 AM,No Pedestrians Involved,Dry,No Unusual Conditions,Daylight,Unknown,Controls Functioning,Cloudy,Broadside,Intersection,Other Vehicle,Not Applicable,Not Applicable,At,,False,False,20173,BLOSSOM HILL RD,JUDITH ST,37.25139826,-121.8250743
8858,691244,CR-0000097469,0,0,0,0,23-033-0264,True,False,109,2/2/2023 9:51:00 AM,No Pedestrians Involved,Dry,No Unusual Conditions,Daylight,Violation Driver 1,No Controls Present/Factor,Clear,Hit Object,Non-Related,Fixed Object,Not Applicable,Not Applicable,West Of,LIGHT POLE,False,False,131262,BELLINGTON CT,WHITETAIL LN,37.29449925,-121.7863279
8859,694582,CR-0000098606,0,1,0,0,23-186-0061,False,False,0,7/5/2023 1:00:00 AM,No Pedestrians Involved,Dry,No Unusual Conditions,Dark - Street Light,Violation Driver 1,Controls Functioning,Clear,Rear End,Intersection,Other Vehicle,Not Applicable,Not Applicable,At,,True,True,59927,FIFTH ST,ST JAMES ST,37.34111619,-121.88851
8860,681192,CR-0000090561,1,0,0,0,22-023-0001,False,False,60,1/23/2022 12:01:00 AM,No Pedestrians Involved,Dry,No Unusual Conditions,Dark - Street Light,Violation Driver 1,Controls Functioning,Clear,Head On,Non-Related,Other Vehicle,Not Applicable,Not Applicable,East Of,,True,False,103553,REMILLARD CT,STORY RD,37.32785066,-121.8609079
8861,682898,CR-0000092482,2,1,0,0,22-165-0149,False,False,0,6/14/2022 5:45:00 AM,In Road - Includes Shoulder,Dry,No Unusual Conditions,Dusk - Dawn,Violation Driver 1,Controls Functioning,Clear,Vehicle/Pedestrian,Intersection,Pedestrian,Unknown,Unknown,At,PEDESTRIAN,False,False,103553,REMILLARD CT,STORY RD,37.32785066,-121.8609079
8862,685165,CR-0000093841,0,0,0,0,22-238-0535,False,False,263,8/26/2022 3:09:00 PM,No Pedestrians Involved,Dry,Loose Material On Roadway,Daylight,Violation Driver 1,Controls Functioning,Clear,Rear End,Non-Related,Other Vehicle,Not Applicable,Not Applicable,West Of,,False,True,103553,REMILLARD CT,STORY RD,37.32785066,-121.8609079
8863,694785,CR-0000098822,1,0,0,0,23-218-0782,False,False,0,8/6/2023 8:10:00 PM,No Pedestrians Involved,Dry,Unknown,Daylight,Violation Driver 1,Controls Functioning,Clear,Vehicle/Bike,Intersection,Bike,Not Applicable,Not Applicable,At,BIKE,False,False,103553,REMILLARD CT,STORY RD,37.32785066,-121.8609079
8864,697572,CR-0000099783,0,0,0,0,23-144-1069,False,False,490,5/24/2023 11:25:00 PM,No Pedestrians Involved,Dry,No Unusual Conditions,Dark - Street Light,Violation Driver 1,No Controls Present/Factor,Clear,Sideswipe,Non-Related,Parked Vehicle,Not Applicable,Not Applicable,North Of,,False,True,103553,REMILLARD CT,STORY RD,37.32785066,-121.8609079
8865,716284,CR-0000102209,2,0,0,0,24-042-0541,False,False,202,2/11/2024 5:27:00 PM,No Pedestrians Involved,Dry,No Unusual Conditions,Daylight,Violation Driver 1,Controls Functioning,Clear,Rear End,Non-Related,Other Vehicle,Not Applicable,Not Applicable,East Of,,False,True,103553,REMILLARD CT,STORY RD,37.32785066,-121.8609079
8866,684820,CR-0000093492,0,0,0,0,22-188-0614,False,False,0,7/7/2022 2:00:00 PM,No Pedestrians Involved,Dry,No Unusual Conditions,Daylight,Violation Driver 1,No Controls Present/Factor,Clear,Sideswipe,Intersection,Parked Vehicle,Not Applicable,Not Applicable,At,,False,True,54625,EDWARDS AV,PALM ST,37.31836857,-121.885862
8867,689177,CR-0000095034,0,0,0,0,22-319-0011,False,False,70,11/15/2022 12:04:00 AM,No Pedestrians Involved,Dry,No Unusual Conditions,Dark - Street Light,Violation Driver 1,No Controls Present/Factor,Clear,Head On,Non-Related,Other Vehicle,Not Applicable,Not Applicable,North Of,,False,True,54625,EDWARDS AV,PALM ST,37.31836857,-121.885862
8868,711862,CR-0000101037,0,0,0,0,23-267-0761,False,False,83,9/24/2023 9:23:00 PM,No Pedestrians Involved,Dry,No Unusual Conditions,Dark - Street Light,Violation Driver 1,Unknown,Clear,Rear End,Non-Related,Parked Vehicle,Not Applicable,Not Applicable,South Of,,False,False,54592,EDWARDS AV,HARLISS AV,37.31794204,-121.8868883
8869,683490,CR-0000093089,0,0,0,0,22-185-0924,False,False,230,7/4/2022 9:02:00 PM,No Pedestrians Involved,Dry,No Unusual Conditions,Dark - Street Light,Violation Driver 1,No Controls Present/Factor,Clear,Rear End,Non-Related,Parked Vehicle,Not Applicable,Not Applicable,North Of,,False,True,84688,LOCUST ST,VIRGINIA ST,37.32115634,-121.8866154
8870,694744,CR-0000098752,0,1,0,0,23-229-0553,False,False,351,8/17/2023 3:38:00 PM,Approaching/Leaving School Bus,Dry,No Unusual Conditions,Daylight,Pedestrian At Fault,No Controls Present/Factor,Clear,Vehicle/Pedestrian,Non-Related,Pedestrian,West,East,North Of,PED,True,False,84688,LOCUST ST,VIRGINIA ST,37.32115634,-121.8866154
8871,695882,CR-0000098974,0,0,0,0,23-109-4001,False,True,51,4/17/2023 12:15:00 PM,No Pedestrians Involved,Unknown,Unknown,Unknown,Unknown,Unknown,Unknown,Other,Non-Related,Parked Vehicle,Not Applicable,Not Applicable,North Of,,False,False,84688,LOCUST ST,VIRGINIA ST,37.32115634,-121.8866154
8872,694391,CR-0000098335,0,1,0,0,23-168-0229,False,False,0,6/17/2023 11:42:00 AM,Crossing - Not In Crosswalk,Dry,No Unusual Conditions,Daylight,Violation Driver 1,Controls Functioning,Clear,Vehicle/Pedestrian,Intersection,Pedestrian,South,North,At,PED,False,False,84688,LOCUST ST,VIRGINIA ST,37.32115634,-121.8866154
8873,690486,CR-0000096623,0,0,0,0,22-285-4000,False,True,51,10/11/2022 3:15:00 AM,No Pedestrians Involved,Unknown,Unknown,Unknown,Unknown,Unknown,Unknown,Sideswipe,Non-Related,Other Vehicle,Not Applicable,Not Applicable,West Of,,False,True,84688,LOCUST ST,VIRGINIA ST,37.32115634,-121.8866154
8874,690067,CR-0000096141,0,0,0,0,22-330-0199,False,False,162,11/26/2022 12:23:00 AM,No Pedestrians Involved,Dry,No Unusual Conditions,Dark - Street Light,Violation Driver 1,No Controls Present/Factor,Clear,Sideswipe,Non-Related,Parked Vehicle,Not Applicable,Not Applicable,South Of,,False,True,113178,VINE ST,VIRGINIA ST,37.32161894,-121.8856406
8875,694575,CR-0000098599,1,1,0,0,23-182-0782,False,False,0,7/1/2023 6:30:00 PM,No Pedestrians Involved,Dry,No Unusual Conditions,Daylight,Violation Driver 1,Controls Functioning,Clear,Broadside,Intersection,Other Vehicle,Not Applicable,Not Applicable,At,,False,True,113178,VINE ST,VIRGINIA ST,37.32161894,-121.8856406
8876,712139,CR-0000101402,0,0,0,0,23-318-0201,False,False,0,11/14/2023 9:03:00 AM,No Pedestrians Involved,Dry,No Unusual Conditions,Daylight,Violation Driver 1,Controls Functioning,Clear,Broadside,Intersection,Other Vehicle,Not Applicable,Not Applicable,At,,False,False,113178,VINE ST,VIRGINIA ST,37.32161894,-121.8856406
8877,722395,CR-0000103689,0,0,0,0,24-098-0802,False,False,25,4/7/2024 9:25:00 PM,No Pedestrians Involved,Dry,No Unusual Conditions,Dark - Street Light,Violation Driver 1,No Controls Present/Factor,Clear,Sideswipe,Related,Parked Vehicle,Not Applicable,Not Applicable,South Of,,False,False,113178,VINE ST,VIRGINIA ST,37.32161894,-121.8856406
8878,719524,CR-0000102653,1,0,0,0,24-069-0675,False,False,176,3/9/2024 4:56:00 PM,No Pedestrians Involved,Dry,No Unusual Conditions,Daylight,Violation Driver 1,No Controls Present/Factor,Clear,Rear End,Non-Related,Parked Vehicle,Not Applicable,Not Applicable,East Of,,True,False,101265,PLAINFIELD DR,RIVER VIEW DR,37.27570953,-121.8121455
8879,722008,CR-0000103262,0,0,0,0,24-062-9701,False,True,51,2/24/2024 11:00:00 AM,No Pedestrians Involved,Dry,No Unusual Conditions,Daylight,Unknown,No Controls Present/Factor,Clear,Sideswipe,Non-Related,Parked Vehicle,Not Applicable,Not Applicable,North Of,,False,False,106050,SAN BUENA CT,SORRENTO WY,37.23580228,-121.7970661
8880,716216,CR-0000102179,1,0,0,0,24-056-0329,False,False,180,2/25/2024 10:24:00 AM,No Pedestrians Involved,Dry,No Unusual Conditions,Daylight,Violation Driver 1,No Controls Present/Factor,Cloudy,Broadside,Non-Related,Other Vehicle,Not Applicable,Not Applicable,South Of,,False,False,106633,SAN MATEO DR,SEVEN TREES BL,37.28041404,-121.832089
8881,696413,CR-0000099590,1,0,0,0,23-284-0442,False,False,0,10/11/2023 1:43:00 PM,No Pedestrians Involved,Dry,No Unusual Conditions,Daylight,Violation Driver 1,No Controls Present/Factor,Clear,Broadside,Intersection,Other Vehicle,Not Applicable,Not Applicable,At,,False,False,19590,BLOSSOM AV,CANTON DR,37.24830532,-121.8397806
8882,711998,CR-0000101574,0,0,0,0,23-356-4007,False,True,51,12/22/2023 2:18:00 PM,No Pedestrians Involved,Unknown,Unknown,Unknown,Unknown,Unknown,Unknown,Other,Non-Related,Other Vehicle,Not Applicable,Not Applicable,North Of,,False,False,19590,BLOSSOM AV,CANTON DR,37.24830532,-121.8397806
8883,722482,CR-0000103766,0,0,0,0,24-104-0228,False,False,76,4/13/2024 5:10:00 AM,No Pedestrians Involved,Wet,No Unusual Conditions,Dark - Street Light,Violation Driver 1,Unknown,Clear,Rear End,Non-Related,Parked Vehicle,Not Applicable,Not Applicable,South Of,,True,True,19590,BLOSSOM AV,CANTON DR,37.24830532,-121.8397806
8884,696445,CR-0000099622,0,0,0,0,23-111-0419,True,False,43,4/21/2023 1:40:00 PM,No Pedestrians Involved,Dry,No Unusual Conditions,Daylight,Violation Driver 1,Unknown,Clear,Sideswipe,Related,Other Vehicle,Not Applicable,Not Applicable,North Of,TREE,False,False,131394,ALTAMARA AV,CHAMBERER DR,37.31556489,-121.7730343
8885,684994,CR-0000093653,1,0,0,0,22-236-0215,False,False,17,8/24/2022 8:28:00 AM,No Pedestrians Involved,Dry,No Unusual Conditions,Daylight,Bike At Fault,Controls Functioning,Clear,Vehicle/Bike,Related,Bike,Not Applicable,Not Applicable,North Of,BIKE,False,False,128369,ABORN RD,ALTAMARA AV,37.31691652,-121.7722944
8886,698677,CR-0000099914,1,1,0,0,23-243-0192,False,False,0,8/31/2023 7:52:00 AM,No Pedestrians Involved,Dry,No Unusual Conditions,Daylight,Violation Driver 1,Controls Functioning,Clear,Broadside,Intersection,Other Vehicle,Not Applicable,Not Applicable,At,,False,False,128369,ABORN RD,ALTAMARA AV,37.31691652,-121.7722944
8887,681537,CR-0000090933,0,1,0,0,22-038-0781,False,False,225,2/7/2022 6:52:00 PM,No Pedestrians Involved,Dry,No Unusual Conditions,Dark - Street Light,Violation Driver 1,No Controls Present/Factor,Clear,Rear End,Non-Related,Parked Vehicle,Not Applicable,Not Applicable,North Of,,False,False,128710,TUSCANY CI,VERONA RD,37.30723754,-121.7559522
8888,716367,CR-0000102356,1,0,0,0,24-044-0932,False,False,312,2/13/2024 8:41:00 PM,No Pedestrians Involved,Dry,No Unusual Conditions,Dark - Street Light,Violation Driver 1,No Controls Present/Factor,Clear,Rear End,Non-Related,Other Vehicle,Not Applicable,Not Applicable,South Of,,False,True,130130,CHABOYA RD/CHEMIN DE RIVIERE,MURILLO AV,37.32466843,-121.7667517
8889,696190,CR-0000099334,0,0,0,0,23-099-0061,False,False,52,4/9/2023 12:30:00 AM,No Pedestrians Involved,Dry,No Unusual Conditions,Dark - Street Light,Violation Driver 1,No Controls Present/Factor,Clear,Rear End,Non-Related,Parked Vehicle,Not Applicable,Not Applicable,North Of,,False,True,103608,REMINGTON WY,WINWOOD WY,37.32533646,-121.7869071
8890,682903,CR-0000092476,1,0,0,0,22-043-0039,False,False,264,2/12/2022 12:40:00 AM,No Pedestrians Involved,Dry,No Unusual Conditions,Dark - Street Light,Violation Driver 1,Controls Functioning,Clear,Head On,Non-Related,Other Vehicle,Not Applicable,Not Applicable,North Of,,True,True,116324,BERNAL RD,MONTEREY RD,37.23882655,-121.7743851
8891,683225,CR-0000092779,2,0,0,0,22-092-0675,False,False,0,4/2/2022 6:57:00 PM,No Pedestrians Involved,Dry,No Unusual Conditions,Daylight,Violation Driver 1,Controls Functioning,Clear,Rear End,Intersection,Other Vehicle,Not Applicable,Not Applicable,At,,False,True,116324,BERNAL RD,MONTEREY RD,37.23882655,-121.7743851
8892,682395,CR-0000091958,1,1,0,0,22-112-0411,False,False,0,4/22/2022 1:28:00 PM,No Pedestrians Involved,Dry,No Unusual Conditions,Daylight,Violation Driver 1,Controls Functioning,Clear,Head On,Intersection,Other Vehicle,Not Applicable,Not Applicable,At,,True,False,116324,BERNAL RD,MONTEREY RD,37.23882655,-121.7743851
8893,698813,CR-0000100095,1,0,0,0,23-341-0330,False,False,83,12/7/2023 10:42:00 AM,No Pedestrians Involved,Dry,No Unusual Conditions,Daylight,Violation Driver 1,Controls Functioning,Clear,Vehicle/Bike,Non-Related,Bike,Not Applicable,Not Applicable,North Of,BIKE,False,False,116324,BERNAL RD,MONTEREY RD,37.23882655,-121.7743851
8894,699315,CR-0000100642,1,0,0,0,23-305-0196,False,False,0,11/1/2023 7:45:00 AM,No Pedestrians Involved,Dry,No Unusual Conditions,Daylight,Violation Driver 1,Controls Functioning,Clear,Broadside,Intersection,Motor Vehicle On Other Roadway,Not Applicable,Not Applicable,At,,False,False,116324,BERNAL RD,MONTEREY RD,37.23882655,-121.7743851
8895,690127,CR-0000096218,0,0,0,0,22-334-0528,False,False,0,11/30/2022 3:30:00 PM,No Pedestrians Involved,Dry,No Unusual Conditions,Daylight,Violation Driver 1,Controls Functioning,Clear,Head On,Intersection,Other Vehicle,Not Applicable,Not Applicable,At,,False,True,116324,BERNAL RD,MONTEREY RD,37.23882655,-121.7743851
8896,719618,CR-0000102776,0,0,0,0,23-078-4000,False,True,,3/18/2023 8:30:00 PM,No Pedestrians Involved,Unknown,Unknown,Unknown,Unknown,Unknown,Unknown,Rear End,Related,Other Vehicle,Not Applicable,Not Applicable,Unknown,,False,False,116324,BERNAL RD,MONTEREY RD,37.23882655,-121.7743851
8897,711938,CR-0000101430,1,0,1,0,23-364-0775,False,False,0,12/30/2023 10:46:00 PM,No Pedestrians Involved,Dry,No Unusual Conditions,Dark - Street Light,Violation Driver 1,Controls Functioning,Clear,Broadside,Intersection,Other Vehicle,Not Applicable,Not Applicable,At,,True,True,116324,BERNAL RD,MONTEREY RD,37.23882655,-121.7743851