_id,CrashFactId,Name,MinorInjuries,ModerateInjuries,SevereInjuries,FatalInjuries,TcrNumber,CityDamageFlag,ShortFormFlag,Distance,CrashDateTime,PedestrianAction,RoadwaySurface,RoadwayCondition,Lighting,PrimaryCollisionFactor,TrafficControl,Weather,CollisionType,ProximityToIntersection,VehicleInvolvedWith,PedestrianDirectionFrom,PedestrianDirectionTo,DirectionFromIntersection,Comment,SpeedingFlag,HitAndRunFlag,IntersectionNumber,AStreetName,BStreetName,Latitude,Longitude
8898,722026,CR-0000103280,0,0,0,0,24-058-0573,False,False,0,2/27/2024 3:27:00 PM,No Pedestrians Involved,Dry,No Unusual Conditions,Daylight,Violation Driver 1,Controls Functioning,Clear,Sideswipe,Intersection,Other Vehicle,Not Applicable,Not Applicable,At,,False,False,106578,SAN IGNACIO AV,VIA DEL ORO,37.23557387,-121.7842023
8899,681520,CR-0000090916,0,0,0,0,22-030-0382,True,False,0,1/30/2022 10:57:00 AM,No Pedestrians Involved,Dry,No Unusual Conditions,Daylight,Violation Driver 1,No Controls Present/Factor,Clear,Hit Object,Intersection,Fixed Object,Not Applicable,Not Applicable,North Of,Guard Rail,True,True,19250,BLANCHARD RD,MONTEREY RD,37.21851288,-121.7416843
8900,682715,CR-0000092293,1,0,0,0,22-147-0570,False,False,0,5/27/2022 2:48:00 PM,No Pedestrians Involved,Dry,No Unusual Conditions,Daylight,Violation Driver 1,Controls Functioning,Clear,Broadside,Intersection,Other Vehicle,Not Applicable,Not Applicable,At,,False,False,106567,SAN IGNACIO AV,SANTA TERESA BL,37.23300731,-121.7871218
8901,682581,CR-0000092148,2,0,0,0,22-138-0182,False,False,0,5/18/2022 8:00:00 AM,No Pedestrians Involved,Dry,No Unusual Conditions,Daylight,Violation Driver 1,Controls Functioning,Clear,Head On,Intersection,Other Vehicle,Not Applicable,Not Applicable,At,,False,False,17181,BERNAL RD,SAN IGNACIO AV,37.23261168,-121.7722343
8902,682873,CR-0000092457,0,0,0,0,22-200-4002,False,True,51,6/29/2022 6:51:00 PM,No Pedestrians Involved,Unknown,Unknown,Unknown,Unknown,Unknown,Unknown,Other,Non-Related,Other Vehicle,Not Applicable,Not Applicable,West Of,,False,False,17181,BERNAL RD,SAN IGNACIO AV,37.23261168,-121.7722343
8903,689151,CR-0000095036,0,1,0,0,22-319-0177,False,False,,11/15/2022 7:01:00 AM,No Pedestrians Involved,Dry,No Unusual Conditions,Daylight,Violation Driver 1,Controls Functioning,Clear,Rear End,Related,Other Vehicle,Not Applicable,Not Applicable,East Of,,False,True,17181,BERNAL RD,SAN IGNACIO AV,37.23261168,-121.7722343
8904,690307,CR-0000096400,0,0,0,0,22-260-9705,False,True,0,9/13/2022 8:50:00 AM,No Pedestrians Involved,Dry,No Unusual Conditions,Daylight,Unknown,Controls Functioning,Clear,Sideswipe,Intersection,Other Vehicle,Not Applicable,Not Applicable,At,,False,True,17181,BERNAL RD,SAN IGNACIO AV,37.23261168,-121.7722343
8905,689653,CR-0000095635,0,1,0,0,22-354-0834,False,False,0,12/20/2022 8:57:00 PM,No Pedestrians Involved,Dry,No Unusual Conditions,Dark - Street Light,Bike At Fault,Controls Functioning,Clear,Vehicle/Bike,Intersection,Bike,Not Applicable,Not Applicable,At,,False,False,17181,BERNAL RD,SAN IGNACIO AV,37.23261168,-121.7722343
8906,694098,CR-0000097948,1,0,0,0,23-089-0417,False,False,40,3/30/2023 12:27:00 PM,No Pedestrians Involved,Dry,No Unusual Conditions,Daylight,Violation Driver 1,Controls Functioning,Clear,Rear End,Related,Other Vehicle,Not Applicable,Not Applicable,North Of,,True,False,17181,BERNAL RD,SAN IGNACIO AV,37.23261168,-121.7722343
8907,699384,CR-0000100711,0,0,0,0,23-206-0782,False,False,260,7/22/2023 8:00:00 PM,No Pedestrians Involved,Dry,No Unusual Conditions,Dark - Street Light,Violation Driver 1,Controls Functioning,Clear,Sideswipe,Non-Related,Other Vehicle,Not Applicable,Not Applicable,North Of,,False,True,17181,BERNAL RD,SAN IGNACIO AV,37.23261168,-121.7722343
8908,698693,CR-0000099942,0,1,0,0,23-284-0008,False,False,0,10/10/2023 6:00:00 PM,Crossing In Crosswalk - At Intersection,Unknown,No Unusual Conditions,Daylight,Violation Driver 1,No Controls Present/Factor,Clear,Vehicle/Pedestrian,Intersection,Pedestrian,East,West,At,PED,False,False,17181,BERNAL RD,SAN IGNACIO AV,37.23261168,-121.7722343
8909,694387,CR-0000098331,0,0,1,0,23-167-0869,False,False,281,6/16/2023 7:36:00 PM,Crossing - Not In Crosswalk,Dry,No Unusual Conditions,Dusk - Dawn,Pedestrian At Fault,Controls Functioning,Clear,Vehicle/Pedestrian,Non-Related,Pedestrian,West,East,North Of,PED,False,True,17181,BERNAL RD,SAN IGNACIO AV,37.23261168,-121.7722343
8910,719496,CR-0000102616,0,0,1,0,24-069-0932,False,False,662,3/9/2024 9:41:00 PM,Crossing - Not In Crosswalk,Dry,No Unusual Conditions,Dark - Street Light,Pedestrian At Fault,Unknown,Clear,Vehicle/Pedestrian,Non-Related,Pedestrian,West,East,North Of,PED,True,False,17181,BERNAL RD,SAN IGNACIO AV,37.23261168,-121.7722343
8911,719500,CR-0000102620,1,0,0,0,24-082-0923,True,False,1352,3/22/2024 9:20:00 PM,No Pedestrians Involved,Wet,No Unusual Conditions,Dark - Street Light,Violation Driver 1,No Controls Present/Factor,Rain,Sideswipe,Non-Related,Other Vehicle,Not Applicable,Not Applicable,East Of,TREE,True,False,17181,BERNAL RD,SAN IGNACIO AV,37.23261168,-121.7722343
8912,716191,CR-0000102103,1,0,0,0,24-021-0361,True,False,26,1/21/2024 11:57:00 AM,No Pedestrians Involved,Dry,No Unusual Conditions,Daylight,Violation Driver 1,Controls Functioning,Cloudy,Hit Object,Related,Fixed Object,Not Applicable,Not Applicable,South Of,TREE,True,False,17181,BERNAL RD,SAN IGNACIO AV,37.23261168,-121.7722343
8913,712144,CR-0000101030,0,0,0,0,23-250-0524,False,False,0,9/7/2023 2:22:00 PM,No Pedestrians Involved,Dry,No Unusual Conditions,Daylight,Violation Driver 1,Controls Functioning,Clear,Sideswipe,Intersection,Other Vehicle,Not Applicable,Not Applicable,At,,False,True,17181,BERNAL RD,SAN IGNACIO AV,37.23261168,-121.7722343
8914,682837,CR-0000092416,1,0,0,0,22-146-0762,False,False,0,5/26/2022 4:42:00 PM,No Pedestrians Involved,Dry,No Unusual Conditions,Daylight,Violation Driver 1,Controls Functioning,Clear,Broadside,Intersection,Other Vehicle,Not Applicable,Not Applicable,At,,False,False,17214,BERNAL RD,VIA DEL ORO,37.22980518,-121.7742028
8915,681411,CR-0000090801,0,0,0,0,22-024-0519,True,False,0,1/24/2022 1:48:00 PM,No Pedestrians Involved,Dry,No Unusual Conditions,Daylight,Violation Driver 1,Controls Functioning,Clear,Hit Object,Intersection,Fixed Object,Not Applicable,Not Applicable,At,SIGN,True,False,17214,BERNAL RD,VIA DEL ORO,37.22980518,-121.7742028
8916,694746,CR-0000098746,2,0,0,0,23-223-1052,True,False,0,8/11/2023 11:57:00 PM,No Pedestrians Involved,Dry,No Unusual Conditions,Dark - Street Light,Violation Driver 1,Controls Functioning,Clear,Sideswipe,Intersection,Other Vehicle,Not Applicable,Not Applicable,At,TREE,False,False,17214,BERNAL RD,VIA DEL ORO,37.22980518,-121.7742028
8917,715951,CR-0000101986,1,0,0,0,24-007-0403,False,False,0,1/7/2024 1:52:00 PM,No Pedestrians Involved,Dry,No Unusual Conditions,Daylight,Violation Driver 1,Controls Functioning,Clear,Sideswipe,Intersection,Other Vehicle,Not Applicable,Not Applicable,At,,True,False,17214,BERNAL RD,VIA DEL ORO,37.22980518,-121.7742028
8918,715846,CR-0000101748,0,0,0,0,23-241-0691,False,False,258,8/29/2023 3:52:00 PM,No Pedestrians Involved,Dry,No Unusual Conditions,Daylight,Violation Driver 1,Controls Functioning,Clear,Sideswipe,Non-Related,Other Vehicle,Not Applicable,Not Applicable,East Of,,False,False,17214,BERNAL RD,VIA DEL ORO,37.22980518,-121.7742028
8919,716078,CR-0000102024,0,1,0,0,24-013-0456,True,False,275,1/13/2024 8:18:00 AM,No Pedestrians Involved,Dry,No Unusual Conditions,Daylight,Violation Driver 1,No Controls Present/Factor,Cloudy,Hit Object,Non-Related,Fixed Object,Not Applicable,Not Applicable,East Of,TREE,False,False,17214,BERNAL RD,VIA DEL ORO,37.22980518,-121.7742028
8920,696121,CR-0000099263,0,0,0,0,23-232-0821,False,False,70,8/20/2023 7:56:00 PM,No Pedestrians Involved,Dry,No Unusual Conditions,Daylight,Violation Driver 1,Unknown,Clear,Sideswipe,Non-Related,Parked Vehicle,Not Applicable,Not Applicable,South Of,,False,False,57914,EVERGREEN WY,TIMBERLINE DR,37.30643353,-121.7809138
8921,683260,CR-0000092841,0,0,0,0,22-197-0015,True,False,164,7/16/2022 1:14:00 AM,No Pedestrians Involved,Dry,No Unusual Conditions,Dark - Street Light,Violation Driver 1,No Controls Present/Factor,Clear,Head On,Non-Related,Fixed Object,Not Applicable,Not Applicable,South Of,CITY LIGHT POLE,True,False,106260,SAN FELIPE RD,JASPER HILL WY/SILVER ESTATES,37.29233932,-121.7661822
8922,698633,CR-0000099857,0,0,0,0,23-148-4001,False,True,51,5/26/2023 10:20:00 AM,No Pedestrians Involved,Unknown,Unknown,Daylight,Unknown,Unknown,Unknown,Other,Non-Related,Parked Vehicle,Not Applicable,Not Applicable,North Of,,False,False,95017,NASHUA CT,PAWTUCKET WY,37.22441972,-121.766193
8923,711953,CR-0000101122,0,0,0,0,23-299-4011,False,True,51,10/26/2023 12:08:00 PM,No Pedestrians Involved,Unknown,Unknown,Unknown,Unknown,Unknown,Unknown,Other,Non-Related,Other Vehicle,Not Applicable,Not Applicable,South Of,,False,False,4707,ALMADEN EX,CROWN BL,37.21993877,-121.8600295
8924,711642,CR-0000101202,0,0,0,0,23-335-9703,False,True,51,11/29/2023 2:40:00 PM,No Pedestrians Involved,Dry,Unknown,Daylight,Unknown,Unknown,Clear,Rear End,Non-Related,Other Vehicle,Not Applicable,Not Applicable,West Of,,False,False,4707,ALMADEN EX,CROWN BL,37.21993877,-121.8600295
8925,696567,CR-0000099764,0,0,0,0,23-276-9702,False,True,0,9/24/2023 11:15:00 AM,No Pedestrians Involved,Dry,No Unusual Conditions,Daylight,Unknown,No Controls Present/Factor,Clear,Rear End,Intersection,Other Vehicle,Not Applicable,Not Applicable,At,,False,False,4608,ALMADEN EX,CALVARY WY,37.27707286,-121.8796242
8926,722294,CR-0000103588,0,0,0,0,24-087-4001,False,True,51,3/27/2024 1:35:00 PM,No Pedestrians Involved,Unknown,Unknown,Unknown,Unknown,Unknown,Unknown,Sideswipe,Non-Related,Other Vehicle,Not Applicable,Not Applicable,Unknown,,False,False,4608,ALMADEN EX,CALVARY WY,37.27707286,-121.8796242
8927,719582,CR-0000102738,0,0,0,0,24-005-4000,False,True,,1/1/2024 12:40:00 PM,No Pedestrians Involved,Unknown,Unknown,Unknown,Unknown,Unknown,Unknown,Other,Related,Parked Vehicle,Not Applicable,Not Applicable,Unknown,,False,False,50005,DELLWOOD WY,DENTWOOD DR,37.25074647,-121.8894928
8928,681923,CR-0000091417,1,0,0,0,22-049-0211,False,False,0,2/18/2022 8:38:00 AM,Crossing In Crosswalk - At Intersection,Dry,No Unusual Conditions,Daylight,Violation Driver 1,Controls Functioning,Clear,Vehicle/Pedestrian,Intersection,Pedestrian,South,North,At,ped,False,False,23825,BRANHAM LN,LIZZIE LN/SPEAK LN,37.26219059,-121.8796441
8929,690238,CR-0000096328,0,0,0,0,22-271-4003,False,True,51,9/28/2022 10:00:00 AM,No Pedestrians Involved,Unknown,Unknown,Daylight,Unknown,Unknown,Unknown,Rear End,Non-Related,Other Vehicle,Not Applicable,Not Applicable,Unknown,,False,False,4883,ALMADEN EX,SHADOW BROOK DR,37.21263106,-121.8496286
8930,688866,CR-0000094722,0,0,0,0,22-220-4004,False,True,0,8/8/2022 2:38:00 PM,No Pedestrians Involved,Unknown,Unknown,Daylight,Unknown,Unknown,Unknown,Rear End,Intersection,Other Vehicle,Not Applicable,Not Applicable,At,,False,False,41601,COLEMAN RD,SANTA TERESA BL,37.24226089,-121.8602675
8931,692408,CR-0000097691,1,0,0,0,23-080-0504,False,False,0,3/21/2023 2:06:00 PM,No Pedestrians Involved,Wet,No Unusual Conditions,Daylight,Violation Driver 1,Controls Functioning,Rain,Head On,Intersection,Other Vehicle,Not Applicable,Not Applicable,At,,False,False,41601,COLEMAN RD,SANTA TERESA BL,37.24226089,-121.8602675
8932,691263,CR-0000097508,1,0,0,0,23-056-0579,False,False,210,2/25/2023 4:40:00 PM,No Pedestrians Involved,Dry,No Unusual Conditions,Daylight,Violation Driver 1,No Controls Present/Factor,Clear,Sideswipe,Non-Related,Motorcycle,Not Applicable,Not Applicable,South Of,,True,False,41601,COLEMAN RD,SANTA TERESA BL,37.24226089,-121.8602675
8933,691074,CR-0000097247,0,0,1,0,23-060-0877,False,False,0,3/1/2023 10:20:00 PM,No Pedestrians Involved,Dry,No Unusual Conditions,Dark - Street Light,Violation Driver 1,Controls Functioning,Clear,Broadside,Intersection,Other Vehicle,Not Applicable,Not Applicable,At,,False,False,41601,COLEMAN RD,SANTA TERESA BL,37.24226089,-121.8602675
8934,696342,CR-0000099498,3,0,1,0,23-301-0587,False,False,0,10/28/2023 4:51:00 PM,No Pedestrians Involved,Dry,No Unusual Conditions,Daylight,Violation Driver 1,Controls Functioning,Clear,Head On,Intersection,Other Vehicle,Not Applicable,Not Applicable,At,,False,False,41601,COLEMAN RD,SANTA TERESA BL,37.24226089,-121.8602675
8935,721957,CR-0000103211,0,0,0,0,24-033-4000,False,True,51,2/1/2024 9:20:00 PM,No Pedestrians Involved,Unknown,Unknown,Unknown,Unknown,Unknown,Unknown,Sideswipe,Non-Related,Other Vehicle,Not Applicable,Not Applicable,West Of,,False,False,41601,COLEMAN RD,SANTA TERESA BL,37.24226089,-121.8602675
8936,715895,CR-0000101762,1,0,0,0,23-006-9708,False,True,,1/4/2023 5:48:00 PM,No Pedestrians Involved,Wet,No Unusual Conditions,Dark - Street Light,Unknown,Controls Functioning,Rain,Rear End,Related,Other Vehicle,Not Applicable,Not Applicable,South Of,,False,False,41601,COLEMAN RD,SANTA TERESA BL,37.24226089,-121.8602675
8937,722408,CR-0000103702,0,0,0,0,24-100-9703,False,True,0,4/8/2024 3:39:00 PM,No Pedestrians Involved,Dry,No Unusual Conditions,Daylight,Unknown,Controls Functioning,Clear,Sideswipe,Intersection,Other Vehicle,Not Applicable,Not Applicable,At,,False,False,41601,COLEMAN RD,SANTA TERESA BL,37.24226089,-121.8602675
8938,687432,CR-0000094211,1,1,0,0,22-251-0607,False,False,0,9/8/2022 3:35:00 PM,No Pedestrians Involved,Dry,No Unusual Conditions,Daylight,Violation Driver 1,Controls Functioning,Clear,Broadside,Intersection,Motor Vehicle On Other Roadway,Not Applicable,Not Applicable,At,,False,False,4872,ALMADEN EX,SAN JOSE AV,37.30741789,-121.8778111
8939,681663,CR-0000091060,0,0,0,0,22-032-0670,False,False,0,1/31/2022 6:41:00 PM,No Pedestrians Involved,Dry,No Unusual Conditions,Dark - Street Light,Violation Driver 1,Controls Functioning,Clear,Rear End,Intersection,Other Vehicle,Not Applicable,Not Applicable,At,,False,True,4872,ALMADEN EX,SAN JOSE AV,37.30741789,-121.8778111
8940,682455,CR-0000092020,0,0,0,0,22-111-0480,True,False,22,4/21/2022 2:12:00 PM,No Pedestrians Involved,Dry,No Unusual Conditions,Daylight,Violation Driver 1,Controls Functioning,Clear,Hit Object,Related,Fixed Object,Not Applicable,Not Applicable,East Of,TRAFFIC SIGNAL,False,True,4872,ALMADEN EX,SAN JOSE AV,37.30741789,-121.8778111
8941,682462,CR-0000092027,1,0,0,0,22-118-0534,False,False,0,4/28/2022 2:15:00 PM,No Pedestrians Involved,Dry,No Unusual Conditions,Daylight,Violation Driver 1,Controls Functioning,Clear,Broadside,Intersection,Other Vehicle,Not Applicable,Not Applicable,At,,False,False,4872,ALMADEN EX,SAN JOSE AV,37.30741789,-121.8778111
8942,698939,CR-0000100241,1,1,0,0,23-309-0366,False,False,0,11/5/2023 10:40:00 AM,No Pedestrians Involved,Dry,No Unusual Conditions,Daylight,Violation Driver 1,Controls Functioning,Clear,Broadside,Intersection,Other Vehicle,Not Applicable,Not Applicable,At,,False,False,4872,ALMADEN EX,SAN JOSE AV,37.30741789,-121.8778111
8943,691023,CR-0000097196,1,0,0,0,23-037-0297,False,False,0,2/6/2023 10:10:00 AM,No Pedestrians Involved,Dry,No Unusual Conditions,Daylight,Violation Driver 1,Controls Functioning,Clear,Broadside,Intersection,Other Vehicle,Not Applicable,Not Applicable,At,,False,False,4872,ALMADEN EX,SAN JOSE AV,37.30741789,-121.8778111
8944,711528,CR-0000100885,0,0,0,0,23-213-9713,False,True,51,8/1/2023 2:00:00 PM,No Pedestrians Involved,Dry,No Unusual Conditions,Daylight,Unknown,Controls Functioning,Clear,Rear End,Non-Related,Other Vehicle,Not Applicable,Not Applicable,South Of,,False,False,4872,ALMADEN EX,SAN JOSE AV,37.30741789,-121.8778111
8945,689777,CR-0000095802,1,0,0,0,22-121-9702,False,False,0,4/27/2022 7:20:00 AM,No Pedestrians Involved,Dry,No Unusual Conditions,Daylight,Unknown,Unknown,Clear,Broadside,Intersection,Other Vehicle,Not Applicable,Not Applicable,At,,False,False,5422,ALMADEN RD,MALONE RD,37.29767218,-121.8804128
8946,685187,CR-0000093865,0,0,0,0,22-241-0098,False,False,1013,8/29/2022 2:02:00 AM,No Pedestrians Involved,Dry,No Unusual Conditions,Dark - Street Light,Violation Driver 1,No Controls Present/Factor,Clear,Rear End,Non-Related,Parked Vehicle,Not Applicable,Not Applicable,North Of,,False,True,5422,ALMADEN RD,MALONE RD,37.29767218,-121.8804128
8947,690039,CR-0000096110,1,0,0,0,22-196-9702,False,True,0,7/10/2022 3:15:00 PM,No Pedestrians Involved,Dry,No Unusual Conditions,Daylight,Unknown,Controls Functioning,Clear,Rear End,Intersection,Other Vehicle,Not Applicable,Not Applicable,At,,False,False,5422,ALMADEN RD,MALONE RD,37.29767218,-121.8804128
8948,716385,CR-0000102384,0,1,0,0,24-039-0901,True,False,51,2/8/2024 8:16:00 PM,No Pedestrians Involved,Dry,No Unusual Conditions,Dark - Street Light,Violation Driver 1,Controls Functioning,Clear,Hit Object,Non-Related,Fixed Object,Not Applicable,Not Applicable,South Of,FENCE,False,False,5422,ALMADEN RD,MALONE RD,37.29767218,-121.8804128
8949,681796,CR-0000091197,0,0,0,0,22-076-0933,False,False,165,3/17/2022 8:13:00 PM,No Pedestrians Involved,Dry,No Unusual Conditions,Dark - Street Light,Violation Driver 1,No Controls Present/Factor,Clear,Sideswipe,Non-Related,Parked Vehicle,Not Applicable,Not Applicable,East Of,,True,False,99758,PEBBLE BEACH DR,RINCONADA DR,37.28940153,-121.8787261
8950,690515,CR-0000096626,0,0,0,1,23-158-0035,False,False,51,6/7/2023 12:56:00 AM,In Road - Includes Shoulder,Dry,No Unusual Conditions,Dark - Street Light,Unknown,No Controls Present/Factor,Clear,Vehicle/Pedestrian,Non-Related,Pedestrian,No Direction (Not Walking),No Direction (Not Walking),North Of,(PED) Crash occurred in private parking lot,False,False,99758,PEBBLE BEACH DR,RINCONADA DR,37.28940153,-121.8787261
8951,691329,CR-0000097576,0,0,0,0,23-063-4001,False,True,,3/3/2023 6:15:00 PM,No Pedestrians Involved,Unknown,Unknown,Unknown,Unknown,Unknown,Unknown,Sideswipe,Related,Parked Vehicle,Not Applicable,Not Applicable,South Of,,False,False,19470,BLEWETT AV,WILLOW ST,37.30894725,-121.9000082
8952,722066,CR-0000103321,0,0,0,0,24-062-4006,False,True,51,3/2/2024 12:56:00 PM,No Pedestrians Involved,Unknown,Unknown,Unknown,Unknown,Unknown,Unknown,Sideswipe,Non-Related,Other Vehicle,Not Applicable,Not Applicable,East Of,,False,False,19470,BLEWETT AV,WILLOW ST,37.30894725,-121.9000082
8953,681467,CR-0000090857,0,0,0,0,22-032-0679,False,False,54,2/1/2022 3:29:00 PM,No Pedestrians Involved,Dry,No Unusual Conditions,Daylight,Violation Driver 1,Controls Functioning,Clear,Rear End,Non-Related,Other Vehicle,Not Applicable,Not Applicable,South Of,,False,False,84127,LINCOLN AV,WILLOW ST,37.30846839,-121.9010776
8954,681429,CR-0000090819,0,0,0,0,22-026-4001,False,False,51,1/26/2022 9:30:00 AM,No Pedestrians Involved,Unknown,Unknown,Daylight,Unknown,Unknown,Unknown,Other,Non-Related,Other Vehicle,Not Applicable,Not Applicable,South Of,,False,False,84127,LINCOLN AV,WILLOW ST,37.30846839,-121.9010776
8955,689220,CR-0000095161,0,0,0,0,22-286-0860,True,False,76,10/13/2022 7:34:00 PM,No Pedestrians Involved,Dry,No Unusual Conditions,Dusk - Dawn,Violation Driver 1,No Controls Present/Factor,Clear,Rear End,Non-Related,Parked Vehicle,Not Applicable,Not Applicable,South Of,FIRE TRUCK,False,False,84127,LINCOLN AV,WILLOW ST,37.30846839,-121.9010776
8956,690263,CR-0000096354,0,0,0,0,22-267-9707,False,True,0,9/11/2022 1:00:00 PM,No Pedestrians Involved,Dry,No Unusual Conditions,Daylight,Unknown,No Controls Present/Factor,Clear,Sideswipe,Intersection,Other Vehicle,Not Applicable,Not Applicable,At,,False,False,84127,LINCOLN AV,WILLOW ST,37.30846839,-121.9010776
8957,690408,CR-0000096506,0,0,0,0,22-339-0081,True,False,286,12/5/2022 2:17:00 AM,No Pedestrians Involved,Dry,No Unusual Conditions,Dark - Street Light,Violation Driver 1,Controls Functioning,Clear,Hit Object,Non-Related,Fixed Object,Not Applicable,Not Applicable,South Of,pedestrian crosswalk signal pole,False,False,84127,LINCOLN AV,WILLOW ST,37.30846839,-121.9010776
8958,697632,CR-0000099850,0,1,0,0,23-292-0778,False,False,51,10/19/2023 7:08:00 PM,No Pedestrians Involved,Dry,No Unusual Conditions,Daylight,Unknown,Controls Functioning,Clear,Vehicle/Bike,Non-Related,Bike,Not Applicable,Not Applicable,Unknown,BIKE,False,False,84127,LINCOLN AV,WILLOW ST,37.30846839,-121.9010776
8959,696250,CR-0000099397,1,0,0,0,23-188-0381,False,False,158,7/7/2023 9:15:00 AM,No Pedestrians Involved,Dry,No Unusual Conditions,Daylight,Bike At Fault,Controls Functioning,Clear,Vehicle/Bike,Non-Related,Bike,Not Applicable,Not Applicable,South Of,BIKE,False,False,84127,LINCOLN AV,WILLOW ST,37.30846839,-121.9010776
8960,694773,CR-0000098810,1,0,0,0,23-220-0511,False,False,100,8/8/2023 1:35:00 PM,No Pedestrians Involved,Dry,No Unusual Conditions,Daylight,Violation Driver 1,Controls Functioning,Clear,Broadside,Non-Related,Other Vehicle,Not Applicable,Not Applicable,South Of,,False,False,84127,LINCOLN AV,WILLOW ST,37.30846839,-121.9010776
8961,716329,CR-0000102275,1,0,0,0,24-057-0686,False,False,0,2/26/2024 4:46:00 PM,Crossing In Crosswalk - At Intersection,Dry,No Unusual Conditions,Daylight,Violation Driver 1,Controls Functioning,Cloudy,Vehicle/Pedestrian,Intersection,Pedestrian,North,South,At,PED,False,False,84127,LINCOLN AV,WILLOW ST,37.30846839,-121.9010776
8962,711658,CR-0000101540,0,0,0,0,23-343-0433,False,False,255,12/9/2023 12:40:00 PM,No Pedestrians Involved,Dry,No Unusual Conditions,Daylight,Violation Driver 1,Controls Functioning,Clear,Rear End,Non-Related,Other Vehicle,Not Applicable,Not Applicable,South Of,,True,True,84127,LINCOLN AV,WILLOW ST,37.30846839,-121.9010776
8963,711683,CR-0000101131,0,0,0,0,23-312-4006,False,True,51,10/25/2023 7:50:00 PM,No Pedestrians Involved,Unknown,Unknown,Unknown,Unknown,Unknown,Unknown,Rear End,Non-Related,Other Vehicle,Not Applicable,Not Applicable,South Of,,False,False,84127,LINCOLN AV,WILLOW ST,37.30846839,-121.9010776
8964,712229,CR-0000101672,0,0,0,0,23-331-0778,False,False,18,11/27/2023 4:56:00 PM,No Pedestrians Involved,Dry,No Unusual Conditions,Dusk - Dawn,Violation Driver 1,Controls Functioning,Clear,Head On,Related,Other Vehicle,Not Applicable,Not Applicable,South Of,,False,True,84127,LINCOLN AV,WILLOW ST,37.30846839,-121.9010776
8965,698957,CR-0000100259,1,0,0,0,23-306-0222,False,False,171,11/2/2023 9:05:00 AM,No Pedestrians Involved,Dry,No Unusual Conditions,Daylight,Violation Driver 1,No Controls Present/Factor,Clear,Rear End,Non-Related,Parked Vehicle,Not Applicable,Not Applicable,East Of,,False,False,45462,CRESCENT DR,WILLOW ST,37.30785871,-121.9024007
8966,685293,CR-0000093973,0,1,0,0,22-263-0072,False,False,42,9/20/2022 2:11:00 AM,No Pedestrians Involved,Dry,No Unusual Conditions,Dark - Street Light,Violation Driver 1,No Controls Present/Factor,Clear,Rear End,Related,Parked Vehicle,Not Applicable,Not Applicable,West Of,,False,False,45473,CRESCENT DR,WILLOW ST,37.30720253,-121.9038475
8967,683424,CR-0000093020,0,0,0,0,22-164-9706,False,True,150,6/7/2022 11:25:00 AM,No Pedestrians Involved,Dry,No Unusual Conditions,Daylight,Unknown,No Controls Present/Factor,Clear,Sideswipe,Non-Related,Parked Vehicle,Not Applicable,Not Applicable,North Of,,False,True,45473,CRESCENT DR,WILLOW ST,37.30720253,-121.9038475
8968,694254,CR-0000098186,1,0,0,0,23-139-0780,False,False,130,5/19/2023 6:00:00 PM,No Pedestrians Involved,Dry,No Unusual Conditions,Daylight,Violation Driver 1,No Controls Present/Factor,Clear,Rear End,Non-Related,Other Vehicle,Not Applicable,Not Applicable,West Of,,True,False,45473,CRESCENT DR,WILLOW ST,37.30720253,-121.9038475
8969,694195,CR-0000097909,1,0,0,0,23-115-0161,False,False,0,4/25/2023 8:08:00 AM,No Pedestrians Involved,Dry,No Unusual Conditions,Daylight,Violation Driver 1,Controls Functioning,Clear,Vehicle/Bike,Intersection,Bike,Not Applicable,Not Applicable,At,,True,False,71191,HEARTHSTONE WY,LUCRETIA AV,37.32467542,-121.852123
8970,690149,CR-0000096237,0,0,0,0,22-352-0018,False,False,50,12/18/2022 12:46:00 AM,No Pedestrians Involved,Dry,No Unusual Conditions,Dark - Street Light,Violation Driver 1,No Controls Present/Factor,Clear,Sideswipe,Related,Parked Vehicle,Not Applicable,Not Applicable,South Of,,True,True,71191,HEARTHSTONE WY,LUCRETIA AV,37.32467542,-121.852123
8971,694715,CR-0000098768,0,0,1,0,23-230-0725,False,False,0,8/18/2023 6:16:00 PM,No Pedestrians Involved,Dry,No Unusual Conditions,Daylight,Violation Driver 1,Unknown,Clear,Vehicle/Bike,Intersection,Bike,Not Applicable,Not Applicable,At,BIKE,False,False,71191,HEARTHSTONE WY,LUCRETIA AV,37.32467542,-121.852123
8972,722442,CR-0000103757,0,0,0,0,24-101-0904,True,False,140,4/10/2024 11:57:00 PM,No Pedestrians Involved,Dry,Unknown,Dark - Street Light,Violation Driver 1,Unknown,Clear,Hit Object,Non-Related,Fixed Object,Not Applicable,Not Applicable,South Of,SIGN,True,False,71191,HEARTHSTONE WY,LUCRETIA AV,37.32467542,-121.852123
8973,689020,CR-0000094880,0,0,0,0,22-285-9701,False,True,51,10/11/2022 3:15:00 PM,No Pedestrians Involved,Dry,No Unusual Conditions,Daylight,Unknown,No Controls Present/Factor,Clear,Sideswipe,Non-Related,Other Vehicle,Not Applicable,Not Applicable,South Of,,False,True,16642,BENNETT WY,GLEN UNA AV,37.29581455,-121.888058
8974,711696,CR-0000101571,0,0,0,0,23-357-4001,False,True,,12/23/2023 2:00:00 AM,No Pedestrians Involved,Unknown,Unknown,Unknown,Unknown,Unknown,Unknown,Other,Related,Parked Vehicle,Not Applicable,Not Applicable,East Of,,False,False,61588,FLINTWELL WY,SAGEWELL WY,37.24893468,-121.787764