_id,CrashFactId,Name,MinorInjuries,ModerateInjuries,SevereInjuries,FatalInjuries,TcrNumber,CityDamageFlag,ShortFormFlag,Distance,CrashDateTime,PedestrianAction,RoadwaySurface,RoadwayCondition,Lighting,PrimaryCollisionFactor,TrafficControl,Weather,CollisionType,ProximityToIntersection,VehicleInvolvedWith,PedestrianDirectionFrom,PedestrianDirectionTo,DirectionFromIntersection,Comment,SpeedingFlag,HitAndRunFlag,IntersectionNumber,AStreetName,BStreetName,Latitude,Longitude
8975,684834,CR-0000093367,0,1,0,1,22-250-0581,False,False,0,9/7/2022 1:58:00 PM,No Pedestrians Involved,Dry,No Unusual Conditions,Daylight,Unknown,Controls Functioning,Clear,Broadside,Intersection,Motorcycle,Not Applicable,Not Applicable,At,Dirt Bike,False,False,82719,LEAN AV,SANTA TERESA BL,37.2369757,-121.8168562
8976,685091,CR-0000093763,0,1,0,0,22-221-0718,False,False,0,8/9/2022 5:01:00 PM,No Pedestrians Involved,Dry,No Unusual Conditions,Daylight,Violation Driver 1,Controls Functioning,Clear,Broadside,Intersection,Other Vehicle,Not Applicable,Not Applicable,At,,False,False,82719,LEAN AV,SANTA TERESA BL,37.2369757,-121.8168562
8977,683060,CR-0000092656,1,0,1,0,22-150-0704,False,False,0,5/30/2022 5:20:00 PM,No Pedestrians Involved,Dry,No Unusual Conditions,Daylight,Violation Driver 1,Controls Functioning,Clear,Broadside,Intersection,Other Vehicle,Not Applicable,Not Applicable,At,,False,False,82719,LEAN AV,SANTA TERESA BL,37.2369757,-121.8168562
8978,682588,CR-0000092155,0,1,0,0,22-147-0995,False,False,0,5/27/2022 9:33:00 PM,No Pedestrians Involved,Dry,No Unusual Conditions,Dark - Street Light,Violation Driver 1,Controls Functioning,Clear,Vehicle/Bike,Intersection,Bike,Not Applicable,Not Applicable,At,BIKE,False,False,82719,LEAN AV,SANTA TERESA BL,37.2369757,-121.8168562
8979,699419,CR-0000100751,1,0,0,0,23-305-0584,False,False,21,11/1/2023 2:57:00 PM,Crossing In Crosswalk - At Intersection,Dry,No Unusual Conditions,Daylight,Violation Driver 1,Unknown,Clear,Vehicle/Pedestrian,Related,Pedestrian,North,South,West Of,PEDESTRIAN,False,False,82719,LEAN AV,SANTA TERESA BL,37.2369757,-121.8168562
8980,682506,CR-0000092073,0,0,0,0,22-093-0607,False,False,0,4/3/2022 4:37:00 PM,No Pedestrians Involved,Dry,No Unusual Conditions,Daylight,Violation Driver 1,No Controls Present/Factor,Clear,Broadside,Intersection,Other Vehicle,Not Applicable,Not Applicable,At,,False,False,101782,POTRERO DR,QUINTO WY,37.27256737,-121.9172795
8981,694213,CR-0000098114,0,0,1,0,23-123-0080,True,False,50,5/3/2023 4:22:00 AM,No Pedestrians Involved,Wet,No Unusual Conditions,Dark - Street Light,Violation Driver 1,No Controls Present/Factor,Rain,Hit Object,Related,Fixed Object,Not Applicable,Not Applicable,East Of,TREE,False,False,3057,ALBERTA AV,PINE AV,37.29913015,-121.8918273
8982,692382,CR-0000097665,0,0,1,0,23-076-0508,True,False,0,3/17/2023 2:19:00 PM,No Pedestrians Involved,Dry,No Unusual Conditions,Daylight,Unknown,No Controls Present/Factor,Clear,Hit Object,Intersection,Fixed Object,Not Applicable,Not Applicable,At,CURB,False,False,56132,ELLIS AV,LINCOLN AV,37.29958413,-121.8937014
8983,689898,CR-0000095926,0,0,0,0,22-356-0029,False,False,54,12/22/2022 12:45:00 AM,No Pedestrians Involved,Dry,No Unusual Conditions,Dark - Street Light,Violation Driver 1,No Controls Present/Factor,Clear,Rear End,Non-Related,Parked Vehicle,Not Applicable,Not Applicable,South Of,,False,True,56132,ELLIS AV,LINCOLN AV,37.29958413,-121.8937014
8984,685276,CR-0000093956,2,0,0,0,22-250-0455,False,False,0,9/7/2022 12:02:00 PM,No Pedestrians Involved,Dry,No Unusual Conditions,Daylight,Violation Driver 1,Controls Functioning,Clear,Broadside,Intersection,Other Vehicle,Not Applicable,Not Applicable,At,,False,False,116346,BERNAL OVERPASS RD,MONTEREY RAMP RD,37.24002053,-121.7723041
8985,681511,CR-0000090902,1,0,0,0,22-029-0364,True,False,110,1/29/2022 11:48:00 AM,No Pedestrians Involved,Dry,No Unusual Conditions,Daylight,Violation Driver 1,No Controls Present/Factor,Clear,Head On,Non-Related,Fixed Object,Not Applicable,Not Applicable,North Of,Tree,True,False,124222,OLD YERBA BUENA RD,YERBA BUENA RD,37.30051355,-121.7551844
8986,681321,CR-0000090708,1,0,0,0,21-029-0364,True,False,710,1/29/2022 11:48:00 AM,No Pedestrians Involved,Dry,No Unusual Conditions,Daylight,Violation Driver 1,No Controls Present/Factor,Clear,Head On,Non-Related,Fixed Object,Not Applicable,Not Applicable,North Of,Tree,True,False,124222,OLD YERBA BUENA RD,YERBA BUENA RD,37.30051355,-121.7551844
8987,690683,CR-0000096818,1,0,0,0,23-020-0099,True,False,231,1/20/2023 3:44:00 AM,No Pedestrians Involved,Dry,No Unusual Conditions,Dark - Street Light,Violation Driver 1,No Controls Present/Factor,Clear,Hit Object,Non-Related,Fixed Object,Not Applicable,Not Applicable,South Of,TREE,True,False,124222,OLD YERBA BUENA RD,YERBA BUENA RD,37.30051355,-121.7551844
8988,695927,CR-0000099056,0,0,0,0,23-252-4002,False,True,0,8/12/2023 5:15:00 PM,No Pedestrians Involved,Unknown,Unknown,Unknown,Unknown,Unknown,Unknown,Rear End,Intersection,Unknown,Not Applicable,Not Applicable,At,,False,False,131560,MONTEREY CI,MONTEREY RD,37.23683224,-121.7710601
8989,699365,CR-0000100692,0,0,0,0,23-214-4007,False,True,51,7/21/2023 5:30:00 PM,No Pedestrians Involved,Unknown,Unknown,Unknown,Unknown,Unknown,Unknown,Other,Non-Related,Other Vehicle,Not Applicable,Not Applicable,Unknown,POLE fell on car,False,False,131560,MONTEREY CI,MONTEREY RD,37.23683224,-121.7710601
8990,690615,CR-0000096736,1,0,0,0,23-027-0182,False,False,522,1/27/2023 7:53:00 AM,No Pedestrians Involved,Dry,No Unusual Conditions,Daylight,Violation Driver 1,No Controls Present/Factor,Clear,Broadside,Non-Related,Other Vehicle,Not Applicable,Not Applicable,South Of,,False,False,136982,LARISA OAKS PL,MONTEREY RD,37.23570128,-121.7691786
8991,722493,CR-0000103802,1,0,0,0,24-108-0104,False,False,138,4/17/2024 5:38:00 AM,No Pedestrians Involved,Dry,Obstruction On Roadway,Dusk - Dawn,Violation Driver 1,No Controls Present/Factor,Cloudy,Hit Object,Non-Related,Fixed Object,Not Applicable,Not Applicable,South Of,,False,False,136982,LARISA OAKS PL,MONTEREY RD,37.23570128,-121.7691786
8992,682649,CR-0000092225,0,0,0,0,22-134-0231,False,False,0,5/14/2022 8:40:00 AM,No Pedestrians Involved,Dry,No Unusual Conditions,Daylight,Violation Driver 1,Controls Functioning,Clear,Hit Object,Intersection,Fixed Object,Not Applicable,Not Applicable,At,TRAFFIC SIGNAL,False,True,116335,BERNAL RD,MONTEREY RD,37.23783215,-121.7727367
8993,690367,CR-0000096463,0,0,0,0,22-314-4000,False,True,0,10/10/2022 11:55:00 AM,No Pedestrians Involved,Unknown,Unknown,Unknown,Unknown,Unknown,Unknown,Rear End,Intersection,Unknown,Not Applicable,Not Applicable,At,,False,False,116335,BERNAL RD,MONTEREY RD,37.23783215,-121.7727367
8994,692563,CR-0000097854,1,0,0,0,23-097-0677,False,False,56,4/7/2023 5:54:00 PM,No Pedestrians Involved,Dry,No Unusual Conditions,Daylight,Violation Driver 1,Unknown,Clear,Hit Object,Non-Related,Fixed Object,Not Applicable,Not Applicable,East Of,"Light pole, gate",False,False,116335,BERNAL RD,MONTEREY RD,37.23783215,-121.7727367
8995,719804,CR-0000102977,0,0,0,0,24-035-0962,False,False,98,2/4/2024 6:19:00 PM,No Pedestrians Involved,Wet,No Unusual Conditions,Dark - Street Light,Violation Driver 1,No Controls Present/Factor,Rain,Sideswipe,Non-Related,Other Vehicle,Not Applicable,Not Applicable,North Of,,False,False,116335,BERNAL RD,MONTEREY RD,37.23783215,-121.7727367
8996,689405,CR-0000095364,1,0,0,0,22-325-0719,False,False,0,11/21/2022 4:00:00 PM,No Pedestrians Involved,Dry,No Unusual Conditions,Daylight,Unknown,Unknown,Clear,Vehicle/Bike,Intersection,Bike,Not Applicable,Not Applicable,At,BIKE,False,True,88505,MARTINVALE LN,VIA DEL ORO,37.23130733,-121.7770647
8997,716362,CR-0000102347,1,0,0,0,24-052-0350,False,False,0,2/21/2024 11:28:00 AM,No Pedestrians Involved,Dry,No Unusual Conditions,Daylight,Violation Driver 1,Controls Functioning,Clear,Broadside,Intersection,Other Vehicle,Not Applicable,Not Applicable,At,,False,False,88505,MARTINVALE LN,VIA DEL ORO,37.23130733,-121.7770647
8998,683350,CR-0000092938,0,0,0,0,22-176-0178,True,False,70,6/25/2022 3:41:00 AM,No Pedestrians Involved,Dry,No Unusual Conditions,Dark - Street Light,Violation Driver 1,Controls Not Functioning,Clear,Hit Object,Non-Related,Fixed Object,Not Applicable,Not Applicable,East Of,Tree,True,True,82609,LAZY RIVER WY,TRINIDAD DR,37.21479333,-121.8588402
8999,690918,CR-0000097082,2,0,0,0,23-038-0560,False,False,0,2/7/2023 3:15:00 PM,No Pedestrians Involved,Dry,No Unusual Conditions,Daylight,Violation Driver 1,No Controls Present/Factor,Clear,Broadside,Intersection,Other Vehicle,Not Applicable,Not Applicable,At,,False,False,56517,ELWOOD RD,TRINIDAD DR,37.2147072,-121.8580019
9000,683082,CR-0000092625,0,0,0,0,22-167-0002,True,False,0,6/16/2022 12:02:00 AM,No Pedestrians Involved,Dry,No Unusual Conditions,Dark - Street Light,Violation Driver 1,Controls Functioning,Clear,Hit Object,Intersection,Fixed Object,Not Applicable,Not Applicable,South Of,LIGHT POLE,False,True,4730,ALMADEN EX,FOXWORTHY AV,37.27800555,-121.8800391
9001,685088,CR-0000093759,0,0,1,0,22-221-1080,True,False,0,8/9/2022 11:21:00 PM,No Pedestrians Involved,Dry,Unknown,Dark - Street Light,Unknown,Controls Functioning,Clear,Broadside,Intersection,Other Vehicle,Not Applicable,Not Applicable,At,TRAFFIC LIGHT,False,False,4730,ALMADEN EX,FOXWORTHY AV,37.27800555,-121.8800391
9002,689233,CR-0000095189,0,0,0,0,22-298-0469,False,True,0,10/25/2022 1:06:00 PM,No Pedestrians Involved,Dry,Other,Daylight,Unknown,Unknown,Other,Other,Intersection,Other Vehicle,Not Applicable,Not Applicable,At,,False,False,4730,ALMADEN EX,FOXWORTHY AV,37.27800555,-121.8800391
9003,683438,CR-0000093035,1,0,0,0,22-078-0803,False,False,72,3/19/2022 9:43:00 PM,No Pedestrians Involved,Wet,No Unusual Conditions,Dark - Street Light,Violation Driver 1,Controls Functioning,Clear,Sideswipe,Non-Related,Other Vehicle,Not Applicable,Not Applicable,South Of,,True,False,4730,ALMADEN EX,FOXWORTHY AV,37.27800555,-121.8800391
9004,690093,CR-0000096167,0,0,0,0,22-094-4000,False,True,0,4/1/2022 1:05:00 AM,No Pedestrians Involved,Unknown,Unknown,Unknown,Unknown,Unknown,Unknown,Broadside,Intersection,Other Vehicle,Not Applicable,Not Applicable,At,,False,False,4730,ALMADEN EX,FOXWORTHY AV,37.27800555,-121.8800391
9005,681634,CR-0000091031,0,0,0,1,22-041-0964,False,False,0,2/10/2022 8:26:00 PM,No Pedestrians Involved,Dry,No Unusual Conditions,Dark - Street Light,Unknown,Controls Functioning,Clear,Vehicle/Bike,Intersection,Bike,Not Applicable,Not Applicable,At,BIKE,False,False,4730,ALMADEN EX,FOXWORTHY AV,37.27800555,-121.8800391
9006,679942,CR-0000089170,0,1,1,2,22-018-0880,False,False,100,1/18/2022 9:24:00 PM,Crossing - Not In Crosswalk,Dry,No Unusual Conditions,Dark - Street Light,Unknown,Controls Functioning,Clear,Vehicle/Pedestrian,Non-Related,Pedestrian,West,East,South Of,Two of the three peds crossing outside the crosswalk were deceased.,False,False,4730,ALMADEN EX,FOXWORTHY AV,37.27800555,-121.8800391
9007,681933,CR-0000091438,0,0,0,0,22-089-0141,False,False,0,3/30/2022 7:56:00 AM,No Pedestrians Involved,Dry,No Unusual Conditions,Daylight,Violation Driver 1,Controls Functioning,Clear,Rear End,Intersection,Other Vehicle,Not Applicable,Not Applicable,At,,True,False,4730,ALMADEN EX,FOXWORTHY AV,37.27800555,-121.8800391
9008,690882,CR-0000097026,0,0,0,0,23-015-9703,False,True,0,1/15/2023 1:58:00 AM,No Pedestrians Involved,Dry,Unknown,Daylight,Unknown,Controls Functioning,Cloudy,Sideswipe,Intersection,Other Vehicle,Not Applicable,Not Applicable,At,,False,False,4730,ALMADEN EX,FOXWORTHY AV,37.27800555,-121.8800391
9009,694142,CR-0000097978,0,0,0,0,23-064-0155,False,False,0,3/5/2023 4:20:00 AM,No Pedestrians Involved,Dry,No Unusual Conditions,Dark - Street Light,Violation Driver 1,Controls Functioning,Rain,Broadside,Intersection,Parked Vehicle,Not Applicable,Not Applicable,At,,False,False,4730,ALMADEN EX,FOXWORTHY AV,37.27800555,-121.8800391
9010,689727,CR-0000095739,0,0,0,0,22-356-0265,False,False,100,12/22/2022 9:29:00 AM,No Pedestrians Involved,Dry,No Unusual Conditions,Daylight,Violation Driver 1,Controls Functioning,Clear,Head On,Non-Related,Parked Vehicle,Not Applicable,Not Applicable,West Of,,False,True,4730,ALMADEN EX,FOXWORTHY AV,37.27800555,-121.8800391
9011,699152,CR-0000100471,0,0,0,0,23-160-0378,False,False,,6/9/2023 12:41:00 PM,No Pedestrians Involved,Dry,No Unusual Conditions,Daylight,Violation Driver 1,No Controls Present/Factor,Clear,Vehicle/Bike,Related,Bike,Not Applicable,Not Applicable,West Of,BIKE,False,True,4730,ALMADEN EX,FOXWORTHY AV,37.27800555,-121.8800391
9012,696485,CR-0000099663,0,1,0,0,23-305-0175,False,False,36,11/1/2023 7:02:00 AM,Other,Dry,No Unusual Conditions,Daylight,Pedestrian At Fault,Controls Functioning,Clear,Vehicle/Pedestrian,Related,Pedestrian,East,West,South Of,PEDESTRIAN,False,False,4730,ALMADEN EX,FOXWORTHY AV,37.27800555,-121.8800391
9013,696364,CR-0000099521,0,0,0,0,23-138-0334,False,True,0,5/18/2023 12:00:00 AM,No Pedestrians Involved,Dry,No Unusual Conditions,Daylight,Unknown,Controls Functioning,Clear,Head On,Intersection,Other Vehicle,Not Applicable,Not Applicable,At,,False,False,4730,ALMADEN EX,FOXWORTHY AV,37.27800555,-121.8800391
9014,696447,CR-0000099624,0,0,0,0,23-110-0187,False,False,0,4/20/2023 7:55:00 AM,No Pedestrians Involved,Dry,No Unusual Conditions,Daylight,Violation Driver 1,Controls Functioning,Clear,Sideswipe,Intersection,Other Vehicle,Not Applicable,Not Applicable,At,,False,False,4730,ALMADEN EX,FOXWORTHY AV,37.27800555,-121.8800391
9015,694803,CR-0000098841,3,0,0,0,23-216-0855,False,False,50,8/4/2023 10:20:00 PM,No Pedestrians Involved,Dry,No Unusual Conditions,Dark - Street Light,Violation Driver 1,Controls Functioning,Clear,Rear End,Related,Other Vehicle,Not Applicable,Not Applicable,South Of,,True,False,4730,ALMADEN EX,FOXWORTHY AV,37.27800555,-121.8800391
9016,711856,CR-0000101348,0,0,0,0,23-251-0507,False,False,85,9/8/2023 1:55:00 PM,No Pedestrians Involved,Dry,No Unusual Conditions,Daylight,Violation Driver 1,No Controls Present/Factor,Clear,Vehicle/Bike,Non-Related,Bike,Not Applicable,Not Applicable,East Of,BIKE,False,True,4730,ALMADEN EX,FOXWORTHY AV,37.27800555,-121.8800391
9017,683547,CR-0000093144,0,1,0,0,22-209-0049,True,False,150,7/28/2022 1:14:00 AM,No Pedestrians Involved,Dry,No Unusual Conditions,Dark - Street Light,Violation Driver 1,No Controls Present/Factor,Clear,Overturned,Non-Related,Fixed Object,Not Applicable,Not Applicable,South Of,"CURB, TREE",False,False,30183,CAMDEN AV,MONTEVAL CT,37.22507461,-121.9027462
9018,682852,CR-0000092410,0,1,0,0,22-144-0572,False,False,0,5/24/2022 2:25:00 PM,No Pedestrians Involved,Dry,No Unusual Conditions,Daylight,Violation Driver 1,No Controls Present/Factor,Clear,Broadside,Intersection,Other Vehicle,Not Applicable,Not Applicable,East Of,,False,False,47464,CURTNER AV,MARQUES AV,37.28467375,-121.9021951
9019,688735,CR-0000094561,0,0,0,0,22-234-4000,False,True,51,8/22/2022 8:20:00 PM,No Pedestrians Involved,Unknown,Unknown,Unknown,Unknown,Unknown,Unknown,Other,Non-Related,Parked Vehicle,Not Applicable,Not Applicable,West Of,,False,True,109548,SKYLARK DR,WREN DR,37.28570348,-121.8816831
9020,711900,CR-0000101351,0,0,0,0,23-248-0766,False,False,172,9/5/2023 4:45:00 PM,No Pedestrians Involved,Dry,No Unusual Conditions,Daylight,Violation Driver 1,No Controls Present/Factor,Clear,Sideswipe,Non-Related,Parked Vehicle,Not Applicable,Not Applicable,West Of,,False,False,109548,SKYLARK DR,WREN DR,37.28570348,-121.8816831
9021,685275,CR-0000093955,0,0,0,0,22-252-4001,False,True,51,9/6/2022 11:00:00 PM,No Pedestrians Involved,Unknown,Unknown,Unknown,Unknown,Unknown,Unknown,Other,Non-Related,Other Vehicle,Not Applicable,Not Applicable,West Of,,False,True,63667,FRANELA DR,YUCCA AV,37.26950593,-121.9075057
9022,687611,CR-0000094404,1,0,0,0,22-269-0328,False,False,,9/26/2022 10:25:00 AM,No Pedestrians Involved,Dry,No Unusual Conditions,Daylight,Violation Driver 1,Unknown,Clear,Vehicle/Bike,Non-Related,Bike,Not Applicable,Not Applicable,North Of,BIKE,False,False,87009,MAGLIOCCO DR,WINCHESTER BL,37.31312768,-121.9500809
9023,681573,CR-0000090970,0,0,0,0,22-042-0961,False,False,32,2/11/2022 9:48:00 PM,No Pedestrians Involved,Dry,No Unusual Conditions,Dark - Street Light,Violation Driver 1,Controls Functioning,Clear,Rear End,Related,Parked Vehicle,Not Applicable,Not Applicable,South Of,,False,False,87009,MAGLIOCCO DR,WINCHESTER BL,37.31312768,-121.9500809
9024,690321,CR-0000096415,0,0,0,0,22-230-9703,False,True,,8/17/2022 7:40:00 AM,No Pedestrians Involved,Dry,No Unusual Conditions,Daylight,Unknown,No Controls Present/Factor,Clear,Rear End,Related,Other Vehicle,Not Applicable,Not Applicable,North Of,,False,True,87009,MAGLIOCCO DR,WINCHESTER BL,37.31312768,-121.9500809
9025,711766,CR-0000101001,0,0,0,0,23-268-0084,False,False,457,9/25/2023 2:54:00 AM,No Pedestrians Involved,Dry,No Unusual Conditions,Dark - Street Light,Violation Driver 1,No Controls Present/Factor,Clear,Hit Object,Non-Related,Fixed Object,Not Applicable,Not Applicable,South Of,CURB,True,True,87009,MAGLIOCCO DR,WINCHESTER BL,37.31312768,-121.9500809
9026,682178,CR-0000091723,0,0,0,0,22-071-0388,False,False,0,3/12/2022 11:54:00 AM,No Pedestrians Involved,Dry,No Unusual Conditions,Daylight,Violation Driver 1,Controls Functioning,Clear,Other,Intersection,Non-Collision,Not Applicable,Not Applicable,At,,True,False,99538,PAYNE AV,WINCHESTER BL,37.30155534,-121.9499478
9027,688974,CR-0000094833,0,0,0,0,22-301-0556,False,False,0,10/28/2022 4:39:00 PM,No Pedestrians Involved,Dry,No Unusual Conditions,Daylight,Violation Driver 1,Controls Functioning,Clear,Rear End,Intersection,Other Vehicle,Not Applicable,Not Applicable,At,,False,True,99538,PAYNE AV,WINCHESTER BL,37.30155534,-121.9499478
9028,688927,CR-0000094779,1,0,0,0,22-282-0586,False,False,430,10/9/2022 4:16:00 PM,No Pedestrians Involved,Dry,No Unusual Conditions,Daylight,Bike At Fault,Controls Functioning,Clear,Vehicle/Bike,Non-Related,Bike,Not Applicable,Not Applicable,North Of,BIKE,False,False,99538,PAYNE AV,WINCHESTER BL,37.30155534,-121.9499478
9029,690725,CR-0000096862,2,0,0,0,23-014-0483,False,False,0,1/14/2023 2:55:00 PM,No Pedestrians Involved,Wet,No Unusual Conditions,Daylight,Violation Driver 1,Controls Functioning,Rain,Broadside,Intersection,Other Vehicle,Not Applicable,Not Applicable,At,,False,False,99538,PAYNE AV,WINCHESTER BL,37.30155534,-121.9499478
9030,694317,CR-0000098261,0,1,0,0,23-181-0665,False,False,393,6/30/2023 6:17:00 PM,No Pedestrians Involved,Dry,No Unusual Conditions,Daylight,Violation Driver 1,No Controls Present/Factor,Clear,Vehicle/Bike,Non-Related,Bike,Not Applicable,Not Applicable,West Of,BIKE,True,False,99538,PAYNE AV,WINCHESTER BL,37.30155534,-121.9499478
9031,691027,CR-0000097199,1,0,0,0,23-053-0592,False,False,46,2/22/2023 3:48:00 PM,No Pedestrians Involved,Dry,Other,Daylight,Violation Driver 1,No Controls Present/Factor,Clear,Vehicle/Bike,Related,Bike,Not Applicable,Not Applicable,West Of,BIKE,False,False,99538,PAYNE AV,WINCHESTER BL,37.30155534,-121.9499478
9032,694422,CR-0000098385,1,1,0,0,23-150-0116,False,False,64,5/30/2023 6:08:00 AM,No Pedestrians Involved,Dry,No Unusual Conditions,Daylight,Violation Driver 1,Controls Functioning,Clear,Rear End,Non-Related,Other Vehicle,Not Applicable,Not Applicable,South Of,,True,False,99538,PAYNE AV,WINCHESTER BL,37.30155534,-121.9499478
9033,699418,CR-0000100750,1,0,0,0,23-193-0361,False,False,255,7/12/2023 11:49:00 AM,No Pedestrians Involved,Dry,No Unusual Conditions,Daylight,Violation Driver 1,Controls Functioning,Clear,Sideswipe,Non-Related,Other Vehicle,Not Applicable,Not Applicable,West Of,,False,False,99538,PAYNE AV,WINCHESTER BL,37.30155534,-121.9499478
9034,716235,CR-0000102200,0,1,0,0,24-045-0587,False,False,338,2/14/2024 4:00:00 PM,No Pedestrians Involved,Wet,Unknown,Daylight,Violation Driver 1,Controls Functioning,Clear,Rear End,Non-Related,Other Vehicle,Not Applicable,Not Applicable,North Of,,True,False,99538,PAYNE AV,WINCHESTER BL,37.30155534,-121.9499478
9035,720930,CR-0000103165,0,0,0,0,24-047-0049,False,False,58,2/16/2024 2:02:00 AM,No Pedestrians Involved,Dry,No Unusual Conditions,Dark - Street Light,Unknown,Controls Functioning,Clear,Rear End,Non-Related,Parked Vehicle,Not Applicable,Not Applicable,North Of,,False,True,99538,PAYNE AV,WINCHESTER BL,37.30155534,-121.9499478
9036,685070,CR-0000093738,0,0,1,1,22-259-0211,False,False,0,9/16/2022 8:03:00 AM,Crossing In Crosswalk - At Intersection,Dry,No Unusual Conditions,Daylight,Violation Driver 1,No Controls Present/Factor,Clear,Vehicle/Pedestrian,Intersection,Pedestrian,South,North,At,PED,False,False,34792,CASTLEMONT AV,DRIFTWOOD DR,37.29845253,-121.9480688
9037,682871,CR-0000092455,0,0,0,0,22-181-4002,False,True,,6/28/2022 12:15:00 PM,No Pedestrians Involved,Unknown,Unknown,Daylight,Unknown,Unknown,Unknown,Rear End,Non-Related,Other Vehicle,Not Applicable,Not Applicable,Unknown,,False,True,34792,CASTLEMONT AV,DRIFTWOOD DR,37.29845253,-121.9480688
9038,697574,CR-0000099785,0,1,0,0,23-258-0824,False,False,45,9/15/2023 7:45:00 PM,No Pedestrians Involved,Dry,No Unusual Conditions,Dark - Street Light,Violation Driver 1,No Controls Present/Factor,Clear,Sideswipe,Related,Parked Vehicle,Not Applicable,Not Applicable,West Of,,True,False,34792,CASTLEMONT AV,DRIFTWOOD DR,37.29845253,-121.9480688
9039,712080,CR-0000100967,0,0,0,0,23-201-4003,False,True,51,7/20/2023 7:30:00 PM,No Pedestrians Involved,Unknown,Unknown,Unknown,Other Than Driver,Unknown,Unknown,Other,Non-Related,Parked Vehicle,Not Applicable,Not Applicable,North Of,Tree fell on car,False,False,34792,CASTLEMONT AV,DRIFTWOOD DR,37.29845253,-121.9480688
9040,685383,CR-0000094118,0,0,0,0,22-270-0429,False,False,0,9/27/2022 1:15:00 PM,No Pedestrians Involved,Dry,No Unusual Conditions,Daylight,Violation Driver 1,Controls Functioning,Clear,Broadside,Intersection,Other Vehicle,Not Applicable,Not Applicable,At,,False,True,113596,WILLIAMS RD,WINCHESTER BL,37.30904189,-121.9500544
9041,689068,CR-0000094922,0,1,0,0,22-280-0556,False,False,0,10/15/2022 4:11:00 PM,No Pedestrians Involved,Dry,No Unusual Conditions,Daylight,Violation Driver 1,Controls Functioning,Clear,Vehicle/Bike,Intersection,Bike,Not Applicable,Not Applicable,At,BICYCLIST,False,True,113596,WILLIAMS RD,WINCHESTER BL,37.30904189,-121.9500544
9042,712057,CR-0000100971,0,0,0,0,23-248-9709,False,True,0,9/4/2023 8:00:00 PM,No Pedestrians Involved,Dry,No Unusual Conditions,Dark - Street Light,Unknown,No Controls Present/Factor,Clear,Rear End,Intersection,Other Vehicle,Not Applicable,Not Applicable,At,,False,False,113596,WILLIAMS RD,WINCHESTER BL,37.30904189,-121.9500544
9043,696390,CR-0000099548,0,0,0,0,23-142-4004,False,True,51,5/22/2023 4:20:00 PM,No Pedestrians Involved,Unknown,Unknown,Unknown,Unknown,Unknown,Unknown,Head On,Non-Related,Other Vehicle,Not Applicable,Not Applicable,North Of,,False,False,40655,CLOVER AV,WILLIAMS RD,37.30935662,-121.9444512
9044,695980,CR-0000099115,0,0,0,0,23-260-4002,False,True,,8/16/2023 11:55:00 AM,No Pedestrians Involved,Unknown,Unknown,Unknown,Unknown,Unknown,Unknown,Rear End,Related,Other Vehicle,Not Applicable,Not Applicable,South Of,,False,False,4840,ALMADEN EX,PROSPER AV,37.26425992,-121.8772133
9045,698920,CR-0000100222,1,0,0,0,23-332-0201,True,False,19,11/28/2023 8:45:00 AM,No Pedestrians Involved,Dry,No Unusual Conditions,Daylight,Violation Driver 1,No Controls Present/Factor,Clear,Hit Object,Related,Fixed Object,Not Applicable,Not Applicable,North Of,TREE,True,False,126631,CHAMBERTIN (W) DR,TOURAINE DR/TREVISO DR,37.23797986,-121.8944458
9046,683281,CR-0000092834,1,0,0,0,22-193-0484,False,False,0,7/12/2022 2:01:00 PM,No Pedestrians Involved,Dry,No Unusual Conditions,Daylight,Violation Driver 1,No Controls Present/Factor,Clear,Broadside,Intersection,Other Vehicle,Not Applicable,Not Applicable,At,,False,False,6357,ALVIN AV,FLANIGAN DR,37.31779872,-121.8248467
9047,717410,CR-0000102423,0,1,0,0,23-329-0499,False,False,0,11/25/2023 3:09:00 PM,Crossing In Crosswalk - At Intersection,Dry,No Unusual Conditions,Daylight,Violation Driver 1,No Controls Present/Factor,Clear,Vehicle/Pedestrian,Intersection,Pedestrian,South,North,At,PED,False,False,6357,ALVIN AV,FLANIGAN DR,37.31779872,-121.8248467
9048,685257,CR-0000093937,1,0,0,0,22-177-0125,False,False,277,6/26/2022 2:55:00 AM,No Pedestrians Involved,Dry,No Unusual Conditions,Dark - Street Light,Violation Driver 1,No Controls Present/Factor,Clear,Head On,Non-Related,Parked Vehicle,Not Applicable,Not Applicable,West Of,,False,False,60895,FLANIGAN DR,KING RD,37.31915018,-121.822831
9049,689192,CR-0000095103,0,0,0,1,22-136-0480,False,False,255,5/16/2022 12:35:00 PM,In Road - Includes Shoulder,Dry,Unknown,Daylight,Unknown,Controls Functioning,Cloudy,Vehicle/Pedestrian,Non-Related,Pedestrian,West,East,North Of,PED,False,False,60895,FLANIGAN DR,KING RD,37.31915018,-121.822831
9050,696346,CR-0000099502,1,0,0,0,23-297-0800,False,False,42,10/24/2023 8:15:00 PM,No Pedestrians Involved,Dry,No Unusual Conditions,Dark - Street Light,Violation Driver 1,No Controls Present/Factor,Clear,Head On,Related,Other Vehicle,Not Applicable,Not Applicable,North Of,,False,False,60895,FLANIGAN DR,KING RD,37.31915018,-121.822831