_id,CrashFactId,Name,MinorInjuries,ModerateInjuries,SevereInjuries,FatalInjuries,TcrNumber,CityDamageFlag,ShortFormFlag,Distance,CrashDateTime,PedestrianAction,RoadwaySurface,RoadwayCondition,Lighting,PrimaryCollisionFactor,TrafficControl,Weather,CollisionType,ProximityToIntersection,VehicleInvolvedWith,PedestrianDirectionFrom,PedestrianDirectionTo,DirectionFromIntersection,Comment,SpeedingFlag,HitAndRunFlag,IntersectionNumber,AStreetName,BStreetName,Latitude,Longitude
9051,722366,CR-0000103660,2,0,0,0,24-092-0705,True,False,0,4/1/2024 6:32:00 PM,No Pedestrians Involved,Dry,No Unusual Conditions,Daylight,Violation Driver 1,Controls Functioning,Clear,Sideswipe,Intersection,Other Vehicle,Not Applicable,Not Applicable,At,TREE,False,False,60895,FLANIGAN DR,KING RD,37.31915018,-121.822831
9052,685255,CR-0000093935,0,0,0,0,22-160-0380,False,False,65,6/9/2022 12:25:00 PM,No Pedestrians Involved,Dry,No Unusual Conditions,Daylight,Violation Driver 1,No Controls Present/Factor,Clear,Head On,Non-Related,Other Vehicle,Not Applicable,Not Applicable,South Of,"Hydrant, Fence",False,False,27081,BURDETTE DR,KING RD,37.32079655,-121.8244018
9053,697564,CR-0000099775,0,0,0,0,23-142-0659,False,False,0,5/22/2023 4:49:00 PM,No Pedestrians Involved,Dry,No Unusual Conditions,Daylight,Violation Driver 1,Controls Functioning,Clear,Sideswipe,Intersection,Other Vehicle,Not Applicable,Not Applicable,At,,False,False,27081,BURDETTE DR,KING RD,37.32079655,-121.8244018
9054,716034,CR-0000101860,0,0,0,0,23-153-4000,False,True,51,5/20/2023 6:00:00 PM,No Pedestrians Involved,Unknown,Unknown,Unknown,Unknown,Unknown,Unknown,Rear End,Non-Related,Other Vehicle,Not Applicable,Not Applicable,West Of,,False,True,27081,BURDETTE DR,KING RD,37.32079655,-121.8244018
9055,685352,CR-0000094078,0,0,0,0,22-227-0200,False,False,51,8/15/2022 7:10:00 AM,No Pedestrians Involved,Dry,No Unusual Conditions,Daylight,Violation Driver 1,Controls Functioning,Clear,Rear End,Non-Related,Other Vehicle,Not Applicable,Not Applicable,West Of,,False,True,6401,ALVIN AV/LANAI AV,TULLY RD,37.320302,-121.8289065
9056,683017,CR-0000092628,0,0,0,0,22-167-0921,False,False,66,6/16/2022 11:37:00 PM,No Pedestrians Involved,Dry,No Unusual Conditions,Dark - Street Light,Violation Driver 1,No Controls Present/Factor,Clear,Sideswipe,Non-Related,Parked Vehicle,Not Applicable,Not Applicable,North Of,,False,False,6401,ALVIN AV/LANAI AV,TULLY RD,37.320302,-121.8289065
9057,688859,CR-0000094715,0,0,0,0,22-276-0032,True,False,0,10/3/2022 12:46:00 AM,No Pedestrians Involved,Dry,No Unusual Conditions,Dark - Street Light,Violation Driver 1,Controls Functioning,Clear,Head On,Intersection,Other Vehicle,Not Applicable,Not Applicable,At,PED POLE,False,True,6401,ALVIN AV/LANAI AV,TULLY RD,37.320302,-121.8289065
9058,689407,CR-0000095338,1,0,0,0,22-326-0703,False,False,21,11/22/2022 6:09:00 PM,No Pedestrians Involved,Dry,No Unusual Conditions,Dark - Street Light,Violation Driver 1,Controls Functioning,Clear,Sideswipe,Related,Other Vehicle,Not Applicable,Not Applicable,East Of,,False,False,6401,ALVIN AV/LANAI AV,TULLY RD,37.320302,-121.8289065
9059,681510,CR-0000090901,1,0,0,0,22-037-0305,False,False,110,2/6/2022 10:10:00 AM,No Pedestrians Involved,Dry,No Unusual Conditions,Daylight,Violation Driver 1,Controls Functioning,Clear,Rear End,Non-Related,Other Vehicle,Not Applicable,Not Applicable,East Of,,True,False,6401,ALVIN AV/LANAI AV,TULLY RD,37.320302,-121.8289065
9060,697611,CR-0000099821,1,0,0,0,23-297-0355,False,False,78,10/24/2023 11:29:00 AM,No Pedestrians Involved,Dry,No Unusual Conditions,Daylight,Violation Driver 1,Controls Functioning,Clear,Rear End,Non-Related,Other Vehicle,Not Applicable,Not Applicable,East Of,,True,False,6401,ALVIN AV/LANAI AV,TULLY RD,37.320302,-121.8289065
9061,698817,CR-0000100099,1,0,0,0,23-350-0799,False,False,0,12/17/2023 11:23:00 PM,No Pedestrians Involved,Dry,No Unusual Conditions,Dark - Street Light,Violation Driver 1,Unknown,Clear,Broadside,Intersection,Other Vehicle,Not Applicable,Not Applicable,At,,False,False,6401,ALVIN AV/LANAI AV,TULLY RD,37.320302,-121.8289065
9062,698868,CR-0000100153,0,1,0,0,23-120-0807,False,False,21,4/30/2023 9:41:00 PM,No Pedestrians Involved,Dry,No Unusual Conditions,Dark - Street Light,Unknown,Controls Functioning,Clear,Vehicle/Bike,Related,Bike,Not Applicable,Not Applicable,North Of,BIKE,False,True,6401,ALVIN AV/LANAI AV,TULLY RD,37.320302,-121.8289065
9063,699368,CR-0000100695,0,0,0,0,23-184-4001,False,True,51,7/1/2023 3:53:00 PM,No Pedestrians Involved,Unknown,Unknown,Unknown,Unknown,Unknown,Unknown,Rear End,Non-Related,Unknown,Not Applicable,Not Applicable,Unknown,,False,False,6401,ALVIN AV/LANAI AV,TULLY RD,37.320302,-121.8289065
9064,695919,CR-0000099047,0,0,0,0,23-228-9704,False,True,0,8/16/2023 5:15:00 AM,No Pedestrians Involved,Dry,No Unusual Conditions,Dark - Street Light,Unknown,No Controls Present/Factor,Clear,Sideswipe,Intersection,Other Vehicle,Not Applicable,Not Applicable,At,,False,False,6401,ALVIN AV/LANAI AV,TULLY RD,37.320302,-121.8289065
9065,694620,CR-0000098653,0,0,0,0,23-207-0718,False,False,0,7/26/2023 5:43:00 PM,No Pedestrians Involved,Dry,No Unusual Conditions,Daylight,Violation Driver 1,Controls Functioning,Clear,Vehicle/Bike,Intersection,Bike,Not Applicable,Not Applicable,At,BIKE,False,True,6401,ALVIN AV/LANAI AV,TULLY RD,37.320302,-121.8289065
9066,694593,CR-0000098617,1,0,0,0,23-202-0989,False,False,56,7/21/2023 10:29:00 PM,No Pedestrians Involved,Dry,No Unusual Conditions,Dark - Street Light,Violation Driver 1,Controls Functioning,Clear,Rear End,Non-Related,Other Vehicle,Not Applicable,Not Applicable,East Of,,False,False,6401,ALVIN AV/LANAI AV,TULLY RD,37.320302,-121.8289065
9067,690870,CR-0000097012,1,0,0,0,23-018-0427,False,False,0,1/18/2023 2:54:00 PM,No Pedestrians Involved,Dry,No Unusual Conditions,Daylight,Violation Driver 1,Controls Functioning,Clear,Overturned,Intersection,Other Vehicle,Not Applicable,Not Applicable,At,,False,False,6401,ALVIN AV/LANAI AV,TULLY RD,37.320302,-121.8289065
9068,691137,CR-0000097335,0,0,0,0,23-035-0742,False,False,189,2/4/2023 10:14:00 PM,No Pedestrians Involved,Wet,No Unusual Conditions,Dark - Street Light,Violation Driver 1,No Controls Present/Factor,Rain,Hit Object,Non-Related,Fixed Object,Not Applicable,Not Applicable,West Of,Light pole,True,False,6401,ALVIN AV/LANAI AV,TULLY RD,37.320302,-121.8289065
9069,690098,CR-0000096173,0,0,0,1,23-121-0096,False,False,,5/1/2023 4:32:00 AM,Crossing In Crosswalk - Not At Intersection,Dry,No Unusual Conditions,Dark - Street Light,Violation Driver 1,Controls Functioning,Clear,Vehicle/Pedestrian,Related,Pedestrian,North,South,West Of,PED,False,False,6401,ALVIN AV/LANAI AV,TULLY RD,37.320302,-121.8289065
9070,690211,CR-0000096300,0,0,0,0,22-312-9703,False,True,0,11/8/2022 9:10:00 AM,No Pedestrians Involved,Wet,No Unusual Conditions,Daylight,Unknown,No Controls Present/Factor,Clear,Sideswipe,Intersection,Other Vehicle,Not Applicable,Not Applicable,At,,False,True,6401,ALVIN AV/LANAI AV,TULLY RD,37.320302,-121.8289065
9071,690055,CR-0000096125,0,0,0,0,22-328-0194,False,False,120,11/24/2022 9:00:00 AM,No Pedestrians Involved,Dry,No Unusual Conditions,Daylight,Violation Driver 2,No Controls Present/Factor,Clear,Other,Non-Related,Other Vehicle,Not Applicable,Not Applicable,North Of,,False,False,6401,ALVIN AV/LANAI AV,TULLY RD,37.320302,-121.8289065
9072,689805,CR-0000095831,1,0,0,0,22-179-0050,False,False,0,6/28/2022 1:23:00 AM,No Pedestrians Involved,Dry,No Unusual Conditions,Dark - Street Light,Violation Driver 1,Controls Functioning,Clear,Rear End,Intersection,Other Vehicle,Not Applicable,Not Applicable,At,,True,True,6401,ALVIN AV/LANAI AV,TULLY RD,37.320302,-121.8289065
9073,715984,CR-0000101981,0,0,0,0,24-005-9706,False,True,51,1/5/2024 11:15:00 AM,No Pedestrians Involved,Dry,No Unusual Conditions,Daylight,Unknown,Controls Functioning,Clear,Sideswipe,Non-Related,Other Vehicle,Not Applicable,Not Applicable,Unknown,,False,True,6401,ALVIN AV/LANAI AV,TULLY RD,37.320302,-121.8289065
9074,715906,CR-0000101766,0,0,0,0,23-017-4002,False,True,51,1/17/2023 5:30:00 AM,No Pedestrians Involved,Unknown,Unknown,Unknown,Unknown,Unknown,Unknown,Other,Non-Related,Other Vehicle,Not Applicable,Not Applicable,Unknown,,False,False,6401,ALVIN AV/LANAI AV,TULLY RD,37.320302,-121.8289065
9075,711549,CR-0000101112,0,0,0,0,23-271-4006,False,True,,9/27/2023 4:22:00 PM,No Pedestrians Involved,Unknown,Unknown,Unknown,Unknown,Unknown,Unknown,Sideswipe,Related,Other Vehicle,Not Applicable,Not Applicable,West Of,,False,False,6401,ALVIN AV/LANAI AV,TULLY RD,37.320302,-121.8289065
9076,717406,CR-0000102418,0,0,0,0,23-055-9706,False,True,0,2/24/2023 1:10:00 PM,No Pedestrians Involved,Dry,Unknown,Daylight,Unknown,Controls Functioning,Cloudy,Sideswipe,Intersection,Other Vehicle,Not Applicable,Not Applicable,At,,False,False,6401,ALVIN AV/LANAI AV,TULLY RD,37.320302,-121.8289065
9077,719598,CR-0000102755,0,0,0,0,24-002-0754,False,False,179,1/2/2024 8:44:00 PM,No Pedestrians Involved,Wet,No Unusual Conditions,Dark - Street Light,Violation Driver 1,Controls Functioning,Rain,Rear End,Non-Related,Other Vehicle,Not Applicable,Not Applicable,West Of,,True,False,6401,ALVIN AV/LANAI AV,TULLY RD,37.320302,-121.8289065
9078,720900,CR-0000103126,0,0,0,0,24-018-9701,False,False,51,1/16/2024 10:10:00 PM,No Pedestrians Involved,Wet,No Unusual Conditions,Dark - Street Light,Unknown,No Controls Present/Factor,Rain,Sideswipe,Non-Related,Other Vehicle,Not Applicable,Not Applicable,Unknown,,False,True,6401,ALVIN AV/LANAI AV,TULLY RD,37.320302,-121.8289065
9079,722449,CR-0000103732,1,0,0,0,24-100-0191,False,False,0,4/9/2024 8:08:00 AM,No Pedestrians Involved,Dry,No Unusual Conditions,Daylight,Unknown,Controls Not Functioning,Clear,Vehicle/Bike,Intersection,Bike,Not Applicable,Not Applicable,At,BIKE,False,True,6401,ALVIN AV/LANAI AV,TULLY RD,37.320302,-121.8289065
9080,690201,CR-0000096292,0,0,0,0,22-259-4001,False,True,,9/16/2022 7:50:00 AM,No Pedestrians Involved,Unknown,Unknown,Unknown,Unknown,Unknown,Unknown,Rear End,Related,Other Vehicle,Not Applicable,Not Applicable,Unknown,,False,False,6368,ALVIN AV,FONTAINE RD,37.31950981,-121.8279372
9081,689708,CR-0000095711,0,0,0,0,22-352-0033,False,False,51,12/18/2022 12:50:00 AM,No Pedestrians Involved,Dry,No Unusual Conditions,Dark - Street Light,Violation Driver 1,No Controls Present/Factor,Clear,Sideswipe,Non-Related,Other Vehicle,Not Applicable,Not Applicable,West Of,,True,False,6368,ALVIN AV,FONTAINE RD,37.31950981,-121.8279372
9082,692395,CR-0000097678,0,0,0,0,23-081-9701,False,True,51,3/21/2023 1:25:00 PM,No Pedestrians Involved,Wet,No Unusual Conditions,Daylight,Unknown,Controls Functioning,Rain,Rear End,Non-Related,Other Vehicle,Not Applicable,Not Applicable,North Of,,False,False,6368,ALVIN AV,FONTAINE RD,37.31950981,-121.8279372
9083,696081,CR-0000099216,0,0,0,0,23-059-0780,False,False,0,2/28/2023 9:11:00 PM,No Pedestrians Involved,Wet,No Unusual Conditions,Dark - Street Light,Violation Driver 1,Controls Functioning,Rain,Rear End,Intersection,Other Vehicle,Not Applicable,Not Applicable,At,,True,True,6368,ALVIN AV,FONTAINE RD,37.31950981,-121.8279372
9084,722126,CR-0000103391,0,0,0,0,24-070-4009,False,True,0,3/10/2024 10:20:00 AM,No Pedestrians Involved,Unknown,Unknown,Unknown,Unknown,Unknown,Unknown,Other,Intersection,Unknown,Not Applicable,Not Applicable,At,,False,False,6368,ALVIN AV,FONTAINE RD,37.31950981,-121.8279372
9085,716327,CR-0000102264,1,0,0,0,24-054-0470,False,False,0,2/23/2024 2:45:00 PM,No Pedestrians Involved,Dry,No Unusual Conditions,Daylight,Violation Driver 1,Controls Functioning,Clear,Vehicle/Bike,Intersection,Bike,Not Applicable,Not Applicable,At,BIKE,False,False,6368,ALVIN AV,FONTAINE RD,37.31950981,-121.8279372
9086,712070,CR-0000100975,0,0,0,0,23-244-0125,False,False,544,9/1/2023 3:10:00 AM,No Pedestrians Involved,Dry,No Unusual Conditions,Dark - Street Light,Violation Driver 1,No Controls Present/Factor,Clear,Hit Object,Non-Related,Fixed Object,Not Applicable,Not Applicable,West Of,Wooden Storage Box,False,False,6368,ALVIN AV,FONTAINE RD,37.31950981,-121.8279372
9087,712071,CR-0000100980,0,0,0,0,23-244-0120,False,False,598,9/1/2023 2:49:00 AM,No Pedestrians Involved,Dry,Unknown,Dark - Street Light,Violation Driver 1,No Controls Present/Factor,Clear,Hit Object,Non-Related,Fixed Object,Not Applicable,Not Applicable,West Of,FENCE,True,True,6368,ALVIN AV,FONTAINE RD,37.31950981,-121.8279372
9088,681491,CR-0000090881,1,0,0,0,22-035-0584,False,False,130,2/4/2022 3:26:00 PM,No Pedestrians Involved,Dry,Unknown,Daylight,Violation Driver 1,No Controls Present/Factor,Clear,Head On,Non-Related,Other Vehicle,Not Applicable,Not Applicable,North Of,,False,False,51292,DIXIE DR,SEACLIFF WY,37.32207135,-121.8280876
9089,690174,CR-0000096263,0,0,0,0,22-248-9702,False,True,,9/4/2022 10:00:00 PM,No Pedestrians Involved,Dry,No Unusual Conditions,Dark - Street Light,Unknown,No Controls Present/Factor,Clear,Other,Related,Parked Vehicle,Not Applicable,Not Applicable,South Of,,False,False,6918,AMESBURY WY,MARKINGDON AV,37.34974389,-121.8170823
9090,696278,CR-0000099425,0,0,0,0,23-113-0895,True,False,28,4/23/2023 11:02:00 PM,No Pedestrians Involved,Dry,No Unusual Conditions,Dark - Street Light,Violation Driver 1,No Controls Present/Factor,Clear,Hit Object,Related,Fixed Object,Not Applicable,Not Applicable,North Of,TREE,False,False,58850,FARRINGDON CT,FARRINGDON DR,37.34697866,-121.8164786
9091,689798,CR-0000095824,1,1,0,0,22-189-0797,False,False,0,7/8/2022 7:41:00 PM,No Pedestrians Involved,Dry,No Unusual Conditions,Dusk - Dawn,Violation Driver 1,Controls Functioning,Clear,Broadside,Intersection,Other Vehicle,Not Applicable,Not Applicable,At,,False,True,97129,OCALA AV,WOODRIDGE WY,37.34389225,-121.8106861
9092,689847,CR-0000095873,2,0,0,0,22-346-0612,False,False,0,12/12/2022 4:04:00 PM,No Pedestrians Involved,Dry,No Unusual Conditions,Daylight,Violation Driver 1,Controls Functioning,Clear,Rear End,Intersection,Other Vehicle,Not Applicable,Not Applicable,At,,True,False,97129,OCALA AV,WOODRIDGE WY,37.34389225,-121.8106861
9093,717487,CR-0000102529,1,0,0,0,24-087-0574,False,False,230,3/27/2024 5:00:00 PM,No Pedestrians Involved,Dry,No Unusual Conditions,Daylight,Violation Driver 1,Controls Functioning,Clear,Rear End,Non-Related,Other Vehicle,Not Applicable,Not Applicable,East Of,,True,False,97129,OCALA AV,WOODRIDGE WY,37.34389225,-121.8106861
9094,681276,CR-0000090662,0,0,0,0,22-008-0609,False,False,0,1/8/2022 6:20:00 PM,No Pedestrians Involved,Dry,No Unusual Conditions,Dark - Street Light,Violation Driver 1,Controls Functioning,Clear,Rear End,Intersection,Other Vehicle,Not Applicable,Not Applicable,At,,False,False,6192,ALUM ROCK AV,WHITE RD,37.36583176,-121.8280218
9095,681840,CR-0000091258,0,0,0,0,22-096-9705,False,True,0,3/10/2022 3:00:00 AM,No Pedestrians Involved,Unknown,Unknown,Dark - Street Light,Unknown,Unknown,Clear,Other,Intersection,Other Vehicle,Not Applicable,Not Applicable,At,,False,False,6192,ALUM ROCK AV,WHITE RD,37.36583176,-121.8280218
9096,689939,CR-0000095964,1,0,0,0,22-151-0514,True,False,45,5/31/2022 12:36:00 PM,No Pedestrians Involved,Dry,No Unusual Conditions,Daylight,Violation Driver 1,Controls Functioning,Clear,Rear End,Related,Other Vehicle,Not Applicable,Not Applicable,West Of,LIGHT POLE,True,True,6192,ALUM ROCK AV,WHITE RD,37.36583176,-121.8280218
9097,682740,CR-0000092322,0,0,0,0,22-130-4002,False,True,,5/10/2022 7:30:00 PM,No Pedestrians Involved,Unknown,Unknown,Unknown,Unknown,Unknown,Unknown,Rear End,Related,Other Vehicle,Not Applicable,Not Applicable,Unknown,,False,False,6192,ALUM ROCK AV,WHITE RD,37.36583176,-121.8280218
9098,689415,CR-0000095373,2,0,0,0,22-310-0027,False,False,55,11/6/2022 12:30:00 AM,No Pedestrians Involved,Wet,No Unusual Conditions,Dark - Street Light,Violation Driver 1,Controls Functioning,Rain,Sideswipe,Non-Related,Other Vehicle,Not Applicable,Not Applicable,South Of,,False,True,6192,ALUM ROCK AV,WHITE RD,37.36583176,-121.8280218
9099,689061,CR-0000094900,0,0,0,0,22-301-0073,False,False,21,10/28/2022 2:42:00 AM,No Pedestrians Involved,Dry,No Unusual Conditions,Dark - Street Light,Violation Driver 1,Controls Functioning,Clear,Hit Object,Related,Fixed Object,Not Applicable,Not Applicable,East Of,LIGHT POLE,True,True,6192,ALUM ROCK AV,WHITE RD,37.36583176,-121.8280218
9100,690647,CR-0000096769,1,1,0,0,23-031-0203,False,False,240,1/31/2023 8:30:00 AM,No Pedestrians Involved,Dry,No Unusual Conditions,Daylight,Violation Driver 1,No Controls Present/Factor,Clear,Rear End,Non-Related,Other Vehicle,Not Applicable,Not Applicable,West Of,,False,False,6192,ALUM ROCK AV,WHITE RD,37.36583176,-121.8280218
9101,690573,CR-0000096694,0,0,1,0,23-022-0046,False,False,34,1/22/2023 1:15:00 AM,No Pedestrians Involved,Dry,No Unusual Conditions,Dark - Street Light,Violation Driver 1,Controls Functioning,Clear,Rear End,Related,Motorcycle,Not Applicable,Not Applicable,West Of,,True,False,6192,ALUM ROCK AV,WHITE RD,37.36583176,-121.8280218
9102,694197,CR-0000098145,2,0,0,0,23-131-0150,False,False,0,5/11/2023 7:21:00 AM,No Pedestrians Involved,Dry,No Unusual Conditions,Daylight,Violation Driver 1,Controls Functioning,Clear,Broadside,Intersection,Other Vehicle,Not Applicable,Not Applicable,At,,False,False,6192,ALUM ROCK AV,WHITE RD,37.36583176,-121.8280218
9103,691069,CR-0000097242,1,0,0,0,23-032-0244,False,False,38,2/1/2023 9:02:00 AM,No Pedestrians Involved,Dry,No Unusual Conditions,Daylight,Violation Driver 1,Controls Functioning,Clear,Sideswipe,Related,Other Vehicle,Not Applicable,Not Applicable,East Of,,False,False,6192,ALUM ROCK AV,WHITE RD,37.36583176,-121.8280218
9104,696199,CR-0000099343,0,0,0,0,23-120-0775,False,False,270,4/30/2023 8:58:00 PM,No Pedestrians Involved,Dry,No Unusual Conditions,Dark - Street Light,Violation Driver 1,Controls Functioning,Unknown,Rear End,Non-Related,Other Vehicle,Not Applicable,Not Applicable,North Of,,True,False,6192,ALUM ROCK AV,WHITE RD,37.36583176,-121.8280218
9105,695792,CR-0000098857,1,0,0,0,23-248-0625,False,False,0,9/5/2023 3:00:00 PM,No Pedestrians Involved,Dry,No Unusual Conditions,Daylight,Violation Driver 1,Controls Functioning,Clear,Rear End,Intersection,Other Vehicle,Not Applicable,Not Applicable,At,,False,False,6192,ALUM ROCK AV,WHITE RD,37.36583176,-121.8280218
9106,722114,CR-0000103379,0,0,0,0,24-069-4007,False,True,51,3/9/2024 6:00:00 PM,No Pedestrians Involved,Unknown,Unknown,Unknown,Unknown,Unknown,Unknown,Rear End,Non-Related,Other Vehicle,Not Applicable,Not Applicable,West Of,,False,False,6192,ALUM ROCK AV,WHITE RD,37.36583176,-121.8280218
9107,718476,CR-0000102564,2,0,0,0,24-072-0478,True,False,42,3/12/2024 1:26:00 PM,No Pedestrians Involved,Dry,No Unusual Conditions,Daylight,Violation Driver 1,Controls Functioning,Clear,Broadside,Related,Other Vehicle,Not Applicable,Not Applicable,North Of,SIGN,False,False,6192,ALUM ROCK AV,WHITE RD,37.36583176,-121.8280218
9108,712245,CR-0000101691,0,0,0,0,23-228-0667,False,False,265,11/24/2023 8:57:00 PM,No Pedestrians Involved,Dry,No Unusual Conditions,Dark - Street Light,Violation Driver 1,Controls Functioning,Clear,Rear End,Non-Related,Other Vehicle,Not Applicable,Not Applicable,West Of,,True,True,6192,ALUM ROCK AV,WHITE RD,37.36583176,-121.8280218
9109,716001,CR-0000101923,0,0,0,0,24-018-4001,False,True,0,11/19/2023 7:15:00 PM,No Pedestrians Involved,Unknown,Unknown,Unknown,Unknown,Unknown,Unknown,Other,Intersection,Other Vehicle,Not Applicable,Not Applicable,At,,False,False,6192,ALUM ROCK AV,WHITE RD,37.36583176,-121.8280218
9110,683537,CR-0000093135,0,0,0,0,22-206-0151,False,False,175,7/25/2022 4:30:00 AM,No Pedestrians Involved,Dry,No Unusual Conditions,Dark - Street Light,Violation Driver 1,No Controls Present/Factor,Clear,Head On,Non-Related,Parked Vehicle,Not Applicable,Not Applicable,North Of,,True,True,89484,MCGINNESS AV,SUSSEX DR,37.35120936,-121.8233674
9111,681963,CR-0000091472,1,0,0,0,22-060-0157,False,False,0,3/1/2022 7:16:00 AM,No Pedestrians Involved,Dry,No Unusual Conditions,Daylight,Violation Driver 1,No Controls Present/Factor,Clear,Head On,Intersection,Motor Vehicle On Other Roadway,Not Applicable,Not Applicable,At,,False,False,89484,MCGINNESS AV,SUSSEX DR,37.35120936,-121.8233674
9112,694638,CR-0000098671,0,0,0,0,23-210-0182,False,False,174,7/29/2023 4:16:00 AM,No Pedestrians Involved,Dry,No Unusual Conditions,Dark - Street Light,Violation Driver 1,No Controls Present/Factor,Clear,Overturned,Non-Related,Parked Vehicle,Not Applicable,Not Applicable,South Of,,False,False,89484,MCGINNESS AV,SUSSEX DR,37.35120936,-121.8233674
9113,694555,CR-0000098549,0,1,0,0,23-198-0652,False,False,0,7/17/2023 5:20:00 PM,Crossing - Not In Crosswalk,Dry,No Unusual Conditions,Daylight,Pedestrian At Fault,No Controls Present/Factor,Clear,Vehicle/Pedestrian,Intersection,Pedestrian,East,West,At,PED,False,False,89484,MCGINNESS AV,SUSSEX DR,37.35120936,-121.8233674
9114,690492,CR-0000096610,0,0,0,0,22-301-9704,False,True,51,10/27/2022 5:40:00 PM,No Pedestrians Involved,Dry,No Unusual Conditions,Dark - Street Light,Unknown,Unknown,Clear,Sideswipe,Non-Related,Parked Vehicle,Not Applicable,Not Applicable,North Of,,False,True,89484,MCGINNESS AV,SUSSEX DR,37.35120936,-121.8233674
9115,685343,CR-0000094069,0,0,0,0,22-226-0267,False,False,60,8/14/2022 5:20:00 AM,No Pedestrians Involved,Dry,No Unusual Conditions,Dusk - Dawn,Violation Driver 1,No Controls Present/Factor,Clear,Head On,Non-Related,Parked Vehicle,Not Applicable,Not Applicable,North Of,,False,True,143935,DORIS AV,WILBUR AV,37.35963191,-121.8277212
9116,690232,CR-0000096321,0,0,0,0,22-272-9701,False,True,,9/29/2022 6:00:00 AM,No Pedestrians Involved,Dry,No Unusual Conditions,Daylight,Unknown,No Controls Present/Factor,Clear,Other,Related,Parked Vehicle,Not Applicable,Not Applicable,Unknown,,False,False,143935,DORIS AV,WILBUR AV,37.35963191,-121.8277212
9117,692374,CR-0000097656,0,0,0,0,23-066-0083,False,False,92,3/7/2023 3:02:00 AM,No Pedestrians Involved,Wet,No Unusual Conditions,Dark - Street Light,Violation Driver 1,No Controls Present/Factor,Rain,Hit Object,Non-Related,Fixed Object,Not Applicable,Not Applicable,West Of,Fence,True,True,143935,DORIS AV,WILBUR AV,37.35963191,-121.8277212
9118,694699,CR-0000098733,0,0,1,0,23-227-0103,False,False,54,8/15/2023 3:38:00 AM,Crossing - Not In Crosswalk,Dry,No Unusual Conditions,Dark - Street Light,Pedestrian At Fault,Controls Functioning,Clear,Vehicle/Pedestrian,Non-Related,Pedestrian,North,South,East Of,PED,False,False,6115,ALUM ROCK AV,PALA AV,37.36261189,-121.8348294
9119,715938,CR-0000101885,0,0,0,0,23-332-0782,False,False,150,11/28/2023 7:02:00 PM,No Pedestrians Involved,Dry,No Unusual Conditions,Dark - Street Light,Violation Driver 1,No Controls Present/Factor,Clear,Rear End,Non-Related,Other Vehicle,Not Applicable,Not Applicable,East Of,,True,True,6115,ALUM ROCK AV,PALA AV,37.36261189,-121.8348294
9120,711999,CR-0000100886,2,0,0,0,23-306-0739,False,False,0,11/2/2023 5:55:00 PM,No Pedestrians Involved,Dry,No Unusual Conditions,Daylight,Violation Driver 1,Controls Functioning,Clear,Rear End,Intersection,Other Vehicle,Not Applicable,Not Applicable,At,,True,False,6115,ALUM ROCK AV,PALA AV,37.36261189,-121.8348294
9121,683420,CR-0000093014,0,0,0,0,22-180-0929,False,False,0,6/29/2022 9:56:00 PM,No Pedestrians Involved,Dry,No Unusual Conditions,Dark - Street Light,Unknown,Controls Functioning,Unknown,Sideswipe,Intersection,Other Vehicle,Not Applicable,Not Applicable,At,,False,True,79463,KING RD,MARSH ST,37.33805345,-121.8413046
9122,689919,CR-0000095956,1,2,0,0,22-075-0196,False,False,36,3/16/2022 10:12:00 AM,No Pedestrians Involved,Dry,No Unusual Conditions,Daylight,Violation Driver 1,Controls Functioning,Clear,Rear End,Related,Other Vehicle,Not Applicable,Not Applicable,North Of,,True,False,79463,KING RD,MARSH ST,37.33805345,-121.8413046
9123,699118,CR-0000100434,0,0,0,0,23-157-0925,False,False,0,6/6/2023 9:20:00 PM,No Pedestrians Involved,Unknown,No Unusual Conditions,Unknown,Violation Driver 1,Unknown,Unknown,Broadside,Intersection,Other Vehicle,Not Applicable,Not Applicable,At,,False,True,79463,KING RD,MARSH ST,37.33805345,-121.8413046
9124,694337,CR-0000098281,1,0,0,0,23-172-0506,False,False,0,6/21/2023 1:55:00 PM,No Pedestrians Involved,Dry,No Unusual Conditions,Daylight,Violation Driver 1,Controls Functioning,Clear,Sideswipe,Intersection,Other Vehicle,Not Applicable,Not Applicable,At,,True,False,79463,KING RD,MARSH ST,37.33805345,-121.8413046
9125,690941,CR-0000097111,1,0,0,0,23-050-0486,False,False,51,2/19/2023 2:32:00 PM,No Pedestrians Involved,Dry,No Unusual Conditions,Daylight,Violation Driver 1,No Controls Present/Factor,Clear,Rear End,Non-Related,Parked Vehicle,Not Applicable,Not Applicable,West Of,,True,True,79463,KING RD,MARSH ST,37.33805345,-121.8413046
9126,711909,CR-0000101487,0,0,0,0,23-245-9702,False,True,,9/1/2023 5:00:00 PM,No Pedestrians Involved,Dry,No Unusual Conditions,Daylight,Unknown,Controls Functioning,Clear,Sideswipe,Related,Other Vehicle,Not Applicable,Not Applicable,Unknown,,False,False,79463,KING RD,MARSH ST,37.33805345,-121.8413046
9127,683297,CR-0000092883,0,0,0,0,22-140-0787,False,False,188,5/20/2022 6:00:00 PM,No Pedestrians Involved,Dry,No Unusual Conditions,Daylight,Violation Driver 1,Controls Functioning,Clear,Sideswipe,Non-Related,Other Vehicle,Not Applicable,Not Applicable,East Of,,False,True,80508,KNOX AV,MARSH ST,37.33650376,-121.8437954