_id,CrashFactId,Name,MinorInjuries,ModerateInjuries,SevereInjuries,FatalInjuries,TcrNumber,CityDamageFlag,ShortFormFlag,Distance,CrashDateTime,PedestrianAction,RoadwaySurface,RoadwayCondition,Lighting,PrimaryCollisionFactor,TrafficControl,Weather,CollisionType,ProximityToIntersection,VehicleInvolvedWith,PedestrianDirectionFrom,PedestrianDirectionTo,DirectionFromIntersection,Comment,SpeedingFlag,HitAndRunFlag,IntersectionNumber,AStreetName,BStreetName,Latitude,Longitude
9128,722264,CR-0000103531,0,0,0,0,24-084-9704,False,True,51,3/24/2024 12:42:00 AM,No Pedestrians Involved,Wet,Unknown,Dark - Street Light,Unknown,Unknown,Rain,Sideswipe,Non-Related,Parked Vehicle,Not Applicable,Not Applicable,East Of,,False,False,80508,KNOX AV,MARSH ST,37.33650376,-121.8437954
9129,716262,CR-0000102228,0,1,0,0,24-046-0787,False,False,0,2/15/2024 6:30:00 PM,Crossing In Crosswalk - At Intersection,Dry,No Unusual Conditions,Dark - Street Light Not Functioning,Violation Driver 1,No Controls Present/Factor,Clear,Vehicle/Pedestrian,Intersection,Pedestrian,East,West,At,PED,False,False,61742,FLORIDA AV,SCOTTY ST,37.33592275,-121.8417182
9130,682160,CR-0000091702,0,0,0,0,22-074-1061,False,False,119,3/15/2022 10:45:00 PM,No Pedestrians Involved,Dry,No Unusual Conditions,Dark - Street Light,Violation Driver 1,No Controls Present/Factor,Clear,Sideswipe,Non-Related,Parked Vehicle,Not Applicable,Not Applicable,South Of,,False,False,3630,ALFRED WY,CATHAY DR,37.33624544,-121.8314993
9131,715912,CR-0000101773,0,0,0,0,23-018-4004,False,True,0,1/18/2023 7:45:00 AM,No Pedestrians Involved,Unknown,Unknown,Unknown,Unknown,Unknown,Unknown,Other,Intersection,Other Vehicle,Not Applicable,Not Applicable,At,,False,False,3630,ALFRED WY,CATHAY DR,37.33624544,-121.8314993
9132,685405,CR-0000094140,0,0,0,0,22-260-0889,False,False,168,9/17/2022 10:35:00 PM,No Pedestrians Involved,Dry,No Unusual Conditions,Dark - Street Light,Violation Driver 1,No Controls Present/Factor,Clear,Sideswipe,Non-Related,Parked Vehicle,Not Applicable,Not Applicable,South Of,,True,True,80497,KNOX AV,LYNN AV,37.33748804,-121.8447553
9133,690390,CR-0000096487,0,0,0,0,22-225-9702,False,True,,8/11/2022 9:33:00 PM,No Pedestrians Involved,Dry,No Unusual Conditions,Dark - Street Light,Unknown,Controls Functioning,Clear,Rear End,Related,Other Vehicle,Not Applicable,Not Applicable,Unknown,,False,False,80520,KNOX AV,TERILYN WY,37.33790033,-121.8451596
9134,685353,CR-0000094079,0,0,0,0,22-268-0792,False,False,0,9/25/2022 8:26:00 PM,No Pedestrians Involved,Dry,No Unusual Conditions,Dark - Street Light,Violation Driver 1,Controls Functioning,Clear,Broadside,Intersection,Other Vehicle,Not Applicable,Not Applicable,At,,False,True,80519,KNOX AV,STORY RD,37.33827514,-121.8455267
9135,685138,CR-0000093814,0,0,0,0,22-234-0498,False,False,0,8/22/2022 1:10:00 PM,No Pedestrians Involved,Dry,No Unusual Conditions,Daylight,Violation Driver 1,Controls Functioning,Clear,Sideswipe,Intersection,Other Vehicle,Not Applicable,Not Applicable,At,,False,True,80519,KNOX AV,STORY RD,37.33827514,-121.8455267
9136,688993,CR-0000094853,0,0,0,0,22-261-4001,False,True,51,9/17/2022 5:45:00 AM,No Pedestrians Involved,Unknown,Unknown,Unknown,Unknown,Unknown,Unknown,Rear End,Non-Related,Other Vehicle,Not Applicable,Not Applicable,East Of,,False,False,80519,KNOX AV,STORY RD,37.33827514,-121.8455267
9137,688767,CR-0000094602,0,0,0,0,22-251-4001,False,True,51,8/29/2022 9:02:00 AM,No Pedestrians Involved,Unknown,Unknown,Daylight,Unknown,Unknown,Unknown,Rear End,Non-Related,Other Vehicle,Not Applicable,Not Applicable,Unknown,,False,False,80519,KNOX AV,STORY RD,37.33827514,-121.8455267
9138,689472,CR-0000095449,0,0,0,0,22-348-0653,False,False,,12/13/2022 8:00:00 AM,No Pedestrians Involved,Dry,No Unusual Conditions,Daylight,Violation Driver 1,Unknown,Unknown,Sideswipe,Related,Other Vehicle,Not Applicable,Not Applicable,South Of,,False,True,80519,KNOX AV,STORY RD,37.33827514,-121.8455267
9139,681960,CR-0000091469,1,0,0,0,22-081-0664,False,False,125,3/22/2022 5:04:00 PM,Crossing - Not In Crosswalk,Dry,No Unusual Conditions,Daylight,Pedestrian At Fault,No Controls Present/Factor,Clear,Vehicle/Pedestrian,Non-Related,Pedestrian,South,North,East Of,PEDESTRIAN,False,False,80519,KNOX AV,STORY RD,37.33827514,-121.8455267
9140,683406,CR-0000092999,0,0,0,0,22-146-0356,False,False,51,5/26/2022 10:00:00 AM,No Pedestrians Involved,Dry,No Unusual Conditions,Daylight,Violation Driver 1,Controls Functioning,Clear,Sideswipe,Non-Related,Other Vehicle,Not Applicable,Not Applicable,South Of,,False,True,80519,KNOX AV,STORY RD,37.33827514,-121.8455267
9141,683187,CR-0000092804,0,0,0,0,22-133-4004,False,True,51,5/13/2022 8:27:00 PM,No Pedestrians Involved,Unknown,Unknown,Unknown,Unknown,Unknown,Unknown,Rear End,Non-Related,Other Vehicle,Not Applicable,Not Applicable,West Of,,False,False,80519,KNOX AV,STORY RD,37.33827514,-121.8455267
9142,683152,CR-0000092723,0,1,0,0,22-125-0262,False,False,0,5/5/2022 10:30:00 AM,No Pedestrians Involved,Dry,No Unusual Conditions,Daylight,Violation Driver 1,Controls Functioning,Clear,Sideswipe,Intersection,Other Vehicle,Not Applicable,Not Applicable,At,,False,False,80519,KNOX AV,STORY RD,37.33827514,-121.8455267
9143,689749,CR-0000095767,0,0,1,0,22-339-0670,False,False,0,12/5/2022 5:17:00 PM,No Pedestrians Involved,Dry,No Unusual Conditions,Dusk - Dawn,Violation Driver 1,Controls Functioning,Clear,Vehicle/Bike,Intersection,Bike,Not Applicable,Not Applicable,At,,True,True,80519,KNOX AV,STORY RD,37.33827514,-121.8455267
9144,690003,CR-0000096057,0,1,0,0,22-251-0467,False,False,198,8/8/2022 1:04:00 PM,Not In Road,Dry,No Unusual Conditions,Daylight,Violation Driver 1,No Controls Present/Factor,Clear,Vehicle/Pedestrian,Non-Related,Pedestrian,East,West,East Of,PED,False,False,80519,KNOX AV,STORY RD,37.33827514,-121.8455267
9145,690531,CR-0000096657,0,0,0,0,22-346-9704,False,True,,12/12/2022 8:30:00 PM,No Pedestrians Involved,Wet,Loose Material On Roadway,Daylight,Unknown,Controls Functioning,Cloudy,Other,Related,Other Vehicle,Not Applicable,Not Applicable,East Of,,False,False,80519,KNOX AV,STORY RD,37.33827514,-121.8455267
9146,689525,CR-0000095502,0,0,0,0,22-356-0146,True,False,171,12/22/2022 11:06:00 AM,No Pedestrians Involved,Dry,No Unusual Conditions,Dark - Street Light,Violation Driver 1,No Controls Present/Factor,Clear,Hit Object,Non-Related,Fixed Object,Not Applicable,Not Applicable,West Of,TREE,True,False,80519,KNOX AV,STORY RD,37.33827514,-121.8455267
9147,690857,CR-0000096998,0,0,0,0,23-021-0603,False,False,205,1/21/2023 5:55:00 PM,No Pedestrians Involved,Dry,No Unusual Conditions,Dark - Street Light,Violation Driver 1,No Controls Present/Factor,Clear,Broadside,Non-Related,Other Vehicle,Not Applicable,Not Applicable,East Of,,False,False,80519,KNOX AV,STORY RD,37.33827514,-121.8455267
9148,694656,CR-0000098689,2,0,0,0,23-215-0972,False,False,0,8/3/2023 10:49:00 PM,No Pedestrians Involved,Dry,No Unusual Conditions,Dark - Street Light,Violation Driver 1,Controls Functioning,Clear,Broadside,Intersection,Other Vehicle,Not Applicable,Not Applicable,At,,False,False,80519,KNOX AV,STORY RD,37.33827514,-121.8455267
9149,715829,CR-0000101736,0,0,0,0,23-238-0710,False,False,0,8/26/2023 6:34:00 PM,No Pedestrians Involved,Dry,No Unusual Conditions,Daylight,Violation Driver 1,Controls Functioning,Clear,Rear End,Intersection,Other Vehicle,Not Applicable,Not Applicable,South Of,,True,True,80519,KNOX AV,STORY RD,37.33827514,-121.8455267
9150,716203,CR-0000102186,1,0,0,0,24-041-0639,False,False,600,2/10/2024 4:17:00 PM,No Pedestrians Involved,Dry,No Unusual Conditions,Daylight,Violation Driver 1,No Controls Present/Factor,Clear,Rear End,Non-Related,Other Vehicle,Not Applicable,Not Applicable,West Of,,True,False,80519,KNOX AV,STORY RD,37.33827514,-121.8455267
9151,719682,CR-0000102853,0,0,0,0,24-016-0638,False,False,0,1/16/2024 4:45:00 PM,No Pedestrians Involved,Wet,No Unusual Conditions,Daylight,Unknown,Controls Functioning,Cloudy,Sideswipe,Intersection,Other Vehicle,Not Applicable,Not Applicable,At,,False,True,80519,KNOX AV,STORY RD,37.33827514,-121.8455267
9152,684840,CR-0000093398,0,0,0,0,22-187-0908,False,False,205,7/6/2022 9:00:00 PM,No Pedestrians Involved,Dry,No Unusual Conditions,Dark - Street Light,Violation Driver 1,No Controls Present/Factor,Clear,Sideswipe,Non-Related,Parked Vehicle,Not Applicable,Not Applicable,West Of,,True,True,58640,FALLBROOK AV,PARKWEST DR,37.29195852,-121.9825669
9153,685335,CR-0000094061,0,1,0,0,22-258-0666,False,False,134,9/15/2022 4:25:00 PM,No Pedestrians Involved,Dry,No Unusual Conditions,Daylight,Violation Driver 1,No Controls Present/Factor,Clear,Broadside,Non-Related,Parked Vehicle,Not Applicable,Not Applicable,South Of,,True,False,84897,LOMA VERDE DR,WINCHESTER BL,37.29882069,-121.9499244
9154,684712,CR-0000093412,1,0,0,0,22-184-0389,False,False,0,7/3/2022 12:31:00 PM,No Pedestrians Involved,Dry,No Unusual Conditions,Daylight,Violation Driver 1,No Controls Present/Factor,Clear,Broadside,Intersection,Other Vehicle,Not Applicable,Not Applicable,At,,True,False,47520,CURTNER AV,NOLA DR,37.28587412,-121.8988377
9155,694762,CR-0000098799,0,1,0,0,23-216-0638,False,False,0,8/4/2023 6:10:00 PM,No Pedestrians Involved,Dry,No Unusual Conditions,Daylight,Violation Driver 1,No Controls Present/Factor,Clear,Broadside,Intersection,Motorcycle,Not Applicable,Not Applicable,At,,False,False,47520,CURTNER AV,NOLA DR,37.28587412,-121.8988377
9156,699232,CR-0000100554,0,0,0,0,23-164-4003,False,True,0,6/13/2023 5:53:00 PM,No Pedestrians Involved,Unknown,Unknown,Unknown,Unknown,Unknown,Unknown,Broadside,Intersection,Unknown,Not Applicable,Not Applicable,At,,False,False,47520,CURTNER AV,NOLA DR,37.28587412,-121.8988377
9157,685245,CR-0000093926,0,0,0,0,22-244-0047,False,False,20,9/1/2022 1:52:00 AM,No Pedestrians Involved,Dry,No Unusual Conditions,Dark - Street Light,Violation Driver 1,Unknown,Clear,Head On,Related,Fixed Object,Not Applicable,Not Applicable,North Of,CURB,False,False,4773,ALMADEN EX,KOCH LN,37.28287449,-121.8823028
9158,682912,CR-0000092502,2,0,0,0,22-177-0282,False,False,0,6/26/2022 9:17:00 AM,No Pedestrians Involved,Dry,No Unusual Conditions,Daylight,Violation Driver 1,Controls Functioning,Clear,Broadside,Intersection,Other Vehicle,Not Applicable,Not Applicable,At,,False,False,4773,ALMADEN EX,KOCH LN,37.28287449,-121.8823028
9159,682556,CR-0000092123,0,0,1,0,22-131-0602,False,False,0,5/11/2022 3:56:00 PM,No Pedestrians Involved,Dry,No Unusual Conditions,Daylight,Violation Driver 1,Controls Functioning,Clear,Vehicle/Bike,Intersection,Bike,Not Applicable,Not Applicable,At,BIKE,False,False,4773,ALMADEN EX,KOCH LN,37.28287449,-121.8823028
9160,696276,CR-0000099423,0,0,0,0,23-115-0834,False,False,0,4/25/2023 8:30:00 PM,No Pedestrians Involved,Dry,No Unusual Conditions,Dark - Street Light,Violation Driver 1,Controls Functioning,Clear,Rear End,Intersection,Other Vehicle,Not Applicable,Not Applicable,At,,False,False,4773,ALMADEN EX,KOCH LN,37.28287449,-121.8823028
9161,690699,CR-0000096835,1,0,0,0,23-022-0764,False,False,0,1/22/2023 9:01:00 PM,No Pedestrians Involved,Dry,No Unusual Conditions,Dark - Street Light,Violation Driver 1,Controls Functioning,Clear,Rear End,Intersection,Other Vehicle,Not Applicable,Not Applicable,At,,False,False,4773,ALMADEN EX,KOCH LN,37.28287449,-121.8823028
9162,720837,CR-0000103040,0,0,0,0,24-042-0699,True,False,71,2/11/2024 8:43:00 PM,No Pedestrians Involved,Dry,No Unusual Conditions,Dark - Street Light,Violation Driver 1,No Controls Present/Factor,Clear,Hit Object,Non-Related,Fixed Object,Not Applicable,Not Applicable,North Of,METAL FENCE,False,True,4773,ALMADEN EX,KOCH LN,37.28287449,-121.8823028
9163,717453,CR-0000102477,1,0,0,0,24-075-0468,False,False,29,3/15/2024 1:59:00 PM,No Pedestrians Involved,Dry,No Unusual Conditions,Daylight,Violation Driver 1,Controls Functioning,Clear,Rear End,Related,Other Vehicle,Not Applicable,Not Applicable,North Of,,False,False,4773,ALMADEN EX,KOCH LN,37.28287449,-121.8823028
9164,682118,CR-0000091676,0,0,0,0,22-073-9705,False,True,,3/7/2022 7:35:00 PM,No Pedestrians Involved,Dry,Unknown,Dark - Street Light,Unknown,Controls Functioning,Unknown,Sideswipe,Related,Other Vehicle,Not Applicable,Not Applicable,North Of,,False,False,4619,ALMADEN EX,CAMDEN AV,37.22164561,-121.8622679
9165,683486,CR-0000093082,1,0,0,0,22-182-0522,False,False,22,7/1/2022 2:25:00 PM,No Pedestrians Involved,Dry,Other,Daylight,Unknown,Controls Functioning,Clear,Other,Related,Motorcycle,Not Applicable,Not Applicable,North Of,,False,False,4619,ALMADEN EX,CAMDEN AV,37.22164561,-121.8622679
9166,690919,CR-0000097081,0,1,0,0,23-039-0188,False,False,440,2/8/2023 8:15:00 AM,No Pedestrians Involved,Dry,No Unusual Conditions,Daylight,Bike At Fault,No Controls Present/Factor,Clear,Vehicle/Bike,Non-Related,Bike,Not Applicable,Not Applicable,West Of,BIKE,True,False,4619,ALMADEN EX,CAMDEN AV,37.22164561,-121.8622679
9167,691312,CR-0000097557,0,0,0,0,23-066-9701,False,False,,3/2/2023 3:49:00 PM,No Pedestrians Involved,Dry,No Unusual Conditions,Daylight,Unknown,Controls Functioning,Clear,Broadside,Related,Other Vehicle,Not Applicable,Not Applicable,West Of,,False,False,4619,ALMADEN EX,CAMDEN AV,37.22164561,-121.8622679
9168,696165,CR-0000099308,0,0,0,0,23-027-4005,False,True,51,1/27/2023 8:15:00 PM,No Pedestrians Involved,Unknown,Unknown,Unknown,Unknown,Unknown,Unknown,Rear End,Non-Related,Other Vehicle,Not Applicable,Not Applicable,North Of,,False,False,4619,ALMADEN EX,CAMDEN AV,37.22164561,-121.8622679
9169,698879,CR-0000100166,0,0,0,1,23-342-0743,False,False,1500,12/8/2023 5:07:00 PM,Crossing - Not In Crosswalk,Dry,No Unusual Conditions,Daylight,Pedestrian At Fault,No Controls Present/Factor,Clear,Vehicle/Pedestrian,Non-Related,Pedestrian,East,West,South Of,PED,False,False,4619,ALMADEN EX,CAMDEN AV,37.22164561,-121.8622679
9170,720927,CR-0000103162,0,0,0,0,24-046-9705,False,True,0,2/15/2024 8:20:00 AM,No Pedestrians Involved,Dry,Construction - Repair Zone,Daylight,Unknown,Unknown,Clear,Sideswipe,Intersection,Other Vehicle,Not Applicable,Not Applicable,At,,False,False,4619,ALMADEN EX,CAMDEN AV,37.22164561,-121.8622679
9171,695952,CR-0000099085,0,0,0,0,23-232-0151,True,False,17,8/20/2023 2:36:00 AM,No Pedestrians Involved,Dry,No Unusual Conditions,Dark - Street Light,Violation Driver 1,No Controls Present/Factor,Clear,Hit Object,Related,Fixed Object,Not Applicable,Not Applicable,South Of,TREE,False,False,89055,MAYKIRK RD,MERIDIAN AV,37.28265971,-121.9135072
9172,720887,CR-0000103090,0,0,0,0,24-028-0858,True,False,110,1/28/2024 11:12:00 PM,No Pedestrians Involved,Dry,No Unusual Conditions,Dark - Street Light,Violation Driver 1,No Controls Present/Factor,Clear,Hit Object,Non-Related,Fixed Object,Not Applicable,Not Applicable,South Of,"GUARD RAIL, TREE",True,False,89055,MAYKIRK RD,MERIDIAN AV,37.28265971,-121.9135072
9173,689136,CR-0000094997,0,0,0,0,22-314-0785,True,False,0,11/10/2022 6:22:00 PM,No Pedestrians Involved,Dry,No Unusual Conditions,Dark - Street Light,Violation Driver 1,Controls Functioning,Clear,Hit Object,Intersection,Fixed Object,Not Applicable,Not Applicable,At,"FENCE, STOP SIGN, LIGHT POLE",False,False,9570,ASBURY ST,SAN PEDRO ST,37.34906951,-121.9035896
9174,683190,CR-0000092810,0,0,0,0,22-137-4001,False,True,51,5/17/2022 10:22:00 AM,No Pedestrians Involved,Unknown,Unknown,Daylight,Unknown,Unknown,Unknown,Other,Non-Related,Parked Vehicle,Not Applicable,Not Applicable,East Of,,False,True,9570,ASBURY ST,SAN PEDRO ST,37.34906951,-121.9035896
9175,683112,CR-0000092692,0,0,0,0,22-056-4002,False,True,51,2/25/2022 7:20:00 PM,No Pedestrians Involved,Unknown,Unknown,Unknown,Unknown,Unknown,Unknown,Other,Non-Related,Parked Vehicle,Not Applicable,Not Applicable,West Of,,False,False,65537,GEORGE ST,MILLER ST,37.34721863,-121.9005577
9176,695794,CR-0000098859,0,1,0,0,23-265-0192,False,False,20,9/22/2023 7:45:00 AM,No Pedestrians Involved,Dry,No Unusual Conditions,Unknown,Violation Driver 1,Controls Functioning,Clear,Vehicle/Bike,Related,Bike,Not Applicable,Not Applicable,West Of,BIKE,False,True,99505,PAYNE AV,SPAICH DR,37.30131211,-121.9620779
9177,694183,CR-0000098094,1,0,0,0,23-112-0914,False,False,231,4/22/2023 11:19:00 PM,Crossing - Not In Crosswalk,Dry,No Unusual Conditions,Dark - Street Light,Pedestrian At Fault,Controls Functioning,Clear,Vehicle/Pedestrian,Non-Related,Pedestrian,North,South,West Of,PED,False,False,99505,PAYNE AV,SPAICH DR,37.30131211,-121.9620779
9178,722061,CR-0000103315,0,0,0,0,24-062-0670,False,False,63,3/2/2024 7:00:00 PM,No Pedestrians Involved,Wet,No Unusual Conditions,Dark - Street Light,Violation Driver 1,Controls Functioning,Rain,Broadside,Non-Related,Other Vehicle,Not Applicable,Not Applicable,East Of,,False,False,109955,SOUTHWEST EX,STOKES ST,37.30131887,-121.927663
9179,698774,CR-0000100055,1,0,0,0,23-338-0201,False,False,0,12/4/2023 8:12:00 AM,No Pedestrians Involved,Dry,No Unusual Conditions,Daylight,Violation Driver 1,No Controls Present/Factor,Fog,Broadside,Intersection,Other Vehicle,Not Applicable,Not Applicable,At,,False,False,69740,HAMILTON AV,MENDENHALL DR,37.293825,-121.974698
9180,698969,CR-0000100271,1,0,0,0,23-319-0636,False,False,136,11/15/2023 5:20:00 PM,No Pedestrians Involved,Wet,No Unusual Conditions,Dark - Street Light,Violation Driver 1,No Controls Present/Factor,Rain,Head On,Non-Related,Other Vehicle,Not Applicable,Not Applicable,East Of,,False,False,15421,BECK DR,HAMILTON AV,37.29403088,-121.9717401
9181,690410,CR-0000096508,0,0,0,0,22-347-0813,False,False,0,12/13/2022 2:36:00 PM,No Pedestrians Involved,Dry,No Unusual Conditions,Daylight,Violation Driver 1,No Controls Present/Factor,Clear,Sideswipe,Intersection,Parked Vehicle,Not Applicable,Not Applicable,At,,False,True,119382,PAYNE AV,WOODLAWN AV,37.30155072,-121.9472009
9182,683018,CR-0000092629,0,0,0,0,22-168-0004,False,False,266,6/17/2022 12:06:00 AM,No Pedestrians Involved,Dry,No Unusual Conditions,Dark - Street Light,Violation Driver 1,No Controls Present/Factor,Clear,Sideswipe,Non-Related,Parked Vehicle,Not Applicable,Not Applicable,North Of,,True,True,52469,DRIFTWOOD DR,TEAKWOOD DR,37.29845343,-121.9469716
9183,687426,CR-0000094205,2,0,0,0,22-250-0671,False,False,0,9/7/2022 3:39:00 PM,No Pedestrians Involved,Dry,No Unusual Conditions,Daylight,Violation Driver 1,No Controls Present/Factor,Clear,Broadside,Intersection,Other Vehicle,Not Applicable,Not Applicable,At,,False,False,14190,BASCOM AV,WHITETHORNE DR,37.30061534,-121.9316997
9184,689401,CR-0000095379,1,0,0,0,22-317-0572,False,False,0,11/13/2022 5:44:00 PM,Crossing In Crosswalk - At Intersection,Dry,No Unusual Conditions,Dark - Street Light,Violation Driver 1,No Controls Present/Factor,Clear,Vehicle/Pedestrian,Intersection,Pedestrian,North,South,At,PED,False,False,14190,BASCOM AV,WHITETHORNE DR,37.30061534,-121.9316997
9185,682529,CR-0000092096,0,0,1,0,22-095-0849,False,False,0,4/5/2022 8:00:00 PM,Crossing - Not In Crosswalk,Dry,No Unusual Conditions,Dark - Street Light,Pedestrian At Fault,Controls Functioning,Clear,Vehicle/Pedestrian,Intersection,Pedestrian,East,West,At,PED,False,False,14190,BASCOM AV,WHITETHORNE DR,37.30061534,-121.9316997
9186,690718,CR-0000096855,0,0,0,0,23-024-0910,False,False,231,1/24/2023 8:28:00 PM,No Pedestrians Involved,Dry,No Unusual Conditions,Dark - Street Light,Violation Driver 1,No Controls Present/Factor,Clear,Rear End,Non-Related,Parked Vehicle,Not Applicable,Not Applicable,West Of,,True,True,14190,BASCOM AV,WHITETHORNE DR,37.30061534,-121.9316997
9187,696242,CR-0000099389,0,0,1,0,23-175-0183,False,False,23,6/24/2023 6:49:00 AM,No Pedestrians Involved,Dry,No Unusual Conditions,Daylight,Violation Driver 1,No Controls Present/Factor,Clear,Broadside,Related,Motorcycle,Not Applicable,Not Applicable,East Of,,False,False,14190,BASCOM AV,WHITETHORNE DR,37.30061534,-121.9316997
9188,690716,CR-0000096853,0,0,0,0,23-027-0631,False,False,534,1/27/2023 5:00:00 PM,No Pedestrians Involved,Dry,No Unusual Conditions,Daylight,Violation Driver 1,Controls Functioning,Clear,Rear End,Non-Related,Parked Vehicle,Not Applicable,Not Applicable,East Of,,True,True,74480,HUFF AV,MAGLIOCCO DR,37.31313137,-121.9487592
9189,692401,CR-0000097684,0,0,0,0,23-080-0555,False,False,90,3/21/2023 3:19:00 PM,No Pedestrians Involved,Wet,Other,Daylight,Violation Driver 1,No Controls Present/Factor,Rain,Head On,Non-Related,Other Vehicle,Not Applicable,Not Applicable,West Of,,False,True,52106,DOWNING AV,GINGER LN,37.30520376,-121.9367075
9190,690457,CR-0000096565,0,0,0,0,22-245-1103,False,False,0,9/2/2022 11:10:00 PM,No Pedestrians Involved,Dry,No Unusual Conditions,Dark - Street Light,Violation Driver 1,Controls Functioning,Clear,Rear End,Intersection,Other Vehicle,Not Applicable,Not Applicable,At,,False,True,63458,FOXWORTHY AV,RICHLAND AV,37.27680502,-121.8846349
9191,715876,CR-0000101881,1,0,0,0,23-324-0807,False,False,103,11/20/2023 6:19:00 PM,No Pedestrians Involved,Dry,No Unusual Conditions,Dark - Street Light,Violation Driver 1,No Controls Present/Factor,Clear,Broadside,Non-Related,Other Vehicle,Not Applicable,Not Applicable,East Of,,False,False,63458,FOXWORTHY AV,RICHLAND AV,37.27680502,-121.8846349
9192,681892,CR-0000091374,0,1,0,0,22-054-0205,False,False,0,2/23/2022 8:00:00 AM,No Pedestrians Involved,Dry,No Unusual Conditions,Daylight,Violation Driver 1,No Controls Present/Factor,Clear,Vehicle/Bike,Intersection,Bike,Not Applicable,Not Applicable,At,BIKE,False,False,6324,ALVIN AV,BURDETTE DR,37.31934042,-121.8265409
9193,689124,CR-0000094989,0,0,0,0,22-310-0199,False,False,0,11/7/2022 9:14:00 AM,No Pedestrians Involved,Dry,No Unusual Conditions,Daylight,Violation Driver 1,Controls Functioning,Clear,Sideswipe,Intersection,Other Vehicle,Not Applicable,Not Applicable,At,POLICE VEHICLE INVOLVED,False,False,6324,ALVIN AV,BURDETTE DR,37.31934042,-121.8265409
9194,690066,CR-0000096134,0,0,0,0,22-311-0199,False,False,0,11/7/2022 9:14:00 AM,No Pedestrians Involved,Wet,No Unusual Conditions,Daylight,Violation Driver 1,Controls Functioning,Rain,Sideswipe,Related,Other Vehicle,Not Applicable,Not Applicable,At,POLICE VEHICLE INVOLVED,False,False,6324,ALVIN AV,BURDETTE DR,37.31934042,-121.8265409
9195,696331,CR-0000099487,0,1,0,0,23-296-0562,False,False,118,10/23/2023 2:24:00 PM,No Pedestrians Involved,Dry,No Unusual Conditions,Daylight,Violation Driver 1,No Controls Present/Factor,Clear,Vehicle/Bike,Non-Related,Scooter Motorized,Not Applicable,Not Applicable,North Of,E.SCOOTER,False,False,6324,ALVIN AV,BURDETTE DR,37.31934042,-121.8265409
9196,697602,CR-0000099818,2,0,0,0,23-303-0216,False,False,0,10/30/2023 8:32:00 AM,No Pedestrians Involved,Dry,No Unusual Conditions,Daylight,Violation Driver 1,Controls Functioning,Clear,Broadside,Intersection,Other Vehicle,Not Applicable,Not Applicable,At,,False,False,6324,ALVIN AV,BURDETTE DR,37.31934042,-121.8265409
9197,685315,CR-0000093996,0,0,0,0,22-250-0012,True,False,0,9/7/2022 12:03:00 AM,No Pedestrians Involved,Dry,No Unusual Conditions,Dark - Street Light,Violation Driver 1,No Controls Present/Factor,Clear,Rear End,Intersection,Parked Vehicle,Not Applicable,Not Applicable,At,LIGHT POLE,True,True,88186,MARSH ST,TERILYN AV,37.33559957,-121.8452427
9198,682122,CR-0000091644,1,0,0,0,22-108-0490,False,False,0,4/18/2022 3:04:00 PM,In Road - Includes Shoulder,Dry,No Unusual Conditions,Daylight,Violation Driver 1,No Controls Present/Factor,Clear,Vehicle/Pedestrian,Intersection,Pedestrian,No Direction (Not Walking),No Direction (Not Walking),At,PEDESTRIAN,False,False,88186,MARSH ST,TERILYN AV,37.33559957,-121.8452427
9199,682078,CR-0000091566,0,0,0,0,22-065-0790,False,False,420,3/5/2022 6:40:00 PM,No Pedestrians Involved,Dry,No Unusual Conditions,Dark - Street Light,Violation Driver 1,No Controls Present/Factor,Clear,Other,Non-Related,Other Vehicle,Not Applicable,Not Applicable,South Of,,False,True,88186,MARSH ST,TERILYN AV,37.33559957,-121.8452427
9200,690465,CR-0000096576,0,0,0,0,22-390-0839,False,False,200,12/5/2022 9:00:00 PM,No Pedestrians Involved,Dry,No Unusual Conditions,Dark - Street Light,Violation Driver 1,No Controls Present/Factor,Clear,Rear End,Non-Related,Parked Vehicle,Not Applicable,Not Applicable,South Of,,True,False,88186,MARSH ST,TERILYN AV,37.33559957,-121.8452427
9201,699093,CR-0000100408,0,0,0,0,23-165-0254,False,False,59,6/14/2023 9:55:00 AM,No Pedestrians Involved,Dry,No Unusual Conditions,Daylight,Violation Driver 1,No Controls Present/Factor,Clear,Hit Object,Non-Related,Fixed Object,Not Applicable,Not Applicable,East Of,Vehicle doing donuts,False,True,86294,LYNN AV,MARSH ST,37.33604194,-121.8445389
9202,720879,CR-0000103082,0,0,0,0,24-028-0307,False,False,29,1/27/2024 7:20:00 PM,No Pedestrians Involved,Dry,No Unusual Conditions,Dark - Street Light,Violation Driver 1,No Controls Present/Factor,Clear,Sideswipe,Related,Parked Vehicle,Not Applicable,Not Applicable,West Of,,True,True,86294,LYNN AV,MARSH ST,37.33604194,-121.8445389
9203,689497,CR-0000095474,0,1,0,0,22-350-0675,False,False,0,12/16/2022 5:56:00 PM,No Pedestrians Involved,Dry,No Unusual Conditions,Dark - Street Light,Violation Driver 1,No Controls Present/Factor,Clear,Broadside,Intersection,Other Vehicle,Not Applicable,Not Applicable,At,,False,False,69552,HALLBROOK DR,MERIDIAN AV,37.26018963,-121.9011965