_id,CrashFactId,Name,MinorInjuries,ModerateInjuries,SevereInjuries,FatalInjuries,TcrNumber,CityDamageFlag,ShortFormFlag,Distance,CrashDateTime,PedestrianAction,RoadwaySurface,RoadwayCondition,Lighting,PrimaryCollisionFactor,TrafficControl,Weather,CollisionType,ProximityToIntersection,VehicleInvolvedWith,PedestrianDirectionFrom,PedestrianDirectionTo,DirectionFromIntersection,Comment,SpeedingFlag,HitAndRunFlag,IntersectionNumber,AStreetName,BStreetName,Latitude,Longitude
9204,689736,CR-0000095748,1,0,0,0,22-349-0514,False,False,63,12/15/2022 2:46:00 PM,No Pedestrians Involved,Dry,No Unusual Conditions,Daylight,Violation Driver 1,Controls Functioning,Clear,Rear End,Non-Related,Other Vehicle,Not Applicable,Not Applicable,East Of,,True,False,85656,LOVEWOOD WY/SCHOONER CT,QUIMBY RD,37.32477695,-121.7940602
9205,698637,CR-0000099861,0,0,0,1,24-011-0126,False,False,267,1/11/2024 6:40:00 AM,In Road - Includes Shoulder,Dry,No Unusual Conditions,Dark - No Street Light,Unknown,No Controls Present/Factor,Clear,Vehicle/Pedestrian,Non-Related,Pedestrian,North,South,West Of,PED,False,True,85656,LOVEWOOD WY/SCHOONER CT,QUIMBY RD,37.32477695,-121.7940602
9206,719545,CR-0000102692,0,1,0,0,24-070-0474,False,False,368,3/10/2024 1:28:00 PM,No Pedestrians Involved,Dry,No Unusual Conditions,Daylight,Violation Driver 1,Unknown,Clear,Broadside,Non-Related,Other Vehicle,Not Applicable,Not Applicable,East Of,,False,False,85656,LOVEWOOD WY/SCHOONER CT,QUIMBY RD,37.32477695,-121.7940602
9207,696442,CR-0000099619,0,0,0,0,23-113-0157,False,False,56,4/22/2023 3:39:00 AM,No Pedestrians Involved,Dry,No Unusual Conditions,Dark - No Street Light,Violation Driver 1,No Controls Present/Factor,Clear,Rear End,Non-Related,Parked Vehicle,Not Applicable,Not Applicable,East Of,,False,False,86349,LYNVIEW DR,QUIMBY RD,37.32478861,-121.7918434
9208,682352,CR-0000091915,1,0,0,0,22-100-0125,False,False,340,4/10/2022 3:32:00 AM,No Pedestrians Involved,Dry,Unknown,Dark - Street Light,Violation Driver 1,No Controls Present/Factor,Clear,Rear End,Non-Related,Parked Vehicle,Not Applicable,Not Applicable,West Of,,False,False,48894,DAVIDWOOD WY,QUIMBY RD,37.32481725,-121.7896372
9209,689357,CR-0000095297,0,0,0,0,22-291-0800,False,False,0,10/18/2022 6:52:00 PM,No Pedestrians Involved,Dry,No Unusual Conditions,Daylight,Violation Driver 1,No Controls Present/Factor,Clear,Hit Object,Intersection,Fixed Object,Not Applicable,Not Applicable,At,Hydrant,False,False,103630,RENO DR,RIO BRAVO DR,37.33873406,-121.7898221
9210,691331,CR-0000097578,0,0,1,0,23-068-0697,False,False,0,3/9/2023 7:00:00 PM,Crossing - Not In Crosswalk,Wet,No Unusual Conditions,Dark - Street Light,Violation Driver 1,No Controls Present/Factor,Rain,Vehicle/Pedestrian,Intersection,Pedestrian,North,South,At,PED,False,True,61390,FLINT AV,TULLY RD,37.3374902,-121.7916805
9211,691366,CR-0000097615,1,0,0,0,23-061-0381,False,False,0,3/2/2023 11:48:00 AM,No Pedestrians Involved,Dry,No Unusual Conditions,Daylight,Violation Driver 1,No Controls Present/Factor,Clear,Hit Object,Intersection,Fixed Object,Not Applicable,Not Applicable,At,Tree,True,False,3893,ALLENCREST DR,ALMADEN EX,37.24850908,-121.875013
9212,682988,CR-0000092512,0,0,0,0,22-159-1105,False,False,45,6/8/2022 11:53:00 PM,No Pedestrians Involved,Dry,No Unusual Conditions,Dark - Street Light,Violation Driver 1,No Controls Present/Factor,Clear,Rear End,Related,Parked Vehicle,Not Applicable,Not Applicable,East Of,,True,True,19876,BLOSSOM HILL RD,BODIE CT,37.25145527,-121.8184658
9213,692587,CR-0000097878,0,1,0,0,23-098-0928,False,False,375,4/8/2023 10:51:00 PM,No Pedestrians Involved,Dry,No Unusual Conditions,Dark - Street Light,Violation Driver 1,Controls Functioning,Clear,Rear End,Non-Related,Parked Vehicle,Not Applicable,Not Applicable,West Of,,False,False,102960,RANDALL CT/SHELLY CT,SANTA TERESA BL,37.23684262,-121.8415503
9214,682937,CR-0000092545,0,0,0,0,22-162-0951,False,False,0,6/11/2022 10:35:00 PM,No Pedestrians Involved,Dry,No Unusual Conditions,Dark - Street Light,Violation Driver 1,Controls Functioning,Clear,Sideswipe,Intersection,Other Vehicle,Not Applicable,Not Applicable,At,,False,True,20217,BLOSSOM HILL RD,LEAN AV,37.25145946,-121.8174936
9215,682263,CR-0000091826,0,0,0,0,22-125-1095,False,False,,5/5/2022 11:55:00 PM,No Pedestrians Involved,Dry,No Unusual Conditions,Dark - Street Light,Violation Driver 1,Controls Functioning,Clear,Rear End,Related,Other Vehicle,Not Applicable,Not Applicable,West Of,,False,True,20217,BLOSSOM HILL RD,LEAN AV,37.25145946,-121.8174936
9216,681188,CR-0000090578,0,1,0,0,22-002-0612,False,False,51,1/2/2022 6:00:00 PM,No Pedestrians Involved,Dry,No Unusual Conditions,Dark - Street Light,Violation Driver 1,No Controls Present/Factor,Clear,Head On,Non-Related,Parked Vehicle,Not Applicable,Not Applicable,West Of,,False,False,20217,BLOSSOM HILL RD,LEAN AV,37.25145946,-121.8174936
9217,689198,CR-0000095125,1,1,0,0,22-277-0174,False,False,0,10/4/2022 7:30:00 AM,No Pedestrians Involved,Dry,No Unusual Conditions,Daylight,Violation Driver 1,Controls Functioning,Cloudy,Broadside,Intersection,Other Vehicle,Not Applicable,Not Applicable,At,,False,False,20217,BLOSSOM HILL RD,LEAN AV,37.25145946,-121.8174936
9218,688752,CR-0000094578,0,0,0,0,22-277-4000,False,True,51,10/4/2022 6:15:00 PM,No Pedestrians Involved,Unknown,Unknown,Dusk - Dawn,Unknown,Unknown,Unknown,Sideswipe,Non-Related,Other Vehicle,Not Applicable,Not Applicable,West Of,,False,True,20217,BLOSSOM HILL RD,LEAN AV,37.25145946,-121.8174936
9219,688882,CR-0000094740,1,1,0,0,22-227-0174,False,False,0,10/4/2022 7:30:00 AM,No Pedestrians Involved,Dry,No Unusual Conditions,Daylight,Violation Driver 1,Controls Functioning,Cloudy,Broadside,Intersection,Other Vehicle,Not Applicable,Not Applicable,At,,False,False,20217,BLOSSOM HILL RD,LEAN AV,37.25145946,-121.8174936
9220,683066,CR-0000092605,0,0,0,0,22-163-0017,False,False,230,6/12/2022 12:10:00 AM,No Pedestrians Involved,Dry,No Unusual Conditions,Dark - Street Light,Violation Driver 1,Unknown,Clear,Rear End,Non-Related,Parked Vehicle,Not Applicable,Not Applicable,East Of,,False,False,20217,BLOSSOM HILL RD,LEAN AV,37.25145946,-121.8174936
9221,691381,CR-0000097630,0,0,1,0,23-068-0847,True,False,51,3/9/2023 10:37:00 PM,No Pedestrians Involved,Wet,No Unusual Conditions,Dark - Street Light,Violation Driver 1,No Controls Present/Factor,Rain,Hit Object,Non-Related,Fixed Object,Not Applicable,Not Applicable,West Of,"Signage, cement block on the median",True,False,20217,BLOSSOM HILL RD,LEAN AV,37.25145946,-121.8174936
9222,689529,CR-0000095506,2,1,0,0,22-357-0559,False,False,0,12/23/2022 4:25:00 PM,No Pedestrians Involved,Dry,No Unusual Conditions,Daylight,Violation Driver 1,Unknown,Clear,Head On,Intersection,Other Vehicle,Not Applicable,Not Applicable,At,,False,False,20217,BLOSSOM HILL RD,LEAN AV,37.25145946,-121.8174936
9223,695868,CR-0000098933,0,0,0,0,23-095-4014,False,True,0,4/2/2023 2:20:00 PM,No Pedestrians Involved,Unknown,Unknown,Unknown,Unknown,Unknown,Unknown,Rear End,Intersection,Other Vehicle,Not Applicable,Not Applicable,At,,False,False,20217,BLOSSOM HILL RD,LEAN AV,37.25145946,-121.8174936
9224,683100,CR-0000092688,1,0,0,0,22-176-0440,False,False,0,6/27/2022 12:50:00 PM,No Pedestrians Involved,Dry,No Unusual Conditions,Daylight,Unknown,Controls Functioning,Clear,Broadside,Intersection,Other Vehicle,Not Applicable,Not Applicable,At,,False,False,20360,BLOSSOM HILL RD,POUGHKEEPSIE RD,37.25197646,-121.8075416
9225,684930,CR-0000093635,0,1,0,0,22-234-0882,False,False,640,8/22/2022 7:35:00 PM,No Pedestrians Involved,Dry,No Unusual Conditions,Dusk - Dawn,Violation Driver 1,No Controls Present/Factor,Clear,Broadside,Non-Related,Other Vehicle,Not Applicable,Not Applicable,East Of,,False,False,20360,BLOSSOM HILL RD,POUGHKEEPSIE RD,37.25197646,-121.8075416
9226,689447,CR-0000095422,1,0,0,0,22-327-0669,True,False,340,11/23/2022 7:39:00 PM,No Pedestrians Involved,Dry,No Unusual Conditions,Dark - Street Light,Violation Driver 1,No Controls Present/Factor,Clear,Rear End,Non-Related,Other Vehicle,Not Applicable,Not Applicable,East Of,TREE,True,False,20360,BLOSSOM HILL RD,POUGHKEEPSIE RD,37.25197646,-121.8075416
9227,681715,CR-0000091110,1,0,0,0,22-057-0159,False,False,1710,2/26/2022 6:28:00 AM,No Pedestrians Involved,Dry,No Unusual Conditions,Daylight,Violation Driver 1,Controls Functioning,Clear,Vehicle/Bike,Non-Related,Bike,Not Applicable,Not Applicable,North Of,Bike,True,False,20360,BLOSSOM HILL RD,POUGHKEEPSIE RD,37.25197646,-121.8075416
9228,696227,CR-0000099372,0,0,0,0,23-108-4004,False,True,,4/14/2023 3:30:00 PM,No Pedestrians Involved,Unknown,Unknown,Daylight,Unknown,Unknown,Unknown,Sideswipe,Related,Other Vehicle,Not Applicable,Not Applicable,East Of,,False,False,20360,BLOSSOM HILL RD,POUGHKEEPSIE RD,37.25197646,-121.8075416
9229,689760,CR-0000095779,1,0,0,0,22-178-0440,False,False,0,6/27/2022 12:50:00 PM,No Pedestrians Involved,Dry,No Unusual Conditions,Daylight,Unknown,Controls Functioning,Clear,Broadside,Intersection,Other Vehicle,Not Applicable,Not Applicable,At,,False,False,20360,BLOSSOM HILL RD,POUGHKEEPSIE RD,37.25197646,-121.8075416
9230,722305,CR-0000103599,0,0,0,0,24-089-0708,False,False,42,3/29/2024 7:09:00 PM,No Pedestrians Involved,Wet,No Unusual Conditions,Dusk - Dawn,Violation Driver 1,Controls Functioning,Cloudy,Rear End,Related,Other Vehicle,Not Applicable,Not Applicable,West Of,,False,True,20360,BLOSSOM HILL RD,POUGHKEEPSIE RD,37.25197646,-121.8075416
9231,694410,CR-0000098364,0,1,0,0,23-155-0420,False,False,400,6/4/2023 12:52:00 PM,No Pedestrians Involved,Dry,No Unusual Conditions,Daylight,Violation Driver 1,Controls Functioning,Clear,Sideswipe,Non-Related,Parked Vehicle,Not Applicable,Not Applicable,West Of,,False,False,79727,KING RD,WILLIAM ST,37.34833763,-121.8513005
9232,711544,CR-0000100916,0,0,0,0,23-209-9701,False,True,51,7/28/2023 8:00:00 AM,No Pedestrians Involved,Dry,No Unusual Conditions,Dark - No Street Light,Unknown,No Controls Present/Factor,Clear,Other,Non-Related,Parked Vehicle,Not Applicable,Not Applicable,East Of,,False,False,79727,KING RD,WILLIAM ST,37.34833763,-121.8513005
9233,696394,CR-0000099571,0,1,0,0,23-149-0754,False,False,120,5/29/2023 8:20:00 PM,No Pedestrians Involved,Dry,No Unusual Conditions,Dusk - Dawn,Unknown,Controls Functioning,Clear,Broadside,Non-Related,Other Vehicle,Not Applicable,Not Applicable,North Of,,False,False,52832,DUFFY WY,KING RD,37.34897739,-121.8518155
9234,682008,CR-0000091517,0,1,0,0,22-077-0869,False,False,225,3/18/2022 8:25:00 PM,No Pedestrians Involved,Dry,No Unusual Conditions,Dark - Street Light,Pedestrian At Fault,No Controls Present/Factor,Clear,Vehicle/Pedestrian,Non-Related,Pedestrian,Not Applicable,Not Applicable,West Of,PEDESTRIAN,False,False,6049,ALUM ROCK AV,KING RD,37.35280223,-121.8555274
9235,681273,CR-0000090659,1,0,0,0,22-008-0036,False,False,23,1/8/2022 1:01:00 AM,No Pedestrians Involved,Dry,No Unusual Conditions,Dark - Street Light,Violation Driver 1,Controls Functioning,Clear,Rear End,Related,Other Vehicle,Not Applicable,Not Applicable,North Of,,True,False,6049,ALUM ROCK AV,KING RD,37.35280223,-121.8555274
9236,681420,CR-0000090810,0,0,0,0,22-025-0355,False,False,45,1/25/2022 11:30:00 AM,No Pedestrians Involved,Dry,No Unusual Conditions,Daylight,Violation Driver 1,Controls Functioning,Clear,Sideswipe,Related,Other Vehicle,Not Applicable,Not Applicable,East Of,,True,False,6049,ALUM ROCK AV,KING RD,37.35280223,-121.8555274
9237,682490,CR-0000092057,0,0,0,0,22-091-1026,False,False,0,4/1/2022 10:56:00 PM,No Pedestrians Involved,Dry,No Unusual Conditions,Dark - Street Light,Violation Driver 1,Controls Functioning,Cloudy,Broadside,Intersection,Other Vehicle,Not Applicable,Not Applicable,At,,False,True,6049,ALUM ROCK AV,KING RD,37.35280223,-121.8555274
9238,688994,CR-0000094854,1,0,0,0,22-303-0580,False,False,0,10/30/2022 3:53:00 PM,No Pedestrians Involved,Dry,No Unusual Conditions,Daylight,Violation Driver 1,Controls Functioning,Clear,Broadside,Intersection,Other Vehicle,Not Applicable,Not Applicable,At,,False,False,6049,ALUM ROCK AV,KING RD,37.35280223,-121.8555274
9239,686423,CR-0000094193,0,0,0,0,22-267-0410,False,False,64,9/24/2022 11:17:00 AM,No Pedestrians Involved,Dry,No Unusual Conditions,Daylight,Violation Driver 1,Controls Functioning,Clear,Rear End,Non-Related,Other Vehicle,Not Applicable,Not Applicable,North Of,,True,True,6049,ALUM ROCK AV,KING RD,37.35280223,-121.8555274
9240,687456,CR-0000094235,4,0,0,0,22-254-0445,False,False,0,9/11/2022 12:50:00 PM,No Pedestrians Involved,Dry,No Unusual Conditions,Daylight,Violation Driver 1,Controls Functioning,Clear,Broadside,Intersection,Other Vehicle,Not Applicable,Not Applicable,At,,False,False,6049,ALUM ROCK AV,KING RD,37.35280223,-121.8555274
9241,695957,CR-0000099090,0,0,0,0,23-242-0347,False,False,150,8/30/2023 10:27:00 AM,No Pedestrians Involved,Dry,No Unusual Conditions,Daylight,Violation Driver 1,No Controls Present/Factor,Clear,Sideswipe,Non-Related,Other Vehicle,Not Applicable,Not Applicable,West Of,,False,True,6049,ALUM ROCK AV,KING RD,37.35280223,-121.8555274
9242,696045,CR-0000099180,0,0,0,0,23-209-0646,False,False,,7/28/2023 7:00:00 PM,No Pedestrians Involved,Dry,No Unusual Conditions,Daylight,Violation Driver 1,Controls Functioning,Clear,Sideswipe,Related,Other Vehicle,Not Applicable,Not Applicable,East Of,,True,True,6049,ALUM ROCK AV,KING RD,37.35280223,-121.8555274
9243,694807,CR-0000098845,0,1,0,0,23-222-0443,True,False,72,8/10/2023 1:06:00 PM,No Pedestrians Involved,Dry,No Unusual Conditions,Daylight,Violation Driver 1,No Controls Present/Factor,Clear,Hit Object,Non-Related,Fixed Object,Not Applicable,Not Applicable,East Of,light pole,False,False,6049,ALUM ROCK AV,KING RD,37.35280223,-121.8555274
9244,694752,CR-0000098786,2,0,0,0,23-232-0615,False,False,0,8/20/2023 3:31:00 PM,No Pedestrians Involved,Dry,No Unusual Conditions,Daylight,Violation Driver 1,Controls Functioning,Clear,Sideswipe,Intersection,Other Vehicle,Not Applicable,Not Applicable,At,,False,False,6049,ALUM ROCK AV,KING RD,37.35280223,-121.8555274
9245,698639,CR-0000099864,0,1,0,0,23-237-1028,False,False,0,8/25/2023 11:40:00 PM,No Pedestrians Involved,Dry,No Unusual Conditions,Dark - Street Light Not Functioning,Violation Driver 1,Controls Functioning,Clear,Broadside,Intersection,Other Vehicle,Not Applicable,Not Applicable,At,,False,True,6049,ALUM ROCK AV,KING RD,37.35280223,-121.8555274
9246,699247,CR-0000100569,0,0,0,0,23-168-0804,True,False,27,6/17/2023 9:01:00 PM,No Pedestrians Involved,Dry,No Unusual Conditions,Dark - Street Light,Violation Driver 1,Controls Functioning,Clear,Hit Object,Related,Fixed Object,Not Applicable,Not Applicable,East Of,Concrete Divider,True,False,6049,ALUM ROCK AV,KING RD,37.35280223,-121.8555274
9247,689866,CR-0000095892,0,0,1,0,22-332-0640,False,False,0,11/28/2022 5:12:00 PM,No Pedestrians Involved,Dry,No Unusual Conditions,Dark - Street Light,Violation Driver 1,Controls Functioning,Clear,Vehicle/Bike,Intersection,Bike,Not Applicable,Not Applicable,At,BIKE,False,False,6049,ALUM ROCK AV,KING RD,37.35280223,-121.8555274
9248,690065,CR-0000096145,0,0,0,0,22-329-0132,False,False,0,11/25/2022 6:30:00 AM,No Pedestrians Involved,Dry,No Unusual Conditions,Daylight,Violation Driver 1,Controls Functioning,Clear,Broadside,Intersection,Other Vehicle,Not Applicable,Not Applicable,At,,False,False,6049,ALUM ROCK AV,KING RD,37.35280223,-121.8555274
9249,689522,CR-0000095499,0,0,0,0,22-355-0077,False,False,0,12/21/2022 3:34:00 AM,No Pedestrians Involved,Dry,No Unusual Conditions,Dark - Street Light,Violation Driver 1,Controls Functioning,Clear,Broadside,Intersection,Other Vehicle,Not Applicable,Not Applicable,At,,False,True,6049,ALUM ROCK AV,KING RD,37.35280223,-121.8555274
9250,690624,CR-0000096745,2,0,0,0,23-019-0244,False,False,0,1/19/2023 9:55:00 AM,No Pedestrians Involved,Dry,No Unusual Conditions,Daylight,Violation Driver 1,Controls Functioning,Clear,Rear End,Intersection,Other Vehicle,Not Applicable,Not Applicable,At,,True,False,6049,ALUM ROCK AV,KING RD,37.35280223,-121.8555274
9251,691268,CR-0000097513,0,0,0,0,23-080-4002,False,True,51,2/16/2023 1:20:00 PM,No Pedestrians Involved,Unknown,Unknown,Unknown,Unknown,Unknown,Unknown,Other,Non-Related,Other Vehicle,Not Applicable,Not Applicable,West Of,,False,False,6049,ALUM ROCK AV,KING RD,37.35280223,-121.8555274
9252,690866,CR-0000097008,1,0,0,0,23-017-0359,False,False,0,1/17/2023 11:25:00 AM,Crossing In Crosswalk - At Intersection,Dry,No Unusual Conditions,Daylight,Violation Driver 1,Controls Functioning,Clear,Vehicle/Pedestrian,Intersection,Wheelchair,South,North,At,Electric Wheel Chair,True,False,6049,ALUM ROCK AV,KING RD,37.35280223,-121.8555274
9253,711782,CR-0000101376,0,0,0,0,23-309-0244,False,False,96,11/5/2023 6:50:00 AM,No Pedestrians Involved,Dry,No Unusual Conditions,Unknown,Violation Driver 1,Unknown,Clear,Sideswipe,Non-Related,Parked Vehicle,Not Applicable,Not Applicable,North Of,,False,False,6049,ALUM ROCK AV,KING RD,37.35280223,-121.8555274
9254,715921,CR-0000101908,2,0,0,0,23-334-0714,False,False,45,11/30/2023 6:01:00 PM,No Pedestrians Involved,Dry,No Unusual Conditions,Dark - Street Light,Violation Driver 1,Controls Functioning,Clear,Rear End,Related,Other Vehicle,Not Applicable,Not Applicable,North Of,,False,False,6049,ALUM ROCK AV,KING RD,37.35280223,-121.8555274
9255,720909,CR-0000103135,0,0,0,0,24-030-9708,False,True,50,1/30/2024 5:17:00 AM,No Pedestrians Involved,Dry,No Unusual Conditions,Dark - Street Light,Unknown,Controls Functioning,Cloudy,Sideswipe,Related,Other Vehicle,Not Applicable,Not Applicable,East Of,,False,True,6049,ALUM ROCK AV,KING RD,37.35280223,-121.8555274
9256,716210,CR-0000102188,1,0,0,0,24-043-0167,False,False,62,2/12/2024 8:34:00 AM,No Pedestrians Involved,Dry,No Unusual Conditions,Daylight,Violation Driver 1,Controls Functioning,Clear,Rear End,Non-Related,Other Vehicle,Not Applicable,Not Applicable,East Of,,True,False,6049,ALUM ROCK AV,KING RD,37.35280223,-121.8555274
9257,695848,CR-0000098913,0,0,0,0,23-106-9704,False,True,51,4/15/2023 7:00:00 AM,No Pedestrians Involved,Dry,No Unusual Conditions,Unknown,Unknown,No Controls Present/Factor,Clear,Other,Non-Related,Parked Vehicle,Not Applicable,Not Applicable,West Of,,False,False,132659,HERMOCILLA WY,MERION DR,37.34571912,-121.8526789
9258,699233,CR-0000100555,0,0,0,0,23-164-4004,False,True,51,6/13/2023 4:58:00 PM,No Pedestrians Involved,Unknown,Unknown,Unknown,Unknown,Unknown,Unknown,Sideswipe,Non-Related,Other Vehicle,Not Applicable,Not Applicable,East Of,,False,False,56210,ELM ST,TAYLOR ST,37.33881448,-121.915899
9259,690885,CR-0000097029,0,0,0,0,23-016-4002,False,True,51,1/12/2023 4:20:00 PM,No Pedestrians Involved,Unknown,Unknown,Unknown,Violation Driver 1,Unknown,Unknown,Sideswipe,Non-Related,Other Vehicle,Not Applicable,Not Applicable,Unknown,,False,False,94820,MYRTLE ST,TAYLOR ST,37.33796211,-121.9171155
9260,716099,CR-0000102046,1,0,0,0,24-019-0628,False,False,0,1/19/2024 5:02:00 PM,No Pedestrians Involved,Wet,No Unusual Conditions,Dark - Street Light,Violation Driver 1,No Controls Present/Factor,Rain,Rear End,Intersection,Other Vehicle,Not Applicable,Not Applicable,At,,True,True,94820,MYRTLE ST,TAYLOR ST,37.33796211,-121.9171155
9261,690709,CR-0000096846,0,1,0,0,23-009-0719,False,False,0,1/9/2023 6:15:00 PM,Crossing In Crosswalk - At Intersection,Dry,No Unusual Conditions,Dark - Street Light,Violation Driver 1,No Controls Present/Factor,Clear,Vehicle/Pedestrian,Intersection,Pedestrian,South,North,At,PED,False,False,112310,TRISTIAN AV,WHITE RD,37.38064144,-121.8398086
9262,696360,CR-0000099516,1,0,0,0,23-300-0268,False,False,0,10/27/2023 9:20:00 AM,No Pedestrians Involved,Dry,No Unusual Conditions,Daylight,Violation Driver 1,No Controls Present/Factor,Clear,Broadside,Intersection,Other Vehicle,Not Applicable,Not Applicable,At,,False,False,63579,FRANCIS DR,KENTRIDGE DR,37.3754081,-121.8387213
9263,690052,CR-0000096128,0,0,0,0,22-307-0425,False,False,371,11/3/2022 12:40:00 PM,No Pedestrians Involved,Dry,Unknown,Daylight,Violation Driver 1,Unknown,Clear,Rear End,Non-Related,Parked Vehicle,Not Applicable,Not Applicable,West Of,,False,False,63249,FOXRIDGE PL/WY,GLEN FIRTH DR,37.38254613,-121.8482702
9264,681846,CR-0000091300,2,0,0,0,22-093-9707,False,True,51,3/17/2022 4:25:00 PM,No Pedestrians Involved,Dry,No Unusual Conditions,Daylight,Unknown,Controls Functioning,Clear,Rear End,Non-Related,Other Vehicle,Not Applicable,Not Applicable,East Of,,False,False,33660,CAROBWOOD LN,LANDESS AV,37.41949455,-121.866819
9265,691391,CR-0000097640,0,0,0,0,23-063-0495,False,False,800,3/4/2023 4:20:00 PM,No Pedestrians Involved,Wet,No Unusual Conditions,Daylight,Unknown,No Controls Present/Factor,Clear,Hit Object,Non-Related,Fixed Object,Not Applicable,Not Applicable,East Of,Fence gate,False,False,14662,BAY LAUREL LN,SUNCREST AV,37.39888275,-121.8376783
9266,722240,CR-0000103506,0,0,0,0,24-083-0853,False,False,198,3/23/2024 10:16:00 PM,No Pedestrians Involved,Dry,No Unusual Conditions,Dark - Street Light,Violation Driver 1,Controls Functioning,Cloudy,Hit Object,Non-Related,Fixed Object,Not Applicable,Not Applicable,East Of,,False,False,23979,BRANHAM LN,PASEO TRANQUILLO,37.25259274,-121.9049089
9267,712178,CR-0000101609,0,0,0,0,23-360-4006,False,True,0,12/26/2023 1:00:00 PM,No Pedestrians Involved,Unknown,Unknown,Unknown,Unknown,Unknown,Unknown,Rear End,Intersection,Other Vehicle,Not Applicable,Not Applicable,At,,False,False,127588,COPPERFIELD DR,VISTAPARK DR,37.27702036,-121.8537287
9268,712179,CR-0000101610,0,0,0,0,23-360-4008,False,True,51,12/26/2023 4:15:00 PM,No Pedestrians Involved,Unknown,Unknown,Unknown,Unknown,Unknown,Unknown,Other,Non-Related,Parked Vehicle,Not Applicable,Not Applicable,North Of,,False,False,127588,COPPERFIELD DR,VISTAPARK DR,37.27702036,-121.8537287
9269,691047,CR-0000097220,0,1,0,0,23-044-0450,False,False,0,2/13/2023 1:36:00 PM,No Pedestrians Involved,Dry,No Unusual Conditions,Daylight,Violation Driver 1,Controls Functioning,Clear,Broadside,Intersection,Other Vehicle,Not Applicable,Not Applicable,At,,True,False,2837,ALAN AV,NORA WY,37.2432375,-121.9077465
9270,681282,CR-0000090667,2,0,0,0,22-009-0445,False,False,1132,1/9/2022 2:18:00 PM,No Pedestrians Involved,Dry,No Unusual Conditions,Daylight,Violation Driver 1,No Controls Present/Factor,Clear,Hit Object,Non-Related,Fixed Object,Not Applicable,Not Applicable,North Of,PG&E POLE,False,False,114036,MONTEREY RD,SYCAMORE AV,37.20018185,-121.7224885
9271,689906,CR-0000095934,0,0,1,0,22-362-0751,False,False,,12/28/2022 8:15:00 PM,No Pedestrians Involved,Dry,Unknown,Dark - No Street Light,Violation Driver 1,No Controls Present/Factor,Cloudy,Rear End,Related,Other Vehicle,Not Applicable,Not Applicable,North Of,,True,False,114036,MONTEREY RD,SYCAMORE AV,37.20018185,-121.7224885
9272,715841,CR-0000101855,0,0,0,0,23-133-0065,True,False,2675,5/13/2023 1:29:00 AM,No Pedestrians Involved,Dry,No Unusual Conditions,Dark - Street Light,Unknown,No Controls Present/Factor,Clear,Hit Object,Non-Related,Fixed Object,Not Applicable,Not Applicable,South Of,TREE,True,False,114036,MONTEREY RD,SYCAMORE AV,37.20018185,-121.7224885
9273,682126,CR-0000091645,2,0,0,0,22-110-0373,False,False,,4/20/2022 11:35:00 AM,No Pedestrians Involved,Dry,No Unusual Conditions,Daylight,Violation Driver 1,Controls Functioning,Clear,Rear End,Related,Other Vehicle,Not Applicable,Not Applicable,North Of,,True,False,17192,BERNAL RD,SANTA TERESA BL,37.22686439,-121.7768437
9274,691115,CR-0000097311,0,0,0,0,23-047-4004,False,True,0,2/16/2023 12:50:00 PM,No Pedestrians Involved,Unknown,Unknown,Unknown,Unknown,Unknown,Unknown,Rear End,Intersection,Other Vehicle,Not Applicable,Not Applicable,At,,False,False,17192,BERNAL RD,SANTA TERESA BL,37.22686439,-121.7768437
9275,694068,CR-0000097895,2,0,0,0,23-118-0900,False,False,0,4/28/2023 9:48:00 PM,No Pedestrians Involved,Dry,No Unusual Conditions,Dark - Street Light,Violation Driver 1,Controls Functioning,Clear,Broadside,Intersection,Other Vehicle,Not Applicable,Not Applicable,At,,False,False,17192,BERNAL RD,SANTA TERESA BL,37.22686439,-121.7768437
9276,711785,CR-0000101147,0,0,0,0,23-287-9703,False,True,51,10/13/2023 6:15:00 PM,No Pedestrians Involved,Dry,No Unusual Conditions,Daylight,Unknown,No Controls Present/Factor,Clear,Sideswipe,Non-Related,Other Vehicle,Not Applicable,Not Applicable,North Of,,False,False,17192,BERNAL RD,SANTA TERESA BL,37.22686439,-121.7768437
9277,711755,CR-0000100960,0,0,0,0,23-194-4004,False,True,0,7/13/2023 1:15:00 PM,No Pedestrians Involved,Unknown,Unknown,Unknown,Unknown,Unknown,Unknown,Rear End,Intersection,Unknown,Not Applicable,Not Applicable,At,,False,False,17192,BERNAL RD,SANTA TERESA BL,37.22686439,-121.7768437
9278,722199,CR-0000103465,0,0,0,0,24-078-0066,False,False,210,3/18/2024 2:14:00 AM,No Pedestrians Involved,Dry,No Unusual Conditions,Dark - Street Light,Unknown,No Controls Present/Factor,Clear,Rear End,Non-Related,Parked Vehicle,Not Applicable,Not Applicable,South Of,,False,True,43911,COSTA MESA DR,SAN RAMON WY,37.2818229,-121.8270889
9279,722035,CR-0000103289,0,0,0,0,24-060-4003,False,True,51,2/28/2024 8:41:00 PM,No Pedestrians Involved,Unknown,Unknown,Unknown,Unknown,Unknown,Unknown,Other,Non-Related,Parked Vehicle,Not Applicable,Not Applicable,North Of,,False,False,78650,KELEZ CT,KELEZ DR,37.22789005,-121.8713964