_id,CrashFactId,Name,MinorInjuries,ModerateInjuries,SevereInjuries,FatalInjuries,TcrNumber,CityDamageFlag,ShortFormFlag,Distance,CrashDateTime,PedestrianAction,RoadwaySurface,RoadwayCondition,Lighting,PrimaryCollisionFactor,TrafficControl,Weather,CollisionType,ProximityToIntersection,VehicleInvolvedWith,PedestrianDirectionFrom,PedestrianDirectionTo,DirectionFromIntersection,Comment,SpeedingFlag,HitAndRunFlag,IntersectionNumber,AStreetName,BStreetName,Latitude,Longitude
9280,683081,CR-0000092666,1,1,0,0,22-139-1083,False,False,0,5/19/2022 10:54:00 PM,No Pedestrians Involved,Dry,No Unusual Conditions,Dark - Street Light,Violation Driver 1,Controls Functioning,Clear,Broadside,Intersection,Other Vehicle,Not Applicable,Not Applicable,At,,False,True,23506,BRANHAM LN,CHERRY AV,37.26069309,-121.8853278
9281,684783,CR-0000093354,0,1,0,0,22-182-0643,False,False,69,7/1/2022 4:52:00 PM,No Pedestrians Involved,Dry,No Unusual Conditions,Daylight,Bike At Fault,Unknown,Clear,Vehicle/Bike,Non-Related,Bike,Not Applicable,Not Applicable,North Of,BIKE,False,False,23506,BRANHAM LN,CHERRY AV,37.26069309,-121.8853278
9282,692499,CR-0000097787,2,0,0,0,23-074-0624,False,False,93,3/15/2023 3:14:00 PM,No Pedestrians Involved,Dry,No Unusual Conditions,Daylight,Violation Driver 1,Controls Functioning,Clear,Rear End,Non-Related,Other Vehicle,Not Applicable,Not Applicable,West Of,,False,False,23506,BRANHAM LN,CHERRY AV,37.26069309,-121.8853278
9283,694128,CR-0000097985,0,0,1,0,23-076-0929,False,False,27,3/17/2023 10:00:00 PM,Crossing In Crosswalk - At Intersection,Dry,No Unusual Conditions,Dark - Street Light,Violation Driver 1,Controls Functioning,Clear,Vehicle/Pedestrian,Related,Pedestrian,South,North,East Of,PEDESTRIAN,False,False,23506,BRANHAM LN,CHERRY AV,37.26069309,-121.8853278
9284,696162,CR-0000099305,0,0,0,0,23-100-4004,False,True,51,4/10/2023 7:45:00 PM,No Pedestrians Involved,Unknown,Unknown,Unknown,Unknown,Unknown,Unknown,Sideswipe,Non-Related,Other Vehicle,Not Applicable,Not Applicable,East Of,,False,False,23506,BRANHAM LN,CHERRY AV,37.26069309,-121.8853278
9285,699306,CR-0000100631,0,0,0,0,23-172-4000,False,True,0,6/20/2023 10:15:00 PM,No Pedestrians Involved,Unknown,Unknown,Unknown,Unknown,Unknown,Unknown,Rear End,Intersection,Unknown,Not Applicable,Not Applicable,At,,False,False,23506,BRANHAM LN,CHERRY AV,37.26069309,-121.8853278
9286,717489,CR-0000102531,1,0,0,0,24-090-0191,False,False,0,3/30/2024 7:03:00 AM,No Pedestrians Involved,Wet,Unknown,Daylight,Violation Driver 1,Controls Functioning,Cloudy,Broadside,Intersection,Motor Vehicle On Other Roadway,Not Applicable,Not Applicable,At,,True,False,23506,BRANHAM LN,CHERRY AV,37.26069309,-121.8853278
9287,684923,CR-0000093591,1,0,0,0,22-230-0484,False,False,0,8/18/2022 1:22:00 PM,No Pedestrians Involved,Dry,No Unusual Conditions,Daylight,Violation Driver 1,Controls Functioning,Clear,Broadside,Intersection,Other Vehicle,Not Applicable,Not Applicable,At,,False,False,37620,CHERRY AV,HUSTED AV,37.28197143,-121.8950755
9288,683115,CR-0000092733,0,0,0,0,22-130-0427,False,False,42,5/10/2022 12:35:00 PM,No Pedestrians Involved,Dry,No Unusual Conditions,Daylight,Violation Driver 1,Unknown,Clear,Rear End,Related,Other Vehicle,Not Applicable,Not Applicable,North Of,,False,True,86570,MABURY RD,TIMOTHY DR,37.36215975,-121.8812346
9289,684760,CR-0000093477,1,0,0,0,22-193-0838,False,False,0,7/12/2022 7:59:00 PM,No Pedestrians Involved,Dry,No Unusual Conditions,Daylight,Violation Driver 1,Controls Functioning,Clear,Vehicle/Bike,Intersection,Scooter Motorized,Not Applicable,Not Applicable,At,E-Scooter,False,False,129161,CLASSICO AV,CORTONA DR,37.3130182,-121.7756485
9290,711987,CR-0000101197,0,0,0,0,23-307-4001,False,True,,11/3/2023 11:45:00 AM,No Pedestrians Involved,Unknown,Unknown,Unknown,Unknown,Unknown,Unknown,Other,Related,Unknown,Not Applicable,Not Applicable,Unknown,,False,False,138192,CLASSICO AV,EVERGREEN VILLAGE SQ,37.31370207,-121.7744205
9291,711684,CR-0000100962,0,0,0,0,23-207-4001,False,True,0,7/26/2023 12:05:00 PM,No Pedestrians Involved,Unknown,Unknown,Unknown,Unknown,Unknown,Unknown,Other,Intersection,Other Vehicle,Not Applicable,Not Applicable,At,,False,False,138192,CLASSICO AV,EVERGREEN VILLAGE SQ,37.31370207,-121.7744205
9292,682863,CR-0000092420,3,1,0,0,22-147-0858,False,False,0,5/27/2022 7:03:00 PM,No Pedestrians Involved,Dry,No Unusual Conditions,Daylight,Violation Driver 1,No Controls Present/Factor,Clear,Head On,Intersection,Motor Vehicle On Other Roadway,Not Applicable,Not Applicable,At,,False,False,27224,BURL CT/BURL WY,TIMBERLINE DR,37.30781971,-121.7840662
9293,682276,CR-0000091835,1,1,0,0,22-115-0664,False,False,0,4/25/2022 11:33:00 PM,No Pedestrians Involved,Dry,No Unusual Conditions,Daylight,Violation Driver 1,Controls Functioning,Clear,Head On,Intersection,Other Vehicle,Not Applicable,Not Applicable,At,,True,False,124002,MENARD DR,MONTEREY RD,37.23390426,-121.7657444
9294,682087,CR-0000091581,0,0,0,0,22-087-4002,False,True,0,3/28/2022 8:27:00 AM,No Pedestrians Involved,Unknown,Unknown,Daylight,Unknown,Unknown,Unknown,Sideswipe,Intersection,Other Vehicle,Not Applicable,Not Applicable,At,,False,False,124002,MENARD DR,MONTEREY RD,37.23390426,-121.7657444
9295,689285,CR-0000095248,0,0,0,0,22-308-0182,True,False,1439,11/4/2022 7:48:00 AM,No Pedestrians Involved,Unknown,No Unusual Conditions,Daylight,Violation Driver 1,No Controls Present/Factor,Cloudy,Hit Object,Non-Related,Fixed Object,Not Applicable,Not Applicable,North Of,LIGHT POLE/WILD HOG,True,True,124002,MENARD DR,MONTEREY RD,37.23390426,-121.7657444
9296,684856,CR-0000093497,0,0,0,0,22-193-0467,False,False,0,7/12/2022 12:45:00 PM,No Pedestrians Involved,Dry,No Unusual Conditions,Daylight,Violation Driver 1,Controls Functioning,Clear,Sideswipe,Intersection,Other Vehicle,Not Applicable,Not Applicable,At,,False,True,20338,BLOSSOM HILL RD,SANTA TERESA BL,37.2503584,-121.8588765
9297,681690,CR-0000091085,4,0,0,0,22-071-0459,False,False,178,3/12/2022 1:20:00 PM,No Pedestrians Involved,Dry,No Unusual Conditions,Daylight,Violation Driver 1,Controls Functioning,Clear,Rear End,Non-Related,Other Vehicle,Not Applicable,Not Applicable,North Of,,True,False,20338,BLOSSOM HILL RD,SANTA TERESA BL,37.2503584,-121.8588765
9298,682379,CR-0000091942,1,1,0,0,22-105-0369,False,False,160,4/15/2022 12:43:00 PM,No Pedestrians Involved,Dry,No Unusual Conditions,Daylight,Violation Driver 1,No Controls Present/Factor,Clear,Broadside,Non-Related,Other Vehicle,Not Applicable,Not Applicable,West Of,,False,False,20338,BLOSSOM HILL RD,SANTA TERESA BL,37.2503584,-121.8588765
9299,699379,CR-0000100706,0,0,0,0,23-207-0108,True,False,150,7/26/2023 2:59:00 AM,No Pedestrians Involved,Dry,No Unusual Conditions,Dark - Street Light,Violation Driver 1,Controls Functioning,Clear,Hit Object,Non-Related,Fixed Object,Not Applicable,Not Applicable,South Of,SIGN,False,False,20338,BLOSSOM HILL RD,SANTA TERESA BL,37.2503584,-121.8588765
9300,694600,CR-0000098624,2,0,1,0,23-204-0688,False,False,21,7/23/2023 5:34:00 PM,No Pedestrians Involved,Dry,No Unusual Conditions,Daylight,Violation Driver 1,Controls Functioning,Clear,Hit Object,Related,Fixed Object,Not Applicable,Not Applicable,West Of,,True,False,20338,BLOSSOM HILL RD,SANTA TERESA BL,37.2503584,-121.8588765
9301,694580,CR-0000098604,1,1,1,0,23-186-0694,False,False,0,7/5/2023 5:27:00 PM,No Pedestrians Involved,Dry,No Unusual Conditions,Daylight,Violation Driver 1,Controls Functioning,Clear,Broadside,Intersection,Motor Vehicle On Other Roadway,Not Applicable,Not Applicable,At,,True,False,20338,BLOSSOM HILL RD,SANTA TERESA BL,37.2503584,-121.8588765
9302,694332,CR-0000098276,1,0,0,0,23-171-0867,False,False,253,6/20/2023 7:14:00 PM,Not In Road,Dry,No Unusual Conditions,Daylight,Violation Driver 1,Controls Functioning,Clear,Vehicle/Pedestrian,Non-Related,Pedestrian,West,East,West Of,PED,False,False,20338,BLOSSOM HILL RD,SANTA TERESA BL,37.2503584,-121.8588765
9303,691172,CR-0000097374,0,0,0,0,23-048-0756,False,False,0,2/17/2023 7:10:00 PM,No Pedestrians Involved,Dry,No Unusual Conditions,Dark - Street Light,Violation Driver 1,Controls Functioning,Clear,Head On,Intersection,Other Vehicle,Not Applicable,Not Applicable,At,,False,True,20338,BLOSSOM HILL RD,SANTA TERESA BL,37.2503584,-121.8588765
9304,690162,CR-0000096251,0,0,0,0,22-179-9706,False,True,51,6/24/2022 5:49:00 PM,No Pedestrians Involved,Dry,No Unusual Conditions,Daylight,Violation Driver 1,Controls Functioning,Clear,Rear End,Non-Related,Other Vehicle,Not Applicable,Not Applicable,South Of,,False,True,20338,BLOSSOM HILL RD,SANTA TERESA BL,37.2503584,-121.8588765
9305,715868,CR-0000101853,0,0,0,0,23-143-4002,False,True,51,5/23/2023 11:45:00 AM,No Pedestrians Involved,Unknown,Unknown,Unknown,Unknown,Unknown,Unknown,Rear End,Non-Related,Other Vehicle,Not Applicable,Not Applicable,West Of,,False,True,20338,BLOSSOM HILL RD,SANTA TERESA BL,37.2503584,-121.8588765
9306,716084,CR-0000102026,1,0,0,0,24-013-0669,False,False,0,1/13/2024 7:08:00 PM,No Pedestrians Involved,Dry,No Unusual Conditions,Dark - Street Light,Violation Driver 1,Controls Functioning,Clear,Rear End,Intersection,Other Vehicle,Not Applicable,Not Applicable,At,,True,False,20338,BLOSSOM HILL RD,SANTA TERESA BL,37.2503584,-121.8588765
9307,717436,CR-0000102460,1,0,0,0,24-085-0301,False,False,0,3/25/2024 10:05:00 AM,Crossing - Not In Crosswalk,Dry,No Unusual Conditions,Daylight,Pedestrian At Fault,Controls Functioning,Clear,Vehicle/Pedestrian,Intersection,Pedestrian,West,East,At,PED,False,False,20338,BLOSSOM HILL RD,SANTA TERESA BL,37.2503584,-121.8588765
9308,722348,CR-0000103642,0,0,0,0,24-094-9703,False,True,,4/2/2024 7:50:00 PM,No Pedestrians Involved,Dry,Other,Dark - Street Light,Unknown,Controls Functioning,Clear,Sideswipe,Related,Other Vehicle,Not Applicable,Not Applicable,West Of,,False,False,20338,BLOSSOM HILL RD,SANTA TERESA BL,37.2503584,-121.8588765
9309,684822,CR-0000093355,0,0,0,0,22-182-0656,False,False,0,7/1/2022 4:55:00 PM,No Pedestrians Involved,Dry,No Unusual Conditions,Daylight,Violation Driver 1,Controls Functioning,Clear,Sideswipe,Intersection,Other Vehicle,Not Applicable,Not Applicable,At,,False,True,20129,BLOSSOM HILL RD,HILLVIEW AV,37.25039205,-121.861257
9310,690297,CR-0000096389,0,0,0,0,22-315-0724,False,False,0,11/11/2022 7:50:00 PM,No Pedestrians Involved,Dry,No Unusual Conditions,Dark - Street Light,Violation Driver 1,Controls Functioning,Clear,Rear End,Intersection,Other Vehicle,Not Applicable,Not Applicable,At,,True,True,30106,CAMDEN AV,MCABEE RD,37.2219943,-121.8765518
9311,694456,CR-0000098421,0,1,0,0,23-154-0757,False,False,0,6/3/2023 7:14:00 PM,No Pedestrians Involved,Dry,No Unusual Conditions,Daylight,Violation Driver 1,Controls Functioning,Clear,Broadside,Intersection,Other Vehicle,Not Applicable,Not Applicable,At,,False,False,30106,CAMDEN AV,MCABEE RD,37.2219943,-121.8765518
9312,695876,CR-0000098968,0,0,0,0,23-095-0558,False,False,0,4/5/2023 3:19:00 PM,No Pedestrians Involved,Dry,No Unusual Conditions,Daylight,Violation Driver 1,Controls Functioning,Clear,Sideswipe,Intersection,Other Vehicle,Not Applicable,Not Applicable,At,,False,True,20228,BLOSSOM HILL RD,LEIGH AV,37.23618653,-121.9226111
9313,698894,CR-0000100192,0,1,0,0,23-322-0614,False,False,178,11/18/2023 4:27:00 PM,No Pedestrians Involved,Wet,No Unusual Conditions,Dusk - Dawn,Violation Driver 1,Controls Functioning,Cloudy,Vehicle/Bike,Non-Related,Bike,Not Applicable,Not Applicable,East Of,BIKE,True,True,20228,BLOSSOM HILL RD,LEIGH AV,37.23618653,-121.9226111
9314,691210,CR-0000097431,0,0,1,1,23-085-0692,False,False,0,3/26/2023 6:50:00 PM,Crossing In Crosswalk - At Intersection,Dry,No Unusual Conditions,Daylight,Violation Driver 1,Controls Functioning,Clear,Vehicle/Pedestrian,Intersection,Pedestrian,North,South,At,PED & BIKE,True,True,20228,BLOSSOM HILL RD,LEIGH AV,37.23618653,-121.9226111
9315,712014,CR-0000101593,0,0,0,0,23-350-4001,False,True,,12/16/2023 7:00:00 AM,No Pedestrians Involved,Unknown,Unknown,Unknown,Unknown,Unknown,Unknown,Other,Related,Parked Vehicle,Not Applicable,Not Applicable,West Of,,False,False,20228,BLOSSOM HILL RD,LEIGH AV,37.23618653,-121.9226111
9316,682805,CR-0000092391,0,1,0,1,22-125-0173,False,False,73,5/5/2022 7:54:00 AM,Not In Road,Dry,No Unusual Conditions,Daylight,Unknown,No Controls Present/Factor,Clear,Vehicle/Pedestrian,Non-Related,Pedestrian,No Direction (Not Walking),No Direction (Not Walking),West Of,PED (FATAL),False,False,83192,LENNON WY,NEWPORT AV,37.29276892,-121.8936674
9317,699243,CR-0000100565,0,0,0,0,23-163-0726,False,False,0,6/12/2023 6:00:00 PM,No Pedestrians Involved,Dry,No Unusual Conditions,Daylight,Violation Driver 1,Unknown,Clear,Broadside,Intersection,Other Vehicle,Not Applicable,Not Applicable,At,,False,False,83192,LENNON WY,NEWPORT AV,37.29276892,-121.8936674
9318,681502,CR-0000090892,3,0,0,0,22-036-0418,False,False,0,2/5/2022 12:42:00 PM,No Pedestrians Involved,Dry,No Unusual Conditions,Daylight,Violation Driver 1,Controls Functioning,Clear,Head On,Intersection,Other Vehicle,Not Applicable,Not Applicable,At,,False,False,83885,LINCOLN AV,MALONE RD,37.29344789,-121.8901318
9319,684998,CR-0000093678,1,1,0,0,22-238-0195,False,False,0,8/26/2022 8:25:00 AM,No Pedestrians Involved,Dry,No Unusual Conditions,Daylight,Violation Driver 1,Controls Functioning,Clear,Head On,Intersection,Other Vehicle,Not Applicable,Not Applicable,At,,False,False,83885,LINCOLN AV,MALONE RD,37.29344789,-121.8901318
9320,689398,CR-0000095348,2,0,0,0,22-332-0766,False,False,0,11/28/2022 7:21:00 PM,No Pedestrians Involved,Dry,No Unusual Conditions,Dark - Street Light,Violation Driver 1,Controls Functioning,Clear,Head On,Intersection,Other Vehicle,Not Applicable,Not Applicable,At,,False,False,83885,LINCOLN AV,MALONE RD,37.29344789,-121.8901318
9321,689671,CR-0000095653,1,0,0,0,22-322-0499,False,False,0,11/18/2022 2:48:00 PM,No Pedestrians Involved,Dry,No Unusual Conditions,Daylight,Violation Driver 1,Controls Functioning,Clear,Broadside,Intersection,Other Vehicle,Not Applicable,Not Applicable,At,,False,False,83885,LINCOLN AV,MALONE RD,37.29344789,-121.8901318
9322,687606,CR-0000094399,1,0,0,0,22-267-0453,False,False,0,9/24/2022 12:19:00 PM,No Pedestrians Involved,Dry,No Unusual Conditions,Daylight,Violation Driver 1,Controls Functioning,Clear,Sideswipe,Intersection,Motorcycle,Not Applicable,Not Applicable,At,,False,False,83885,LINCOLN AV,MALONE RD,37.29344789,-121.8901318
9323,689886,CR-0000095913,1,0,0,0,22-250-0710,False,False,0,9/7/2022 4:10:00 PM,No Pedestrians Involved,Dry,No Unusual Conditions,Daylight,Violation Driver 1,Controls Functioning,Clear,Head On,Intersection,Other Vehicle,Not Applicable,Not Applicable,At,,False,True,83885,LINCOLN AV,MALONE RD,37.29344789,-121.8901318
9324,711979,CR-0000101206,0,0,0,0,23-322-0453,True,False,0,11/18/2023 1:12:00 PM,No Pedestrians Involved,Wet,No Unusual Conditions,Daylight,Violation Driver 1,Controls Functioning,Cloudy,Broadside,Intersection,Other Vehicle,Not Applicable,Not Applicable,At,SIGN,False,False,83885,LINCOLN AV,MALONE RD,37.29344789,-121.8901318
9325,721962,CR-0000103216,0,0,0,0,24-036-9717,False,True,51,2/1/2024 5:30:00 PM,No Pedestrians Involved,Unknown,Unknown,Dusk - Dawn,Unknown,Unknown,Rain,Broadside,Non-Related,Other Vehicle,Not Applicable,Not Applicable,South Of,,False,False,83885,LINCOLN AV,MALONE RD,37.29344789,-121.8901318
9326,711792,CR-0000101550,0,0,0,0,23-346-0612,False,False,0,12/12/2023 3:38:00 PM,No Pedestrians Involved,Dry,No Unusual Conditions,Daylight,Violation Driver 1,No Controls Present/Factor,Clear,Broadside,Intersection,Other Vehicle,Not Applicable,Not Applicable,At,,False,False,85678,LOVOI WY,MALONE RD,37.29387928,-121.8891381
9327,695966,CR-0000099099,0,0,0,0,23-214-0994,False,False,120,8/2/2023 10:50:00 PM,No Pedestrians Involved,Dry,No Unusual Conditions,Dark - Street Light,Violation Driver 1,No Controls Present/Factor,Clear,Sideswipe,Non-Related,Parked Vehicle,Not Applicable,Not Applicable,West Of,,True,True,83181,LENNON WY,LINCOLN AV,37.29409369,-121.8906193
9328,685170,CR-0000093846,0,0,1,0,22-239-0069,False,False,94,8/27/2022 1:12:00 AM,No Pedestrians Involved,Dry,No Unusual Conditions,Dark - Street Light,Violation Driver 1,No Controls Present/Factor,Clear,Other,Non-Related,Non-Collision,Not Applicable,Not Applicable,West Of,,True,False,15322,BEACONSFIELD RD,MCLAUGHLIN AV,37.293645,-121.8146012
9329,694348,CR-0000098292,1,0,0,0,23-158-0803,False,False,34,6/7/2023 6:22:00 PM,No Pedestrians Involved,Dry,No Unusual Conditions,Daylight,Violation Driver 1,No Controls Present/Factor,Clear,Rear End,Related,Other Vehicle,Not Applicable,Not Applicable,West Of,,False,False,23583,BRANHAM LANE EAST,EDENVIEW DR,37.26919508,-121.8117575
9330,712075,CR-0000101373,0,0,0,0,23-308-0122,False,False,0,11/4/2023 2:59:00 AM,No Pedestrians Involved,Dry,No Unusual Conditions,Dark - Street Light,Violation Driver 1,Controls Functioning,Clear,Broadside,Intersection,Parked Vehicle,Not Applicable,Not Applicable,At,,True,True,23583,BRANHAM LANE EAST,EDENVIEW DR,37.26919508,-121.8117575
9331,699089,CR-0000100404,0,0,0,0,23-172-0889,False,True,0,6/21/2023 9:12:00 PM,No Pedestrians Involved,Unknown,Unknown,Unknown,Unknown,No Controls Present/Factor,Unknown,Sideswipe,Intersection,Other Vehicle,Not Applicable,Not Applicable,At,,False,False,23902,BRANHAM LN,MIA CI,37.26600621,-121.8392311
9332,695892,CR-0000099020,0,1,0,0,23-216-0899,False,False,74,8/4/2023 11:15:00 PM,No Pedestrians Involved,Dry,No Unusual Conditions,Dark - Street Light,Violation Driver 1,No Controls Present/Factor,Clear,Other,Non-Related,Non-Collision,Not Applicable,Not Applicable,West Of,,True,False,23891,BRANHAM LN,MIA CI,37.26601244,-121.8383401
9333,689284,CR-0000095228,0,0,0,0,22-299-0869,False,False,456,10/26/2022 8:12:00 PM,No Pedestrians Involved,Dry,No Unusual Conditions,Dark - Street Light,Violation Driver 1,No Controls Present/Factor,Clear,Sideswipe,Non-Related,Parked Vehicle,Not Applicable,Not Applicable,West Of,,False,False,87427,MANTON DR,VENADO WY,37.25062933,-121.8098915
9334,717462,CR-0000102486,0,1,0,0,24-080-0666,True,False,0,3/20/2024 5:00:00 PM,No Pedestrians Involved,Dry,No Unusual Conditions,Daylight,Unknown,No Controls Present/Factor,Clear,Hit Object,Intersection,Fixed Object,Not Applicable,Not Applicable,At,TREE,False,False,127742,HEARTLAND WY,SAN FELIPE RD,37.26817656,-121.7373294
9335,685112,CR-0000093785,1,0,0,0,22-230-0611,False,False,233,8/18/2022 3:21:00 PM,No Pedestrians Involved,Dry,No Unusual Conditions,Daylight,Violation Driver 1,No Controls Present/Factor,Clear,Broadside,Non-Related,Other Vehicle,Not Applicable,Not Applicable,North Of,,False,False,58574,FAIRWAY GLEN LN,SANTA TERESA BL,37.22580681,-121.7749273
9336,690799,CR-0000096937,0,0,0,0,23-011-0131,True,False,600,1/11/2023 6:00:00 AM,No Pedestrians Involved,Wet,No Unusual Conditions,Dusk - Dawn,Violation Driver 1,No Controls Present/Factor,Cloudy,Hit Object,Non-Related,Fixed Object,Not Applicable,Not Applicable,North Of,TREE,True,True,34748,CASTLE MANOR DR,REGENCY DR,37.2989723,-121.9996396
9337,689411,CR-0000095341,1,0,0,0,22-329-0625,False,False,0,11/25/2022 6:48:00 PM,No Pedestrians Involved,Dry,No Unusual Conditions,Dark - Street Light,Violation Driver 1,Controls Functioning,Clear,Head On,Intersection,Other Vehicle,Not Applicable,Not Applicable,At,,False,False,39379,CIMINO AV,LITTLE ORCHARD ST,37.30345656,-121.8699695
9338,689200,CR-0000095111,0,1,0,0,22-298-0581,False,False,200,10/25/2022 3:00:00 PM,No Pedestrians Involved,Dry,No Unusual Conditions,Daylight,Violation Driver 1,Controls Functioning,Clear,Vehicle/Bike,Non-Related,Bike,Not Applicable,Not Applicable,North Of,BIKE,True,False,39379,CIMINO AV,LITTLE ORCHARD ST,37.30345656,-121.8699695
9339,696171,CR-0000099314,1,0,0,0,23-132-0825,False,False,0,5/12/2023 9:10:00 PM,Crossing - Not In Crosswalk,Dry,No Unusual Conditions,Dark - Street Light,Bike At Fault,No Controls Present/Factor,Clear,Vehicle/Pedestrian,Intersection,Pedestrian,East,West,At,PED,False,True,39379,CIMINO AV,LITTLE ORCHARD ST,37.30345656,-121.8699695
9340,699149,CR-0000100466,0,0,0,0,23-170-0735,False,False,0,6/19/2023 6:19:00 PM,No Pedestrians Involved,Dry,No Unusual Conditions,Daylight,Violation Driver 1,No Controls Present/Factor,Clear,Broadside,Intersection,Other Vehicle,Not Applicable,Not Applicable,At,,False,True,39379,CIMINO AV,LITTLE ORCHARD ST,37.30345656,-121.8699695
9341,699031,CR-0000100337,1,0,0,0,23-301-0724,False,False,170,10/28/2023 7:34:00 PM,Crossing - Not In Crosswalk,Dry,No Unusual Conditions,Dark - Street Light,Pedestrian At Fault,No Controls Present/Factor,Clear,Vehicle/Pedestrian,Non-Related,Pedestrian,West,East,South Of,,False,True,39379,CIMINO AV,LITTLE ORCHARD ST,37.30345656,-121.8699695
9342,712010,CR-0000101159,0,0,0,0,23-328-0419,False,False,35,11/24/2023 2:17:00 PM,No Pedestrians Involved,Dry,No Unusual Conditions,Daylight,Violation Driver 1,No Controls Present/Factor,Clear,Head On,Related,Other Vehicle,Not Applicable,Not Applicable,West Of,,False,False,39379,CIMINO AV,LITTLE ORCHARD ST,37.30345656,-121.8699695
9343,689014,CR-0000094874,0,0,0,0,22-270-4001,False,True,51,9/26/2022 12:00:00 PM,No Pedestrians Involved,Unknown,Unknown,Daylight,Unknown,Unknown,Unknown,Sideswipe,Non-Related,Parked Vehicle,Not Applicable,Not Applicable,South Of,,False,True,36321,CHABRANT WY/CURTISS AV,WILLOW ST,37.31020307,-121.8972462
9344,694245,CR-0000098031,0,0,1,0,23-107-0288,False,False,113,4/17/2023 10:21:00 AM,In Road - Includes Shoulder,Dry,No Unusual Conditions,Daylight,Violation Driver 1,No Controls Present/Factor,Clear,Vehicle/Pedestrian,Non-Related,Scooter Non-Motorized,East,West,West Of,PED(SCOOTER),True,False,36321,CHABRANT WY/CURTISS AV,WILLOW ST,37.31020307,-121.8972462
9345,696425,CR-0000099602,0,1,0,0,23-280-0206,False,False,107,10/7/2023 5:49:00 AM,No Pedestrians Involved,Dry,No Unusual Conditions,Daylight,Violation Driver 1,No Controls Present/Factor,Clear,Head On,Non-Related,Parked Vehicle,Not Applicable,Not Applicable,North Of,,True,False,83357,LESTER AV,LINCOLN AV,37.31108256,-121.9029625
9346,688935,CR-0000094793,0,0,1,0,22-801-1192,True,False,266,10/7/2022 11:40:00 PM,No Pedestrians Involved,Dry,No Unusual Conditions,Dark - No Street Light,Violation Driver 1,Controls Functioning,Clear,Hit Object,Non-Related,Fixed Object,Not Applicable,Not Applicable,North Of,TREE,False,False,132802,BEL AIRE HILLS RD,SILVER CREEK VALLEY RD,37.28606123,-121.776862
9347,696359,CR-0000099515,0,2,0,0,23-296-0217,False,False,0,10/23/2023 8:06:00 AM,No Pedestrians Involved,Wet,No Unusual Conditions,Daylight,Violation Driver 1,Controls Functioning,Cloudy,Broadside,Intersection,Other Vehicle,Not Applicable,Not Applicable,At,,False,False,132802,BEL AIRE HILLS RD,SILVER CREEK VALLEY RD,37.28606123,-121.776862
9348,694319,CR-0000098263,3,2,0,0,23-178-0761,False,False,0,6/27/2023 6:34:00 PM,No Pedestrians Involved,Dry,No Unusual Conditions,Daylight,Violation Driver 1,No Controls Present/Factor,Clear,Broadside,Intersection,Other Vehicle,Not Applicable,Not Applicable,At,,False,False,132802,BEL AIRE HILLS RD,SILVER CREEK VALLEY RD,37.28606123,-121.776862
9349,716383,CR-0000102354,1,0,0,0,24-045-0148,False,False,680,2/14/2024 7:44:00 AM,No Pedestrians Involved,Dry,No Unusual Conditions,Daylight,Other Than Driver,No Controls Present/Factor,Cloudy,Sideswipe,Non-Related,Other Vehicle,Not Applicable,Not Applicable,North Of,,False,False,132802,BEL AIRE HILLS RD,SILVER CREEK VALLEY RD,37.28606123,-121.776862
9350,719633,CR-0000102792,1,0,0,0,24-004-0904,True,False,25,1/4/2024 11:21:00 PM,No Pedestrians Involved,Dry,No Unusual Conditions,Dark - Street Light,Violation Driver 1,No Controls Present/Factor,Clear,Head On,Related,Fixed Object,Not Applicable,Not Applicable,East Of,TREE,True,False,132802,BEL AIRE HILLS RD,SILVER CREEK VALLEY RD,37.28606123,-121.776862
9351,690528,CR-0000096654,0,0,0,0,22-350-4001,False,True,,12/13/2022 10:30:00 PM,No Pedestrians Involved,Unknown,Unknown,Unknown,Unknown,Unknown,Unknown,Other,Related,Parked Vehicle,Not Applicable,Not Applicable,South Of,,False,False,16280,BELLINI CT,STRAUSS WY,37.39798707,-121.8610311
9352,682524,CR-0000092091,0,0,0,0,22-095-0240,False,False,262,4/5/2022 9:02:00 AM,No Pedestrians Involved,Dry,No Unusual Conditions,Daylight,Violation Driver 1,Controls Functioning,Clear,Rear End,Non-Related,Other Vehicle,Not Applicable,Not Applicable,South Of,,False,True,99340,PATT AV,ROUGH AND READY RD,37.37613583,-121.8443411
9353,681755,CR-0000091155,1,0,0,0,22-053-0501,False,False,0,2/22/2022 2:45:00 PM,Crossing - Not In Crosswalk,Dry,No Unusual Conditions,Daylight,Pedestrian At Fault,No Controls Present/Factor,Clear,Vehicle/Pedestrian,Intersection,Pedestrian,East,West,At,PED,False,False,95039,NASHVILLE DR,WHITE RD,37.38172964,-121.8406535
9354,683417,CR-0000093010,0,1,0,0,22-158-0976,False,False,25,6/7/2022 7:24:00 PM,In Road - Includes Shoulder,Dry,No Unusual Conditions,Daylight,Violation Driver 1,Unknown,Unknown,Vehicle/Pedestrian,Related,Skateboard,North,South,South Of,PED (SKATEBOARD),False,False,95039,NASHVILLE DR,WHITE RD,37.38172964,-121.8406535
9355,685321,CR-0000094002,0,0,0,0,22-251-0715,False,False,150,9/8/2022 4:55:00 PM,No Pedestrians Involved,Dry,No Unusual Conditions,Daylight,Violation Driver 1,Controls Functioning,Clear,Rear End,Non-Related,Other Vehicle,Not Applicable,Not Applicable,East Of,,True,True,123144,MCKEE RD,SORGEPARK PL,37.37245934,-121.8394874