_id,CrashFactId,Name,MinorInjuries,ModerateInjuries,SevereInjuries,FatalInjuries,TcrNumber,CityDamageFlag,ShortFormFlag,Distance,CrashDateTime,PedestrianAction,RoadwaySurface,RoadwayCondition,Lighting,PrimaryCollisionFactor,TrafficControl,Weather,CollisionType,ProximityToIntersection,VehicleInvolvedWith,PedestrianDirectionFrom,PedestrianDirectionTo,DirectionFromIntersection,Comment,SpeedingFlag,HitAndRunFlag,IntersectionNumber,AStreetName,BStreetName,Latitude,Longitude
9356,691100,CR-0000097282,0,1,0,0,23-021-0067,False,False,0,1/21/2023 1:05:00 AM,No Pedestrians Involved,Dry,No Unusual Conditions,Dark - Street Light,Violation Driver 1,Controls Functioning,Clear,Head On,Intersection,Parked Vehicle,Not Applicable,Not Applicable,At,,False,False,123144,MCKEE RD,SORGEPARK PL,37.37245934,-121.8394874
9357,683377,CR-0000092970,0,0,0,0,22-179-0025,False,False,476,6/28/2022 12:35:00 AM,No Pedestrians Involved,Dry,No Unusual Conditions,Dark - Street Light,Violation Driver 1,Controls Functioning,Clear,Sideswipe,Non-Related,Parked Vehicle,Not Applicable,Not Applicable,East Of,,False,False,143937,GRIDLEY ST,JOANNE AV,37.38661058,-121.8376174
9358,685179,CR-0000093855,0,1,0,1,22-235-0930,False,False,27,8/23/2022 6:59:00 PM,In Road - Includes Shoulder,Dry,No Unusual Conditions,Daylight,Violation Driver 1,Controls Functioning,Clear,Vehicle/Pedestrian,Related,Wheelchair,South,North,South Of,Victim was riding a mobility assisted scooter (ELECTRIC WHEELCHAIR),False,False,86020,LUNDY AV,SIERRA RD,37.37988376,-121.8785095
9359,683023,CR-0000092654,0,0,0,0,22-128-9704,False,True,20,5/8/2022 10:20:00 AM,No Pedestrians Involved,Dry,No Unusual Conditions,Daylight,Unknown,No Controls Present/Factor,Clear,Rear End,Related,Other Vehicle,Not Applicable,Not Applicable,South Of,,False,False,86020,LUNDY AV,SIERRA RD,37.37988376,-121.8785095
9360,698642,CR-0000099867,2,0,0,0,23-239-0232,True,False,213,8/27/2023 6:56:00 AM,No Pedestrians Involved,Dry,No Unusual Conditions,Daylight,Violation Driver 1,Unknown,Clear,Hit Object,Non-Related,Fixed Object,Not Applicable,Not Applicable,North Of,curb/light pole,True,False,86020,LUNDY AV,SIERRA RD,37.37988376,-121.8785095
9361,719624,CR-0000102783,0,0,0,0,23-039-9708,False,True,51,3/22/2023 3:53:00 PM,No Pedestrians Involved,Unknown,Unknown,Unknown,Unknown,Unknown,Unknown,Rear End,Non-Related,Other Vehicle,Not Applicable,Not Applicable,Unknown,,False,False,86020,LUNDY AV,SIERRA RD,37.37988376,-121.8785095
9362,711944,CR-0000101046,0,0,0,0,23-293-0511,False,True,51,10/20/2023 2:50:00 PM,No Pedestrians Involved,Unknown,Unknown,Unknown,Unknown,Unknown,Unknown,Rear End,Non-Related,Other Vehicle,Not Applicable,Not Applicable,Unknown,,False,False,86020,LUNDY AV,SIERRA RD,37.37988376,-121.8785095
9363,682518,CR-0000092085,1,0,0,0,22-094-0695,False,False,206,4/4/2022 5:30:00 PM,No Pedestrians Involved,Dry,No Unusual Conditions,Daylight,Violation Driver 1,No Controls Present/Factor,Clear,Rear End,Non-Related,Other Vehicle,Not Applicable,Not Applicable,North Of,,True,False,75624,IONE DR,MORRILL AV,37.39548481,-121.8603913
9364,682158,CR-0000091691,1,0,0,0,22-087-0298,True,False,0,3/28/2022 10:24:00 AM,No Pedestrians Involved,Dry,No Unusual Conditions,Daylight,Violation Driver 1,Controls Functioning,Clear,Sideswipe,Driveway,Other Vehicle,Not Applicable,Not Applicable,At,STREET SIGN (ON POLE),False,False,106600,SAN JOSE AV,VILLA STONE DR,37.30728847,-121.8779861
9365,719732,CR-0000102904,0,0,0,0,24-018-0198,False,False,0,1/18/2024 3:20:00 AM,No Pedestrians Involved,Dry,No Unusual Conditions,Daylight,Violation Driver 1,No Controls Present/Factor,Clear,Sideswipe,Intersection,Parked Vehicle,Not Applicable,Not Applicable,At,,True,True,106600,SAN JOSE AV,VILLA STONE DR,37.30728847,-121.8779861
9366,699347,CR-0000100674,0,0,0,0,23-204-9706,False,True,,7/20/2023 5:00:00 PM,No Pedestrians Involved,Dry,No Unusual Conditions,Daylight,Unknown,No Controls Present/Factor,Clear,Broadside,Related,Other Vehicle,Not Applicable,Not Applicable,South Of,,False,False,5477,ALMADEN RD,SAN JOSE AV,37.30689037,-121.8786035
9367,691024,CR-0000097195,0,0,0,0,23-044-4000,False,True,51,2/12/2023 2:25:00 PM,No Pedestrians Involved,Unknown,Unknown,Daylight,Unknown,Unknown,Unknown,Broadside,Non-Related,Other Vehicle,Not Applicable,Not Applicable,North Of,,False,False,5477,ALMADEN RD,SAN JOSE AV,37.30689037,-121.8786035
9368,720888,CR-0000103091,0,0,0,0,24-028-4002,False,True,,1/28/2024 11:00:00 AM,No Pedestrians Involved,Unknown,Unknown,Unknown,Unknown,Unknown,Unknown,Rear End,Related,Parked Vehicle,Not Applicable,Not Applicable,North Of,,False,False,5477,ALMADEN RD,SAN JOSE AV,37.30689037,-121.8786035
9369,722295,CR-0000103589,0,0,0,0,24-088-0068,False,False,141,3/28/2024 3:13:00 AM,No Pedestrians Involved,Wet,No Unusual Conditions,Dark - Street Light,Violation Driver 1,Controls Functioning,Clear,Hit Object,Non-Related,Fixed Object,Not Applicable,Not Applicable,North Of,Fence,True,False,5477,ALMADEN RD,SAN JOSE AV,37.30689037,-121.8786035
9370,682200,CR-0000091755,1,0,0,0,22-062-0923,False,False,0,3/3/2022 8:52:00 PM,No Pedestrians Involved,Wet,No Unusual Conditions,Dark - Street Light,Violation Driver 1,No Controls Present/Factor,Rain,Sideswipe,Intersection,Other Vehicle,Not Applicable,Not Applicable,At,,False,False,5500,ALMADEN RD,STONE CT,37.30626565,-121.8786004
9371,688999,CR-0000094859,0,0,0,0,22-293-9703,False,True,0,10/3/2022 1:02:00 PM,No Pedestrians Involved,Dry,No Unusual Conditions,Daylight,Unknown,Controls Functioning,Clear,Rear End,Intersection,Other Vehicle,Not Applicable,Not Applicable,At,,False,False,5500,ALMADEN RD,STONE CT,37.30626565,-121.8786004
9372,694496,CR-0000098490,1,1,0,0,23-176-0579,False,False,0,6/25/2023 4:11:00 PM,No Pedestrians Involved,Dry,No Unusual Conditions,Daylight,Violation Driver 1,Unknown,Clear,Head On,Intersection,Other Vehicle,Not Applicable,Not Applicable,At,,False,True,5500,ALMADEN RD,STONE CT,37.30626565,-121.8786004
9373,688817,CR-0000094672,0,1,0,0,22-289-0358,False,False,0,10/16/2022 11:01:00 AM,No Pedestrians Involved,Dry,No Unusual Conditions,Daylight,Violation Driver 1,Controls Functioning,Clear,Vehicle/Bike,Intersection,Bike,Not Applicable,Not Applicable,At,BIKE,False,True,43966,COTTAGE GROVE AV,MONTEREY RD,37.31452114,-121.8720409
9374,685268,CR-0000093948,0,0,0,0,22-211-0459,False,True,,7/30/2022 12:49:00 PM,No Pedestrians Involved,Dry,No Unusual Conditions,Daylight,Unknown,Unknown,Clear,Sideswipe,Related,Other Vehicle,Not Applicable,Not Applicable,West Of,,False,False,43966,COTTAGE GROVE AV,MONTEREY RD,37.31452114,-121.8720409
9375,696296,CR-0000099452,0,0,0,1,23-348-0185,False,False,404,12/14/2023 7:45:00 AM,No Pedestrians Involved,Dry,No Unusual Conditions,Daylight,Violation Driver 1,No Controls Present/Factor,Clear,Vehicle/Bike,Non-Related,Bike,Not Applicable,Not Applicable,North Of,E. BIKE,False,False,43966,COTTAGE GROVE AV,MONTEREY RD,37.31452114,-121.8720409
9376,696148,CR-0000099291,0,1,0,0,23-117-0853,False,False,29,4/27/2023 8:20:00 PM,No Pedestrians Involved,Dry,No Unusual Conditions,Dark - Street Light,Violation Driver 1,Controls Functioning,Clear,Hit Object,Related,Fixed Object,Not Applicable,Not Applicable,North Of,CURB and HYDRANT,True,False,43966,COTTAGE GROVE AV,MONTEREY RD,37.31452114,-121.8720409
9377,719724,CR-0000102896,0,0,0,0,24-011-0371,False,False,54,1/11/2024 2:39:00 PM,No Pedestrians Involved,Dry,No Unusual Conditions,Daylight,Violation Driver 1,Controls Functioning,Clear,Rear End,Non-Related,Other Vehicle,Not Applicable,Not Applicable,West Of,,False,True,43966,COTTAGE GROVE AV,MONTEREY RD,37.31452114,-121.8720409
9378,711784,CR-0000101358,0,0,0,0,23-331-0300,False,False,213,11/27/2023 9:57:00 AM,No Pedestrians Involved,Dry,No Unusual Conditions,Daylight,Violation Driver 1,Controls Functioning,Clear,Rear End,Non-Related,Other Vehicle,Not Applicable,Not Applicable,North Of,,True,True,43966,COTTAGE GROVE AV,MONTEREY RD,37.31452114,-121.8720409
9379,712183,CR-0000101614,0,0,0,0,23-355-4001,False,True,51,12/21/2023 7:55:00 AM,No Pedestrians Involved,Unknown,Unknown,Unknown,Unknown,Unknown,Unknown,Other,Non-Related,Other Vehicle,Not Applicable,Not Applicable,Unknown,,False,False,43966,COTTAGE GROVE AV,MONTEREY RD,37.31452114,-121.8720409
9380,712237,CR-0000101682,0,0,0,0,23-290-0772,False,True,0,10/17/2023 6:50:00 PM,No Pedestrians Involved,Unknown,No Unusual Conditions,Dusk - Dawn,Unknown,Unknown,Clear,Broadside,Intersection,Other Vehicle,Not Applicable,Not Applicable,At,,False,False,43966,COTTAGE GROVE AV,MONTEREY RD,37.31452114,-121.8720409
9381,689712,CR-0000095724,1,1,0,0,22-320-0568,True,False,42,11/16/2022 3:41:00 PM,No Pedestrians Involved,Dry,No Unusual Conditions,Daylight,Violation Driver 1,Controls Functioning,Clear,Broadside,Related,Other Vehicle,Not Applicable,Not Applicable,North Of,TREE,True,False,16147,BELLEVUE AV,MONTEREY RD,37.31331133,-121.8708361
9382,681166,CR-0000090552,0,0,0,0,22-021-1058,True,False,20,1/21/2022 11:49:00 PM,No Pedestrians Involved,Dry,No Unusual Conditions,Dark - Street Light,Violation Driver 1,No Controls Present/Factor,Wind,Hit Object,Related,Fixed Object,Not Applicable,Not Applicable,North Of,CURB & TREE,False,False,16147,BELLEVUE AV,MONTEREY RD,37.31331133,-121.8708361
9383,681763,CR-0000091163,0,0,0,0,22-058-0028,False,False,90,2/27/2022 12:20:00 AM,No Pedestrians Involved,Dry,No Unusual Conditions,Dark - Street Light,Violation Driver 1,Unknown,Clear,Rear End,Non-Related,Parked Vehicle,Not Applicable,Not Applicable,South Of,,False,True,69112,GUADALUPE AV,WILLOW GLEN WY,37.30405924,-121.8806696
9384,682755,CR-0000092336,1,0,0,0,22-139-0304,False,False,121,5/19/2022 9:50:00 AM,No Pedestrians Involved,Dry,No Unusual Conditions,Daylight,Violation Driver 1,Unknown,Clear,Rear End,Non-Related,Other Vehicle,Not Applicable,Not Applicable,West Of,,False,False,25717,BROADWAY AV,RAMONA AV,37.31124712,-121.9014593
9385,684675,CR-0000093303,0,0,0,0,22-110-9701,False,True,51,6/13/2022 9:25:00 PM,No Pedestrians Involved,Dry,No Unusual Conditions,Dark - Street Light,Unknown,No Controls Present/Factor,Clear,Other,Non-Related,Parked Vehicle,Not Applicable,Not Applicable,West Of,,False,False,64690,GARFIELD AV,LINCOLN AV,37.3102947,-121.9023932
9386,699310,CR-0000100637,0,0,0,0,23-157-4003,False,True,0,5/31/2023 8:50:00 AM,No Pedestrians Involved,Unknown,Unknown,Unknown,Unknown,Unknown,Unknown,Sideswipe,Intersection,Other Vehicle,Not Applicable,Not Applicable,At,,False,False,64690,GARFIELD AV,LINCOLN AV,37.3102947,-121.9023932
9387,711898,CR-0000101413,0,0,0,0,23-336-0349,False,False,0,12/2/2023 11:40:00 AM,No Pedestrians Involved,Dry,No Unusual Conditions,Daylight,Violation Driver 1,No Controls Present/Factor,Clear,Rear End,Intersection,Other Vehicle,Not Applicable,Not Applicable,At,,True,False,55000,EL ABRA WY,LINCOLN AV,37.30926596,-121.9016506
9388,722488,CR-0000103800,1,0,0,0,24-107-9710,False,True,0,4/15/2024 3:00:00 AM,No Pedestrians Involved,Dry,No Unusual Conditions,Daylight,Unknown,No Controls Present/Factor,Clear,Sideswipe,Intersection,Motorcycle,Not Applicable,Not Applicable,At,,False,False,55000,EL ABRA WY,LINCOLN AV,37.30926596,-121.9016506
9389,684992,CR-0000093649,0,0,0,0,22-222-0013,True,False,34,8/10/2022 12:12:00 AM,No Pedestrians Involved,Dry,No Unusual Conditions,Dark - Street Light,Violation Driver 1,No Controls Present/Factor,Clear,Hit Object,Related,Fixed Object,Not Applicable,Not Applicable,East Of,LIGHT POLE,True,False,67583,GOLF DR,WHITE RD,37.38260282,-121.841324
9390,689043,CR-0000094931,0,1,0,0,22-230-0199,False,False,0,10/27/2022 8:21:00 AM,No Pedestrians Involved,Dry,No Unusual Conditions,Daylight,Violation Driver 1,Controls Functioning,Clear,Vehicle/Bike,Intersection,Bike,Not Applicable,Not Applicable,At,BICYCLIST,False,False,67583,GOLF DR,WHITE RD,37.38260282,-121.841324
9391,689214,CR-0000095119,0,1,0,0,22-300-0199,False,False,0,10/27/2022 8:21:00 AM,No Pedestrians Involved,Dry,No Unusual Conditions,Daylight,Violation Driver 1,Controls Functioning,Clear,Vehicle/Bike,Intersection,Bike,Not Applicable,Not Applicable,At,BIKE,False,False,67583,GOLF DR,WHITE RD,37.38260282,-121.841324
9392,716297,CR-0000102265,1,1,0,0,24-054-0157,False,False,0,2/23/2024 8:21:00 AM,No Pedestrians Involved,Dry,No Unusual Conditions,Daylight,Violation Driver 1,No Controls Present/Factor,Clear,Broadside,Intersection,Other Vehicle,Not Applicable,Not Applicable,At,,False,False,67583,GOLF DR,WHITE RD,37.38260282,-121.841324
9393,699168,CR-0000100487,1,0,0,0,23-162-0494,False,False,82,6/11/2023 3:04:00 PM,No Pedestrians Involved,Dry,No Unusual Conditions,Daylight,Violation Driver 1,No Controls Present/Factor,Clear,Sideswipe,Non-Related,Parked Vehicle,Not Applicable,Not Applicable,North Of,,True,False,68837,GRIDLEY ST,PERCIVALE DR,37.38402842,-121.8361548
9394,690773,CR-0000096911,0,0,0,0,23-017-0219,False,False,0,1/17/2023 8:25:00 AM,No Pedestrians Involved,Dry,No Unusual Conditions,Daylight,Violation Driver 1,Controls Functioning,Clear,Sideswipe,Intersection,Other Vehicle,Not Applicable,Not Applicable,At,,False,True,100847,PIEDMONT RD,WHITMAN WY,37.39499751,-121.8446296
9395,694343,CR-0000098287,1,0,0,0,23-156-0518,False,False,,6/5/2023 1:26:00 PM,No Pedestrians Involved,Dry,No Unusual Conditions,Daylight,Violation Driver 1,No Controls Present/Factor,Clear,Sideswipe,Related,Other Vehicle,Not Applicable,Not Applicable,North Of,,False,False,16906,BERING DR (S)/REMUDA LN,ZANKER RD,37.37317798,-121.9102915
9396,683046,CR-0000092619,0,0,0,0,22-125-9706,False,True,51,5/1/2022 10:45:00 AM,No Pedestrians Involved,Dry,Construction - Repair Zone,Dark - No Street Light,Unknown,No Controls Present/Factor,Clear,Broadside,Non-Related,Parked Vehicle,Not Applicable,Not Applicable,West Of,,False,False,104345,ROBERSON LN,ZANKER RD,37.37169266,-121.9100424
9397,681825,CR-0000091234,0,0,0,0,22-086-0101,False,False,105,3/27/2022 2:30:00 AM,No Pedestrians Involved,Dry,No Unusual Conditions,Dark - Street Light,Violation Driver 1,No Controls Present/Factor,Clear,Rear End,Non-Related,Parked Vehicle,Not Applicable,Not Applicable,North Of,,True,False,21306,BOLD DR,SNOW DR,37.27622391,-121.8060794
9398,682187,CR-0000091726,0,0,0,0,22-062-0134,False,False,215,3/3/2022 5:05:00 AM,No Pedestrians Involved,Dry,No Unusual Conditions,Dark - Street Light,Violation Driver 1,No Controls Present/Factor,Clear,Head On,Non-Related,Parked Vehicle,Not Applicable,Not Applicable,West Of,,False,True,21306,BOLD DR,SNOW DR,37.27622391,-121.8060794
9399,683125,CR-0000092702,0,0,0,0,22-189-0101,False,False,39,7/8/2022 2:26:00 AM,No Pedestrians Involved,Dry,No Unusual Conditions,Dark - Street Light,Violation Driver 1,Controls Functioning,Clear,Head On,Related,Parked Vehicle,Not Applicable,Not Applicable,North Of,,False,True,21306,BOLD DR,SNOW DR,37.27622391,-121.8060794
9400,684765,CR-0000093421,0,0,0,0,22-190-0833,False,False,188,7/9/2022 8:38:00 PM,No Pedestrians Involved,Dry,No Unusual Conditions,Dark - Street Light,Violation Driver 1,No Controls Present/Factor,Clear,Sideswipe,Non-Related,Parked Vehicle,Not Applicable,Not Applicable,North Of,,False,False,21306,BOLD DR,SNOW DR,37.27622391,-121.8060794
9401,690637,CR-0000096759,0,0,0,0,23-031-0926,False,False,62,1/31/2023 10:44:00 PM,No Pedestrians Involved,Dry,No Unusual Conditions,Dark - Street Light,Violation Driver 1,No Controls Present/Factor,Clear,Broadside,Non-Related,Parked Vehicle,Not Applicable,Not Applicable,West Of,,False,True,21306,BOLD DR,SNOW DR,37.27622391,-121.8060794
9402,698762,CR-0000100043,0,1,0,0,23-357-0036,False,False,280,12/23/2023 12:26:00 AM,No Pedestrians Involved,Dry,No Unusual Conditions,Dark - Street Light,Violation Driver 1,No Controls Present/Factor,Clear,Overturned,Non-Related,Parked Vehicle,Not Applicable,Not Applicable,South Of,,False,False,21306,BOLD DR,SNOW DR,37.27622391,-121.8060794
9403,694714,CR-0000098764,0,0,0,0,23-239-0884,False,False,339,8/27/2023 10:00:00 PM,No Pedestrians Involved,Dry,No Unusual Conditions,Dark - Street Light,Violation Driver 1,Controls Functioning,Clear,Sideswipe,Non-Related,Parked Vehicle,Not Applicable,Not Applicable,South Of,,False,True,21306,BOLD DR,SNOW DR,37.27622391,-121.8060794
9404,690291,CR-0000096383,0,0,0,0,22-312-4006,False,True,51,11/8/2022 11:30:00 AM,No Pedestrians Involved,Unknown,Unknown,Unknown,Unknown,Unknown,Unknown,Sideswipe,Non-Related,Unknown,Not Applicable,Not Applicable,North Of,,False,True,68530,GREENLEAF LN,YERBA BUENA AV,37.30883844,-121.7871358
9405,684794,CR-0000093435,0,0,0,0,22-191-0687,False,False,0,7/10/2022 4:30:00 PM,No Pedestrians Involved,Dry,No Unusual Conditions,Daylight,Violation Driver 1,No Controls Present/Factor,Clear,Rear End,Intersection,Other Vehicle,Not Applicable,Not Applicable,At,,True,False,138170,ALTAMARA AV,EVERGREEN VILLAGE SQ,37.31414734,-121.7737995
9406,691035,CR-0000097207,0,1,0,0,23-033-0839,False,False,200,2/2/2023 8:57:00 PM,No Pedestrians Involved,Unknown,No Unusual Conditions,Dark - Street Light,Violation Driver 1,Controls Functioning,Cloudy,Rear End,Non-Related,Parked Vehicle,Not Applicable,Not Applicable,North Of,HYDRANT,True,False,138170,ALTAMARA AV,EVERGREEN VILLAGE SQ,37.31414734,-121.7737995
9407,691182,CR-0000097384,0,0,0,0,23-054-0166,False,False,0,2/23/2023 7:30:00 AM,No Pedestrians Involved,Dry,No Unusual Conditions,Daylight,Violation Driver 1,Controls Functioning,Cloudy,Sideswipe,Intersection,Other Vehicle,Not Applicable,Not Applicable,At,,True,False,114509,NIEMAN BL/SILVER CREEK VALLEY,YERBA BUENA RD,37.29607084,-121.7850923
9408,694163,CR-0000097926,1,0,0,0,23-109-0194,False,False,625,4/19/2023 9:52:00 AM,No Pedestrians Involved,Dry,No Unusual Conditions,Daylight,Violation Driver 1,Controls Functioning,Clear,Rear End,Non-Related,Other Vehicle,Not Applicable,Not Applicable,East Of,,True,False,114509,NIEMAN BL/SILVER CREEK VALLEY,YERBA BUENA RD,37.29607084,-121.7850923
9409,694207,CR-0000097924,1,0,0,0,23-108-0260,False,False,22,4/18/2023 9:52:00 AM,No Pedestrians Involved,Dry,No Unusual Conditions,Daylight,Violation Driver 1,No Controls Present/Factor,Clear,Rear End,Related,Other Vehicle,Not Applicable,Not Applicable,South Of,,True,False,114509,NIEMAN BL/SILVER CREEK VALLEY,YERBA BUENA RD,37.29607084,-121.7850923
9410,694221,CR-0000097918,2,0,0,0,23-079-0632,True,False,200,3/20/2023 4:12:00 PM,No Pedestrians Involved,Dry,No Unusual Conditions,Daylight,Violation Driver 1,No Controls Present/Factor,Cloudy,Hit Object,Non-Related,Other Object,Not Applicable,Not Applicable,South Of,TREE,True,False,114509,NIEMAN BL/SILVER CREEK VALLEY,YERBA BUENA RD,37.29607084,-121.7850923
9411,692394,CR-0000097677,1,1,0,0,23-080-0282,False,False,42,3/21/2023 10:42:00 AM,No Pedestrians Involved,Wet,No Unusual Conditions,Daylight,Violation Driver 1,No Controls Present/Factor,Rain,Rear End,Related,Other Vehicle,Not Applicable,Not Applicable,West Of,,True,False,114509,NIEMAN BL/SILVER CREEK VALLEY,YERBA BUENA RD,37.29607084,-121.7850923
9412,690469,CR-0000096581,0,0,0,0,22-347-0618,True,False,278,12/13/2022 4:14:00 PM,No Pedestrians Involved,Dry,No Unusual Conditions,Daylight,Violation Driver 1,No Controls Present/Factor,Cloudy,Hit Object,Non-Related,Fixed Object,Not Applicable,Not Applicable,East Of,TREE,False,False,114509,NIEMAN BL/SILVER CREEK VALLEY,YERBA BUENA RD,37.29607084,-121.7850923
9413,689533,CR-0000095510,0,0,0,0,22-357-0938,True,False,0,12/23/2022 10:53:00 PM,No Pedestrians Involved,Dry,No Unusual Conditions,Dark - Street Light,Violation Driver 1,Controls Functioning,Clear,Hit Object,Intersection,Fixed Object,Not Applicable,Not Applicable,At,Island,False,False,114509,NIEMAN BL/SILVER CREEK VALLEY,YERBA BUENA RD,37.29607084,-121.7850923
9414,695858,CR-0000098923,0,0,0,0,23-096-0165,False,False,108,4/6/2023 7:48:00 AM,No Pedestrians Involved,Dry,No Unusual Conditions,Daylight,Violation Driver 1,Controls Functioning,Clear,Rear End,Non-Related,Other Vehicle,Not Applicable,Not Applicable,West Of,,False,False,114509,NIEMAN BL/SILVER CREEK VALLEY,YERBA BUENA RD,37.29607084,-121.7850923
9415,699027,CR-0000100333,0,1,0,0,23-329-0305,True,False,720,10/19/2023 10:35:00 AM,No Pedestrians Involved,Dry,No Unusual Conditions,Daylight,Violation Driver 1,No Controls Present/Factor,Clear,Hit Object,Non-Related,Fixed Object,Not Applicable,Not Applicable,West Of,TREE,True,False,114509,NIEMAN BL/SILVER CREEK VALLEY,YERBA BUENA RD,37.29607084,-121.7850923
9416,699159,CR-0000100477,0,0,0,0,23-152-0522,False,False,0,6/1/2023 3:05:00 PM,No Pedestrians Involved,Dry,No Unusual Conditions,Daylight,Violation Driver 1,Controls Functioning,Cloudy,Sideswipe,Intersection,Other Vehicle,Not Applicable,Not Applicable,At,,False,False,114509,NIEMAN BL/SILVER CREEK VALLEY,YERBA BUENA RD,37.29607084,-121.7850923
9417,699308,CR-0000100635,0,0,0,0,23-170-4005,False,True,,6/19/2023 11:15:00 AM,No Pedestrians Involved,Unknown,Unknown,Unknown,Unknown,Unknown,Unknown,Other,Related,Other Vehicle,Not Applicable,Not Applicable,Unknown,,False,False,114509,NIEMAN BL/SILVER CREEK VALLEY,YERBA BUENA RD,37.29607084,-121.7850923
9418,712193,CR-0000101624,0,0,0,0,23-289-4008,False,True,0,10/16/2023 5:45:00 PM,No Pedestrians Involved,Unknown,Unknown,Unknown,Unknown,Unknown,Unknown,Rear End,Intersection,Other Vehicle,Not Applicable,Not Applicable,At,,False,False,114509,NIEMAN BL/SILVER CREEK VALLEY,YERBA BUENA RD,37.29607084,-121.7850923
9419,722353,CR-0000103647,1,0,0,0,24-094-0405,False,False,0,4/3/2024 12:21:00 PM,No Pedestrians Involved,Dry,No Unusual Conditions,Daylight,Violation Driver 1,Unknown,Clear,Rear End,Intersection,Other Vehicle,Not Applicable,Not Applicable,At,,False,False,114509,NIEMAN BL/SILVER CREEK VALLEY,YERBA BUENA RD,37.29607084,-121.7850923
9420,722461,CR-0000103758,0,0,0,0,24-102-4000,False,True,,4/10/2024 9:05:00 AM,No Pedestrians Involved,Unknown,Unknown,Unknown,Unknown,Unknown,Unknown,Rear End,Related,Other Vehicle,Not Applicable,Not Applicable,Unknown,,False,False,114509,NIEMAN BL/SILVER CREEK VALLEY,YERBA BUENA RD,37.29607084,-121.7850923
9421,685337,CR-0000094063,0,0,0,0,22-225-0138,False,False,667,8/13/2022 3:11:00 AM,No Pedestrians Involved,Dry,No Unusual Conditions,Dark - Street Light,Violation Driver 1,No Controls Present/Factor,Clear,Hit Object,Non-Related,Fixed Object,Not Applicable,Not Applicable,South Of,"CURB, SOUND WALL",True,True,63128,FOWLER RD,SAN FELIPE RD,37.30957135,-121.7836007
9422,681396,CR-0000090786,0,0,0,0,22-025-4000,False,True,0,1/21/2022 12:40:00 PM,No Pedestrians Involved,Unknown,Unknown,Daylight,Unknown,Unknown,Unknown,Rear End,Intersection,Other Vehicle,Not Applicable,Not Applicable,At,,False,False,63128,FOWLER RD,SAN FELIPE RD,37.30957135,-121.7836007
9423,694187,CR-0000098120,1,1,0,0,23-125-0297,False,False,0,5/5/2023 10:07:00 AM,No Pedestrians Involved,Dry,No Unusual Conditions,Daylight,Violation Driver 1,Controls Functioning,Cloudy,Broadside,Intersection,Other Vehicle,Not Applicable,Not Applicable,At,,False,False,63128,FOWLER RD,SAN FELIPE RD,37.30957135,-121.7836007
9424,681374,CR-0000090762,0,0,0,0,22-018-0022,True,False,194,1/18/2022 1:45:00 AM,No Pedestrians Involved,Dry,No Unusual Conditions,Dark - Street Light,Violation Driver 1,Controls Functioning,Clear,Hit Object,Non-Related,Fixed Object,Not Applicable,Not Applicable,West Of,LIGHT POLE / FENCE,False,False,93125,MOORPARK AV,RICHMOND AV,37.31637908,-121.9227988
9425,685350,CR-0000094076,0,0,0,0,22-226-0994,False,False,51,8/14/2022 11:22:00 PM,No Pedestrians Involved,Dry,No Unusual Conditions,Dark - Street Light,Violation Driver 1,No Controls Present/Factor,Clear,Sideswipe,Non-Related,Other Vehicle,Not Applicable,Not Applicable,South Of,,False,True,93125,MOORPARK AV,RICHMOND AV,37.31637908,-121.9227988
9426,687499,CR-0000094289,0,0,0,0,22-258-1061,False,False,63,9/16/2022 12:05:00 AM,No Pedestrians Involved,Dry,No Unusual Conditions,Dark - Street Light,Violation Driver 1,Controls Functioning,Clear,Head On,Non-Related,Parked Vehicle,Not Applicable,Not Applicable,East Of,,True,True,12341,BALBOA AV,WILSHIRE BL,37.35607253,-121.8565244
9427,689668,CR-0000095650,0,0,0,0,22-351-0069,False,False,30,12/17/2022 1:10:00 AM,No Pedestrians Involved,Dry,No Unusual Conditions,Dark - Street Light,Violation Driver 1,Controls Functioning,Clear,Hit Object,Related,Fixed Object,Not Applicable,Not Applicable,South Of,sign,True,True,111594,TAYLOR ST,TWENTY FIRST ST,37.35855137,-121.8802723
9428,681305,CR-0000090691,0,1,0,0,22-011-0562,False,False,51,1/11/2022 2:34:00 PM,No Pedestrians Involved,Dry,No Unusual Conditions,Daylight,Violation Driver 1,No Controls Present/Factor,Clear,Head On,Non-Related,Motorcycle,Not Applicable,Not Applicable,South Of,,False,False,49103,DE MATTEI CT,TWENTY FIRST ST,37.35949635,-121.8809849
9429,681716,CR-0000091113,1,0,0,0,22-074-0938,True,False,0,3/15/2022 8:20:00 PM,No Pedestrians Involved,Dry,No Unusual Conditions,Dark - Street Light,Violation Driver 1,Controls Functioning,Clear,Broadside,Intersection,Other Vehicle,Not Applicable,Not Applicable,At,TRAFFIC CONTROL DEVICE,False,False,111540,TAYLOR ST,TENTH ST,37.35361748,-121.8906612
9430,689083,CR-0000094954,1,1,0,0,22-283-0175,False,False,0,10/10/2022 5:58:00 AM,No Pedestrians Involved,Dry,No Unusual Conditions,Dark - Street Light,Violation Driver 1,Controls Functioning,Clear,Head On,Intersection,Other Vehicle,Not Applicable,Not Applicable,At,,False,False,111540,TAYLOR ST,TENTH ST,37.35361748,-121.8906612