_id,CrashFactId,Name,MinorInjuries,ModerateInjuries,SevereInjuries,FatalInjuries,TcrNumber,CityDamageFlag,ShortFormFlag,Distance,CrashDateTime,PedestrianAction,RoadwaySurface,RoadwayCondition,Lighting,PrimaryCollisionFactor,TrafficControl,Weather,CollisionType,ProximityToIntersection,VehicleInvolvedWith,PedestrianDirectionFrom,PedestrianDirectionTo,DirectionFromIntersection,Comment,SpeedingFlag,HitAndRunFlag,IntersectionNumber,AStreetName,BStreetName,Latitude,Longitude
9431,689371,CR-0000095308,0,0,0,0,22-311-0387,False,False,80,11/7/2022 11:42:00 AM,No Pedestrians Involved,Dry,No Unusual Conditions,Daylight,Violation Driver 1,Controls Functioning,Clear,Rear End,Non-Related,Other Vehicle,Not Applicable,Not Applicable,East Of,,False,False,111540,TAYLOR ST,TENTH ST,37.35361748,-121.8906612
9432,689846,CR-0000095872,1,0,0,0,22-341-0165,False,False,0,12/7/2022 3:51:00 PM,No Pedestrians Involved,Dry,No Unusual Conditions,Daylight,Violation Driver 1,Controls Functioning,Clear,Broadside,Intersection,Other Vehicle,Not Applicable,Not Applicable,At,,False,False,111540,TAYLOR ST,TENTH ST,37.35361748,-121.8906612
9433,692553,CR-0000097844,0,2,0,0,23-095-0727,False,False,0,4/5/2023 6:00:00 PM,No Pedestrians Involved,Dry,No Unusual Conditions,Daylight,Violation Driver 1,Controls Functioning,Clear,Vehicle/Bike,Intersection,Bike,Not Applicable,Not Applicable,At,,False,False,111540,TAYLOR ST,TENTH ST,37.35361748,-121.8906612
9434,692530,CR-0000097821,1,0,0,0,23-075-0440,False,False,0,3/16/2023 1:20:00 PM,No Pedestrians Involved,Dry,No Unusual Conditions,Daylight,Violation Driver 1,No Controls Present/Factor,Clear,Broadside,Intersection,Other Vehicle,Not Applicable,Not Applicable,At,,True,False,111540,TAYLOR ST,TENTH ST,37.35361748,-121.8906612
9435,690981,CR-0000097152,1,0,0,0,23-044-0588,False,False,0,2/13/2023 6:32:00 PM,No Pedestrians Involved,Dry,No Unusual Conditions,Daylight,Violation Driver 1,Controls Functioning,Clear,Vehicle/Bike,Intersection,Bike,Not Applicable,Not Applicable,At,BIKE,False,False,111540,TAYLOR ST,TENTH ST,37.35361748,-121.8906612
9436,696498,CR-0000099685,1,0,0,0,23-348-0897,False,False,0,12/14/2023 8:39:00 PM,No Pedestrians Involved,Dry,No Unusual Conditions,Dark - Street Light,Violation Driver 1,Controls Functioning,Clear,Broadside,Intersection,Other Vehicle,Not Applicable,Not Applicable,At,,False,False,111540,TAYLOR ST,TENTH ST,37.35361748,-121.8906612
9437,712133,CR-0000101406,0,0,0,0,23-340-0397,False,False,246,12/6/2023 12:09:00 PM,No Pedestrians Involved,Dry,No Unusual Conditions,Daylight,Violation Driver 1,No Controls Present/Factor,Clear,Sideswipe,Non-Related,Parked Vehicle,Not Applicable,Not Applicable,South Of,,False,True,111540,TAYLOR ST,TENTH ST,37.35361748,-121.8906612
9438,682162,CR-0000091694,0,0,0,0,22-084-4005,False,True,,3/25/2022 9:30:00 AM,No Pedestrians Involved,Unknown,Unknown,Daylight,Unknown,Unknown,Unknown,Sideswipe,Related,Unknown,Not Applicable,Not Applicable,East Of,,False,False,95974,NINTH ST,TAYLOR ST,37.35311728,-121.8917153
9439,685073,CR-0000093742,0,0,0,0,22-236-0967,False,False,0,8/24/2022 8:37:00 PM,No Pedestrians Involved,Dry,No Unusual Conditions,Dark - Street Light,Violation Driver 1,Controls Functioning,Clear,Rear End,Intersection,Other Vehicle,Not Applicable,Not Applicable,At,,True,False,50930,DI SALVO AV,STEVENS CREEK BL,37.32334874,-121.9370256
9440,687559,CR-0000094349,1,0,0,0,22-272-0388,False,False,0,9/29/2022 12:00:00 PM,No Pedestrians Involved,Dry,No Unusual Conditions,Daylight,Violation Driver 1,Controls Functioning,Clear,Head On,Intersection,Other Vehicle,Not Applicable,Not Applicable,At,,False,False,14079,BASCOM AV,SAN CARLOS ST/STEVENS CREEK BL,37.32338301,-121.931949
9441,685278,CR-0000093958,2,0,0,0,22-252-0167,False,False,112,9/9/2022 6:40:00 AM,No Pedestrians Involved,Dry,No Unusual Conditions,Dusk - Dawn,Violation Driver 1,No Controls Present/Factor,Clear,Rear End,Non-Related,Other Vehicle,Not Applicable,Not Applicable,South Of,,True,False,14079,BASCOM AV,SAN CARLOS ST/STEVENS CREEK BL,37.32338301,-121.931949
9442,681366,CR-0000090753,1,0,0,0,22-017-0483,False,False,0,1/17/2022 2:53:00 PM,No Pedestrians Involved,Dry,No Unusual Conditions,Daylight,Violation Driver 1,Controls Functioning,Clear,Head On,Intersection,Other Vehicle,Not Applicable,Not Applicable,At,,False,False,14079,BASCOM AV,SAN CARLOS ST/STEVENS CREEK BL,37.32338301,-121.931949
9443,681539,CR-0000090935,0,0,0,0,22-038-4002,False,True,0,2/7/2022 8:50:00 AM,No Pedestrians Involved,Unknown,Unknown,Daylight,Unknown,Unknown,Unknown,Broadside,Intersection,Other Vehicle,Not Applicable,Not Applicable,At,,False,False,14079,BASCOM AV,SAN CARLOS ST/STEVENS CREEK BL,37.32338301,-121.931949
9444,683211,CR-0000092773,0,0,0,0,22-060-9703,False,True,0,2/28/2022 10:00:00 AM,No Pedestrians Involved,Dry,No Unusual Conditions,Dark - Street Light,Unknown,Controls Functioning,Clear,Rear End,Intersection,Other Vehicle,Not Applicable,Not Applicable,At,,False,False,14079,BASCOM AV,SAN CARLOS ST/STEVENS CREEK BL,37.32338301,-121.931949
9445,683295,CR-0000092881,0,0,0,0,22-152-9707,False,True,0,5/19/2022 4:00:00 PM,No Pedestrians Involved,Dry,No Unusual Conditions,Daylight,Unknown,Controls Functioning,Clear,Sideswipe,Intersection,Other Vehicle,Not Applicable,Not Applicable,At,,False,False,14079,BASCOM AV,SAN CARLOS ST/STEVENS CREEK BL,37.32338301,-121.931949
9446,699230,CR-0000100551,0,0,0,0,23-167-4000,False,True,51,6/7/2023 3:30:00 PM,No Pedestrians Involved,Unknown,Unknown,Unknown,Unknown,Unknown,Unknown,Rear End,Non-Related,Other Vehicle,Not Applicable,Not Applicable,Unknown,,False,False,14079,BASCOM AV,SAN CARLOS ST/STEVENS CREEK BL,37.32338301,-121.931949
9447,692591,CR-0000097882,0,1,0,0,23-116-0223,False,False,30,4/26/2023 9:34:00 AM,No Pedestrians Involved,Dry,No Unusual Conditions,Daylight,Violation Driver 1,Controls Functioning,Clear,Sideswipe,Related,Other Vehicle,Not Applicable,Not Applicable,North Of,,False,False,14079,BASCOM AV,SAN CARLOS ST/STEVENS CREEK BL,37.32338301,-121.931949
9448,694214,CR-0000097884,2,0,0,0,23-116-0652,False,False,0,4/26/2023 5:15:00 PM,No Pedestrians Involved,Dry,No Unusual Conditions,Daylight,Violation Driver 1,Controls Functioning,Clear,Broadside,Intersection,Other Vehicle,Not Applicable,Not Applicable,At,,False,False,14079,BASCOM AV,SAN CARLOS ST/STEVENS CREEK BL,37.32338301,-121.931949
9449,689787,CR-0000095813,1,0,0,0,22-197-0871,False,False,0,7/16/2022 8:47:00 PM,No Pedestrians Involved,Dry,No Unusual Conditions,Dark - Street Light,Violation Driver 1,Controls Functioning,Clear,Broadside,Intersection,Other Vehicle,Not Applicable,Not Applicable,At,,False,True,14079,BASCOM AV,SAN CARLOS ST/STEVENS CREEK BL,37.32338301,-121.931949
9450,715828,CR-0000101970,1,0,0,0,24-004-9705,False,True,0,1/3/2024 5:55:00 PM,No Pedestrians Involved,Dry,No Unusual Conditions,Dusk - Dawn,Unknown,Controls Functioning,Clear,Head On,Intersection,Other Vehicle,Not Applicable,Not Applicable,At,,False,False,14079,BASCOM AV,SAN CARLOS ST/STEVENS CREEK BL,37.32338301,-121.931949
9451,719616,CR-0000102774,0,0,0,0,23-073-9704,False,True,0,3/13/2023 3:00:00 AM,No Pedestrians Involved,Unknown,No Unusual Conditions,Dark - Street Light,Unknown,Controls Functioning,Clear,Rear End,Intersection,Other Vehicle,Not Applicable,Not Applicable,At,,False,False,14079,BASCOM AV,SAN CARLOS ST/STEVENS CREEK BL,37.32338301,-121.931949
9452,719593,CR-0000102750,0,0,0,0,24-001-0272,False,False,246,1/1/2024 4:46:00 AM,No Pedestrians Involved,Wet,No Unusual Conditions,Dark - Street Light,Violation Driver 1,Controls Functioning,Clear,Rear End,Non-Related,Parked Vehicle,Not Applicable,Not Applicable,West Of,,False,True,23088,BRADLEY AV,STEVENS CREEK BL,37.32338312,-121.9338564
9453,683104,CR-0000092732,0,0,0,0,22-127-1187,False,False,51,5/7/2022 11:11:00 PM,No Pedestrians Involved,Dry,No Unusual Conditions,Dark - Street Light,Violation Driver 1,Controls Functioning,Clear,Sideswipe,Non-Related,Other Vehicle,Not Applicable,Not Applicable,West Of,,False,True,103674,REVEY AV,STEVENS CREEK BL,37.32336965,-121.9348666
9454,716027,CR-0000101928,0,0,0,0,23-222-9709,False,False,0,8/10/2023 11:45:00 AM,No Pedestrians Involved,Dry,No Unusual Conditions,Daylight,Unknown,Controls Functioning,Clear,Sideswipe,Intersection,Other Vehicle,Not Applicable,Not Applicable,At,,False,False,103674,REVEY AV,STEVENS CREEK BL,37.32336965,-121.9348666
9455,683403,CR-0000092996,0,0,0,0,22-145-1088,False,False,18,5/25/2022 11:42:00 PM,No Pedestrians Involved,Dry,No Unusual Conditions,Dark - Street Light,Violation Driver 1,Controls Functioning,Clear,Broadside,Related,Other Vehicle,Not Applicable,Not Applicable,East Of,,False,False,86646,MACARTHUR AV,STEVENS CREEK BL,37.32335887,-121.9356995
9456,690352,CR-0000096446,0,0,0,0,22-229-9705,False,True,51,8/10/2022 5:00:00 PM,No Pedestrians Involved,Dry,No Unusual Conditions,Daylight,Unknown,Controls Functioning,Clear,Rear End,Non-Related,Other Vehicle,Not Applicable,Not Applicable,East Of,,False,True,86646,MACARTHUR AV,STEVENS CREEK BL,37.32335887,-121.9356995
9457,699182,CR-0000100502,0,0,0,0,23-166-0502,False,False,0,6/15/2023 1:34:00 PM,No Pedestrians Involved,Dry,No Unusual Conditions,Daylight,Violation Driver 1,No Controls Present/Factor,Clear,Sideswipe,Intersection,Other Vehicle,Not Applicable,Not Applicable,At,,False,False,59454,FERNWOOD AV,WINCHESTER BL,37.32808399,-121.9502084
9458,712108,CR-0000101357,0,0,0,0,23-331-0739,False,False,294,11/27/2023 5:25:00 PM,No Pedestrians Involved,Dry,No Unusual Conditions,Dark - Street Light,Violation Driver 1,No Controls Present/Factor,Clear,Rear End,Non-Related,Parked Vehicle,Not Applicable,Not Applicable,West Of,,False,False,59454,FERNWOOD AV,WINCHESTER BL,37.32808399,-121.9502084
9459,696512,CR-0000099699,0,1,0,0,23-338-0751,False,False,255,12/4/2023 5:37:00 PM,No Pedestrians Involved,Dry,No Unusual Conditions,Dark - Street Light,Violation Driver 1,Controls Functioning,Clear,Rear End,Non-Related,Parked Vehicle,Not Applicable,Not Applicable,North Of,,False,False,62182,FOREST AV,MONROE ST,37.32705552,-121.9433298
9460,689957,CR-0000095958,0,0,0,0,22-362-4006,False,True,0,12/28/2022 3:30:00 PM,No Pedestrians Involved,Unknown,Unknown,Daylight,Unknown,Unknown,Unknown,Broadside,Intersection,Other Vehicle,Not Applicable,Not Applicable,At,,False,False,62182,FOREST AV,MONROE ST,37.32705552,-121.9433298
9461,712074,CR-0000101003,0,1,0,0,23-270-0903,False,False,704,9/27/2023 9:04:00 PM,In Road - Includes Shoulder,Dry,No Unusual Conditions,Daylight,Pedestrian At Fault,No Controls Present/Factor,Clear,Vehicle/Pedestrian,Non-Related,Wheelchair,West,East,East Of,WHEELCHAIR,False,False,62182,FOREST AV,MONROE ST,37.32705552,-121.9433298
9462,722417,CR-0000103712,0,1,0,0,24-097-0337,False,False,0,4/6/2024 11:58:00 AM,Crossing - Not In Crosswalk,Dry,No Unusual Conditions,Daylight,Pedestrian At Fault,Controls Functioning,Clear,Vehicle/Pedestrian,Intersection,Pedestrian,East,West,At,PED,False,False,62182,FOREST AV,MONROE ST,37.32705552,-121.9433298
9463,719753,CR-0000102926,0,0,0,0,24-020-0620,True,False,45,1/20/2024 6:24:00 PM,No Pedestrians Involved,Wet,No Unusual Conditions,Dark - Street Light,Violation Driver 1,No Controls Present/Factor,Rain,Hit Object,Related,Fixed Object,Not Applicable,Not Applicable,South Of,PED SIGN,True,False,22175,BORINA DR,MOORPARK AV,37.31186457,-121.9905236
9464,690549,CR-0000096670,0,1,0,0,23-007-0668,False,False,84,1/7/2023 7:40:00 PM,No Pedestrians Involved,Wet,No Unusual Conditions,Dark - Street Light,Violation Driver 1,No Controls Present/Factor,Rain,Rear End,Non-Related,Parked Vehicle,Not Applicable,Not Applicable,South Of,,True,False,126653,PARK AV,SANDRINGHAM WY,37.3322252,-121.9219705
9465,698945,CR-0000100247,1,0,0,0,23-318-0542,False,False,65,11/14/2023 3:23:00 PM,No Pedestrians Involved,Dry,No Unusual Conditions,Daylight,Violation Driver 1,No Controls Present/Factor,Clear,Vehicle/Bike,Non-Related,Bike,Not Applicable,Not Applicable,West Of,BIKE,False,False,126653,PARK AV,SANDRINGHAM WY,37.3322252,-121.9219705
9466,694460,CR-0000098425,1,0,0,0,23-162-0853,False,False,166,6/11/2023 10:15:00 PM,No Pedestrians Involved,Dry,No Unusual Conditions,Dark - Street Light,Violation Driver 1,No Controls Present/Factor,Clear,Head On,Non-Related,Other Vehicle,Not Applicable,Not Applicable,West Of,,True,True,72423,HESTER AV,PARK AV,37.32988578,-121.9191462
9467,690084,CR-0000096156,0,0,0,0,22-203-0840,False,False,51,7/21/2022 5:00:00 PM,No Pedestrians Involved,Unknown,No Unusual Conditions,Daylight,Violation Driver 1,No Controls Present/Factor,Clear,Sideswipe,Non-Related,Parked Vehicle,Not Applicable,Not Applicable,South Of,,False,True,122990,HAZLETT CT,HAZLETT WY,37.37307623,-121.8851533
9468,681399,CR-0000090789,0,0,0,0,22-022-0267,False,False,0,1/23/2022 9:33:00 AM,No Pedestrians Involved,Dry,No Unusual Conditions,Daylight,Violation Driver 1,Unknown,Clear,Sideswipe,Intersection,Motor Vehicle On Other Roadway,Not Applicable,Not Applicable,At,,False,False,76218,JACKSON ST,SIXTEENTH ST,37.35419014,-121.88335
9469,694479,CR-0000098473,0,1,0,0,23-184-1051,False,False,38,7/4/2023 6:43:00 AM,Crossing - Not In Crosswalk,Dry,No Unusual Conditions,Dark - Street Light,Violation Driver 1,No Controls Present/Factor,Clear,Vehicle/Pedestrian,Related,Pedestrian,West,East,North Of,PED,False,False,113134,VICTORIA PARK DR,VISTAPARK DR,37.27309896,-121.8497912
9470,698832,CR-0000100115,0,1,0,0,23-336-0492,False,False,95,12/2/2023 3:17:00 PM,No Pedestrians Involved,Dry,No Unusual Conditions,Daylight,Violation Driver 1,No Controls Present/Factor,Clear,Broadside,Non-Related,Other Vehicle,Not Applicable,Not Applicable,North Of,,False,False,113134,VICTORIA PARK DR,VISTAPARK DR,37.27309896,-121.8497912
9471,688940,CR-0000094798,0,0,0,0,22-255-4000,False,True,51,9/10/2022 3:45:00 AM,No Pedestrians Involved,Unknown,Unknown,Unknown,Unknown,Unknown,Unknown,Sideswipe,Non-Related,Other Vehicle,Not Applicable,Not Applicable,North Of,,False,True,113145,VIEWPARK CI,VISTAPARK DR,37.27212273,-121.8497201
9472,690507,CR-0000096615,0,0,0,0,22-304-9702,False,True,51,10/23/2022 7:00:00 AM,No Pedestrians Involved,Dry,No Unusual Conditions,Dark - Street Light,Unknown,No Controls Present/Factor,Clear,Sideswipe,Non-Related,Parked Vehicle,Not Applicable,Not Applicable,East Of,,False,True,113145,VIEWPARK CI,VISTAPARK DR,37.27212273,-121.8497201
9473,690480,CR-0000096590,0,0,0,0,22-346-9701,False,True,,12/12/2022 6:30:00 AM,No Pedestrians Involved,Wet,No Unusual Conditions,Dark - Street Light,Unknown,No Controls Present/Factor,Clear,Rear End,Related,Other Vehicle,Not Applicable,Not Applicable,Unknown,,False,False,113145,VIEWPARK CI,VISTAPARK DR,37.27212273,-121.8497201
9474,716082,CR-0000102040,1,0,0,0,24-016-0184,False,False,359,1/16/2024 8:35:00 AM,No Pedestrians Involved,Dry,No Unusual Conditions,Daylight,Violation Driver 1,Controls Functioning,Clear,Sideswipe,Non-Related,Other Vehicle,Not Applicable,Not Applicable,West Of,,False,False,12968,BANNER DR,SANTA TERESA BL,37.23752212,-121.8238046
9475,687452,CR-0000094231,0,0,0,0,22-253-0165,False,False,333,9/10/2022 3:50:00 AM,No Pedestrians Involved,Dry,No Unusual Conditions,Dark - Street Light,Violation Driver 1,No Controls Present/Factor,Clear,Rear End,Non-Related,Parked Vehicle,Not Applicable,Not Applicable,North Of,,True,False,108349,SEVENTEENTH ST,WASHINGTON ST,37.35034903,-121.8792215
9476,683107,CR-0000092706,1,0,0,0,22-189-0613,False,False,0,7/8/2022 4:40:00 PM,No Pedestrians Involved,Dry,No Unusual Conditions,Daylight,Violation Driver 1,No Controls Present/Factor,Clear,Broadside,Intersection,Other Vehicle,Not Applicable,Not Applicable,At,,False,False,108349,SEVENTEENTH ST,WASHINGTON ST,37.35034903,-121.8792215
9477,689638,CR-0000095619,1,0,0,0,22-316-0235,False,False,0,11/12/2022 8:50:00 AM,No Pedestrians Involved,Dry,No Unusual Conditions,Daylight,Violation Driver 1,No Controls Present/Factor,Clear,Rear End,Intersection,Other Vehicle,Not Applicable,Not Applicable,At,,True,False,77780,JULIAN ST,TWENTIETH ST,37.34955411,-121.8748503
9478,694497,CR-0000098491,2,0,0,0,23-188-0438,False,False,82,7/7/2023 1:30:00 PM,No Pedestrians Involved,Dry,No Unusual Conditions,Daylight,Violation Driver 1,No Controls Present/Factor,Clear,Broadside,Non-Related,Other Vehicle,Not Applicable,Not Applicable,West Of,,False,False,77780,JULIAN ST,TWENTIETH ST,37.34955411,-121.8748503
9479,683250,CR-0000092835,0,0,0,0,22-131-0096,False,False,115,5/11/2022 4:27:00 AM,No Pedestrians Involved,Dry,No Unusual Conditions,Dark - Street Light,Violation Driver 1,No Controls Present/Factor,Clear,Head On,Non-Related,Parked Vehicle,Not Applicable,Not Applicable,North Of,,True,True,77615,JULIAN ST,NINETEENTH ST,37.34911463,-121.8757767
9480,697579,CR-0000099790,0,1,0,0,23-250-0964,False,False,0,9/7/2023 10:15:00 PM,No Pedestrians Involved,Dry,No Unusual Conditions,Dark - Street Light,Violation Driver 1,Controls Functioning,Clear,Broadside,Intersection,Other Vehicle,Not Applicable,Not Applicable,At,,False,True,77615,JULIAN ST,NINETEENTH ST,37.34911463,-121.8757767
9481,722456,CR-0000103752,1,0,0,0,24-101-0609,False,False,0,4/10/2024 4:55:00 PM,No Pedestrians Involved,Dry,No Unusual Conditions,Daylight,Violation Driver 1,Controls Functioning,Clear,Broadside,Intersection,Motorcycle,Not Applicable,Not Applicable,At,,False,False,77615,JULIAN ST,NINETEENTH ST,37.34911463,-121.8757767
9482,683461,CR-0000093057,2,0,0,0,22-083-0532,False,False,0,3/24/2022 2:07:00 PM,No Pedestrians Involved,Dry,No Unusual Conditions,Daylight,Violation Driver 1,No Controls Present/Factor,Clear,Broadside,Intersection,Other Vehicle,Not Applicable,Not Applicable,At,,False,False,77681,JULIAN ST,SEVENTEENTH ST,37.34822975,-121.8776438
9483,682650,CR-0000092226,0,0,0,0,22-118-0707,False,False,75,4/28/2022 12:00:00 PM,No Pedestrians Involved,Dry,No Unusual Conditions,Daylight,Violation Driver 1,Controls Not Functioning,Clear,Sideswipe,Non-Related,Parked Vehicle,Not Applicable,Not Applicable,East Of,,False,True,77681,JULIAN ST,SEVENTEENTH ST,37.34822975,-121.8776438
9484,682161,CR-0000091700,1,0,0,0,22-074-0237,False,False,0,3/15/2022 9:00:00 AM,No Pedestrians Involved,Wet,No Unusual Conditions,Daylight,Violation Driver 1,Controls Functioning,Rain,Broadside,Intersection,Other Vehicle,Not Applicable,Not Applicable,At,,False,False,77681,JULIAN ST,SEVENTEENTH ST,37.34822975,-121.8776438
9485,685012,CR-0000093676,0,0,0,0,22-238-0069,False,False,96,8/26/2022 2:42:00 AM,No Pedestrians Involved,Dry,No Unusual Conditions,Dark - Street Light,Violation Driver 1,No Controls Present/Factor,Clear,Sideswipe,Non-Related,Parked Vehicle,Not Applicable,Not Applicable,West Of,,True,True,77681,JULIAN ST,SEVENTEENTH ST,37.34822975,-121.8776438
9486,696441,CR-0000099618,0,0,0,0,23-112-0024,False,False,83,4/22/2023 12:20:00 AM,No Pedestrians Involved,Dry,No Unusual Conditions,Dark - Street Light,Violation Driver 1,Controls Functioning,Clear,Sideswipe,Non-Related,Parked Vehicle,Not Applicable,Not Applicable,East Of,,True,True,77681,JULIAN ST,SEVENTEENTH ST,37.34822975,-121.8776438
9487,692501,CR-0000097789,0,0,0,0,23-070-0221,True,False,0,3/11/2023 12:01:00 AM,No Pedestrians Involved,Wet,No Unusual Conditions,Dark - Street Light,Violation Driver 1,Unknown,Rain,Hit Object,Intersection,Fixed Object,Not Applicable,Not Applicable,At,,False,True,77681,JULIAN ST,SEVENTEENTH ST,37.34822975,-121.8776438
9488,699427,CR-0000100760,1,0,0,0,23-324-0247,False,False,0,11/20/2023 8:22:00 AM,No Pedestrians Involved,Dry,Construction - Repair Zone,Daylight,Violation Driver 1,No Controls Present/Factor,Clear,Vehicle/Bike,Intersection,Bike,Not Applicable,Not Applicable,At,BICYCLIST,False,False,60246,FIRST ST,HENSLEY ST,37.34366447,-121.8961461
9489,689628,CR-0000095609,1,0,0,0,22-356-0428,False,False,24,12/31/2022 2:22:00 PM,No Pedestrians Involved,Wet,No Unusual Conditions,Daylight,Violation Driver 1,Controls Functioning,Rain,Rear End,Related,Other Vehicle,Not Applicable,Not Applicable,East Of,,True,False,59630,FIFTEENTH ST,JULIAN ST,37.34734479,-121.8795102
9490,690753,CR-0000096890,0,0,0,0,23-015-0495,False,False,0,1/15/2023 4:00:00 PM,No Pedestrians Involved,Wet,No Unusual Conditions,Dusk - Dawn,Violation Driver 1,Controls Functioning,Rain,Hit Object,Intersection,Fixed Object,Not Applicable,Not Applicable,West Of,,True,True,59630,FIFTEENTH ST,JULIAN ST,37.34734479,-121.8795102
9491,722466,CR-0000103742,0,0,0,0,24-100-4006,False,True,0,4/9/2024 1:25:00 PM,No Pedestrians Involved,Unknown,Unknown,Unknown,Unknown,Unknown,Unknown,Rear End,Intersection,Other Vehicle,Not Applicable,Not Applicable,At,,False,False,59630,FIFTEENTH ST,JULIAN ST,37.34734479,-121.8795102
9492,685382,CR-0000094117,0,0,0,0,22-231-0908,False,False,577,8/19/2022 9:07:00 PM,No Pedestrians Involved,Dry,No Unusual Conditions,Dark - Street Light,Violation Driver 1,No Controls Present/Factor,Clear,Rear End,Non-Related,Other Vehicle,Not Applicable,Not Applicable,West Of,,False,True,17544,BERRYESSA RD,LUNDY AV,37.37379053,-121.8730624
9493,684772,CR-0000093423,0,0,0,0,22-190-4001,False,True,,7/9/2022 3:57:00 PM,No Pedestrians Involved,Unknown,Unknown,Daylight,Unknown,Unknown,Unknown,Broadside,Related,Other Vehicle,Not Applicable,Not Applicable,North Of,,False,False,17544,BERRYESSA RD,LUNDY AV,37.37379053,-121.8730624
9494,684784,CR-0000093473,1,0,0,0,22-192-0794,False,False,51,7/11/2022 5:59:00 PM,No Pedestrians Involved,Dry,No Unusual Conditions,Daylight,Violation Driver 1,No Controls Present/Factor,Clear,Hit Object,Non-Related,Fixed Object,Not Applicable,Not Applicable,South Of,CURB,False,False,17544,BERRYESSA RD,LUNDY AV,37.37379053,-121.8730624
9495,684697,CR-0000093326,1,0,0,0,22-178-9704,False,True,0,6/24/2022 12:42:00 PM,No Pedestrians Involved,Dry,No Unusual Conditions,Daylight,Unknown,Controls Functioning,Clear,Rear End,Intersection,Other Vehicle,Not Applicable,Not Applicable,At,,False,False,17544,BERRYESSA RD,LUNDY AV,37.37379053,-121.8730624
9496,689665,CR-0000095648,0,0,0,0,22-338-9701,False,False,,12/3/2022 11:50:00 PM,No Pedestrians Involved,Dry,No Unusual Conditions,Dark - Street Light,Unknown,Controls Functioning,Clear,Sideswipe,Related,Other Vehicle,Not Applicable,Not Applicable,Unknown,,False,True,17544,BERRYESSA RD,LUNDY AV,37.37379053,-121.8730624
9497,681291,CR-0000090678,0,0,0,0,22-010-0235,False,False,350,1/10/2022 9:19:00 AM,No Pedestrians Involved,Dry,No Unusual Conditions,Dusk - Dawn,Violation Driver 1,Controls Functioning,Clear,Rear End,Non-Related,Other Vehicle,Not Applicable,Not Applicable,North Of,,False,False,17544,BERRYESSA RD,LUNDY AV,37.37379053,-121.8730624
9498,682481,CR-0000092048,0,0,0,0,22-097-0163,False,False,193,4/7/2022 7:24:00 AM,No Pedestrians Involved,Dry,No Unusual Conditions,Daylight,Violation Driver 1,No Controls Present/Factor,Clear,Sideswipe,Non-Related,Other Vehicle,Not Applicable,Not Applicable,West Of,,False,False,17544,BERRYESSA RD,LUNDY AV,37.37379053,-121.8730624
9499,682243,CR-0000091822,0,0,0,0,22-126-9709,False,True,,5/5/2022 5:50:00 PM,No Pedestrians Involved,Dry,No Unusual Conditions,Daylight,Unknown,Controls Functioning,Clear,Rear End,Related,Other Vehicle,Not Applicable,Not Applicable,South Of,,False,False,17544,BERRYESSA RD,LUNDY AV,37.37379053,-121.8730624
9500,689463,CR-0000095440,1,0,0,0,22-352-0593,False,False,0,12/18/2022 6:11:00 PM,No Pedestrians Involved,Dry,No Unusual Conditions,Dark - Street Light,Violation Driver 1,Controls Functioning,Clear,Head On,Intersection,Other Vehicle,Not Applicable,Not Applicable,At,,False,False,17544,BERRYESSA RD,LUNDY AV,37.37379053,-121.8730624
9501,690165,CR-0000096254,0,0,0,0,22-156-4001,False,True,51,6/5/2022 12:15:00 PM,No Pedestrians Involved,Unknown,Unknown,Unknown,Unknown,Unknown,Unknown,Sideswipe,Non-Related,Other Vehicle,Not Applicable,Not Applicable,Unknown,,False,True,17544,BERRYESSA RD,LUNDY AV,37.37379053,-121.8730624
9502,695987,CR-0000099122,0,0,0,0,23-235-4006,False,True,51,8/23/2023 4:15:00 PM,No Pedestrians Involved,Unknown,Unknown,Unknown,Unknown,Unknown,Unknown,Broadside,Non-Related,Other Vehicle,Not Applicable,Not Applicable,East Of,,False,False,17544,BERRYESSA RD,LUNDY AV,37.37379053,-121.8730624
9503,699056,CR-0000100362,0,0,1,0,23-196-0426,False,False,35,7/15/2023 1:11:00 PM,No Pedestrians Involved,Dry,No Unusual Conditions,Daylight,Bike At Fault,No Controls Present/Factor,Clear,Vehicle/Bike,Related,Bike,Not Applicable,Not Applicable,East Of,BIKE,False,False,17544,BERRYESSA RD,LUNDY AV,37.37379053,-121.8730624
9504,699219,CR-0000100540,0,0,0,0,23-176-9701,False,True,0,6/24/2023 7:30:00 PM,No Pedestrians Involved,Dry,No Unusual Conditions,Daylight,Unknown,Controls Functioning,Clear,Sideswipe,Intersection,Other Vehicle,Not Applicable,Not Applicable,At,,False,False,17544,BERRYESSA RD,LUNDY AV,37.37379053,-121.8730624
9505,722396,CR-0000103690,2,0,0,0,24-098-0824,False,False,0,4/7/2024 10:05:00 PM,No Pedestrians Involved,Dry,No Unusual Conditions,Dark - Street Light,Violation Driver 1,Controls Functioning,Clear,Broadside,Intersection,Other Vehicle,Not Applicable,Not Applicable,At,,True,True,17544,BERRYESSA RD,LUNDY AV,37.37379053,-121.8730624