_id,CrashFactId,Name,MinorInjuries,ModerateInjuries,SevereInjuries,FatalInjuries,TcrNumber,CityDamageFlag,ShortFormFlag,Distance,CrashDateTime,PedestrianAction,RoadwaySurface,RoadwayCondition,Lighting,PrimaryCollisionFactor,TrafficControl,Weather,CollisionType,ProximityToIntersection,VehicleInvolvedWith,PedestrianDirectionFrom,PedestrianDirectionTo,DirectionFromIntersection,Comment,SpeedingFlag,HitAndRunFlag,IntersectionNumber,AStreetName,BStreetName,Latitude,Longitude
9506,699465,CR-0000100798,0,0,0,0,23-203-0823,True,False,24,7/22/2023 9:39:00 PM,No Pedestrians Involved,Dry,No Unusual Conditions,Dark - Street Light,Violation Driver 1,No Controls Present/Factor,Clear,Hit Object,Related,Fixed Object,Not Applicable,Not Applicable,West Of,TREE,False,False,17544,BERRYESSA RD,LUNDY AV,37.37379053,-121.8730624
9507,719636,CR-0000102797,0,0,0,0,24-004-4005,False,True,,1/4/2024 3:20:00 PM,No Pedestrians Involved,Unknown,Unknown,Unknown,Unknown,Unknown,Unknown,Rear End,Related,Other Vehicle,Not Applicable,Not Applicable,Unknown,,False,False,17544,BERRYESSA RD,LUNDY AV,37.37379053,-121.8730624
9508,717438,CR-0000102462,1,0,0,0,24-083-0412,False,False,175,3/23/2024 12:54:00 PM,No Pedestrians Involved,Dry,No Unusual Conditions,Daylight,Violation Driver 1,No Controls Present/Factor,Clear,Sideswipe,Non-Related,Other Vehicle,Not Applicable,Not Applicable,East Of,,False,False,17544,BERRYESSA RD,LUNDY AV,37.37379053,-121.8730624
9509,722165,CR-0000103431,0,0,0,0,24-075-0141,True,False,50,3/15/2024 6:15:00 AM,No Pedestrians Involved,Dry,No Unusual Conditions,Dark - Street Light,Other Improper Driving,Controls Functioning,Other,Sideswipe,Related,Fixed Object,Not Applicable,Not Applicable,North Of,Traffic Signal Box,False,False,17544,BERRYESSA RD,LUNDY AV,37.37379053,-121.8730624
9510,719695,CR-0000102867,0,0,0,0,24-012-4008,False,True,,1/12/2024 2:45:00 PM,No Pedestrians Involved,Unknown,Unknown,Unknown,Unknown,Unknown,Unknown,Sideswipe,Related,Parked Vehicle,Not Applicable,Not Applicable,West Of,,False,False,3970,ALLENWOOD DR,REMINGTON WY,37.32783317,-121.7880955
9511,682697,CR-0000092275,0,0,0,0,22-149-0769,False,False,108,5/29/2022 6:56:00 PM,No Pedestrians Involved,Dry,No Unusual Conditions,Daylight,Violation Driver 1,No Controls Present/Factor,Clear,Rear End,Non-Related,Parked Vehicle,Not Applicable,Not Applicable,East Of,,False,False,99791,PEBBLETREE CT,TIGERWOOD WY,37.26549188,-121.7998745
9512,689363,CR-0000095312,0,0,0,0,22-326-0954,False,False,366,11/22/2022 11:38:00 PM,No Pedestrians Involved,Dry,No Unusual Conditions,Dark - Street Light,Violation Driver 1,Controls Functioning,Clear,Sideswipe,Non-Related,Parked Vehicle,Not Applicable,Not Applicable,West Of,,True,False,33978,CARRYBACK AV,WHIRLAWAY DR,37.26366188,-121.8025868
9513,684980,CR-0000093619,0,0,0,0,22-218-0732,False,False,0,8/6/2022 7:05:00 PM,No Pedestrians Involved,Dry,No Unusual Conditions,Daylight,Violation Driver 1,Controls Functioning,Clear,Rear End,Intersection,Other Vehicle,Not Applicable,Not Applicable,At,,False,False,11000,AVENIDA DEL ROBLE/TRADEWINDS DR,SNELL AV,37.25477025,-121.8308112
9514,685081,CR-0000093750,1,1,0,0,22-217-0329,False,False,108,8/5/2022 10:50:00 AM,No Pedestrians Involved,Dry,No Unusual Conditions,Daylight,Violation Driver 1,Controls Functioning,Clear,Rear End,Non-Related,Other Vehicle,Not Applicable,Not Applicable,South Of,,False,False,11000,AVENIDA DEL ROBLE/TRADEWINDS DR,SNELL AV,37.25477025,-121.8308112
9515,682209,CR-0000091753,2,0,0,0,22-062-0849,False,False,57,3/3/2022 7:03:00 PM,No Pedestrians Involved,Dry,No Unusual Conditions,Dark - Street Light,Violation Driver 1,Controls Functioning,Clear,Rear End,Non-Related,Other Vehicle,Not Applicable,Not Applicable,South Of,,True,False,11000,AVENIDA DEL ROBLE/TRADEWINDS DR,SNELL AV,37.25477025,-121.8308112
9516,683296,CR-0000092882,0,0,0,0,22-140-0652,False,False,66,5/20/2022 4:04:00 PM,No Pedestrians Involved,Dry,No Unusual Conditions,Daylight,Violation Driver 1,Controls Functioning,Clear,Sideswipe,Non-Related,Other Vehicle,Not Applicable,Not Applicable,South Of,,False,True,11000,AVENIDA DEL ROBLE/TRADEWINDS DR,SNELL AV,37.25477025,-121.8308112
9517,681611,CR-0000091008,0,0,0,0,22-047-0841,False,False,0,2/16/2022 3:40:00 PM,No Pedestrians Involved,Dry,No Unusual Conditions,Daylight,Violation Driver 1,Controls Functioning,Clear,Vehicle/Bike,Intersection,Bike,Not Applicable,Not Applicable,At,BIKE,False,False,11000,AVENIDA DEL ROBLE/TRADEWINDS DR,SNELL AV,37.25477025,-121.8308112
9518,694260,CR-0000098159,1,1,0,0,23-135-0737,False,False,310,5/15/2023 5:11:00 PM,No Pedestrians Involved,Dry,No Unusual Conditions,Daylight,Violation Driver 1,No Controls Present/Factor,Clear,Sideswipe,Non-Related,Other Vehicle,Not Applicable,Not Applicable,East Of,,True,False,11000,AVENIDA DEL ROBLE/TRADEWINDS DR,SNELL AV,37.25477025,-121.8308112
9519,711816,CR-0000101498,0,0,0,0,23-272-4006,False,True,0,9/29/2023 6:37:00 PM,No Pedestrians Involved,Unknown,Unknown,Unknown,Unknown,Unknown,Unknown,Rear End,Intersection,Other Vehicle,Not Applicable,Not Applicable,At,,False,False,11000,AVENIDA DEL ROBLE/TRADEWINDS DR,SNELL AV,37.25477025,-121.8308112
9520,682855,CR-0000092441,0,0,0,0,22-157-0308,False,False,140,6/6/2022 10:45:00 AM,No Pedestrians Involved,Dry,No Unusual Conditions,Daylight,Violation Driver 1,Controls Functioning,Clear,Sideswipe,Non-Related,Other Vehicle,Not Applicable,Not Applicable,East Of,,True,True,20481,BLOSSOM HILL RD,THORNWOOD DR,37.25031991,-121.8558826
9521,689001,CR-0000094861,0,0,0,0,22-280-0599,False,False,40,10/7/2022 2:55:00 PM,No Pedestrians Involved,Dry,No Unusual Conditions,Daylight,Violation Driver 1,Controls Functioning,Clear,Hit Object,Related,Fixed Object,Not Applicable,Not Applicable,West Of,HYDRANT,True,False,20481,BLOSSOM HILL RD,THORNWOOD DR,37.25031991,-121.8558826
9522,687610,CR-0000094403,0,1,0,0,22-268-0581,False,False,0,9/25/2022 3:43:00 PM,No Pedestrians Involved,Dry,No Unusual Conditions,Daylight,Violation Driver 1,No Controls Present/Factor,Clear,Vehicle/Bike,Intersection,Bike,Not Applicable,Not Applicable,At,BIKE,False,False,26432,BRYAN AV,CHERRY AV,37.26633428,-121.8870361
9523,719833,CR-0000103006,0,0,0,0,24-038-4004,False,True,0,2/7/2024 3:06:00 PM,No Pedestrians Involved,Unknown,Unknown,Unknown,Unknown,Unknown,Unknown,Sideswipe,Intersection,Other Vehicle,Not Applicable,Not Applicable,At,,False,False,20998,BLUEFIELD DR,VISTAPARK DR,37.2707219,-121.8490322
9524,689036,CR-0000094891,1,0,0,0,22-294-0777,False,False,625,10/21/2022 6:55:00 PM,Crossing - Not In Crosswalk,Dry,No Unusual Conditions,Dark - Street Light,Pedestrian At Fault,No Controls Present/Factor,Clear,Vehicle/Pedestrian,Non-Related,Pedestrian,South,North,West Of,PEDESTRIAN,False,False,101023,PINELAND AV,SANTA TERESA BL,37.23746941,-121.8256615
9525,689334,CR-0000095301,0,0,0,0,22-292-0181,False,False,533,10/19/2022 7:30:00 AM,No Pedestrians Involved,Dry,No Unusual Conditions,Daylight,Violation Driver 1,Controls Functioning,Clear,Hit Object,Non-Related,Fixed Object,Not Applicable,Not Applicable,West Of,Hydrant,False,False,101023,PINELAND AV,SANTA TERESA BL,37.23746941,-121.8256615
9526,691056,CR-0000097229,0,1,0,0,23-045-0764,False,False,0,2/14/2023 8:13:00 PM,No Pedestrians Involved,Wet,Unknown,Dark - Street Light,Violation Driver 1,Unknown,Clear,Head On,Intersection,Parked Vehicle,Not Applicable,Not Applicable,At,,True,False,111847,THIRTIETH ST,WHITTON ST,37.34712503,-121.8606471
9527,711551,CR-0000101401,0,0,0,0,23-321-0014,False,False,121,11/17/2023 12:25:00 AM,No Pedestrians Involved,Dry,No Unusual Conditions,Dark - Street Light,Violation Driver 1,Unknown,Cloudy,Sideswipe,Non-Related,Parked Vehicle,Not Applicable,Not Applicable,West Of,,False,False,111847,THIRTIETH ST,WHITTON ST,37.34712503,-121.8606471
9528,689767,CR-0000095788,1,0,0,0,22-152-0980,False,False,32,6/1/2022 9:53:00 PM,In Road - Includes Shoulder,Dry,No Unusual Conditions,Dark - Street Light Not Functioning,Violation Driver 1,Controls Functioning,Clear,Vehicle/Pedestrian,Related,Pedestrian,No Direction (Not Walking),No Direction (Not Walking),West Of,PEDESTRIAN,False,True,106006,SAN ANTONIO ST,TWENTY FOURTH ST,37.34404164,-121.8648462
9529,682152,CR-0000091690,0,0,0,0,22-086-0138,False,False,0,3/27/2022 4:19:00 AM,No Pedestrians Involved,Dry,No Unusual Conditions,Dark - Street Light,Violation Driver 1,Controls Functioning,Clear,Broadside,Intersection,Other Vehicle,Not Applicable,Not Applicable,At,,False,False,106006,SAN ANTONIO ST,TWENTY FOURTH ST,37.34404164,-121.8648462
9530,690891,CR-0000097035,0,0,0,0,23-009-0716,False,False,0,1/9/2023 6:12:00 PM,No Pedestrians Involved,Wet,No Unusual Conditions,Dusk - Dawn,Violation Driver 1,Unknown,Clear,Broadside,Intersection,Other Vehicle,Not Applicable,Not Applicable,At,,True,False,106006,SAN ANTONIO ST,TWENTY FOURTH ST,37.34404164,-121.8648462
9531,698731,CR-0000099981,1,0,0,0,23-260-0247,False,False,0,9/17/2023 7:20:00 AM,No Pedestrians Involved,Dry,No Unusual Conditions,Daylight,Violation Driver 1,Controls Functioning,Clear,Broadside,Intersection,Other Vehicle,Not Applicable,Not Applicable,At,,False,True,106006,SAN ANTONIO ST,TWENTY FOURTH ST,37.34404164,-121.8648462
9532,696444,CR-0000099621,0,0,0,0,23-111-0091,False,False,220,4/21/2023 3:16:00 AM,No Pedestrians Involved,Dry,No Unusual Conditions,Dark - Street Light,Violation Driver 1,No Controls Present/Factor,Clear,Head On,Non-Related,Parked Vehicle,Not Applicable,Not Applicable,South Of,,True,True,106006,SAN ANTONIO ST,TWENTY FOURTH ST,37.34404164,-121.8648462
9533,711664,CR-0000101452,0,0,0,0,23-252-4003,False,True,51,9/8/2023 6:50:00 PM,No Pedestrians Involved,Unknown,Unknown,Unknown,Unknown,Unknown,Unknown,Sideswipe,Non-Related,Parked Vehicle,Not Applicable,Not Applicable,Unknown,,False,False,106006,SAN ANTONIO ST,TWENTY FOURTH ST,37.34404164,-121.8648462
9534,719578,CR-0000102734,1,0,0,0,23-325-0978,False,False,0,11/21/2023 10:30:00 PM,No Pedestrians Involved,Dry,No Unusual Conditions,Dark - Street Light,Violation Driver 1,Controls Functioning,Clear,Head On,Intersection,Other Vehicle,Not Applicable,Not Applicable,At,,False,False,106006,SAN ANTONIO ST,TWENTY FOURTH ST,37.34404164,-121.8648462
9535,722091,CR-0000103345,3,0,0,0,24-068-9704,False,True,51,3/6/2024 1:30:00 PM,No Pedestrians Involved,Dry,No Unusual Conditions,Daylight,Unknown,Controls Functioning,Clear,Rear End,Non-Related,Other Vehicle,Not Applicable,Not Applicable,East Of,,False,False,106006,SAN ANTONIO ST,TWENTY FOURTH ST,37.34404164,-121.8648462
9536,719503,CR-0000102623,2,0,0,0,24-086-0017,False,False,0,3/26/2024 12:18:00 AM,No Pedestrians Involved,Wet,No Unusual Conditions,Dark - Street Light,Violation Driver 1,Controls Functioning,Rain,Sideswipe,Intersection,Other Vehicle,Not Applicable,Not Applicable,At,,True,False,106006,SAN ANTONIO ST,TWENTY FOURTH ST,37.34404164,-121.8648462
9537,720865,CR-0000103068,0,0,0,0,24-045-9705,False,True,51,2/13/2024 8:25:00 PM,No Pedestrians Involved,Dry,No Unusual Conditions,Dark - Street Light,Unknown,Unknown,Clear,Sideswipe,Non-Related,Parked Vehicle,Not Applicable,Not Applicable,South Of,,False,False,106006,SAN ANTONIO ST,TWENTY FOURTH ST,37.34404164,-121.8648462
9538,694239,CR-0000098141,1,0,0,0,23-130-0137,False,False,51,5/10/2023 6:15:00 AM,No Pedestrians Involved,Dry,No Unusual Conditions,Daylight,Violation Driver 1,No Controls Present/Factor,Cloudy,Broadside,Non-Related,Other Vehicle,Not Applicable,Not Applicable,East Of,,False,False,106028,SAN ANTONIO ST,TWENTY SIXTH ST,37.34472404,-121.8635013
9539,695871,CR-0000098936,0,0,0,0,23-091-0458,False,False,0,4/1/2023 3:24:00 PM,No Pedestrians Involved,Dry,No Unusual Conditions,Daylight,Violation Driver 1,No Controls Present/Factor,Clear,Broadside,Intersection,Other Vehicle,Not Applicable,Not Applicable,At,,False,False,106039,SAN ANTONIO ST,TWENTY THIRD ST,37.34350605,-121.8656976
9540,712100,CR-0000101269,0,0,0,0,23-304-4005,False,True,,11/23/2023 9:36:00 AM,No Pedestrians Involved,Unknown,Unknown,Unknown,Unknown,Unknown,Unknown,Other,Related,Parked Vehicle,Not Applicable,Not Applicable,East Of,,False,False,106039,SAN ANTONIO ST,TWENTY THIRD ST,37.34350605,-121.8656976
9541,712161,CR-0000101209,0,0,0,0,23-330-4005,False,True,,11/23/2023 9:00:00 AM,No Pedestrians Involved,Unknown,Unknown,Unknown,Unknown,Unknown,Unknown,Other,Related,Parked Vehicle,Not Applicable,Not Applicable,Unknown,,False,False,106039,SAN ANTONIO ST,TWENTY THIRD ST,37.34350605,-121.8656976
9542,690432,CR-0000096533,0,0,0,0,22-340-0688,False,False,33,12/6/2022 4:45:00 PM,No Pedestrians Involved,Wet,No Unusual Conditions,Dark - Street Light,Violation Driver 1,Unknown,Rain,Rear End,Related,Parked Vehicle,Not Applicable,Not Applicable,South Of,,True,False,112639,TWENTY SIXTH ST,WHITTON ST,37.34549694,-121.8640756
9543,716083,CR-0000102004,1,0,0,0,24-007-0591,False,False,0,1/7/2024 6:47:00 PM,No Pedestrians Involved,Dry,No Unusual Conditions,Dark - Street Light,Violation Driver 1,Controls Functioning,Clear,Vehicle/Bike,Intersection,Bike,Not Applicable,Not Applicable,At,BIKE,False,False,86855,MADERA AV,TENTH ST,37.35856955,-121.8943541
9544,694458,CR-0000098423,0,2,0,0,23-159-0125,False,False,0,6/8/2023 6:30:00 AM,No Pedestrians Involved,Dry,No Unusual Conditions,Daylight,Violation Driver 1,No Controls Present/Factor,Clear,Broadside,Intersection,Other Vehicle,Not Applicable,Not Applicable,At,,False,False,107029,SANTA ANA AV,TENTH ST,37.3592864,-121.8948901
9545,689077,CR-0000094916,0,1,0,0,22-288-0698,False,False,0,10/15/2022 7:25:00 PM,No Pedestrians Involved,Dry,No Unusual Conditions,Dark - Street Light,Violation Driver 1,Controls Functioning,Clear,Vehicle/Bike,Intersection,Bike,Not Applicable,Not Applicable,At,BIKE,False,True,71631,HEDDING ST,TENTH ST,37.35790327,-121.8938616
9546,694506,CR-0000098500,1,0,0,0,23-176-0125,True,False,0,6/25/2023 2:15:00 AM,No Pedestrians Involved,Dry,No Unusual Conditions,Dark - Street Light,Violation Driver 1,Controls Functioning,Clear,Hit Object,Intersection,Fixed Object,Not Applicable,Not Applicable,West Of,SIGNAL POLE,False,True,71631,HEDDING ST,TENTH ST,37.35790327,-121.8938616
9547,696299,CR-0000099456,0,0,0,0,23-133-9701,False,True,,5/12/2023 10:12:00 PM,No Pedestrians Involved,Dry,No Unusual Conditions,Dark - No Street Light,Unknown,Controls Functioning,Clear,Rear End,Related,Other Vehicle,Not Applicable,Not Applicable,East Of,,False,False,71631,HEDDING ST,TENTH ST,37.35790327,-121.8938616
9548,690618,CR-0000096739,4,0,0,0,23-028-0377,False,False,0,1/28/2023 12:04:00 PM,No Pedestrians Involved,Dry,No Unusual Conditions,Daylight,Violation Driver 1,Controls Functioning,Clear,Broadside,Intersection,Other Vehicle,Not Applicable,Not Applicable,At,,False,False,71631,HEDDING ST,TENTH ST,37.35790327,-121.8938616
9549,690958,CR-0000097128,1,0,0,0,23-041-0567,False,False,51,2/10/2023 2:53:00 PM,No Pedestrians Involved,Dry,No Unusual Conditions,Daylight,Violation Driver 1,No Controls Present/Factor,Clear,Broadside,Non-Related,Other Vehicle,Not Applicable,Not Applicable,West Of,,False,False,71631,HEDDING ST,TENTH ST,37.35790327,-121.8938616
9550,691361,CR-0000097610,2,0,0,0,23-058-0344,False,False,0,2/27/2023 11:27:00 AM,No Pedestrians Involved,Wet,No Unusual Conditions,Daylight,Violation Driver 1,Controls Functioning,Rain,Broadside,Intersection,Other Vehicle,Not Applicable,Not Applicable,At,,True,False,71631,HEDDING ST,TENTH ST,37.35790327,-121.8938616
9551,719649,CR-0000102820,0,0,0,0,24-005-0715,False,False,100,1/5/2024 6:20:00 PM,No Pedestrians Involved,Dry,No Unusual Conditions,Dark - Street Light,Violation Driver 1,Controls Functioning,Clear,Other,Non-Related,Other Vehicle,Not Applicable,Not Applicable,North Of,,False,False,71631,HEDDING ST,TENTH ST,37.35790327,-121.8938616
9552,689462,CR-0000095439,0,0,0,0,22-336-0321,False,False,0,12/2/2022 11:42:00 AM,No Pedestrians Involved,Wet,No Unusual Conditions,Daylight,Violation Driver 1,Controls Functioning,Clear,Rear End,Intersection,Train,Not Applicable,Not Applicable,At,TRAIN,False,False,27444,BURTON AV,FIRST ST/I-880 NB,37.3571378,-121.9061965
9553,690701,CR-0000096837,0,0,0,0,23-020-9805,False,False,51,1/2/2023 2:35:00 PM,No Pedestrians Involved,Wet,No Unusual Conditions,Daylight,Violation Driver 1,No Controls Present/Factor,Rain,Sideswipe,Non-Related,Other Vehicle,Not Applicable,Not Applicable,North Of,,False,True,27444,BURTON AV,FIRST ST/I-880 NB,37.3571378,-121.9061965
9554,711860,CR-0000101236,0,0,0,0,23-330-0514,False,False,68,11/26/2023 4:03:00 PM,No Pedestrians Involved,Dry,No Unusual Conditions,Daylight,Violation Driver 1,Controls Functioning,Clear,Hit Object,Non-Related,Fixed Object,Not Applicable,Not Applicable,East Of,,False,False,27444,BURTON AV,FIRST ST/I-880 NB,37.3571378,-121.9061965
9555,682538,CR-0000092105,0,1,0,0,22-125-0598,True,False,0,5/5/2022 4:37:00 PM,No Pedestrians Involved,Dry,No Unusual Conditions,Daylight,Violation Driver 1,Controls Functioning,Clear,Broadside,Intersection,Fixed Object,Not Applicable,Not Applicable,At,,False,False,80772,KOZERA DR,SEVERANCE DR,37.26128641,-121.8601403
9556,722003,CR-0000103257,0,0,0,0,24-055-4001,False,True,51,2/24/2024 10:15:00 AM,No Pedestrians Involved,Unknown,Unknown,Unknown,Unknown,Unknown,Unknown,Sideswipe,Non-Related,Parked Vehicle,Not Applicable,Not Applicable,South Of,,False,False,80783,KOZERA DR,TATRA DR,37.26132147,-121.8619399
9557,689926,CR-0000095966,1,0,0,0,22-151-0205,False,False,295,5/31/2022 7:35:00 AM,No Pedestrians Involved,Dry,No Unusual Conditions,Daylight,Unknown,Controls Functioning,Clear,Broadside,Non-Related,Parked Vehicle,Not Applicable,Not Applicable,South Of,,False,True,126015,GUADALUPE FR,NARVAEZ AV,37.27599522,-121.8621886
9558,691309,CR-0000097554,0,0,0,0,23-070-4001,False,True,0,3/2/2023 6:50:00 PM,No Pedestrians Involved,Unknown,Unknown,Unknown,Unknown,Unknown,Unknown,Sideswipe,Intersection,Other Vehicle,Not Applicable,Not Applicable,At,,False,False,126015,GUADALUPE FR,NARVAEZ AV,37.27599522,-121.8621886
9559,691080,CR-0000097253,2,0,0,0,23-033-0578,False,False,0,2/2/2023 3:58:00 PM,No Pedestrians Involved,Dry,Unknown,Daylight,Violation Driver 1,Controls Functioning,Clear,Sideswipe,Intersection,Motor Vehicle On Other Roadway,Not Applicable,Not Applicable,At,,False,False,126015,GUADALUPE FR,NARVAEZ AV,37.27599522,-121.8621886
9560,683089,CR-0000092633,1,0,0,0,22-168-0489,False,False,0,6/17/2022 2:25:00 PM,No Pedestrians Involved,Dry,No Unusual Conditions,Daylight,Violation Driver 1,No Controls Present/Factor,Clear,Broadside,Intersection,Other Vehicle,Not Applicable,Not Applicable,At,,False,False,48950,DAWNVIEW CT/LARISSA CT,FELL AV,37.25910178,-121.8667316
9561,685233,CR-0000093914,0,0,0,0,22-204-9702,False,True,51,6/13/2022 2:00:00 PM,No Pedestrians Involved,Dry,No Unusual Conditions,Daylight,Unknown,No Controls Present/Factor,Clear,Broadside,Non-Related,Parked Vehicle,Not Applicable,Not Applicable,North Of,,False,False,63425,FOXWORTHY AV,OLD ALMADEN RD,37.27848196,-121.8782492
9562,689141,CR-0000094998,0,0,0,0,22-314-0995,False,False,0,11/10/2022 11:18:00 PM,No Pedestrians Involved,Dry,No Unusual Conditions,Dark - Street Light,Violation Driver 1,Controls Functioning,Clear,Rear End,Intersection,Other Vehicle,Not Applicable,Not Applicable,At,,False,True,63425,FOXWORTHY AV,OLD ALMADEN RD,37.27848196,-121.8782492
9563,689040,CR-0000094923,0,2,0,0,22-290-0711,False,False,137,10/17/2022 5:27:00 PM,No Pedestrians Involved,Dry,No Unusual Conditions,Daylight,Violation Driver 1,Controls Functioning,Clear,Broadside,Non-Related,Other Vehicle,Not Applicable,Not Applicable,West Of,,False,False,63425,FOXWORTHY AV,OLD ALMADEN RD,37.27848196,-121.8782492
9564,682624,CR-0000092191,0,0,0,0,22-130-0363,False,False,120,5/10/2022 11:26:00 AM,No Pedestrians Involved,Dry,No Unusual Conditions,Daylight,Violation Driver 1,No Controls Present/Factor,Clear,Broadside,Non-Related,Other Vehicle,Not Applicable,Not Applicable,East Of,,False,True,63425,FOXWORTHY AV,OLD ALMADEN RD,37.27848196,-121.8782492
9565,685084,CR-0000093749,0,2,0,0,22-216-0854,True,False,333,8/4/2022 7:41:00 PM,No Pedestrians Involved,Dry,No Unusual Conditions,Dusk - Dawn,Violation Driver 1,No Controls Present/Factor,Clear,Hit Object,Non-Related,Fixed Object,Not Applicable,Not Applicable,East Of,GOLF CART HIT LIGHT POLE WITH NO DAMAGE,False,False,67198,GLENVIEW DR,RAJKOVICH WY,37.20820372,-121.8528217
9566,684762,CR-0000093475,0,0,0,0,22-193-0759,False,False,51,7/12/2022 6:45:00 PM,No Pedestrians Involved,Dry,No Unusual Conditions,Daylight,Violation Driver 1,Controls Functioning,Clear,Rear End,Non-Related,Other Vehicle,Not Applicable,Not Applicable,East Of,,False,False,14970,BAYSHORE FR,MCKEE RD,37.35460422,-121.865703
9567,684892,CR-0000093557,0,0,0,0,22-211-0131,False,False,0,7/30/2022 2:45:00 AM,No Pedestrians Involved,Dry,No Unusual Conditions,Dark - Street Light,Violation Driver 1,Controls Functioning,Clear,Head On,Intersection,Motor Vehicle On Other Roadway,Not Applicable,Not Applicable,At,,False,False,14970,BAYSHORE FR,MCKEE RD,37.35460422,-121.865703
9568,689012,CR-0000094872,0,0,0,0,22-264-9708,False,True,,9/21/2022 2:23:00 PM,No Pedestrians Involved,Unknown,No Unusual Conditions,Daylight,Unknown,No Controls Present/Factor,Unknown,Rear End,Related,Other Vehicle,Not Applicable,Not Applicable,South Of,,False,True,14970,BAYSHORE FR,MCKEE RD,37.35460422,-121.865703
9569,690094,CR-0000096169,0,0,0,0,20-220-1253,False,False,38,4/11/2022 11:35:00 PM,No Pedestrians Involved,Dry,No Unusual Conditions,Dark - Street Light,Violation Driver 1,Controls Functioning,Clear,Hit Object,Related,Fixed Object,Not Applicable,Not Applicable,West Of,guard rail,False,False,14970,BAYSHORE FR,MCKEE RD,37.35460422,-121.865703
9570,683458,CR-0000093054,1,0,0,0,22-083-0036,True,False,30,3/24/2022 12:49:00 AM,No Pedestrians Involved,Dry,No Unusual Conditions,Dark - Street Light,Violation Driver 1,Controls Functioning,Clear,Hit Object,Related,Fixed Object,Not Applicable,Not Applicable,West Of,,True,False,14970,BAYSHORE FR,MCKEE RD,37.35460422,-121.865703
9571,682194,CR-0000091714,2,0,0,0,22-066-0054,False,False,0,3/7/2022 1:20:00 AM,No Pedestrians Involved,Dry,No Unusual Conditions,Dark - Street Light,Violation Driver 1,Controls Functioning,Clear,Hit Object,Intersection,Fixed Object,Not Applicable,Not Applicable,At,Curb,False,False,14970,BAYSHORE FR,MCKEE RD,37.35460422,-121.865703
9572,689508,CR-0000095485,0,0,0,0,22-363-9701,False,False,,12/28/2022 1:01:00 PM,No Pedestrians Involved,Dry,No Unusual Conditions,Daylight,Unknown,Controls Functioning,Clear,Other,Related,Other Vehicle,Not Applicable,Not Applicable,South Of,,False,False,14970,BAYSHORE FR,MCKEE RD,37.35460422,-121.865703
9573,690187,CR-0000096277,0,0,0,0,22-156-4000,False,True,0,6/4/2022 11:04:00 AM,No Pedestrians Involved,Unknown,Unknown,Unknown,Unknown,Unknown,Unknown,Sideswipe,Intersection,Unknown,Not Applicable,Not Applicable,At,,False,True,14970,BAYSHORE FR,MCKEE RD,37.35460422,-121.865703
9574,690246,CR-0000096337,0,0,0,0,22-290-9705,False,True,0,9/27/2022 6:00:00 AM,No Pedestrians Involved,Dry,No Unusual Conditions,Daylight,Unknown,Controls Functioning,Clear,Broadside,Intersection,Other Vehicle,Not Applicable,Not Applicable,At,,False,False,14970,BAYSHORE FR,MCKEE RD,37.35460422,-121.865703
9575,690082,CR-0000096155,0,0,0,0,22-201-9703,False,True,0,7/19/2022 3:06:00 PM,No Pedestrians Involved,Dry,No Unusual Conditions,Daylight,Unknown,Controls Functioning,Clear,Rear End,Intersection,Other Vehicle,Not Applicable,Not Applicable,At,,False,True,14970,BAYSHORE FR,MCKEE RD,37.35460422,-121.865703
9576,699226,CR-0000100547,0,0,0,0,23-166-4002,False,True,0,6/15/2023 7:45:00 AM,No Pedestrians Involved,Unknown,Unknown,Unknown,Unknown,Unknown,Unknown,Other,Intersection,Other Vehicle,Not Applicable,Not Applicable,At,,False,False,14970,BAYSHORE FR,MCKEE RD,37.35460422,-121.865703
9577,721965,CR-0000103219,0,0,0,0,24-050-4001,False,True,0,2/18/2024 6:00:00 PM,No Pedestrians Involved,Unknown,Unknown,Unknown,Unknown,Unknown,Unknown,Broadside,Intersection,Other Vehicle,Not Applicable,Not Applicable,At,,False,False,14970,BAYSHORE FR,MCKEE RD,37.35460422,-121.865703
9578,716296,CR-0000102286,2,0,0,0,24-051-0526,False,False,0,2/20/2024 2:10:00 PM,No Pedestrians Involved,Wet,No Unusual Conditions,Daylight,Violation Driver 1,Controls Functioning,Rain,Head On,Intersection,Other Vehicle,Not Applicable,Not Applicable,At,,True,False,14970,BAYSHORE FR,MCKEE RD,37.35460422,-121.865703
9579,711947,CR-0000101491,0,0,0,0,23-257-9701,False,True,0,9/13/2023 8:08:00 PM,No Pedestrians Involved,Dry,No Unusual Conditions,Dark - Street Light,Unknown,Controls Functioning,Clear,Rear End,Intersection,Other Vehicle,Not Applicable,Not Applicable,At,,False,False,14970,BAYSHORE FR,MCKEE RD,37.35460422,-121.865703
9580,711607,CR-0000100959,0,0,0,0,23-194-4003,False,True,0,7/11/2023 12:30:00 PM,No Pedestrians Involved,Unknown,Unknown,Unknown,Unknown,Unknown,Unknown,Rear End,Intersection,Other Vehicle,Not Applicable,Not Applicable,At,,False,False,14970,BAYSHORE FR,MCKEE RD,37.35460422,-121.865703
9581,682117,CR-0000091656,0,1,0,0,22-114-0881,False,False,136,4/24/2022 10:38:00 PM,No Pedestrians Involved,Dry,No Unusual Conditions,Dark - Street Light,Violation Driver 1,No Controls Present/Factor,Clear,Sideswipe,Non-Related,Parked Vehicle,Not Applicable,Not Applicable,South Of,,False,False,89594,MCKEE RD,THIRTY THIRD ST,37.35599341,-121.8637975