_id,CrashFactId,Name,MinorInjuries,ModerateInjuries,SevereInjuries,FatalInjuries,TcrNumber,CityDamageFlag,ShortFormFlag,Distance,CrashDateTime,PedestrianAction,RoadwaySurface,RoadwayCondition,Lighting,PrimaryCollisionFactor,TrafficControl,Weather,CollisionType,ProximityToIntersection,VehicleInvolvedWith,PedestrianDirectionFrom,PedestrianDirectionTo,DirectionFromIntersection,Comment,SpeedingFlag,HitAndRunFlag,IntersectionNumber,AStreetName,BStreetName,Latitude,Longitude
9582,687613,CR-0000094406,0,1,0,0,22-270-0148,False,False,0,9/27/2022 5:50:00 AM,No Pedestrians Involved,Dry,No Unusual Conditions,Dark - Street Light,Unknown,No Controls Present/Factor,Clear,Vehicle/Bike,Intersection,Bike,North,South,At,BIKE,False,False,89594,MCKEE RD,THIRTY THIRD ST,37.35599341,-121.8637975
9583,689342,CR-0000095290,1,0,0,0,22-330-0271,False,False,0,11/26/2022 10:38:00 AM,No Pedestrians Involved,Dry,No Unusual Conditions,Daylight,Violation Driver 1,Controls Functioning,Clear,Broadside,Intersection,Other Vehicle,Not Applicable,Not Applicable,At,,False,False,89594,MCKEE RD,THIRTY THIRD ST,37.35599341,-121.8637975
9584,696506,CR-0000099693,0,2,0,0,23-297-0465,False,False,60,10/24/2023 1:36:00 PM,No Pedestrians Involved,Dry,No Unusual Conditions,Daylight,Violation Driver 1,No Controls Present/Factor,Clear,Broadside,Non-Related,Other Vehicle,Not Applicable,Not Applicable,West Of,,False,False,89594,MCKEE RD,THIRTY THIRD ST,37.35599341,-121.8637975
9585,694634,CR-0000098667,1,0,0,0,23-209-0649,False,False,0,7/28/2023 5:26:00 PM,No Pedestrians Involved,Dry,No Unusual Conditions,Daylight,Violation Driver 1,Controls Functioning,Clear,Rear End,Intersection,Other Vehicle,Not Applicable,Not Applicable,At,,False,False,89594,MCKEE RD,THIRTY THIRD ST,37.35599341,-121.8637975
9586,689664,CR-0000095647,0,0,0,0,22-354-0949,False,False,22,12/20/2022 11:10:00 PM,No Pedestrians Involved,Dry,No Unusual Conditions,Dark - Street Light,Violation Driver 1,No Controls Present/Factor,Clear,Sideswipe,Related,Other Vehicle,Not Applicable,Not Applicable,East Of,,False,False,89594,MCKEE RD,THIRTY THIRD ST,37.35599341,-121.8637975
9587,689738,CR-0000095750,0,0,0,0,23-079-0547,False,False,0,3/20/2023 2:40:00 PM,No Pedestrians Involved,Dry,No Unusual Conditions,Daylight,Violation Driver 1,Controls Functioning,Clear,Hit Object,Intersection,Fixed Object,Not Applicable,Not Applicable,At,,True,True,89594,MCKEE RD,THIRTY THIRD ST,37.35599341,-121.8637975
9588,711590,CR-0000101167,0,0,0,0,23-326-4000,False,True,51,11/22/2023 7:25:00 AM,No Pedestrians Involved,Unknown,Unknown,Unknown,Unknown,Unknown,Unknown,Other,Non-Related,Motorcycle,Not Applicable,Not Applicable,Unknown,,False,False,89594,MCKEE RD,THIRTY THIRD ST,37.35599341,-121.8637975
9589,719541,CR-0000102688,1,0,0,0,24-069-0064,True,False,205,3/9/2024 12:57:00 AM,No Pedestrians Involved,Dry,No Unusual Conditions,Dark - Street Light,Violation Driver 1,No Controls Present/Factor,Clear,Hit Object,Non-Related,Fixed Object,Not Applicable,Not Applicable,West Of,LIGHT POLE,True,False,89594,MCKEE RD,THIRTY THIRD ST,37.35599341,-121.8637975
9590,722145,CR-0000103411,0,0,0,0,24-073-0142,False,False,51,3/13/2024 9:17:00 AM,No Pedestrians Involved,Dry,No Unusual Conditions,Dusk - Dawn,Violation Driver 1,Controls Functioning,Clear,Sideswipe,Non-Related,Other Vehicle,Not Applicable,Not Applicable,East Of,,False,True,89594,MCKEE RD,THIRTY THIRD ST,37.35599341,-121.8637975
9591,722349,CR-0000103643,0,0,0,0,24-094-0248,True,False,22,4/3/2024 9:31:00 AM,No Pedestrians Involved,Dry,No Unusual Conditions,Daylight,Violation Driver 1,No Controls Present/Factor,Clear,Hit Object,Related,Fixed Object,Not Applicable,Not Applicable,South Of,SIGN,True,False,89594,MCKEE RD,THIRTY THIRD ST,37.35599341,-121.8637975
9592,689482,CR-0000095459,1,0,0,0,22-337-0145,False,False,52,12/3/2022 4:35:00 AM,No Pedestrians Involved,Dry,No Unusual Conditions,Dark - Street Light,Violation Driver 1,No Controls Present/Factor,Clear,Sideswipe,Non-Related,Other Vehicle,Not Applicable,Not Applicable,East Of,,False,False,89418,MCDONALD AV,MCKEE RD,37.35737707,-121.8617624
9593,687605,CR-0000094398,1,0,0,0,22-266-0191,False,False,0,9/23/2022 7:41:00 AM,No Pedestrians Involved,Dry,No Unusual Conditions,Daylight,Violation Driver 2,Controls Functioning,Clear,Broadside,Intersection,Other Vehicle,Not Applicable,Not Applicable,At,,False,False,89418,MCDONALD AV,MCKEE RD,37.35737707,-121.8617624
9594,682636,CR-0000092212,2,0,0,0,22-153-0329,False,False,240,6/2/2022 10:14:00 AM,No Pedestrians Involved,Dry,No Unusual Conditions,Daylight,Violation Driver 1,No Controls Present/Factor,Clear,Broadside,Non-Related,Parked Vehicle,Not Applicable,Not Applicable,South Of,,False,False,89418,MCDONALD AV,MCKEE RD,37.35737707,-121.8617624
9595,690830,CR-0000096969,0,0,0,0,23-007-0567,True,False,22,1/7/2023 5:29:00 PM,No Pedestrians Involved,Wet,Unknown,Dark - Street Light,Violation Driver 1,No Controls Present/Factor,Rain,Hit Object,Related,Fixed Object,Not Applicable,Not Applicable,East Of,SIGN,False,False,89418,MCDONALD AV,MCKEE RD,37.35737707,-121.8617624
9596,716157,CR-0000102125,1,0,0,0,24-025-0247,False,False,34,1/25/2024 9:59:00 AM,No Pedestrians Involved,Dry,No Unusual Conditions,Daylight,Violation Driver 1,Controls Functioning,Clear,Broadside,Related,Other Vehicle,Not Applicable,Not Applicable,East Of,,False,False,89418,MCDONALD AV,MCKEE RD,37.35737707,-121.8617624
9597,715964,CR-0000101994,2,0,0,0,24-009-0150,False,False,0,1/9/2024 8:10:00 AM,No Pedestrians Involved,Dry,No Unusual Conditions,Daylight,Violation Driver 1,No Controls Present/Factor,Cloudy,Broadside,Intersection,Other Vehicle,Not Applicable,Not Applicable,At,,False,False,89418,MCDONALD AV,MCKEE RD,37.35737707,-121.8617624
9598,712198,CR-0000101629,0,0,0,0,23-291-0878,True,False,85,10/19/2023 1:56:00 AM,No Pedestrians Involved,Dry,No Unusual Conditions,Dark - Street Light,Violation Driver 1,Controls Functioning,Clear,Sideswipe,Non-Related,Parked Vehicle,Not Applicable,Not Applicable,South Of,TREE,True,False,48971,DAWSON AV,MACKEY AV,37.30698389,-121.8831109
9599,681890,CR-0000091372,1,1,0,0,22-035-0786,False,False,36,2/4/2022 6:46:00 PM,No Pedestrians Involved,Dry,No Unusual Conditions,Dark - Street Light,Violation Driver 1,Controls Functioning,Clear,Broadside,Related,Other Vehicle,Not Applicable,Not Applicable,North Of,,True,True,75756,IRONWOOD DR,RINCONADA DR,37.28861467,-121.8795332
9600,683276,CR-0000092860,0,0,0,0,22-205-0146,True,False,30,7/24/2022 2:03:00 AM,No Pedestrians Involved,Dry,No Unusual Conditions,Dark - Street Light,Violation Driver 1,Controls Functioning,Clear,Hit Object,Related,Fixed Object,Not Applicable,Not Applicable,West Of,TREE,False,False,37784,CHERRY AV,MINNESOTA AV,37.30116483,-121.9040007
9601,694107,CR-0000097917,1,0,0,0,23-079-0429,False,False,0,3/20/2023 3:24:00 PM,No Pedestrians Involved,Dry,No Unusual Conditions,Daylight,Violation Driver 1,No Controls Present/Factor,Clear,Broadside,Intersection,Other Vehicle,Not Applicable,Not Applicable,At,,False,False,37784,CHERRY AV,MINNESOTA AV,37.30116483,-121.9040007
9602,698888,CR-0000100186,1,0,0,0,23-307-0733,False,False,0,11/3/2023 5:55:00 PM,No Pedestrians Involved,Dry,No Unusual Conditions,Daylight,Violation Driver 1,No Controls Present/Factor,Clear,Head On,Intersection,Other Vehicle,Not Applicable,Not Applicable,At,,False,True,37784,CHERRY AV,MINNESOTA AV,37.30116483,-121.9040007
9603,685140,CR-0000093816,0,0,0,0,22-234-0592,False,False,0,8/22/2022 2:44:00 PM,No Pedestrians Involved,Dry,No Unusual Conditions,Daylight,Violation Driver 1,Controls Functioning,Clear,Broadside,Intersection,Other Vehicle,Not Applicable,Not Applicable,At,,False,True,85876,LUCRETIA AV,STORY RD,37.33016919,-121.8574591
9604,685129,CR-0000093802,0,0,0,0,22-235-0705,False,False,0,8/23/2022 2:20:00 PM,No Pedestrians Involved,Dry,No Unusual Conditions,Daylight,Violation Driver 1,Controls Functioning,Clear,Sideswipe,Intersection,Other Vehicle,Not Applicable,Not Applicable,At,,False,True,85876,LUCRETIA AV,STORY RD,37.33016919,-121.8574591
9605,681233,CR-0000090618,2,0,0,0,22-005-0677,False,False,0,1/5/2022 3:58:00 PM,No Pedestrians Involved,Dry,No Unusual Conditions,Daylight,Violation Driver 1,Controls Functioning,Cloudy,Broadside,Intersection,Other Vehicle,Not Applicable,Not Applicable,At,,False,False,85876,LUCRETIA AV,STORY RD,37.33016919,-121.8574591
9606,681893,CR-0000091375,2,0,0,0,22-054-0270,False,False,0,2/23/2022 9:26:00 AM,No Pedestrians Involved,Dry,No Unusual Conditions,Daylight,Violation Driver 1,Controls Functioning,Clear,Broadside,Intersection,Other Vehicle,Not Applicable,Not Applicable,At,,False,False,85876,LUCRETIA AV,STORY RD,37.33016919,-121.8574591
9607,682963,CR-0000092539,0,0,0,0,22-162-0662,False,False,0,6/11/2022 5:24:00 PM,No Pedestrians Involved,Dry,No Unusual Conditions,Daylight,Violation Driver 1,Controls Functioning,Clear,Sideswipe,Intersection,Other Vehicle,Not Applicable,Not Applicable,At,,False,True,85876,LUCRETIA AV,STORY RD,37.33016919,-121.8574591
9608,698838,CR-0000100121,1,0,0,0,23-356-0908,False,False,0,12/22/2023 8:38:00 PM,No Pedestrians Involved,Dry,No Unusual Conditions,Dark - Street Light,Violation Driver 1,Controls Functioning,Clear,Broadside,Intersection,Other Vehicle,Not Applicable,Not Applicable,At,,False,False,85876,LUCRETIA AV,STORY RD,37.33016919,-121.8574591
9609,696177,CR-0000099320,0,1,0,0,23-140-0744,False,False,0,5/20/2023 7:35:00 PM,Crossing In Crosswalk - At Intersection,Dry,No Unusual Conditions,Daylight,Violation Driver 1,Controls Functioning,Clear,Vehicle/Pedestrian,Intersection,Pedestrian,North,South,At,PED,False,True,85876,LUCRETIA AV,STORY RD,37.33016919,-121.8574591
9610,694094,CR-0000098122,0,1,0,0,23-125-0467,False,False,230,5/5/2023 2:01:00 PM,No Pedestrians Involved,Dry,No Unusual Conditions,Daylight,Violation Driver 1,No Controls Present/Factor,Cloudy,Vehicle/Bike,Non-Related,Bike,Not Applicable,Not Applicable,North Of,BIKE,False,False,85876,LUCRETIA AV,STORY RD,37.33016919,-121.8574591
9611,692515,CR-0000097805,2,0,0,0,23-072-1034,False,False,102,3/13/2023 11:17:00 PM,No Pedestrians Involved,Dry,No Unusual Conditions,Dark - Street Light,Violation Driver 1,Controls Functioning,Clear,Sideswipe,Non-Related,Other Vehicle,Not Applicable,Not Applicable,East Of,,False,False,85876,LUCRETIA AV,STORY RD,37.33016919,-121.8574591
9612,689753,CR-0000095771,0,1,0,0,22-341-0132,False,False,0,12/7/2022 12:16:00 PM,No Pedestrians Involved,Dry,No Unusual Conditions,Dusk - Dawn,Violation Driver 1,Controls Functioning,Clear,Vehicle/Bike,Intersection,Bike,Not Applicable,Not Applicable,At,,False,True,85876,LUCRETIA AV,STORY RD,37.33016919,-121.8574591
9613,690304,CR-0000096396,0,0,0,0,22-330-9703,False,True,0,11/19/2022 5:08:00 PM,No Pedestrians Involved,Dry,No Unusual Conditions,Dusk - Dawn,Unknown,Controls Functioning,Clear,Sideswipe,Intersection,Other Vehicle,Not Applicable,Not Applicable,At,,False,True,85876,LUCRETIA AV,STORY RD,37.33016919,-121.8574591
9614,711641,CR-0000100888,2,0,0,0,23-317-0001,False,False,0,11/13/2023 12:01:00 AM,No Pedestrians Involved,Dry,No Unusual Conditions,Dark - Street Light,Violation Driver 1,Controls Functioning,Clear,Head On,Intersection,Other Vehicle,Not Applicable,Not Applicable,At,,False,False,85876,LUCRETIA AV,STORY RD,37.33016919,-121.8574591
9615,719857,CR-0000103030,0,0,0,0,24-052-9708,False,True,,2/10/2024 7:45:00 PM,No Pedestrians Involved,Wet,No Unusual Conditions,Dark - Street Light,Unknown,Unknown,Cloudy,Rear End,Related,Other Vehicle,Not Applicable,Not Applicable,Unknown,,False,False,85876,LUCRETIA AV,STORY RD,37.33016919,-121.8574591
9616,681551,CR-0000090947,0,1,0,0,22-039-0657,False,False,22,2/8/2022 3:50:00 PM,Crossing In Crosswalk - At Intersection,Dry,No Unusual Conditions,Daylight,Violation Driver 1,No Controls Present/Factor,Clear,Vehicle/Pedestrian,Related,Pedestrian,Unknown,Unknown,South Of,PEDESTRIAN,False,False,85854,LUCRETIA AV,OWSLEY AV,37.32910404,-121.8564182
9617,690858,CR-0000096999,0,0,0,0,23-021-0344,False,False,0,1/21/2023 12:16:00 PM,No Pedestrians Involved,Dry,No Unusual Conditions,Daylight,Violation Driver 1,Controls Functioning,Clear,Sideswipe,Intersection,Other Vehicle,Not Applicable,Not Applicable,At,,False,True,85854,LUCRETIA AV,OWSLEY AV,37.32910404,-121.8564182
9618,688911,CR-0000094773,0,0,0,0,22-279-0189,False,False,,10/6/2022 7:57:00 AM,No Pedestrians Involved,Dry,No Unusual Conditions,Daylight,Violation Driver 1,Controls Functioning,Clear,Sideswipe,Related,Other Vehicle,Not Applicable,Not Applicable,North Of,,False,True,16180,BELLHURST AV,LUCRETIA AV,37.32836329,-121.8556732
9619,711836,CR-0000101070,0,0,0,0,23-293-0590,False,False,500,10/20/2023 4:17:00 PM,No Pedestrians Involved,Dry,No Unusual Conditions,Daylight,Violation Driver 1,No Controls Present/Factor,Clear,Head On,Non-Related,Other Vehicle,Not Applicable,Not Applicable,West Of,,True,True,40347,CLEMENCE AV,WALNUT WOODS DR,37.32887941,-121.8530494
9620,690668,CR-0000096801,0,0,0,0,23-018-0939,True,False,0,1/18/2023 10:30:00 PM,No Pedestrians Involved,Dry,No Unusual Conditions,Dark - Street Light,Violation Driver 1,No Controls Present/Factor,Clear,Broadside,Intersection,Parked Vehicle,Not Applicable,Not Applicable,At,,False,True,40314,CLEMENCE AV,OWSLEY AV,37.33039267,-121.8544125
9621,716043,CR-0000101840,0,1,0,0,23-337-0677,False,False,16,12/3/2023 5:40:00 PM,No Pedestrians Involved,Dry,No Unusual Conditions,Dark - Street Light,Violation Driver 1,No Controls Present/Factor,Clear,Vehicle/Bike,Related,Bike,Not Applicable,Not Applicable,South Of,BIKE,False,False,40314,CLEMENCE AV,OWSLEY AV,37.33039267,-121.8544125
9622,687546,CR-0000094336,1,0,0,0,22-263-0615,False,False,0,9/20/2022 3:44:00 PM,No Pedestrians Involved,Dry,No Unusual Conditions,Daylight,Violation Driver 1,No Controls Present/Factor,Clear,Broadside,Intersection,Other Vehicle,Not Applicable,Not Applicable,At,,False,False,89825,MCLAUGHLIN AV,OWSLEY AV/PIPE DREAM CT,37.33144974,-121.8523999
9623,684853,CR-0000093494,0,0,0,0,22-192-0377,False,False,233,7/11/2022 10:47:00 AM,No Pedestrians Involved,Dry,No Unusual Conditions,Daylight,Violation Driver 1,No Controls Present/Factor,Clear,Rear End,Non-Related,Parked Vehicle,Not Applicable,Not Applicable,West Of,,False,False,89825,MCLAUGHLIN AV,OWSLEY AV/PIPE DREAM CT,37.33144974,-121.8523999
9624,682822,CR-0000092399,1,0,0,0,22-134-0643,False,False,0,5/14/2022 6:37:00 PM,Crossing In Crosswalk - Not At Intersection,Dry,No Unusual Conditions,Daylight,Violation Driver 1,No Controls Present/Factor,Clear,Vehicle/Pedestrian,Intersection,Wheelchair,North,South,At,PEDESTRIAN-WHEELCHAIR,False,False,89825,MCLAUGHLIN AV,OWSLEY AV/PIPE DREAM CT,37.33144974,-121.8523999
9625,699020,CR-0000100325,0,1,0,0,23-293-0727,False,False,190,10/20/2023 6:20:00 PM,No Pedestrians Involved,Dry,No Unusual Conditions,Daylight,Violation Driver 1,No Controls Present/Factor,Clear,Rear End,Non-Related,Other Vehicle,Not Applicable,Not Applicable,North Of,,False,True,89825,MCLAUGHLIN AV,OWSLEY AV/PIPE DREAM CT,37.33144974,-121.8523999
9626,715845,CR-0000101937,0,0,0,0,23-227-9709,False,True,51,8/14/2023 3:00:00 PM,No Pedestrians Involved,Dry,No Unusual Conditions,Daylight,Unknown,No Controls Present/Factor,Clear,Sideswipe,Non-Related,Other Vehicle,Not Applicable,Not Applicable,West Of,,False,False,89825,MCLAUGHLIN AV,OWSLEY AV/PIPE DREAM CT,37.33144974,-121.8523999
9627,719654,CR-0000102825,0,0,0,0,24-006-0407,False,False,375,1/6/2024 6:36:00 PM,No Pedestrians Involved,Dry,No Unusual Conditions,Daylight,Violation Driver 1,No Controls Present/Factor,Clear,Other,Non-Related,Parked Vehicle,Not Applicable,Not Applicable,East Of,,False,True,89825,MCLAUGHLIN AV,OWSLEY AV/PIPE DREAM CT,37.33144974,-121.8523999
9628,681563,CR-0000090960,0,1,0,0,22-041-0649,False,False,0,2/10/2022 3:03:00 PM,No Pedestrians Involved,Dry,No Unusual Conditions,Daylight,Violation Driver 1,No Controls Present/Factor,Clear,Broadside,Intersection,Other Vehicle,Not Applicable,Not Applicable,At,,False,False,55912,ELEVENTH ST,VESTAL ST,37.35732922,-121.8920083
9629,699039,CR-0000100345,1,0,0,0,23-190-0850,False,False,0,7/9/2023 10:50:00 PM,No Pedestrians Involved,Dry,No Unusual Conditions,Dark - Street Light,Violation Driver 1,No Controls Present/Factor,Clear,Broadside,Intersection,Other Vehicle,Not Applicable,Not Applicable,At,,False,True,55912,ELEVENTH ST,VESTAL ST,37.35732922,-121.8920083
9630,699053,CR-0000100359,1,0,0,0,23-183-0704,False,True,0,7/1/2023 5:15:00 PM,No Pedestrians Involved,Dry,No Unusual Conditions,Daylight,Unknown,Unknown,Clear,Broadside,Intersection,Other Vehicle,Not Applicable,Not Applicable,At,,False,False,55912,ELEVENTH ST,VESTAL ST,37.35732922,-121.8920083
9631,694713,CR-0000098774,1,0,0,0,23-226-0534,False,False,30,8/14/2023 1:39:00 PM,No Pedestrians Involved,Unknown,No Unusual Conditions,Daylight,Violation Driver 1,Controls Functioning,Clear,Sideswipe,Related,Other Vehicle,Not Applicable,Not Applicable,West Of,,False,False,55912,ELEVENTH ST,VESTAL ST,37.35732922,-121.8920083
9632,722356,CR-0000103650,0,0,0,0,24-095-4000,False,True,,4/3/2024 12:29:00 PM,No Pedestrians Involved,Unknown,Unknown,Unknown,Unknown,Unknown,Unknown,Sideswipe,Related,Parked Vehicle,Not Applicable,Not Applicable,East Of,,False,False,55912,ELEVENTH ST,VESTAL ST,37.35732922,-121.8920083
9633,682362,CR-0000091925,0,0,0,0,22-112-4003,False,True,,4/19/2022 8:00:00 AM,No Pedestrians Involved,Unknown,Unknown,Daylight,Violation Driver 1,Unknown,Unknown,Sideswipe,Related,Parked Vehicle,Not Applicable,Not Applicable,South Of,,False,True,112518,TWELFTH ST,VESTAL ST,37.35777479,-121.8910765
9634,696114,CR-0000099255,0,0,0,0,23-230-0734,False,False,0,8/18/2023 6:30:00 PM,No Pedestrians Involved,Dry,No Unusual Conditions,Daylight,Violation Driver 1,No Controls Present/Factor,Clear,Broadside,Intersection,Other Vehicle,Not Applicable,Not Applicable,At,,False,True,112518,TWELFTH ST,VESTAL ST,37.35777479,-121.8910765
9635,682673,CR-0000092249,0,1,0,0,22-146-0755,False,False,0,5/26/2022 4:36:00 PM,No Pedestrians Involved,Dry,No Unusual Conditions,Daylight,Violation Driver 1,No Controls Present/Factor,Clear,Broadside,Intersection,Other Vehicle,Not Applicable,Not Applicable,At,,False,False,55780,ELEVENTH ST,MISSION ST,37.35626226,-121.8912106
9636,689782,CR-0000095808,0,1,0,0,22-101-0761,False,False,0,4/11/2022 7:56:00 PM,No Pedestrians Involved,Dry,No Unusual Conditions,Dark - Street Light,Violation Driver 1,Controls Functioning,Clear,Broadside,Intersection,Other Vehicle,Not Applicable,Not Applicable,At,,False,True,55780,ELEVENTH ST,MISSION ST,37.35626226,-121.8912106
9637,696415,CR-0000099592,2,0,0,0,23-284-0283,False,False,0,10/11/2023 10:40:00 AM,No Pedestrians Involved,Dry,No Unusual Conditions,Daylight,Violation Driver 1,Controls Functioning,Clear,Broadside,Intersection,Other Vehicle,Not Applicable,Not Applicable,At,,False,False,55780,ELEVENTH ST,MISSION ST,37.35626226,-121.8912106
9638,690027,CR-0000096084,1,0,0,1,23-109-0581,False,False,0,4/19/2023 4:15:00 PM,No Pedestrians Involved,Dry,No Unusual Conditions,Daylight,Unknown,Controls Functioning,Clear,Broadside,Intersection,Motorcycle,Not Applicable,Not Applicable,At,MC FATALITY,False,False,55780,ELEVENTH ST,MISSION ST,37.35626226,-121.8912106
9639,692402,CR-0000097685,1,0,0,0,23-080-0430,False,False,0,3/21/2023 1:09:00 PM,No Pedestrians Involved,Wet,No Unusual Conditions,Daylight,Violation Driver 1,No Controls Present/Factor,Rain,Broadside,Intersection,Other Vehicle,Not Applicable,Not Applicable,At,,True,False,55780,ELEVENTH ST,MISSION ST,37.35626226,-121.8912106
9640,692448,CR-0000097733,1,0,0,0,23-083-0567,False,False,82,3/24/2023 3:35:00 PM,No Pedestrians Involved,Dry,No Unusual Conditions,Daylight,Violation Driver 1,No Controls Present/Factor,Clear,Sideswipe,Non-Related,Motor Vehicle On Other Roadway,Not Applicable,Not Applicable,East Of,,False,False,55780,ELEVENTH ST,MISSION ST,37.35626226,-121.8912106
9641,682063,CR-0000091570,0,0,0,0,22-033-9705,False,True,0,1/16/2022 6:10:00 AM,No Pedestrians Involved,Dry,No Unusual Conditions,Dusk - Dawn,Unknown,Controls Functioning,Clear,Broadside,Intersection,Other Vehicle,Not Applicable,Not Applicable,At,,False,False,63030,FOURTH ST,TAYLOR ST,37.35059121,-121.897038
9642,689084,CR-0000094957,1,0,0,0,22-295-0261,False,False,48,10/22/2022 8:32:00 AM,No Pedestrians Involved,Dry,No Unusual Conditions,Daylight,Violation Driver 1,Controls Functioning,Clear,Other,Related,Non-Collision,Not Applicable,Not Applicable,East Of,,False,False,63030,FOURTH ST,TAYLOR ST,37.35059121,-121.897038
9643,694323,CR-0000098267,2,0,0,0,23-180-0795,False,False,0,6/29/2023 7:55:00 PM,No Pedestrians Involved,Dry,No Unusual Conditions,Dusk - Dawn,Violation Driver 1,Controls Functioning,Clear,Head On,Intersection,Other Vehicle,Not Applicable,Not Applicable,At,,False,False,63030,FOURTH ST,TAYLOR ST,37.35059121,-121.897038
9644,690992,CR-0000097163,0,0,0,0,23-041-4005,False,True,,2/10/2023 4:20:00 PM,No Pedestrians Involved,Unknown,Unknown,Daylight,Unknown,Unknown,Unknown,Rear End,Related,Other Vehicle,Not Applicable,Not Applicable,Unknown,,False,False,63030,FOURTH ST,TAYLOR ST,37.35059121,-121.897038
9645,690645,CR-0000096767,0,0,0,0,23-007-0852,False,False,78,1/7/2023 11:31:00 PM,No Pedestrians Involved,Wet,No Unusual Conditions,Dark - Street Light,Violation Driver 1,Controls Functioning,Rain,Rear End,Non-Related,Other Vehicle,Not Applicable,Not Applicable,East Of,,True,True,63030,FOURTH ST,TAYLOR ST,37.35059121,-121.897038
9646,696074,CR-0000099209,0,0,0,0,23-032-4005,False,True,0,1/19/2023 5:00:00 PM,No Pedestrians Involved,Unknown,Unknown,Unknown,Unknown,Unknown,Unknown,Sideswipe,Intersection,Other Vehicle,Not Applicable,Not Applicable,At,,False,False,63030,FOURTH ST,TAYLOR ST,37.35059121,-121.897038
9647,716264,CR-0000102241,1,0,0,0,24-032-0748,False,False,120,2/1/2024 6:14:00 PM,No Pedestrians Involved,Wet,No Unusual Conditions,Dark - Street Light,Violation Driver 1,Controls Functioning,Cloudy,Rear End,Non-Related,Other Vehicle,Not Applicable,Not Applicable,North Of,,True,False,63030,FOURTH ST,TAYLOR ST,37.35059121,-121.897038
9648,688683,CR-0000094504,1,1,0,0,22-261-0554,False,False,25,9/18/2022 3:32:00 PM,No Pedestrians Involved,Wet,No Unusual Conditions,Daylight,Unknown,Controls Functioning,Cloudy,Head On,Related,Other Vehicle,Not Applicable,Not Applicable,South Of,,False,False,59949,FIFTH ST,TAYLOR ST,37.35110657,-121.895956
9649,692480,CR-0000097768,1,0,0,0,23-074-0556,False,False,40,3/15/2023 2:08:00 PM,No Pedestrians Involved,Dry,No Unusual Conditions,Daylight,Violation Driver 1,Unknown,Clear,Rear End,Related,Other Vehicle,Not Applicable,Not Applicable,West Of,,True,False,59949,FIFTH ST,TAYLOR ST,37.35110657,-121.895956
9650,682291,CR-0000091812,0,1,0,0,22-123-0784,False,False,30,5/3/2022 6:50:00 PM,No Pedestrians Involved,Dry,Loose Material On Roadway,Dusk - Dawn,Bike At Fault,Controls Functioning,Clear,Hit Object,Related,Other Object,Not Applicable,Not Applicable,North Of,E Scooter,False,False,76251,JACKSON ST,THIRD ST,37.34794988,-121.8964937
9651,722127,CR-0000103392,0,0,0,0,24-070-4010,False,True,51,3/10/2024 7:37:00 PM,No Pedestrians Involved,Unknown,Unknown,Unknown,Unknown,Unknown,Unknown,Other,Non-Related,Parked Vehicle,Not Applicable,Not Applicable,North Of,,False,False,76174,JACKSON ST,SECOND ST,37.34745068,-121.8975446
9652,683113,CR-0000092691,0,0,0,0,22-057-4000,False,True,51,2/26/2022 12:30:00 PM,No Pedestrians Involved,Unknown,Unknown,Daylight,Unknown,Unknown,Unknown,Other,Non-Related,Parked Vehicle,Not Applicable,Not Applicable,West Of,,False,False,62897,FOURTH ST,JACKSON ST,37.34845068,-121.8954417
9653,683358,CR-0000092947,0,0,0,0,22-144-0951,False,False,403,5/24/2022 6:00:00 PM,No Pedestrians Involved,Dry,No Unusual Conditions,Dusk - Dawn,Violation Driver 1,No Controls Present/Factor,Clear,Sideswipe,Non-Related,Parked Vehicle,Not Applicable,Not Applicable,East Of,,True,True,55043,EL CAJON DR,SEBASIAN WY,37.28254053,-121.8272208
9654,682509,CR-0000092076,0,0,0,0,22-093-0656,False,False,71,4/3/2022 5:30:00 PM,No Pedestrians Involved,Dry,No Unusual Conditions,Daylight,Violation Driver 1,No Controls Present/Factor,Clear,Sideswipe,Non-Related,Other Vehicle,Not Applicable,Not Applicable,East Of,,False,True,55043,EL CAJON DR,SEBASIAN WY,37.28254053,-121.8272208
9655,691157,CR-0000097358,1,0,0,0,23-046-0091,False,False,0,2/15/2023 4:00:00 AM,No Pedestrians Involved,Dry,No Unusual Conditions,Dark - No Street Light,Violation Driver 1,No Controls Present/Factor,Clear,Rear End,Intersection,Parked Vehicle,Not Applicable,Not Applicable,At,,True,False,55043,EL CAJON DR,SEBASIAN WY,37.28254053,-121.8272208
9656,698855,CR-0000100138,2,0,0,0,23-342-0625,False,False,35,12/8/2023 3:21:00 PM,No Pedestrians Involved,Dry,No Unusual Conditions,Daylight,Violation Driver 1,No Controls Present/Factor,Clear,Rear End,Related,Other Vehicle,Not Applicable,Not Applicable,East Of,,False,False,71950,HENDERSON DR,SANTA TERESA BL,37.23695444,-121.80705
9657,699444,CR-0000100786,0,0,0,0,23-204-0536,False,False,0,7/23/2023 2:20:00 PM,No Pedestrians Involved,Dry,No Unusual Conditions,Daylight,Violation Driver 1,No Controls Present/Factor,Clear,Broadside,Intersection,Parked Vehicle,Not Applicable,Not Applicable,At,,True,True,52018,DOTTIELYN AV,SKALL DR,37.28461945,-121.8262498