_id,CrashFactId,Name,MinorInjuries,ModerateInjuries,SevereInjuries,FatalInjuries,TcrNumber,CityDamageFlag,ShortFormFlag,Distance,CrashDateTime,PedestrianAction,RoadwaySurface,RoadwayCondition,Lighting,PrimaryCollisionFactor,TrafficControl,Weather,CollisionType,ProximityToIntersection,VehicleInvolvedWith,PedestrianDirectionFrom,PedestrianDirectionTo,DirectionFromIntersection,Comment,SpeedingFlag,HitAndRunFlag,IntersectionNumber,AStreetName,BStreetName,Latitude,Longitude
9658,689977,CR-0000096014,1,0,0,0,22-224-0362,False,False,0,8/12/2022 11:46:00 AM,No Pedestrians Involved,Dry,No Unusual Conditions,Daylight,Violation Driver 1,No Controls Present/Factor,Clear,Rear End,Intersection,Other Vehicle,Not Applicable,Not Applicable,At,,True,True,71785,HELLYER AV,LO BUE WY,37.28436446,-121.8190252
9659,682450,CR-0000092014,2,0,0,0,22-117-0159,False,False,0,4/27/2022 7:32:00 AM,No Pedestrians Involved,Dry,No Unusual Conditions,Daylight,Violation Driver 1,No Controls Present/Factor,Clear,Sideswipe,Intersection,Other Vehicle,Not Applicable,Not Applicable,At,,False,False,45781,CROCKER DR,PAGE MILL DR,37.263379,-121.8119951
9660,682265,CR-0000091819,0,0,1,0,22-125-0507,False,False,25,5/5/2022 3:28:00 PM,No Pedestrians Involved,Dry,No Unusual Conditions,Daylight,Violation Driver 1,No Controls Present/Factor,Clear,Rear End,Related,Motorcycle,Not Applicable,Not Applicable,East Of,MC,True,False,89957,MCLAUGHLIN AV,STORY RD,37.33273611,-121.8536385
9661,682512,CR-0000092079,0,0,0,0,22-094-0070,True,False,745,4/4/2022 2:05:00 AM,No Pedestrians Involved,Dry,No Unusual Conditions,Dark - Street Light,Violation Driver 1,Controls Functioning,Clear,Hit Object,Non-Related,Fixed Object,Not Applicable,Not Applicable,North Of,TREE,True,False,89957,MCLAUGHLIN AV,STORY RD,37.33273611,-121.8536385
9662,682692,CR-0000092268,0,0,0,0,22-150-4004,False,True,,5/30/2022 10:36:00 AM,No Pedestrians Involved,Unknown,Unknown,Daylight,Unknown,Unknown,Unknown,Rear End,Related,Other Vehicle,Not Applicable,Not Applicable,Unknown,,False,False,89957,MCLAUGHLIN AV,STORY RD,37.33273611,-121.8536385
9663,681213,CR-0000090598,0,1,0,0,22-004-0142,False,False,0,1/4/2022 5:58:00 AM,No Pedestrians Involved,Dry,No Unusual Conditions,Dark - Street Light,Violation Driver 1,Controls Functioning,Cloudy,Broadside,Intersection,Other Vehicle,Not Applicable,Not Applicable,At,,False,False,89957,MCLAUGHLIN AV,STORY RD,37.33273611,-121.8536385
9664,683272,CR-0000092825,0,0,0,0,22-052-9708,False,True,51,2/6/2022 6:30:00 PM,No Pedestrians Involved,Dry,No Unusual Conditions,Daylight,Unknown,Controls Functioning,Clear,Sideswipe,Non-Related,Other Vehicle,Not Applicable,Not Applicable,East Of,,False,True,89957,MCLAUGHLIN AV,STORY RD,37.33273611,-121.8536385
9665,681541,CR-0000090937,1,0,0,0,22-030-0741,False,False,110,1/30/2022 7:55:00 PM,No Pedestrians Involved,Dry,No Unusual Conditions,Dark - Street Light,Violation Driver 1,Controls Functioning,Clear,Rear End,Non-Related,Other Vehicle,Not Applicable,Not Applicable,West Of,,True,False,89957,MCLAUGHLIN AV,STORY RD,37.33273611,-121.8536385
9666,682019,CR-0000091529,0,2,1,0,22-063-0028,False,False,30,3/4/2022 12:43:00 AM,No Pedestrians Involved,Dry,No Unusual Conditions,Dark - Street Light,Violation Driver 1,Controls Functioning,Clear,Rear End,Related,Other Vehicle,Not Applicable,Not Applicable,North Of,,True,False,89957,MCLAUGHLIN AV,STORY RD,37.33273611,-121.8536385
9667,682136,CR-0000091680,0,0,0,0,22-073-9711,False,True,0,3/12/2022 1:50:00 AM,No Pedestrians Involved,Dry,No Unusual Conditions,Dark - Street Light,Unknown,No Controls Present/Factor,Clear,Head On,Intersection,Other Vehicle,Not Applicable,Not Applicable,At,,False,False,89957,MCLAUGHLIN AV,STORY RD,37.33273611,-121.8536385
9668,681729,CR-0000091128,2,0,0,0,22-050-0387,False,False,51,2/19/2022 12:30:00 PM,No Pedestrians Involved,Dry,No Unusual Conditions,Daylight,Violation Driver 1,Controls Functioning,Clear,Rear End,Non-Related,Other Vehicle,Not Applicable,Not Applicable,East Of,,True,False,89957,MCLAUGHLIN AV,STORY RD,37.33273611,-121.8536385
9669,681815,CR-0000091224,0,0,0,0,22-082-0530,False,False,,3/23/2022 1:42:00 PM,No Pedestrians Involved,Dry,No Unusual Conditions,Daylight,Violation Driver 1,Controls Functioning,Clear,Rear End,Related,Other Vehicle,Not Applicable,Not Applicable,West Of,,False,False,89957,MCLAUGHLIN AV,STORY RD,37.33273611,-121.8536385
9670,685215,CR-0000093894,0,0,0,0,22-262-9701,False,True,0,9/18/2022 7:45:00 PM,No Pedestrians Involved,Wet,No Unusual Conditions,Dark - Street Light,Violation Driver 1,Controls Functioning,Rain,Rear End,Intersection,Other Vehicle,Not Applicable,Not Applicable,At,,False,True,89957,MCLAUGHLIN AV,STORY RD,37.33273611,-121.8536385
9671,690023,CR-0000096073,4,0,0,0,22-275-0192,False,False,0,10/2/2022 4:12:00 AM,No Pedestrians Involved,Dry,No Unusual Conditions,Dark - Street Light,Violation Driver 1,Controls Functioning,Clear,Broadside,Intersection,Other Vehicle,Not Applicable,Not Applicable,At,,False,False,89957,MCLAUGHLIN AV,STORY RD,37.33273611,-121.8536385
9672,690087,CR-0000096147,0,0,0,0,22-184-9701,False,True,0,7/2/2022 11:45:00 PM,No Pedestrians Involved,Dry,No Unusual Conditions,Dark - Street Light,Unknown,No Controls Present/Factor,Clear,Sideswipe,Related,Other Vehicle,Not Applicable,Not Applicable,North Of,,False,False,89957,MCLAUGHLIN AV,STORY RD,37.33273611,-121.8536385
9673,690282,CR-0000096374,0,0,0,0,22-311-0018,False,False,20,11/1/2022 12:09:00 AM,No Pedestrians Involved,Wet,No Unusual Conditions,Dark - Street Light,Violation Driver 1,Controls Functioning,Rain,Rear End,Related,Other Vehicle,Not Applicable,Not Applicable,East Of,,True,True,89957,MCLAUGHLIN AV,STORY RD,37.33273611,-121.8536385
9674,690168,CR-0000096257,0,0,0,0,22-260-9706,False,False,0,9/17/2022 12:58:00 PM,No Pedestrians Involved,Dry,No Unusual Conditions,Daylight,Unknown,Controls Functioning,Clear,Rear End,Intersection,Other Vehicle,Not Applicable,Not Applicable,At,,False,False,89957,MCLAUGHLIN AV,STORY RD,37.33273611,-121.8536385
9675,690537,CR-0000096645,0,0,0,0,23-028-0835,True,False,51,1/28/2023 9:39:00 PM,No Pedestrians Involved,Dry,No Unusual Conditions,Dark - Street Light,Violation Driver 1,No Controls Present/Factor,Clear,Rear End,Non-Related,Other Vehicle,Not Applicable,Not Applicable,East Of,CURB,True,False,89957,MCLAUGHLIN AV,STORY RD,37.33273611,-121.8536385
9676,690566,CR-0000096687,0,0,0,0,23-022-0800,False,False,51,1/22/2023 9:50:00 PM,No Pedestrians Involved,Dry,No Unusual Conditions,Dark - Street Light,Violation Driver 1,Controls Functioning,Clear,Rear End,Non-Related,Motor Vehicle On Other Roadway,Not Applicable,Not Applicable,North Of,,True,True,89957,MCLAUGHLIN AV,STORY RD,37.33273611,-121.8536385
9677,689504,CR-0000095481,1,0,0,0,22-361-0870,False,False,0,12/27/2022 11:33:00 PM,No Pedestrians Involved,Dry,No Unusual Conditions,Dark - Street Light,Violation Driver 1,Controls Functioning,Clear,Head On,Intersection,Other Vehicle,Not Applicable,Not Applicable,At,,False,False,89957,MCLAUGHLIN AV,STORY RD,37.33273611,-121.8536385
9678,690874,CR-0000097017,0,0,0,0,23-029-9701,False,True,0,1/21/2023 3:02:00 PM,No Pedestrians Involved,Dry,No Unusual Conditions,Daylight,Unknown,Unknown,Clear,Sideswipe,Intersection,Other Vehicle,Not Applicable,Not Applicable,At,,False,False,89957,MCLAUGHLIN AV,STORY RD,37.33273611,-121.8536385
9679,694246,CR-0000098075,0,0,0,0,23-077-0308,False,False,0,3/18/2023 11:56:00 AM,No Pedestrians Involved,Dry,No Unusual Conditions,Daylight,Violation Driver 1,Unknown,Clear,Rear End,Intersection,Other Vehicle,Not Applicable,Not Applicable,At,,False,True,89957,MCLAUGHLIN AV,STORY RD,37.33273611,-121.8536385
9680,694122,CR-0000097936,0,0,0,0,23-085-4004,False,True,,3/26/2023 1:00:00 PM,No Pedestrians Involved,Unknown,Unknown,Unknown,Unknown,Unknown,Unknown,Broadside,Related,Other Vehicle,Not Applicable,Not Applicable,Unknown,,False,False,89957,MCLAUGHLIN AV,STORY RD,37.33273611,-121.8536385
9681,695935,CR-0000099066,0,0,0,0,23-241-4001,False,True,0,8/28/2023 4:30:00 PM,No Pedestrians Involved,Unknown,Unknown,Unknown,Unknown,Unknown,Unknown,Sideswipe,Intersection,Other Vehicle,Not Applicable,Not Applicable,At,,False,False,89957,MCLAUGHLIN AV,STORY RD,37.33273611,-121.8536385
9682,695929,CR-0000099058,0,0,0,0,23-248-4002,False,True,0,8/23/2023 8:45:00 AM,No Pedestrians Involved,Unknown,Unknown,Unknown,Unknown,Unknown,Unknown,Broadside,Intersection,Other Vehicle,Not Applicable,Not Applicable,At,,False,False,89957,MCLAUGHLIN AV,STORY RD,37.33273611,-121.8536385
9683,696241,CR-0000099388,1,0,0,0,23-174-0428,False,False,0,6/23/2023 12:18:00 PM,No Pedestrians Involved,Dry,No Unusual Conditions,Daylight,Violation Driver 1,Unknown,Clear,Sideswipe,Intersection,Other Vehicle,Not Applicable,Not Applicable,At,,False,False,89957,MCLAUGHLIN AV,STORY RD,37.33273611,-121.8536385
9684,694664,CR-0000098697,1,0,0,0,23-235-0843,False,False,75,8/23/2023 8:17:00 PM,No Pedestrians Involved,Dry,No Unusual Conditions,Dark - Street Light,Violation Driver 1,Unknown,Clear,Vehicle/Bike,Non-Related,Bike,Not Applicable,Not Applicable,North Of,BIKE,False,False,89957,MCLAUGHLIN AV,STORY RD,37.33273611,-121.8536385
9685,694748,CR-0000098743,1,0,0,0,23-239-0381,False,False,0,8/27/2023 11:24:00 AM,Crossing In Crosswalk - At Intersection,Dry,No Unusual Conditions,Daylight,Pedestrian At Fault,Controls Functioning,Clear,Vehicle/Pedestrian,Intersection,Pedestrian,South,North,At,PED,False,False,89957,MCLAUGHLIN AV,STORY RD,37.33273611,-121.8536385
9686,711716,CR-0000101137,0,0,0,0,23-297-4000,False,True,0,10/23/2023 8:15:00 AM,No Pedestrians Involved,Unknown,Unknown,Unknown,Unknown,Unknown,Unknown,Rear End,Intersection,Other Vehicle,Not Applicable,Not Applicable,At,,False,False,89957,MCLAUGHLIN AV,STORY RD,37.33273611,-121.8536385
9687,712120,CR-0000100996,0,0,0,0,23-265-0107,False,False,0,9/22/2023 3:09:00 AM,No Pedestrians Involved,Dry,No Unusual Conditions,Dark - Street Light,Violation Driver 1,Controls Functioning,Clear,Broadside,Intersection,Other Vehicle,Not Applicable,Not Applicable,At,,False,True,89957,MCLAUGHLIN AV,STORY RD,37.33273611,-121.8536385
9688,722007,CR-0000103261,0,0,0,0,24-057-9706,False,True,51,2/24/2024 11:50:00 AM,No Pedestrians Involved,Dry,No Unusual Conditions,Daylight,Unknown,Controls Functioning,Clear,Rear End,Non-Related,Other Vehicle,Not Applicable,Not Applicable,Unknown,,False,False,89957,MCLAUGHLIN AV,STORY RD,37.33273611,-121.8536385
9689,683143,CR-0000092708,1,0,0,0,22-189-0752,False,False,0,7/8/2022 6:50:00 PM,No Pedestrians Involved,Slippery (Muddy Oily etc.),No Unusual Conditions,Daylight,Violation Driver 1,Controls Functioning,Clear,Head On,Intersection,Other Vehicle,Not Applicable,Not Applicable,At,,False,False,126323,CLEMENCE AV,STORY RD,37.33150371,-121.8554816
9690,699086,CR-0000100401,0,0,0,0,23-167-0933,False,False,,6/16/2023 8:46:00 PM,No Pedestrians Involved,Dry,No Unusual Conditions,Dark - Street Light,Violation Driver 1,No Controls Present/Factor,Clear,Broadside,Related,Motor Vehicle On Other Roadway,Not Applicable,Not Applicable,West Of,,True,False,126323,CLEMENCE AV,STORY RD,37.33150371,-121.8554816
9691,689477,CR-0000095454,0,1,0,0,22-342-0543,False,False,0,12/8/2022 3:40:00 PM,No Pedestrians Involved,Dry,No Unusual Conditions,Daylight,Violation Driver 1,Controls Functioning,Cloudy,Vehicle/Bike,Intersection,Bike,Not Applicable,Not Applicable,At,BIKE,False,False,59070,FELIPE AV,OLINDER CT,37.33468876,-121.8519469
9692,689896,CR-0000095925,0,0,0,0,22-356-0032,False,False,51,12/22/2022 12:55:00 AM,No Pedestrians Involved,Dry,Other,Dark - No Street Light,Violation Driver 1,No Controls Present/Factor,Clear,Hit Object,Non-Related,Fixed Object,Not Applicable,Not Applicable,East Of,,False,True,59070,FELIPE AV,OLINDER CT,37.33468876,-121.8519469
9693,689443,CR-0000095418,1,0,0,0,22-323-0229,False,False,0,11/19/2022 7:42:00 AM,No Pedestrians Involved,Dry,No Unusual Conditions,Daylight,Violation Driver 1,No Controls Present/Factor,Clear,Broadside,Intersection,Other Vehicle,Not Applicable,Not Applicable,At,,False,False,7996,APPIAN LN,MCLAUGHLIN AV,37.33872567,-121.859604
9694,683029,CR-0000092631,0,0,0,0,22-168-0064,False,False,25,6/17/2022 2:05:00 AM,No Pedestrians Involved,Dry,No Unusual Conditions,Dark - Street Light,Violation Driver 1,Unknown,Clear,Head On,Related,Parked Vehicle,Not Applicable,Not Applicable,North Of,,False,False,7996,APPIAN LN,MCLAUGHLIN AV,37.33872567,-121.859604
9695,685040,CR-0000093710,1,0,0,0,22-240-0402,False,False,100,8/28/2022 11:29:00 AM,No Pedestrians Involved,Dry,No Unusual Conditions,Daylight,Violation Driver 1,Controls Functioning,Clear,Rear End,Non-Related,Other Vehicle,Not Applicable,Not Applicable,South Of,,True,False,7996,APPIAN LN,MCLAUGHLIN AV,37.33872567,-121.859604
9696,681982,CR-0000091491,0,0,0,0,22-078-0157,False,False,138,3/19/2022 5:00:00 AM,No Pedestrians Involved,Dry,No Unusual Conditions,Dark - Street Light,Violation Driver 1,No Controls Present/Factor,Clear,Rear End,Non-Related,Parked Vehicle,Not Applicable,Not Applicable,North Of,,True,False,7996,APPIAN LN,MCLAUGHLIN AV,37.33872567,-121.859604
9697,682222,CR-0000091763,0,0,0,0,22-071-0875,False,False,121,3/12/2022 9:20:00 PM,No Pedestrians Involved,Dry,No Unusual Conditions,Dark - Street Light,Unknown,No Controls Present/Factor,Clear,Vehicle/Bike,Non-Related,Bike,Not Applicable,Not Applicable,North Of,BIKE,False,True,7996,APPIAN LN,MCLAUGHLIN AV,37.33872567,-121.859604
9698,682405,CR-0000091966,0,0,0,0,22-106-0639,False,False,0,4/16/2022 6:31:00 PM,No Pedestrians Involved,Dry,No Unusual Conditions,Daylight,Violation Driver 1,Unknown,Clear,Rear End,Intersection,Other Vehicle,Not Applicable,Not Applicable,At,,False,False,7996,APPIAN LN,MCLAUGHLIN AV,37.33872567,-121.859604
9699,690185,CR-0000096273,0,0,0,0,22-158-4004,False,True,50,6/4/2022 12:00:00 PM,No Pedestrians Involved,Unknown,Unknown,Unknown,Unknown,Unknown,Unknown,Other,Related,Unknown,Not Applicable,Not Applicable,Unknown,,False,True,7996,APPIAN LN,MCLAUGHLIN AV,37.33872567,-121.859604
9700,691188,CR-0000097390,0,0,0,0,23-056-0719,False,False,0,2/25/2023 7:38:00 PM,No Pedestrians Involved,Dry,No Unusual Conditions,Dark - Street Light,Violation Driver 1,Controls Functioning,Clear,Hit Object,Intersection,Fixed Object,Not Applicable,Not Applicable,At,,True,False,7996,APPIAN LN,MCLAUGHLIN AV,37.33872567,-121.859604
9701,681508,CR-0000090898,1,0,0,0,22-036-0892,False,False,0,2/5/2022 10:17:00 PM,No Pedestrians Involved,Dry,No Unusual Conditions,Dark - Street Light,Violation Driver 1,Controls Functioning,Clear,Broadside,Intersection,Other Vehicle,Not Applicable,Not Applicable,At,,False,False,89770,MCLAUGHLIN AV,MELBOURNE BL,37.33813302,-121.8590131
9702,681295,CR-0000090681,0,0,0,0,22-010-0705,False,False,51,1/10/2022 7:45:00 PM,No Pedestrians Involved,Dry,No Unusual Conditions,Dark - Street Light,Violation Driver 1,Controls Functioning,Clear,Rear End,Non-Related,Other Vehicle,Not Applicable,Not Applicable,South Of,,True,False,89770,MCLAUGHLIN AV,MELBOURNE BL,37.33813302,-121.8590131
9703,681358,CR-0000090744,1,0,0,0,22-016-0464,False,False,25,1/16/2022 3:20:00 PM,No Pedestrians Involved,Dry,No Unusual Conditions,Daylight,Violation Driver 1,Unknown,Clear,Sideswipe,Related,Motor Vehicle On Other Roadway,Not Applicable,Not Applicable,North Of,,False,False,89770,MCLAUGHLIN AV,MELBOURNE BL,37.33813302,-121.8590131
9704,691305,CR-0000097550,1,0,0,0,23-027-0197,False,False,0,1/27/2023 8:27:00 AM,Crossing In Crosswalk - At Intersection,Dry,No Unusual Conditions,Daylight,Violation Driver 1,Controls Functioning,Clear,Vehicle/Pedestrian,Intersection,Pedestrian,South,North,At,PED,False,False,89770,MCLAUGHLIN AV,MELBOURNE BL,37.33813302,-121.8590131
9705,699060,CR-0000100366,1,0,0,0,23-340-0143,False,False,25,12/6/2023 6:30:00 AM,No Pedestrians Involved,Dry,No Unusual Conditions,Dusk - Dawn,Violation Driver 1,Controls Functioning,Clear,Rear End,Related,Other Vehicle,Not Applicable,Not Applicable,West Of,,True,True,89770,MCLAUGHLIN AV,MELBOURNE BL,37.33813302,-121.8590131
9706,698869,CR-0000100154,1,0,0,0,23-120-0728,False,False,50,4/30/2023 7:42:00 PM,No Pedestrians Involved,Dry,No Unusual Conditions,Daylight,Violation Driver 1,Controls Functioning,Clear,Rear End,Related,Other Vehicle,Not Applicable,Not Applicable,North Of,,True,True,89770,MCLAUGHLIN AV,MELBOURNE BL,37.33813302,-121.8590131
9707,697598,CR-0000099813,1,0,0,0,23-252-1022,False,False,69,9/9/2023 11:00:00 PM,No Pedestrians Involved,Dry,No Unusual Conditions,Dark - Street Light,Violation Driver 1,Controls Functioning,Clear,Head On,Non-Related,Other Vehicle,Not Applicable,Not Applicable,South Of,,False,False,89770,MCLAUGHLIN AV,MELBOURNE BL,37.33813302,-121.8590131
9708,712084,CR-0000100963,0,0,0,0,23-188-9701,False,True,,7/1/2023 7:45:00 AM,No Pedestrians Involved,Unknown,Unknown,Unknown,Unknown,Unknown,Unknown,Rear End,Related,Other Vehicle,Not Applicable,Not Applicable,South Of,,False,False,89770,MCLAUGHLIN AV,MELBOURNE BL,37.33813302,-121.8590131
9709,719546,CR-0000102693,0,0,0,0,24-088-0599,False,False,165,3/28/2024 4:37:00 PM,No Pedestrians Involved,Dry,No Unusual Conditions,Daylight,Violation Driver 1,No Controls Present/Factor,Clear,Rear End,Non-Related,Other Vehicle,Not Applicable,Not Applicable,East Of,,True,True,104390,ROBERTS AV,VINTAGE WY,37.32444522,-121.8551374
9710,716245,CR-0000102221,1,0,0,0,23-308-0266,False,False,60,11/4/2023 9:59:00 AM,Crossing - Not In Crosswalk,Unknown,No Unusual Conditions,Daylight,Violation Driver 1,No Controls Present/Factor,Clear,Vehicle/Pedestrian,Non-Related,Pedestrian,East,West,South Of,PED,True,False,104378,ROBERTS AV,SARABAND WY,37.32387905,-121.8545754
9711,696016,CR-0000099151,0,1,0,0,23-195-0491,False,False,0,7/14/2023 2:36:00 PM,No Pedestrians Involved,Dry,No Unusual Conditions,Daylight,Violation Driver 1,No Controls Present/Factor,Clear,Vehicle/Bike,Intersection,Scooter Motorized,Not Applicable,Not Applicable,At,MOTORIZED SCOOTER,False,False,18237,BIGELOW CT,SANTA TERESA BL,37.23695022,-121.8079525
9712,681489,CR-0000090879,0,1,0,0,22-035-0209,False,False,0,2/4/2022 8:43:00 AM,No Pedestrians Involved,Dry,No Unusual Conditions,Daylight,Violation Driver 1,Controls Functioning,Clear,Vehicle/Bike,Intersection,Bike,Not Applicable,Not Applicable,At,BIKE,False,False,107788,SAYOKO CI/SUGAR MAPLE DR,SNELL AV,37.27128305,-121.8362581
9713,711989,CR-0000101421,0,0,0,0,23-340-0107,False,False,120,12/6/2023 4:26:00 AM,No Pedestrians Involved,Dry,No Unusual Conditions,Dark - Street Light,Violation Driver 1,No Controls Present/Factor,Clear,Rear End,Non-Related,Parked Vehicle,Not Applicable,Not Applicable,West Of,,False,True,11660,AZUCAR AV,DISCOVERY AV,37.26156121,-121.8058424
9714,712126,CR-0000101410,0,0,0,0,23-336-0088,False,False,124,12/2/2023 2:15:00 AM,No Pedestrians Involved,Dry,No Unusual Conditions,Dark - Street Light,Violation Driver 1,No Controls Present/Factor,Clear,Sideswipe,Non-Related,Parked Vehicle,Not Applicable,Not Applicable,West Of,,False,True,11648,AZUCAR AV,BENDORF DR,37.26155804,-121.8047963
9715,685095,CR-0000093766,0,0,0,0,22-219-0100,False,False,0,8/7/2022 1:22:00 AM,No Pedestrians Involved,Dry,No Unusual Conditions,Dark - Street Light,Violation Driver 1,Controls Functioning,Clear,Head On,Intersection,Parked Vehicle,Not Applicable,Not Applicable,At,,True,True,12781,BANFF ST,DANUBE WY,37.340715,-121.8576814
9716,689982,CR-0000096024,0,1,0,0,22-221-0826,False,False,89,8/9/2022 6:34:00 PM,No Pedestrians Involved,Dry,No Unusual Conditions,Daylight,Bike At Fault,No Controls Present/Factor,Clear,Vehicle/Bike,Non-Related,Bike,Not Applicable,Not Applicable,West Of,BIKE,False,False,96183,NORDALE AV,WELCH AV,37.31826566,-121.857098
9717,690319,CR-0000096413,0,0,0,0,22-241-9701,False,True,51,8/13/2022 11:40:00 PM,No Pedestrians Involved,Dry,No Unusual Conditions,Dark - No Street Light,Unknown,No Controls Present/Factor,Clear,Head On,Non-Related,Parked Vehicle,Not Applicable,Not Applicable,East Of,,False,True,95171,NEEDLES DR,WELCH AV,37.31680097,-121.8556871
9718,697603,CR-0000099843,0,1,0,0,23-304-0120,True,False,61,10/31/2023 5:37:00 AM,No Pedestrians Involved,Dry,No Unusual Conditions,Dark - Street Light,Violation Driver 1,No Controls Present/Factor,Clear,Hit Object,Non-Related,Fixed Object,Not Applicable,Not Applicable,West Of,tree,True,False,47310,CURTNER AV,FROBISHER WY,37.27691127,-121.9194233
9719,683084,CR-0000092649,0,0,0,0,22-173-0874,False,False,0,6/22/2022 7:54:00 PM,No Pedestrians Involved,Dry,No Unusual Conditions,Daylight,Violation Driver 1,Controls Functioning,Clear,Other,Intersection,Other Vehicle,Not Applicable,Not Applicable,At,,False,False,4685,ALMADEN EX,COLEMAN RD,37.24260599,-121.8749262
9720,681485,CR-0000090875,0,0,1,0,22-034-0631,False,False,30,2/3/2022 3:30:00 PM,No Pedestrians Involved,Dry,No Unusual Conditions,Daylight,Violation Driver 1,Controls Functioning,Clear,Other,Related,Non-Collision,Not Applicable,Not Applicable,South Of,,True,False,4685,ALMADEN EX,COLEMAN RD,37.24260599,-121.8749262
9721,680583,CR-0000089828,0,0,0,1,22-050-0141,True,False,800,2/19/2022 5:38:00 AM,No Pedestrians Involved,Dry,No Unusual Conditions,Dark - No Street Light,Violation Driver 1,Controls Functioning,Clear,Hit Object,Non-Related,Fixed Object,Not Applicable,Not Applicable,South Of,"Median island, Tree",True,False,4685,ALMADEN EX,COLEMAN RD,37.24260599,-121.8749262
9722,682447,CR-0000092011,0,0,0,0,22-110-0198,False,False,19,4/20/2022 7:47:00 AM,No Pedestrians Involved,Dry,No Unusual Conditions,Daylight,Violation Driver 1,Controls Functioning,Clear,Broadside,Related,Other Vehicle,Not Applicable,Not Applicable,North Of,,False,True,4685,ALMADEN EX,COLEMAN RD,37.24260599,-121.8749262
9723,698985,CR-0000100289,1,0,0,0,23-183-9708,False,True,0,6/30/2023 7:25:00 PM,No Pedestrians Involved,Dry,No Unusual Conditions,Daylight,Unknown,Controls Functioning,Clear,Vehicle/Bike,Intersection,Bike,Not Applicable,Not Applicable,At,BIKE,False,False,4685,ALMADEN EX,COLEMAN RD,37.24260599,-121.8749262
9724,699335,CR-0000100662,0,0,0,0,23-181-4004,False,True,0,6/30/2023 7:20:00 PM,No Pedestrians Involved,Unknown,Unknown,Unknown,Unknown,Unknown,Unknown,Vehicle/Bike,Intersection,Bike,Not Applicable,Not Applicable,At,,False,False,4685,ALMADEN EX,COLEMAN RD,37.24260599,-121.8749262
9725,689917,CR-0000095959,0,0,0,0,22-362-4007,False,True,,12/28/2022 5:00:00 PM,No Pedestrians Involved,Unknown,Unknown,Unknown,Unknown,Unknown,Unknown,Sideswipe,Related,Other Vehicle,Not Applicable,Not Applicable,South Of,,False,False,4685,ALMADEN EX,COLEMAN RD,37.24260599,-121.8749262
9726,694145,CR-0000098097,0,0,1,0,23-113-0844,False,False,358,4/22/2023 10:07:00 PM,No Pedestrians Involved,Dry,No Unusual Conditions,Dark - No Street Light,Violation Driver 1,Unknown,Clear,Hit Object,Non-Related,Fixed Object,Not Applicable,Not Applicable,East Of,Unhitched Trailer,False,False,4685,ALMADEN EX,COLEMAN RD,37.24260599,-121.8749262
9727,722088,CR-0000103342,0,0,0,0,24-071-4002,False,True,51,3/6/2024 9:03:00 AM,No Pedestrians Involved,Unknown,Unknown,Unknown,Unknown,Unknown,Unknown,Rear End,Non-Related,Other Vehicle,Not Applicable,Not Applicable,South Of,,False,False,4685,ALMADEN EX,COLEMAN RD,37.24260599,-121.8749262
9728,694238,CR-0000098098,0,1,0,0,23-112-0149,False,False,0,4/22/2023 3:11:00 AM,No Pedestrians Involved,Dry,No Unusual Conditions,Dark - No Street Light,Violation Driver 1,No Controls Present/Factor,Clear,Hit Object,Intersection,Fixed Object,Not Applicable,Not Applicable,At,CURB,False,False,4938,ALMADEN EX,MCABEE RDWINFIELD BL,37.23630014,-121.8731218
9729,691194,CR-0000097396,0,0,0,0,23-010-4002,False,True,0,12/11/2022 7:45:00 PM,No Pedestrians Involved,Unknown,Unknown,Unknown,Unknown,Unknown,Unknown,Sideswipe,Intersection,Parked Vehicle,Not Applicable,Not Applicable,At,,False,False,136476,MACINTYRE DR,NAGEL DR,37.28530978,-121.8661291
9730,688702,CR-0000094527,0,0,0,0,22-209-4004,False,True,51,7/28/2022 7:30:00 AM,No Pedestrians Involved,Unknown,Unknown,Daylight,Unknown,Unknown,Unknown,Rear End,Non-Related,Parked Vehicle,Not Applicable,Not Applicable,West Of,,False,False,136487,MACINTYRE DR,SANDEL WY,37.28463491,-121.8656122
9731,681976,CR-0000091485,1,1,0,0,22-082-0685,False,False,0,3/23/2022 4:08:00 PM,No Pedestrians Involved,Dry,No Unusual Conditions,Daylight,Violation Driver 1,Controls Functioning,Clear,Head On,Intersection,Other Vehicle,Not Applicable,Not Applicable,At,,False,False,4905,ALMADEN EX,VIA MONTE DR,37.24590526,-121.8747871
9732,720848,CR-0000103051,0,0,0,0,24-042-9710,False,True,51,2/11/2024 1:00:00 PM,No Pedestrians Involved,Dry,No Unusual Conditions,Daylight,Unknown,Unknown,Clear,Sideswipe,Non-Related,Other Vehicle,Not Applicable,Not Applicable,Unknown,,False,False,4905,ALMADEN EX,VIA MONTE DR,37.24590526,-121.8747871
9733,681422,CR-0000090812,0,0,0,0,22-026-9707,False,True,51,1/25/2022 6:14:00 PM,No Pedestrians Involved,Dry,No Unusual Conditions,Dark - Street Light,Unknown,Controls Functioning,Clear,Sideswipe,Non-Related,Parked Vehicle,Not Applicable,Not Applicable,South Of,,False,False,73039,HILLSDALE AV,MERIDIAN AV,37.2679441,-121.9046611