_id,CrashFactId,Name,MinorInjuries,ModerateInjuries,SevereInjuries,FatalInjuries,TcrNumber,CityDamageFlag,ShortFormFlag,Distance,CrashDateTime,PedestrianAction,RoadwaySurface,RoadwayCondition,Lighting,PrimaryCollisionFactor,TrafficControl,Weather,CollisionType,ProximityToIntersection,VehicleInvolvedWith,PedestrianDirectionFrom,PedestrianDirectionTo,DirectionFromIntersection,Comment,SpeedingFlag,HitAndRunFlag,IntersectionNumber,AStreetName,BStreetName,Latitude,Longitude
9734,683314,CR-0000092900,2,0,0,0,22-136-0207,False,False,0,5/16/2022 6:58:00 AM,No Pedestrians Involved,Dry,No Unusual Conditions,Daylight,Violation Driver 1,Controls Functioning,Clear,Broadside,Intersection,Other Vehicle,Not Applicable,Not Applicable,At,,False,False,73039,HILLSDALE AV,MERIDIAN AV,37.2679441,-121.9046611
9735,689244,CR-0000095207,0,0,0,0,22-303-0297,False,False,0,10/30/2022 8:59:00 AM,No Pedestrians Involved,Dry,No Unusual Conditions,Daylight,Violation Driver 1,Controls Functioning,Cloudy,Rear End,Intersection,Other Vehicle,Not Applicable,Not Applicable,At,,True,True,73039,HILLSDALE AV,MERIDIAN AV,37.2679441,-121.9046611
9736,685305,CR-0000093986,0,0,0,0,22-247-0257,False,False,0,9/4/2022 9:16:00 AM,No Pedestrians Involved,Dry,No Unusual Conditions,Daylight,Violation Driver 1,Controls Functioning,Clear,Sideswipe,Intersection,Other Vehicle,Not Applicable,Not Applicable,At,,False,False,73039,HILLSDALE AV,MERIDIAN AV,37.2679441,-121.9046611
9737,689499,CR-0000095476,1,0,0,0,22-359-0480,True,False,55,12/25/2022 4:20:00 PM,No Pedestrians Involved,Dry,No Unusual Conditions,Dusk - Dawn,Violation Driver 1,Controls Functioning,Clear,Rear End,Non-Related,Other Vehicle,Not Applicable,Not Applicable,West Of,SJPD,True,False,73039,HILLSDALE AV,MERIDIAN AV,37.2679441,-121.9046611
9738,690555,CR-0000096676,3,0,0,0,23-006-0774,False,False,38,1/6/2023 7:15:00 PM,No Pedestrians Involved,Dry,No Unusual Conditions,Dark - Street Light,Violation Driver 1,Controls Functioning,Clear,Rear End,Related,Motor Vehicle On Other Roadway,Not Applicable,Not Applicable,South Of,,True,False,73039,HILLSDALE AV,MERIDIAN AV,37.2679441,-121.9046611
9739,690800,CR-0000096938,2,0,0,0,23-001-0820,False,False,123,1/1/2023 8:30:00 PM,No Pedestrians Involved,Dry,No Unusual Conditions,Dark - Street Light,Violation Driver 1,Controls Functioning,Clear,Rear End,Non-Related,Other Vehicle,Not Applicable,Not Applicable,West Of,,False,False,73039,HILLSDALE AV,MERIDIAN AV,37.2679441,-121.9046611
9740,694230,CR-0000097961,0,0,0,0,23-087-4006,False,True,0,3/28/2023 9:40:00 AM,No Pedestrians Involved,Unknown,Unknown,Unknown,Unknown,Unknown,Unknown,Rear End,Intersection,Other Vehicle,Not Applicable,Not Applicable,At,,False,False,73039,HILLSDALE AV,MERIDIAN AV,37.2679441,-121.9046611
9741,698983,CR-0000100285,1,2,0,0,23-211-0021,False,False,0,7/30/2023 12:18:00 AM,No Pedestrians Involved,Dry,No Unusual Conditions,Dark - Street Light,Violation Driver 1,Controls Functioning,Clear,Broadside,Intersection,Other Vehicle,Not Applicable,Not Applicable,At,,True,False,73039,HILLSDALE AV,MERIDIAN AV,37.2679441,-121.9046611
9742,696201,CR-0000099345,1,1,0,0,23-102-0802,False,False,0,4/12/2023 8:32:00 PM,No Pedestrians Involved,Dry,No Unusual Conditions,Dark - Street Light,Violation Driver 1,Controls Functioning,Clear,Broadside,Intersection,Other Vehicle,Not Applicable,Not Applicable,At,,False,False,73039,HILLSDALE AV,MERIDIAN AV,37.2679441,-121.9046611
9743,694732,CR-0000098784,2,0,0,0,23-243-1015,False,False,0,8/31/2023 10:07:00 PM,No Pedestrians Involved,Dry,No Unusual Conditions,Dark - Street Light,Violation Driver 1,Controls Functioning,Clear,Broadside,Intersection,Other Vehicle,Not Applicable,Not Applicable,At,,False,False,73039,HILLSDALE AV,MERIDIAN AV,37.2679441,-121.9046611
9744,694449,CR-0000098414,0,0,1,0,23-153-0975,False,False,0,6/2/2023 10:11:00 PM,No Pedestrians Involved,Dry,No Unusual Conditions,Dark - Street Light,Violation Driver 1,Controls Functioning,Clear,Broadside,Intersection,Motorcycle,Not Applicable,Not Applicable,At,,True,False,73039,HILLSDALE AV,MERIDIAN AV,37.2679441,-121.9046611
9745,719532,CR-0000102661,1,0,0,0,24-063-0013,False,False,0,3/3/2024 12:30:00 AM,No Pedestrians Involved,Wet,No Unusual Conditions,Dark - Street Light,Violation Driver 1,Controls Functioning,Rain,Broadside,Intersection,Other Vehicle,Not Applicable,Not Applicable,At,,False,True,73039,HILLSDALE AV,MERIDIAN AV,37.2679441,-121.9046611
9746,716060,CR-0000102033,1,0,0,0,24-015-0578,False,False,130,1/15/2024 3:40:00 PM,No Pedestrians Involved,Dry,No Unusual Conditions,Daylight,Violation Driver 1,No Controls Present/Factor,Clear,Sideswipe,Non-Related,Other Vehicle,Not Applicable,Not Applicable,North Of,,False,False,52051,DOVELA WY,HILLSDALE AV,37.26840299,-121.9029762
9747,711761,CR-0000101393,0,0,0,0,23-330-0432,False,False,200,11/26/2023 2:10:00 PM,No Pedestrians Involved,Dry,No Unusual Conditions,Daylight,Violation Driver 1,Unknown,Clear,Sideswipe,Non-Related,Other Vehicle,Not Applicable,Not Applicable,North Of,,False,True,112034,TIMBERVIEW CT,TIMBERVIEW DR,37.21831044,-121.8768104
9748,682721,CR-0000092300,0,0,0,0,22-153-0880,False,False,390,6/2/2022 8:50:00 PM,No Pedestrians Involved,Dry,No Unusual Conditions,Dark - Street Light,Violation Driver 1,No Controls Present/Factor,Clear,Sideswipe,Non-Related,Other Vehicle,Not Applicable,Not Applicable,West Of,,False,True,16565,BENDORF DR,ROUNDTABLE DR,37.26082586,-121.8048665
9749,681597,CR-0000090994,0,0,0,0,22-046-0685,False,False,84,2/15/2022 4:21:00 PM,No Pedestrians Involved,Dry,No Unusual Conditions,Dark - Street Light,Violation Driver 1,Controls Functioning,Clear,Sideswipe,Non-Related,Parked Vehicle,Not Applicable,Not Applicable,North Of,,True,False,16565,BENDORF DR,ROUNDTABLE DR,37.26082586,-121.8048665
9750,694450,CR-0000098415,1,0,0,0,23-153-0877,False,False,57,6/2/2023 8:43:00 PM,No Pedestrians Involved,Dry,No Unusual Conditions,Dusk - Dawn,Violation Driver 1,Controls Functioning,Clear,Sideswipe,Non-Related,Parked Vehicle,Not Applicable,Not Applicable,West Of,,False,False,16565,BENDORF DR,ROUNDTABLE DR,37.26082586,-121.8048665
9751,694465,CR-0000098430,0,0,1,0,23-146-0639,False,False,,5/26/2023 5:07:00 PM,No Pedestrians Involved,Dry,No Unusual Conditions,Daylight,Violation Driver 1,No Controls Present/Factor,Clear,Rear End,Related,Other Vehicle,Not Applicable,Not Applicable,West Of,,True,False,16565,BENDORF DR,ROUNDTABLE DR,37.26082586,-121.8048665
9752,682928,CR-0000092520,0,0,0,0,22-160-0809,False,False,200,6/9/2022 7:40:00 PM,No Pedestrians Involved,Dry,No Unusual Conditions,Dark - Street Light,Violation Driver 1,No Controls Present/Factor,Clear,Sideswipe,Non-Related,Other Vehicle,Not Applicable,Not Applicable,South Of,,True,True,16554,BENDORF DR,DANZE DR,37.26004942,-121.8048728
9753,690997,CR-0000097168,0,0,0,0,23-041-0538,False,False,215,2/10/2023 2:16:00 PM,No Pedestrians Involved,Dry,No Unusual Conditions,Daylight,Violation Driver 1,No Controls Present/Factor,Clear,Sideswipe,Non-Related,Parked Vehicle,Not Applicable,Not Applicable,South Of,,True,True,16554,BENDORF DR,DANZE DR,37.26004942,-121.8048728
9754,688794,CR-0000094640,0,0,0,0,22-304-4003,False,True,51,10/30/2022 2:42:00 AM,No Pedestrians Involved,Unknown,Unknown,Unknown,Unknown,Unknown,Unknown,Sideswipe,Non-Related,Other Vehicle,Not Applicable,Not Applicable,South Of,,False,True,29864,CAMDEN AV,EWER DR/LENCAR WY,37.25615448,-121.9151953
9755,696419,CR-0000099596,1,0,0,0,23-283-0755,False,False,0,10/10/2023 6:34:00 PM,No Pedestrians Involved,Dry,No Unusual Conditions,Dusk - Dawn,Violation Driver 1,Controls Functioning,Clear,Vehicle/Bike,Intersection,Bike,Not Applicable,Not Applicable,At,E BIKE,False,False,29864,CAMDEN AV,EWER DR/LENCAR WY,37.25615448,-121.9151953
9756,716159,CR-0000102139,1,0,0,0,24-025-0918,False,False,0,1/25/2024 9:35:00 PM,No Pedestrians Involved,Dry,No Unusual Conditions,Dark - Street Light,Violation Driver 1,No Controls Present/Factor,Clear,Broadside,Intersection,Other Vehicle,Not Applicable,Not Applicable,At,,False,True,75426,INDIGO DR,NARVAEZ AV,37.26743079,-121.8583704
9757,688824,CR-0000094679,0,1,0,0,22-290-0283,False,False,0,10/17/2022 8:50:00 AM,No Pedestrians Involved,Dry,No Unusual Conditions,Daylight,Bike At Fault,Controls Functioning,Clear,Vehicle/Bike,Intersection,Bike,Not Applicable,Not Applicable,At,BIKE,False,False,4553,ALMADEN BL,SANTA CLARA ST,37.33384172,-121.8954632
9758,685183,CR-0000093859,0,0,0,0,22-269-0515,False,False,51,9/8/2022 8:04:00 PM,No Pedestrians Involved,Unknown,No Unusual Conditions,Dark - Street Light,Bike At Fault,Controls Functioning,Unknown,Vehicle/Bike,Non-Related,Scooter Motorized,Not Applicable,Not Applicable,North Of,ELECTRIC SCOOTER,True,False,4553,ALMADEN BL,SANTA CLARA ST,37.33384172,-121.8954632
9759,685171,CR-0000093847,0,0,0,0,22-390-0098,False,False,211,8/27/2022 1:54:00 AM,No Pedestrians Involved,Dry,No Unusual Conditions,Dark - Street Light,Violation Driver 1,Controls Functioning,Clear,Rear End,Non-Related,Other Vehicle,Not Applicable,Not Applicable,West Of,,False,True,4553,ALMADEN BL,SANTA CLARA ST,37.33384172,-121.8954632
9760,697585,CR-0000099798,0,0,0,0,23-145-0452,False,False,0,5/25/2023 1:03:00 PM,No Pedestrians Involved,Dry,No Unusual Conditions,Daylight,Violation Driver 1,Controls Functioning,Clear,Broadside,Intersection,Other Vehicle,Not Applicable,Not Applicable,At,,False,False,4553,ALMADEN BL,SANTA CLARA ST,37.33384172,-121.8954632
9761,696559,CR-0000099756,0,1,0,0,23-337-0749,False,False,0,12/3/2023 7:17:00 PM,No Pedestrians Involved,Dry,No Unusual Conditions,Dark - Street Light,Bike At Fault,Controls Functioning,Clear,Vehicle/Bike,Intersection,Bike,Not Applicable,Not Applicable,At,BIKE,False,True,4553,ALMADEN BL,SANTA CLARA ST,37.33384172,-121.8954632
9762,691388,CR-0000097637,0,1,0,0,23-063-0441,False,False,0,3/4/2023 2:21:00 PM,No Pedestrians Involved,Dry,No Unusual Conditions,Daylight,Violation Driver 1,Controls Functioning,Clear,Broadside,Intersection,Other Vehicle,Not Applicable,Not Applicable,At,,False,False,4553,ALMADEN BL,SANTA CLARA ST,37.33384172,-121.8954632
9763,716218,CR-0000102182,0,1,0,0,24-058-0543,False,False,0,2/27/2024 2:51:00 PM,No Pedestrians Involved,Dry,No Unusual Conditions,Daylight,Violation Driver 1,Controls Functioning,Clear,Broadside,Intersection,Bike,Not Applicable,Not Applicable,At,BIKE,False,True,4553,ALMADEN BL,SANTA CLARA ST,37.33384172,-121.8954632
9764,716228,CR-0000102191,0,1,0,0,24-044-0206,False,False,0,2/13/2024 8:11:00 AM,No Pedestrians Involved,Dry,No Unusual Conditions,Daylight,Violation Driver 1,Controls Functioning,Clear,Vehicle/Bike,Intersection,Bike,Not Applicable,Not Applicable,At,ELECTRIC SCOOTER,False,False,4553,ALMADEN BL,SANTA CLARA ST,37.33384172,-121.8954632
9765,711812,CR-0000101342,0,0,0,0,23-252-0209,True,False,87,9/9/2023 6:41:00 AM,No Pedestrians Involved,Dry,No Unusual Conditions,Daylight,Violation Driver 1,No Controls Present/Factor,Clear,Hit Object,Non-Related,Fixed Object,Not Applicable,Not Applicable,West Of,TREES,True,False,4553,ALMADEN BL,SANTA CLARA ST,37.33384172,-121.8954632
9766,685062,CR-0000093724,1,0,0,0,22-242-0516,False,False,0,8/30/2022 12:54:00 PM,No Pedestrians Involved,Unknown,Unknown,Daylight,Violation Driver 1,Unknown,Unknown,Vehicle/Bike,Intersection,Bike,Not Applicable,Not Applicable,At,BIKE,False,True,108426,SEVENTH ST,YOUNGER ST,37.35817154,-121.8983347
9767,684877,CR-0000093551,0,1,0,0,22-206-0187,False,False,51,7/25/2022 6:16:00 AM,No Pedestrians Involved,Dry,No Unusual Conditions,Daylight,Violation Driver 1,No Controls Present/Factor,Cloudy,Vehicle/Bike,Non-Related,Bike,Not Applicable,Not Applicable,South Of,BIKE,False,False,108426,SEVENTH ST,YOUNGER ST,37.35817154,-121.8983347
9768,682132,CR-0000091648,0,1,0,0,22-110-0573,False,False,0,4/20/2022 3:17:00 PM,No Pedestrians Involved,Dry,No Unusual Conditions,Daylight,Violation Driver 1,No Controls Present/Factor,Clear,Broadside,Intersection,Other Vehicle,Not Applicable,Not Applicable,At,,False,False,108426,SEVENTH ST,YOUNGER ST,37.35817154,-121.8983347
9769,695790,CR-0000098855,0,1,0,0,23-249-0072,False,False,220,9/6/2023 3:00:00 AM,No Pedestrians Involved,Dry,No Unusual Conditions,Dark - Street Light,Violation Driver 1,No Controls Present/Factor,Clear,Head On,Non-Related,Parked Vehicle,Not Applicable,Not Applicable,South Of,,False,True,108426,SEVENTH ST,YOUNGER ST,37.35817154,-121.8983347
9770,684891,CR-0000093523,0,1,0,0,22-190-0813,False,False,105,7/9/2022 7:00:00 AM,No Pedestrians Involved,Dry,No Unusual Conditions,Daylight,Violation Driver 1,No Controls Present/Factor,Clear,Rear End,Non-Related,Other Vehicle,Not Applicable,Not Applicable,South Of,,False,False,114465,KENNEY DR,SEVENTH ST,37.35948607,-121.8993101
9771,690340,CR-0000096434,0,0,0,0,22-250-4001,False,True,51,5/31/2022 12:00:00 PM,No Pedestrians Involved,Unknown,Unknown,Unknown,Unknown,Unknown,Unknown,Rear End,Non-Related,Parked Vehicle,Not Applicable,Not Applicable,West Of,,False,False,42404,COMMERCIAL ST,SEVENTH ST,37.36067604,-121.9001995
9772,694782,CR-0000098819,1,0,0,0,23-215-0194,False,False,70,8/3/2023 7:55:00 AM,No Pedestrians Involved,Dry,No Unusual Conditions,Daylight,Violation Driver 1,Controls Functioning,Clear,Sideswipe,Non-Related,Other Vehicle,Not Applicable,Not Applicable,East Of,,True,False,42404,COMMERCIAL ST,SEVENTH ST,37.36067604,-121.9001995
9773,698688,CR-0000099936,0,1,0,0,23-232-0707,False,False,0,8/20/2023 5:14:00 PM,No Pedestrians Involved,Dry,No Unusual Conditions,Daylight,Violation Driver 1,No Controls Present/Factor,Clear,Broadside,Intersection,Other Vehicle,Not Applicable,Not Applicable,At,,False,False,42404,COMMERCIAL ST,SEVENTH ST,37.36067604,-121.9001995
9774,719733,CR-0000102905,0,0,0,0,24-018-0361,False,False,90,1/18/2024 12:12:00 PM,No Pedestrians Involved,Dry,No Unusual Conditions,Daylight,Violation Driver 1,Controls Functioning,Clear,Sideswipe,Non-Related,Parked Vehicle,Not Applicable,Not Applicable,East Of,,True,True,42404,COMMERCIAL ST,SEVENTH ST,37.36067604,-121.9001995
9775,717494,CR-0000102536,1,0,0,0,24-061-0804,False,False,0,3/1/2024 9:23:00 PM,No Pedestrians Involved,Wet,No Unusual Conditions,Dark - Street Light,Violation Driver 1,Controls Functioning,Clear,Broadside,Intersection,Other Vehicle,Not Applicable,Not Applicable,At,,False,False,42404,COMMERCIAL ST,SEVENTH ST,37.36067604,-121.9001995
9776,711608,CR-0000101568,0,0,0,0,23-362-0853,False,False,360,12/28/2023 9:00:00 PM,No Pedestrians Involved,Dry,No Unusual Conditions,Dusk - Dawn,Violation Driver 1,Controls Functioning,Clear,Hit Object,Non-Related,Fixed Object,Not Applicable,Not Applicable,West Of,,False,True,59916,FIFTH ST,SEVENTH ST,37.36207154,-121.9012779
9777,683042,CR-0000092664,1,0,0,0,22-139-0706,False,False,0,5/19/2022 4:09:00 PM,No Pedestrians Involved,Dry,No Unusual Conditions,Daylight,Violation Driver 1,No Controls Present/Factor,Clear,Vehicle/Bike,Intersection,Bike,Not Applicable,Not Applicable,At,BIKE,False,False,59773,FIFTH ST,HEDDING ST,37.35539071,-121.8991493
9778,685008,CR-0000093697,0,0,0,0,22-187-0136,False,False,0,7/6/2022 6:58:00 AM,No Pedestrians Involved,Dry,No Unusual Conditions,Daylight,Violation Driver 1,No Controls Present/Factor,Clear,Head On,Intersection,Motor Vehicle On Other Roadway,Not Applicable,Not Applicable,At,,False,False,59773,FIFTH ST,HEDDING ST,37.35539071,-121.8991493
9779,689254,CR-0000095214,0,0,0,0,22-295-0425,False,False,92,10/22/2022 12:53:00 PM,No Pedestrians Involved,Dry,No Unusual Conditions,Daylight,Violation Driver 1,No Controls Present/Factor,Clear,Rear End,Non-Related,Parked Vehicle,Not Applicable,Not Applicable,North Of,,False,False,59773,FIFTH ST,HEDDING ST,37.35539071,-121.8991493
9780,694052,CR-0000098014,1,0,0,0,23-103-0202,False,False,0,4/13/2023 8:11:00 AM,No Pedestrians Involved,Dry,No Unusual Conditions,Daylight,Violation Driver 1,No Controls Present/Factor,Clear,Broadside,Intersection,Other Vehicle,Not Applicable,Not Applicable,At,,False,False,59773,FIFTH ST,HEDDING ST,37.35539071,-121.8991493
9781,711823,CR-0000101021,0,0,0,0,23-258-0101,False,False,105,9/15/2023 3:19:00 AM,No Pedestrians Involved,Dry,No Unusual Conditions,Dark - Street Light,Violation Driver 1,No Controls Present/Factor,Clear,Sideswipe,Non-Related,Parked Vehicle,Not Applicable,Not Applicable,East Of,,False,False,59773,FIFTH ST,HEDDING ST,37.35539071,-121.8991493
9782,711754,CR-0000101081,0,0,0,0,23-239-4001,False,True,51,8/27/2023 4:00:00 AM,No Pedestrians Involved,Unknown,Unknown,Unknown,Unknown,Unknown,Unknown,Other,Non-Related,Parked Vehicle,Not Applicable,Not Applicable,North Of,,False,False,59840,FIFTH ST,MISSION ST,37.35324798,-121.8975511
9783,684925,CR-0000093582,0,1,0,0,22-232-0760,False,False,134,8/20/2022 7:17:00 PM,Crossing - Not In Crosswalk,Dry,No Unusual Conditions,Daylight,Violation Driver 1,No Controls Present/Factor,Clear,Vehicle/Pedestrian,Non-Related,Pedestrian,West,East,West Of,PED,True,False,45792,CROCKER DR,VERA LN,37.26293949,-121.8108772
9784,682596,CR-0000092163,0,0,0,0,22-128-0292,False,False,81,5/8/2022 6:20:00 AM,No Pedestrians Involved,Dry,No Unusual Conditions,Dusk - Dawn,Violation Driver 1,Unknown,Clear,Head On,Non-Related,Parked Vehicle,Not Applicable,Not Applicable,West Of,,False,True,45792,CROCKER DR,VERA LN,37.26293949,-121.8108772
9785,690541,CR-0000096662,0,0,0,0,23-003-0731,False,False,0,1/3/2023 6:29:00 PM,No Pedestrians Involved,Dry,Unknown,Dark - Street Light Not Functioning,Unknown,Controls Not Functioning,Cloudy,Sideswipe,Intersection,Other Vehicle,Not Applicable,Not Applicable,At,,False,True,45792,CROCKER DR,VERA LN,37.26293949,-121.8108772
9786,696169,CR-0000099312,0,0,0,0,23-094-0570,False,False,171,4/4/2023 2:27:00 PM,No Pedestrians Involved,Dry,No Unusual Conditions,Daylight,Violation Driver 1,Controls Functioning,Clear,Rear End,Non-Related,Parked Vehicle,Not Applicable,Not Applicable,South Of,,False,True,45792,CROCKER DR,VERA LN,37.26293949,-121.8108772
9787,685005,CR-0000093685,0,0,0,0,22-210-0806,False,False,100,7/29/2022 6:15:00 PM,No Pedestrians Involved,Dry,No Unusual Conditions,Daylight,Violation Driver 1,No Controls Present/Factor,Clear,Sideswipe,Non-Related,Parked Vehicle,Not Applicable,Not Applicable,West Of,,True,False,12792,BANFF ST,HERALD AV,37.33882538,-121.8558603
9788,687487,CR-0000094275,1,0,0,0,22-257-0114,False,False,0,9/14/2022 5:48:00 AM,No Pedestrians Involved,Dry,No Unusual Conditions,Dark - Street Light,Violation Driver 1,Controls Functioning,Clear,Broadside,Intersection,Other Vehicle,Not Applicable,Not Applicable,At,,False,False,89980,MCLAUGHLIN AV,SUNNY CT,37.3404025,-121.861224
9789,682255,CR-0000091838,0,0,0,0,22-102-0209,False,False,175,4/12/2022 8:20:00 AM,No Pedestrians Involved,Wet,No Unusual Conditions,Daylight,Violation Driver 1,Controls Functioning,Clear,Rear End,Non-Related,Motor Vehicle On Other Roadway,Not Applicable,Not Applicable,North Of,,True,True,89980,MCLAUGHLIN AV,SUNNY CT,37.3404025,-121.861224
9790,690707,CR-0000096844,0,0,0,0,23-009-0705,False,False,387,1/9/2023 6:00:00 PM,No Pedestrians Involved,Wet,No Unusual Conditions,Dark - Street Light,Violation Driver 1,No Controls Present/Factor,Clear,Rear End,Non-Related,Other Vehicle,Not Applicable,Not Applicable,East Of,,True,False,89980,MCLAUGHLIN AV,SUNNY CT,37.3404025,-121.861224
9791,712249,CR-0000101695,0,0,0,0,23-317-9708,False,True,51,11/9/2023 6:10:00 PM,No Pedestrians Involved,Dry,No Unusual Conditions,Dark - Street Light,Unknown,Controls Functioning,Other,Sideswipe,Non-Related,Other Vehicle,Not Applicable,Not Applicable,North Of,,False,False,89980,MCLAUGHLIN AV,SUNNY CT,37.3404025,-121.861224
9792,685362,CR-0000094088,0,0,0,0,22-227-1078,False,False,87,8/15/2022 11:45:00 PM,No Pedestrians Involved,Dry,No Unusual Conditions,Dark - Street Light,Violation Driver 1,No Controls Present/Factor,Clear,Sideswipe,Non-Related,Parked Vehicle,Not Applicable,Not Applicable,East Of,,True,True,109120,SILER LN,SUNNY CT,37.34215252,-121.8584562
9793,694789,CR-0000098827,1,0,0,0,23-226-0168,False,False,45,8/14/2023 5:58:00 AM,No Pedestrians Involved,Dry,No Unusual Conditions,Daylight,Violation Driver 1,No Controls Present/Factor,Clear,Rear End,Related,Other Vehicle,Not Applicable,Not Applicable,North Of,,True,False,68034,GRANDIN MILLER SC,KING RD,37.33744852,-121.8407282
9794,689297,CR-0000095257,0,0,0,0,22-309-0115,False,False,175,11/5/2022 12:00:00 AM,No Pedestrians Involved,Wet,No Unusual Conditions,Dark - Street Light,Violation Driver 1,No Controls Present/Factor,Cloudy,Hit Object,Non-Related,Fixed Object,Not Applicable,Not Applicable,West Of,Rail Road Signal,False,True,116511,HARRISON ST,VIRGINIA ST,37.32021714,-121.8988112
9795,682505,CR-0000092072,0,0,0,0,22-093-0548,False,False,138,4/3/2022 3:35:00 PM,No Pedestrians Involved,Dry,No Unusual Conditions,Daylight,Violation Driver 1,No Controls Present/Factor,Clear,Rear End,Non-Related,Other Vehicle,Not Applicable,Not Applicable,East Of,,False,True,116511,HARRISON ST,VIRGINIA ST,37.32021714,-121.8988112
9796,716065,CR-0000102029,1,0,0,0,24-013-0007,False,False,0,1/13/2024 1:58:00 AM,No Pedestrians Involved,Dry,No Unusual Conditions,Dark - Street Light,Violation Driver 1,No Controls Present/Factor,Clear,Sideswipe,Intersection,Other Vehicle,Not Applicable,Not Applicable,At,,True,False,54900,EIGHTH ST,SAN SALVADOR ST,37.33354531,-121.8785614
9797,722504,CR-0000103798,0,0,0,0,24-106-4004,False,True,51,4/15/2024 11:00:00 AM,No Pedestrians Involved,Unknown,Unknown,Unknown,Unknown,Unknown,Unknown,Rear End,Non-Related,Parked Vehicle,Not Applicable,Not Applicable,South Of,,False,False,54900,EIGHTH ST,SAN SALVADOR ST,37.33354531,-121.8785614
9798,681471,CR-0000090861,0,0,0,0,22-033-9712,False,True,51,2/1/2022 4:45:00 PM,No Pedestrians Involved,Dry,No Unusual Conditions,Daylight,Unknown,Unknown,Clear,Sideswipe,Non-Related,Other Vehicle,Not Applicable,Not Applicable,South Of,,False,False,105951,SAN ANTONIO ST,THIRTY THIRD ST,37.34797817,-121.8566379
9799,690421,CR-0000096520,0,0,0,0,22-283-4001,False,True,51,10/10/2022 8:00:00 AM,No Pedestrians Involved,Unknown,Unknown,Unknown,Unknown,Unknown,Unknown,Other,Non-Related,Parked Vehicle,Not Applicable,Not Applicable,South Of,,False,True,105951,SAN ANTONIO ST,THIRTY THIRD ST,37.34797817,-121.8566379
9800,722367,CR-0000103661,1,0,0,0,24-092-0812,False,False,0,4/1/2024 8:12:00 PM,No Pedestrians Involved,Unknown,Unknown,Dark - Street Light,Violation Driver 1,Unknown,Clear,Broadside,Intersection,Other Vehicle,Not Applicable,Not Applicable,At,,False,True,105951,SAN ANTONIO ST,THIRTY THIRD ST,37.34797817,-121.8566379
9801,712049,CR-0000101237,0,0,0,0,23-330-0067,False,False,33,11/26/2023 1:10:00 AM,No Pedestrians Involved,Dry,No Unusual Conditions,Dark - Street Light,Unknown,Unknown,Clear,Sideswipe,Related,Parked Vehicle,Not Applicable,Not Applicable,West Of,,False,True,105951,SAN ANTONIO ST,THIRTY THIRD ST,37.34797817,-121.8566379
9802,681280,CR-0000090666,0,0,0,0,22-009-0440,True,False,0,1/9/2022 2:16:00 PM,No Pedestrians Involved,Dry,No Unusual Conditions,Daylight,Violation Driver 1,Controls Functioning,Clear,Broadside,Intersection,Other Vehicle,Not Applicable,Not Applicable,At,PD EMERGENCY PATROL VEHICLE,False,False,6060,ALUM ROCK AV,MCCREERY AV,37.35459797,-121.8517537
9803,681688,CR-0000091086,1,0,0,0,22-059-0981,False,False,0,2/28/2022 12:00:00 PM,No Pedestrians Involved,Dry,No Unusual Conditions,Daylight,Violation Driver 1,Controls Functioning,Clear,Sideswipe,Intersection,Other Vehicle,Not Applicable,Not Applicable,At,,True,False,6060,ALUM ROCK AV,MCCREERY AV,37.35459797,-121.8517537
9804,685336,CR-0000094062,0,0,0,0,22-267-0494,False,False,40,9/24/2022 1:22:00 PM,No Pedestrians Involved,Dry,No Unusual Conditions,Daylight,Violation Driver 1,Controls Functioning,Clear,Rear End,Related,Other Vehicle,Not Applicable,Not Applicable,East Of,,False,True,6060,ALUM ROCK AV,MCCREERY AV,37.35459797,-121.8517537
9805,683037,CR-0000092613,0,0,0,0,22-163-0505,False,False,300,6/12/2022 2:01:00 PM,No Pedestrians Involved,Dry,No Unusual Conditions,Daylight,Violation Driver 1,Controls Functioning,Clear,Rear End,Non-Related,Other Vehicle,Not Applicable,Not Applicable,West Of,,True,True,6060,ALUM ROCK AV,MCCREERY AV,37.35459797,-121.8517537
9806,690257,CR-0000096348,0,0,0,0,22-255-4005,False,True,51,9/10/2022 6:00:00 PM,No Pedestrians Involved,Unknown,Unknown,Unknown,Unknown,Unknown,Unknown,Broadside,Non-Related,Other Vehicle,Not Applicable,Not Applicable,South Of,,False,False,6060,ALUM ROCK AV,MCCREERY AV,37.35459797,-121.8517537
9807,689626,CR-0000095607,0,0,0,0,22-364-0969,False,False,385,12/30/2022 11:27:00 PM,No Pedestrians Involved,Wet,No Unusual Conditions,Dark - Street Light,Violation Driver 1,No Controls Present/Factor,Rain,Rear End,Non-Related,Parked Vehicle,Not Applicable,Not Applicable,East Of,,True,True,6060,ALUM ROCK AV,MCCREERY AV,37.35459797,-121.8517537
9808,691387,CR-0000097636,0,0,0,0,23-063-0419,False,False,45,3/4/2023 3:28:00 PM,No Pedestrians Involved,Wet,No Unusual Conditions,Daylight,Violation Driver 1,No Controls Present/Factor,Rain,Sideswipe,Related,Other Vehicle,Not Applicable,Not Applicable,South Of,,False,True,6060,ALUM ROCK AV,MCCREERY AV,37.35459797,-121.8517537
9809,699044,CR-0000100350,2,1,0,0,23-185-0678,False,False,0,7/4/2023 8:00:00 PM,No Pedestrians Involved,Dry,No Unusual Conditions,Daylight,Violation Driver 1,Controls Functioning,Clear,Sideswipe,Intersection,Motor Vehicle On Other Roadway,Not Applicable,Not Applicable,West Of,,False,True,6060,ALUM ROCK AV,MCCREERY AV,37.35459797,-121.8517537