_id,CrashFactId,Name,MinorInjuries,ModerateInjuries,SevereInjuries,FatalInjuries,TcrNumber,CityDamageFlag,ShortFormFlag,Distance,CrashDateTime,PedestrianAction,RoadwaySurface,RoadwayCondition,Lighting,PrimaryCollisionFactor,TrafficControl,Weather,CollisionType,ProximityToIntersection,VehicleInvolvedWith,PedestrianDirectionFrom,PedestrianDirectionTo,DirectionFromIntersection,Comment,SpeedingFlag,HitAndRunFlag,IntersectionNumber,AStreetName,BStreetName,Latitude,Longitude
9810,715859,CR-0000101890,0,0,1,0,23-322-0269,False,False,61,11/28/2023 10:06:00 AM,No Pedestrians Involved,Unknown,No Unusual Conditions,Daylight,Bike At Fault,Controls Functioning,Clear,Vehicle/Bike,Non-Related,Bike,Not Applicable,Not Applicable,West Of,E.BIKE,False,False,6060,ALUM ROCK AV,MCCREERY AV,37.35459797,-121.8517537
9811,719511,CR-0000102631,0,1,0,0,24-072-0967,False,False,63,3/12/2024 10:50:00 PM,No Pedestrians Involved,Dry,No Unusual Conditions,Dark - Street Light,Violation Driver 1,No Controls Present/Factor,Clear,Rear End,Non-Related,Parked Vehicle,Not Applicable,Not Applicable,East Of,,True,True,6060,ALUM ROCK AV,MCCREERY AV,37.35459797,-121.8517537
9812,683392,CR-0000092985,0,0,0,0,22-179-0965,False,False,90,6/28/2022 10:52:00 PM,No Pedestrians Involved,Dry,No Unusual Conditions,Dark - Street Light,Violation Driver 1,No Controls Present/Factor,Clear,Rear End,Non-Related,Parked Vehicle,Not Applicable,Not Applicable,East Of,,False,False,62248,FOREST AV,WABASH AV,37.32694317,-121.9270938
9813,715914,CR-0000101903,0,0,0,0,23-322-0364,False,False,24,11/18/2023 10:46:00 AM,No Pedestrians Involved,Wet,No Unusual Conditions,Daylight,Violation Driver 1,Controls Functioning,Clear,Sideswipe,Related,Other Vehicle,Not Applicable,Not Applicable,East Of,,True,True,62248,FOREST AV,WABASH AV,37.32694317,-121.9270938
9814,711727,CR-0000101414,0,0,0,0,23-335-0906,False,False,210,12/1/2023 8:57:00 PM,No Pedestrians Involved,Dry,No Unusual Conditions,Dark - Street Light,Violation Driver 1,Unknown,Clear,Rear End,Non-Related,Parked Vehicle,Not Applicable,Not Applicable,West Of,,False,False,113288,WAR ADMIRAL AV,WAR ADMIRAL WY,37.26937517,-121.8059005
9815,695997,CR-0000099132,0,0,0,0,23-226-4003,False,True,51,8/14/2023 1:00:00 AM,No Pedestrians Involved,Unknown,Unknown,Unknown,Unknown,Unknown,Unknown,Sideswipe,Non-Related,Parked Vehicle,Not Applicable,Not Applicable,North Of,,False,False,51908,DORRANCE DR,SYCAMORE GLEN,37.28552917,-121.9112457
9816,689471,CR-0000095448,1,0,0,0,22-334-0606,False,False,0,11/30/2022 4:43:00 PM,No Pedestrians Involved,Dry,No Unusual Conditions,Daylight,Violation Driver 1,Controls Functioning,Clear,Broadside,Intersection,Other Vehicle,Not Applicable,Not Applicable,At,,False,False,36860,CHARLES ST,OAKLAND RD,37.36739009,-121.892154
9817,717495,CR-0000102537,1,0,0,0,24-061-0629,False,False,279,3/1/2024 5:46:00 PM,No Pedestrians Involved,Wet,No Unusual Conditions,Dusk - Dawn,Violation Driver 1,No Controls Present/Factor,Rain,Rear End,Non-Related,Other Vehicle,Not Applicable,Not Applicable,South Of,,False,False,36860,CHARLES ST,OAKLAND RD,37.36739009,-121.892154
9818,722156,CR-0000103422,0,0,0,0,24-074-0659,False,False,0,3/14/2024 3:42:00 PM,No Pedestrians Involved,Dry,Unknown,Daylight,Violation Driver 1,Unknown,Wind,Broadside,Intersection,Other Vehicle,Not Applicable,Not Applicable,At,,False,True,36860,CHARLES ST,OAKLAND RD,37.36739009,-121.892154
9819,689492,CR-0000095469,0,0,0,0,22-346-0072,False,False,0,12/12/2022 2:26:00 AM,No Pedestrians Involved,Wet,No Unusual Conditions,Dark - Street Light,Violation Driver 1,No Controls Present/Factor,Rain,Sideswipe,Intersection,Other Vehicle,Not Applicable,Not Applicable,At,,False,True,91948,MISSION ST,THIRTEENTH ST,37.35714316,-121.8893404
9820,694779,CR-0000098816,0,0,1,0,23-213-0245,False,False,0,8/1/2023 8:30:00 AM,No Pedestrians Involved,Dry,No Unusual Conditions,Daylight,Violation Driver 1,No Controls Present/Factor,Clear,Sideswipe,Intersection,Other Vehicle,Not Applicable,Not Applicable,At,,False,False,91948,MISSION ST,THIRTEENTH ST,37.35714316,-121.8893404
9821,698835,CR-0000100118,1,0,0,0,23-355-0687,False,False,0,12/21/2023 5:32:00 PM,No Pedestrians Involved,Dry,No Unusual Conditions,Dark - Street Light,Violation Driver 1,Controls Functioning,Clear,Broadside,Intersection,Other Vehicle,Not Applicable,Not Applicable,At,,False,False,91948,MISSION ST,THIRTEENTH ST,37.35714316,-121.8893404
9822,694363,CR-0000098307,1,0,0,0,23-162-0574,False,False,0,6/11/2023 4:52:00 PM,No Pedestrians Involved,Dry,No Unusual Conditions,Daylight,Violation Driver 1,No Controls Present/Factor,Clear,Broadside,Intersection,Other Vehicle,Not Applicable,Not Applicable,At,,False,False,62732,FOURTEENTH ST,MISSION ST,37.35758772,-121.8884083
9823,694753,CR-0000098791,1,0,0,0,23-243-0726,False,False,375,8/31/2023 5:05:00 PM,No Pedestrians Involved,Dry,No Unusual Conditions,Daylight,Violation Driver 1,No Controls Present/Factor,Cloudy,Broadside,Non-Related,Other Vehicle,Not Applicable,Not Applicable,South Of,,True,False,59652,FIFTEENTH ST,MISSION ST,37.35803264,-121.8874739
9824,695964,CR-0000099097,0,0,0,0,23-213-1008,False,False,93,8/1/2023 10:20:00 PM,No Pedestrians Involved,Dry,No Unusual Conditions,Dark - Street Light,Violation Driver 1,Controls Functioning,Clear,Head On,Non-Related,Parked Vehicle,Not Applicable,Not Applicable,East Of,,True,True,22934,BOYSEA DR,ROBB DR,37.26059496,-121.8887489
9825,699298,CR-0000100623,0,0,0,0,23-181-4000,False,True,51,6/25/2023 10:00:00 PM,No Pedestrians Involved,Unknown,Unknown,Unknown,Unknown,Unknown,Unknown,Other,Non-Related,Parked Vehicle,Not Applicable,Not Applicable,East Of,,False,False,114674,CREEKFIELD DR,SUMMERCREEK DR,37.27952597,-121.8677878
9826,720849,CR-0000103052,0,0,0,0,24-043-0145,False,False,77,2/12/2024 7:00:00 AM,No Pedestrians Involved,Dry,Reduced Roadway Width,Dusk - Dawn,Violation Driver 1,No Controls Present/Factor,Fog,Sideswipe,Non-Related,Other Vehicle,Not Applicable,Not Applicable,South Of,,False,False,102673,RACE ST,SINCLAIR FR,37.31562196,-121.9109574
9827,689381,CR-0000095365,1,0,0,0,22-325-0705,False,False,527,11/21/2022 6:00:00 PM,Crossing - Not In Crosswalk,Dry,No Unusual Conditions,Dark - Street Light,Pedestrian At Fault,Controls Functioning,Clear,Vehicle/Pedestrian,Non-Related,Pedestrian,North,South,East Of,PED,False,True,4388,ALMADEN AV/BL,REED ST,37.32521539,-121.8870189
9828,688822,CR-0000094677,1,0,0,0,22-290-0027,False,False,232,10/17/2022 12:30:00 AM,No Pedestrians Involved,Dry,No Unusual Conditions,Dark - Street Light,Violation Driver 1,Controls Functioning,Clear,Sideswipe,Non-Related,Parked Vehicle,Not Applicable,Not Applicable,East Of,,False,False,4388,ALMADEN AV/BL,REED ST,37.32521539,-121.8870189
9829,688721,CR-0000094546,0,0,0,0,22-193-4003,False,True,51,7/12/2022 4:30:00 PM,No Pedestrians Involved,Unknown,Unknown,Daylight,Unknown,Unknown,Unknown,Broadside,Non-Related,Other Vehicle,Not Applicable,Not Applicable,East Of,,False,False,4388,ALMADEN AV/BL,REED ST,37.32521539,-121.8870189
9830,685149,CR-0000093823,1,2,2,0,22-221-0671,True,False,34,8/9/2022 4:03:00 PM,Not In Road,Dry,No Unusual Conditions,Daylight,Violation Driver 1,Controls Functioning,Clear,Vehicle/Pedestrian,Related,Pedestrian,Unknown,Unknown,West Of,PEDESTRIAN/LIGHT POLE,False,False,4388,ALMADEN AV/BL,REED ST,37.32521539,-121.8870189
9831,681398,CR-0000090788,0,0,0,0,22-023-0254,False,False,45,1/23/2022 4:00:00 AM,No Pedestrians Involved,Dry,No Unusual Conditions,Daylight,Violation Driver 1,Controls Functioning,Clear,Sideswipe,Related,Parked Vehicle,Not Applicable,Not Applicable,East Of,,True,False,4388,ALMADEN AV/BL,REED ST,37.32521539,-121.8870189
9832,682603,CR-0000092170,0,0,0,0,22-121-0004,True,False,0,5/1/2022 12:08:00 AM,No Pedestrians Involved,Dry,No Unusual Conditions,Dark - Street Light,Violation Driver 1,Controls Functioning,Clear,Head On,Intersection,Fixed Object,Not Applicable,Not Applicable,At,Signal Pole,False,False,4388,ALMADEN AV/BL,REED ST,37.32521539,-121.8870189
9833,696174,CR-0000099317,1,0,0,0,23-133-0662,False,False,200,5/13/2023 12:00:00 AM,No Pedestrians Involved,Dry,No Unusual Conditions,Daylight,Violation Driver 1,No Controls Present/Factor,Clear,Broadside,Non-Related,Other Vehicle,Not Applicable,Not Applicable,East Of,,False,False,4388,ALMADEN AV/BL,REED ST,37.32521539,-121.8870189
9834,711612,CR-0000101347,0,0,0,0,23-251-0121,True,False,63,9/8/2023 6:54:00 AM,No Pedestrians Involved,Dry,No Unusual Conditions,Dark - Street Light,Violation Driver 1,Controls Functioning,Clear,Hit Object,Non-Related,Fixed Object,Not Applicable,Not Applicable,West Of,SIGN,True,False,4388,ALMADEN AV/BL,REED ST,37.32521539,-121.8870189
9835,715981,CR-0000101990,1,0,0,0,24-006-0190,False,False,16,1/6/2024 7:47:00 AM,No Pedestrians Involved,Dry,No Unusual Conditions,Daylight,Violation Driver 1,Controls Functioning,Clear,Broadside,Related,Other Vehicle,Not Applicable,Not Applicable,East Of,,False,True,4388,ALMADEN AV/BL,REED ST,37.32521539,-121.8870189
9836,722284,CR-0000103578,0,0,0,0,24-086-4004,False,True,51,3/25/2024 10:30:00 PM,No Pedestrians Involved,Unknown,Unknown,Unknown,Unknown,Unknown,Unknown,Other,Non-Related,Parked Vehicle,Not Applicable,Not Applicable,East Of,,False,False,4388,ALMADEN AV/BL,REED ST,37.32521539,-121.8870189
9837,685163,CR-0000093838,0,0,0,0,22-238-0007,True,False,45,8/26/2022 12:13:00 AM,No Pedestrians Involved,Dry,No Unusual Conditions,Dark - Street Light,Violation Driver 1,Controls Functioning,Clear,Hit Object,Related,Fixed Object,Not Applicable,Not Applicable,North Of,LIGHT POLE,True,True,60268,FIRST ST,HOLLYWOOD AV,37.31829461,-121.8758154
9838,689432,CR-0000095406,0,0,0,0,22-331-0762,False,False,71,11/27/2022 8:56:00 PM,No Pedestrians Involved,Dry,No Unusual Conditions,Dark - Street Light,Violation Driver 1,No Controls Present/Factor,Clear,Sideswipe,Non-Related,Parked Vehicle,Not Applicable,Not Applicable,East Of,,True,True,60268,FIRST ST,HOLLYWOOD AV,37.31829461,-121.8758154
9839,699045,CR-0000100351,0,2,0,0,23-184-1089,True,False,0,7/3/2023 11:39:00 PM,No Pedestrians Involved,Dry,No Unusual Conditions,Dark - Street Light,Violation Driver 1,Controls Functioning,Clear,Hit Object,Intersection,Fixed Object,Not Applicable,Not Applicable,At,,False,False,60268,FIRST ST,HOLLYWOOD AV,37.31829461,-121.8758154
9840,719697,CR-0000102869,0,0,0,0,24-012-9709,False,True,51,1/12/2024 9:00:00 PM,No Pedestrians Involved,Dry,No Unusual Conditions,Dark - Street Light,Unknown,No Controls Present/Factor,Clear,Other,Non-Related,Parked Vehicle,Not Applicable,Not Applicable,West Of,,False,False,74580,HUMBOLDT PL,ROSE PL,37.3203545,-121.8741225
9841,689356,CR-0000095313,0,0,0,0,22-314-0227,False,False,0,11/10/2022 8:30:00 AM,No Pedestrians Involved,Dry,No Unusual Conditions,Daylight,Unknown,Controls Functioning,Clear,Sideswipe,Intersection,Other Vehicle,Not Applicable,Not Applicable,At,,False,False,18754,BIRD AV,SINCLAIR FR (SB),37.32173581,-121.897847
9842,682314,CR-0000091877,1,1,0,0,22-097-0410,False,False,0,4/7/2022 12:15:00 PM,No Pedestrians Involved,Dry,No Unusual Conditions,Daylight,Violation Driver 1,Controls Functioning,Clear,Head On,Intersection,Other Vehicle,Not Applicable,Not Applicable,At,,False,False,18754,BIRD AV,SINCLAIR FR (SB),37.32173581,-121.897847
9843,698726,CR-0000099975,2,0,0,0,23-248-9707,False,True,0,9/4/2023 2:45:00 PM,No Pedestrians Involved,Dry,No Unusual Conditions,Daylight,Unknown,Controls Functioning,Clear,Rear End,Intersection,Other Vehicle,Not Applicable,Not Applicable,At,,False,False,18754,BIRD AV,SINCLAIR FR (SB),37.32173581,-121.897847
9844,696307,CR-0000099463,0,1,0,0,23-286-0295,False,False,0,10/13/2023 10:43:00 AM,No Pedestrians Involved,Dry,No Unusual Conditions,Daylight,Violation Driver 1,Controls Functioning,Clear,Rear End,Intersection,Other Vehicle,Not Applicable,Not Applicable,At,,True,False,18754,BIRD AV,SINCLAIR FR (SB),37.32173581,-121.897847
9845,691105,CR-0000097287,1,0,0,0,23-035-0400,False,False,85,2/4/2023 2:29:00 PM,No Pedestrians Involved,Wet,No Unusual Conditions,Daylight,Violation Driver 1,Unknown,Rain,Rear End,Non-Related,Other Vehicle,Not Applicable,Not Applicable,South Of,,True,False,18754,BIRD AV,SINCLAIR FR (SB),37.32173581,-121.897847
9846,712262,CR-0000101717,0,0,0,0,23-017-4003,False,True,51,1/17/2023 9:03:00 AM,No Pedestrians Involved,Unknown,Unknown,Unknown,Unknown,Unknown,Unknown,Rear End,Non-Related,Other Vehicle,Not Applicable,Not Applicable,Unknown,,False,False,90111,MCLAUGHLIN AV,WINSLOW DR,37.3301348,-121.8511055
9847,691087,CR-0000097260,1,0,0,0,23-041-0166,False,False,0,2/10/2023 7:14:00 AM,Crossing In Crosswalk - At Intersection,Dry,No Unusual Conditions,Daylight,Violation Driver 1,Controls Functioning,Clear,Vehicle/Pedestrian,Intersection,Pedestrian,East,West,At,PED,False,True,89836,MCLAUGHLIN AV,PANOCHE AV,37.33072504,-121.8516975
9848,690912,CR-0000097075,1,0,0,0,23-058-0716,False,False,0,2/27/2023 7:05:00 PM,No Pedestrians Involved,Wet,No Unusual Conditions,Dark - No Street Light,Violation Driver 1,No Controls Present/Factor,Rain,Vehicle/Bike,Intersection,Scooter Motorized,Not Applicable,Not Applicable,At,MOTO . SCOOTER,False,False,89836,MCLAUGHLIN AV,PANOCHE AV,37.33072504,-121.8516975
9849,690430,CR-0000096529,4,0,0,0,22-287-9706,False,True,51,10/16/2022 1:00:00 PM,No Pedestrians Involved,Dry,No Unusual Conditions,Daylight,Unknown,No Controls Present/Factor,Clear,Rear End,Non-Related,Other Vehicle,Not Applicable,Not Applicable,East Of,,False,False,89836,MCLAUGHLIN AV,PANOCHE AV,37.33072504,-121.8516975
9850,711806,CR-0000101514,0,0,0,0,23-134-4002,False,True,60,5/13/2023 9:30:00 PM,No Pedestrians Involved,Unknown,Unknown,Unknown,Unknown,Unknown,Unknown,Other,Non-Related,Parked Vehicle,Not Applicable,Not Applicable,West Of,,False,True,17808,BERRYWOOD DR,ROYCE DR,37.35747357,-121.8638722
9851,689650,CR-0000095632,1,1,0,0,22-315-0281,False,False,0,11/11/2022 12:20:00 PM,No Pedestrians Involved,Dry,Unknown,Daylight,Violation Driver 1,Controls Functioning,Clear,Broadside,Intersection,Other Vehicle,Not Applicable,Not Applicable,At,,False,False,55901,ELEVENTH ST,TAYLOR ST,37.35411448,-121.889612
9852,689003,CR-0000094863,0,0,0,0,22-283-0406,False,False,0,10/10/2022 11:48:00 AM,No Pedestrians Involved,Dry,No Unusual Conditions,Daylight,Violation Driver 1,Controls Functioning,Clear,Broadside,Intersection,Other Vehicle,Not Applicable,Not Applicable,At,,False,True,55901,ELEVENTH ST,TAYLOR ST,37.35411448,-121.889612
9853,689870,CR-0000095896,0,0,0,0,22-363-0658,False,False,55,12/29/2022 5:51:00 PM,No Pedestrians Involved,Wet,No Unusual Conditions,Dark - Street Light,Violation Driver 1,Controls Functioning,Rain,Rear End,Non-Related,Parked Vehicle,Not Applicable,Not Applicable,East Of,,False,True,55901,ELEVENTH ST,TAYLOR ST,37.35411448,-121.889612
9854,694333,CR-0000098277,0,1,0,0,23-171-0729,False,False,0,6/20/2023 5:11:00 PM,No Pedestrians Involved,Dry,No Unusual Conditions,Daylight,Violation Driver 1,No Controls Present/Factor,Clear,Broadside,Intersection,Other Vehicle,Not Applicable,Not Applicable,At,,False,False,55901,ELEVENTH ST,TAYLOR ST,37.35411448,-121.889612
9855,711807,CR-0000101106,0,0,0,0,23-140-0859,True,False,0,5/20/2023 8:35:00 PM,No Pedestrians Involved,Dry,No Unusual Conditions,Dark - Street Light,Violation Driver 1,Controls Functioning,Clear,Broadside,Intersection,Other Vehicle,Not Applicable,Not Applicable,At,BUS METAL RAILING,False,False,55901,ELEVENTH ST,TAYLOR ST,37.35411448,-121.889612
9856,711660,CR-0000101233,0,0,0,0,23-332-0234,False,False,0,11/28/2023 9:27:00 AM,No Pedestrians Involved,Dry,No Unusual Conditions,Daylight,Violation Driver 1,Controls Functioning,Clear,Broadside,Intersection,Other Vehicle,Not Applicable,Not Applicable,At,,False,False,55901,ELEVENTH ST,TAYLOR ST,37.35411448,-121.889612
9857,722125,CR-0000103390,0,0,0,0,24-070-4007,False,True,51,3/10/2024 12:40:00 PM,No Pedestrians Involved,Unknown,Unknown,Unknown,Unknown,Unknown,Unknown,Sideswipe,Non-Related,Parked Vehicle,Not Applicable,Not Applicable,North Of,,False,False,55901,ELEVENTH ST,TAYLOR ST,37.35411448,-121.889612
9858,683199,CR-0000092792,0,0,0,0,22-102-4005,False,True,51,4/12/2022 1:50:00 PM,No Pedestrians Involved,Unknown,Unknown,Daylight,Unknown,Unknown,Unknown,Other,Non-Related,Parked Vehicle,Not Applicable,Not Applicable,North Of,,False,False,111572,TAYLOR ST,TWELFTH ST,37.35456151,-121.8886785
9859,699405,CR-0000100737,0,0,0,0,23-194-0162,False,False,80,7/13/2023 6:36:00 AM,No Pedestrians Involved,Dry,No Unusual Conditions,Daylight,Violation Driver 1,Controls Functioning,Clear,Sideswipe,Non-Related,Parked Vehicle,Not Applicable,Not Applicable,East Of,,False,False,111572,TAYLOR ST,TWELFTH ST,37.35456151,-121.8886785
9860,716109,CR-0000102050,1,0,0,0,24-017-0850,False,False,,1/17/2024 8:51:00 PM,No Pedestrians Involved,Dry,No Unusual Conditions,Dark - Street Light,Violation Driver 1,No Controls Present/Factor,Clear,Head On,Related,Other Vehicle,Not Applicable,Not Applicable,West Of,,False,False,111539,TAYLOR ST,TAYLOR ST,37.33767092,-121.917636
9861,696195,CR-0000099339,2,0,0,0,23-115-0126,False,False,0,4/25/2023 7:07:00 AM,No Pedestrians Involved,Dry,No Unusual Conditions,Daylight,Violation Driver 1,Controls Functioning,Clear,Overturned,Intersection,Other Vehicle,Not Applicable,Not Applicable,At,,False,True,99087,PARKMOOR AV,RACE ST,37.31657865,-121.910961
9862,682970,CR-0000092510,0,0,0,0,22-159-0425,False,False,0,6/8/2022 12:17:00 PM,No Pedestrians Involved,Dry,No Unusual Conditions,Daylight,Violation Driver 1,No Controls Present/Factor,Clear,Broadside,Intersection,Other Vehicle,Not Applicable,Not Applicable,At,,False,True,56737,EMORY ST,PARK AV,37.33519851,-121.9255483
9863,689052,CR-0000094890,1,0,0,0,22-293-0702,False,False,0,10/20/2022 5:15:00 PM,No Pedestrians Involved,Dry,No Unusual Conditions,Daylight,Violation Driver 1,Unknown,Clear,Broadside,Intersection,Other Vehicle,Not Applicable,Not Applicable,At,,False,False,56737,EMORY ST,PARK AV,37.33519851,-121.9255483
9864,696105,CR-0000099243,1,0,0,0,23-234-0673,False,False,0,8/22/2023 5:31:00 PM,No Pedestrians Involved,Dry,No Unusual Conditions,Daylight,Violation Driver 1,Controls Functioning,Clear,Broadside,Intersection,Other Vehicle,Not Applicable,Not Applicable,At,,False,False,56737,EMORY ST,PARK AV,37.33519851,-121.9255483
9865,717488,CR-0000102530,2,0,0,0,24-086-0650,False,False,0,3/26/2024 5:41:00 PM,No Pedestrians Involved,Dry,No Unusual Conditions,Daylight,Violation Driver 1,Controls Functioning,Clear,Rear End,Intersection,Other Vehicle,Not Applicable,Not Applicable,At,,False,False,56737,EMORY ST,PARK AV,37.33519851,-121.9255483
9866,685200,CR-0000093878,0,1,0,0,22-142-0775,True,False,170,5/22/2022 7:24:00 PM,No Pedestrians Involved,Dry,No Unusual Conditions,Daylight,Violation Driver 1,Controls Functioning,Clear,Hit Object,Non-Related,Fixed Object,Not Applicable,Not Applicable,East Of,Tree and Parking Sign,True,False,36706,CHAPMAN ST,NAGLEE AV,37.33505682,-121.922613
9867,711567,CR-0000101418,0,0,0,0,23-346-0614,False,False,54,12/12/2023 3:39:00 PM,No Pedestrians Involved,Dry,Other,Daylight,Violation Driver 1,Unknown,Clear,Rear End,Non-Related,Other Vehicle,Not Applicable,Not Applicable,South Of,,True,False,36706,CHAPMAN ST,NAGLEE AV,37.33505682,-121.922613
9868,689619,CR-0000095600,0,1,0,0,22-149-0527,False,False,0,5/29/2022 1:00:00 PM,No Pedestrians Involved,Dry,No Unusual Conditions,Daylight,Unknown,No Controls Present/Factor,Clear,Vehicle/Bike,Intersection,Bike,Not Applicable,Not Applicable,At,,False,True,107865,SCOTT ST,WILLARD AV,37.31967808,-121.9171536
9869,685225,CR-0000093904,0,0,0,0,22-270-0272,False,False,112,9/27/2022 9:12:00 AM,No Pedestrians Involved,Dry,Unknown,Daylight,Violation Driver 1,Unknown,Clear,Rear End,Non-Related,Parked Vehicle,Not Applicable,Not Applicable,North Of,,False,False,107865,SCOTT ST,WILLARD AV,37.31967808,-121.9171536
9870,682553,CR-0000092120,0,1,0,0,22-130-0605,False,False,160,5/10/2022 3:45:00 PM,No Pedestrians Involved,Dry,No Unusual Conditions,Daylight,Bike At Fault,No Controls Present/Factor,Clear,Vehicle/Bike,Non-Related,Scooter Motorized,Not Applicable,Not Applicable,West Of,BIKE (MOTOR SCOOTER),False,False,93488,MORSE ST,NAGLEE AV,37.33647034,-121.920777
9871,694551,CR-0000098545,0,2,0,0,23-198-0551,False,False,66,7/17/2023 3:11:00 PM,In Road - Includes Shoulder,Dry,No Unusual Conditions,Daylight,Bike At Fault,Controls Functioning,Clear,Vehicle/Pedestrian,Non-Related,Pedestrian,South,North,West Of,BIKE/PED,False,False,93488,MORSE ST,NAGLEE AV,37.33647034,-121.920777
9872,690688,CR-0000096823,2,0,0,0,23-017-0232,False,False,237,1/17/2023 9:59:00 AM,No Pedestrians Involved,Dry,Unknown,Daylight,Violation Driver 1,No Controls Present/Factor,Clear,Head On,Non-Related,Other Vehicle,Not Applicable,Not Applicable,East Of,,False,False,93488,MORSE ST,NAGLEE AV,37.33647034,-121.920777
9873,719752,CR-0000102925,2,0,0,0,24-020-0597,False,False,0,1/20/2024 5:45:00 PM,No Pedestrians Involved,Wet,No Unusual Conditions,Dark - Street Light,Violation Driver 1,Controls Functioning,Rain,Head On,Intersection,Other Vehicle,Not Applicable,Not Applicable,At,,False,False,23760,BRANHAM LN,KINGSPARK DR,37.26599477,-121.8410295
9874,684874,CR-0000093534,1,0,0,0,22-198-0384,False,False,0,7/17/2022 11:00:00 AM,In Road - Includes Shoulder,Dry,No Unusual Conditions,Daylight,Violation Driver 1,No Controls Present/Factor,Clear,Vehicle/Pedestrian,Intersection,Pedestrian,West,East,At,PED,False,False,39050,CHYNOWETH AV,GERINE BLOSSOM DR,37.25899991,-121.8120941
9875,689235,CR-0000095196,1,1,0,0,22-298-0233,True,False,87,10/25/2022 8:34:00 AM,No Pedestrians Involved,Dry,No Unusual Conditions,Daylight,Violation Driver 1,Controls Functioning,Clear,Broadside,Non-Related,Other Vehicle,Not Applicable,Not Applicable,East Of,TREE,False,False,102288,PURPLE HILLS DR,SANTA TERESA BL,37.23630307,-121.7928186
9876,699121,CR-0000100437,0,0,0,0,23-153-0376,False,False,70,6/2/2023 11:46:00 AM,No Pedestrians Involved,Dry,No Unusual Conditions,Daylight,Violation Driver 1,Controls Functioning,Clear,Head On,Non-Related,Parked Vehicle,Not Applicable,Not Applicable,East Of,,True,True,106017,SAN ANTONIO ST,TWENTY SECOND ST,37.34296837,-121.8665547
9877,689418,CR-0000095383,1,0,0,0,22-318-0736,False,False,0,11/14/2022 6:07:00 PM,No Pedestrians Involved,Dry,No Unusual Conditions,Dark - Street Light,Violation Driver 1,Unknown,Clear,Rear End,Intersection,Other Vehicle,Not Applicable,Not Applicable,At,,True,False,71664,HEDDING ST,TWELFTH ST,37.35885019,-121.891872
9878,683185,CR-0000092756,0,0,0,0,22-041-4005,False,True,0,2/10/2022 4:30:00 PM,No Pedestrians Involved,Unknown,Unknown,Daylight,Unknown,Unknown,Unknown,Rear End,Intersection,Other Vehicle,Not Applicable,Not Applicable,At,,False,False,71664,HEDDING ST,TWELFTH ST,37.35885019,-121.891872
9879,694658,CR-0000098691,1,2,0,0,23-235-0544,False,False,115,8/23/2023 2:57:00 PM,No Pedestrians Involved,Dry,No Unusual Conditions,Daylight,Violation Driver 1,No Controls Present/Factor,Clear,Broadside,Non-Related,Other Vehicle,Not Applicable,Not Applicable,East Of,,False,False,71664,HEDDING ST,TWELFTH ST,37.35885019,-121.891872
9880,715826,CR-0000101839,0,1,0,0,23-344-0534,False,False,0,12/10/2023 4:00:00 PM,No Pedestrians Involved,Dry,No Unusual Conditions,Daylight,Violation Driver 1,No Controls Present/Factor,Cloudy,Vehicle/Bike,Intersection,Bike,Not Applicable,Not Applicable,At,BIKE,False,False,71664,HEDDING ST,TWELFTH ST,37.35885019,-121.891872
9881,694225,CR-0000098168,2,0,0,0,23-151-0907,False,False,0,5/31/2023 11:00:00 PM,No Pedestrians Involved,Dry,No Unusual Conditions,Dark - Street Light,Violation Driver 1,Controls Functioning,Clear,Broadside,Intersection,Other Vehicle,Not Applicable,Not Applicable,At,,False,False,130074,FOXWORTHY AV,RUBINO DR,37.27797691,-121.8744729
9882,699424,CR-0000100757,0,1,0,0,23-316-0098,False,False,94,11/12/2023 2:31:00 AM,No Pedestrians Involved,Dry,No Unusual Conditions,Dark - Street Light,Violation Driver 1,No Controls Present/Factor,Clear,Rear End,Non-Related,Other Vehicle,Not Applicable,Not Applicable,East Of,,False,False,130074,FOXWORTHY AV,RUBINO DR,37.27797691,-121.8744729
9883,719646,CR-0000102817,0,0,0,0,24-005-0227,True,False,0,1/5/2024 12:30:00 AM,No Pedestrians Involved,Wet,No Unusual Conditions,Daylight,Violation Driver 1,No Controls Present/Factor,Clear,Hit Object,Intersection,Fixed Object,Not Applicable,Not Applicable,At,TREE,False,True,87075,MAITLAND DR,MICHON DR,37.24632752,-121.9159362
9884,689754,CR-0000095772,1,0,0,0,22-342-0621,False,False,46,12/8/2022 5:05:00 PM,No Pedestrians Involved,Dry,No Unusual Conditions,Dark - Street Light,Violation Driver 1,No Controls Present/Factor,Clear,Sideswipe,Related,Other Vehicle,Not Applicable,Not Applicable,North Of,,False,True,43625,CORTE DE CALLAS,MERIDIAN AV,37.25636842,-121.8990916
9885,681221,CR-0000090606,0,0,0,0,22-004-0850,False,False,100,1/4/2022 7:23:00 PM,No Pedestrians Involved,Dry,No Unusual Conditions,Dark - Street Light,Violation Driver 1,No Controls Present/Factor,Clear,Rear End,Non-Related,Other Vehicle,Not Applicable,Not Applicable,West Of,,False,False,72962,HILLSDALE AV,IRLANDA WY,37.26621055,-121.9099013