_id,CrashFactId,Name,MinorInjuries,ModerateInjuries,SevereInjuries,FatalInjuries,TcrNumber,CityDamageFlag,ShortFormFlag,Distance,CrashDateTime,PedestrianAction,RoadwaySurface,RoadwayCondition,Lighting,PrimaryCollisionFactor,TrafficControl,Weather,CollisionType,ProximityToIntersection,VehicleInvolvedWith,PedestrianDirectionFrom,PedestrianDirectionTo,DirectionFromIntersection,Comment,SpeedingFlag,HitAndRunFlag,IntersectionNumber,AStreetName,BStreetName,Latitude,Longitude
9886,687454,CR-0000094233,0,1,0,0,22-254-0021,False,False,40,9/11/2022 12:13:00 AM,No Pedestrians Involved,Dry,No Unusual Conditions,Dark - Street Light,Violation Driver 1,No Controls Present/Factor,Clear,Head On,Related,Parked Vehicle,Not Applicable,Not Applicable,East Of,,False,False,72962,HILLSDALE AV,IRLANDA WY,37.26621055,-121.9099013
9887,683053,CR-0000092638,0,0,0,0,22-168-0636,False,False,,6/17/2022 5:20:00 PM,No Pedestrians Involved,Dry,No Unusual Conditions,Daylight,Violation Driver 1,Controls Functioning,Clear,Rear End,Related,Other Vehicle,Not Applicable,Not Applicable,East Of,,True,True,79090,KEYES ST,SENTER RD,37.32576871,-121.8656263
9888,689382,CR-0000095354,1,0,0,0,22-333-0763,True,False,51,11/29/2022 6:34:00 PM,No Pedestrians Involved,Dry,No Unusual Conditions,Dark - Street Light,Violation Driver 1,Controls Functioning,Clear,Rear End,Non-Related,Other Vehicle,Not Applicable,Not Applicable,South Of,,True,False,79090,KEYES ST,SENTER RD,37.32576871,-121.8656263
9889,689125,CR-0000094994,1,0,0,0,22-313-0770,False,False,0,11/9/2022 6:45:00 PM,No Pedestrians Involved,Dry,No Unusual Conditions,Dark - Street Light,Violation Driver 1,Controls Functioning,Clear,Rear End,Intersection,Other Vehicle,Not Applicable,Not Applicable,At,,True,False,79090,KEYES ST,SENTER RD,37.32576871,-121.8656263
9890,688861,CR-0000094717,2,1,0,1,22-344-0938,False,False,0,12/10/2022 11:46:00 PM,No Pedestrians Involved,Wet,No Unusual Conditions,Dark - Street Light,Violation Driver 1,Controls Functioning,Rain,Hit Object,Intersection,Fixed Object,Not Applicable,Not Applicable,At,"Curb, Billboard Pole",False,False,79090,KEYES ST,SENTER RD,37.32576871,-121.8656263
9891,681190,CR-0000090572,0,0,1,0,21-365-0847,True,False,0,1/1/2022 12:47:00 AM,No Pedestrians Involved,Dry,No Unusual Conditions,Dark - Street Light,Violation Driver 1,Controls Functioning,Clear,Broadside,Intersection,Other Vehicle,Not Applicable,Not Applicable,At,LIGHT POLE,False,False,79090,KEYES ST,SENTER RD,37.32576871,-121.8656263
9892,681363,CR-0000090750,0,0,0,0,22-016-4002,False,True,0,1/16/2022 1:40:00 PM,No Pedestrians Involved,Unknown,Unknown,Daylight,Unknown,Unknown,Unknown,Sideswipe,Intersection,Other Vehicle,Not Applicable,Not Applicable,At,,False,False,79090,KEYES ST,SENTER RD,37.32576871,-121.8656263
9893,681465,CR-0000090855,0,0,0,0,22-032-0200,False,False,0,2/1/2022 7:47:00 AM,No Pedestrians Involved,Dry,No Unusual Conditions,Daylight,Violation Driver 1,Controls Functioning,Clear,Rear End,Intersection,Other Vehicle,Not Applicable,Not Applicable,At,,True,False,79090,KEYES ST,SENTER RD,37.32576871,-121.8656263
9894,681542,CR-0000090938,0,0,0,0,22-030-0745,False,False,0,1/30/2022 7:59:00 PM,No Pedestrians Involved,Dry,No Unusual Conditions,Dark - Street Light,Violation Driver 1,Controls Functioning,Clear,Head On,Intersection,Other Vehicle,Not Applicable,Not Applicable,At,,False,False,79090,KEYES ST,SENTER RD,37.32576871,-121.8656263
9895,681011,CR-0000090341,1,1,0,0,22-106-0144,False,False,0,4/16/2022 4:15:00 AM,No Pedestrians Involved,Wet,No Unusual Conditions,Dark - Street Light,Violation Driver 1,Controls Functioning,Rain,Hit Object,Intersection,Fixed Object,Not Applicable,Not Applicable,At,Telephone Pole,True,True,79090,KEYES ST,SENTER RD,37.32576871,-121.8656263
9896,690411,CR-0000096504,0,0,0,0,22-281-4003,False,True,50,10/7/2022 5:00:00 PM,No Pedestrians Involved,Unknown,Unknown,Unknown,Unknown,Unknown,Unknown,Rear End,Related,Other Vehicle,Not Applicable,Not Applicable,South Of,,False,False,79090,KEYES ST,SENTER RD,37.32576871,-121.8656263
9897,691299,CR-0000097544,0,0,0,0,23-060-0152,False,False,0,3/1/2023 7:47:00 AM,No Pedestrians Involved,Dry,No Unusual Conditions,Daylight,Violation Driver 1,Controls Functioning,Clear,Sideswipe,Intersection,Other Vehicle,Not Applicable,Not Applicable,At,,False,True,79090,KEYES ST,SENTER RD,37.32576871,-121.8656263
9898,696259,CR-0000099406,1,0,0,0,23-191-0577,False,False,0,7/10/2023 2:30:00 PM,No Pedestrians Involved,Dry,No Unusual Conditions,Daylight,Violation Driver 1,Controls Functioning,Clear,Rear End,Intersection,Other Vehicle,Not Applicable,Not Applicable,At,,True,False,79090,KEYES ST,SENTER RD,37.32576871,-121.8656263
9899,699071,CR-0000100377,0,0,0,0,23-221-4003,False,True,,8/5/2023 5:40:00 PM,No Pedestrians Involved,Unknown,Unknown,Daylight,Unknown,Unknown,Unknown,Other,Related,Other Vehicle,Not Applicable,Not Applicable,Unknown,,False,False,79090,KEYES ST,SENTER RD,37.32576871,-121.8656263
9900,698781,CR-0000100062,0,0,1,0,23-352-0048,False,False,0,12/18/2023 1:19:00 AM,No Pedestrians Involved,Wet,No Unusual Conditions,Dark - Street Light,Violation Driver 1,Controls Functioning,Cloudy,Hit Object,Intersection,Fixed Object,Not Applicable,Not Applicable,At,Telephone Pole,False,False,79090,KEYES ST,SENTER RD,37.32576871,-121.8656263
9901,719665,CR-0000102836,0,0,0,0,24-007-0525,False,False,0,1/7/2024 5:14:00 PM,No Pedestrians Involved,Dry,No Unusual Conditions,Daylight,Violation Driver 1,Controls Functioning,Clear,Rear End,Intersection,Other Vehicle,Not Applicable,Not Applicable,At,,True,True,79090,KEYES ST,SENTER RD,37.32576871,-121.8656263
9902,711868,CR-0000101116,0,0,0,0,23-284-9701,False,True,0,10/4/2023 3:40:00 PM,No Pedestrians Involved,Dry,No Unusual Conditions,Daylight,Unknown,Unknown,Clear,Rear End,Intersection,Other Vehicle,Not Applicable,Not Applicable,At,,False,False,79090,KEYES ST,SENTER RD,37.32576871,-121.8656263
9903,684709,CR-0000093338,0,0,0,0,22-180-9709,False,True,0,6/29/2022 3:00:00 PM,No Pedestrians Involved,Dry,No Unusual Conditions,Daylight,Unknown,Controls Functioning,Clear,Broadside,Intersection,Other Vehicle,Not Applicable,Not Applicable,At,,False,False,88395,MARTHA ST,THIRD ST,37.32362044,-121.8783691
9904,698953,CR-0000100255,1,0,0,0,23-307-0420,False,False,27,11/3/2023 12:39:00 PM,No Pedestrians Involved,Dry,No Unusual Conditions,Daylight,Violation Driver 1,No Controls Present/Factor,Clear,Vehicle/Bike,Related,Bike,Not Applicable,Not Applicable,North Of,BIKE,False,False,88395,MARTHA ST,THIRD ST,37.32362044,-121.8783691
9905,681798,CR-0000091207,0,0,1,0,22-077-0030,False,False,81,3/18/2022 12:29:00 AM,In Road - Includes Shoulder,Dry,No Unusual Conditions,Dark - Street Light,Violation Driver 1,Controls Functioning,Cloudy,Vehicle/Pedestrian,Non-Related,Pedestrian,Unknown,Unknown,South Of,PEDESTRIAN,True,False,60598,FIRST ST,SANTA CLARA ST,37.33616754,-121.8905658
9906,681277,CR-0000090663,0,0,0,0,22-008-9703,False,True,0,1/8/2022 2:21:00 AM,No Pedestrians Involved,Dry,No Unusual Conditions,Dark - Street Light,Unknown,Controls Functioning,Clear,Sideswipe,Intersection,Other Vehicle,Not Applicable,Not Applicable,At,,False,False,60598,FIRST ST,SANTA CLARA ST,37.33616754,-121.8905658
9907,682327,CR-0000091890,0,0,0,0,22-098-0677,False,False,51,4/8/2022 5:22:00 PM,No Pedestrians Involved,Dry,No Unusual Conditions,Daylight,Violation Driver 1,Controls Functioning,Clear,Broadside,Non-Related,Other Vehicle,Not Applicable,Not Applicable,West Of,,False,False,60598,FIRST ST,SANTA CLARA ST,37.33616754,-121.8905658
9908,699323,CR-0000100650,0,0,0,0,23-167-9701,False,True,0,6/5/2023 7:00:00 PM,No Pedestrians Involved,Dry,No Unusual Conditions,Daylight,Unknown,Unknown,Clear,Rear End,Intersection,Other Vehicle,Not Applicable,Not Applicable,At,,False,False,60598,FIRST ST,SANTA CLARA ST,37.33616754,-121.8905658
9909,696443,CR-0000099620,0,0,0,0,23-112-0385,False,False,108,4/22/2023 8:45:00 AM,No Pedestrians Involved,Dry,No Unusual Conditions,Daylight,Violation Driver 1,Controls Functioning,Clear,Sideswipe,Non-Related,Parked Vehicle,Not Applicable,Not Applicable,West Of,,False,True,60598,FIRST ST,SANTA CLARA ST,37.33616754,-121.8905658
9910,694800,CR-0000098838,0,1,0,0,23-230-0363,False,False,0,8/18/2023 11:25:00 AM,No Pedestrians Involved,Dry,No Unusual Conditions,Daylight,Violation Driver 1,Controls Functioning,Clear,Vehicle/Bike,Intersection,Scooter Motorized,Not Applicable,Not Applicable,At,E.SCOOTER,False,False,60598,FIRST ST,SANTA CLARA ST,37.33616754,-121.8905658
9911,690355,CR-0000096449,0,0,0,0,22-229-9702,False,True,51,8/15/2022 1:30:00 PM,No Pedestrians Involved,Dry,No Unusual Conditions,Daylight,Unknown,Controls Functioning,Clear,Other,Non-Related,Parked Vehicle,Not Applicable,Not Applicable,West Of,,False,True,60598,FIRST ST,SANTA CLARA ST,37.33616754,-121.8905658
9912,712012,CR-0000101063,0,0,0,0,23-275-0373,False,False,22,10/2/2023 12:29:00 PM,No Pedestrians Involved,Dry,No Unusual Conditions,Daylight,Violation Driver 1,Controls Functioning,Clear,Rear End,Related,Other Vehicle,Not Applicable,Not Applicable,North Of,,False,False,60598,FIRST ST,SANTA CLARA ST,37.33616754,-121.8905658
9913,711907,CR-0000101529,1,0,0,0,23-355-0874,False,False,0,12/21/2023 8:13:00 PM,No Pedestrians Involved,Dry,No Unusual Conditions,Dark - Street Light,Violation Driver 1,Controls Functioning,Clear,Head On,Intersection,Other Vehicle,Not Applicable,Not Applicable,At,,False,False,60598,FIRST ST,SANTA CLARA ST,37.33616754,-121.8905658
9914,722511,CR-0000103825,0,0,0,0,24-108-4004,False,True,0,4/17/2024 8:33:00 AM,No Pedestrians Involved,Unknown,Unknown,Unknown,Unknown,Unknown,Unknown,Broadside,Intersection,Other Vehicle,Not Applicable,Not Applicable,At,,False,False,60598,FIRST ST,SANTA CLARA ST,37.33616754,-121.8905658
9915,695891,CR-0000099010,0,0,0,0,23-213-0056,False,False,35,8/1/2023 1:26:00 AM,No Pedestrians Involved,Dry,No Unusual Conditions,Dark - Street Light,Violation Driver 1,Controls Functioning,Clear,Other,Related,Parked Vehicle,Not Applicable,Not Applicable,South Of,,True,True,83764,LIGHTSTON AL,SANTA CLARA ST,37.33569893,-121.8915568
9916,696523,CR-0000099710,1,0,0,0,23-340-0183,True,False,18,12/6/2023 7:59:00 AM,No Pedestrians Involved,Dry,No Unusual Conditions,Daylight,Violation Driver 1,Controls Functioning,Clear,Head On,Related,Other Vehicle,Not Applicable,Not Applicable,South Of,LIGHTPOLE,False,False,113904,COTTLE RD,ROCHESTER RD,37.24953399,-121.8039934
9917,683359,CR-0000092948,0,0,0,0,22-144-1033,False,False,30,5/24/2022 10:20:00 PM,No Pedestrians Involved,Dry,No Unusual Conditions,Dark - Street Light,Violation Driver 1,Controls Functioning,Clear,Rear End,Related,Other Vehicle,Not Applicable,Not Applicable,North Of,,False,False,108151,SENTER RD,SYLVANDALE AV,37.28760574,-121.8276953
9918,691138,CR-0000097340,0,0,0,0,22-113-9802,False,False,50,2/22/2022 12:36:00 AM,No Pedestrians Involved,Wet,No Unusual Conditions,Dark - No Street Light,Violation Driver 1,Controls Functioning,Rain,Broadside,Related,Parked Vehicle,Not Applicable,Not Applicable,North Of,,True,False,108151,SENTER RD,SYLVANDALE AV,37.28760574,-121.8276953
9919,691143,CR-0000097341,0,0,0,0,22-113-9801,False,False,60,2/22/2022 12:36:00 AM,No Pedestrians Involved,Wet,No Unusual Conditions,Dark - Street Light,Violation Driver 1,No Controls Present/Factor,Cloudy,Broadside,Non-Related,Parked Vehicle,Not Applicable,Not Applicable,North Of,,True,False,108151,SENTER RD,SYLVANDALE AV,37.28760574,-121.8276953
9920,685419,CR-0000094154,0,1,0,0,22-265-0060,False,False,0,9/22/2022 1:45:00 AM,No Pedestrians Involved,Dry,No Unusual Conditions,Dark - Street Light,Violation Driver 1,Controls Functioning,Clear,Sideswipe,Intersection,Parked Vehicle,Not Applicable,Not Applicable,At,,False,True,108151,SENTER RD,SYLVANDALE AV,37.28760574,-121.8276953
9921,696497,CR-0000099684,2,0,0,0,23-349-0854,False,False,0,12/15/2023 7:48:00 PM,No Pedestrians Involved,Dry,No Unusual Conditions,Dusk - Dawn,Violation Driver 1,No Controls Present/Factor,Clear,Rear End,Intersection,Other Vehicle,Not Applicable,Not Applicable,At,,True,False,108151,SENTER RD,SYLVANDALE AV,37.28760574,-121.8276953
9922,689801,CR-0000095827,1,1,0,0,22-183-0046,False,False,0,7/2/2022 12:58:00 AM,No Pedestrians Involved,Dry,No Unusual Conditions,Dark - Street Light,Violation Driver 1,Controls Functioning,Clear,Broadside,Intersection,Other Vehicle,Not Applicable,Not Applicable,At,,True,True,108151,SENTER RD,SYLVANDALE AV,37.28760574,-121.8276953
9923,691038,CR-0000097210,0,1,0,0,23-039-0427,False,False,51,2/8/2023 8:20:00 AM,No Pedestrians Involved,Dry,No Unusual Conditions,Daylight,Violation Driver 1,No Controls Present/Factor,Clear,Vehicle/Bike,Non-Related,Scooter Motorized,Not Applicable,Not Applicable,North Of,PED,True,False,108151,SENTER RD,SYLVANDALE AV,37.28760574,-121.8276953
9924,722255,CR-0000103522,0,0,0,0,24-084-0472,True,False,50,3/24/2024 3:00:00 AM,No Pedestrians Involved,Dry,No Unusual Conditions,Daylight,Violation Driver 1,Controls Functioning,Cloudy,Hit Object,Related,Fixed Object,Not Applicable,Not Applicable,East Of,TREE,True,True,108151,SENTER RD,SYLVANDALE AV,37.28760574,-121.8276953
9925,711859,CR-0000100890,0,0,1,0,23-315-0636,False,False,0,11/11/2023 6:26:00 PM,Crossing - Not In Crosswalk,Dry,No Unusual Conditions,Dusk - Dawn,Pedestrian At Fault,Controls Functioning,Clear,Vehicle/Pedestrian,Intersection,Pedestrian,West,East,At,PEDESTRIAN,False,False,108151,SENTER RD,SYLVANDALE AV,37.28760574,-121.8276953
9926,697619,CR-0000099832,1,0,0,0,23-302-0647,True,False,86,10/29/2023 5:18:00 PM,No Pedestrians Involved,Dry,No Unusual Conditions,Daylight,Violation Driver 1,Controls Functioning,Clear,Hit Object,Non-Related,Fixed Object,Not Applicable,Not Applicable,West Of,TREE,False,False,111330,SYLVANDALE AV,VERDI DR,37.28778516,-121.8264274
9927,711595,CR-0000101545,0,0,0,0,23-344-0052,False,False,0,12/10/2023 2:09:00 AM,No Pedestrians Involved,Dry,No Unusual Conditions,Dark - No Street Light,Violation Driver 1,Unknown,Clear,Broadside,Intersection,Other Vehicle,Not Applicable,Not Applicable,At,,True,False,111330,SYLVANDALE AV,VERDI DR,37.28778516,-121.8264274
9928,681713,CR-0000091111,1,0,0,0,22-074-0921,False,False,36,3/15/2022 8:06:00 PM,No Pedestrians Involved,Dry,No Unusual Conditions,Dark - Street Light,Violation Driver 1,Controls Functioning,Clear,Head On,Related,Other Vehicle,Not Applicable,Not Applicable,North Of,,True,False,80695,KOOSER RD,MERIDIAN AV,37.24551854,-121.8919725
9929,683368,CR-0000092959,0,0,0,0,22-082-9701,False,True,0,1/15/2022 7:58:00 AM,No Pedestrians Involved,Dry,Unknown,Daylight,Unknown,Unknown,Clear,Sideswipe,Intersection,Other Vehicle,Not Applicable,Not Applicable,At,,False,False,80695,KOOSER RD,MERIDIAN AV,37.24551854,-121.8919725
9930,699358,CR-0000100685,0,0,0,0,23-277-9703,False,True,51,7/4/2023 1:10:00 PM,No Pedestrians Involved,Dry,No Unusual Conditions,Daylight,Unknown,Controls Functioning,Clear,Rear End,Non-Related,Other Vehicle,Not Applicable,Not Applicable,North Of,,False,False,80695,KOOSER RD,MERIDIAN AV,37.24551854,-121.8919725
9931,696371,CR-0000099528,0,0,0,0,23-127-4007,False,True,0,5/7/2023 4:30:00 PM,No Pedestrians Involved,Unknown,Unknown,Unknown,Unknown,Unknown,Unknown,Sideswipe,Intersection,Other Vehicle,Not Applicable,Not Applicable,At,,False,False,80695,KOOSER RD,MERIDIAN AV,37.24551854,-121.8919725
9932,692487,CR-0000097775,2,0,0,0,23-073-0746,False,False,0,3/14/2023 5:17:00 PM,No Pedestrians Involved,Dry,No Unusual Conditions,Daylight,Violation Driver 1,Controls Not Functioning,Clear,Head On,Intersection,Other Vehicle,Not Applicable,Not Applicable,At,,True,False,80695,KOOSER RD,MERIDIAN AV,37.24551854,-121.8919725
9933,689864,CR-0000095890,2,0,0,0,22-343-0362,True,False,0,12/9/2022 12:54:00 PM,No Pedestrians Involved,Dry,No Unusual Conditions,Daylight,Violation Driver 1,Controls Functioning,Clear,Head On,Intersection,Fixed Object,Not Applicable,Not Applicable,At,Light Pole,False,False,80695,KOOSER RD,MERIDIAN AV,37.24551854,-121.8919725
9934,719596,CR-0000102753,0,0,0,0,24-003-4001,False,True,51,1/3/2024 10:20:00 AM,No Pedestrians Involved,Unknown,Unknown,Unknown,Unknown,Unknown,Unknown,Other,Non-Related,Parked Vehicle,Not Applicable,Not Applicable,West Of,,False,False,80695,KOOSER RD,MERIDIAN AV,37.24551854,-121.8919725
9935,690778,CR-0000096916,2,0,0,0,23-007-0419,False,False,0,1/7/2023 2:22:00 PM,No Pedestrians Involved,Dry,No Unusual Conditions,Daylight,Violation Driver 1,No Controls Present/Factor,Clear,Broadside,Intersection,Other Vehicle,Not Applicable,Not Applicable,At,,False,False,111682,TENTH ST,VESTAL ST,37.35683017,-121.8930618
9936,722268,CR-0000103562,0,0,0,0,24-086-0551,False,False,108,3/26/2024 3:42:00 PM,No Pedestrians Involved,Dry,No Unusual Conditions,Daylight,Violation Driver 1,Unknown,Clear,Rear End,Non-Related,Other Vehicle,Not Applicable,Not Applicable,North Of,,True,False,2738,ALAMEDA,VILLA AV,37.3362056,-121.9176037
9937,711933,CR-0000101223,0,0,0,0,23-328-4007,False,True,0,11/24/2023 12:20:00 PM,No Pedestrians Involved,Unknown,Unknown,Unknown,Unknown,Unknown,Unknown,Hit Object,Intersection,Fixed Object,Not Applicable,Not Applicable,At,STOP SIGN,False,False,2430,ALAMEDA,FREMONT ST/SCHIELE AV,37.33532107,-121.9165392
9938,712263,CR-0000101718,0,0,0,0,23-015-9701,False,True,0,1/13/2023 5:06:00 AM,No Pedestrians Involved,Wet,No Unusual Conditions,Daylight,Unknown,Controls Functioning,Rain,Sideswipe,Intersection,Other Vehicle,Not Applicable,Not Applicable,At,,False,False,2430,ALAMEDA,FREMONT ST/SCHIELE AV,37.33532107,-121.9165392
9939,682083,CR-0000091597,0,0,0,0,22-063-0304,True,False,100,3/4/2022 11:39:00 AM,No Pedestrians Involved,Wet,No Unusual Conditions,Daylight,Violation Driver 1,No Controls Present/Factor,Cloudy,Head On,Non-Related,Fixed Object,Not Applicable,Not Applicable,North Of,"Sign, Tree",True,False,2672,ALAMEDA,SINGLETARY ST,37.33478149,-121.9158913
9940,689514,CR-0000095491,1,0,0,0,22-358-0659,False,False,30,12/24/2022 7:47:00 PM,No Pedestrians Involved,Dry,No Unusual Conditions,Dark - Street Light,Violation Driver 1,No Controls Present/Factor,Clear,Rear End,Related,Parked Vehicle,Not Applicable,Not Applicable,South Of,,True,False,98526,PARK AV,RANDOL AV,37.33279868,-121.9226631
9941,681556,CR-0000090953,0,0,0,0,22-040-0782,True,False,560,2/9/2022 5:45:00 PM,No Pedestrians Involved,Dry,No Unusual Conditions,Dusk - Dawn,Violation Driver 1,No Controls Present/Factor,Clear,Hit Object,Non-Related,Fixed Object,Not Applicable,Not Applicable,South Of,TREE,True,False,52580,DRY CREEK RD,MERIDIAN AV,37.28670325,-121.9134691
9942,716061,CR-0000102036,0,0,1,0,24-015-0175,True,False,414,1/15/2024 6:56:00 AM,No Pedestrians Involved,Dry,No Unusual Conditions,Dusk - Dawn,Violation Driver 1,Controls Functioning,Clear,Hit Object,Non-Related,Fixed Object,Not Applicable,Not Applicable,South Of,TREE,False,False,52580,DRY CREEK RD,MERIDIAN AV,37.28670325,-121.9134691
9943,721984,CR-0000103238,0,0,0,0,24-052-0187,False,False,119,2/21/2024 9:06:00 AM,No Pedestrians Involved,Dry,No Unusual Conditions,Daylight,Violation Driver 1,Controls Functioning,Clear,Sideswipe,Non-Related,Other Vehicle,Not Applicable,Not Applicable,North Of,,False,False,52580,DRY CREEK RD,MERIDIAN AV,37.28670325,-121.9134691
9944,691133,CR-0000097329,0,0,0,0,23-034-0881,False,False,78,2/3/2023 9:27:00 PM,No Pedestrians Involved,Dry,No Unusual Conditions,Dark - Street Light,Violation Driver 1,Unknown,Clear,Rear End,Non-Related,Other Vehicle,Not Applicable,Not Applicable,North Of,,True,False,59850,FIFTH ST,PATTERSON ST,37.32684184,-121.87788
9945,684924,CR-0000093578,1,0,0,0,22-223-0277,False,False,60,8/20/2022 9:03:00 AM,No Pedestrians Involved,Dry,No Unusual Conditions,Daylight,Violation Driver 1,Unknown,Clear,Rear End,Non-Related,Other Vehicle,Not Applicable,Not Applicable,South Of,,False,False,123860,HAPPY HOLLOW DW,SENTER RD,37.32390512,-121.8640338
9946,689759,CR-0000095778,0,0,0,1,22-282-0045,False,False,358,10/9/2022 12:40:00 AM,No Pedestrians Involved,Dry,No Unusual Conditions,Dark - Street Light,Bike At Fault,No Controls Present/Factor,Clear,Vehicle/Bike,Non-Related,Bike,Not Applicable,Not Applicable,South Of,BIKE,False,True,123860,HAPPY HOLLOW DW,SENTER RD,37.32390512,-121.8640338
9947,694734,CR-0000098777,1,0,0,0,23-235-0826,False,False,370,8/23/2023 7:59:00 PM,No Pedestrians Involved,Dry,No Unusual Conditions,Dark - Street Light,Violation Driver 1,Controls Functioning,Clear,Sideswipe,Non-Related,Parked Vehicle,Not Applicable,Not Applicable,West Of,,True,False,70157,HANCHETT AV/SHASTA AV,PARK AV,37.329002,-121.9180804
9948,698859,CR-0000100142,1,0,0,0,23-360-0565,False,False,0,12/26/2023 5:32:00 PM,Crossing In Crosswalk - At Intersection,Dry,No Unusual Conditions,Dark - Street Light,Violation Driver 1,Controls Functioning,Cloudy,Vehicle/Pedestrian,Intersection,Pedestrian,South,North,At,PED,False,False,70157,HANCHETT AV/SHASTA AV,PARK AV,37.329002,-121.9180804
9949,719522,CR-0000102651,0,1,0,0,24-069-0720,False,False,0,3/9/2024 5:42:00 PM,No Pedestrians Involved,Dry,No Unusual Conditions,Daylight,Violation Driver 1,Controls Functioning,Clear,Broadside,Intersection,Motorcycle,Not Applicable,Not Applicable,At,,False,False,70157,HANCHETT AV/SHASTA AV,PARK AV,37.329002,-121.9180804
9950,711939,CR-0000101516,0,0,0,0,23-135-4000,False,True,0,5/14/2023 9:08:00 PM,No Pedestrians Involved,Unknown,Unknown,Unknown,Unknown,Unknown,Unknown,Broadside,Intersection,Other Vehicle,Not Applicable,Not Applicable,At,,False,True,70157,HANCHETT AV/SHASTA AV,PARK AV,37.329002,-121.9180804
9951,694780,CR-0000098817,1,0,0,0,23-214-0493,False,False,70,8/2/2023 1:41:00 PM,No Pedestrians Involved,Dry,No Unusual Conditions,Daylight,Violation Driver 1,Controls Functioning,Clear,Vehicle/Bike,Non-Related,Bike,Not Applicable,Not Applicable,West Of,BIKE,True,False,29974,CAMDEN AV,HILLSDALE AV,37.26188181,-121.9209066
9952,694388,CR-0000098332,1,0,0,0,23-168-0487,False,False,0,6/17/2023 3:13:00 PM,No Pedestrians Involved,Dry,No Unusual Conditions,Daylight,Violation Driver 1,Controls Functioning,Clear,Broadside,Intersection,Other Vehicle,Not Applicable,Not Applicable,At,,False,False,29974,CAMDEN AV,HILLSDALE AV,37.26188181,-121.9209066
9953,690963,CR-0000097134,0,0,1,0,23-051-0680,False,False,0,2/20/2023 6:13:00 PM,No Pedestrians Involved,Dry,No Unusual Conditions,Dark - Street Light,Violation Driver 1,Unknown,Clear,Vehicle/Bike,Intersection,Bike,Not Applicable,Not Applicable,At,BIKE,False,False,29974,CAMDEN AV,HILLSDALE AV,37.26188181,-121.9209066
9954,689884,CR-0000095911,1,0,0,0,22-256-9710,False,True,51,9/12/2022 5:47:00 PM,No Pedestrians Involved,Dry,No Unusual Conditions,Daylight,Unknown,No Controls Present/Factor,Clear,Vehicle/Bike,Non-Related,Bike,Not Applicable,Not Applicable,West Of,BIKE,False,False,87823,MARIETTA DR,SABINA WY,37.24821895,-121.899602
9955,681653,CR-0000091050,0,1,0,0,22-031-0306,False,False,85,1/31/2022 10:33:00 AM,No Pedestrians Involved,Dry,Unknown,Daylight,Violation Driver 1,No Controls Present/Factor,Clear,Sideswipe,Non-Related,Parked Vehicle,Not Applicable,Not Applicable,South Of,,False,False,65670,GERHARDT AV,PLUMMER AV,37.27826472,-121.8960605
9956,681527,CR-0000090923,0,0,0,0,22-038-9707,False,True,125,2/6/2022 12:29:00 PM,No Pedestrians Involved,Dry,No Unusual Conditions,Daylight,Unknown,No Controls Present/Factor,Clear,Sideswipe,Non-Related,Other Vehicle,Not Applicable,Not Applicable,South Of,,False,False,41150,COE AV,RAMONA AV,37.31319642,-121.9028891
9957,685177,CR-0000093853,0,0,0,0,22-239-0794,False,False,0,8/27/2022 8:01:00 PM,No Pedestrians Involved,Dry,No Unusual Conditions,Dusk - Dawn,Violation Driver 1,No Controls Present/Factor,Clear,Rear End,Intersection,Other Vehicle,Not Applicable,Not Applicable,At,,False,False,41150,COE AV,RAMONA AV,37.31319642,-121.9028891
9958,685083,CR-0000093745,1,0,0,0,22-216-0435,False,False,0,8/4/2022 1:43:00 PM,No Pedestrians Involved,Dry,Unknown,Daylight,Violation Driver 1,Controls Functioning,Clear,Broadside,Intersection,Motorcycle,Not Applicable,Not Applicable,At,,False,False,41139,COE AV,LINCOLN AV,37.31241588,-121.9039229
9959,684920,CR-0000093590,0,0,0,0,22-233-9706,False,False,,8/19/2022 3:40:00 PM,No Pedestrians Involved,Dry,No Unusual Conditions,Daylight,Unknown,Controls Functioning,Clear,Rear End,Related,Other Vehicle,Not Applicable,Not Applicable,North Of,,False,False,41139,COE AV,LINCOLN AV,37.31241588,-121.9039229
9960,683200,CR-0000092774,0,0,0,0,22-035-9708,False,True,,1/30/2022 3:00:00 PM,No Pedestrians Involved,Dry,No Unusual Conditions,Daylight,Unknown,Unknown,Clear,Broadside,Related,Other Vehicle,Not Applicable,Not Applicable,South Of,,False,False,41139,COE AV,LINCOLN AV,37.31241588,-121.9039229
9961,691011,CR-0000097182,2,0,0,0,23-046-0870,False,False,0,2/15/2023 7:33:00 PM,No Pedestrians Involved,Unknown,No Unusual Conditions,Dark - Street Light,Violation Driver 1,Controls Functioning,Unknown,Head On,Intersection,Other Vehicle,Not Applicable,Not Applicable,At,,False,False,41139,COE AV,LINCOLN AV,37.31241588,-121.9039229
9962,694389,CR-0000098333,1,0,0,0,23-168-0825,False,False,0,6/17/2023 9:20:00 PM,No Pedestrians Involved,Dry,No Unusual Conditions,Dark - Street Light,Violation Driver 1,Controls Functioning,Clear,Broadside,Intersection,Other Vehicle,Not Applicable,Not Applicable,At,,False,False,41139,COE AV,LINCOLN AV,37.31241588,-121.9039229