_id,CrashFactId,Name,MinorInjuries,ModerateInjuries,SevereInjuries,FatalInjuries,TcrNumber,CityDamageFlag,ShortFormFlag,Distance,CrashDateTime,PedestrianAction,RoadwaySurface,RoadwayCondition,Lighting,PrimaryCollisionFactor,TrafficControl,Weather,CollisionType,ProximityToIntersection,VehicleInvolvedWith,PedestrianDirectionFrom,PedestrianDirectionTo,DirectionFromIntersection,Comment,SpeedingFlag,HitAndRunFlag,IntersectionNumber,AStreetName,BStreetName,Latitude,Longitude
9963,712034,CR-0000101076,0,0,0,0,23-295-0657,False,False,0,10/22/2023 4:00:00 PM,No Pedestrians Involved,Wet,No Unusual Conditions,Daylight,Violation Driver 1,Controls Functioning,Rain,Sideswipe,Intersection,Other Vehicle,Not Applicable,Not Applicable,At,,True,True,41139,COE AV,LINCOLN AV,37.31241588,-121.9039229
9964,721977,CR-0000103231,0,0,0,0,24-050-4004,False,True,0,2/19/2024 12:10:00 PM,No Pedestrians Involved,Unknown,Unknown,Unknown,Unknown,Unknown,Unknown,Sideswipe,Intersection,Other Vehicle,Not Applicable,Not Applicable,At,,False,False,41139,COE AV,LINCOLN AV,37.31241588,-121.9039229
9965,719808,CR-0000102981,0,0,0,0,24-036-0069,True,False,0,2/5/2024 1:49:00 AM,No Pedestrians Involved,Wet,No Unusual Conditions,Dark - Street Light,Violation Driver 1,Controls Functioning,Clear,Hit Object,Intersection,Fixed Object,Not Applicable,Not Applicable,At,STREET LIGHT and TRAFFIC SIGNAL,True,True,41139,COE AV,LINCOLN AV,37.31241588,-121.9039229
9966,722385,CR-0000103679,0,1,0,0,24-096-0528,False,False,0,4/5/2024 5:00:00 PM,No Pedestrians Involved,Dry,No Unusual Conditions,Daylight,Violation Driver 1,Controls Functioning,Cloudy,Head On,Intersection,Other Vehicle,Not Applicable,Not Applicable,At,,False,False,41139,COE AV,LINCOLN AV,37.31241588,-121.9039229
9967,690453,CR-0000096562,0,0,0,0,22-285-4001,False,True,51,10/12/2022 10:20:00 AM,No Pedestrians Involved,Unknown,Unknown,Unknown,Unknown,Unknown,Unknown,Sideswipe,Non-Related,Parked Vehicle,Not Applicable,Not Applicable,North Of,,False,True,25684,BROADWAY AV,BROADWAY CT,37.31219054,-121.8993667
9968,711744,CR-0000101225,0,0,0,0,23-322-0989,True,False,167,11/18/2023 11:07:00 PM,No Pedestrians Involved,Snowy - Icy,Unknown,Dark - Street Light,Violation Driver 1,No Controls Present/Factor,Cloudy,Hit Object,Non-Related,Fixed Object,Not Applicable,Not Applicable,South Of,SIGN,False,False,18545,BIRD AV,BROOKS AV,37.31397276,-121.8980557
9969,695828,CR-0000098893,0,0,0,0,23-093-0250,False,False,0,4/3/2023 8:17:00 AM,No Pedestrians Involved,Dry,No Unusual Conditions,Daylight,Violation Driver 1,No Controls Present/Factor,Clear,Sideswipe,Intersection,Other Vehicle,Not Applicable,Not Applicable,At,,True,True,56990,EMPIRE ST,TWENTY FIRST ST,37.35426587,-121.8770834
9970,696019,CR-0000099154,0,0,0,0,23-200-0207,False,False,120,7/19/2023 8:23:00 AM,No Pedestrians Involved,Dry,No Unusual Conditions,Daylight,Violation Driver 1,No Controls Present/Factor,Clear,Sideswipe,Non-Related,Parked Vehicle,Not Applicable,Not Applicable,East Of,,True,True,56990,EMPIRE ST,TWENTY FIRST ST,37.35426587,-121.8770834
9971,690054,CR-0000096118,0,0,0,0,22-330-0163,True,False,413,11/26/2022 5:13:00 AM,No Pedestrians Involved,Dry,No Unusual Conditions,Dark - Street Light,Violation Driver 1,No Controls Present/Factor,Clear,Hit Object,Non-Related,Fixed Object,Not Applicable,Not Applicable,South Of,LIGHT POLE,False,False,76295,JACKSON ST,TWENTIETH ST,37.35596589,-121.8796098
9972,683220,CR-0000092808,0,0,0,0,22-136-4001,False,True,51,5/16/2022 2:15:00 AM,No Pedestrians Involved,Unknown,Unknown,Unknown,Unknown,Unknown,Unknown,Sideswipe,Non-Related,Parked Vehicle,Not Applicable,Not Applicable,North Of,,False,True,54670,EIGHTEENTH ST,EMPIRE ST,37.35293431,-121.8798853
9973,685107,CR-0000093779,1,0,0,0,22-229-0573,False,False,30,8/17/2022 1:39:00 PM,No Pedestrians Involved,Wet,No Unusual Conditions,Daylight,Violation Driver 1,No Controls Present/Factor,Clear,Broadside,Related,Other Vehicle,Not Applicable,Not Applicable,North Of,,False,False,108844,SHORTRIDGE AV,TWENTY FOURTH ST,37.3462287,-121.8669833
9974,685280,CR-0000093960,0,1,0,0,22-254-0548,False,False,0,9/11/2022 3:01:00 PM,No Pedestrians Involved,Dry,No Unusual Conditions,Daylight,Violation Driver 1,Controls Functioning,Clear,Broadside,Intersection,Other Vehicle,Not Applicable,Not Applicable,At,,False,False,106479,SAN FERNANDO ST,TWENTY FOURTH ST,37.34548224,-121.8662556
9975,683312,CR-0000092898,0,0,0,0,22-135-0639,False,False,38,5/15/2022 6:02:00 PM,No Pedestrians Involved,Dry,No Unusual Conditions,Daylight,Violation Driver 1,Controls Functioning,Clear,Sideswipe,Related,Parked Vehicle,Not Applicable,Not Applicable,South Of,,False,True,106479,SAN FERNANDO ST,TWENTY FOURTH ST,37.34548224,-121.8662556
9976,682393,CR-0000091956,2,0,0,0,22-112-0206,False,False,0,4/22/2022 8:53:00 AM,No Pedestrians Involved,Dry,No Unusual Conditions,Daylight,Violation Driver 1,No Controls Present/Factor,Clear,Broadside,Intersection,Other Vehicle,Not Applicable,Not Applicable,At,,False,False,106479,SAN FERNANDO ST,TWENTY FOURTH ST,37.34548224,-121.8662556
9977,682545,CR-0000092112,3,0,0,0,22-127-0418,False,False,0,5/7/2022 12:33:00 PM,No Pedestrians Involved,Dry,No Unusual Conditions,Daylight,Violation Driver 1,Controls Functioning,Clear,Broadside,Intersection,Other Vehicle,Not Applicable,Not Applicable,At,,False,False,106479,SAN FERNANDO ST,TWENTY FOURTH ST,37.34548224,-121.8662556
9978,719531,CR-0000102660,0,1,0,0,24-063-0684,True,False,0,3/3/2024 8:00:00 PM,No Pedestrians Involved,Wet,No Unusual Conditions,Dark - Street Light,Violation Driver 1,Controls Functioning,Rain,Broadside,Intersection,Other Vehicle,Not Applicable,Not Applicable,At,LIGHTPOLE,False,False,106479,SAN FERNANDO ST,TWENTY FOURTH ST,37.34548224,-121.8662556
9979,681737,CR-0000091137,0,1,0,0,22-051-0653,False,False,600,2/20/2022 5:41:00 PM,No Pedestrians Involved,Dry,No Unusual Conditions,Daylight,Violation Driver 1,Controls Functioning,Clear,Sideswipe,Non-Related,Parked Vehicle,Not Applicable,Not Applicable,North Of,,False,False,112640,TWENTY THIRD ST,WILLIAM ST,37.34083194,-121.863085
9980,695839,CR-0000098904,0,0,0,0,23-094-0387,True,False,74,4/1/2023 12:00:00 AM,No Pedestrians Involved,Unknown,No Unusual Conditions,Unknown,Violation Driver 1,No Controls Present/Factor,Unknown,Hit Object,Non-Related,Fixed Object,Not Applicable,Not Applicable,North Of,SIGN,False,True,112640,TWENTY THIRD ST,WILLIAM ST,37.34083194,-121.863085
9981,712006,CR-0000101012,0,0,0,0,23-248-1011,False,False,557,9/5/2023 9:46:00 PM,No Pedestrians Involved,Dry,No Unusual Conditions,Dark - Street Light,Violation Driver 1,Controls Functioning,Clear,Broadside,Non-Related,Parked Vehicle,Not Applicable,Not Applicable,North Of,,False,True,112640,TWENTY THIRD ST,WILLIAM ST,37.34083194,-121.863085
9982,681165,CR-0000090556,0,0,0,0,22-022-0574,False,False,0,1/22/2022 5:21:00 PM,No Pedestrians Involved,Dry,No Unusual Conditions,Daylight,Violation Driver 1,Controls Functioning,Clear,Rear End,Intersection,Other Vehicle,Not Applicable,Not Applicable,At,,True,False,4531,ALMADEN BL,SAN FERNANDO ST,37.33223933,-121.8935871
9983,685434,CR-0000094178,1,0,0,0,22-245-0981,False,False,97,9/2/2022 9:12:00 PM,No Pedestrians Involved,Dry,No Unusual Conditions,Dark - Street Light,Violation Driver 1,Controls Functioning,Clear,Rear End,Non-Related,Other Vehicle,Not Applicable,Not Applicable,West Of,,True,False,4531,ALMADEN BL,SAN FERNANDO ST,37.33223933,-121.8935871
9984,697620,CR-0000099844,1,1,0,0,23-293-0662,False,False,148,10/20/2023 6:08:00 PM,No Pedestrians Involved,Dry,No Unusual Conditions,Daylight,Violation Driver 1,No Controls Present/Factor,Clear,Broadside,Non-Related,Other Vehicle,Not Applicable,Not Applicable,North Of,,False,False,4531,ALMADEN BL,SAN FERNANDO ST,37.33223933,-121.8935871
9985,699276,CR-0000100599,0,0,0,0,23-189-4002,False,True,51,6/18/2023 9:20:00 PM,No Pedestrians Involved,Unknown,Unknown,Unknown,Unknown,Unknown,Unknown,Other,Non-Related,Parked Vehicle,Not Applicable,Not Applicable,Unknown,,False,False,4531,ALMADEN BL,SAN FERNANDO ST,37.33223933,-121.8935871
9986,715976,CR-0000101739,0,0,0,0,23-243-9704,False,True,51,8/30/2023 9:41:00 PM,No Pedestrians Involved,Dry,No Unusual Conditions,Dark - Street Light,Unknown,Controls Functioning,Clear,Rear End,Non-Related,Motor Vehicle On Other Roadway,Not Applicable,Not Applicable,North Of,,False,True,4531,ALMADEN BL,SAN FERNANDO ST,37.33223933,-121.8935871
9987,721992,CR-0000103246,0,0,0,0,24-053-4002,False,True,0,2/22/2024 12:00:00 PM,No Pedestrians Involved,Unknown,Unknown,Unknown,Unknown,Unknown,Unknown,Vehicle/Bike,Intersection,Bike,Not Applicable,Not Applicable,At,BIKE,False,False,4531,ALMADEN BL,SAN FERNANDO ST,37.33223933,-121.8935871
9988,689645,CR-0000095627,2,0,0,0,22-333-0751,False,False,0,11/29/2022 6:20:00 PM,No Pedestrians Involved,Dry,No Unusual Conditions,Dark - Street Light,Violation Driver 1,No Controls Present/Factor,Clear,Head On,Intersection,Other Vehicle,Not Applicable,Not Applicable,At,,False,False,111605,TAYLOR ST,TWENTY THIRD ST,37.35974401,-121.8786272
9989,682457,CR-0000092022,2,0,0,0,22-117-0646,False,False,0,4/27/2022 4:31:00 PM,No Pedestrians Involved,Dry,No Unusual Conditions,Daylight,Violation Driver 1,No Controls Present/Factor,Clear,Rear End,Intersection,Other Vehicle,Not Applicable,Not Applicable,At,,True,False,54944,EIGHTH ST,TAYLOR ST,37.35263989,-121.8927242
9990,682874,CR-0000092451,0,0,0,0,22-134-4004,False,True,51,5/14/2022 5:00:00 PM,No Pedestrians Involved,Unknown,Unknown,Daylight,Unknown,Unknown,Unknown,Sideswipe,Non-Related,Parked Vehicle,Not Applicable,Not Applicable,South Of,,False,True,101353,PLAZA DR,RIVERSIDE DR,37.31703535,-121.9010535
9991,689494,CR-0000095471,0,0,0,0,22-347-0123,False,False,332,12/13/2022 5:23:00 AM,No Pedestrians Involved,Dry,No Unusual Conditions,Dark - Street Light,Violation Driver 1,Controls Functioning,Clear,Sideswipe,Non-Related,Other Vehicle,Not Applicable,Not Applicable,South Of,,False,False,4080,ALMA AV,FIRST ST/MONTEREY RD,37.31641347,-121.8739533
9992,689180,CR-0000095038,2,1,0,0,22-319-0688,False,False,174,11/15/2022 5:17:00 PM,No Pedestrians Involved,Dry,No Unusual Conditions,Dark - Street Light,Violation Driver 1,No Controls Present/Factor,Clear,Broadside,Non-Related,Other Vehicle,Not Applicable,Not Applicable,West Of,,False,False,4080,ALMA AV,FIRST ST/MONTEREY RD,37.31641347,-121.8739533
9993,685067,CR-0000093725,0,1,0,0,22-242-0556,False,False,413,8/30/2022 1:41:00 PM,No Pedestrians Involved,Dry,No Unusual Conditions,Daylight,Violation Driver 1,No Controls Present/Factor,Clear,Sideswipe,Non-Related,Other Vehicle,Not Applicable,Not Applicable,South Of,,False,False,4080,ALMA AV,FIRST ST/MONTEREY RD,37.31641347,-121.8739533
9994,685001,CR-0000093667,0,0,0,0,22-204-0746,False,False,0,7/23/2022 8:00:00 PM,No Pedestrians Involved,Unknown,No Unusual Conditions,Dark - Street Light,Violation Driver 1,Controls Functioning,Clear,Sideswipe,Intersection,Other Vehicle,Not Applicable,Not Applicable,At,,False,False,4080,ALMA AV,FIRST ST/MONTEREY RD,37.31641347,-121.8739533
9995,699065,CR-0000100371,0,1,0,0,23-336-0617,False,False,378,12/2/2023 5:40:00 PM,Crossing - Not In Crosswalk,Wet,No Unusual Conditions,Dark - Street Light,Violation Driver 1,Controls Functioning,Clear,Vehicle/Pedestrian,Non-Related,Pedestrian,East,West,South Of,PED,True,True,4080,ALMA AV,FIRST ST/MONTEREY RD,37.31641347,-121.8739533
9996,696185,CR-0000099329,1,0,0,0,23-212-0512,False,False,103,7/31/2023 1:35:00 PM,No Pedestrians Involved,Dry,No Unusual Conditions,Daylight,Violation Driver 1,No Controls Present/Factor,Clear,Vehicle/Bike,Non-Related,Bike,Not Applicable,Not Applicable,North Of,BIKE,False,False,4080,ALMA AV,FIRST ST/MONTEREY RD,37.31641347,-121.8739533
9997,696478,CR-0000099656,1,0,0,0,23-312-0532,False,False,132,11/8/2023 2:51:00 PM,No Pedestrians Involved,Dry,No Unusual Conditions,Daylight,Bike At Fault,Unknown,Clear,Vehicle/Bike,Non-Related,Bike,Not Applicable,Not Applicable,South Of,MOTOR SCOOTER,False,False,4080,ALMA AV,FIRST ST/MONTEREY RD,37.31641347,-121.8739533
9998,690047,CR-0000096115,0,0,0,0,22-334-0441,False,False,23,11/30/2022 9:45:00 AM,No Pedestrians Involved,Dry,No Unusual Conditions,Daylight,Bike At Fault,Controls Functioning,Clear,Vehicle/Bike,Related,Scooter Motorized,Not Applicable,Not Applicable,North Of,,False,True,4080,ALMA AV,FIRST ST/MONTEREY RD,37.31641347,-121.8739533
9999,689523,CR-0000095500,0,0,0,0,22-355-0141,False,False,0,12/21/2022 7:42:00 AM,No Pedestrians Involved,Dry,No Unusual Conditions,Daylight,Violation Driver 1,Controls Functioning,Clear,Broadside,Intersection,Other Vehicle,Not Applicable,Not Applicable,At,,False,True,4080,ALMA AV,FIRST ST/MONTEREY RD,37.31641347,-121.8739533
10000,694029,CR-0000097934,0,0,1,0,23-110-0879,False,False,130,4/20/2023 8:45:00 PM,Crossing - Not In Crosswalk,Dry,No Unusual Conditions,Dark - Street Light,Violation Driver 1,No Controls Present/Factor,Clear,Vehicle/Pedestrian,Non-Related,Pedestrian,East,West,South Of,PEDESTRIAN,False,False,4080,ALMA AV,FIRST ST/MONTEREY RD,37.31641347,-121.8739533
10001,694135,CR-0000097940,0,0,0,0,23-085-4000,False,True,51,3/25/2023 10:00:00 PM,No Pedestrians Involved,Unknown,Unknown,Unknown,Unknown,Unknown,Unknown,Rear End,Non-Related,Other Vehicle,Not Applicable,Not Applicable,South Of,,False,False,4080,ALMA AV,FIRST ST/MONTEREY RD,37.31641347,-121.8739533
10002,716134,CR-0000102134,0,1,0,0,24-029-0829,False,False,311,1/29/2024 8:40:00 PM,No Pedestrians Involved,Dry,No Unusual Conditions,Dark - Street Light,Unknown,No Controls Present/Factor,Clear,Vehicle/Bike,Non-Related,Bike,Not Applicable,Not Applicable,North Of,ELECTRIC SCOOTER,False,True,4080,ALMA AV,FIRST ST/MONTEREY RD,37.31641347,-121.8739533
10003,716142,CR-0000102153,0,1,0,0,24-027-0775,False,False,0,1/27/2024 10:02:00 PM,No Pedestrians Involved,Dry,No Unusual Conditions,Dark - Street Light,Violation Driver 1,Controls Functioning,Clear,Vehicle/Bike,Intersection,Bike,Not Applicable,Not Applicable,At,BIKE,False,True,4080,ALMA AV,FIRST ST/MONTEREY RD,37.31641347,-121.8739533
10004,716283,CR-0000102212,2,0,0,0,24-034-0771,False,False,0,2/3/2024 8:15:00 PM,Crossing In Crosswalk - At Intersection,Wet,No Unusual Conditions,Dark - Street Light,Violation Driver 1,Controls Functioning,Rain,Vehicle/Pedestrian,Intersection,Pedestrian,West,East,At,PEDX2,False,True,4080,ALMA AV,FIRST ST/MONTEREY RD,37.31641347,-121.8739533
10005,716391,CR-0000102390,0,1,0,0,24-042-0035,False,False,51,2/11/2024 12:37:00 AM,No Pedestrians Involved,Dry,No Unusual Conditions,Dark - Street Light,Other Than Driver,No Controls Present/Factor,Clear,Other,Non-Related,Non-Collision,Not Applicable,Not Applicable,Unknown,,False,False,4080,ALMA AV,FIRST ST/MONTEREY RD,37.31641347,-121.8739533
10006,715952,CR-0000101954,1,0,0,0,24-001-0625,False,False,29,1/1/2024 4:12:00 PM,No Pedestrians Involved,Dry,No Unusual Conditions,Daylight,Violation Driver 1,Controls Functioning,Clear,Rear End,Related,Other Vehicle,Not Applicable,Not Applicable,West Of,,True,True,4080,ALMA AV,FIRST ST/MONTEREY RD,37.31641347,-121.8739533
10007,711991,CR-0000101119,0,0,0,0,23-303-4006,False,True,,10/26/2023 7:46:00 PM,No Pedestrians Involved,Unknown,Unknown,Unknown,Unknown,Unknown,Unknown,Rear End,Related,Other Vehicle,Not Applicable,Not Applicable,Unknown,,False,False,4080,ALMA AV,FIRST ST/MONTEREY RD,37.31641347,-121.8739533
10008,711906,CR-0000101369,0,0,0,0,23-314-4005,False,True,,11/3/2023 9:15:00 PM,No Pedestrians Involved,Unknown,Unknown,Unknown,Unknown,Unknown,Unknown,Rear End,Related,Other Vehicle,Not Applicable,Not Applicable,North Of,,False,False,4080,ALMA AV,FIRST ST/MONTEREY RD,37.31641347,-121.8739533
10009,694301,CR-0000098209,2,0,0,0,23-147-0427,False,False,22,5/27/2023 12:12:00 PM,No Pedestrians Involved,Dry,No Unusual Conditions,Daylight,Violation Driver 1,Controls Functioning,Clear,Broadside,Related,Other Vehicle,Not Applicable,Not Applicable,East Of,,False,False,111814,THIRTEENTH ST,VESTAL ST,37.35821281,-121.8901397
10010,698653,CR-0000099878,0,1,0,0,23-226-0813,False,False,36,8/14/2023 7:01:00 PM,No Pedestrians Involved,Dry,No Unusual Conditions,Daylight,Violation Driver 1,No Controls Present/Factor,Clear,Vehicle/Bike,Related,Bike,Not Applicable,Not Applicable,South Of,BIKE,False,False,111814,THIRTEENTH ST,VESTAL ST,37.35821281,-121.8901397
10011,695807,CR-0000098872,0,1,0,0,23-266-0773,False,False,57,9/23/2023 9:06:00 PM,No Pedestrians Involved,Dry,No Unusual Conditions,Dark - Street Light,Violation Driver 1,Controls Functioning,Clear,Vehicle/Bike,Non-Related,Bike,Not Applicable,Not Applicable,North Of,BIKE,False,True,42415,COMMERCIAL ST,TENTH ST,37.36216993,-121.8970434
10012,694627,CR-0000098660,0,1,0,0,23-208-0687,False,False,300,7/27/2023 5:00:00 PM,No Pedestrians Involved,Dry,No Unusual Conditions,Daylight,Violation Driver 1,No Controls Present/Factor,Clear,Vehicle/Bike,Non-Related,Bike,Not Applicable,Not Applicable,North Of,BIKE,False,False,42415,COMMERCIAL ST,TENTH ST,37.36216993,-121.8970434
10013,715908,CR-0000101987,1,0,0,0,24-006-0171,False,False,246,1/6/2024 6:44:00 AM,No Pedestrians Involved,Dry,No Unusual Conditions,Daylight,Violation Driver 1,Controls Functioning,Cloudy,Broadside,Non-Related,Other Vehicle,Not Applicable,Not Applicable,North Of,,False,False,42415,COMMERCIAL ST,TENTH ST,37.36216993,-121.8970434
10014,716045,CR-0000101992,1,0,0,0,24-009-0639,False,False,31,1/9/2024 6:13:00 PM,No Pedestrians Involved,Dry,No Unusual Conditions,Dark - Street Light,Violation Driver 1,No Controls Present/Factor,Clear,Hit Object,Related,Fixed Object,Not Applicable,Not Applicable,North Of,CURB,False,False,42415,COMMERCIAL ST,TENTH ST,37.36216993,-121.8970434
10015,685265,CR-0000093945,3,0,0,0,22-209-0611,False,False,0,7/28/2022 5:30:00 PM,No Pedestrians Involved,Dry,No Unusual Conditions,Daylight,Violation Driver 1,Controls Functioning,Clear,Head On,Intersection,Other Vehicle,Not Applicable,Not Applicable,At,,False,False,97173,OLD BAYSHORE HW,TENTH ST,37.36697124,-121.9003167
10016,685344,CR-0000094070,2,0,0,0,22-226-0491,False,False,25,8/14/2022 1:49:00 PM,No Pedestrians Involved,Dry,No Unusual Conditions,Daylight,Violation Driver 1,Controls Functioning,Clear,Head On,Related,Other Vehicle,Not Applicable,Not Applicable,North Of,,False,False,97173,OLD BAYSHORE HW,TENTH ST,37.36697124,-121.9003167
10017,689687,CR-0000095669,1,0,0,0,22-342-0643,False,False,0,12/8/2022 5:23:00 PM,No Pedestrians Involved,Dry,No Unusual Conditions,Dark - Street Light,Violation Driver 1,Controls Functioning,Cloudy,Sideswipe,Intersection,Other Vehicle,Not Applicable,Not Applicable,At,,False,False,97173,OLD BAYSHORE HW,TENTH ST,37.36697124,-121.9003167
10018,682226,CR-0000091792,1,0,0,0,22-118-0332,False,False,325,4/28/2022 10:13:00 AM,In Road - Includes Shoulder,Dry,No Unusual Conditions,Daylight,Pedestrian At Fault,Controls Functioning,Clear,Vehicle/Pedestrian,Non-Related,Pedestrian,West,East,South Of,ped,False,False,97173,OLD BAYSHORE HW,TENTH ST,37.36697124,-121.9003167
10019,694603,CR-0000098627,2,1,0,0,23-204-0561,False,False,0,7/23/2023 2:54:00 PM,No Pedestrians Involved,Dry,No Unusual Conditions,Daylight,Violation Driver 1,Controls Functioning,Clear,Broadside,Intersection,Other Vehicle,Not Applicable,Not Applicable,At,,False,False,97173,OLD BAYSHORE HW,TENTH ST,37.36697124,-121.9003167
10020,694716,CR-0000098754,1,1,1,0,23-200-0289,False,False,773,8/18/2023 9:45:00 AM,No Pedestrians Involved,Dry,No Unusual Conditions,Daylight,Violation Driver 1,No Controls Present/Factor,Clear,Broadside,Non-Related,Other Vehicle,Not Applicable,Not Applicable,South Of,,False,False,97173,OLD BAYSHORE HW,TENTH ST,37.36697124,-121.9003167
10021,696219,CR-0000099364,0,0,0,0,23-117-0737,False,False,150,4/27/2023 6:19:00 PM,No Pedestrians Involved,Dry,No Unusual Conditions,Daylight,Violation Driver 1,Controls Functioning,Clear,Sideswipe,Non-Related,Other Vehicle,Not Applicable,Not Applicable,West Of,,True,True,97173,OLD BAYSHORE HW,TENTH ST,37.36697124,-121.9003167
10022,695995,CR-0000099130,0,0,0,0,23-214-4002,False,True,51,8/2/2023 8:50:00 AM,No Pedestrians Involved,Unknown,Unknown,Unknown,Unknown,Unknown,Unknown,Rear End,Non-Related,Other Vehicle,Not Applicable,Not Applicable,East Of,,False,False,97173,OLD BAYSHORE HW,TENTH ST,37.36697124,-121.9003167
10023,699140,CR-0000100456,0,0,0,0,23-157-9712,False,True,51,6/6/2023 2:00:00 PM,No Pedestrians Involved,Dry,No Unusual Conditions,Daylight,Unknown,Controls Functioning,Clear,Rear End,Non-Related,Other Vehicle,Not Applicable,Not Applicable,Unknown,,False,False,97173,OLD BAYSHORE HW,TENTH ST,37.36697124,-121.9003167
10024,690982,CR-0000097153,0,1,0,0,23-044-0176,False,False,595,2/13/2023 7:58:00 AM,No Pedestrians Involved,Dry,No Unusual Conditions,Daylight,Violation Driver 1,No Controls Present/Factor,Clear,Sideswipe,Non-Related,Other Vehicle,Not Applicable,Not Applicable,East Of,,False,False,97173,OLD BAYSHORE HW,TENTH ST,37.36697124,-121.9003167
10025,690475,CR-0000096586,0,0,0,0,22-246-0134,False,False,405,9/3/2022 3:13:00 AM,No Pedestrians Involved,Dry,No Unusual Conditions,Dark - Street Light,Violation Driver 1,No Controls Present/Factor,Clear,Hit Object,Non-Related,Fixed Object,Not Applicable,Not Applicable,South Of,fence,False,False,97173,OLD BAYSHORE HW,TENTH ST,37.36697124,-121.9003167
10026,690397,CR-0000096494,0,0,0,0,22-280-0154,False,True,0,10/7/2022 5:48:00 AM,No Pedestrians Involved,Dry,No Unusual Conditions,Dark - Street Light,Unknown,Controls Obscured,Clear,Head On,Intersection,Other Vehicle,Not Applicable,Not Applicable,At,,False,False,97173,OLD BAYSHORE HW,TENTH ST,37.36697124,-121.9003167
10027,712158,CR-0000101482,0,0,0,0,23-252-4005,False,True,0,9/9/2023 9:15:00 PM,No Pedestrians Involved,Unknown,Unknown,Unknown,Unknown,Unknown,Unknown,Rear End,Intersection,Other Vehicle,Not Applicable,Not Applicable,At,,False,False,97173,OLD BAYSHORE HW,TENTH ST,37.36697124,-121.9003167
10028,711997,CR-0000101190,0,0,0,0,23-316-9702,False,True,0,11/10/2023 6:25:00 PM,No Pedestrians Involved,Dry,No Unusual Conditions,Dark - No Street Light,Unknown,Controls Functioning,Unknown,Broadside,Intersection,Other Vehicle,Not Applicable,Not Applicable,At,,False,False,97173,OLD BAYSHORE HW,TENTH ST,37.36697124,-121.9003167
10029,711706,CR-0000101311,0,0,0,0,23-336-4004,False,True,51,12/2/2023 12:30:00 PM,No Pedestrians Involved,Unknown,Unknown,Unknown,Unknown,Unknown,Unknown,Rear End,Non-Related,Other Vehicle,Not Applicable,Not Applicable,East Of,,False,False,97173,OLD BAYSHORE HW,TENTH ST,37.36697124,-121.9003167
10030,694096,CR-0000098146,4,0,0,0,23-131-0635,False,False,,5/11/2023 4:36:00 PM,No Pedestrians Involved,Dry,No Unusual Conditions,Daylight,Violation Driver 1,Controls Functioning,Clear,Rear End,Related,Other Vehicle,Not Applicable,Not Applicable,South Of,,False,False,73853,HORNING ST,OAKLAND RD,37.36197079,-121.8913422
10031,712055,CR-0000100969,0,0,0,0,23-246-0559,True,False,0,9/3/2023 4:42:00 PM,No Pedestrians Involved,Dry,No Unusual Conditions,Daylight,Violation Driver 1,No Controls Present/Factor,Clear,Hit Object,Intersection,Fixed Object,Not Applicable,Not Applicable,At,LIGHT POLE,True,False,73853,HORNING ST,OAKLAND RD,37.36197079,-121.8913422
10032,683064,CR-0000092669,1,1,0,0,22-141-0248,False,False,0,5/21/2022 8:41:00 AM,No Pedestrians Involved,Dry,No Unusual Conditions,Daylight,Violation Driver 1,No Controls Present/Factor,Clear,Head On,Intersection,Other Vehicle,Not Applicable,Not Applicable,At,,False,False,14992,BAYSHORE FR,OLD BAYSHORE HW,37.3689795,-121.9080837
10033,687450,CR-0000094229,0,1,0,0,22-252-0695,False,False,175,9/9/2022 4:34:00 PM,No Pedestrians Involved,Dry,No Unusual Conditions,Daylight,Violation Driver 1,No Controls Present/Factor,Clear,Broadside,Non-Related,Other Vehicle,Not Applicable,Not Applicable,East Of,,False,False,14992,BAYSHORE FR,OLD BAYSHORE HW,37.3689795,-121.9080837
10034,684753,CR-0000093384,1,0,0,0,22-217-0729,False,False,117,8/5/2022 6:52:00 PM,No Pedestrians Involved,Dry,No Unusual Conditions,Daylight,Violation Driver 1,No Controls Present/Factor,Clear,Broadside,Non-Related,Other Vehicle,Not Applicable,Not Applicable,South Of,,False,True,14992,BAYSHORE FR,OLD BAYSHORE HW,37.3689795,-121.9080837
10035,699212,CR-0000100533,0,0,0,0,23-160-4003,False,True,51,6/9/2023 5:15:00 PM,No Pedestrians Involved,Unknown,Unknown,Unknown,Unknown,Unknown,Unknown,Broadside,Non-Related,Other Vehicle,Not Applicable,Not Applicable,East Of,,False,False,14992,BAYSHORE FR,OLD BAYSHORE HW,37.3689795,-121.9080837
10036,699469,CR-0000100788,0,0,0,0,23-201-0159,False,False,0,7/20/2023 7:03:00 AM,No Pedestrians Involved,Dry,No Unusual Conditions,Daylight,Violation Driver 1,No Controls Present/Factor,Clear,Rear End,Intersection,Other Vehicle,Not Applicable,Not Applicable,At,,False,True,14992,BAYSHORE FR,OLD BAYSHORE HW,37.3689795,-121.9080837
10037,711888,CR-0000100972,0,0,0,0,23-249-9706,False,True,0,9/4/2023 11:15:00 AM,No Pedestrians Involved,Dry,No Unusual Conditions,Daylight,Unknown,Controls Functioning,Clear,Broadside,Intersection,Other Vehicle,Not Applicable,Not Applicable,At,,False,False,14992,BAYSHORE FR,OLD BAYSHORE HW,37.3689795,-121.9080837