_id,CrashFactId,Name,MinorInjuries,ModerateInjuries,SevereInjuries,FatalInjuries,TcrNumber,CityDamageFlag,ShortFormFlag,Distance,CrashDateTime,PedestrianAction,RoadwaySurface,RoadwayCondition,Lighting,PrimaryCollisionFactor,TrafficControl,Weather,CollisionType,ProximityToIntersection,VehicleInvolvedWith,PedestrianDirectionFrom,PedestrianDirectionTo,DirectionFromIntersection,Comment,SpeedingFlag,HitAndRunFlag,IntersectionNumber,AStreetName,BStreetName,Latitude,Longitude
10038,722278,CR-0000103572,0,0,0,0,24-085-0070,True,False,0,3/25/2024 1:41:00 AM,No Pedestrians Involved,Dry,No Unusual Conditions,Dark - Street Light,Violation Driver 1,No Controls Present/Factor,Clear,Hit Object,Intersection,Fixed Object,Not Applicable,Not Applicable,At,STOP SIGN,False,False,14992,BAYSHORE FR,OLD BAYSHORE HW,37.3689795,-121.9080837
10039,684797,CR-0000093363,0,0,1,0,22-183-0140,True,False,109,7/2/2022 3:37:00 AM,No Pedestrians Involved,Dry,No Unusual Conditions,Dark - Street Light,Violation Driver 1,Controls Functioning,Clear,Head On,Non-Related,Fixed Object,Not Applicable,Not Applicable,East Of,Light Pole,False,False,93136,MOORPARK AV,SAN TOMAS EX,37.31598622,-121.9639878
10040,682500,CR-0000092067,0,0,1,0,22-093-0216,False,False,0,4/3/2022 1:00:00 AM,In Road - Includes Shoulder,Dry,No Unusual Conditions,Dark - Street Light,Violation Driver 1,No Controls Present/Factor,Clear,Vehicle/Pedestrian,Intersection,Pedestrian,No Direction (Not Walking),No Direction (Not Walking),At,PED,False,True,93136,MOORPARK AV,SAN TOMAS EX,37.31598622,-121.9639878
10041,694121,CR-0000098111,2,0,0,0,23-122-0286,False,False,0,5/2/2023 10:40:00 AM,No Pedestrians Involved,Dry,No Unusual Conditions,Unknown,Violation Driver 1,Controls Functioning,Clear,Broadside,Intersection,Other Vehicle,Not Applicable,Not Applicable,At,,False,False,93136,MOORPARK AV,SAN TOMAS EX,37.31598622,-121.9639878
10042,691277,CR-0000097522,1,0,0,0,23-059-0250,False,False,35,2/28/2023 9:40:00 AM,No Pedestrians Involved,Wet,No Unusual Conditions,Daylight,Violation Driver 1,Controls Functioning,Rain,Head On,Related,Other Vehicle,Not Applicable,Not Applicable,South Of,,False,False,93136,MOORPARK AV,SAN TOMAS EX,37.31598622,-121.9639878
10043,689822,CR-0000095848,0,1,0,0,22-337-0600,True,False,400,12/3/2022 6:16:00 PM,No Pedestrians Involved,Wet,No Unusual Conditions,Dark - Street Light,Violation Driver 1,Controls Functioning,Rain,Hit Object,Non-Related,Fixed Object,Not Applicable,Not Applicable,South Of,LIGHT POLE,False,False,93136,MOORPARK AV,SAN TOMAS EX,37.31598622,-121.9639878
10044,690649,CR-0000096771,0,0,0,0,23-025-0457,False,False,44,1/25/2023 12:52:00 PM,No Pedestrians Involved,Dry,No Unusual Conditions,Daylight,Violation Driver 1,Controls Functioning,Clear,Rear End,Related,Other Vehicle,Not Applicable,Not Applicable,South Of,,True,False,93136,MOORPARK AV,SAN TOMAS EX,37.31598622,-121.9639878
10045,722197,CR-0000103463,0,0,0,0,24-078-9705,False,True,51,3/17/2024 8:53:00 PM,No Pedestrians Involved,Dry,No Unusual Conditions,Dark - Street Light,Unknown,Controls Functioning,Clear,Sideswipe,Non-Related,Other Vehicle,Not Applicable,Not Applicable,South Of,,False,False,93136,MOORPARK AV,SAN TOMAS EX,37.31598622,-121.9639878
10046,715911,CR-0000101978,1,0,0,0,24-005-0455,False,False,0,1/5/2024 1:35:00 PM,No Pedestrians Involved,Dry,No Unusual Conditions,Daylight,Violation Driver 1,Unknown,Clear,Other,Related,Other Vehicle,Not Applicable,Not Applicable,At,,False,False,93136,MOORPARK AV,SAN TOMAS EX,37.31598622,-121.9639878
10047,716389,CR-0000102388,3,0,0,0,24-040-0698,False,False,0,2/9/2024 6:19:00 PM,No Pedestrians Involved,Unknown,No Unusual Conditions,Dark - Street Light,Violation Driver 1,Unknown,Clear,Rear End,Intersection,Other Vehicle,Not Applicable,Not Applicable,At,,True,False,93136,MOORPARK AV,SAN TOMAS EX,37.31598622,-121.9639878
10048,716133,CR-0000102138,1,0,0,0,24-025-0794,False,False,0,1/25/2024 7:07:00 PM,No Pedestrians Involved,Dry,No Unusual Conditions,Dark - Street Light,Violation Driver 1,Controls Functioning,Clear,Broadside,Intersection,Other Vehicle,Not Applicable,Not Applicable,At,,True,False,93136,MOORPARK AV,SAN TOMAS EX,37.31598622,-121.9639878
10049,720904,CR-0000103130,1,1,0,0,24-030-0136,False,False,0,1/30/2024 6:00:00 AM,No Pedestrians Involved,Wet,No Unusual Conditions,Dusk - Dawn,Violation Driver 1,Controls Functioning,Other,Sideswipe,Intersection,Other Vehicle,Not Applicable,Not Applicable,At,,False,False,93136,MOORPARK AV,SAN TOMAS EX,37.31598622,-121.9639878
10050,681435,CR-0000090825,0,0,0,0,22-027-0369,False,False,0,1/27/2022 11:40:00 AM,No Pedestrians Involved,Unknown,No Unusual Conditions,Daylight,Violation Driver 1,Controls Functioning,Clear,Broadside,Intersection,Other Vehicle,Not Applicable,Not Applicable,East Of,,False,False,127852,EL PASEO DE SARATOGA DW,SARATOGA AV,37.29038962,-121.9935607
10051,722481,CR-0000103773,0,0,0,0,24-104-0738,False,False,160,4/13/2024 11:05:00 PM,No Pedestrians Involved,Wet,No Unusual Conditions,Dark - Street Light,Unknown,No Controls Present/Factor,Clear,Rear End,Non-Related,Parked Vehicle,Not Applicable,Not Applicable,South Of,,False,True,56330,ELMWOOD DR/MAYFIELD AV,NORTHLAWN DR,37.28725712,-121.987828
10052,689116,CR-0000094981,2,0,0,0,22-127-0526,False,False,108,5/7/2022 3:00:00 PM,No Pedestrians Involved,Dry,No Unusual Conditions,Daylight,Violation Driver 1,No Controls Present/Factor,Clear,Broadside,Non-Related,Motor Vehicle On Other Roadway,Not Applicable,Not Applicable,South Of,,False,False,22880,BOYNTON AV,UNDERWOOD DR,37.30987933,-121.965951
10053,699214,CR-0000100535,0,0,0,0,23-162-4001,False,True,51,6/11/2023 1:00:00 AM,No Pedestrians Involved,Unknown,Unknown,Unknown,Unknown,Unknown,Unknown,Other,Non-Related,Parked Vehicle,Not Applicable,Not Applicable,West Of,,False,False,22880,BOYNTON AV,UNDERWOOD DR,37.30987933,-121.965951
10054,695847,CR-0000098912,0,0,0,0,23-105-0273,False,False,283,4/15/2023 10:07:00 AM,No Pedestrians Involved,Dry,No Unusual Conditions,Dark - Street Light,Violation Driver 1,Controls Functioning,Unknown,Sideswipe,Non-Related,Parked Vehicle,Not Applicable,Not Applicable,West Of,,True,True,22880,BOYNTON AV,UNDERWOOD DR,37.30987933,-121.965951
10055,720836,CR-0000103039,0,0,0,0,24-042-0669,False,False,0,2/11/2024 8:14:00 PM,No Pedestrians Involved,Dry,No Unusual Conditions,Dark - Street Light,Violation Driver 1,Unknown,Clear,Broadside,Intersection,Motorcycle,Not Applicable,Not Applicable,At,,True,True,27950,CAHALAN AV,CAHALAN CT,37.24888109,-121.8471499
10056,682207,CR-0000091749,2,0,0,0,22-062-0713,False,False,38,3/3/2022 6:04:00 PM,No Pedestrians Involved,Wet,No Unusual Conditions,Daylight,Violation Driver 1,Controls Functioning,Rain,Rear End,Related,Other Vehicle,Not Applicable,Not Applicable,North Of,,True,False,36750,CHARCOT AV,FIRST ST,37.37915671,-121.9226106
10057,681253,CR-0000090638,2,0,0,0,22-006-0868,False,False,0,1/6/2022 8:58:00 PM,No Pedestrians Involved,Wet,No Unusual Conditions,Dark - Street Light,Violation Driver 1,Controls Functioning,Rain,Broadside,Intersection,Other Vehicle,Not Applicable,Not Applicable,At,,False,False,36750,CHARCOT AV,FIRST ST,37.37915671,-121.9226106
10058,684683,CR-0000093311,0,1,0,0,22-169-0146,False,False,111,6/18/2022 3:15:00 AM,Crossing - Not In Crosswalk,Dry,No Unusual Conditions,Dark - Street Light,Pedestrian At Fault,Controls Functioning,Clear,Vehicle/Pedestrian,Non-Related,Pedestrian,North,South,West Of,PED,False,False,36750,CHARCOT AV,FIRST ST,37.37915671,-121.9226106
10059,684862,CR-0000093552,1,0,0,0,22-209-0240,False,False,0,7/28/2022 9:23:00 AM,No Pedestrians Involved,Dry,No Unusual Conditions,Daylight,Violation Driver 1,No Controls Present/Factor,Clear,Rear End,Intersection,Other Vehicle,Not Applicable,Not Applicable,At,,True,True,36750,CHARCOT AV,FIRST ST,37.37915671,-121.9226106
10060,685284,CR-0000093964,0,1,0,0,22-256-0222,False,False,144,9/13/2022 8:35:00 AM,No Pedestrians Involved,Dry,Holes Deep Rut,Daylight,Violation Driver 1,Controls Functioning,Clear,Other,Non-Related,Non-Collision,Not Applicable,Not Applicable,West Of,MOTORCYCLE,False,False,36750,CHARCOT AV,FIRST ST,37.37915671,-121.9226106
10061,712052,CR-0000101005,0,0,0,0,23-270-0294,False,False,100,9/27/2023 10:18:00 AM,No Pedestrians Involved,Unknown,No Unusual Conditions,Daylight,Violation Driver 1,Controls Functioning,Clear,Rear End,Non-Related,Other Vehicle,Not Applicable,Not Applicable,East Of,,False,False,36750,CHARCOT AV,FIRST ST,37.37915671,-121.9226106
10062,711916,CR-0000100901,0,1,0,0,23-307-0234,False,False,0,11/3/2023 8:56:00 AM,No Pedestrians Involved,Dry,No Unusual Conditions,Daylight,Violation Driver 1,Controls Functioning,Clear,Rear End,Intersection,Other Vehicle,Not Applicable,Not Applicable,South Of,,False,False,36750,CHARCOT AV,FIRST ST,37.37915671,-121.9226106
10063,682071,CR-0000091585,0,1,0,0,22-068-0019,True,False,23,3/9/2022 12:34:00 AM,No Pedestrians Involved,Dry,No Unusual Conditions,Dark - Street Light,Violation Driver 1,Controls Functioning,Clear,Head On,Related,Fixed Object,Not Applicable,Not Applicable,South Of,Light Pole,True,False,104280,RIVER OAKS PW,SEELEY AV,37.39902927,-121.9220526
10064,694654,CR-0000098687,1,0,0,0,23-210-0582,True,False,369,7/29/2023 4:34:00 PM,No Pedestrians Involved,Dry,No Unusual Conditions,Daylight,Violation Driver 1,Controls Functioning,Clear,Hit Object,Non-Related,Fixed Object,Not Applicable,Not Applicable,West Of,LIGHT POLE,False,False,104280,RIVER OAKS PW,SEELEY AV,37.39902927,-121.9220526
10065,712134,CR-0000101230,0,0,0,0,23-333-0090,True,False,0,11/29/2023 3:25:00 AM,No Pedestrians Involved,Wet,No Unusual Conditions,Dark - Street Light,Violation Driver 1,Controls Functioning,Rain,Hit Object,Intersection,Fixed Object,Not Applicable,Not Applicable,At,LIGHT POLE,True,True,104280,RIVER OAKS PW,SEELEY AV,37.39902927,-121.9220526
10066,691224,CR-0000097447,0,0,0,0,23-052-0282,False,False,300,2/21/2023 2:40:00 AM,No Pedestrians Involved,Dry,No Unusual Conditions,Dark - Street Light,Violation Driver 1,No Controls Present/Factor,Clear,Sideswipe,Non-Related,Parked Vehicle,Not Applicable,Not Applicable,East Of,,False,True,130460,IVY GLEN DR,DAHLIA CT/PORT WY,37.38089521,-121.8620855
10067,683241,CR-0000092833,1,0,0,0,22-147-9713,False,True,0,5/10/2022 7:00:00 AM,No Pedestrians Involved,Dry,No Unusual Conditions,Daylight,Unknown,Controls Functioning,Clear,Broadside,Intersection,Other Vehicle,Not Applicable,Not Applicable,At,,False,False,55879,ELEVENTH ST,SINCLAIR FR,37.3281069,-121.8708487
10068,690057,CR-0000096129,0,0,0,0,22-313-0235,False,False,0,11/9/2022 9:37:00 AM,No Pedestrians Involved,Dry,No Unusual Conditions,Daylight,Violation Driver 1,Controls Functioning,Clear,Broadside,Intersection,Other Vehicle,Not Applicable,Not Applicable,At,,False,False,55879,ELEVENTH ST,SINCLAIR FR,37.3281069,-121.8708487
10069,699107,CR-0000100423,0,0,0,0,23-171-0194,False,False,0,6/20/2023 7:16:00 AM,No Pedestrians Involved,Dry,No Unusual Conditions,Daylight,Violation Driver 1,No Controls Present/Factor,Clear,Sideswipe,Intersection,Other Vehicle,Not Applicable,Not Applicable,At,,False,False,55879,ELEVENTH ST,SINCLAIR FR,37.3281069,-121.8708487
10070,681652,CR-0000091049,1,0,0,0,22-084-0178,False,False,51,3/25/2022 7:57:00 AM,No Pedestrians Involved,Dry,No Unusual Conditions,Daylight,Violation Driver 1,No Controls Present/Factor,Clear,Broadside,Non-Related,Other Vehicle,Not Applicable,Not Applicable,East Of,,False,False,54834,EIGHTH ST,KEYES ST,37.32321844,-121.8708777
10071,699022,CR-0000100327,1,0,0,0,23-289-0755,False,False,0,10/16/2023 4:00:00 PM,No Pedestrians Involved,Dry,No Unusual Conditions,Daylight,Violation Driver 1,Controls Functioning,Clear,Rear End,Intersection,Other Vehicle,Not Applicable,Not Applicable,At,,True,True,54834,EIGHTH ST,KEYES ST,37.32321844,-121.8708777
10072,683349,CR-0000092937,0,0,0,0,22-176-0145,False,False,51,6/25/2022 2:27:00 AM,No Pedestrians Involved,Dry,No Unusual Conditions,Dark - Street Light,Violation Driver 1,No Controls Present/Factor,Clear,Hit Object,Non-Related,Other Object,Not Applicable,Not Applicable,East Of,Dumpster,False,False,95590,NEWPORT AV,PINE AV (E),37.29706812,-121.8965971
10073,692393,CR-0000097676,1,0,0,0,23-080-0197,False,False,379,3/21/2023 8:50:00 AM,No Pedestrians Involved,Wet,No Unusual Conditions,Daylight,Violation Driver 1,Controls Functioning,Rain,Broadside,Non-Related,Parked Vehicle,Not Applicable,Not Applicable,East Of,,False,False,95590,NEWPORT AV,PINE AV (E),37.29706812,-121.8965971
10074,684778,CR-0000093369,0,0,0,1,22-246-0811,False,False,150,9/3/2022 8:44:00 PM,In Road - Includes Shoulder,Dry,No Unusual Conditions,Dark - Street Light,Violation Driver 1,No Controls Present/Factor,Clear,Vehicle/Pedestrian,Non-Related,Pedestrian,No Direction (Not Walking),No Direction (Not Walking),West Of,PED,True,True,79970,KIOWA CI,SANTA TERESA BL,37.23683375,-121.835409
10075,685437,CR-0000094181,0,1,0,0,22-246-0538,False,False,21,9/3/2022 3:06:00 PM,No Pedestrians Involved,Dry,No Unusual Conditions,Daylight,Bike At Fault,Controls Functioning,Clear,Vehicle/Bike,Related,Bike,Not Applicable,Not Applicable,East Of,BIKE,False,False,77516,JUDITH ST,TRADEWINDS DR,37.2537183,-121.8259115
10076,690568,CR-0000096689,0,0,0,0,23-023-0180,False,False,84,1/23/2023 1:00:00 AM,No Pedestrians Involved,Dry,No Unusual Conditions,Dark - Street Light Not Functioning,Violation Driver 1,No Controls Present/Factor,Clear,Head On,Non-Related,Parked Vehicle,Not Applicable,Not Applicable,West Of,,True,True,77516,JUDITH ST,TRADEWINDS DR,37.2537183,-121.8259115
10077,716002,CR-0000101993,0,0,0,0,24-009-0181,False,False,424,1/9/2024 8:20:00 AM,No Pedestrians Involved,Dry,No Unusual Conditions,Daylight,Violation Driver 1,No Controls Present/Factor,Cloudy,Head On,Non-Related,Other Vehicle,Not Applicable,Not Applicable,West Of,,False,False,77516,JUDITH ST,TRADEWINDS DR,37.2537183,-121.8259115
10078,717417,CR-0000102430,0,0,0,0,23-051-0652,False,True,0,2/20/2023 5:40:00 PM,No Pedestrians Involved,Unknown,Unknown,Unknown,Unknown,Unknown,Unknown,Head On,Intersection,Other Vehicle,Not Applicable,Not Applicable,At,,False,False,77516,JUDITH ST,TRADEWINDS DR,37.2537183,-121.8259115
10079,722116,CR-0000103381,0,0,0,0,24-070-9702,False,True,500,3/9/2024 12:00:00 PM,No Pedestrians Involved,Unknown,Unknown,Unknown,Unknown,Unknown,Unknown,Sideswipe,Non-Related,Parked Vehicle,Not Applicable,Not Applicable,South Of,,False,False,77516,JUDITH ST,TRADEWINDS DR,37.2537183,-121.8259115
10080,694109,CR-0000098018,1,0,0,0,23-103-0832,False,False,57,4/13/2023 7:20:00 PM,No Pedestrians Involved,Dry,No Unusual Conditions,Daylight,Violation Driver 1,No Controls Present/Factor,Clear,Broadside,Non-Related,Other Vehicle,Not Applicable,Not Applicable,South Of,,False,False,137158,MURILLO AV,ROSE TERRASSE CL/VOLTAIRE ST,37.32088318,-121.7622782
10081,721979,CR-0000103233,0,0,0,0,24-052-9704,False,True,51,2/20/2024 11:30:00 PM,No Pedestrians Involved,Wet,No Unusual Conditions,Dark - Street Light,Unknown,No Controls Present/Factor,Unknown,Head On,Non-Related,Other Vehicle,Not Applicable,Not Applicable,North Of,,False,False,129260,LAC BLEU CT,LAKESIDE DR,37.31975362,-121.7740507
10082,692486,CR-0000097774,0,0,0,0,23-074-0475,True,False,0,3/15/2023 12:47:00 PM,No Pedestrians Involved,Dry,No Unusual Conditions,Daylight,Violation Driver 1,Unknown,Clear,Hit Object,Intersection,Fixed Object,Not Applicable,Not Applicable,At,Crosswalk Signal,False,False,75811,ISADORA DR,PIEDMONT RD,37.41131885,-121.8533969
10083,689218,CR-0000095148,0,0,0,0,22-273-4000,False,True,0,9/22/2022 7:50:00 AM,No Pedestrians Involved,Unknown,Unknown,Daylight,Unknown,Unknown,Unknown,Sideswipe,Intersection,Other Vehicle,Not Applicable,Not Applicable,At,,False,False,75790,ISADORA DR,MAJESTIC WY,37.40984076,-121.8567631
10084,691279,CR-0000097524,0,0,0,0,23-049-4002,False,True,,2/18/2023 3:50:00 PM,No Pedestrians Involved,Unknown,Unknown,Unknown,Unknown,Unknown,Unknown,Sideswipe,Related,Parked Vehicle,Not Applicable,Not Applicable,East Of,,False,False,75790,ISADORA DR,MAJESTIC WY,37.40984076,-121.8567631
10085,690229,CR-0000096318,0,0,0,0,22-265-4004,False,True,51,9/22/2022 7:50:00 AM,No Pedestrians Involved,Unknown,Unknown,Unknown,Unknown,Unknown,Unknown,Rear End,Non-Related,Other Vehicle,Not Applicable,Not Applicable,East Of,,False,False,75790,ISADORA DR,MAJESTIC WY,37.40984076,-121.8567631
10086,720839,CR-0000103042,0,0,0,0,24-042-4001,False,True,51,2/11/2024 11:14:00 AM,No Pedestrians Involved,Unknown,Unknown,Unknown,Unknown,Unknown,Unknown,Sideswipe,Non-Related,Parked Vehicle,Not Applicable,Not Applicable,South Of,,False,False,62666,FOUR OAKS RD,ZORIA CI,37.39325897,-121.875612
10087,683000,CR-0000092581,0,0,0,0,22-174-0886,True,False,0,6/23/2022 7:47:00 PM,No Pedestrians Involved,Dry,No Unusual Conditions,Dark - Street Light,Violation Driver 1,Controls Functioning,Clear,Hit Object,Intersection,Fixed Object,Not Applicable,Not Applicable,At,Street Light,True,False,38609,CHEYENNE LN,SNELL WY,37.24540633,-121.8308485
10088,681196,CR-0000090581,0,0,1,0,22-002-0762,False,False,0,1/2/2022 8:57:00 PM,Crossing - Not In Crosswalk,Dry,No Unusual Conditions,Dark - Street Light,Pedestrian At Fault,Controls Functioning,Clear,Vehicle/Pedestrian,Intersection,Pedestrian,South,North,At,PEDESTRIAN,False,False,17930,BESWICK DR,BLOSSOM HILL RD,37.25129932,-121.8090904
10089,689414,CR-0000095359,1,0,0,0,22-305-0623,False,False,0,11/1/2022 3:55:00 PM,No Pedestrians Involved,Dry,No Unusual Conditions,Daylight,Violation Driver 1,Controls Functioning,Clear,Broadside,Intersection,Other Vehicle,Not Applicable,Not Applicable,At,,False,False,17930,BESWICK DR,BLOSSOM HILL RD,37.25129932,-121.8090904
10090,689404,CR-0000095377,1,0,0,0,22-315-0465,False,False,0,11/11/2022 3:28:00 PM,Crossing In Crosswalk - At Intersection,Dry,No Unusual Conditions,Daylight,Violation Driver 1,Controls Functioning,Clear,Vehicle/Pedestrian,Intersection,Pedestrian,West,East,At,PED,True,False,17930,BESWICK DR,BLOSSOM HILL RD,37.25129932,-121.8090904
10091,683509,CR-0000093107,1,0,0,0,22-197-0730,False,False,0,7/16/2022 6:17:00 PM,No Pedestrians Involved,Dry,No Unusual Conditions,Daylight,Violation Driver 1,Controls Functioning,Clear,Rear End,Intersection,Other Vehicle,Not Applicable,Not Applicable,At,,False,False,17930,BESWICK DR,BLOSSOM HILL RD,37.25129932,-121.8090904
10092,690396,CR-0000096492,0,0,0,0,22-279-4007,False,True,50,10/4/2022 9:00:00 AM,No Pedestrians Involved,Unknown,Unknown,Unknown,Unknown,Unknown,Unknown,Rear End,Related,Unknown,Not Applicable,Not Applicable,South Of,,False,True,17930,BESWICK DR,BLOSSOM HILL RD,37.25129932,-121.8090904
10093,699328,CR-0000100655,0,0,0,0,23-180-4003,False,True,,6/29/2023 5:40:00 AM,No Pedestrians Involved,Unknown,Unknown,Unknown,Unknown,Unknown,Unknown,Rear End,Related,Other Vehicle,Not Applicable,Not Applicable,Unknown,,False,False,17930,BESWICK DR,BLOSSOM HILL RD,37.25129932,-121.8090904
10094,694430,CR-0000098393,0,1,0,0,23-158-1005,False,False,0,6/7/2023 10:19:00 PM,No Pedestrians Involved,Dry,No Unusual Conditions,Dark - Street Light,Violation Driver 1,Controls Functioning,Clear,Broadside,Intersection,Other Vehicle,Not Applicable,Not Applicable,At,,False,False,17930,BESWICK DR,BLOSSOM HILL RD,37.25129932,-121.8090904
10095,696112,CR-0000099252,0,0,0,0,23-238-0168,False,False,0,8/26/2023 5:01:00 AM,No Pedestrians Involved,Dry,No Unusual Conditions,Dark - Street Light,Violation Driver 1,Controls Functioning,Clear,Broadside,Intersection,Other Vehicle,Not Applicable,Not Applicable,At,,False,True,17930,BESWICK DR,BLOSSOM HILL RD,37.25129932,-121.8090904
10096,681207,CR-0000090592,0,0,0,0,22-003-0553,False,False,30,1/3/2022 2:10:00 PM,No Pedestrians Involved,Dry,No Unusual Conditions,Daylight,Violation Driver 1,No Controls Present/Factor,Clear,Hit Object,Related,Fixed Object,Not Applicable,Not Applicable,West Of,FENCE,True,False,120625,CALCATERRA DR,RAJKOVICH WY,37.20867395,-121.8482974
10097,683435,CR-0000093030,0,0,0,0,22-164-9704,False,True,51,6/13/2022 4:05:00 AM,No Pedestrians Involved,Dry,No Unusual Conditions,Dusk - Dawn,Unknown,No Controls Present/Factor,Clear,Broadside,Non-Related,Other Vehicle,Not Applicable,Not Applicable,South Of,,False,False,9272,ARPEGGIO AV,ROSENBAUM AV,37.27300733,-121.8404085
10098,682218,CR-0000091781,1,0,0,0,22-102-0216,False,False,0,4/12/2022 8:27:00 AM,Crossing In Crosswalk - At Intersection,Dry,No Unusual Conditions,Daylight,Violation Driver 1,Unknown,Clear,Vehicle/Pedestrian,Intersection,Pedestrian,East,West,At,PEDESTRIAN,False,False,70707,HARVEST DR,MT PLEASANT RD,37.35304758,-121.8003358
10099,690269,CR-0000096360,0,0,0,0,22-269-4005,False,True,0,9/15/2022 12:15:00 PM,No Pedestrians Involved,Unknown,Unknown,Unknown,Unknown,Unknown,Unknown,Other,Intersection,Other Vehicle,Not Applicable,Not Applicable,At,,False,False,70707,HARVEST DR,MT PLEASANT RD,37.35304758,-121.8003358
10100,690200,CR-0000096291,0,0,0,0,22-305-9710,False,True,51,11/1/2022 2:19:00 PM,No Pedestrians Involved,Wet,No Unusual Conditions,Daylight,Unknown,No Controls Present/Factor,Rain,Sideswipe,Non-Related,Parked Vehicle,Not Applicable,Not Applicable,East Of,,False,True,131230,QUAIL BLUFF LN,TERRA PL,37.29787387,-121.789011
10101,684900,CR-0000093574,0,1,0,0,22-198-0779,False,False,42,7/17/2022 7:58:00 PM,In Road - Includes Shoulder,Dry,No Unusual Conditions,Daylight,Pedestrian At Fault,No Controls Present/Factor,Clear,Vehicle/Pedestrian,Related,Pedestrian,North,South,North Of,SKATEBOARD,False,False,45011,CRAILFORD CT,DUNDALE DR,37.29672545,-121.8138571
10102,722139,CR-0000103404,0,0,0,0,24-080-9706,False,True,51,3/12/2024 7:20:00 AM,No Pedestrians Involved,Wet,Unknown,Daylight,Unknown,No Controls Present/Factor,Cloudy,Sideswipe,Non-Related,Parked Vehicle,Not Applicable,Not Applicable,South Of,,False,False,94490,MUIR PLACE CT,RAVENS PLACE WY,37.29846516,-121.8086398
10103,682502,CR-0000092069,2,0,0,0,22-093-0413,False,False,20,4/3/2022 12:26:00 PM,No Pedestrians Involved,Dry,No Unusual Conditions,Daylight,Violation Driver 1,Controls Functioning,Clear,Rear End,Related,Other Vehicle,Not Applicable,Not Applicable,East Of,,True,False,49312,DEANS PLACE WY/REGABY PLACE CT,YERBA BUENA RD,37.29652384,-121.8072601
10104,690309,CR-0000096403,0,0,0,0,22-238-9705,False,True,0,8/14/2022 7:20:00 PM,No Pedestrians Involved,Dry,No Unusual Conditions,Daylight,Unknown,No Controls Present/Factor,Clear,Broadside,Intersection,Other Vehicle,Not Applicable,Not Applicable,At,,False,True,49312,DEANS PLACE WY/REGABY PLACE CT,YERBA BUENA RD,37.29652384,-121.8072601
10105,689995,CR-0000096053,2,0,0,0,22-301-0617,False,False,0,10/28/2022 4:55:00 PM,No Pedestrians Involved,Dry,No Unusual Conditions,Daylight,Violation Driver 1,No Controls Present/Factor,Clear,Broadside,Intersection,Other Vehicle,Not Applicable,Not Applicable,At,,False,False,49312,DEANS PLACE WY/REGABY PLACE CT,YERBA BUENA RD,37.29652384,-121.8072601
10106,692444,CR-0000097729,0,1,0,0,23-083-0378,False,False,0,3/24/2023 12:24:00 PM,Crossing - Not In Crosswalk,Dry,No Unusual Conditions,Daylight,Pedestrian At Fault,No Controls Present/Factor,Clear,Vehicle/Pedestrian,Intersection,Pedestrian,South,North,At,PED,False,False,51083,DIANA AV,PACINA DR,37.34770329,-121.8377038
10107,688793,CR-0000094637,0,0,0,0,22-304-4004,False,True,51,10/31/2022 11:30:00 AM,No Pedestrians Involved,Unknown,Unknown,Daylight,Unknown,Unknown,Unknown,Sideswipe,Non-Related,Other Vehicle,Not Applicable,Not Applicable,West Of,,False,True,39490,CINDERELLA LN,TURLEY DR,37.34505813,-121.8405677
10108,721987,CR-0000103241,0,0,0,0,24-052-4001,False,True,51,2/21/2024 7:55:00 AM,No Pedestrians Involved,Unknown,Unknown,Unknown,Unknown,Unknown,Unknown,Sideswipe,Non-Related,Parked Vehicle,Not Applicable,Not Applicable,East Of,,False,False,51105,DIANA AV,TIARA DR,37.34644098,-121.8364942
10109,683217,CR-0000092807,0,0,0,0,22-136-4002,False,True,51,5/15/2022 12:00:00 PM,No Pedestrians Involved,Unknown,Unknown,Daylight,Unknown,Unknown,Unknown,Other,Non-Related,Parked Vehicle,Not Applicable,Not Applicable,West Of,,False,True,51061,DIANA AV,MANASSAS CT,37.346192,-121.836261
10110,681457,CR-0000090847,0,0,0,0,22-032-9708,False,True,40,1/28/2022 12:30:00 AM,No Pedestrians Involved,Dry,No Unusual Conditions,Dark - Street Light,Violation Driver 1,No Controls Present/Factor,Clear,Sideswipe,Related,Parked Vehicle,Not Applicable,Not Applicable,East Of,,False,False,100100,PENTLAND WY,PUMPHERSTON WY,37.3150739,-121.801206
10111,682693,CR-0000092269,0,0,0,0,22-151-0086,True,False,166,5/31/2022 1:59:00 AM,No Pedestrians Involved,Dry,No Unusual Conditions,Dark - Street Light,Violation Driver 1,No Controls Present/Factor,Clear,Hit Object,Non-Related,Fixed Object,Not Applicable,Not Applicable,East Of,BIKE PATH PILLAR POLE,False,False,138115,BARACK OBAMA BL,LRT-X,37.33004377,-121.9000927
10112,711770,CR-0000101059,0,0,0,0,23-296-4009,False,True,51,10/23/2023 5:50:00 PM,Unknown,Unknown,Unknown,Unknown,Unknown,Unknown,Unknown,Vehicle/Pedestrian,Non-Related,Skateboard,Unknown,Unknown,East Of,Electric Skateboard,False,False,144076,CASSELINO DR,COMMUNICATION HILL BL,37.28180273,-121.8511092
10113,682392,CR-0000091955,0,0,0,0,22-112-0113,False,False,78,4/22/2022 5:18:00 AM,No Pedestrians Involved,Dry,No Unusual Conditions,Dark - Street Light,Violation Driver 1,No Controls Present/Factor,Clear,Rear End,Non-Related,Parked Vehicle,Not Applicable,Not Applicable,East Of,,False,True,144012,ESTANCIA DR,PALMILLA DR,37.40904905,-121.9381292