_id,CrashFactId,Name,MinorInjuries,ModerateInjuries,SevereInjuries,FatalInjuries,TcrNumber,CityDamageFlag,ShortFormFlag,Distance,CrashDateTime,PedestrianAction,RoadwaySurface,RoadwayCondition,Lighting,PrimaryCollisionFactor,TrafficControl,Weather,CollisionType,ProximityToIntersection,VehicleInvolvedWith,PedestrianDirectionFrom,PedestrianDirectionTo,DirectionFromIntersection,Comment,SpeedingFlag,HitAndRunFlag,IntersectionNumber,AStreetName,BStreetName,Latitude,Longitude
10114,720908,CR-0000103134,0,0,0,0,24-030-9706,False,True,51,1/30/2024 3:30:00 AM,No Pedestrians Involved,Dry,No Unusual Conditions,Dark - Street Light,Unknown,No Controls Present/Factor,Clear,Sideswipe,Non-Related,Parked Vehicle,Not Applicable,Not Applicable,South Of,,False,True,72258,HERMA ST,JUDITH ST,37.25052002,-121.8250688
10115,682586,CR-0000092153,1,1,0,0,22-145-0900,False,False,0,5/25/2022 8:00:00 PM,No Pedestrians Involved,Dry,No Unusual Conditions,Dusk - Dawn,Violation Driver 1,Controls Functioning,Clear,Broadside,Intersection,Other Vehicle,Not Applicable,Not Applicable,At,,False,False,19887,BLOSSOM HILL RD,CAHALAN AV,37.25057314,-121.8467521
10116,699296,CR-0000100621,0,0,0,0,23-175-4005,False,True,,6/23/2023 8:00:00 AM,No Pedestrians Involved,Unknown,Unknown,Unknown,Unknown,Unknown,Unknown,Other,Related,Parked Vehicle,Not Applicable,Not Applicable,Unknown,,False,False,19887,BLOSSOM HILL RD,CAHALAN AV,37.25057314,-121.8467521
10117,715939,CR-0000101857,0,0,0,0,23-137-0939,False,False,99,5/17/2023 9:21:00 PM,No Pedestrians Involved,Dry,No Unusual Conditions,Dark - Street Light,Violation Driver 1,Controls Functioning,Clear,Head On,Non-Related,Other Vehicle,Not Applicable,Not Applicable,East Of,,True,False,19887,BLOSSOM HILL RD,CAHALAN AV,37.25057314,-121.8467521
10118,722368,CR-0000103662,0,0,0,0,24-092-4003,False,True,51,4/1/2024 12:23:00 PM,No Pedestrians Involved,Unknown,Unknown,Unknown,Unknown,Unknown,Unknown,Rear End,Non-Related,Other Vehicle,Not Applicable,Not Applicable,Unknown,,False,False,19887,BLOSSOM HILL RD,CAHALAN AV,37.25057314,-121.8467521
10119,699178,CR-0000100498,0,0,0,0,23-181-0390,False,False,316,6/30/2023 1:35:00 PM,No Pedestrians Involved,Dry,Unknown,Daylight,Violation Driver 1,Controls Functioning,Clear,Sideswipe,Non-Related,Other Vehicle,Not Applicable,Not Applicable,West Of,,False,False,44770,COYOTE RD,HOUNDSBROOK WY,37.27949534,-121.8209217
10120,697595,CR-0000099841,1,0,0,0,23-287-0612,False,False,307,10/14/2023 4:08:00 PM,No Pedestrians Involved,Dry,No Unusual Conditions,Daylight,Violation Driver 1,No Controls Present/Factor,Clear,Sideswipe,Non-Related,Parked Vehicle,Not Applicable,Not Applicable,West Of,,True,True,44770,COYOTE RD,HOUNDSBROOK WY,37.27949534,-121.8209217
10121,689980,CR-0000096026,1,0,0,0,22-243-0915,False,False,119,8/31/2022 10:50:00 PM,No Pedestrians Involved,Dry,No Unusual Conditions,Dark - Street Light,Violation Driver 1,No Controls Present/Factor,Clear,Sideswipe,Non-Related,Other Vehicle,Not Applicable,Not Applicable,East Of,,False,True,44770,COYOTE RD,HOUNDSBROOK WY,37.27949534,-121.8209217
10122,711757,CR-0000101504,0,0,0,0,23-271-4002,False,True,,9/28/2023 8:15:00 AM,No Pedestrians Involved,Unknown,Unknown,Unknown,Unknown,Unknown,Unknown,Sideswipe,Related,Parked Vehicle,Not Applicable,Not Applicable,West Of,,False,False,44770,COYOTE RD,HOUNDSBROOK WY,37.27949534,-121.8209217
10123,719585,CR-0000102741,0,0,0,0,24-004-4004,False,True,51,1/1/2024 3:02:00 AM,No Pedestrians Involved,Unknown,Unknown,Unknown,Unknown,Unknown,Unknown,Other,Non-Related,Parked Vehicle,Not Applicable,Not Applicable,East Of,,False,False,37950,CHERRY BLOSSOM DR,LEAN AV,37.25695287,-121.8177775
10124,682115,CR-0000091636,0,0,0,0,22-085-4002,False,True,51,3/26/2022 12:30:00 PM,No Pedestrians Involved,Unknown,Unknown,Daylight,Unknown,Unknown,Unknown,Other,Non-Related,Other Vehicle,Not Applicable,Not Applicable,East Of,,False,False,47002,CURIE DR,LOS PINOS WY,37.22924008,-121.8162409
10125,682895,CR-0000092464,1,0,0,0,22-038-0679,False,False,0,2/7/2022 4:58:00 PM,Crossing In Crosswalk - At Intersection,Dry,No Unusual Conditions,Daylight,Violation Driver 1,No Controls Present/Factor,Clear,Vehicle/Pedestrian,Intersection,Pedestrian,South,North,At,PED,False,True,28379,CALERO AV,CHESBRO AV,37.24283793,-121.8441095
10126,689272,CR-0000095235,1,1,0,0,22-232-0591,True,False,0,8/20/2022 4:04:00 PM,No Pedestrians Involved,Dry,No Unusual Conditions,Daylight,Violation Driver 1,No Controls Present/Factor,Clear,Hit Object,Intersection,Fixed Object,Not Applicable,Not Applicable,At,TREE,True,False,59025,FEHREN DR,MONTEREY RD,37.28415396,-121.8414654
10127,684831,CR-0000093358,0,1,0,0,22-182-0984,False,False,0,7/1/2022 10:33:00 PM,No Pedestrians Involved,Dry,No Unusual Conditions,Dark - Street Light,Violation Driver 1,Controls Functioning,Clear,Sideswipe,Intersection,Other Vehicle,Not Applicable,Not Applicable,At,,False,False,59025,FEHREN DR,MONTEREY RD,37.28415396,-121.8414654
10128,683432,CR-0000093028,3,0,0,0,22-162-0409,False,False,0,6/11/2022 11:56:00 AM,No Pedestrians Involved,Dry,Unknown,Daylight,Violation Driver 1,Controls Functioning,Clear,Broadside,Intersection,Other Vehicle,Not Applicable,Not Applicable,At,,False,False,59025,FEHREN DR,MONTEREY RD,37.28415396,-121.8414654
10129,685168,CR-0000093844,0,0,1,0,22-238-0888,False,False,75,8/26/2022 8:37:00 PM,No Pedestrians Involved,Dry,No Unusual Conditions,Dark - Street Light,Violation Driver 1,Controls Functioning,Clear,Rear End,Non-Related,Motorcycle,Not Applicable,Not Applicable,North Of,,False,False,59025,FEHREN DR,MONTEREY RD,37.28415396,-121.8414654
10130,699155,CR-0000100473,0,0,0,0,23-155-0120,False,False,489,6/4/2023 2:30:00 AM,No Pedestrians Involved,Dry,No Unusual Conditions,Dark - Street Light,Violation Driver 1,Unknown,Clear,Rear End,Non-Related,Other Vehicle,Not Applicable,Not Applicable,North Of,,False,True,59025,FEHREN DR,MONTEREY RD,37.28415396,-121.8414654
10131,722410,CR-0000103704,0,1,0,0,24-041-0049,False,False,364,2/10/2024 12:15:00 AM,No Pedestrians Involved,Dry,No Unusual Conditions,Dark - Street Light,Violation Driver 1,No Controls Present/Factor,Clear,Vehicle/Bike,Non-Related,Bike,Not Applicable,Not Applicable,North Of,BIKE,False,True,59025,FEHREN DR,MONTEREY RD,37.28415396,-121.8414654
10132,682033,CR-0000091544,0,0,0,0,22-064-0300,False,False,68,3/5/2022 12:00:00 AM,No Pedestrians Involved,Dry,No Unusual Conditions,Daylight,Unknown,Controls Functioning,Clear,Head On,Non-Related,Parked Vehicle,Not Applicable,Not Applicable,South Of,,False,True,59542,FIELDCREST DR,WOOSLEY DR,37.23190898,-121.8077131
10133,681176,CR-0000090564,0,0,0,0,22-001-0071,False,False,95,1/1/2022 1:00:00 AM,No Pedestrians Involved,Dry,Unknown,Dark - Street Light,Violation Driver 1,No Controls Present/Factor,Clear,Head On,Non-Related,Parked Vehicle,Not Applicable,Not Applicable,East Of,,False,False,15641,BEEGUM WY,LEAN AV,37.2498675,-121.8174784
10134,711560,CR-0000101172,0,0,0,0,23-327-0707,False,False,490,11/23/2023 11:18:00 PM,No Pedestrians Involved,Dry,No Unusual Conditions,Dark - Street Light,Violation Driver 1,Controls Functioning,Clear,Other,Non-Related,Parked Vehicle,Not Applicable,Not Applicable,East Of,,False,True,18204,BIEBER DR,LEAN AV,37.24842955,-121.8174566
10135,684858,CR-0000093512,0,1,0,0,22-218-0582,False,False,172,8/6/2022 3:58:00 PM,No Pedestrians Involved,Dry,No Unusual Conditions,Daylight,Violation Driver 1,No Controls Present/Factor,Clear,Vehicle/Bike,Non-Related,Bike,Not Applicable,Not Applicable,West Of,BIKE,False,False,23693,BRANHAM LANE EAST,HOUNDSHAVEN WY,37.2696946,-121.8185142
10136,691306,CR-0000097551,0,0,0,0,23-060-4003,False,True,51,3/1/2023 9:30:00 PM,No Pedestrians Involved,Unknown,Unknown,Unknown,Unknown,Unknown,Unknown,Sideswipe,Non-Related,Other Vehicle,Not Applicable,Not Applicable,West Of,,False,False,23693,BRANHAM LANE EAST,HOUNDSHAVEN WY,37.2696946,-121.8185142
10137,716206,CR-0000102164,1,0,0,0,24-032-0274,False,False,287,2/1/2024 10:24:00 AM,No Pedestrians Involved,Wet,No Unusual Conditions,Daylight,Violation Driver 1,No Controls Present/Factor,Rain,Hit Object,Non-Related,Fixed Object,Not Applicable,Not Applicable,West Of,LIGHTPOLE,True,False,23693,BRANHAM LANE EAST,HOUNDSHAVEN WY,37.2696946,-121.8185142
10138,682791,CR-0000092393,1,0,0,0,22-133-0760,False,False,51,5/13/2022 12:00:00 PM,No Pedestrians Involved,Dry,No Unusual Conditions,Daylight,Violation Driver 1,No Controls Present/Factor,Clear,Sideswipe,Non-Related,Parked Vehicle,Not Applicable,Not Applicable,East Of,,True,True,143842,DESCANSO DR,FIRST ST,37.40514263,-121.9418386
10139,690950,CR-0000097120,1,0,0,0,23-046-0549,False,False,380,2/15/2023 1:55:00 PM,No Pedestrians Involved,Dry,No Unusual Conditions,Daylight,Violation Driver 1,No Controls Present/Factor,Clear,Sideswipe,Non-Related,Parked Vehicle,Not Applicable,Not Applicable,East Of,,True,False,144150,BAYPOINTE DR,BRISAS DR,37.40758733,-121.9420846
10140,692541,CR-0000097832,0,1,0,0,23-094-0400,False,False,34,4/4/2023 11:37:00 AM,No Pedestrians Involved,Dry,No Unusual Conditions,Daylight,Violation Driver 1,Controls Functioning,Clear,Sideswipe,Related,Other Vehicle,Not Applicable,Not Applicable,West Of,,False,False,138236,HUTCHINGS DR,UMBARGER RD,37.29960309,-121.8452358
10141,711606,CR-0000101334,0,0,0,0,24-003-9712,False,True,51,12/21/2023 6:00:00 AM,No Pedestrians Involved,Dry,No Unusual Conditions,Daylight,Unknown,Unknown,Clear,Rear End,Non-Related,Other Vehicle,Not Applicable,Not Applicable,North Of,,False,False,138236,HUTCHINGS DR,UMBARGER RD,37.29960309,-121.8452358
10142,682844,CR-0000092429,0,0,0,0,22-161-0076,False,False,234,6/10/2022 1:40:00 AM,No Pedestrians Involved,Dry,No Unusual Conditions,Dark - Street Light,Violation Driver 1,No Controls Present/Factor,Clear,Rear End,Non-Related,Parked Vehicle,Not Applicable,Not Applicable,East Of,,True,True,138038,MICHEALANGELO (E) DR,STRADA CIRCOLARE,37.31542363,-121.7641461
10143,681700,CR-0000091097,0,0,0,0,22-059-1182,True,False,182,2/28/2022 4:07:00 PM,No Pedestrians Involved,Dry,No Unusual Conditions,Daylight,Violation Driver 1,Controls Functioning,Clear,Broadside,Non-Related,Other Vehicle,Not Applicable,Not Applicable,East Of,PD,False,False,138126,BAILEY RD,MONTEREY RD,37.20761927,-121.7300878
10144,684767,CR-0000093432,0,1,0,0,22-185-1113,False,False,50,7/4/2022 11:06:00 PM,No Pedestrians Involved,Dry,No Unusual Conditions,Dark - Street Light,Violation Driver 1,Controls Functioning,Clear,Rear End,Related,Motorcycle,Not Applicable,Not Applicable,North Of,,False,False,138126,BAILEY RD,MONTEREY RD,37.20761927,-121.7300878
10145,685433,CR-0000094177,0,0,0,0,22-245-0627,False,False,100,9/2/2022 3:53:00 PM,No Pedestrians Involved,Dry,No Unusual Conditions,Daylight,Violation Driver 1,Controls Functioning,Clear,Rear End,Non-Related,Other Vehicle,Not Applicable,Not Applicable,South Of,,True,False,138126,BAILEY RD,MONTEREY RD,37.20761927,-121.7300878
10146,691292,CR-0000097537,0,1,0,0,23-033-0118,False,False,0,2/2/2023 5:20:00 AM,No Pedestrians Involved,Dry,No Unusual Conditions,Dark - Street Light,Violation Driver 1,Controls Functioning,Clear,Broadside,Intersection,Other Vehicle,Not Applicable,Not Applicable,At,,True,False,138126,BAILEY RD,MONTEREY RD,37.20761927,-121.7300878
10147,694747,CR-0000098748,0,1,1,0,23-230-1002,False,False,0,8/18/2023 10:53:00 PM,No Pedestrians Involved,Dry,No Unusual Conditions,Dark - Street Light,Violation Driver 1,Controls Functioning,Clear,Overturned,Intersection,Other Vehicle,Not Applicable,Not Applicable,At,,True,True,138126,BAILEY RD,MONTEREY RD,37.20761927,-121.7300878
10148,684988,CR-0000093610,1,0,0,0,22-217-0076,True,False,460,8/5/2022 2:01:00 AM,No Pedestrians Involved,Dry,No Unusual Conditions,Daylight,Violation Driver 1,No Controls Present/Factor,Clear,Head On,Non-Related,Fixed Object,Not Applicable,Not Applicable,East Of,TREE,True,False,138247,CASSELINO DR,MANUEL ST,37.28282341,-121.8552353
10149,689521,CR-0000095498,0,0,0,0,22-356-0007,True,False,500,12/22/2022 12:11:00 AM,No Pedestrians Involved,Dry,No Unusual Conditions,Dark - Street Light,Violation Driver 1,No Controls Present/Factor,Clear,Hit Object,Non-Related,Fixed Object,Not Applicable,Not Applicable,East Of,"LIGHT POLE, TREE",True,True,138247,CASSELINO DR,MANUEL ST,37.28282341,-121.8552353
10150,684811,CR-0000093452,1,0,0,0,22-206-0186,True,False,45,7/25/2022 6:15:00 AM,No Pedestrians Involved,Dry,No Unusual Conditions,Dusk - Dawn,Violation Driver 1,No Controls Present/Factor,Clear,Head On,Related,Fixed Object,Not Applicable,Not Applicable,West Of,TREE,False,False,138258,MOSHER DR,RUE MIRASSOU,37.32094848,-121.7688941
10151,690361,CR-0000096456,0,0,0,0,22-244-9704,False,True,51,8/31/2022 2:30:00 PM,No Pedestrians Involved,Dry,No Unusual Conditions,Daylight,Unknown,Controls Functioning,Clear,Sideswipe,Non-Related,Other Vehicle,Not Applicable,Not Applicable,South Of,,False,True,138258,MOSHER DR,RUE MIRASSOU,37.32094848,-121.7688941
10152,683263,CR-0000092837,0,0,1,0,22-194-0504,False,False,0,7/13/2022 2:14:00 PM,No Pedestrians Involved,Dry,No Unusual Conditions,Daylight,Violation Driver 1,Controls Functioning,Clear,Vehicle/Bike,Intersection,Bike,Not Applicable,Not Applicable,At,BIKE,False,False,138269,ROBERTS AV,ROBERTS PL,37.32778548,-121.858435
10153,690298,CR-0000096390,0,0,0,0,22-312-0814,False,False,41,11/8/2022 6:52:00 PM,No Pedestrians Involved,Wet,No Unusual Conditions,Daylight,Violation Driver 1,No Controls Present/Factor,Rain,Other,Related,Parked Vehicle,Not Applicable,Not Applicable,North Of,,False,False,48388,DANIEL WY,HEDDING ST,37.33000188,-121.9414221
10154,688931,CR-0000094790,1,0,0,0,22-280-0820,False,False,51,10/7/2022 6:08:00 PM,No Pedestrians Involved,Dry,No Unusual Conditions,Daylight,Violation Driver 1,Controls Functioning,Clear,Broadside,Non-Related,Other Vehicle,Not Applicable,Not Applicable,East Of,,False,False,71170,HEALY AV,TULLY RD,37.30111771,-121.857671
10155,688740,CR-0000094566,0,0,0,0,22-235-4007,False,True,51,8/23/2022 2:50:00 PM,No Pedestrians Involved,Unknown,Unknown,Daylight,Unknown,Unknown,Unknown,Rear End,Non-Related,Other Vehicle,Not Applicable,Not Applicable,Unknown,,False,False,69101,GUADALUPE PW,TAYLOR ST,37.34683568,-121.9044825
10156,682253,CR-0000091802,0,0,0,0,22-103-9706,False,True,0,4/8/2022 3:30:00 PM,No Pedestrians Involved,Dry,No Unusual Conditions,Daylight,Unknown,Controls Functioning,Clear,Sideswipe,Intersection,Other Vehicle,Not Applicable,Not Applicable,At,,False,False,69101,GUADALUPE PW,TAYLOR ST,37.34683568,-121.9044825
10157,690217,CR-0000096306,0,0,0,0,22-274-9702,False,True,51,9/30/2022 8:00:00 PM,No Pedestrians Involved,Dry,No Unusual Conditions,Dark - Street Light,Unknown,Controls Functioning,Clear,Sideswipe,Non-Related,Other Vehicle,Not Applicable,Not Applicable,East Of,,False,False,69101,GUADALUPE PW,TAYLOR ST,37.34683568,-121.9044825
10158,690622,CR-0000096743,0,0,0,0,23-030-0820,False,False,0,1/30/2023 8:10:00 PM,No Pedestrians Involved,Dry,No Unusual Conditions,Dark - Street Light,Violation Driver 1,Controls Functioning,Clear,Broadside,Intersection,Other Vehicle,Not Applicable,Not Applicable,At,,False,True,69101,GUADALUPE PW,TAYLOR ST,37.34683568,-121.9044825
10159,691252,CR-0000097477,1,0,0,0,23-054-0919,False,False,0,2/22/2023 9:00:00 PM,No Pedestrians Involved,Dry,No Unusual Conditions,Dark - Street Light,Unknown,No Controls Present/Factor,Unknown,Vehicle/Bike,Intersection,Bike,Not Applicable,Not Applicable,At,BIKE,False,False,69101,GUADALUPE PW,TAYLOR ST,37.34683568,-121.9044825
10160,694375,CR-0000098319,0,1,0,0,23-165-0713,False,False,0,6/14/2023 6:09:00 PM,No Pedestrians Involved,Dry,No Unusual Conditions,Daylight,Violation Driver 1,Controls Functioning,Clear,Hit Object,Intersection,Fixed Object,Not Applicable,Not Applicable,At,POLE,False,False,69101,GUADALUPE PW,TAYLOR ST,37.34683568,-121.9044825
10161,699300,CR-0000100625,0,0,0,0,23-157-4000,False,True,0,6/5/2023 10:38:00 PM,No Pedestrians Involved,Unknown,Unknown,Unknown,Unknown,Unknown,Unknown,Broadside,Intersection,Other Vehicle,Not Applicable,Not Applicable,At,,False,False,69101,GUADALUPE PW,TAYLOR ST,37.34683568,-121.9044825
10162,716395,CR-0000102394,2,0,0,0,24-036-9701,False,True,0,2/2/2024 8:15:00 AM,No Pedestrians Involved,Wet,No Unusual Conditions,Dusk - Dawn,Unknown,Unknown,Rain,Rear End,Intersection,Other Vehicle,Not Applicable,Not Applicable,At,,False,False,69101,GUADALUPE PW,TAYLOR ST,37.34683568,-121.9044825
10163,682971,CR-0000092576,0,1,0,0,22-120-0963,False,False,45,4/30/2022 11:35:00 PM,No Pedestrians Involved,Dry,No Unusual Conditions,Dark - Street Light,Violation Driver 1,No Controls Present/Factor,Clear,Sideswipe,Related,Parked Vehicle,Not Applicable,Not Applicable,East Of,,False,True,97338,OLD PIEDMONT RD,TUMBLE WY,37.40681863,-121.8471882
10164,719766,CR-0000102939,0,0,0,0,24-025-4002,False,True,51,1/22/2024 6:00:00 PM,No Pedestrians Involved,Unknown,Unknown,Unknown,Unknown,Unknown,Unknown,Other,Non-Related,Parked Vehicle,Not Applicable,Not Applicable,East Of,,False,False,45946,CROPLEY AV,MINTO DR,37.41472589,-121.8588218
10165,682176,CR-0000091728,1,0,0,0,22-062-0159,False,False,37,3/3/2022 6:53:00 AM,No Pedestrians Involved,Dry,No Unusual Conditions,Daylight,Violation Driver 1,No Controls Present/Factor,Clear,Sideswipe,Related,Other Vehicle,Not Applicable,Not Applicable,West Of,,False,False,143987,HOME DEPOT DW,STORY RD,37.35337735,-121.8232716
10166,681184,CR-0000090577,1,0,0,0,22-002-0593,False,False,63,1/2/2022 5:51:00 PM,No Pedestrians Involved,Dry,No Unusual Conditions,Dark - Street Light,Violation Driver 1,No Controls Present/Factor,Clear,Rear End,Non-Related,Other Vehicle,Not Applicable,Not Applicable,West Of,,False,False,143987,HOME DEPOT DW,STORY RD,37.35337735,-121.8232716
10167,681208,CR-0000090593,2,0,0,0,22-003-0575,False,False,0,1/3/2022 2:33:00 PM,No Pedestrians Involved,Dry,No Unusual Conditions,Daylight,Violation Driver 1,Controls Functioning,Cloudy,Head On,Intersection,Other Vehicle,Not Applicable,Not Applicable,At,,True,False,143987,HOME DEPOT DW,STORY RD,37.35337735,-121.8232716
10168,690732,CR-0000096869,1,0,0,0,23-033-0686,False,False,48,2/2/2023 6:54:00 PM,No Pedestrians Involved,Dry,No Unusual Conditions,Dusk - Dawn,Violation Driver 1,Controls Functioning,Clear,Rear End,Related,Other Vehicle,Not Applicable,Not Applicable,West Of,,True,True,143987,HOME DEPOT DW,STORY RD,37.35337735,-121.8232716
10169,716139,CR-0000102115,1,0,0,0,24-023-0179,False,False,0,1/23/2024 7:57:00 AM,No Pedestrians Involved,Wet,No Unusual Conditions,Daylight,Violation Driver 1,Controls Functioning,Cloudy,Rear End,Intersection,Motor Vehicle On Other Roadway,Not Applicable,Not Applicable,At,,False,False,143987,HOME DEPOT DW,STORY RD,37.35337735,-121.8232716
10170,711852,CR-0000101231,0,0,0,0,23-332-0737,False,False,0,11/28/2023 6:20:00 PM,No Pedestrians Involved,Dry,No Unusual Conditions,Dark - Street Light,Violation Driver 1,No Controls Present/Factor,Clear,Vehicle/Bike,Intersection,Bike,Not Applicable,Not Applicable,At,BIKE,False,False,143987,HOME DEPOT DW,STORY RD,37.35337735,-121.8232716
10171,681795,CR-0000091195,1,0,0,0,22-076-0673,False,False,0,3/17/2022 4:26:00 PM,No Pedestrians Involved,Dry,No Unusual Conditions,Daylight,Violation Driver 1,Controls Functioning,Clear,Rear End,Intersection,Other Vehicle,Not Applicable,Not Applicable,At,,True,False,134958,HILLSDALE AV,HOME DEPOT DW,37.26268876,-121.918832
10172,681550,CR-0000090946,0,1,0,0,22-039-0614,False,False,0,2/8/2022 3:14:00 PM,No Pedestrians Involved,Dry,No Unusual Conditions,Daylight,Violation Driver 1,No Controls Present/Factor,Clear,Rear End,Intersection,Other Vehicle,Not Applicable,Not Applicable,At,,False,False,143906,CARLTON AV,CHARLOTTE AV,37.24825768,-121.9394698
10173,694097,CR-0000098165,0,1,0,0,23-150-0675,False,False,0,5/30/2023 5:15:00 PM,No Pedestrians Involved,Dry,No Unusual Conditions,Daylight,Violation Driver 1,No Controls Present/Factor,Clear,Broadside,Intersection,Other Vehicle,Not Applicable,Not Applicable,At,,False,False,132989,CASA NUEVA CT,FOXWORTHY AV,37.26733076,-121.9292231
10174,689813,CR-0000095839,0,0,1,0,22-354-0518,False,False,45,12/20/2022 1:49:00 PM,No Pedestrians Involved,Dry,No Unusual Conditions,Daylight,Bike At Fault,No Controls Present/Factor,Clear,Vehicle/Bike,Related,Bike,Not Applicable,Not Applicable,East Of,BIKE,False,False,30470,CAMDEN AV,TAPER AV,37.26174038,-121.9285287
10175,711674,CR-0000100850,0,0,0,0,23-184-1086,False,False,129,7/3/2023 11:36:00 PM,No Pedestrians Involved,Dry,No Unusual Conditions,Dark - Street Light,Violation Driver 1,No Controls Present/Factor,Clear,Sideswipe,Non-Related,Parked Vehicle,Not Applicable,Not Applicable,West Of,,False,False,30470,CAMDEN AV,TAPER AV,37.26174038,-121.9285287
10176,689549,CR-0000095526,0,0,0,0,22-354-0278,True,False,0,12/20/2022 10:01:00 AM,No Pedestrians Involved,Dry,No Unusual Conditions,Daylight,Violation Driver 1,Controls Functioning,Clear,Hit Object,Intersection,Fixed Object,Not Applicable,Not Applicable,At,signage,False,False,115390,DICKENS AV,SAMARITAN DR,37.25063413,-121.9373664
10177,694596,CR-0000098620,0,1,0,0,23-203-0741,True,False,0,7/22/2023 8:13:00 PM,No Pedestrians Involved,Dry,No Unusual Conditions,Daylight,Violation Driver 1,Controls Not Functioning,Clear,Hit Object,Intersection,Fixed Object,Not Applicable,Not Applicable,At,SIGN,False,False,115390,DICKENS AV,SAMARITAN DR,37.25063413,-121.9373664
10178,681204,CR-0000090589,0,0,0,0,22-003-0256,False,False,25,1/3/2022 5:30:00 AM,No Pedestrians Involved,Dry,No Unusual Conditions,Daylight,Violation Driver 1,No Controls Present/Factor,Clear,Rear End,Related,Parked Vehicle,Not Applicable,Not Applicable,North Of,,False,False,1880,ADONIS WY,ELESTER DR,37.24666592,-121.9448192
10179,722330,CR-0000103624,0,0,0,0,24-093-4000,False,True,51,3/31/2024 6:15:00 PM,No Pedestrians Involved,Unknown,Unknown,Unknown,Unknown,Unknown,Unknown,Other,Non-Related,Parked Vehicle,Not Applicable,Not Applicable,West Of,,False,False,137169,BAYPOINT PW,RIO ROBLES EAST,37.40778408,-121.9388817
10180,720937,CR-0000103172,0,1,0,0,24-047-0892,False,False,0,2/16/2024 10:16:00 PM,No Pedestrians Involved,Dry,No Unusual Conditions,Dark - Street Light,Violation Driver 1,Controls Functioning,Clear,Hit Object,Intersection,Fixed Object,Not Applicable,Not Applicable,At,FENCE,False,False,143929,WESTBORO CT,WESTBORO DR,37.35725696,-121.8265181
10181,682228,CR-0000091762,0,0,0,0,22-071-0861,False,False,35,3/12/2022 9:45:00 PM,No Pedestrians Involved,Dry,No Unusual Conditions,Dark - Street Light,Violation Driver 1,Controls Functioning,Clear,Rear End,Related,Parked Vehicle,Not Applicable,Not Applicable,West Of,,True,False,94687,MURTHA DR,SUNSHADOW LN,37.34928816,-121.8210168
10182,684680,CR-0000093308,1,1,0,0,22-168-0404,False,False,20,6/17/2022 12:38:00 PM,No Pedestrians Involved,Dry,No Unusual Conditions,Daylight,Violation Driver 1,Controls Functioning,Clear,Rear End,Related,Parked Vehicle,Not Applicable,Not Applicable,South Of,,True,False,143934,DORIS AV,DORIS CT,37.35812839,-121.8265043
10183,695877,CR-0000098969,0,0,0,0,23-106-0369,False,False,195,4/16/2023 11:52:00 AM,No Pedestrians Involved,Dry,No Unusual Conditions,Daylight,Violation Driver 1,No Controls Present/Factor,Clear,Sideswipe,Non-Related,Parked Vehicle,Not Applicable,Not Applicable,North Of,,False,True,143934,DORIS AV,DORIS CT,37.35812839,-121.8265043
10184,689711,CR-0000095714,0,0,0,0,22-351-0459,False,False,224,12/17/2022 2:22:00 PM,No Pedestrians Involved,Dry,No Unusual Conditions,Daylight,Violation Driver 1,Controls Functioning,Clear,Sideswipe,Non-Related,Parked Vehicle,Not Applicable,Not Applicable,East Of,,False,False,1870,ADOBE CREEK CT,GRANITE CREEK PL,37.35551622,-121.8255344
10185,690120,CR-0000096202,0,0,0,0,22-345-0516,False,False,0,12/11/2022 4:52:00 PM,No Pedestrians Involved,Wet,No Unusual Conditions,Dark - Street Light,Violation Driver 1,No Controls Present/Factor,Rain,Head On,Intersection,Parked Vehicle,Not Applicable,Not Applicable,At,,True,True,11945,BAGDHAD PL,LILLIPUT LN,37.35225793,-121.8304408
10186,683274,CR-0000092872,0,0,0,0,22-164-4006,False,True,51,6/12/2022 11:25:00 PM,No Pedestrians Involved,Unknown,Unknown,Unknown,Unknown,Unknown,Unknown,Sideswipe,Non-Related,Other Vehicle,Not Applicable,Not Applicable,East Of,,False,True,11956,BAGDHAD PL,VAN WINKLE LN,37.35113241,-121.8294639
10187,684705,CR-0000093334,0,0,0,0,22-178-9702,False,True,51,6/27/2022 12:00:00 AM,No Pedestrians Involved,Dry,No Unusual Conditions,Dark - Street Light,Unknown,No Controls Present/Factor,Clear,Sideswipe,Non-Related,Other Vehicle,Not Applicable,Not Applicable,East Of,,False,False,94698,MURTHA DR,WOODALE CT,37.35123337,-121.8170896
10188,681156,CR-0000090541,1,0,0,0,22-015-0277,False,False,0,1/15/2022 11:09:00 AM,No Pedestrians Involved,Dry,No Unusual Conditions,Daylight,Violation Driver 1,Controls Functioning,Clear,Rear End,Intersection,Other Vehicle,Not Applicable,Not Applicable,At,,False,False,39038,CHYNOWETH AV,EDENVALE AV/LEAN AV,37.25888432,-121.8193579