_id,CrashFactId,Name,MinorInjuries,ModerateInjuries,SevereInjuries,FatalInjuries,TcrNumber,CityDamageFlag,ShortFormFlag,Distance,CrashDateTime,PedestrianAction,RoadwaySurface,RoadwayCondition,Lighting,PrimaryCollisionFactor,TrafficControl,Weather,CollisionType,ProximityToIntersection,VehicleInvolvedWith,PedestrianDirectionFrom,PedestrianDirectionTo,DirectionFromIntersection,Comment,SpeedingFlag,HitAndRunFlag,IntersectionNumber,AStreetName,BStreetName,Latitude,Longitude
10189,681239,CR-0000090624,0,0,0,0,22-031-4008,False,True,51,1/31/2022 9:00:00 PM,No Pedestrians Involved,Unknown,Unknown,Unknown,Unknown,Unknown,Unknown,Other,Non-Related,Other Vehicle,Not Applicable,Not Applicable,North Of,,False,False,39038,CHYNOWETH AV,EDENVALE AV/LEAN AV,37.25888432,-121.8193579
10190,689731,CR-0000095743,3,0,0,0,22-354-0462,False,False,0,12/20/2022 1:00:00 PM,No Pedestrians Involved,Dry,No Unusual Conditions,Daylight,Violation Driver 1,Controls Functioning,Clear,Sideswipe,Intersection,Other Vehicle,Not Applicable,Not Applicable,At,,True,False,39038,CHYNOWETH AV,EDENVALE AV/LEAN AV,37.25888432,-121.8193579
10191,695870,CR-0000098935,0,0,0,0,23-091-0658,False,False,0,4/1/2023 7:14:00 PM,No Pedestrians Involved,Dry,No Unusual Conditions,Daylight,Violation Driver 1,Unknown,Clear,Rear End,Intersection,Other Vehicle,Not Applicable,Not Applicable,At,,True,False,39038,CHYNOWETH AV,EDENVALE AV/LEAN AV,37.25888432,-121.8193579
10192,695838,CR-0000098903,0,0,0,0,23-092-9702,False,True,,4/1/2023 6:30:00 PM,No Pedestrians Involved,Dry,Unknown,Daylight,Unknown,Unknown,Clear,Rear End,Related,Other Vehicle,Not Applicable,Not Applicable,Unknown,,False,False,39038,CHYNOWETH AV,EDENVALE AV/LEAN AV,37.25888432,-121.8193579
10193,694786,CR-0000098823,1,0,0,0,23-220-0115,False,False,70,8/8/2023 4:50:00 AM,No Pedestrians Involved,Dry,Other,Dark - Street Light,Violation Driver 1,Controls Functioning,Clear,Head On,Non-Related,Fixed Object,Not Applicable,Not Applicable,West Of,FALLEN TREE,False,False,39038,CHYNOWETH AV,EDENVALE AV/LEAN AV,37.25888432,-121.8193579
10194,684679,CR-0000093307,0,1,0,0,22-167-0875,True,False,200,6/16/2022 10:45:00 PM,No Pedestrians Involved,Dry,No Unusual Conditions,Dark - Street Light,Violation Driver 1,No Controls Present/Factor,Clear,Hit Object,Non-Related,Fixed Object,Not Applicable,Not Applicable,East Of,TREE,False,False,39192,CHYNOWETH AV,RIO GRANDE DR,37.25883322,-121.8247766
10195,712150,CR-0000101183,0,0,0,0,23-321-9701,False,True,0,11/4/2023 10:10:00 AM,No Pedestrians Involved,Dry,No Unusual Conditions,Daylight,Unknown,Unknown,Clear,Broadside,Intersection,Other Vehicle,Not Applicable,Not Applicable,At,,False,False,83060,LELAND AV,PARKMOOR AV,37.31725635,-121.9267766
10196,683153,CR-0000092681,0,0,0,0,22-163-0131,True,False,1000,6/12/2022 2:08:00 AM,No Pedestrians Involved,Dry,No Unusual Conditions,Dark - Street Light,Violation Driver 1,No Controls Present/Factor,Clear,Head On,Non-Related,Fixed Object,Not Applicable,Not Applicable,South Of,"TELEPHONE POLE, TREE",True,False,81256,LAGUNA AV,MONTEREY RD,37.1986429,-121.7209174
10197,694049,CR-0000097916,0,0,0,0,23-114-9704,False,True,51,3/20/2023 5:00:00 PM,No Pedestrians Involved,Dry,No Unusual Conditions,Daylight,Violation Driver 1,Unknown,Clear,Rear End,Non-Related,Other Vehicle,Not Applicable,Not Applicable,North Of,,False,True,80717,KOSICH DR,SARATOGA AV,37.28730536,-121.9967781
10198,722498,CR-0000103803,0,0,0,0,24-108-0171,False,False,21,4/17/2024 7:59:00 AM,No Pedestrians Involved,Dry,No Unusual Conditions,Daylight,Violation Driver 1,Controls Functioning,Clear,Broadside,Related,Other Vehicle,Not Applicable,Not Applicable,West Of,,False,True,3607,ALEXIAN DR,JACKSON AV,37.36090196,-121.8458882
10199,696022,CR-0000099157,0,0,0,0,23-206-1078,False,False,179,7/25/2023 11:39:00 PM,No Pedestrians Involved,Dry,No Unusual Conditions,Dark - Street Light,Violation Driver 1,No Controls Present/Factor,Clear,Broadside,Non-Related,Parked Vehicle,Not Applicable,Not Applicable,South Of,,False,True,62578,FOSS AV,SAN FERNANDO ST,37.35755591,-121.8408983
10200,683536,CR-0000093134,0,0,0,0,22-206-0001,True,False,14,7/25/2022 12:24:00 AM,No Pedestrians Involved,Dry,No Unusual Conditions,Dark - Street Light,Violation Driver 1,Controls Functioning,Clear,Head On,Related,Fixed Object,Not Applicable,Not Applicable,West Of,TRAFFIC LIGHT,False,False,89627,MCKEE RD,WHITE RD,37.37510976,-121.8356085
10201,686422,CR-0000094192,0,0,0,0,22-263-0867,False,False,0,9/20/2022 7:00:00 PM,Crossing In Crosswalk - At Intersection,Dry,No Unusual Conditions,Dusk - Dawn,Violation Driver 1,Controls Functioning,Clear,Vehicle/Pedestrian,Intersection,Pedestrian,East,West,At,PEDESTRIAN,False,True,89627,MCKEE RD,WHITE RD,37.37510976,-121.8356085
10202,689673,CR-0000095655,1,0,0,0,22-323-0742,False,False,0,11/19/2022 7:15:00 PM,Crossing - Not In Crosswalk,Dry,No Unusual Conditions,Dark - Street Light,Pedestrian At Fault,Unknown,Clear,Vehicle/Pedestrian,Intersection,Pedestrian,East,West,At,PED,False,False,89627,MCKEE RD,WHITE RD,37.37510976,-121.8356085
10203,681639,CR-0000091036,0,0,0,0,22-068-9709,False,False,,1/28/2022 10:30:00 PM,No Pedestrians Involved,Unknown,Unknown,Unknown,Unknown,Unknown,Unknown,Broadside,Related,Other Vehicle,Not Applicable,Not Applicable,At,,False,False,89627,MCKEE RD,WHITE RD,37.37510976,-121.8356085
10204,681548,CR-0000090944,0,0,1,0,22-039-0147,False,False,28,2/8/2022 6:18:00 AM,Crossing - Not In Crosswalk,Dry,Unknown,Dusk - Dawn,Pedestrian At Fault,Controls Functioning,Clear,Vehicle/Pedestrian,Related,Pedestrian,South,North,West Of,PEDESTRIAN,False,False,89627,MCKEE RD,WHITE RD,37.37510976,-121.8356085
10205,681722,CR-0000091119,2,0,0,0,22-057-0941,False,False,0,2/26/2022 11:09:00 PM,No Pedestrians Involved,Dry,No Unusual Conditions,Dark - Street Light,Violation Driver 1,Controls Functioning,Clear,Broadside,Intersection,Other Vehicle,Not Applicable,Not Applicable,At,,False,False,89627,MCKEE RD,WHITE RD,37.37510976,-121.8356085
10206,682039,CR-0000091550,0,0,0,0,22-064-0953,True,False,50,3/5/2022 11:26:00 PM,No Pedestrians Involved,Dry,No Unusual Conditions,Dark - Street Light,Violation Driver 1,Controls Functioning,Clear,Head On,Related,Fixed Object,Not Applicable,Not Applicable,South Of,"Light Pole, Signal Light",False,True,89627,MCKEE RD,WHITE RD,37.37510976,-121.8356085
10207,681961,CR-0000091470,0,0,0,0,22-060-0125,False,False,0,3/1/2022 5:17:00 AM,No Pedestrians Involved,Dry,No Unusual Conditions,Dark - Street Light,Violation Driver 1,Controls Functioning,Clear,Broadside,Intersection,Other Vehicle,Not Applicable,Not Applicable,At,,False,True,89627,MCKEE RD,WHITE RD,37.37510976,-121.8356085
10208,682463,CR-0000092028,0,1,0,0,22-118-0684,False,False,280,4/28/2022 4:30:00 PM,No Pedestrians Involved,Dry,No Unusual Conditions,Daylight,Violation Driver 1,Controls Functioning,Clear,Vehicle/Bike,Non-Related,Bike,Not Applicable,Not Applicable,South Of,BIKE,False,False,89627,MCKEE RD,WHITE RD,37.37510976,-121.8356085
10209,682534,CR-0000092101,0,0,0,0,22-107-0675,False,False,130,4/7/2022 7:23:00 PM,No Pedestrians Involved,Dry,No Unusual Conditions,Daylight,Violation Driver 1,Controls Functioning,Clear,Rear End,Non-Related,Other Vehicle,Not Applicable,Not Applicable,North Of,,False,False,89627,MCKEE RD,WHITE RD,37.37510976,-121.8356085
10210,696143,CR-0000099285,4,0,0,0,23-229-0204,False,False,0,8/17/2023 8:30:00 AM,No Pedestrians Involved,Dry,No Unusual Conditions,Daylight,Violation Driver 1,Controls Functioning,Clear,Sideswipe,Intersection,Other Vehicle,Not Applicable,Not Applicable,At,,False,False,89627,MCKEE RD,WHITE RD,37.37510976,-121.8356085
10211,696320,CR-0000099476,2,0,0,0,23-290-0744,False,False,0,10/17/2023 6:27:00 PM,No Pedestrians Involved,Dry,No Unusual Conditions,Dusk - Dawn,Violation Driver 1,Controls Functioning,Clear,Rear End,Intersection,Other Vehicle,Not Applicable,Not Applicable,At,,True,True,89627,MCKEE RD,WHITE RD,37.37510976,-121.8356085
10212,694733,CR-0000098765,2,0,0,0,23-239-0804,False,False,,8/27/2023 8:16:00 PM,No Pedestrians Involved,Dry,No Unusual Conditions,Dark - Street Light,Violation Driver 1,Controls Functioning,Clear,Rear End,Non-Related,Other Vehicle,Not Applicable,Not Applicable,East Of,,False,False,89627,MCKEE RD,WHITE RD,37.37510976,-121.8356085
10213,699211,CR-0000100532,0,0,0,0,23-162-4000,False,True,,6/11/2023 12:25:00 PM,No Pedestrians Involved,Unknown,Unknown,Unknown,Unknown,Unknown,Unknown,Rear End,Related,Other Vehicle,Not Applicable,Not Applicable,Unknown,,False,False,89627,MCKEE RD,WHITE RD,37.37510976,-121.8356085
10214,697563,CR-0000099774,0,0,0,0,23-140-0947,False,False,208,5/20/2023 10:24:00 PM,No Pedestrians Involved,Dry,No Unusual Conditions,Dark - Street Light,Violation Driver 1,No Controls Present/Factor,Clear,Head On,Non-Related,Other Vehicle,Not Applicable,Not Applicable,North Of,,False,True,89627,MCKEE RD,WHITE RD,37.37510976,-121.8356085
10215,697571,CR-0000099782,0,0,0,0,23-144-0939,False,False,,5/24/2023 8:22:00 PM,No Pedestrians Involved,Dry,No Unusual Conditions,Dark - Street Light,Violation Driver 1,Controls Functioning,Clear,Rear End,Related,Other Vehicle,Not Applicable,Not Applicable,East Of,,False,True,89627,MCKEE RD,WHITE RD,37.37510976,-121.8356085
10216,698871,CR-0000100156,1,0,0,0,23-146-0047,False,False,0,5/26/2023 9:36:00 PM,No Pedestrians Involved,Dry,No Unusual Conditions,Dark - Street Light,Violation Driver 1,Controls Functioning,Clear,Sideswipe,Intersection,Other Vehicle,Not Applicable,Not Applicable,At,,False,True,89627,MCKEE RD,WHITE RD,37.37510976,-121.8356085
10217,698786,CR-0000100067,1,0,0,0,23-350-0681,False,False,0,12/16/2023 6:39:00 PM,No Pedestrians Involved,Dry,Unknown,Dark - Street Light,Violation Driver 1,Controls Functioning,Clear,Sideswipe,Intersection,Other Vehicle,Not Applicable,Not Applicable,At,,False,False,89627,MCKEE RD,WHITE RD,37.37510976,-121.8356085
10218,690980,CR-0000097151,0,0,0,0,23-045-0398,False,False,150,2/14/2023 12:26:00 PM,No Pedestrians Involved,Dry,No Unusual Conditions,Daylight,Violation Driver 1,No Controls Present/Factor,Cloudy,Broadside,Non-Related,Other Vehicle,Not Applicable,Not Applicable,South Of,Sign and Fence,False,False,89627,MCKEE RD,WHITE RD,37.37510976,-121.8356085
10219,690728,CR-0000096865,1,0,0,0,23-057-0459,False,False,0,2/26/2023 2:10:00 PM,Crossing In Crosswalk - At Intersection,Dry,No Unusual Conditions,Daylight,Violation Driver 1,Controls Functioning,Cloudy,Vehicle/Pedestrian,Intersection,Pedestrian,East,West,At,,False,True,89627,MCKEE RD,WHITE RD,37.37510976,-121.8356085
10220,690564,CR-0000096685,0,0,0,0,23-023-0492,False,False,0,1/23/2023 12:15:00 PM,No Pedestrians Involved,Dry,No Unusual Conditions,Daylight,Violation Driver 1,Controls Functioning,Clear,Sideswipe,Intersection,Other Vehicle,Not Applicable,Not Applicable,At,,True,True,89627,MCKEE RD,WHITE RD,37.37510976,-121.8356085
10221,690223,CR-0000096312,0,0,0,0,22-248-9701,False,True,0,9/3/2022 3:11:00 PM,No Pedestrians Involved,Dry,No Unusual Conditions,Daylight,Unknown,Controls Functioning,Clear,Rear End,Intersection,Other Vehicle,Not Applicable,Not Applicable,At,,False,False,89627,MCKEE RD,WHITE RD,37.37510976,-121.8356085
10222,712235,CR-0000101679,0,0,0,0,23-140-0241,False,False,0,5/19/2023 1:10:00 PM,No Pedestrians Involved,Dry,Construction - Repair Zone,Daylight,Unknown,Controls Functioning,Clear,Sideswipe,Intersection,Other Vehicle,Not Applicable,Not Applicable,At,,False,True,89627,MCKEE RD,WHITE RD,37.37510976,-121.8356085
10223,711603,CR-0000101200,0,0,0,0,23-202-0588,False,True,0,7/21/2023 3:05:00 PM,No Pedestrians Involved,Dry,No Unusual Conditions,Daylight,Unknown,Controls Functioning,Clear,Other,Intersection,Other Vehicle,Not Applicable,Not Applicable,At,,False,False,89627,MCKEE RD,WHITE RD,37.37510976,-121.8356085
10224,711659,CR-0000100978,0,0,0,0,23-244-9701,False,True,0,9/1/2023 5:32:00 AM,No Pedestrians Involved,Dry,No Unusual Conditions,Dark - Street Light,Unknown,Controls Functioning,Unknown,Rear End,Intersection,Other Vehicle,Not Applicable,Not Applicable,At,,False,False,89627,MCKEE RD,WHITE RD,37.37510976,-121.8356085
10225,717446,CR-0000102470,1,1,0,0,24-084-0675,False,False,456,3/24/2024 6:45:00 PM,No Pedestrians Involved,Dry,No Unusual Conditions,Dusk - Dawn,Violation Driver 1,No Controls Present/Factor,Cloudy,Broadside,Non-Related,Other Vehicle,Not Applicable,Not Applicable,South Of,,False,False,89627,MCKEE RD,WHITE RD,37.37510976,-121.8356085
10226,682688,CR-0000092264,0,0,0,0,22-139-0912,False,False,21,5/19/2022 7:30:00 PM,No Pedestrians Involved,Dry,No Unusual Conditions,Daylight,Violation Driver 1,Controls Functioning,Clear,Sideswipe,Related,Other Vehicle,Not Applicable,Not Applicable,North Of,,False,False,116478,FIRST ST,HEADQUARTERS DR/VISTA MONTANA,37.41502395,-121.9538017
10227,681325,CR-0000090712,1,0,0,0,22-029-0790,False,False,604,1/29/2022 8:17:00 PM,Crossing - Not In Crosswalk,Dry,No Unusual Conditions,Dark - Street Light,Violation Driver 1,No Controls Present/Factor,Clear,Vehicle/Bike,Non-Related,Bike,South,North,North Of,Scooter,False,False,116478,FIRST ST,HEADQUARTERS DR/VISTA MONTANA,37.41502395,-121.9538017
10228,687617,CR-0000094410,1,0,0,0,22-271-0138,False,False,36,9/28/2022 5:48:00 AM,No Pedestrians Involved,Dry,No Unusual Conditions,Dark - Street Light,Violation Driver 1,Controls Functioning,Clear,Rear End,Related,Other Vehicle,Not Applicable,Not Applicable,South Of,,True,False,116478,FIRST ST,HEADQUARTERS DR/VISTA MONTANA,37.41502395,-121.9538017
10229,688984,CR-0000094843,0,0,0,0,22-257-4003,False,True,51,9/11/2022 7:00:00 PM,No Pedestrians Involved,Unknown,Unknown,Unknown,Unknown,Unknown,Unknown,Rear End,Non-Related,Other Vehicle,Not Applicable,Not Applicable,North Of,,False,False,116478,FIRST ST,HEADQUARTERS DR/VISTA MONTANA,37.41502395,-121.9538017
10230,698664,CR-0000099890,1,0,0,0,23-225-0129,True,False,322,8/13/2023 3:00:00 AM,No Pedestrians Involved,Dry,No Unusual Conditions,Dark - Street Light,Violation Driver 1,No Controls Present/Factor,Clear,Hit Object,Non-Related,Fixed Object,Not Applicable,Not Applicable,North Of,"TREE, LIGHT POLE",True,False,116478,FIRST ST,HEADQUARTERS DR/VISTA MONTANA,37.41502395,-121.9538017
10231,694665,CR-0000098698,1,0,0,0,23-234-0439,False,False,295,8/22/2023 1:13:00 PM,Crossing - Not In Crosswalk,Dry,No Unusual Conditions,Daylight,Violation Driver 1,No Controls Present/Factor,Clear,Vehicle/Pedestrian,Non-Related,Pedestrian,North,South,North Of,PED,False,True,116478,FIRST ST,HEADQUARTERS DR/VISTA MONTANA,37.41502395,-121.9538017
10232,694641,CR-0000098674,1,0,0,0,23-210-0680,False,False,0,7/29/2023 6:22:00 PM,No Pedestrians Involved,Dry,No Unusual Conditions,Daylight,Violation Driver 1,Controls Functioning,Clear,Broadside,Intersection,Other Vehicle,Not Applicable,Not Applicable,At,,False,False,116478,FIRST ST,HEADQUARTERS DR/VISTA MONTANA,37.41502395,-121.9538017
10233,720833,CR-0000103036,0,0,0,0,24-042-0219,False,False,187,2/11/2024 8:01:00 AM,No Pedestrians Involved,Dry,No Unusual Conditions,Daylight,Violation Driver 1,No Controls Present/Factor,Clear,Hit Object,Non-Related,Fixed Object,Not Applicable,Not Applicable,North Of,LIGHTPOLE,True,True,116478,FIRST ST,HEADQUARTERS DR/VISTA MONTANA,37.41502395,-121.9538017
10234,694563,CR-0000098587,0,1,0,0,23-200-0433,False,False,0,7/19/2023 1:13:00 PM,No Pedestrians Involved,Dry,No Unusual Conditions,Daylight,Violation Driver 1,Controls Functioning,Clear,Rear End,Intersection,Other Vehicle,Not Applicable,Not Applicable,At,,True,False,116797,FIRST ST,HOLGER WY/LAMPLIGHTER WY,37.41634904,-121.9559656
10235,696380,CR-0000099538,0,0,0,0,23-137-4005,False,True,,5/14/2023 9:05:00 PM,No Pedestrians Involved,Unknown,Unknown,Unknown,Unknown,Unknown,Unknown,Sideswipe,Related,Other Vehicle,Not Applicable,Not Applicable,South Of,,False,False,116797,FIRST ST,HOLGER WY/LAMPLIGHTER WY,37.41634904,-121.9559656
10236,690260,CR-0000096351,0,0,0,0,22-267-4001,False,True,0,9/24/2022 8:25:00 AM,No Pedestrians Involved,Unknown,Unknown,Daylight,Unknown,Unknown,Unknown,Broadside,Intersection,Unknown,Not Applicable,Not Applicable,At,,False,False,116797,FIRST ST,HOLGER WY/LAMPLIGHTER WY,37.41634904,-121.9559656
10237,690851,CR-0000096992,0,0,0,0,23-020-0451,False,False,150,1/20/2023 1:34:00 PM,No Pedestrians Involved,Dry,No Unusual Conditions,Daylight,Violation Driver 1,No Controls Present/Factor,Clear,Sideswipe,Non-Related,Other Vehicle,Not Applicable,Not Applicable,North Of,,False,True,116797,FIRST ST,HOLGER WY/LAMPLIGHTER WY,37.41634904,-121.9559656
10238,716032,CR-0000101767,0,0,0,0,23-025-9705,False,True,0,1/24/2023 12:00:00 PM,No Pedestrians Involved,Dry,No Unusual Conditions,Daylight,Unknown,Controls Functioning,Clear,Rear End,Intersection,Other Vehicle,Not Applicable,Not Applicable,At,,False,False,116797,FIRST ST,HOLGER WY/LAMPLIGHTER WY,37.41634904,-121.9559656
10239,683381,CR-0000092975,1,0,0,0,22-073-0551,False,False,0,3/14/2022 2:57:00 PM,No Pedestrians Involved,Dry,No Unusual Conditions,Daylight,Violation Driver 1,Controls Functioning,Clear,Rear End,Intersection,Other Vehicle,Not Applicable,Not Applicable,At,,True,False,60400,FIRST ST,NICHOLSON LN,37.41071182,-121.9467404
10240,716126,CR-0000102107,1,0,0,0,24-022-0405,False,False,0,1/22/2024 12:35:00 PM,No Pedestrians Involved,Wet,No Unusual Conditions,Daylight,Violation Driver 1,Controls Functioning,Rain,Rear End,Intersection,Other Vehicle,Not Applicable,Not Applicable,At,,True,False,60400,FIRST ST,NICHOLSON LN,37.41071182,-121.9467404
10241,716289,CR-0000102258,1,0,0,0,24-060-0793,False,False,30,2/29/2024 6:40:00 PM,No Pedestrians Involved,Wet,No Unusual Conditions,Dark - Street Light,Violation Driver 1,Controls Functioning,Rain,Head On,Related,Other Vehicle,Not Applicable,Not Applicable,South Of,,True,False,60400,FIRST ST,NICHOLSON LN,37.41071182,-121.9467404
10242,681488,CR-0000090878,1,0,0,0,22-034-0989,True,False,102,2/3/2022 9:49:00 PM,No Pedestrians Involved,Dry,No Unusual Conditions,Dark - Street Light,Violation Driver 1,No Controls Present/Factor,Clear,Head On,Non-Related,Fixed Object,Not Applicable,Not Applicable,West Of,TREE,False,False,73996,HOSTETTER RD,MORRILL AV,37.40105648,-121.8643605
10243,691380,CR-0000097629,3,1,0,0,23-068-0476,False,False,0,3/9/2023 2:45:00 PM,No Pedestrians Involved,Dry,No Unusual Conditions,Daylight,Violation Driver 1,Controls Functioning,Rain,Broadside,Intersection,Other Vehicle,Not Applicable,Not Applicable,At,,False,False,73996,HOSTETTER RD,MORRILL AV,37.40105648,-121.8643605
10244,716147,CR-0000102128,1,1,0,0,24-025-0157,False,False,100,1/25/2024 7:57:00 AM,No Pedestrians Involved,Dry,No Unusual Conditions,Daylight,Violation Driver 1,No Controls Present/Factor,Clear,Broadside,Non-Related,Other Vehicle,Not Applicable,Not Applicable,North Of,,False,False,73996,HOSTETTER RD,MORRILL AV,37.40105648,-121.8643605
10245,689705,CR-0000095687,1,0,0,0,22-314-0225,False,False,66,11/10/2022 8:30:00 AM,No Pedestrians Involved,Dry,No Unusual Conditions,Daylight,Violation Driver 1,No Controls Present/Factor,Clear,Rear End,Non-Related,Other Vehicle,Not Applicable,Not Applicable,West Of,,True,False,74117,HOSTETTER RD,STUBBINS WY,37.40161066,-121.8634254
10246,698755,CR-0000100036,1,0,0,0,23-350-0727,False,False,182,12/1/2023 6:01:00 PM,No Pedestrians Involved,Dry,No Unusual Conditions,Dark - Street Light,Violation Driver 1,No Controls Present/Factor,Clear,Rear End,Non-Related,Other Vehicle,Not Applicable,Not Applicable,East Of,,False,False,119570,CORPORATE CT,RINGWOOD AV,37.3937231,-121.8976806
10247,683514,CR-0000093112,0,0,0,1,22-207-0083,False,False,0,7/26/2022 2:10:00 AM,No Pedestrians Involved,Dry,No Unusual Conditions,Dark - Street Light,Violation Driver 1,No Controls Present/Factor,Clear,Hit Object,Intersection,Fixed Object,Not Applicable,Not Applicable,At,Concrete Wall,True,False,36783,CHARCOT AV,OTOOLE AV,37.38696649,-121.9058835
10248,689304,CR-0000095245,0,0,0,0,22-305-0472,False,False,550,11/1/2022 12:46:00 PM,No Pedestrians Involved,Wet,No Unusual Conditions,Daylight,Violation Driver 1,No Controls Present/Factor,Rain,Hit Object,Non-Related,Fixed Object,Not Applicable,Not Applicable,North Of,POWER POLE,True,True,97987,OTOOLE AV,PARAGON DR,37.39210112,-121.9070518
10249,681607,CR-0000091004,1,0,0,0,22-047-0625,False,False,422,2/16/2022 2:37:00 PM,No Pedestrians Involved,Dry,No Unusual Conditions,Daylight,Violation Driver 1,No Controls Present/Factor,Clear,Broadside,Non-Related,Other Vehicle,Not Applicable,Not Applicable,North Of,,False,False,97987,OTOOLE AV,PARAGON DR,37.39210112,-121.9070518
10250,716077,CR-0000102018,3,0,0,0,24-010-0209,False,False,607,1/10/2024 9:26:00 AM,No Pedestrians Involved,Wet,No Unusual Conditions,Daylight,Violation Driver 1,Controls Not Functioning,Clear,Broadside,Non-Related,Other Vehicle,Not Applicable,Not Applicable,North Of,,False,False,97987,OTOOLE AV,PARAGON DR,37.39210112,-121.9070518
10251,691322,CR-0000097569,0,0,0,0,23-062-4011,False,True,0,3/3/2023 1:00:00 PM,No Pedestrians Involved,Unknown,Unknown,Daylight,Unknown,Unknown,Unknown,Broadside,Intersection,Other Vehicle,Not Applicable,Not Applicable,At,,False,False,114070,ATTEBERRY LN,OAKLAND RD,37.39917899,-121.9026358
10252,711949,CR-0000100837,0,0,0,0,23-184-1050,True,False,330,7/3/2023 11:04:00 PM,No Pedestrians Involved,Dry,No Unusual Conditions,Dark - Street Light,Violation Driver 1,No Controls Present/Factor,Clear,Hit Object,Non-Related,Fixed Object,Not Applicable,Not Applicable,North Of,LIGHTPOLE (SJLP 6L115),True,False,114070,ATTEBERRY LN,OAKLAND RD,37.39917899,-121.9026358
10253,719761,CR-0000102934,0,0,0,1,24-167-0226,True,False,233,6/15/2024 7:06:00 AM,No Pedestrians Involved,Dry,No Unusual Conditions,Daylight,Unknown,No Controls Present/Factor,Clear,Hit Object,Non-Related,Fixed Object,Not Applicable,Not Applicable,South Of,TREE,False,True,114070,ATTEBERRY LN,OAKLAND RD,37.39917899,-121.9026358
10254,681628,CR-0000091025,3,0,0,0,22-029-0440,False,False,0,1/29/2022 1:25:00 PM,No Pedestrians Involved,Dry,No Unusual Conditions,Daylight,Violation Driver 1,Controls Functioning,Clear,Rear End,Intersection,Other Vehicle,Not Applicable,Not Applicable,At,,True,False,92465,MONTAGUE EX,OAKLAND RD,37.40431464,-121.9028552
10255,688934,CR-0000094792,1,0,0,0,22-280-9701,False,True,0,10/7/2022 8:00:00 AM,No Pedestrians Involved,Dry,No Unusual Conditions,Daylight,Unknown,Controls Functioning,Cloudy,Rear End,Intersection,Other Vehicle,Not Applicable,Not Applicable,At,,False,False,92465,MONTAGUE EX,OAKLAND RD,37.40431464,-121.9028552
10256,685113,CR-0000093786,1,0,0,0,22-230-0720,False,False,18,8/18/2022 5:04:00 PM,No Pedestrians Involved,Dry,No Unusual Conditions,Daylight,Violation Driver 1,Controls Functioning,Clear,Rear End,Related,Other Vehicle,Not Applicable,Not Applicable,South Of,,True,False,92465,MONTAGUE EX,OAKLAND RD,37.40431464,-121.9028552
10257,690122,CR-0000096214,0,0,0,0,22-321-0472,False,False,0,11/17/2022 1:15:00 PM,No Pedestrians Involved,Dry,No Unusual Conditions,Daylight,Violation Driver 1,Controls Functioning,Clear,Rear End,Intersection,Other Vehicle,Not Applicable,Not Applicable,At,,True,True,92465,MONTAGUE EX,OAKLAND RD,37.40431464,-121.9028552
10258,689921,CR-0000095988,2,0,0,0,22-226-1024,False,False,0,8/14/2022 11:57:00 PM,No Pedestrians Involved,Dry,No Unusual Conditions,Dark - Street Light,Violation Driver 1,Controls Functioning,Clear,Broadside,Intersection,Parked Vehicle,Not Applicable,South,At,,False,False,92465,MONTAGUE EX,OAKLAND RD,37.40431464,-121.9028552
10259,697609,CR-0000099812,1,0,0,0,23-265-9701,False,True,51,9/21/2023 6:25:00 AM,No Pedestrians Involved,Dry,No Unusual Conditions,Daylight,Unknown,Controls Functioning,Clear,Rear End,Non-Related,Other Vehicle,Not Applicable,Not Applicable,South Of,,False,False,92465,MONTAGUE EX,OAKLAND RD,37.40431464,-121.9028552
10260,716352,CR-0000102340,1,0,0,0,24-032-0652,False,False,0,2/1/2024 4:32:00 PM,No Pedestrians Involved,Wet,No Unusual Conditions,Daylight,Violation Driver 1,Controls Functioning,Rain,Broadside,Intersection,Other Vehicle,Not Applicable,Not Applicable,At,,False,False,92465,MONTAGUE EX,OAKLAND RD,37.40431464,-121.9028552
10261,719837,CR-0000103010,0,0,0,0,24-051-9711,False,True,51,2/7/2024 12:38:00 PM,No Pedestrians Involved,Wet,No Unusual Conditions,Daylight,Unknown,Controls Functioning,Rain,Sideswipe,Non-Related,Other Vehicle,Not Applicable,Not Applicable,South Of,,False,False,92465,MONTAGUE EX,OAKLAND RD,37.40431464,-121.9028552
10262,715913,CR-0000101943,0,0,0,0,23-361-9708,False,True,0,12/27/2023 11:45:00 AM,No Pedestrians Involved,Dry,No Unusual Conditions,Daylight,Unknown,Controls Functioning,Cloudy,Rear End,Intersection,Other Vehicle,Not Applicable,Not Applicable,At,,False,False,92465,MONTAGUE EX,OAKLAND RD,37.40431464,-121.9028552
10263,722206,CR-0000103472,0,0,0,0,24-079-4004,False,True,51,3/19/2024 6:49:00 AM,No Pedestrians Involved,Unknown,Unknown,Unknown,Unknown,Unknown,Unknown,Sideswipe,Non-Related,Other Vehicle,Not Applicable,Not Applicable,Unknown,,False,False,92465,MONTAGUE EX,OAKLAND RD,37.40431464,-121.9028552
10264,683192,CR-0000092789,0,0,0,0,22-102-4001,False,True,51,4/12/2022 8:30:00 AM,No Pedestrians Involved,Unknown,Unknown,Daylight,Unknown,Unknown,Unknown,Rear End,Non-Related,Parked Vehicle,Not Applicable,Not Applicable,West Of,,False,False,107744,SAUTNER DR,WOOSLEY DR,37.2311704,-121.8077036