_id,CrashFactId,Name,MinorInjuries,ModerateInjuries,SevereInjuries,FatalInjuries,TcrNumber,CityDamageFlag,ShortFormFlag,Distance,CrashDateTime,PedestrianAction,RoadwaySurface,RoadwayCondition,Lighting,PrimaryCollisionFactor,TrafficControl,Weather,CollisionType,ProximityToIntersection,VehicleInvolvedWith,PedestrianDirectionFrom,PedestrianDirectionTo,DirectionFromIntersection,Comment,SpeedingFlag,HitAndRunFlag,IntersectionNumber,AStreetName,BStreetName,Latitude,Longitude
10265,691241,CR-0000097466,0,0,0,0,23-041-0177,False,False,363,2/10/2023 7:25:00 AM,No Pedestrians Involved,Dry,No Unusual Conditions,Daylight,Violation Driver 1,Unknown,Clear,Rear End,Non-Related,Parked Vehicle,Not Applicable,Not Applicable,West Of,,False,True,77989,JUNEBERRY CT/MONET CL,SNELL AV,37.2719114,-121.8366839
10266,682212,CR-0000091765,0,1,0,0,22-071-1004,False,False,0,3/12/2022 11:23:00 PM,No Pedestrians Involved,Dry,No Unusual Conditions,Dark - Street Light,Violation Driver 1,No Controls Present/Factor,Clear,Hit Object,Intersection,Other Object,Not Applicable,Not Applicable,At,curb,True,False,123419,OYAMA,SAJAK AV,37.38080178,-121.8890961
10267,692399,CR-0000097682,0,0,0,0,23-080-0519,False,False,0,3/21/2023 3:59:00 PM,No Pedestrians Involved,Wet,No Unusual Conditions,Daylight,Unknown,Controls Functioning,Rain,Rear End,Intersection,Other Vehicle,Not Applicable,Not Applicable,At,,False,False,54042,EDEN AV,RIDDLE RD,37.31533496,-121.9546545
10268,722248,CR-0000103515,0,0,0,0,24-084-0119,False,False,81,3/24/2024 2:27:00 AM,No Pedestrians Involved,Wet,No Unusual Conditions,Dark - Street Light,Violation Driver 1,Controls Functioning,Rain,Rear End,Non-Related,Parked Vehicle,Not Applicable,Not Applicable,South Of,,False,True,98284,PALACE DR,STEVENS CREEK BL,37.32312944,-121.9811019
10269,719711,CR-0000102883,0,0,0,0,24-009-0099,True,False,294,1/9/2024 6:08:00 AM,No Pedestrians Involved,Dry,No Unusual Conditions,Daylight,Violation Driver 1,Controls Functioning,Clear,Hit Object,Non-Related,Fixed Object,Not Applicable,Not Applicable,East Of,LIGHTPOLE X2,False,False,98284,PALACE DR,STEVENS CREEK BL,37.32312944,-121.9811019
10270,689850,CR-0000095876,0,1,0,0,22-257-0591,False,False,311,9/14/2022 3:30:00 PM,No Pedestrians Involved,Dry,No Unusual Conditions,Daylight,Violation Driver 1,No Controls Present/Factor,Clear,Vehicle/Bike,Non-Related,Bike,Not Applicable,Not Applicable,West Of,BIKE,True,False,27642,CABOT AV,STEVENS CREEK BL,37.32305463,-121.9925324
10271,719632,CR-0000102791,0,0,0,0,24-004-0851,False,False,46,1/4/2024 10:37:00 PM,No Pedestrians Involved,Dry,No Unusual Conditions,Dark - Street Light,Violation Driver 1,Controls Functioning,Clear,Rear End,Related,Other Vehicle,Not Applicable,Not Applicable,West Of,,True,True,27642,CABOT AV,STEVENS CREEK BL,37.32305463,-121.9925324
10272,692586,CR-0000097877,1,0,0,0,23-052-0914,False,False,0,2/21/2023 8:03:00 PM,No Pedestrians Involved,Dry,No Unusual Conditions,Dark - No Street Light,Violation Driver 1,Controls Not Functioning,Clear,Broadside,Intersection,Other Vehicle,Not Applicable,Not Applicable,At,,False,False,29347,CALVERT DR/SERRA FW,STEVENS CREEK BL,37.32300141,-122.0010532
10273,684871,CR-0000093518,2,1,0,0,22-183-0946,False,False,290,7/2/2022 11:53:00 AM,No Pedestrians Involved,Dry,No Unusual Conditions,Dark - Street Light,Violation Driver 1,No Controls Present/Factor,Clear,Rear End,Non-Related,Parked Vehicle,Not Applicable,Not Applicable,West Of,,False,False,22714,BOXWOOD DR,NEWHALL ST,37.3377066,-121.9413073
10274,712109,CR-0000101397,0,0,0,0,23-310-0561,False,False,69,11/6/2023 2:33:00 PM,No Pedestrians Involved,Dry,No Unusual Conditions,Daylight,Violation Driver 1,No Controls Present/Factor,Clear,Sideswipe,Non-Related,Other Vehicle,Not Applicable,Not Applicable,West Of,,True,True,68507,GREENGATE DR,HAVENWOOD DR,37.39385538,-121.8666013
10275,694649,CR-0000098682,4,0,0,0,23-211-0344,False,False,238,7/30/2023 10:12:00 AM,No Pedestrians Involved,Dry,No Unusual Conditions,Daylight,Violation Driver 1,No Controls Present/Factor,Clear,Head On,Non-Related,Other Vehicle,Not Applicable,Not Applicable,South Of,,False,False,104125,RINGWOOD AV,WAYNE AV,37.38981335,-121.8951354
10276,716112,CR-0000102049,2,1,0,0,24-017-0407,False,False,35,1/17/2024 12:41:00 PM,No Pedestrians Involved,Dry,No Unusual Conditions,Daylight,Violation Driver 1,No Controls Present/Factor,Clear,Sideswipe,Related,Other Vehicle,Not Applicable,Not Applicable,South Of,,False,False,104125,RINGWOOD AV,WAYNE AV,37.38981335,-121.8951354
10277,685286,CR-0000093966,1,1,0,0,22-256-0551,False,False,180,9/13/2022 2:05:00 PM,No Pedestrians Involved,Dry,No Unusual Conditions,Daylight,Violation Driver 1,No Controls Present/Factor,Clear,Sideswipe,Non-Related,Other Vehicle,Not Applicable,Not Applicable,South Of,,True,False,63139,FOX LN,OAKLAND RD,37.38855933,-121.8999628
10278,689258,CR-0000095209,0,0,0,0,22-300-0474,False,False,0,10/31/2022 9:00:00 AM,No Pedestrians Involved,Dry,No Unusual Conditions,Daylight,Violation Driver 1,Controls Functioning,Clear,Sideswipe,Intersection,Other Vehicle,Not Applicable,Not Applicable,At,,False,False,63139,FOX LN,OAKLAND RD,37.38855933,-121.8999628
10279,716174,CR-0000102098,3,0,0,0,24-026-0862,False,False,25,1/26/2024 8:55:00 PM,No Pedestrians Involved,Dry,No Unusual Conditions,Dark - Street Light,Unknown,Controls Functioning,Cloudy,Broadside,Related,Other Vehicle,Not Applicable,Not Applicable,South Of,,False,False,63139,FOX LN,OAKLAND RD,37.38855933,-121.8999628
10280,688724,CR-0000094549,0,0,0,0,22-275-0237,False,False,522,10/2/2022 6:30:00 AM,No Pedestrians Involved,Dry,No Unusual Conditions,Dark - Street Light,Violation Driver 1,Controls Functioning,Clear,Hit Object,Non-Related,Other Object,Not Applicable,Not Applicable,North Of,FIRE HYDRANT,False,False,96854,OAKLAND RD,ROCK AV,37.39374965,-121.9015987
10281,688952,CR-0000094810,0,0,0,0,22-254-4001,False,True,51,9/10/2022 8:45:00 PM,No Pedestrians Involved,Unknown,Unknown,Unknown,Unknown,Unknown,Unknown,Rear End,Non-Related,Other Vehicle,Not Applicable,Not Applicable,North Of,,False,False,114751,BROKAW RD/MURPHY AV,OAKLAND RD,37.3827446,-121.8958602
10282,685259,CR-0000093939,0,0,1,0,22-180-0582,False,False,660,6/29/2022 3:36:00 PM,No Pedestrians Involved,Dry,No Unusual Conditions,Daylight,Unknown,Controls Functioning,Clear,Overturned,Non-Related,Non-Collision,Not Applicable,Not Applicable,South Of,MC,False,False,114751,BROKAW RD/MURPHY AV,OAKLAND RD,37.3827446,-121.8958602
10283,682348,CR-0000091911,0,0,0,0,22-100-4000,False,True,,4/9/2022 3:50:00 PM,No Pedestrians Involved,Unknown,Unknown,Daylight,Violation Driver 1,Unknown,Unknown,Rear End,Related,Other Vehicle,Not Applicable,Not Applicable,East Of,,False,False,114751,BROKAW RD/MURPHY AV,OAKLAND RD,37.3827446,-121.8958602
10284,681459,CR-0000090849,0,0,0,0,22-013-9707,False,True,0,1/13/2022 4:40:00 AM,No Pedestrians Involved,Dry,No Unusual Conditions,Dark - No Street Light,Unknown,Controls Functioning,Clear,Sideswipe,Intersection,Other Vehicle,Not Applicable,Not Applicable,At,,False,False,114751,BROKAW RD/MURPHY AV,OAKLAND RD,37.3827446,-121.8958602
10285,682910,CR-0000092489,1,0,0,0,22-051-9704,False,True,0,2/17/2022 5:10:00 PM,No Pedestrians Involved,Dry,No Unusual Conditions,Daylight,Unknown,Controls Functioning,Clear,Rear End,Intersection,Other Vehicle,Not Applicable,Not Applicable,At,,False,False,114751,BROKAW RD/MURPHY AV,OAKLAND RD,37.3827446,-121.8958602
10286,681936,CR-0000091441,0,1,0,0,22-046-0393,False,False,275,2/15/2022 11:22:00 AM,Not In Road,Dry,No Unusual Conditions,Daylight,Violation Driver 1,Unknown,Clear,Vehicle/Pedestrian,Non-Related,Pedestrian,North,South,North Of,PED,False,False,114751,BROKAW RD/MURPHY AV,OAKLAND RD,37.3827446,-121.8958602
10287,681957,CR-0000091466,0,0,0,0,22-084-0790,False,False,365,3/25/2022 8:17:00 PM,No Pedestrians Involved,Dry,No Unusual Conditions,Dark - Street Light,Violation Driver 1,No Controls Present/Factor,Clear,Rear End,Non-Related,Other Vehicle,Not Applicable,Not Applicable,West Of,,True,False,114751,BROKAW RD/MURPHY AV,OAKLAND RD,37.3827446,-121.8958602
10288,682026,CR-0000091537,0,1,0,0,22-073-0671,False,False,51,3/14/2022 5:12:00 PM,No Pedestrians Involved,Dry,No Unusual Conditions,Daylight,Violation Driver 1,Controls Functioning,Clear,Rear End,Non-Related,Other Vehicle,Not Applicable,Not Applicable,South Of,,False,False,114751,BROKAW RD/MURPHY AV,OAKLAND RD,37.3827446,-121.8958602
10289,694486,CR-0000098480,0,1,0,0,23-187-0456,False,False,383,7/6/2023 1:35:00 PM,No Pedestrians Involved,Dry,No Unusual Conditions,Daylight,Violation Driver 1,Controls Functioning,Clear,Sideswipe,Non-Related,Motorcycle,Not Applicable,Not Applicable,East Of,,False,False,114751,BROKAW RD/MURPHY AV,OAKLAND RD,37.3827446,-121.8958602
10290,694706,CR-0000098772,1,0,0,0,23-216-0570,False,False,565,8/4/2023 4:56:00 PM,In Road - Includes Shoulder,Dry,No Unusual Conditions,Daylight,Violation Driver 1,No Controls Present/Factor,Clear,Vehicle/Pedestrian,Non-Related,Skateboard,West,East,West Of,E. SKATEBOARD,False,False,114751,BROKAW RD/MURPHY AV,OAKLAND RD,37.3827446,-121.8958602
10291,695834,CR-0000098899,0,0,0,0,23-097-4004,False,True,0,4/7/2023 8:20:00 PM,No Pedestrians Involved,Unknown,Unknown,Unknown,Unknown,Unknown,Unknown,Sideswipe,Intersection,Other Vehicle,Not Applicable,Not Applicable,At,,False,False,114751,BROKAW RD/MURPHY AV,OAKLAND RD,37.3827446,-121.8958602
10292,696383,CR-0000099541,0,0,0,0,23-139-4010,False,True,,5/19/2023 3:06:00 PM,No Pedestrians Involved,Unknown,Unknown,Daylight,Unknown,Unknown,Unknown,Rear End,Related,Other Vehicle,Not Applicable,Not Applicable,North Of,,False,False,114751,BROKAW RD/MURPHY AV,OAKLAND RD,37.3827446,-121.8958602
10293,696104,CR-0000099242,2,0,0,0,23-223-0592,False,False,33,8/11/2023 3:55:00 PM,No Pedestrians Involved,Dry,No Unusual Conditions,Daylight,Violation Driver 1,No Controls Present/Factor,Clear,Rear End,Related,Other Vehicle,Not Applicable,Not Applicable,West Of,,True,False,114751,BROKAW RD/MURPHY AV,OAKLAND RD,37.3827446,-121.8958602
10294,698903,CR-0000100203,0,1,0,0,23-319-0166,False,False,0,11/15/2023 8:30:00 AM,No Pedestrians Involved,Dry,No Unusual Conditions,Daylight,Bike At Fault,Controls Functioning,Cloudy,Vehicle/Bike,Intersection,Bike,Not Applicable,Not Applicable,At,BIKE,False,False,114751,BROKAW RD/MURPHY AV,OAKLAND RD,37.3827446,-121.8958602
10295,699325,CR-0000100652,0,0,0,0,23-163-9707,False,True,0,6/12/2023 12:40:00 PM,No Pedestrians Involved,Unknown,Unknown,Daylight,Unknown,Unknown,Clear,Sideswipe,Intersection,Other Vehicle,Not Applicable,Not Applicable,At,,False,False,114751,BROKAW RD/MURPHY AV,OAKLAND RD,37.3827446,-121.8958602
10296,690526,CR-0000096652,0,0,0,0,22-364-9706,False,True,51,12/29/2022 6:00:00 PM,No Pedestrians Involved,Wet,No Unusual Conditions,Dark - Street Light,Unknown,Controls Functioning,Fog,Sideswipe,Non-Related,Other Vehicle,Not Applicable,Not Applicable,Unknown,,False,False,114751,BROKAW RD/MURPHY AV,OAKLAND RD,37.3827446,-121.8958602
10297,719640,CR-0000102810,0,0,0,0,24-004-4002,False,True,0,1/3/2024 11:30:00 PM,No Pedestrians Involved,Unknown,Unknown,Unknown,Unknown,Unknown,Unknown,Broadside,Intersection,Other Vehicle,Not Applicable,Not Applicable,At,,False,False,114751,BROKAW RD/MURPHY AV,OAKLAND RD,37.3827446,-121.8958602
10298,716093,CR-0000102069,1,1,0,0,24-011-0122,False,False,0,1/11/2024 6:33:00 AM,No Pedestrians Involved,Wet,No Unusual Conditions,Dark - Street Light,Violation Driver 1,Controls Functioning,Clear,Broadside,Intersection,Other Vehicle,Not Applicable,Not Applicable,At,,False,False,114751,BROKAW RD/MURPHY AV,OAKLAND RD,37.3827446,-121.8958602
10299,711676,CR-0000101431,0,0,0,0,23-354-0460,False,False,51,12/20/2023 2:16:00 PM,No Pedestrians Involved,Dry,No Unusual Conditions,Daylight,Violation Driver 1,No Controls Present/Factor,Clear,Sideswipe,Non-Related,Other Vehicle,Not Applicable,Not Applicable,West Of,,False,False,114751,BROKAW RD/MURPHY AV,OAKLAND RD,37.3827446,-121.8958602
10300,682365,CR-0000091928,1,0,0,0,22-103-0438,False,False,260,4/13/2022 2:29:00 PM,No Pedestrians Involved,Dry,No Unusual Conditions,Daylight,Other Than Driver,No Controls Present/Factor,Clear,Head On,Non-Related,Parked Vehicle,Not Applicable,Not Applicable,North Of,Medical Emergency,False,False,100760,PIEDMONT RD,SIERRA RD,37.39979295,-121.8469252
10301,683142,CR-0000092726,0,1,0,0,22-125-0625,False,False,400,5/5/2022 5:27:00 PM,No Pedestrians Involved,Dry,No Unusual Conditions,Daylight,Violation Driver 1,No Controls Present/Factor,Clear,Vehicle/Bike,Non-Related,Bike,Not Applicable,Not Applicable,North Of,BIKE,False,False,100760,PIEDMONT RD,SIERRA RD,37.39979295,-121.8469252
10302,699023,CR-0000100329,1,0,0,0,23-296-0335,False,False,0,10/23/2023 10:39:00 AM,No Pedestrians Involved,Dry,No Unusual Conditions,Daylight,Violation Driver 1,Controls Functioning,Clear,Broadside,Intersection,Other Vehicle,Not Applicable,Not Applicable,At,,False,True,100760,PIEDMONT RD,SIERRA RD,37.39979295,-121.8469252
10303,699024,CR-0000100330,1,0,0,0,23-295-9705,False,True,0,10/22/2023 1:18:00 PM,No Pedestrians Involved,Dry,No Unusual Conditions,Daylight,Unknown,Controls Functioning,Cloudy,Rear End,Intersection,Other Vehicle,Not Applicable,Not Applicable,At,,False,False,100760,PIEDMONT RD,SIERRA RD,37.39979295,-121.8469252
10304,696240,CR-0000099387,2,0,0,0,23-174-0624,False,False,130,6/23/2023 4:16:00 PM,No Pedestrians Involved,Dry,No Unusual Conditions,Daylight,Violation Driver 1,Controls Functioning,Clear,Rear End,Non-Related,Other Vehicle,Not Applicable,Not Applicable,South Of,,True,False,100760,PIEDMONT RD,SIERRA RD,37.39979295,-121.8469252
10305,712252,CR-0000101707,1,0,0,1,24-034-0645,False,False,,2/3/2024 5:41:00 PM,No Pedestrians Involved,Wet,No Unusual Conditions,Dark - Street Light,Unknown,Controls Functioning,Cloudy,Hit Object,Related,Fixed Object,Not Applicable,Not Applicable,South Of,TREE/PASSENGER FATALITY,False,True,100760,PIEDMONT RD,SIERRA RD,37.39979295,-121.8469252
10306,683323,CR-0000092909,0,0,0,0,22-121-4001,False,True,51,4/30/2022 10:30:00 PM,No Pedestrians Involved,Unknown,Unknown,Unknown,Unknown,Unknown,Unknown,Other,Non-Related,Other Vehicle,Not Applicable,Not Applicable,West Of,,False,False,70564,HARRIS WY,MONTAGUE EX,37.40441445,-121.904825
10307,696053,CR-0000099188,0,0,0,0,23-034-4002,False,True,51,2/3/2023 7:55:00 AM,No Pedestrians Involved,Unknown,Unknown,Unknown,Unknown,Unknown,Unknown,Sideswipe,Non-Related,Other Vehicle,Not Applicable,Not Applicable,Unknown,,False,False,69882,HAMLET CT,OLIVETREE DR,37.39801713,-121.879146
10308,689263,CR-0000095222,0,1,0,0,22-294-0500,False,False,93,10/21/2022 1:57:00 PM,No Pedestrians Involved,Dry,No Unusual Conditions,Daylight,Violation Driver 1,Controls Functioning,Clear,Broadside,Non-Related,Motorcycle,Not Applicable,Not Applicable,North Of,,False,False,84270,LISBON DR,PARIS WY,37.41948343,-121.8646554
10309,682681,CR-0000092257,0,0,1,0,22-144-0740,False,False,0,5/24/2022 5:16:00 PM,Crossing In Crosswalk - At Intersection,Dry,No Unusual Conditions,Daylight,Violation Driver 1,Controls Functioning,Clear,Vehicle/Pedestrian,Intersection,Pedestrian,North,South,At,PEDESTRIAN,False,False,123375,MURPHY AV,LAKEPARK DR/OYAMA DR,37.38363268,-121.8921979
10310,696530,CR-0000099717,0,1,0,0,23-346-0765,False,False,,12/12/2023 6:05:00 PM,No Pedestrians Involved,Dry,No Unusual Conditions,Dusk - Dawn,Violation Driver 1,Controls Functioning,Clear,Rear End,Related,Other Vehicle,Not Applicable,Not Applicable,West Of,,True,False,123375,MURPHY AV,LAKEPARK DR/OYAMA DR,37.38363268,-121.8921979
10311,690018,CR-0000096062,1,0,0,0,22-274-0925,False,False,414,10/1/2022 8:54:00 PM,No Pedestrians Involved,Dry,No Unusual Conditions,Dark - Street Light,Violation Driver 1,Unknown,Clear,Broadside,Non-Related,Other Vehicle,Not Applicable,Not Applicable,West Of,,True,False,123375,MURPHY AV,LAKEPARK DR/OYAMA DR,37.38363268,-121.8921979
10312,716107,CR-0000102055,1,0,0,0,24-018-0130,False,False,0,1/18/2024 6:49:00 AM,No Pedestrians Involved,Dry,Other,Daylight,Violation Driver 1,Controls Functioning,Clear,Broadside,Intersection,Other Vehicle,Not Applicable,Not Applicable,At,,False,False,123375,MURPHY AV,LAKEPARK DR/OYAMA DR,37.38363268,-121.8921979
10313,682432,CR-0000091994,2,0,0,0,22-108-0238,False,False,300,4/18/2022 8:07:00 AM,No Pedestrians Involved,Dry,No Unusual Conditions,Daylight,Violation Driver 1,Controls Functioning,Clear,Broadside,Non-Related,Other Vehicle,Not Applicable,Not Applicable,East Of,,False,False,86008,LUNDY AV,HOSTETTER RD/MURPHY AV,37.38735335,-121.8860541
10314,682027,CR-0000091538,0,0,0,0,22-073-0909,False,False,,3/14/2022 11:10:00 PM,No Pedestrians Involved,Dry,No Unusual Conditions,Dark - Street Light,Violation Driver 1,No Controls Present/Factor,Clear,Rear End,Related,Other Vehicle,Not Applicable,Not Applicable,South Of,,True,True,86008,LUNDY AV,HOSTETTER RD/MURPHY AV,37.38735335,-121.8860541
10315,682101,CR-0000091632,0,0,0,0,22-024-9706,False,True,,1/22/2022 10:30:00 PM,No Pedestrians Involved,Dry,No Unusual Conditions,Dark - Street Light,Unknown,No Controls Present/Factor,Clear,Rear End,Related,Other Vehicle,Not Applicable,Not Applicable,West Of,,False,False,86008,LUNDY AV,HOSTETTER RD/MURPHY AV,37.38735335,-121.8860541
10316,681376,CR-0000090764,1,0,0,0,22-018-0468,False,False,250,1/18/2022 12:53:00 PM,No Pedestrians Involved,Dry,No Unusual Conditions,Daylight,Violation Driver 1,Controls Functioning,Clear,Vehicle/Bike,Non-Related,Bike,Not Applicable,Not Applicable,East Of,BIKE,False,False,86008,LUNDY AV,HOSTETTER RD/MURPHY AV,37.38735335,-121.8860541
10317,681214,CR-0000090599,1,0,0,0,22-004-0160,False,False,0,1/4/2022 6:57:00 AM,No Pedestrians Involved,Dry,No Unusual Conditions,Daylight,Violation Driver 1,Controls Functioning,Cloudy,Broadside,Intersection,Other Vehicle,Not Applicable,Not Applicable,At,,False,False,86008,LUNDY AV,HOSTETTER RD/MURPHY AV,37.38735335,-121.8860541
10318,688944,CR-0000094802,0,1,0,0,22-282-0122,False,False,125,11/9/2022 2:03:00 AM,No Pedestrians Involved,Dry,No Unusual Conditions,Dark - Street Light,Violation Driver 1,No Controls Present/Factor,Clear,Hit Object,Non-Related,Fixed Object,Not Applicable,Not Applicable,East Of,,False,False,86008,LUNDY AV,HOSTETTER RD/MURPHY AV,37.38735335,-121.8860541
10319,683101,CR-0000092689,1,0,0,0,22-178-0604,False,False,263,6/27/2022 3:52:00 PM,No Pedestrians Involved,Dry,No Unusual Conditions,Daylight,Violation Driver 1,Controls Functioning,Clear,Rear End,Non-Related,Other Vehicle,Not Applicable,Not Applicable,West Of,,True,False,86008,LUNDY AV,HOSTETTER RD/MURPHY AV,37.38735335,-121.8860541
10320,690548,CR-0000096669,1,0,0,0,23-007-0701,False,False,0,1/7/2023 8:25:00 PM,No Pedestrians Involved,Wet,No Unusual Conditions,Dark - Street Light,Bike At Fault,Controls Functioning,Clear,Vehicle/Bike,Intersection,Bike,Not Applicable,Not Applicable,At,BIKE,False,False,86008,LUNDY AV,HOSTETTER RD/MURPHY AV,37.38735335,-121.8860541
10321,691204,CR-0000097407,0,0,0,0,23-059-9703,False,True,,2/28/2023 4:53:00 AM,No Pedestrians Involved,Wet,No Unusual Conditions,Dark - Street Light,Unknown,Controls Functioning,Cloudy,Rear End,Related,Other Vehicle,Not Applicable,Not Applicable,West Of,,False,False,86008,LUNDY AV,HOSTETTER RD/MURPHY AV,37.38735335,-121.8860541
10322,698646,CR-0000099871,1,2,0,0,23-227-0666,False,False,0,8/15/2023 4:25:00 PM,No Pedestrians Involved,Dry,No Unusual Conditions,Daylight,Violation Driver 1,Controls Functioning,Clear,Broadside,Intersection,Other Vehicle,Not Applicable,Not Applicable,At,,False,False,86008,LUNDY AV,HOSTETTER RD/MURPHY AV,37.38735335,-121.8860541
10323,699367,CR-0000100694,0,0,0,0,23-212-4006,False,True,51,7/31/2023 2:05:00 PM,No Pedestrians Involved,Unknown,Unknown,Unknown,Unknown,Unknown,Unknown,Sideswipe,Non-Related,Other Vehicle,Not Applicable,Not Applicable,North Of,RV CAMPER,False,False,86008,LUNDY AV,HOSTETTER RD/MURPHY AV,37.38735335,-121.8860541
10324,696116,CR-0000099257,0,0,0,0,23-226-0265,False,False,267,8/14/2023 9:01:00 AM,No Pedestrians Involved,Dry,Unknown,Daylight,Violation Driver 1,Controls Functioning,Clear,Rear End,Non-Related,Other Vehicle,Not Applicable,Not Applicable,North Of,,False,False,86008,LUNDY AV,HOSTETTER RD/MURPHY AV,37.38735335,-121.8860541
10325,694519,CR-0000098513,0,1,0,0,23-167-0824,False,False,281,6/16/2023 6:54:00 PM,In Road - Includes Shoulder,Dry,No Unusual Conditions,Daylight,Unknown,No Controls Present/Factor,Clear,Vehicle/Pedestrian,Non-Related,Pedestrian,Unknown,Unknown,South Of,PED,False,True,86008,LUNDY AV,HOSTETTER RD/MURPHY AV,37.38735335,-121.8860541
10326,711765,CR-0000100872,1,0,0,0,23-305-0945,False,False,0,11/1/2023 9:20:00 PM,No Pedestrians Involved,Dry,No Unusual Conditions,Dark - Street Light,Violation Driver 1,Controls Functioning,Clear,Broadside,Intersection,Other Vehicle,Not Applicable,Not Applicable,At,,False,False,86008,LUNDY AV,HOSTETTER RD/MURPHY AV,37.38735335,-121.8860541
10327,720852,CR-0000103055,0,0,0,0,24-045-4006,False,True,0,2/12/2024 8:00:00 AM,No Pedestrians Involved,Unknown,Unknown,Unknown,Unknown,Unknown,Unknown,Broadside,Intersection,Other Vehicle,Not Applicable,Not Applicable,At,,False,False,86008,LUNDY AV,HOSTETTER RD/MURPHY AV,37.38735335,-121.8860541
10328,686426,CR-0000094196,1,0,0,0,22-248-0994,False,False,0,9/5/2022 10:40:00 PM,No Pedestrians Involved,Dry,No Unusual Conditions,Dark - Street Light Not Functioning,Violation Driver 1,Controls Not Functioning,Clear,Broadside,Intersection,Other Vehicle,Not Applicable,Not Applicable,At,,False,False,62600,FOUR OAKS RD,HOSTETTER RD,37.39364419,-121.8761357
10329,696501,CR-0000099688,1,0,0,0,23-336-0607,False,False,42,12/2/2023 5:30:00 PM,No Pedestrians Involved,Wet,No Unusual Conditions,Dark - Street Light,Violation Driver 1,Controls Functioning,Cloudy,Rear End,Related,Other Vehicle,Not Applicable,Not Applicable,West Of,,True,False,62600,FOUR OAKS RD,HOSTETTER RD,37.39364419,-121.8761357
10330,691221,CR-0000097442,1,0,0,0,23-003-0208,False,False,0,1/3/2023 9:29:00 AM,No Pedestrians Involved,Dry,No Unusual Conditions,Daylight,Violation Driver 1,Controls Functioning,Clear,Head On,Intersection,Other Vehicle,Not Applicable,Not Applicable,At,,False,False,62600,FOUR OAKS RD,HOSTETTER RD,37.39364419,-121.8761357
10331,690572,CR-0000096693,1,0,0,0,23-013-0502,False,False,0,1/13/2023 3:08:00 PM,No Pedestrians Involved,Wet,No Unusual Conditions,Daylight,Violation Driver 1,Controls Functioning,Rain,Broadside,Intersection,Other Vehicle,Not Applicable,Not Applicable,At,,False,False,62600,FOUR OAKS RD,HOSTETTER RD,37.39364419,-121.8761357
10332,716130,CR-0000102154,1,0,0,0,24-027-0379,False,False,0,1/27/2024 12:58:00 PM,No Pedestrians Involved,Dry,No Unusual Conditions,Daylight,Violation Driver 1,Controls Functioning,Clear,Sideswipe,Intersection,Motor Vehicle On Other Roadway,Not Applicable,Not Applicable,At,,False,False,62600,FOUR OAKS RD,HOSTETTER RD,37.39364419,-121.8761357
10333,716023,CR-0000101926,0,0,0,0,23-223-0602,False,False,0,8/11/2023 4:08:00 PM,No Pedestrians Involved,Dry,No Unusual Conditions,Daylight,Violation Driver 1,Controls Functioning,Clear,Broadside,Intersection,Other Vehicle,Not Applicable,Not Applicable,At,,False,False,62600,FOUR OAKS RD,HOSTETTER RD,37.39364419,-121.8761357
10334,682360,CR-0000091923,0,0,0,0,22-108-4002,False,True,51,4/17/2022 8:00:00 PM,No Pedestrians Involved,Unknown,Unknown,Unknown,Violation Driver 1,Unknown,Unknown,Sideswipe,Non-Related,Parked Vehicle,Not Applicable,Not Applicable,North Of,,False,True,200067,IRON POINT DR,RIVER OAKS PW,37.40437918,-121.9314937
10335,699272,CR-0000100595,0,0,0,0,23-159-9705,False,True,51,6/7/2023 10:35:00 PM,No Pedestrians Involved,Dry,No Unusual Conditions,Dark - Street Light,Unknown,No Controls Present/Factor,Clear,Sideswipe,Non-Related,Parked Vehicle,Not Applicable,Not Applicable,Unknown,,False,False,144124,CRESCENT VILLAGE  CL,LOGGIA ST,37.40306562,-121.9299876
10336,685318,CR-0000093999,0,0,0,0,22-251-0240,False,False,100,9/8/2022 7:30:00 AM,No Pedestrians Involved,Dry,No Unusual Conditions,Daylight,Violation Driver 1,Controls Functioning,Clear,Rear End,Non-Related,Other Vehicle,Not Applicable,Not Applicable,West Of,,True,True,91299,MILFORD WY,WHITE RD,37.35702096,-121.8199527
10337,711885,CR-0000100966,0,0,0,0,23-188-4002,False,True,51,7/7/2023 1:19:00 PM,No Pedestrians Involved,Unknown,Unknown,Unknown,Unknown,Unknown,Unknown,Other,Non-Related,Unknown,Not Applicable,Not Applicable,Unknown,,False,False,91299,MILFORD WY,WHITE RD,37.35702096,-121.8199527
10338,689168,CR-0000095043,0,0,0,0,22-321-0200,False,False,0,11/17/2022 8:32:00 AM,No Pedestrians Involved,Dry,No Unusual Conditions,Daylight,Violation Driver 1,Controls Functioning,Clear,Rear End,Intersection,Other Vehicle,Not Applicable,Not Applicable,South Of,,True,True,83698,LIEB CT,WHITE RD,37.35495458,-121.8180736
10339,682572,CR-0000092139,1,0,0,0,22-125-1011,False,False,30,5/5/2022 10:12:00 PM,No Pedestrians Involved,Dry,No Unusual Conditions,Dark - Street Light,Violation Driver 1,No Controls Present/Factor,Cloudy,Rear End,Related,Other Vehicle,Not Applicable,Not Applicable,North Of,,False,False,83698,LIEB CT,WHITE RD,37.35495458,-121.8180736
10340,683370,CR-0000092961,0,0,0,0,22-178-0177,False,False,0,6/27/2022 7:56:00 AM,No Pedestrians Involved,Dry,No Unusual Conditions,Daylight,Violation Driver 1,No Controls Present/Factor,Clear,Rear End,Intersection,Parked Vehicle,Not Applicable,Not Applicable,At,,False,False,51040,DIAMOND AV,WHITE RD,37.35384263,-121.8170538