_id,CrashFactId,Name,MinorInjuries,ModerateInjuries,SevereInjuries,FatalInjuries,TcrNumber,CityDamageFlag,ShortFormFlag,Distance,CrashDateTime,PedestrianAction,RoadwaySurface,RoadwayCondition,Lighting,PrimaryCollisionFactor,TrafficControl,Weather,CollisionType,ProximityToIntersection,VehicleInvolvedWith,PedestrianDirectionFrom,PedestrianDirectionTo,DirectionFromIntersection,Comment,SpeedingFlag,HitAndRunFlag,IntersectionNumber,AStreetName,BStreetName,Latitude,Longitude
10341,682514,CR-0000092081,1,1,0,0,22-094-0347,False,False,0,4/4/2022 11:15:00 AM,No Pedestrians Involved,Dry,No Unusual Conditions,Daylight,Violation Driver 1,Controls Functioning,Clear,Broadside,Intersection,Other Vehicle,Not Applicable,Not Applicable,At,,False,False,144206,GREAT OAKS BL,RALEIGH RD,37.24376,-121.783793
10342,682648,CR-0000092224,0,0,0,0,22-133-0003,False,False,850,5/13/2022 12:06:00 AM,No Pedestrians Involved,Dry,No Unusual Conditions,Dark - Street Light,Violation Driver 1,Controls Functioning,Clear,Hit Object,Non-Related,Fixed Object,Not Applicable,Not Applicable,South Of,LIGHT POLE,False,False,144206,GREAT OAKS BL,RALEIGH RD,37.24376,-121.783793
10343,681228,CR-0000090613,0,0,0,0,22-005-0590,False,False,912,1/5/2022 2:42:00 PM,No Pedestrians Involved,Dry,No Unusual Conditions,Daylight,Violation Driver 1,Controls Functioning,Clear,Rear End,Non-Related,Other Vehicle,Not Applicable,Not Applicable,North Of,,False,False,144206,GREAT OAKS BL,RALEIGH RD,37.24376,-121.783793
10344,722123,CR-0000103388,0,0,0,0,24-070-0563,False,False,1158,3/10/2024 3:17:00 PM,No Pedestrians Involved,Dry,No Unusual Conditions,Daylight,Violation Driver 1,No Controls Present/Factor,Cloudy,Broadside,Non-Related,Other Vehicle,Not Applicable,Not Applicable,North Of,,False,False,144206,GREAT OAKS BL,RALEIGH RD,37.24376,-121.783793
10345,694524,CR-0000098518,1,0,0,0,23-192-0706,False,False,0,7/11/2023 5:31:00 PM,No Pedestrians Involved,Dry,No Unusual Conditions,Daylight,Violation Driver 1,No Controls Present/Factor,Clear,Rear End,Intersection,Other Vehicle,Not Applicable,Not Applicable,At,,True,False,144209,CAPITOL EX,FOXDALE LP,37.347152,-121.82454
10346,690532,CR-0000096641,0,0,0,0,23-028-0729,True,False,0,1/28/2023 7:53:00 PM,No Pedestrians Involved,Dry,No Unusual Conditions,Dark - Street Light,Violation Driver 1,No Controls Present/Factor,Clear,Hit Object,Intersection,Fixed Object,Not Applicable,Not Applicable,At,LIGHT POLE,True,False,144209,CAPITOL EX,FOXDALE LP,37.347152,-121.82454
10347,715930,CR-0000101932,0,0,0,0,23-231-0131,False,False,27,8/19/2023 3:49:00 AM,No Pedestrians Involved,Dry,No Unusual Conditions,Dark - Street Light,Violation Driver 1,Controls Functioning,Unknown,Head On,Related,Parked Vehicle,Not Applicable,Not Applicable,North Of,,False,True,144170,SOUTHWEST EX,ST STEPHENS DR,37.309728,-121.918482
10348,684676,CR-0000093304,0,0,0,0,22-172-9703,False,True,,6/15/2022 10:15:00 AM,No Pedestrians Involved,Dry,No Unusual Conditions,Daylight,Unknown,Controls Functioning,Clear,Rear End,Related,Other Vehicle,Not Applicable,Not Applicable,West Of,,False,False,23880,BRANHAM LN,MERIDIAN AV,37.25541403,-121.8983436
10349,684710,CR-0000093339,0,0,0,0,22-181-9702,False,True,,6/29/2022 6:30:00 PM,No Pedestrians Involved,Dry,No Unusual Conditions,Daylight,Violation Driver 1,Controls Functioning,Clear,Rear End,Related,Other Vehicle,Not Applicable,Not Applicable,South Of,,False,False,23880,BRANHAM LN,MERIDIAN AV,37.25541403,-121.8983436
10350,695908,CR-0000099036,0,0,0,0,23-216-4005,False,True,0,8/4/2023 4:10:00 PM,No Pedestrians Involved,Unknown,Unknown,Unknown,Unknown,Unknown,Unknown,Rear End,Intersection,Other Vehicle,Not Applicable,Not Applicable,At,,False,False,23880,BRANHAM LN,MERIDIAN AV,37.25541403,-121.8983436
10351,696008,CR-0000099143,0,0,0,0,23-243-4004,False,True,51,8/30/2023 8:15:00 AM,No Pedestrians Involved,Unknown,Unknown,Unknown,Unknown,Unknown,Unknown,Rear End,Non-Related,Other Vehicle,Not Applicable,Not Applicable,Unknown,,False,False,23880,BRANHAM LN,MERIDIAN AV,37.25541403,-121.8983436
10352,698789,CR-0000100070,2,0,0,0,23-338-0974,False,False,0,12/4/2023 10:26:00 PM,No Pedestrians Involved,Dry,No Unusual Conditions,Dark - Street Light,Violation Driver 1,Controls Functioning,Clear,Broadside,Intersection,Other Vehicle,Not Applicable,Not Applicable,At,,True,False,23880,BRANHAM LN,MERIDIAN AV,37.25541403,-121.8983436
10353,712031,CR-0000101015,0,0,0,0,23-250-0262,False,False,22,9/7/2023 9:21:00 AM,No Pedestrians Involved,Dry,No Unusual Conditions,Daylight,Violation Driver 1,Controls Functioning,Clear,Rear End,Related,Other Vehicle,Not Applicable,Not Applicable,West Of,,True,True,23880,BRANHAM LN,MERIDIAN AV,37.25541403,-121.8983436
10354,722160,CR-0000103426,0,0,0,0,24-074-4002,False,True,51,3/14/2024 8:15:00 AM,No Pedestrians Involved,Unknown,Unknown,Unknown,Unknown,Unknown,Unknown,Rear End,Non-Related,Other Vehicle,Not Applicable,Not Applicable,Unknown,,False,False,23880,BRANHAM LN,MERIDIAN AV,37.25541403,-121.8983436
10355,722297,CR-0000103591,0,0,0,0,24-088-0194,False,False,51,3/28/2024 8:30:00 AM,No Pedestrians Involved,Dry,No Unusual Conditions,Daylight,Violation Driver 1,Controls Functioning,Clear,Sideswipe,Non-Related,Other Vehicle,Not Applicable,Not Applicable,North Of,,False,False,23880,BRANHAM LN,MERIDIAN AV,37.25541403,-121.8983436
10356,689161,CR-0000095018,0,1,0,0,22-290-0927,False,False,100,10/17/2022 9:46:00 PM,No Pedestrians Involved,Dry,No Unusual Conditions,Dark - Street Light,Violation Driver 1,Controls Functioning,Clear,Hit Object,Non-Related,Fixed Object,Not Applicable,Not Applicable,Unknown,,False,False,4586,ALMADEN EX,BRANHAM LN,37.26298464,-121.876679
10357,687549,CR-0000094339,1,0,0,0,22-268-0626,False,False,124,9/25/2022 4:41:00 PM,No Pedestrians Involved,Dry,No Unusual Conditions,Daylight,Violation Driver 1,Controls Functioning,Clear,Sideswipe,Non-Related,Other Vehicle,Not Applicable,Not Applicable,South Of,,False,False,4586,ALMADEN EX,BRANHAM LN,37.26298464,-121.876679
10358,688805,CR-0000094651,0,0,0,0,22-245-4005,False,True,51,9/1/2022 5:05:00 PM,No Pedestrians Involved,Unknown,Unknown,Daylight,Unknown,Unknown,Unknown,Rear End,Non-Related,Other Vehicle,Not Applicable,Not Applicable,Unknown,,False,False,4586,ALMADEN EX,BRANHAM LN,37.26298464,-121.876679
10359,681617,CR-0000091014,0,0,0,0,22-050-9703,False,True,0,2/18/2022 10:56:00 AM,No Pedestrians Involved,Dry,No Unusual Conditions,Daylight,Unknown,Controls Functioning,Clear,Rear End,Related,Other Vehicle,Not Applicable,Not Applicable,At,,False,False,4586,ALMADEN EX,BRANHAM LN,37.26298464,-121.876679
10360,681674,CR-0000091071,0,0,0,0,22-071-4000,False,True,,3/11/2022 6:50:00 PM,No Pedestrians Involved,Unknown,Unknown,Unknown,Unknown,Unknown,Unknown,Sideswipe,Related,Other Vehicle,Not Applicable,Not Applicable,East Of,,False,False,4586,ALMADEN EX,BRANHAM LN,37.26298464,-121.876679
10361,682590,CR-0000092157,2,0,0,0,22-122-0534,False,False,30,5/2/2022 2:32:00 PM,No Pedestrians Involved,Dry,No Unusual Conditions,Daylight,Violation Driver 1,Controls Functioning,Clear,Other,Related,Other Vehicle,Not Applicable,Not Applicable,North Of,,False,False,4586,ALMADEN EX,BRANHAM LN,37.26298464,-121.876679
10362,682285,CR-0000091796,0,0,0,0,22-119-0525,False,False,,4/29/2022 3:45:00 PM,No Pedestrians Involved,Dry,No Unusual Conditions,Daylight,Unknown,Controls Functioning,Clear,Rear End,Related,Other Vehicle,Not Applicable,Not Applicable,North Of,,False,True,4586,ALMADEN EX,BRANHAM LN,37.26298464,-121.876679
10363,683301,CR-0000092888,1,0,0,0,22-141-0820,False,False,81,5/21/2022 8:36:00 PM,No Pedestrians Involved,Dry,No Unusual Conditions,Dark - No Street Light,Violation Driver 1,Controls Functioning,Clear,Head On,Non-Related,Motor Vehicle On Other Roadway,Not Applicable,Not Applicable,East Of,,False,True,4586,ALMADEN EX,BRANHAM LN,37.26298464,-121.876679
10364,682835,CR-0000092443,1,0,0,0,22-157-0727,False,False,230,6/6/2022 5:00:00 PM,No Pedestrians Involved,Dry,No Unusual Conditions,Daylight,Violation Driver 1,No Controls Present/Factor,Clear,Vehicle/Bike,Non-Related,Bike,Not Applicable,Not Applicable,South Of,,True,False,4586,ALMADEN EX,BRANHAM LN,37.26298464,-121.876679
10365,690338,CR-0000096432,0,0,0,0,22-145-4001,False,True,0,5/21/2022 9:00:00 PM,No Pedestrians Involved,Unknown,Unknown,Unknown,Unknown,Unknown,Unknown,Sideswipe,Intersection,Other Vehicle,Not Applicable,Not Applicable,At,MEDIAN,False,True,4586,ALMADEN EX,BRANHAM LN,37.26298464,-121.876679
10366,691034,CR-0000097206,2,0,0,0,23-047-0493,False,False,0,2/16/2023 1:56:00 PM,No Pedestrians Involved,Dry,Unknown,Daylight,Violation Driver 1,Controls Functioning,Clear,Broadside,Intersection,Other Vehicle,Not Applicable,Not Applicable,At,,False,False,4586,ALMADEN EX,BRANHAM LN,37.26298464,-121.876679
10367,691081,CR-0000097254,0,0,1,0,23-059-0486,False,False,0,2/28/2023 2:32:00 PM,No Pedestrians Involved,Wet,No Unusual Conditions,Daylight,Violation Driver 1,Unknown,Rain,Broadside,Intersection,Other Vehicle,Not Applicable,Not Applicable,At,,False,False,4586,ALMADEN EX,BRANHAM LN,37.26298464,-121.876679
10368,694137,CR-0000098078,1,0,1,0,23-077-0119,False,False,0,3/18/2023 3:20:00 AM,No Pedestrians Involved,Dry,No Unusual Conditions,Dark - Street Light,Violation Driver 1,No Controls Present/Factor,Clear,Hit Object,Intersection,Fixed Object,Not Applicable,Not Applicable,At,Retaining Wall,False,False,4586,ALMADEN EX,BRANHAM LN,37.26298464,-121.876679
10369,720856,CR-0000103059,0,0,0,0,24-044-0821,True,False,127,2/13/2024 6:22:00 PM,No Pedestrians Involved,Dry,No Unusual Conditions,Dark - Street Light,Violation Driver 1,No Controls Present/Factor,Clear,Hit Object,Non-Related,Fixed Object,Not Applicable,Not Applicable,North Of,LIGHTPOLE,False,False,4586,ALMADEN EX,BRANHAM LN,37.26298464,-121.876679
10370,719643,CR-0000102814,0,0,0,0,24-003-4005,False,True,0,1/3/2024 4:15:00 PM,No Pedestrians Involved,Unknown,Unknown,Unknown,Unknown,Unknown,Unknown,Sideswipe,Intersection,Other Vehicle,Not Applicable,Not Applicable,At,,False,False,4586,ALMADEN EX,BRANHAM LN,37.26298464,-121.876679
10371,690691,CR-0000096826,0,0,1,0,23-017-0767,False,False,0,1/17/2023 6:36:00 PM,No Pedestrians Involved,Dry,No Unusual Conditions,Dark - Street Light,Violation Driver 1,Controls Functioning,Clear,Head On,Intersection,Parked Vehicle,Not Applicable,Not Applicable,At,,False,False,52689,DRYSDALE DR,MERRILL DR,37.24029744,-121.9084566
10372,720845,CR-0000103048,0,0,0,0,24-042-4006,False,True,51,2/11/2024 6:30:00 PM,No Pedestrians Involved,Unknown,Unknown,Unknown,Unknown,Unknown,Unknown,Sideswipe,Non-Related,Parked Vehicle,Not Applicable,Not Applicable,West Of,,False,False,72852,HILLCREST DR,INDIAN SPRINGS CT,37.21148959,-121.8716365
10373,720846,CR-0000103049,0,0,0,0,24-058-4006,False,True,51,2/11/2024 4:30:00 PM,No Pedestrians Involved,Unknown,Unknown,Unknown,Unknown,Unknown,Unknown,Sideswipe,Non-Related,Parked Vehicle,Not Applicable,Not Applicable,West Of,,False,False,72852,HILLCREST DR,INDIAN SPRINGS CT,37.21148959,-121.8716365
10374,721994,CR-0000103248,0,0,0,0,24-053-4007,False,True,51,2/22/2024 12:56:00 PM,No Pedestrians Involved,Unknown,Unknown,Unknown,Unknown,Unknown,Unknown,Rear End,Non-Related,Parked Vehicle,Not Applicable,Not Applicable,West Of,,False,False,89033,MAYHEW DR,SIMONSON WY,37.31271374,-121.8308916
10375,688889,CR-0000094744,0,0,0,0,22-282-0624,False,False,51,10/9/2022 2:30:00 AM,No Pedestrians Involved,Dry,No Unusual Conditions,Dark - Street Light,Violation Driver 1,No Controls Present/Factor,Clear,Rear End,Non-Related,Parked Vehicle,Not Applicable,Not Applicable,West Of,,True,True,87218,MALOTT DR,MCLAUGHLIN AV,37.30935062,-121.8308836
10376,687531,CR-0000094320,0,1,0,0,22-262-0609,False,False,0,9/18/2022 7:40:00 PM,Crossing In Crosswalk - At Intersection,Wet,No Unusual Conditions,Dark - Street Light,Violation Driver 1,No Controls Present/Factor,Cloudy,Vehicle/Pedestrian,Intersection,Pedestrian,North,South,At,PEDESTRIAN,False,False,38477,CHESWICK DR,MCLAUGHLIN AV,37.30851095,-121.8300752
10377,682800,CR-0000092385,1,0,0,0,22-137-0405,False,False,0,5/17/2022 5:59:00 AM,No Pedestrians Involved,Dry,No Unusual Conditions,Dusk - Dawn,Violation Driver 1,Controls Functioning,Clear,Vehicle/Bike,Intersection,Bike,Not Applicable,Not Applicable,At,BIKE,False,False,16235,BELLINGHAM DR,MCLAUGHLIN AV,37.30755384,-121.8291485
10378,681854,CR-0000091317,0,1,0,0,22-070-0970,False,False,195,3/11/2022 11:16:00 PM,No Pedestrians Involved,Dry,No Unusual Conditions,Dark - Street Light,Violation Driver 1,Controls Functioning,Clear,Rear End,Non-Related,Parked Vehicle,Not Applicable,Not Applicable,North Of,,False,False,16235,BELLINGHAM DR,MCLAUGHLIN AV,37.30755384,-121.8291485
10379,711631,CR-0000101396,0,0,0,0,23-306-0316,False,False,0,11/2/2023 10:41:00 AM,No Pedestrians Involved,Dry,No Unusual Conditions,Daylight,Violation Driver 1,Controls Functioning,Clear,Broadside,Intersection,Other Vehicle,Not Applicable,Not Applicable,At,,False,True,16235,BELLINGHAM DR,MCLAUGHLIN AV,37.30755384,-121.8291485
10380,685186,CR-0000093863,0,0,0,0,22-240-0856,True,False,0,8/28/2022 4:00:00 PM,No Pedestrians Involved,Dry,No Unusual Conditions,Dark - No Street Light,Violation Driver 1,Unknown,Clear,Hit Object,Intersection,Fixed Object,Not Applicable,Not Applicable,At,UTILITY BOX,True,True,144085,MALECH RD,METCALF RD,37.23030293,-121.7468413
10381,694170,CR-0000097886,0,0,1,0,23-098-0149,False,False,51,4/8/2023 3:26:00 AM,No Pedestrians Involved,Dry,No Unusual Conditions,Dark - No Street Light,Violation Driver 1,Controls Functioning,Clear,Other,Non-Related,Other Vehicle,Not Applicable,Not Applicable,Unknown,,False,True,144085,MALECH RD,METCALF RD,37.23030293,-121.7468413
10382,719757,CR-0000102930,0,0,0,0,24-021-0103,True,False,0,1/21/2024 1:00:00 AM,No Pedestrians Involved,Wet,No Unusual Conditions,Dark - No Street Light,Violation Driver 1,No Controls Present/Factor,Rain,Hit Object,Intersection,Fixed Object,Not Applicable,Not Applicable,At,GUARD RAIL,True,False,144085,MALECH RD,METCALF RD,37.23030293,-121.7468413
10383,712141,CR-0000101551,0,0,0,0,23-355-1056,True,False,90,12/21/2023 11:28:00 PM,No Pedestrians Involved,Dry,No Unusual Conditions,Dark - Street Light,Violation Driver 1,No Controls Present/Factor,Clear,Hit Object,Non-Related,Fixed Object,Not Applicable,Not Applicable,North Of,SIGN,True,False,144156,ALMADEN RD,NUNZIO CT,37.20099981,-121.8376131
10384,694527,CR-0000098521,0,0,0,0,23-193-0763,False,False,379,7/12/2023 7:02:00 PM,No Pedestrians Involved,Dry,No Unusual Conditions,Daylight,Violation Driver 1,No Controls Present/Factor,Clear,Rear End,Non-Related,Other Vehicle,Not Applicable,Not Applicable,West Of,,False,False,71610,HEDDING ST,STOCKTON AV,37.34450089,-121.9176176
10385,718496,CR-0000102602,1,0,0,0,24-073-0710,False,False,0,3/13/2024 5:51:00 PM,No Pedestrians Involved,Dry,No Unusual Conditions,Daylight,Violation Driver 1,Controls Functioning,Clear,Rear End,Intersection,Other Vehicle,Not Applicable,Not Applicable,At,,True,False,71610,HEDDING ST,STOCKTON AV,37.34450089,-121.9176176
10386,722402,CR-0000103696,1,0,0,0,24-099-0481,True,False,0,4/8/2024 2:49:00 PM,No Pedestrians Involved,Dry,No Unusual Conditions,Daylight,Violation Driver 1,Controls Functioning,Clear,Hit Object,Intersection,Fixed Object,Not Applicable,Not Applicable,At,PILLAR,True,False,71610,HEDDING ST,STOCKTON AV,37.34450089,-121.9176176
10387,683423,CR-0000093019,0,0,0,0,22-181-1049,False,False,185,6/30/2022 11:24:00 PM,No Pedestrians Involved,Dry,No Unusual Conditions,Dark - Street Light,Violation Driver 1,No Controls Present/Factor,Clear,Head On,Non-Related,Parked Vehicle,Not Applicable,Not Applicable,West Of,,True,True,144158,TULLY RD,VALLEY VISTA DR,37.33841557,-121.7869549
10388,696451,CR-0000099628,0,0,0,0,23-110-0416,False,False,0,4/20/2023 12:30:00 PM,No Pedestrians Involved,Unknown,Unknown,Unknown,Violation Driver 1,Unknown,Unknown,Head On,Intersection,Parked Vehicle,Not Applicable,Not Applicable,At,,False,True,94434,MT STANLEY WY,MT WILSON DR,37.35534772,-121.8061372
10389,683229,CR-0000092822,0,1,0,0,22-130-0581,True,False,425,5/10/2022 3:17:00 PM,No Pedestrians Involved,Dry,No Unusual Conditions,Daylight,Violation Driver 1,Controls Functioning,Clear,Overturned,Non-Related,Fixed Object,Not Applicable,Not Applicable,North Of,,False,False,92729,MONTEREY RD,RICHMOND AV,37.19332918,-121.7154246
10390,682824,CR-0000092395,0,0,0,0,22-134-9703,False,True,51,5/13/2022 6:43:00 PM,No Pedestrians Involved,Dry,No Unusual Conditions,Daylight,Unknown,No Controls Present/Factor,Clear,Sideswipe,Non-Related,Other Vehicle,Not Applicable,Not Applicable,East Of,,False,True,92443,MONTAGUE EX,NIMITZ FR,37.40219916,-121.9082217
10391,681482,CR-0000090872,2,0,0,0,22-034-0646,False,False,51,2/3/2022 3:44:00 PM,No Pedestrians Involved,Dry,No Unusual Conditions,Daylight,Violation Driver 1,No Controls Present/Factor,Clear,Sideswipe,Non-Related,Other Vehicle,Not Applicable,Not Applicable,West Of,,False,False,92454,MONTAGUE EX,NIMITZ FR,37.40110434,-121.9094632
10392,690812,CR-0000096951,0,0,0,0,23-026-0247,False,False,0,1/26/2023 9:44:00 AM,No Pedestrians Involved,Dry,No Unusual Conditions,Daylight,Violation Driver 1,No Controls Present/Factor,Clear,Rear End,Intersection,Other Vehicle,Not Applicable,Not Applicable,At,,True,False,92454,MONTAGUE EX,NIMITZ FR,37.40110434,-121.9094632
10393,696280,CR-0000099436,1,0,0,0,23-133-0393,False,False,0,5/13/2023 12:37:00 PM,No Pedestrians Involved,Dry,No Unusual Conditions,Daylight,Violation Driver 1,No Controls Present/Factor,Clear,Vehicle/Bike,Intersection,Scooter Motorized,Not Applicable,Not Applicable,At,Motorized Scooter,False,True,106545,SAN GREGORIO WY,SENTER RD,37.28053286,-121.8234186
10394,694562,CR-0000098586,0,0,1,0,23-199-0900,False,False,0,7/18/2023 9:25:00 PM,Crossing - Not In Crosswalk,Dry,No Unusual Conditions,Dark - Street Light,Violation Driver 1,Controls Functioning,Clear,Vehicle/Pedestrian,Intersection,Pedestrian,East,West,At,PED,False,False,106545,SAN GREGORIO WY,SENTER RD,37.28053286,-121.8234186
10395,698852,CR-0000100135,0,1,0,0,23-338-0782,False,False,0,12/24/2023 6:07:00 PM,Crossing In Crosswalk - At Intersection,Dry,No Unusual Conditions,Dark - Street Light,Violation Driver 1,Controls Functioning,Clear,Vehicle/Pedestrian,Intersection,Pedestrian,East,West,At,PED,False,False,106545,SAN GREGORIO WY,SENTER RD,37.28053286,-121.8234186
10396,681863,CR-0000091344,0,0,0,0,22-064-0395,False,False,51,3/5/2022 12:47:00 PM,No Pedestrians Involved,Dry,No Unusual Conditions,Daylight,Violation Driver 1,No Controls Present/Factor,Clear,Vehicle/Bike,Non-Related,Bike,Not Applicable,Not Applicable,East Of,BIKE,False,False,44857,COYOTE RD,SENTER RD,37.27959228,-121.8233903
10397,682052,CR-0000091567,0,0,0,0,22-065-0772,False,False,85,3/6/2022 7:00:00 PM,No Pedestrians Involved,Dry,No Unusual Conditions,Dark - Street Light,Violation Driver 1,Controls Not Functioning,Clear,Sideswipe,Non-Related,Other Vehicle,Not Applicable,Not Applicable,East Of,,False,True,44857,COYOTE RD,SENTER RD,37.27959228,-121.8233903
10398,711610,CR-0000101585,0,0,0,0,23-352-4012,False,True,51,12/10/2023 3:21:00 PM,No Pedestrians Involved,Unknown,Unknown,Unknown,Unknown,Unknown,Unknown,Other,Non-Related,Parked Vehicle,Not Applicable,Not Applicable,East Of,,False,False,25013,BRIAN CT,LARCHMONT DR,37.2375353,-121.8061561
10399,682491,CR-0000092058,1,0,0,0,22-091-1057,False,False,51,4/1/2022 11:26:00 PM,No Pedestrians Involved,Dry,No Unusual Conditions,Dark - Street Light,Violation Driver 1,No Controls Present/Factor,Clear,Sideswipe,Non-Related,Parked Vehicle,Not Applicable,Not Applicable,South Of,,False,False,106534,SAN GREGORIO WY,SANTA SUSANA WY,37.28052649,-121.8243687
10400,682662,CR-0000092238,0,0,0,0,22-128-4002,False,True,,5/8/2022 10:12:00 AM,No Pedestrians Involved,Unknown,Unknown,Daylight,Unknown,Unknown,Unknown,Rear End,Related,Other Vehicle,Not Applicable,Not Applicable,Unknown,,False,False,23913,BRANHAM LN,MONTEREY RD,37.26746986,-121.8219521
10401,682299,CR-0000091852,0,0,0,1,22-154-0940,False,False,0,6/3/2022 8:54:00 PM,No Pedestrians Involved,Dry,No Unusual Conditions,Dark - Street Light,Violation Driver 1,Controls Functioning,Unknown,Broadside,Intersection,Motorcycle,Not Applicable,Not Applicable,At,Delayed Fatal 07.01.2022 (Motor Cycle),False,False,23913,BRANHAM LN,MONTEREY RD,37.26746986,-121.8219521
10402,682773,CR-0000092319,0,0,0,0,22-154-0958,False,False,0,6/3/2022 9:00:00 PM,No Pedestrians Involved,Dry,No Unusual Conditions,Dark - Street Light,Violation Driver 1,Controls Functioning,Clear,Other,Intersection,Other Vehicle,Not Applicable,Not Applicable,At,,False,False,23913,BRANHAM LN,MONTEREY RD,37.26746986,-121.8219521
10403,682915,CR-0000092471,0,0,0,0,22-049-4000,False,True,0,2/17/2022 7:00:00 PM,No Pedestrians Involved,Unknown,Unknown,Daylight,Unknown,Unknown,Unknown,Sideswipe,Intersection,Other Vehicle,Not Applicable,Not Applicable,At,,False,False,23913,BRANHAM LN,MONTEREY RD,37.26746986,-121.8219521
10404,681230,CR-0000090615,1,0,0,0,22-005-0271,False,False,210,1/5/2022 9:40:00 AM,No Pedestrians Involved,Dry,No Unusual Conditions,Daylight,Violation Driver 1,No Controls Present/Factor,Clear,Rear End,Non-Related,Other Vehicle,Not Applicable,Not Applicable,South Of,,True,False,23913,BRANHAM LN,MONTEREY RD,37.26746986,-121.8219521
10405,684722,CR-0000093430,0,0,0,0,22-185-0316,True,False,192,7/4/2022 9:00:00 AM,No Pedestrians Involved,Dry,No Unusual Conditions,Daylight,Violation Driver 1,Controls Functioning,Clear,Head On,Non-Related,Fixed Object,Not Applicable,Not Applicable,South Of,Light pole/Tree,False,False,23913,BRANHAM LN,MONTEREY RD,37.26746986,-121.8219521
10406,689048,CR-0000094918,1,0,0,0,22-288-0907,False,False,0,10/15/2022 11:00:00 PM,No Pedestrians Involved,Unknown,No Unusual Conditions,Dark - Street Light,Violation Driver 1,Controls Functioning,Clear,Broadside,Intersection,Other Vehicle,Not Applicable,Not Applicable,At,,False,True,23913,BRANHAM LN,MONTEREY RD,37.26746986,-121.8219521
10407,689026,CR-0000094886,0,0,0,0,22-288-0702,True,False,0,10/15/2022 7:47:00 PM,No Pedestrians Involved,Dry,No Unusual Conditions,Daylight,Violation Driver 1,Controls Functioning,Clear,Hit Object,Intersection,Fixed Object,Not Applicable,Not Applicable,At,TRAFFIC LIGHT,False,True,23913,BRANHAM LN,MONTEREY RD,37.26746986,-121.8219521
10408,689229,CR-0000095195,3,0,0,0,22-298-0523,False,False,0,10/25/2022 2:00:00 PM,No Pedestrians Involved,Dry,No Unusual Conditions,Daylight,Violation Driver 1,Controls Functioning,Clear,Sideswipe,Intersection,Other Vehicle,Not Applicable,Not Applicable,At,,False,False,23913,BRANHAM LN,MONTEREY RD,37.26746986,-121.8219521
10409,689487,CR-0000095464,1,0,0,0,22-336-0164,False,False,0,12/2/2022 7:35:00 AM,No Pedestrians Involved,Wet,No Unusual Conditions,Daylight,Violation Driver 1,Controls Functioning,Clear,Vehicle/Bike,Intersection,Bike,Not Applicable,Not Applicable,At,BIKE,False,False,23913,BRANHAM LN,MONTEREY RD,37.26746986,-121.8219521
10410,695810,CR-0000098875,1,0,0,0,23-265-0927,False,False,0,9/22/2023 9:21:00 PM,No Pedestrians Involved,Dry,No Unusual Conditions,Dark - Street Light,Violation Driver 1,Controls Functioning,Clear,Rear End,Intersection,Other Vehicle,Not Applicable,Not Applicable,At,,True,True,23913,BRANHAM LN,MONTEREY RD,37.26746986,-121.8219521
10411,694148,CR-0000098140,3,0,0,0,23-130-0490,False,False,0,5/10/2023 11:17:00 AM,No Pedestrians Involved,Dry,No Unusual Conditions,Daylight,Violation Driver 1,Controls Not Functioning,Clear,Broadside,Intersection,Other Vehicle,Not Applicable,Not Applicable,At,,False,False,23913,BRANHAM LN,MONTEREY RD,37.26746986,-121.8219521
10412,711545,CR-0000101221,0,0,0,0,23-330-4007,False,True,,11/25/2023 10:30:00 PM,No Pedestrians Involved,Unknown,Unknown,Unknown,Unknown,Unknown,Unknown,Rear End,Related,Other Vehicle,Not Applicable,Not Applicable,Unknown,,False,False,23913,BRANHAM LN,MONTEREY RD,37.26746986,-121.8219521
10413,699443,CR-0000100811,0,0,0,0,23-214-4000,False,True,,7/14/2023 4:55:00 PM,No Pedestrians Involved,Unknown,Unknown,Unknown,Unknown,Unknown,Unknown,Broadside,Related,Other Vehicle,Not Applicable,Not Applicable,East Of,,False,False,200016,BAYPOINTE PY,BAY PARK CT,37.41326496,-121.9408309
10414,694640,CR-0000098673,1,0,0,0,23-210-0822,False,False,45,7/29/2023 9:15:00 PM,No Pedestrians Involved,Dry,No Unusual Conditions,Dark - Street Light,Violation Driver 1,Controls Functioning,Clear,Head On,Related,Other Vehicle,Not Applicable,Not Applicable,West Of,,False,False,200089,ORCHARD WY,VISTA MONTANA,37.41234958,-121.9562986
10415,699249,CR-0000100571,0,0,0,0,23-158-9703,False,True,51,6/6/2023 8:10:00 PM,No Pedestrians Involved,Dry,No Unusual Conditions,Daylight,Unknown,Unknown,Clear,Sideswipe,Non-Related,Other Vehicle,Not Applicable,Not Applicable,Unknown,,False,False,200089,ORCHARD WY,VISTA MONTANA,37.41234958,-121.9562986
10416,721963,CR-0000103217,0,0,0,0,24-049-0816,False,False,51,2/18/2024 11:49:00 PM,No Pedestrians Involved,Wet,No Unusual Conditions,Dark - Street Light,Violation Driver 1,No Controls Present/Factor,Rain,Other,Non-Related,Other Vehicle,Not Applicable,Not Applicable,North Of,,False,False,200089,ORCHARD WY,VISTA MONTANA,37.41234958,-121.9562986