_id,CrashFactId,Name,MinorInjuries,ModerateInjuries,SevereInjuries,FatalInjuries,TcrNumber,CityDamageFlag,ShortFormFlag,Distance,CrashDateTime,PedestrianAction,RoadwaySurface,RoadwayCondition,Lighting,PrimaryCollisionFactor,TrafficControl,Weather,CollisionType,ProximityToIntersection,VehicleInvolvedWith,PedestrianDirectionFrom,PedestrianDirectionTo,DirectionFromIntersection,Comment,SpeedingFlag,HitAndRunFlag,IntersectionNumber,AStreetName,BStreetName,Latitude,Longitude
10417,689594,CR-0000095571,0,0,1,0,22-321-0779,False,False,0,11/17/2022 7:07:00 PM,No Pedestrians Involved,Dry,No Unusual Conditions,Dusk - Dawn,Bike At Fault,No Controls Present/Factor,Clear,Vehicle/Bike,Intersection,Bike,Not Applicable,Not Applicable,At,BICYCLIST,False,False,17940,BESWICK DR/RALEIGH RD,COTTLE RD,37.24596422,-121.8039438
10418,683493,CR-0000093091,1,0,0,0,22-189-0997,True,False,88,7/8/2022 11:08:00 PM,No Pedestrians Involved,Dry,No Unusual Conditions,Dark - Street Light,Violation Driver 1,Controls Functioning,Clear,Head On,Non-Related,Fixed Object,Not Applicable,Not Applicable,South Of,LIGHT POLE/BUS STOP,True,False,17940,BESWICK DR/RALEIGH RD,COTTLE RD,37.24596422,-121.8039438
10419,685219,CR-0000093898,1,0,0,0,22-267-0919,False,False,0,9/24/2022 9:26:00 PM,Crossing In Crosswalk - At Intersection,Dry,No Unusual Conditions,Dark - Street Light,Violation Driver 1,Controls Functioning,Clear,Vehicle/Bike,Intersection,Bike,East,West,At,BIKE,False,True,17940,BESWICK DR/RALEIGH RD,COTTLE RD,37.24596422,-121.8039438
10420,685400,CR-0000094135,2,0,0,0,22-258-0616,False,False,51,9/15/2022 3:49:00 PM,No Pedestrians Involved,Dry,No Unusual Conditions,Daylight,Violation Driver 1,Controls Functioning,Clear,Rear End,Non-Related,Other Object,Not Applicable,Not Applicable,South Of,,True,False,17940,BESWICK DR/RALEIGH RD,COTTLE RD,37.24596422,-121.8039438
10421,681412,CR-0000090802,3,0,0,0,22-024-0530,False,False,0,1/24/2022 2:04:00 PM,No Pedestrians Involved,Dry,No Unusual Conditions,Daylight,Violation Driver 1,Controls Functioning,Clear,Broadside,Intersection,Other Vehicle,Not Applicable,Not Applicable,At,,False,False,17940,BESWICK DR/RALEIGH RD,COTTLE RD,37.24596422,-121.8039438
10422,682623,CR-0000092190,0,0,0,0,22-129-4004,False,False,,5/6/2022 7:50:00 PM,No Pedestrians Involved,Unknown,Unknown,Unknown,Unknown,Unknown,Unknown,Rear End,Related,Other Vehicle,Not Applicable,Not Applicable,South Of,,False,False,17940,BESWICK DR/RALEIGH RD,COTTLE RD,37.24596422,-121.8039438
10423,682695,CR-0000092273,0,0,0,0,22-151-9712,False,True,,5/31/2022 11:00:00 AM,No Pedestrians Involved,Dry,No Unusual Conditions,Daylight,Unknown,Controls Functioning,Clear,Rear End,Related,Other Vehicle,Not Applicable,Not Applicable,West Of,,False,False,17940,BESWICK DR/RALEIGH RD,COTTLE RD,37.24596422,-121.8039438
10424,698862,CR-0000100145,1,0,0,0,23-334-0440,False,False,0,11/30/2023 12:58:00 PM,No Pedestrians Involved,Dry,No Unusual Conditions,Daylight,Violation Driver 1,Controls Functioning,Cloudy,Rear End,Intersection,Other Vehicle,Not Applicable,Not Applicable,At,,True,False,17940,BESWICK DR/RALEIGH RD,COTTLE RD,37.24596422,-121.8039438
10425,689909,CR-0000095937,1,0,0,0,22-357-0719,False,False,32,12/23/2022 6:36:00 PM,No Pedestrians Involved,Dry,No Unusual Conditions,Dark - Street Light,Violation Driver 1,Controls Functioning,Clear,Rear End,Related,Other Vehicle,Not Applicable,Not Applicable,East Of,,True,True,17940,BESWICK DR/RALEIGH RD,COTTLE RD,37.24596422,-121.8039438
10426,722095,CR-0000103349,0,0,0,0,24-067-0900,False,False,0,3/7/2024 7:32:00 PM,No Pedestrians Involved,Dry,No Unusual Conditions,Dark - Street Light,Violation Driver 1,Controls Functioning,Clear,Rear End,Intersection,Other Vehicle,Not Applicable,Not Applicable,At,,True,True,17940,BESWICK DR/RALEIGH RD,COTTLE RD,37.24596422,-121.8039438
10427,711588,CR-0000101383,0,0,0,0,23-313-0259,False,False,100,11/9/2023 10:00:00 AM,No Pedestrians Involved,Dry,No Unusual Conditions,Daylight,Violation Driver 1,Controls Functioning,Clear,Sideswipe,Non-Related,Other Vehicle,Not Applicable,Not Applicable,North Of,,False,False,17940,BESWICK DR/RALEIGH RD,COTTLE RD,37.24596422,-121.8039438
10428,715909,CR-0000101907,0,0,0,0,23-146-9708,False,True,0,5/23/2023 7:31:00 PM,No Pedestrians Involved,Dry,No Unusual Conditions,Dusk - Dawn,Unknown,Controls Functioning,Clear,Rear End,Intersection,Other Vehicle,Not Applicable,Not Applicable,At,,False,True,17940,BESWICK DR/RALEIGH RD,COTTLE RD,37.24596422,-121.8039438
10429,682473,CR-0000092038,0,0,0,0,22-120-0377,False,False,51,4/30/2022 11:55:00 AM,No Pedestrians Involved,Dry,No Unusual Conditions,Daylight,Violation Driver 1,Controls Functioning,Clear,Sideswipe,Non-Related,Other Vehicle,Not Applicable,Not Applicable,West Of,,False,False,124277,COTTLE RD,WEST VALLEY FR,37.24444378,-121.803929
10430,682758,CR-0000092338,1,0,0,0,22-156-0773,False,False,53,6/5/2022 7:54:00 PM,No Pedestrians Involved,Dry,No Unusual Conditions,Daylight,Violation Driver 1,Controls Functioning,Clear,Broadside,Non-Related,Other Vehicle,Not Applicable,Not Applicable,North Of,,False,False,124277,COTTLE RD,WEST VALLEY FR,37.24444378,-121.803929
10431,683126,CR-0000092680,1,0,0,0,22-121-0856,False,False,60,5/1/2022 10:35:00 PM,No Pedestrians Involved,Dry,Unknown,Dark - Street Light,Violation Driver 1,Controls Functioning,Clear,Rear End,Non-Related,Other Vehicle,Not Applicable,Not Applicable,East Of,,False,True,124277,COTTLE RD,WEST VALLEY FR,37.24444378,-121.803929
10432,683393,CR-0000092986,0,0,0,0,22-179-9702,False,True,51,6/28/2022 7:30:00 AM,No Pedestrians Involved,Dry,No Unusual Conditions,Daylight,Unknown,No Controls Present/Factor,Clear,Rear End,Non-Related,Other Vehicle,Not Applicable,Not Applicable,South Of,,False,False,124277,COTTLE RD,WEST VALLEY FR,37.24444378,-121.803929
10433,690540,CR-0000096661,2,0,0,0,23-003-0561,False,False,0,1/3/2023 3:01:00 PM,No Pedestrians Involved,Dry,No Unusual Conditions,Daylight,Violation Driver 1,Controls Functioning,Clear,Broadside,Intersection,Other Vehicle,Not Applicable,Not Applicable,At,,False,False,124277,COTTLE RD,WEST VALLEY FR,37.24444378,-121.803929
10434,720877,CR-0000103080,1,1,0,0,24-027-0300,False,False,0,1/27/2024 11:11:00 AM,No Pedestrians Involved,Dry,No Unusual Conditions,Daylight,Violation Driver 1,Controls Functioning,Clear,Broadside,Intersection,Other Vehicle,Not Applicable,Not Applicable,At,,False,False,124277,COTTLE RD,WEST VALLEY FR,37.24444378,-121.803929
10435,716164,CR-0000102097,2,0,0,0,24-020-0770,False,False,116,1/20/2024 10:00:00 PM,No Pedestrians Involved,Wet,No Unusual Conditions,Dark - Street Light,Violation Driver 1,Controls Functioning,Rain,Rear End,Non-Related,Other Vehicle,Not Applicable,Not Applicable,South Of,,True,False,124277,COTTLE RD,WEST VALLEY FR,37.24444378,-121.803929
10436,722276,CR-0000103570,0,0,0,0,24-087-4003,False,True,0,3/26/2024 5:00:00 PM,No Pedestrians Involved,Unknown,Unknown,Unknown,Unknown,Unknown,Unknown,Broadside,Intersection,Other Vehicle,Not Applicable,Not Applicable,At,,False,False,124277,COTTLE RD,WEST VALLEY FR,37.24444378,-121.803929
10437,690373,CR-0000096469,0,0,0,0,22-126-0509,False,True,,5/6/2022 3:35:00 PM,No Pedestrians Involved,Dry,No Unusual Conditions,Daylight,Unknown,Controls Functioning,Clear,Sideswipe,Related,Other Vehicle,Not Applicable,Not Applicable,South Of,,False,True,4850,ALMADEN EX,RAJKOVICH WY/VIA VALIENTE,37.20938701,-121.8462965
10438,682957,CR-0000092559,0,2,0,0,22-165-0802,False,False,0,6/14/2022 10:12:00 PM,No Pedestrians Involved,Dry,No Unusual Conditions,Daylight,Violation Driver 1,Controls Functioning,Clear,Head On,Intersection,Other Vehicle,Not Applicable,Not Applicable,At,,False,False,4850,ALMADEN EX,RAJKOVICH WY/VIA VALIENTE,37.20938701,-121.8462965
10439,682235,CR-0000091789,1,0,0,0,22-113-0903,False,False,0,4/23/2022 10:36:00 PM,No Pedestrians Involved,Dry,No Unusual Conditions,Dark - Street Light,Violation Driver 1,No Controls Present/Factor,Clear,Broadside,Intersection,Other Vehicle,Not Applicable,Not Applicable,At,,False,False,4850,ALMADEN EX,RAJKOVICH WY/VIA VALIENTE,37.20938701,-121.8462965
10440,699009,CR-0000100314,1,0,0,0,23-309-0450,False,False,29,11/5/2023 1:01:00 PM,No Pedestrians Involved,Dry,No Unusual Conditions,Daylight,Violation Driver 1,Controls Functioning,Clear,Sideswipe,Related,Other Vehicle,Not Applicable,Not Applicable,West Of,,True,False,4850,ALMADEN EX,RAJKOVICH WY/VIA VALIENTE,37.20938701,-121.8462965
10441,699403,CR-0000100732,0,0,0,0,23-194-0253,False,False,,7/12/2023 8:30:00 PM,No Pedestrians Involved,Dry,No Unusual Conditions,Dark - Street Light,Violation Driver 1,No Controls Present/Factor,Clear,Sideswipe,Related,Other Vehicle,Not Applicable,Not Applicable,North Of,,False,True,4850,ALMADEN EX,RAJKOVICH WY/VIA VALIENTE,37.20938701,-121.8462965
10442,694756,CR-0000098789,1,0,0,0,23-221-0910,False,False,0,8/9/2023 10:25:00 PM,No Pedestrians Involved,Dry,No Unusual Conditions,Dark - Street Light,Violation Driver 1,Controls Functioning,Clear,Broadside,Intersection,Motor Vehicle On Other Roadway,Not Applicable,Not Applicable,At,,False,False,4850,ALMADEN EX,RAJKOVICH WY/VIA VALIENTE,37.20938701,-121.8462965
10443,719599,CR-0000102756,0,0,0,0,24-002-0826,False,False,0,1/2/2024 11:03:00 PM,No Pedestrians Involved,Wet,No Unusual Conditions,Dark - Street Light,Violation Driver 1,Controls Functioning,Rain,Head On,Intersection,Motor Vehicle On Other Roadway,Not Applicable,Not Applicable,At,,False,True,4850,ALMADEN EX,RAJKOVICH WY/VIA VALIENTE,37.20938701,-121.8462965
10444,692384,CR-0000097667,0,0,0,0,23-076-0844,False,False,115,3/17/2023 8:12:00 PM,No Pedestrians Involved,Dry,No Unusual Conditions,Dark - Street Light,Violation Driver 1,Controls Functioning,Clear,Rear End,Non-Related,Other Vehicle,Not Applicable,Not Applicable,East Of,,True,False,39247,CHYNOWETH AV,SNELL AV,37.25877166,-121.8309059
10445,711974,CR-0000100917,1,0,0,0,23-308-0645,False,False,255,11/4/2023 6:39:00 PM,No Pedestrians Involved,Dry,No Unusual Conditions,Dark - Street Light,Violation Driver 1,Controls Functioning,Clear,Rear End,Non-Related,Other Vehicle,Not Applicable,Not Applicable,East Of,,True,True,39247,CHYNOWETH AV,SNELL AV,37.25877166,-121.8309059
10446,696037,CR-0000099172,0,0,0,0,23-204-0537,False,False,0,7/23/2023 2:20:00 PM,No Pedestrians Involved,Dry,No Unusual Conditions,Daylight,Violation Driver 1,Unknown,Clear,Vehicle/Bike,Intersection,Bike,Not Applicable,Not Applicable,At,BIKE,False,False,79683,KING RD,VIRGINIA PL/VOLLMER WY,37.34560225,-121.848614
10447,699040,CR-0000100346,1,0,0,0,23-189-0841,False,False,0,7/8/2023 8:45:00 PM,Crossing In Crosswalk - At Intersection,Dry,No Unusual Conditions,Dark - Street Light,Violation Driver 1,No Controls Present/Factor,Clear,Vehicle/Pedestrian,Intersection,Pedestrian,South,North,At,PED,False,True,79683,KING RD,VIRGINIA PL/VOLLMER WY,37.34560225,-121.848614
10448,712260,CR-0000101715,0,0,0,0,23-017-4005,False,True,51,1/14/2023 9:15:00 AM,No Pedestrians Involved,Unknown,Unknown,Unknown,Unknown,Unknown,Unknown,Sideswipe,Non-Related,Parked Vehicle,Not Applicable,Not Applicable,West Of,,False,False,79683,KING RD,VIRGINIA PL/VOLLMER WY,37.34560225,-121.848614
10449,692446,CR-0000097731,1,0,0,0,23-085-0411,False,False,0,3/26/2023 1:43:00 PM,No Pedestrians Involved,Dry,No Unusual Conditions,Daylight,Violation Driver 1,Controls Functioning,Clear,Sideswipe,Intersection,Other Vehicle,Not Applicable,Not Applicable,At,,False,False,89385,MCCREERY AV,VOLLMER WY,37.34746816,-121.8459338
10450,689050,CR-0000094917,2,0,0,0,22-295-0420,False,False,0,10/22/2022 12:44:00 PM,No Pedestrians Involved,Dry,No Unusual Conditions,Daylight,Violation Driver 1,No Controls Present/Factor,Clear,Broadside,Intersection,Other Vehicle,Not Applicable,Not Applicable,At,,False,False,39489,CINDERELLA LN,SUNSET AV,37.34543438,-121.8398035
10451,681915,CR-0000091409,2,1,0,0,22-072-0378,False,False,0,3/13/2022 1:02:00 PM,No Pedestrians Involved,Dry,No Unusual Conditions,Daylight,Violation Driver 1,No Controls Present/Factor,Clear,Head On,Intersection,Other Vehicle,Not Applicable,Not Applicable,At,,False,False,30095,CAMDEN AV,MALPAS DR,37.23201042,-121.9035507
10452,681317,CR-0000090704,0,0,0,0,22-012-0718,True,False,912,1/12/2022 6:52:00 PM,No Pedestrians Involved,Dry,No Unusual Conditions,Dark - Street Light,Violation Driver 1,Controls Functioning,Clear,Hit Object,Non-Related,Fixed Object,Not Applicable,Not Applicable,South Of,TRAFFIC SIGNAL,False,False,46859,CUNNINGHAM AV/C LAKE CT,WHITE RD,37.34151895,-121.8059129
10453,682296,CR-0000091837,1,0,0,0,22-115-0150,False,False,0,4/25/2022 8:10:00 AM,No Pedestrians Involved,Dry,No Unusual Conditions,Daylight,Violation Driver 1,No Controls Present/Factor,Clear,Rear End,Intersection,Other Vehicle,Not Applicable,Not Applicable,At,,True,False,46859,CUNNINGHAM AV/C LAKE CT,WHITE RD,37.34151895,-121.8059129
10454,682997,CR-0000092588,2,0,0,0,22-175-0197,False,False,0,6/24/2022 6:39:00 AM,No Pedestrians Involved,Dry,No Unusual Conditions,Daylight,Violation Driver 1,Controls Functioning,Clear,Broadside,Intersection,Other Vehicle,Not Applicable,Not Applicable,At,,False,False,46859,CUNNINGHAM AV/C LAKE CT,WHITE RD,37.34151895,-121.8059129
10455,682998,CR-0000092584,2,0,0,0,22-172-0396,True,False,0,6/21/2022 11:59:00 AM,No Pedestrians Involved,Dry,No Unusual Conditions,Daylight,Violation Driver 1,Controls Functioning,Clear,Hit Object,Intersection,Fixed Object,Not Applicable,Not Applicable,At,Light Pole,False,False,46859,CUNNINGHAM AV/C LAKE CT,WHITE RD,37.34151895,-121.8059129
10456,683182,CR-0000092744,0,0,0,0,22-133-9709,False,True,0,4/29/2022 11:15:00 AM,No Pedestrians Involved,Dry,No Unusual Conditions,Daylight,Violation Driver 1,Controls Functioning,Clear,Head On,Intersection,Other Vehicle,Not Applicable,Not Applicable,At,,False,False,46859,CUNNINGHAM AV/C LAKE CT,WHITE RD,37.34151895,-121.8059129
10457,684693,CR-0000093321,1,0,0,0,22-174-0749,False,False,0,6/23/2022 7:11:00 PM,No Pedestrians Involved,Dry,No Unusual Conditions,Daylight,Violation Driver 1,Controls Functioning,Clear,Broadside,Intersection,Other Vehicle,Not Applicable,Not Applicable,At,,False,False,46859,CUNNINGHAM AV/C LAKE CT,WHITE RD,37.34151895,-121.8059129
10458,694223,CR-0000098196,1,0,0,0,23-143-0528,False,False,0,5/23/2023 1:56:00 PM,No Pedestrians Involved,Dry,No Unusual Conditions,Daylight,Violation Driver 1,Controls Functioning,Clear,Sideswipe,Intersection,Other Vehicle,Not Applicable,Not Applicable,At,,False,False,46859,CUNNINGHAM AV/C LAKE CT,WHITE RD,37.34151895,-121.8059129
10459,694160,CR-0000098003,1,0,0,0,23-105-0295,False,False,53,4/15/2023 10:44:00 AM,No Pedestrians Involved,Dry,No Unusual Conditions,Daylight,Violation Driver 1,Controls Functioning,Clear,Sideswipe,Non-Related,Other Vehicle,Not Applicable,Not Applicable,West Of,,False,False,16576,BENEFIT CT,RINEHART DR,37.36743136,-121.8510623
10460,719712,CR-0000102884,0,0,0,0,24-009-0116,False,False,27,1/9/2024 7:30:00 AM,No Pedestrians Involved,Dry,No Unusual Conditions,Dusk - Dawn,Violation Driver 1,Controls Functioning,Clear,Broadside,Related,Parked Vehicle,Not Applicable,Not Applicable,North Of,,False,True,16576,BENEFIT CT,RINEHART DR,37.36743136,-121.8510623
10461,712247,CR-0000101693,0,0,0,0,23-330-0608,False,False,265,11/26/2023 6:00:00 PM,No Pedestrians Involved,Dry,No Unusual Conditions,Dark - No Street Light,Violation Driver 1,No Controls Present/Factor,Clear,Sideswipe,Non-Related,Parked Vehicle,Not Applicable,Not Applicable,South Of,,True,True,39456,CINDERELLA LN,NOTTOWAY AV,37.34605063,-121.8387566
10462,696120,CR-0000099262,0,0,0,0,23-233-0134,False,False,73,8/21/2023 4:43:00 AM,No Pedestrians Involved,Dry,No Unusual Conditions,Dark - Street Light,Violation Driver 1,No Controls Present/Factor,Clear,Sideswipe,Non-Related,Other Vehicle,Not Applicable,Not Applicable,East Of,,False,True,39401,CINDERELLA LN,DIADEM DR,37.3483314,-121.8350834
10463,719592,CR-0000102749,0,0,0,0,24-001-4006,False,True,51,1/1/2024 3:00:00 AM,No Pedestrians Involved,Unknown,Unknown,Unknown,Unknown,Unknown,Unknown,Other,Non-Related,Parked Vehicle,Not Applicable,Not Applicable,West Of,,False,False,39401,CINDERELLA LN,DIADEM DR,37.3483314,-121.8350834
10464,684927,CR-0000093586,0,0,0,0,22-233-9704,False,True,0,8/20/2022 1:50:00 PM,No Pedestrians Involved,Dry,No Unusual Conditions,Daylight,Unknown,Controls Functioning,Clear,Rear End,Intersection,Other Vehicle,Not Applicable,Not Applicable,At,,False,False,39423,CINDERELLA LN,JACKSON AV,37.34882681,-121.8343691
10465,683036,CR-0000092630,0,0,0,0,22-131-9707,False,True,,5/5/2022 6:30:00 AM,No Pedestrians Involved,Unknown,No Unusual Conditions,Daylight,Unknown,Unknown,Clear,Sideswipe,Related,Other Vehicle,Not Applicable,Not Applicable,South Of,,False,False,39423,CINDERELLA LN,JACKSON AV,37.34882681,-121.8343691
10466,682567,CR-0000092134,6,1,0,0,22-151-0235,False,False,0,5/31/2022 8:18:00 AM,No Pedestrians Involved,Dry,No Unusual Conditions,Daylight,Unknown,Controls Functioning,Clear,Head On,Intersection,Other Vehicle,Not Applicable,Not Applicable,At,,False,False,39423,CINDERELLA LN,JACKSON AV,37.34882681,-121.8343691
10467,683135,CR-0000092704,0,0,0,0,22-041-9702,False,True,,2/9/2022 5:55:00 PM,No Pedestrians Involved,Dry,No Unusual Conditions,Dusk - Dawn,Unknown,Controls Functioning,Clear,Rear End,Related,Other Vehicle,Not Applicable,Not Applicable,Unknown,,False,False,39423,CINDERELLA LN,JACKSON AV,37.34882681,-121.8343691
10468,683157,CR-0000092705,0,0,0,0,22-045-0741,False,False,27,2/15/2022 12:39:00 AM,No Pedestrians Involved,Dry,No Unusual Conditions,Daylight,Unknown,Controls Functioning,Clear,Sideswipe,Related,Other Vehicle,Not Applicable,Not Applicable,North Of,,False,False,39423,CINDERELLA LN,JACKSON AV,37.34882681,-121.8343691
10469,696222,CR-0000099367,0,0,0,0,23-116-0015,False,False,227,4/26/2023 12:10:00 AM,No Pedestrians Involved,Dry,No Unusual Conditions,Dark - Street Light,Violation Driver 1,Controls Functioning,Clear,Sideswipe,Non-Related,Parked Vehicle,Not Applicable,Not Applicable,South Of,,True,True,39423,CINDERELLA LN,JACKSON AV,37.34882681,-121.8343691
10470,694423,CR-0000098386,0,1,0,0,23-157-0838,False,False,0,6/6/2023 7:36:00 PM,No Pedestrians Involved,Dry,No Unusual Conditions,Daylight,Violation Driver 1,Controls Functioning,Clear,Head On,Intersection,Motor Vehicle On Other Roadway,Not Applicable,Not Applicable,At,,False,False,39423,CINDERELLA LN,JACKSON AV,37.34882681,-121.8343691
10471,698919,CR-0000100221,1,0,0,0,23-312-0201,False,False,0,11/8/2023 8:20:00 AM,No Pedestrians Involved,Dry,No Unusual Conditions,Daylight,Violation Driver 1,Controls Obscured,Clear,Broadside,Intersection,Other Vehicle,Not Applicable,Not Applicable,At,,False,False,39423,CINDERELLA LN,JACKSON AV,37.34882681,-121.8343691
10472,698776,CR-0000100057,1,0,0,0,23-357-0272,False,False,25,12/23/2023 10:00:00 AM,No Pedestrians Involved,Dry,No Unusual Conditions,Daylight,Violation Driver 1,Controls Functioning,Clear,Rear End,Related,Other Vehicle,Not Applicable,Not Applicable,South Of,,True,False,39423,CINDERELLA LN,JACKSON AV,37.34882681,-121.8343691
10473,699364,CR-0000100691,0,0,0,0,23-204-4004,False,True,0,7/23/2023 9:15:00 PM,No Pedestrians Involved,Unknown,Unknown,Unknown,Unknown,Unknown,Unknown,Rear End,Intersection,Other Vehicle,Not Applicable,Not Applicable,At,,False,False,39423,CINDERELLA LN,JACKSON AV,37.34882681,-121.8343691
10474,689740,CR-0000095752,1,0,0,0,22-320-0719,False,False,0,11/16/2022 6:18:00 PM,No Pedestrians Involved,Dry,No Unusual Conditions,Dark - Street Light,Violation Driver 1,Controls Functioning,Clear,Broadside,Intersection,Other Vehicle,Not Applicable,Not Applicable,South Of,,False,False,39423,CINDERELLA LN,JACKSON AV,37.34882681,-121.8343691
10475,719577,CR-0000102733,0,0,0,0,23-330-0060,False,False,0,11/26/2023 1:00:00 AM,Crossing In Crosswalk - At Intersection,Dry,No Unusual Conditions,Dark - Street Light,Pedestrian At Fault,Controls Functioning,Clear,Vehicle/Pedestrian,Intersection,Pedestrian,Unknown,Unknown,At,PED,False,False,39423,CINDERELLA LN,JACKSON AV,37.34882681,-121.8343691
10476,716267,CR-0000102213,1,0,0,0,24-056-0111,False,False,311,2/25/2024 2:04:00 AM,No Pedestrians Involved,Dry,No Unusual Conditions,Dark - Street Light,Violation Driver 1,Controls Functioning,Clear,Head On,Non-Related,Parked Vehicle,Not Applicable,Not Applicable,North Of,,False,False,39423,CINDERELLA LN,JACKSON AV,37.34882681,-121.8343691
10477,696375,CR-0000099533,0,0,0,0,23-137-0862,False,True,51,5/17/2023 5:40:00 PM,No Pedestrians Involved,Dry,No Unusual Conditions,Daylight,Violation Driver 1,No Controls Present/Factor,Clear,Broadside,Non-Related,Parked Vehicle,Not Applicable,Not Applicable,North Of,,True,False,94005,MT HERMAN DR,MT RAINIER DR,37.34782126,-121.8103053
10478,695915,CR-0000099043,0,0,0,0,23-224-9706,False,True,51,8/12/2023 9:45:00 AM,No Pedestrians Involved,Dry,No Unusual Conditions,Daylight,Unknown,Controls Functioning,Clear,Sideswipe,Non-Related,Other Vehicle,Not Applicable,Not Applicable,East Of,,False,False,94005,MT HERMAN DR,MT RAINIER DR,37.34782126,-121.8103053
10479,719743,CR-0000102915,0,0,0,0,24-019-9707,False,False,105,1/19/2024 6:30:00 PM,No Pedestrians Involved,Dry,No Unusual Conditions,Dark - Street Light,Violation Driver 1,No Controls Present/Factor,Rain,Hit Object,Non-Related,Fixed Object,Not Applicable,Not Applicable,South Of,PG&E POLE,True,False,93796,MT BLANC WY,MT RAINIER DR,37.34907877,-121.8078509
10480,711855,CR-0000101534,0,0,0,0,23-336-0314,False,False,0,12/2/2023 10:51:00 AM,No Pedestrians Involved,Dry,No Unusual Conditions,Daylight,Violation Driver 1,Controls Functioning,Clear,Hit Object,Intersection,Fixed Object,Not Applicable,Not Applicable,At,CURB/WALL,True,True,93796,MT BLANC WY,MT RAINIER DR,37.34907877,-121.8078509
10481,690313,CR-0000096406,0,0,0,0,22-241-9709,False,True,51,8/23/2022 8:05:00 AM,No Pedestrians Involved,Dry,No Unusual Conditions,Daylight,Unknown,No Controls Present/Factor,Clear,Sideswipe,Non-Related,Other Vehicle,Not Applicable,Not Applicable,North Of,,False,True,14332,BATAAN CT,RINEHART DR,37.36833904,-121.8497132
10482,696020,CR-0000099155,0,0,0,0,23-200-0129,False,False,90,7/19/2023 6:18:00 AM,No Pedestrians Involved,Dry,No Unusual Conditions,Daylight,Violation Driver 1,No Controls Present/Factor,Clear,Broadside,Non-Related,Parked Vehicle,Not Applicable,Not Applicable,North Of,,True,True,95875,NINETEENTH ST,WASHINGTON ST,37.35123489,-121.8773576
10483,681702,CR-0000091099,1,0,0,0,22-059-1273,False,False,216,2/28/2022 5:30:00 PM,No Pedestrians Involved,Dry,No Unusual Conditions,Daylight,Violation Driver 1,No Controls Present/Factor,Clear,Broadside,Non-Related,Other Vehicle,Not Applicable,Not Applicable,South Of,,False,False,62875,FOURTH ST,HEDDING ST,37.35487536,-121.9002284
10484,682857,CR-0000092422,1,0,0,0,22-148-0595,False,False,0,5/28/2022 3:36:00 PM,No Pedestrians Involved,Dry,No Unusual Conditions,Daylight,Violation Driver 1,Controls Functioning,Clear,Rear End,Intersection,Other Vehicle,Not Applicable,Not Applicable,At,,True,False,62875,FOURTH ST,HEDDING ST,37.35487536,-121.9002284
10485,682859,CR-0000092439,0,0,1,0,22-058-0259,True,False,0,2/27/2022 8:08:00 AM,No Pedestrians Involved,Dry,No Unusual Conditions,Daylight,Violation Driver 1,Controls Functioning,Clear,Broadside,Intersection,Other Vehicle,Not Applicable,Not Applicable,At,POLE,False,True,62875,FOURTH ST,HEDDING ST,37.35487536,-121.9002284
10486,685384,CR-0000094119,0,2,0,0,22-232-0139,False,False,0,8/20/2022 3:46:00 AM,No Pedestrians Involved,Dry,No Unusual Conditions,Dark - Street Light,Violation Driver 1,Controls Functioning,Clear,Broadside,Intersection,Other Vehicle,Not Applicable,Not Applicable,At,,False,False,62875,FOURTH ST,HEDDING ST,37.35487536,-121.9002284
10487,685181,CR-0000093857,0,0,0,0,22-250-0521,True,False,30,9/7/2022 12:58:00 PM,No Pedestrians Involved,Dry,No Unusual Conditions,Daylight,Violation Driver 1,Controls Functioning,Clear,Rear End,Related,Other Vehicle,Not Applicable,Not Applicable,South Of,PD (UNMARKED) VEHICLE INVOLVED,True,False,62875,FOURTH ST,HEDDING ST,37.35487536,-121.9002284
10488,694397,CR-0000098350,0,2,0,0,23-170-0571,False,False,0,6/19/2023 3:00:00 PM,No Pedestrians Involved,Dry,No Unusual Conditions,Daylight,Violation Driver 1,Controls Functioning,Clear,Vehicle/Bike,Intersection,Bike,Not Applicable,Not Applicable,At,BIKE,False,False,62875,FOURTH ST,HEDDING ST,37.35487536,-121.9002284
10489,694625,CR-0000098658,1,0,0,0,23-207-0263,False,False,81,7/26/2023 9:17:00 AM,No Pedestrians Involved,Dry,No Unusual Conditions,Daylight,Violation Driver 1,Controls Functioning,Clear,Rear End,Non-Related,Other Vehicle,Not Applicable,Not Applicable,East Of,,True,False,62875,FOURTH ST,HEDDING ST,37.35487536,-121.9002284
10490,690175,CR-0000096265,0,0,0,0,22-160-0600,False,True,0,6/9/2022 4:14:00 PM,No Pedestrians Involved,Unknown,Unknown,Unknown,Unknown,Unknown,Unknown,Other,Intersection,Other Vehicle,Not Applicable,Not Applicable,At,,False,False,62875,FOURTH ST,HEDDING ST,37.35487536,-121.9002284