_id,CrashFactId,Name,MinorInjuries,ModerateInjuries,SevereInjuries,FatalInjuries,TcrNumber,CityDamageFlag,ShortFormFlag,Distance,CrashDateTime,PedestrianAction,RoadwaySurface,RoadwayCondition,Lighting,PrimaryCollisionFactor,TrafficControl,Weather,CollisionType,ProximityToIntersection,VehicleInvolvedWith,PedestrianDirectionFrom,PedestrianDirectionTo,DirectionFromIntersection,Comment,SpeedingFlag,HitAndRunFlag,IntersectionNumber,AStreetName,BStreetName,Latitude,Longitude
10491,689952,CR-0000095977,1,0,0,0,22-312-0227,False,False,0,11/8/2022 9:04:00 AM,No Pedestrians Involved,Wet,No Unusual Conditions,Daylight,Violation Driver 1,Controls Functioning,Rain,Rear End,Intersection,Other Vehicle,Not Applicable,Not Applicable,At,,False,False,62875,FOURTH ST,HEDDING ST,37.35487536,-121.9002284
10492,694086,CR-0000097951,1,0,0,0,23-076-0770,False,False,27,3/17/2023 6:48:00 PM,No Pedestrians Involved,Dry,No Unusual Conditions,Daylight,Violation Driver 1,Controls Functioning,Clear,Sideswipe,Related,Other Vehicle,Not Applicable,Not Applicable,South Of,,False,False,62875,FOURTH ST,HEDDING ST,37.35487536,-121.9002284
10493,694280,CR-0000097950,1,0,0,0,23-076-0426,False,False,0,3/17/2023 12:31:00 PM,No Pedestrians Involved,Dry,No Unusual Conditions,Daylight,Violation Driver 1,Controls Functioning,Clear,Broadside,Intersection,Other Vehicle,Not Applicable,Not Applicable,At,,False,False,62875,FOURTH ST,HEDDING ST,37.35487536,-121.9002284
10494,711881,CR-0000100990,0,0,0,0,23-244-0554,False,False,55,9/1/2023 3:05:00 PM,No Pedestrians Involved,Dry,No Unusual Conditions,Daylight,Violation Driver 1,Controls Functioning,Clear,Rear End,Non-Related,Other Vehicle,Not Applicable,Not Applicable,North Of,,True,False,62875,FOURTH ST,HEDDING ST,37.35487536,-121.9002284
10495,711718,CR-0000100984,0,0,0,0,23-246-0581,False,False,93,9/3/2023 5:10:00 PM,No Pedestrians Involved,Dry,No Unusual Conditions,Daylight,Violation Driver 1,Controls Functioning,Clear,Rear End,Non-Related,Other Vehicle,Not Applicable,Not Applicable,West Of,,True,True,62875,FOURTH ST,HEDDING ST,37.35487536,-121.9002284
10496,715860,CR-0000101850,0,0,0,0,23-129-4001,False,True,32,1/17/2023 3:50:00 PM,No Pedestrians Involved,Unknown,Unknown,Unknown,Unknown,Unknown,Unknown,Rear End,Related,Other Vehicle,Not Applicable,Not Applicable,West Of,,False,False,62875,FOURTH ST,HEDDING ST,37.35487536,-121.9002284
10497,716031,CR-0000101753,0,0,0,0,23-012-0229,False,True,0,1/12/2023 9:18:00 AM,No Pedestrians Involved,Dry,No Unusual Conditions,Daylight,Unknown,Controls Not Functioning,Clear,Broadside,Intersection,Other Vehicle,Not Applicable,Not Applicable,At,,False,False,62875,FOURTH ST,HEDDING ST,37.35487536,-121.9002284
10498,718486,CR-0000102574,0,1,0,0,24-062-0799,False,False,0,3/2/2024 9:51:00 PM,No Pedestrians Involved,Dry,No Unusual Conditions,Dark - Street Light,Violation Driver 1,Controls Functioning,Clear,Vehicle/Bike,Intersection,Bike,Not Applicable,Not Applicable,At,BIKE,False,True,62875,FOURTH ST,HEDDING ST,37.35487536,-121.9002284
10499,719513,CR-0000102633,1,0,0,0,24-075-0608,False,False,0,3/15/2024 4:37:00 PM,No Pedestrians Involved,Dry,No Unusual Conditions,Daylight,Violation Driver 1,Controls Functioning,Clear,Broadside,Intersection,Other Vehicle,Not Applicable,Not Applicable,At,,False,False,62875,FOURTH ST,HEDDING ST,37.35487536,-121.9002284
10500,690746,CR-0000096883,1,0,0,0,23-010-0464,False,False,0,1/10/2023 4:09:00 PM,No Pedestrians Involved,Unknown,No Unusual Conditions,Daylight,Violation Driver 1,Controls Functioning,Rain,Broadside,Intersection,Other Vehicle,Not Applicable,Not Applicable,At,,False,False,63062,FOURTH ST,YOUNGER ST,37.35665016,-121.9015522
10501,711720,CR-0000101316,0,0,0,0,23-347-0736,False,False,150,12/13/2023 5:36:00 PM,No Pedestrians Involved,Dry,No Unusual Conditions,Dark - Street Light,Violation Driver 1,Controls Functioning,Clear,Sideswipe,Non-Related,Parked Vehicle,Not Applicable,Not Applicable,West Of,,False,False,63062,FOURTH ST,YOUNGER ST,37.35665016,-121.9015522
10502,694736,CR-0000098761,1,0,0,0,23-237-0010,True,False,250,8/25/2023 12:03:00 AM,No Pedestrians Involved,Dry,No Unusual Conditions,Dark - Street Light,Violation Driver 1,Controls Functioning,Clear,Rear End,Non-Related,Parked Vehicle,Not Applicable,Not Applicable,South Of,TREE,False,False,27455,BURTON AV,FOURTH ST,37.35865395,-121.9030432
10503,681659,CR-0000091056,0,0,0,0,22-065-4000,False,True,51,3/5/2022 8:00:00 AM,No Pedestrians Involved,Unknown,Unknown,Daylight,Unknown,Unknown,Unknown,Other,Non-Related,Parked Vehicle,Not Applicable,Not Applicable,East Of,,False,False,37498,CHERRY AV,DRY CREEK RD,37.29129506,-121.9013288
10504,685046,CR-0000093737,0,1,0,0,22-215-0857,False,False,0,8/3/2022 8:45:00 PM,No Pedestrians Involved,Dry,No Unusual Conditions,Dark - Street Light,Violation Driver 1,No Controls Present/Factor,Clear,Sideswipe,Intersection,Other Vehicle,Not Applicable,Not Applicable,At,,False,False,37685,CHERRY AV,LESHER CT,37.28948095,-121.9001478
10505,689948,CR-0000095993,0,0,0,0,22-363-4001,False,True,51,12/29/2022 8:10:00 AM,No Pedestrians Involved,Unknown,Unknown,Daylight,Violation Driver 1,Unknown,Unknown,Sideswipe,Non-Related,Other Vehicle,Not Applicable,Not Applicable,North Of,,False,False,67242,GLENWOOD AV,LUPTON AV,37.29741707,-121.9018167
10506,695998,CR-0000099133,1,0,0,0,23-216-0377,False,False,171,8/4/2023 12:33:00 PM,No Pedestrians Involved,Dry,No Unusual Conditions,Daylight,Violation Driver 1,No Controls Present/Factor,Clear,Hit Object,Non-Related,Fixed Object,Not Applicable,Not Applicable,West Of,CURB/POLE NO DAMAGE,True,False,32504,CAPITOL AV,MUELLER AV,37.36758267,-121.8405838
10507,711922,CR-0000101194,0,0,0,0,23-308-9701,False,True,,11/3/2023 9:25:00 PM,No Pedestrians Involved,Dry,No Unusual Conditions,Dark - Street Light,Unknown,No Controls Present/Factor,Clear,Sideswipe,Related,Parked Vehicle,Not Applicable,Not Applicable,Unknown,,False,False,32504,CAPITOL AV,MUELLER AV,37.36758267,-121.8405838
10508,711929,CR-0000101219,0,0,0,0,23-331-4000,False,True,51,11/27/2023 4:30:00 AM,No Pedestrians Involved,Unknown,Unknown,Unknown,Unknown,Unknown,Unknown,Rear End,Non-Related,Parked Vehicle,Not Applicable,Not Applicable,North Of,,False,False,32504,CAPITOL AV,MUELLER AV,37.36758267,-121.8405838
10509,711958,CR-0000101417,0,0,0,0,23-350-0085,False,False,498,12/16/2023 1:45:00 AM,No Pedestrians Involved,Unknown,Unknown,Dark - Street Light,Violation Driver 1,No Controls Present/Factor,Clear,Rear End,Non-Related,Other Vehicle,Not Applicable,Not Applicable,North Of,,False,False,32504,CAPITOL AV,MUELLER AV,37.36758267,-121.8405838
10510,722022,CR-0000103276,0,0,0,0,24-100-4003,False,True,51,2/26/2024 6:30:00 AM,No Pedestrians Involved,Unknown,Unknown,Unknown,Unknown,Unknown,Unknown,Rear End,Non-Related,Parked Vehicle,Not Applicable,Not Applicable,North Of,,False,False,32504,CAPITOL AV,MUELLER AV,37.36758267,-121.8405838
10511,681308,CR-0000090695,0,0,0,0,22-020-4000,False,True,51,1/11/2022 8:30:00 AM,No Pedestrians Involved,Unknown,Unknown,Daylight,Unknown,Unknown,Unknown,Broadside,Non-Related,Other Vehicle,Not Applicable,Not Applicable,East Of,,False,False,32339,CAPITOL AV,GAY AV,37.36679483,-121.8397737
10512,690766,CR-0000096904,1,0,0,0,23-024-0539,False,False,0,1/24/2023 2:20:00 PM,No Pedestrians Involved,Dry,No Unusual Conditions,Daylight,Violation Driver 1,Controls Functioning,Clear,Rear End,Intersection,Other Vehicle,Not Applicable,Not Applicable,At,,True,True,32339,CAPITOL AV,GAY AV,37.36679483,-121.8397737
10513,722270,CR-0000103564,0,0,0,0,24-086-0749,False,False,72,3/26/2024 7:28:00 PM,No Pedestrians Involved,Dry,No Unusual Conditions,Daylight,Violation Driver 1,Controls Functioning,Clear,Hit Object,Non-Related,Fixed Object,Not Applicable,Not Applicable,East Of,PG&E POLE,False,False,32339,CAPITOL AV,GAY AV,37.36679483,-121.8397737
10514,681447,CR-0000090837,0,0,1,0,22-017-0678,False,False,177,1/17/2022 7:17:00 PM,In Road - Includes Shoulder,Dry,No Unusual Conditions,Dark - Street Light,Pedestrian At Fault,Controls Functioning,Clear,Vehicle/Pedestrian,Non-Related,Pedestrian,Unknown,Unknown,South Of,PEDESTRIAN,False,False,32471,CAPITOL AV,MADDEN AV,37.36577638,-121.8386876
10515,722187,CR-0000103453,0,0,0,0,24-079-4003,False,True,51,3/16/2024 10:00:00 PM,No Pedestrians Involved,Unknown,Unknown,Unknown,Unknown,Unknown,Unknown,Other,Non-Related,Parked Vehicle,Not Applicable,Not Applicable,West Of,,False,False,32471,CAPITOL AV,MADDEN AV,37.36577638,-121.8386876
10516,695970,CR-0000099105,0,0,0,0,23-217-0483,False,False,0,8/5/2023 3:24:00 PM,No Pedestrians Involved,Dry,No Unusual Conditions,Daylight,Violation Driver 1,No Controls Present/Factor,Clear,Hit Object,Intersection,Fixed Object,Not Applicable,Not Applicable,At,,True,False,101067,PINETREE CT,SILVERTREE DR,37.39002696,-121.881119
10517,690708,CR-0000096845,1,0,0,0,23-011-0881,False,False,0,1/11/2023 10:38:00 PM,No Pedestrians Involved,Dry,No Unusual Conditions,Dark - Street Light,Violation Driver 1,Controls Functioning,Clear,Sideswipe,Intersection,Other Vehicle,Not Applicable,Not Applicable,At,,False,False,96865,OAKLAND AV,SAN ANTONIO ST,37.35196968,-121.8482407
10518,690662,CR-0000096785,1,0,0,0,23-026-0187,True,False,435,1/26/2023 8:16:00 AM,No Pedestrians Involved,Dry,No Unusual Conditions,Daylight,Violation Driver 1,No Controls Present/Factor,Clear,Hit Object,Non-Related,Fixed Object,Not Applicable,Not Applicable,East Of,PED BRIDGE WALL,True,False,78242,KAMMERER AV,SINCLAIR DR,37.35121329,-121.8436657
10519,691270,CR-0000097515,0,0,0,0,23-042-9709,False,True,51,2/9/2023 8:20:00 AM,No Pedestrians Involved,Dry,No Unusual Conditions,Daylight,Unknown,Controls Functioning,Clear,Broadside,Non-Related,Parked Vehicle,Not Applicable,Not Applicable,North Of,,False,False,39467,CINDERELLA LN,PETER PAN AV,37.34972343,-121.8329135
10520,682611,CR-0000092178,0,0,0,0,22-151-9715,False,True,100,5/4/2022 4:47:00 AM,No Pedestrians Involved,Dry,No Unusual Conditions,Dark - Street Light,Unknown,No Controls Present/Factor,Clear,Rear End,Non-Related,Parked Vehicle,Not Applicable,Not Applicable,South Of,,False,False,51358,DOBERN AV,SONI CT,37.35306291,-121.8360756
10521,690821,CR-0000096960,0,0,0,0,23-020-0928,False,False,120,1/20/2023 6:10:00 PM,No Pedestrians Involved,Dry,No Unusual Conditions,Dark - Street Light,Violation Driver 1,No Controls Present/Factor,Clear,Rear End,Non-Related,Parked Vehicle,Not Applicable,Not Applicable,West Of,,True,True,51358,DOBERN AV,SONI CT,37.35306291,-121.8360756
10522,691291,CR-0000097536,0,0,0,0,23-050-4001,False,True,51,2/16/2023 12:45:00 PM,No Pedestrians Involved,Unknown,Unknown,Unknown,Unknown,Unknown,Unknown,Hit Object,Non-Related,Fixed Object,Not Applicable,Not Applicable,South Of,hydrant,False,False,100550,PHELAN AV,TENTH ST,37.31569664,-121.8624212
10523,692503,CR-0000097792,0,0,0,0,23-074-4000,False,True,51,3/14/2023 8:05:00 AM,No Pedestrians Involved,Unknown,Unknown,Unknown,Unknown,Unknown,Unknown,Other,Non-Related,Other Vehicle,Not Applicable,Not Applicable,South Of,,False,False,100550,PHELAN AV,TENTH ST,37.31569664,-121.8624212
10524,690621,CR-0000096742,0,0,0,0,23-020-0372,False,False,51,1/19/2023 2:10:00 PM,No Pedestrians Involved,Dry,No Unusual Conditions,Daylight,Violation Driver 1,No Controls Present/Factor,Clear,Sideswipe,Non-Related,Parked Vehicle,Not Applicable,Not Applicable,West Of,,True,True,100550,PHELAN AV,TENTH ST,37.31569664,-121.8624212
10525,698901,CR-0000100201,1,0,0,0,23-318-0495,False,False,554,11/14/2023 2:25:00 PM,No Pedestrians Involved,Dry,No Unusual Conditions,Daylight,Violation Driver 1,No Controls Present/Factor,Clear,Rear End,Non-Related,Other Vehicle,Not Applicable,Not Applicable,North Of,,True,True,100550,PHELAN AV,TENTH ST,37.31569664,-121.8624212
10526,682436,CR-0000091999,0,0,0,0,22-116-4005,False,True,51,4/26/2022 10:50:00 AM,No Pedestrians Involved,Unknown,Unknown,Daylight,Unknown,Unknown,Unknown,Sideswipe,Non-Related,Parked Vehicle,Not Applicable,Not Applicable,South Of,,False,False,95963,NINTH ST,ST JOHN ST,37.34168012,-121.8831979
10527,695789,CR-0000098854,0,1,0,0,23-247-0663,False,False,200,9/4/2023 11:39:00 PM,No Pedestrians Involved,Dry,No Unusual Conditions,Daylight,Violation Driver 1,Controls Functioning,Clear,Rear End,Non-Related,Parked Vehicle,Not Applicable,Not Applicable,South Of,,False,False,54933,EIGHTH ST,ST JOHN ST,37.34118386,-121.88425
10528,683024,CR-0000092655,1,0,0,0,22-150-0032,False,False,0,5/30/2022 12:21:00 AM,No Pedestrians Involved,Dry,No Unusual Conditions,Dark - Street Light,Bike At Fault,Controls Functioning,Clear,Vehicle/Bike,Intersection,Scooter Motorized,Not Applicable,Not Applicable,At,ELECTRIC SCOOTER,False,False,110440,ST JOHN ST,TENTH ST,37.34218455,-121.8821444
10529,689071,CR-0000094928,0,1,0,0,22-291-0481,False,False,64,10/18/2022 1:16:00 PM,No Pedestrians Involved,Dry,No Unusual Conditions,Daylight,Violation Driver 1,Controls Functioning,Clear,Rear End,Non-Related,Other Vehicle,Not Applicable,Not Applicable,North Of,,True,False,110440,ST JOHN ST,TENTH ST,37.34218455,-121.8821444
10530,694532,CR-0000098526,0,1,0,0,23-195-0726,False,False,203,7/14/2023 6:46:00 PM,No Pedestrians Involved,Dry,No Unusual Conditions,Daylight,Violation Driver 1,No Controls Present/Factor,Clear,Rear End,Non-Related,Motorcycle,Not Applicable,Not Applicable,South Of,,True,False,110440,ST JOHN ST,TENTH ST,37.34218455,-121.8821444
10531,690030,CR-0000096085,0,1,0,1,23-108-0710,False,False,0,4/18/2023 8:14:00 AM,Crossing - Not In Crosswalk,Dry,No Unusual Conditions,Daylight,Violation Driver 1,No Controls Present/Factor,Clear,Vehicle/Pedestrian,Intersection,Pedestrian,West,East,At,PED,False,False,78870,KENTRIDGE DR,WHITE RD,37.37642552,-121.8366413
10532,699467,CR-0000100790,0,0,0,0,23-203-0420,False,False,22,7/22/2023 1:30:00 PM,No Pedestrians Involved,Dry,No Unusual Conditions,Daylight,Violation Driver 1,No Controls Present/Factor,Clear,Head On,Related,Other Vehicle,Not Applicable,Not Applicable,North Of,,False,True,78870,KENTRIDGE DR,WHITE RD,37.37642552,-121.8366413
10533,689452,CR-0000095427,0,1,0,0,22-306-0360,False,False,0,11/2/2022 11:08:00 AM,No Pedestrians Involved,Dry,Holes Deep Rut,Daylight,Violation Driver 1,No Controls Present/Factor,Clear,Broadside,Intersection,Other Vehicle,Not Applicable,Not Applicable,At,,True,False,21361,BOLIVAR DR,CHESBRO AV,37.24595088,-121.8427031
10534,689688,CR-0000095670,0,1,0,0,22-344-0087,False,False,93,12/10/2022 1:00:00 AM,No Pedestrians Involved,Wet,No Unusual Conditions,Dark - Street Light,Violation Driver 1,No Controls Present/Factor,Cloudy,Hit Object,Non-Related,Fixed Object,Not Applicable,Not Applicable,South Of,curb,False,False,112463,TUNBRIDGE WY,VIA VALIENTE,37.21478728,-121.8428168
10535,682830,CR-0000092440,0,1,0,0,22-157-0064,True,False,86,5/6/2022 2:30:00 AM,No Pedestrians Involved,Wet,No Unusual Conditions,Dark - Street Light,Violation Driver 1,No Controls Present/Factor,Clear,Hit Object,Non-Related,Fixed Object,Not Applicable,Not Applicable,East Of,TREE,True,False,24331,BRANHAM LN,WELLINGTON PARK DR,37.26559914,-121.8496004
10536,690871,CR-0000097013,1,0,0,0,23-021-0271,False,False,1232,1/21/2023 10:12:00 AM,No Pedestrians Involved,Dry,No Unusual Conditions,Daylight,Violation Driver 1,No Controls Present/Factor,Clear,Rear End,Non-Related,Other Vehicle,Not Applicable,Not Applicable,West Of,,False,False,114520,BYINGTON AVYERBA BUENA AV,YERBA BUENA RD,37.29728293,-121.7762129
10537,716280,CR-0000102251,1,1,0,0,24-036-0791,False,False,254,2/5/2024 7:10:00 PM,No Pedestrians Involved,Wet,No Unusual Conditions,Dark - Street Light,Violation Driver 1,No Controls Present/Factor,Cloudy,Rear End,Non-Related,Other Vehicle,Not Applicable,Not Applicable,West Of,,True,False,114520,BYINGTON AVYERBA BUENA AV,YERBA BUENA RD,37.29728293,-121.7762129
10538,696224,CR-0000099369,0,0,0,0,23-100-4002,False,True,0,4/10/2023 4:50:00 PM,No Pedestrians Involved,Unknown,Unknown,Unknown,Unknown,Unknown,Unknown,Rear End,Intersection,Other Vehicle,Not Applicable,Not Applicable,At,,False,False,121538,SAN FELIPE RD,YERBA BUENA AV,37.31065704,-121.7862191
10539,699281,CR-0000100605,0,0,0,0,23-161-9701,False,True,0,6/9/2023 3:38:00 PM,No Pedestrians Involved,Dry,No Unusual Conditions,Daylight,Unknown,Controls Functioning,Clear,Rear End,Intersection,Other Vehicle,Not Applicable,Not Applicable,At,,False,False,121538,SAN FELIPE RD,YERBA BUENA AV,37.31065704,-121.7862191
10540,720876,CR-0000103077,0,0,0,0,24-026-4003,False,True,,1/26/2024 12:33:00 PM,No Pedestrians Involved,Unknown,Unknown,Unknown,Unknown,Unknown,Unknown,Sideswipe,Related,Other Vehicle,Not Applicable,Not Applicable,North Of,,False,False,121538,SAN FELIPE RD,YERBA BUENA AV,37.31065704,-121.7862191
10541,696454,CR-0000099631,0,1,0,0,23-329-0085,False,False,0,11/25/2023 2:15:00 AM,No Pedestrians Involved,Dry,No Unusual Conditions,Dark - Street Light,Violation Driver 1,No Controls Present/Factor,Clear,Hit Object,Intersection,Fixed Object,Not Applicable,Not Applicable,At,,False,False,36123,CENTURY PLAZA WY,COYOTE RD,37.25963491,-121.79459
10542,689557,CR-0000095534,0,0,0,0,22-347-0179,False,False,0,12/13/2022 7:40:00 AM,No Pedestrians Involved,Dry,No Unusual Conditions,Daylight,Violation Driver 1,Controls Functioning,Clear,Sideswipe,Intersection,Other Vehicle,Not Applicable,Not Applicable,At,,True,True,106930,SAN YSIDRO WY,SANTA ROSA DR,37.27884017,-121.8305751
10543,689444,CR-0000095419,0,0,0,0,22-328-0431,False,False,0,11/24/2022 3:32:00 PM,No Pedestrians Involved,Dry,No Unusual Conditions,Daylight,Violation Driver 1,No Controls Present/Factor,Clear,Rear End,Intersection,Other Vehicle,Not Applicable,Not Applicable,At,,True,True,108118,SENTER RD,SEVEN TREES BL,37.27810859,-121.8321994
10544,696414,CR-0000099591,1,0,0,0,23-284-0580,False,False,0,10/11/2023 4:50:00 PM,No Pedestrians Involved,Dry,No Unusual Conditions,Daylight,Violation Driver 1,No Controls Present/Factor,Clear,Vehicle/Bike,Intersection,Bike,Not Applicable,Not Applicable,At,BIKE,False,True,108118,SENTER RD,SEVEN TREES BL,37.27810859,-121.8321994
10545,681790,CR-0000091190,0,0,1,0,22-058-0926,True,False,359,2/27/2022 10:32:00 PM,No Pedestrians Involved,Dry,No Unusual Conditions,Dark - Street Light,Violation Driver 1,No Controls Present/Factor,Clear,Overturned,Non-Related,Fixed Object,Not Applicable,Not Applicable,West Of,Light Pole #17G33,True,False,84919,LONDON DR,WESTMONT AV,37.27061677,-121.983544
10546,683160,CR-0000092757,0,0,0,0,22-042-4004,False,True,51,2/11/2022 2:50:00 PM,No Pedestrians Involved,Unknown,Unknown,Daylight,Unknown,Unknown,Unknown,Sideswipe,Non-Related,Other Vehicle,Not Applicable,Not Applicable,South Of,,False,False,106369,SAN FERNANDO ST,TENTH ST,37.33887769,-121.879692
10547,690803,CR-0000096941,1,0,0,0,23-011-0418,False,False,0,1/11/2023 1:15:00 PM,No Pedestrians Involved,Wet,No Unusual Conditions,Daylight,Bike At Fault,Controls Functioning,Rain,Vehicle/Bike,Intersection,Scooter Motorized,Not Applicable,Not Applicable,At,E.SCOOTER,False,True,106369,SAN FERNANDO ST,TENTH ST,37.33887769,-121.879692
10548,689762,CR-0000095783,2,0,0,0,22-169-0453,False,False,245,6/18/2022 1:05:00 PM,No Pedestrians Involved,Dry,No Unusual Conditions,Daylight,Violation Driver 1,No Controls Present/Factor,Clear,Broadside,Non-Related,Other Vehicle,Not Applicable,Not Applicable,South Of,,True,True,106369,SAN FERNANDO ST,TENTH ST,37.33887769,-121.879692
10549,690354,CR-0000096448,0,0,0,0,22-242-0186,False,True,0,8/30/2022 7:35:00 AM,No Pedestrians Involved,Unknown,Unknown,Unknown,Unknown,Unknown,Unknown,Other,Intersection,Other Vehicle,Not Applicable,Not Applicable,At,,False,False,106369,SAN FERNANDO ST,TENTH ST,37.33887769,-121.879692
10550,722021,CR-0000103275,0,0,0,0,24-057-4002,False,True,0,2/26/2024 10:20:00 AM,No Pedestrians Involved,Unknown,Unknown,Unknown,Unknown,Unknown,Unknown,Sideswipe,Intersection,Other Vehicle,Not Applicable,Not Applicable,At,,False,False,106369,SAN FERNANDO ST,TENTH ST,37.33887769,-121.879692
10551,694152,CR-0000097964,0,0,0,0,23-087-4005,False,True,51,3/28/2023 3:40:00 PM,No Pedestrians Involved,Unknown,Unknown,Unknown,Unknown,Unknown,Unknown,Sideswipe,Non-Related,Parked Vehicle,Not Applicable,Not Applicable,Unknown,,False,False,48432,DANIEL WY,SCOTT ST,37.31976112,-121.9410787
10552,682849,CR-0000092444,1,0,0,0,22-157-0812,True,False,0,6/6/2022 6:42:00 PM,No Pedestrians Involved,Dry,No Unusual Conditions,Daylight,Violation Driver 1,No Controls Present/Factor,Clear,Head On,Intersection,Fixed Object,Not Applicable,Not Applicable,At,CURB,True,False,64481,GARDEN DR,HEDDING ST,37.33358106,-121.9324793
10553,689108,CR-0000094971,1,0,0,0,22-277-0830,False,False,0,10/4/2022 7:13:00 PM,No Pedestrians Involved,Dry,No Unusual Conditions,Dark - Street Light,Violation Driver 1,No Controls Present/Factor,Clear,Vehicle/Bike,Intersection,Bike,Not Applicable,Not Applicable,At,BICYCLIST,False,False,64481,GARDEN DR,HEDDING ST,37.33358106,-121.9324793
10554,694482,CR-0000098476,1,0,0,0,23-186-0464,False,False,0,7/5/2023 1:34:00 PM,No Pedestrians Involved,Dry,No Unusual Conditions,Daylight,Violation Driver 1,Controls Functioning,Clear,Broadside,Intersection,Other Vehicle,Not Applicable,Not Applicable,At,,False,False,64481,GARDEN DR,HEDDING ST,37.33358106,-121.9324793
10555,719614,CR-0000102772,0,0,0,0,23-070-0895,False,False,0,3/11/2023 10:51:00 PM,No Pedestrians Involved,Unknown,No Unusual Conditions,Unknown,Violation Driver 1,Unknown,Other,Sideswipe,Intersection,Other Vehicle,Not Applicable,Not Applicable,At,,False,False,64481,GARDEN DR,HEDDING ST,37.33358106,-121.9324793
10556,683247,CR-0000092816,0,0,0,0,22-114-4002,False,True,,4/24/2022 10:15:00 AM,No Pedestrians Involved,Unknown,Unknown,Daylight,Unknown,Unknown,Unknown,Rear End,Related,Other Vehicle,Not Applicable,Not Applicable,South Of,,False,False,15806,BEL AIR AV,GARDEN DR,37.33419512,-121.9332376
10557,682838,CR-0000092434,0,0,0,0,22-161-0351,False,False,30,6/10/2022 10:45:00 AM,No Pedestrians Involved,Dry,No Unusual Conditions,Daylight,Violation Driver 1,Controls Functioning,Clear,Sideswipe,Related,Other Vehicle,Not Applicable,Not Applicable,East Of,,True,True,13683,BASCOM AV,BEL AIR AV,37.33281148,-121.9350396
10558,684979,CR-0000093618,0,0,0,0,22-218-0296,True,False,110,8/6/2022 9:21:00 AM,No Pedestrians Involved,Dry,No Unusual Conditions,Daylight,Violation Driver 1,Controls Functioning,Clear,Hit Object,Non-Related,Fixed Object,Not Applicable,Not Applicable,South Of,STREET LIGHT,False,True,13683,BASCOM AV,BEL AIR AV,37.33281148,-121.9350396
10559,685320,CR-0000094001,0,0,0,0,22-251-0668,True,False,19,9/8/2022 4:14:00 PM,No Pedestrians Involved,Dry,No Unusual Conditions,Daylight,Violation Driver 1,Unknown,Clear,Head On,Related,Fixed Object,Not Applicable,Not Applicable,East Of,STOP SIGN,False,True,36717,CHAPMAN ST,NEWHALL ST,37.34109041,-121.9297529
10560,685297,CR-0000093978,3,0,0,0,22-264-0795,False,False,20,9/21/2022 6:30:00 PM,No Pedestrians Involved,Dry,No Unusual Conditions,Daylight,Violation Driver 1,Controls Functioning,Clear,Broadside,Related,Other Vehicle,Not Applicable,Not Applicable,West Of,,False,False,15267,BAYWOOD AV,STEVENS CREEK BL,37.32336428,-121.9458106
10561,689167,CR-0000095020,0,0,0,0,22-196-0129,False,False,198,10/23/2022 1:50:00 AM,No Pedestrians Involved,Dry,No Unusual Conditions,Dark - Street Light,Violation Driver 1,No Controls Present/Factor,Clear,Head On,Non-Related,Other Vehicle,Not Applicable,Not Applicable,South Of,,False,True,15267,BAYWOOD AV,STEVENS CREEK BL,37.32336428,-121.9458106
10562,689150,CR-0000095026,0,0,0,0,22-296-0129,False,False,198,10/23/2022 1:50:00 AM,No Pedestrians Involved,Dry,No Unusual Conditions,Dark - Street Light,Violation Driver 1,No Controls Present/Factor,Clear,Head On,Non-Related,Other Vehicle,Not Applicable,Not Applicable,South Of,,False,True,15267,BAYWOOD AV,STEVENS CREEK BL,37.32336428,-121.9458106
10563,696027,CR-0000099162,0,0,0,0,23-203-1000,False,False,45,7/22/2023 11:49:00 PM,No Pedestrians Involved,Dry,No Unusual Conditions,Dark - Street Light,Violation Driver 1,Controls Not Functioning,Clear,Rear End,Related,Other Vehicle,Not Applicable,Not Applicable,North Of,,True,True,15267,BAYWOOD AV,STEVENS CREEK BL,37.32336428,-121.9458106
10564,719696,CR-0000102868,0,0,0,0,24-012-4010,False,True,51,1/12/2024 9:40:00 PM,No Pedestrians Involved,Unknown,Unknown,Unknown,Unknown,Unknown,Unknown,Other,Non-Related,Other Vehicle,Not Applicable,Not Applicable,South Of,,False,False,15267,BAYWOOD AV,STEVENS CREEK BL,37.32336428,-121.9458106
10565,681229,CR-0000090614,0,0,0,0,22-005-0127,False,False,180,1/5/2022 6:15:00 AM,No Pedestrians Involved,Dry,No Unusual Conditions,Daylight,Violation Driver 1,Controls Functioning,Clear,Hit Object,Non-Related,Fixed Object,Not Applicable,Not Applicable,West Of,TREE,False,False,144192,MILL RIVER PL,RIVER OAKS PW,37.40155684,-121.9219522
10566,696321,CR-0000099477,0,0,1,0,23-295-0184,False,False,0,10/22/2023 1:55:00 AM,Crossing - Not In Crosswalk,Dry,No Unusual Conditions,Dark - Street Light,Pedestrian At Fault,Controls Functioning,Clear,Vehicle/Pedestrian,Intersection,Pedestrian,East,West,At,PED,False,False,96810,OAKBERRY WY,SANTA TERESA BL,37.23695447,-121.8071313
10567,688945,CR-0000094803,2,0,0,0,22-282-0535,False,False,0,10/9/2022 4:34:00 PM,No Pedestrians Involved,Dry,No Unusual Conditions,Daylight,Violation Driver 1,Controls Functioning,Clear,Broadside,Intersection,Other Vehicle,Not Applicable,Not Applicable,At,,False,False,63392,FOXWORTHY AV,MANDA DR,37.26860189,-121.9138321