_id,CrashFactId,Name,MinorInjuries,ModerateInjuries,SevereInjuries,FatalInjuries,TcrNumber,CityDamageFlag,ShortFormFlag,Distance,CrashDateTime,PedestrianAction,RoadwaySurface,RoadwayCondition,Lighting,PrimaryCollisionFactor,TrafficControl,Weather,CollisionType,ProximityToIntersection,VehicleInvolvedWith,PedestrianDirectionFrom,PedestrianDirectionTo,DirectionFromIntersection,Comment,SpeedingFlag,HitAndRunFlag,IntersectionNumber,AStreetName,BStreetName,Latitude,Longitude
10568,689296,CR-0000095260,0,0,0,0,22-310-0749,False,False,0,11/6/2022 8:04:00 PM,No Pedestrians Involved,Dry,No Unusual Conditions,Dark - Street Light,Violation Driver 1,Unknown,Clear,Sideswipe,Intersection,Other Vehicle,Not Applicable,Not Applicable,At,,False,True,63392,FOXWORTHY AV,MANDA DR,37.26860189,-121.9138321
10569,712174,CR-0000101605,0,0,0,0,23-348-4009,False,True,51,12/12/2023 7:00:00 PM,No Pedestrians Involved,Unknown,Unknown,Unknown,Unknown,Unknown,Unknown,Other,Non-Related,Unknown,Not Applicable,Not Applicable,South Of,,False,False,65361,GENEVA AV,HILARY DR,37.2666285,-121.9262438
10570,694444,CR-0000098409,2,0,0,0,23-162-0117,False,False,0,6/11/2023 2:09:00 AM,No Pedestrians Involved,Dry,No Unusual Conditions,Dark - Street Light,Violation Driver 1,Controls Functioning,Clear,Broadside,Intersection,Other Vehicle,Not Applicable,Not Applicable,At,,False,False,103410,REED ST,SECOND ST,37.32759058,-121.8827469
10571,691317,CR-0000097564,1,0,0,0,23-008-0254,False,False,0,1/8/2023 10:05:00 AM,No Pedestrians Involved,Dry,No Unusual Conditions,Daylight,Violation Driver 1,Controls Functioning,Clear,Broadside,Intersection,Other Vehicle,Not Applicable,Not Applicable,At,,False,True,103410,REED ST,SECOND ST,37.32759058,-121.8827469
10572,690554,CR-0000096671,2,0,0,0,23-007-0618,False,False,0,1/7/2023 6:34:00 PM,No Pedestrians Involved,Wet,No Unusual Conditions,Dark - Street Light,Violation Driver 1,Controls Functioning,Rain,Broadside,Intersection,Other Vehicle,Not Applicable,Not Applicable,At,,False,True,103410,REED ST,SECOND ST,37.32759058,-121.8827469
10573,681211,CR-0000090596,1,0,0,0,22-003-0791,False,False,0,1/3/2022 6:55:00 PM,No Pedestrians Involved,Dry,Unknown,Daylight,Violation Driver 1,Controls Functioning,Cloudy,Broadside,Intersection,Other Vehicle,Not Applicable,Not Applicable,At,,False,False,103454,REED ST,THIRD ST,37.3280877,-121.8816979
10574,682628,CR-0000092204,0,1,0,0,22-152-0371,False,False,0,6/1/2022 11:13:00 AM,No Pedestrians Involved,Dry,No Unusual Conditions,Daylight,Violation Driver 1,Controls Functioning,Clear,Broadside,Intersection,Other Vehicle,Not Applicable,Not Applicable,At,,False,False,103454,REED ST,THIRD ST,37.3280877,-121.8816979
10575,690362,CR-0000096457,0,0,0,0,22-231-9702,False,True,,8/18/2022 2:03:00 PM,No Pedestrians Involved,Dry,No Unusual Conditions,Daylight,Unknown,No Controls Present/Factor,Cloudy,Sideswipe,Related,Other Vehicle,Not Applicable,Not Applicable,East Of,,False,True,103454,REED ST,THIRD ST,37.3280877,-121.8816979
10576,694173,CR-0000098174,1,0,0,0,23-133-0321,False,False,0,5/13/2023 10:38:00 AM,No Pedestrians Involved,Dry,No Unusual Conditions,Daylight,Violation Driver 1,Controls Functioning,Clear,Broadside,Intersection,Other Vehicle,Not Applicable,Not Applicable,At,,True,False,103454,REED ST,THIRD ST,37.3280877,-121.8816979
10577,682929,CR-0000092587,0,0,0,0,22-175-0065,False,False,500,6/24/2022 1:32:00 AM,No Pedestrians Involved,Dry,No Unusual Conditions,Dark - Street Light,Unknown,No Controls Present/Factor,Clear,Sideswipe,Non-Related,Parked Vehicle,Not Applicable,Not Applicable,West Of,,False,True,60521,FIRST ST,REED ST,37.32685151,-121.8836192
10578,681675,CR-0000091072,0,0,0,0,22-072-4002,False,True,51,3/13/2022 5:30:00 PM,No Pedestrians Involved,Unknown,Unknown,Daylight,Unknown,Unknown,Unknown,Sideswipe,Non-Related,Parked Vehicle,Not Applicable,Not Applicable,West Of,,False,False,60521,FIRST ST,REED ST,37.32685151,-121.8836192
10579,684835,CR-0000093353,0,0,0,0,22-182-0512,False,False,0,7/1/2022 2:20:00 PM,No Pedestrians Involved,Dry,No Unusual Conditions,Daylight,Violation Driver 1,Controls Functioning,Clear,Sideswipe,Intersection,Other Vehicle,Not Applicable,Not Applicable,At,,False,True,60521,FIRST ST,REED ST,37.32685151,-121.8836192
10580,691316,CR-0000097562,2,0,0,0,23-021-0268,False,False,329,1/21/2023 10:00:00 AM,No Pedestrians Involved,Dry,No Unusual Conditions,Daylight,Violation Driver 1,No Controls Present/Factor,Clear,Head On,Non-Related,Other Vehicle,Not Applicable,Not Applicable,West Of,,False,False,60521,FIRST ST,REED ST,37.32685151,-121.8836192
10581,695791,CR-0000098856,1,0,1,0,23-248-0946,False,False,43,9/5/2023 8:23:00 PM,No Pedestrians Involved,Dry,No Unusual Conditions,Dusk - Dawn,Violation Driver 1,Controls Functioning,Clear,Head On,Related,Other Vehicle,Not Applicable,Not Applicable,South Of,,False,False,60521,FIRST ST,REED ST,37.32685151,-121.8836192
10582,696073,CR-0000099208,0,0,0,0,23-032-4001,False,True,51,1/30/2023 6:00:00 AM,No Pedestrians Involved,Unknown,Unknown,Unknown,Unknown,Unknown,Unknown,Rear End,Non-Related,Parked Vehicle,Not Applicable,Not Applicable,West Of,,False,False,60521,FIRST ST,REED ST,37.32685151,-121.8836192
10583,683500,CR-0000093097,4,0,0,0,22-193-0785,False,False,0,7/12/2022 7:11:00 PM,No Pedestrians Involved,Dry,No Unusual Conditions,Daylight,Violation Driver 1,Controls Functioning,Clear,Broadside,Intersection,Other Vehicle,Not Applicable,Not Applicable,North Of,,False,False,60334,FIRST ST,MARGARET ST/SERRA FW,37.3255989,-121.8826884
10584,685291,CR-0000093971,0,0,1,0,22-261-0666,False,False,0,9/18/2022 5:51:00 PM,No Pedestrians Involved,Wet,No Unusual Conditions,Dark - Street Light,Bike At Fault,Controls Functioning,Rain,Vehicle/Bike,Intersection,Bike,Not Applicable,Not Applicable,At,BIKE,False,False,60334,FIRST ST,MARGARET ST/SERRA FW,37.3255989,-121.8826884
10585,682300,CR-0000091862,0,0,0,0,22-016-0554,False,True,51,1/16/2022 4:30:00 PM,No Pedestrians Involved,Unknown,Unknown,Daylight,Unknown,Unknown,Unknown,Sideswipe,Non-Related,Other Vehicle,Not Applicable,Not Applicable,South Of,,False,False,60334,FIRST ST,MARGARET ST/SERRA FW,37.3255989,-121.8826884
10586,690591,CR-0000096712,0,1,0,0,23-027-0170,False,False,0,1/27/2023 7:39:00 AM,No Pedestrians Involved,Dry,No Unusual Conditions,Daylight,Violation Driver 1,No Controls Present/Factor,Clear,Head On,Intersection,Other Vehicle,Not Applicable,Not Applicable,At,,False,True,60334,FIRST ST,MARGARET ST/SERRA FW,37.3255989,-121.8826884
10587,684832,CR-0000093425,2,1,1,0,22-191-0143,False,False,0,7/10/2022 2:06:00 AM,No Pedestrians Involved,Dry,No Unusual Conditions,Dark - Street Light,Violation Driver 1,Controls Functioning,Clear,Rear End,Related,Other Vehicle,Not Applicable,Not Applicable,At,,True,True,108041,SECOND ST,WILLIAM ST,37.3290769,-121.8838554
10588,696000,CR-0000099135,0,0,0,0,23-228-4005,False,True,0,8/16/2023 4:40:00 PM,No Pedestrians Involved,Unknown,Unknown,Unknown,Unknown,Unknown,Unknown,Broadside,Intersection,Other Vehicle,Not Applicable,Not Applicable,At,,False,False,108041,SECOND ST,WILLIAM ST,37.3290769,-121.8838554
10589,696266,CR-0000099413,0,0,0,0,23-102-0710,False,False,0,4/12/2023 6:50:00 PM,No Pedestrians Involved,Dry,No Unusual Conditions,Daylight,Violation Driver 1,Controls Functioning,Clear,Sideswipe,Intersection,Other Vehicle,Not Applicable,Not Applicable,At,,False,False,108041,SECOND ST,WILLIAM ST,37.3290769,-121.8838554
10590,699322,CR-0000100649,0,0,0,0,23-153-4005,False,True,0,6/2/2023 12:15:00 PM,No Pedestrians Involved,Unknown,Unknown,Unknown,Unknown,Unknown,Unknown,Other,Intersection,Other Vehicle,Not Applicable,Not Applicable,At,,False,False,108041,SECOND ST,WILLIAM ST,37.3290769,-121.8838554
10591,681159,CR-0000090554,1,0,0,0,22-022-0083,False,False,214,1/22/2022 2:07:00 AM,No Pedestrians Involved,Dry,No Unusual Conditions,Dark - Street Light,Violation Driver 2,Controls Functioning,Clear,Broadside,Non-Related,Other Vehicle,Not Applicable,Not Applicable,North Of,,False,False,60719,FIRST ST,WILLIAM ST,37.32858805,-121.8848906
10592,711568,CR-0000101329,0,0,0,0,23-336-0286,False,False,99,12/2/2023 10:15:00 AM,No Pedestrians Involved,Dry,No Unusual Conditions,Daylight,Violation Driver 1,No Controls Present/Factor,Clear,Rear End,Non-Related,Other Vehicle,Not Applicable,Not Applicable,North Of,,False,False,60719,FIRST ST,WILLIAM ST,37.32858805,-121.8848906
10593,722060,CR-0000103314,0,0,0,0,24-062-0540,False,False,122,3/2/2024 4:34:00 PM,No Pedestrians Involved,Wet,No Unusual Conditions,Daylight,Violation Driver 1,Controls Functioning,Rain,Hit Object,Non-Related,Fixed Object,Not Applicable,Not Applicable,South Of,POLE,False,False,60719,FIRST ST,WILLIAM ST,37.32858805,-121.8848906
10594,682840,CR-0000092430,1,0,0,0,22-161-0179,False,False,0,6/10/2022 7:15:00 AM,No Pedestrians Involved,Dry,No Unusual Conditions,Daylight,Violation Driver 1,Controls Functioning,Clear,Broadside,Intersection,Other Vehicle,Not Applicable,Not Applicable,At,,False,False,88021,MARKET ST,WILLIAM ST,37.32833625,-121.8853281
10595,682400,CR-0000091963,0,0,0,0,22-113-0070,True,False,0,4/23/2022 1:26:00 AM,No Pedestrians Involved,Dry,No Unusual Conditions,Dark - Street Light,Violation Driver 1,No Controls Present/Factor,Clear,Hit Object,Intersection,Other Object,Not Applicable,Not Applicable,At,X-Walk Sign,False,False,88021,MARKET ST,WILLIAM ST,37.32833625,-121.8853281
10596,683505,CR-0000093102,0,0,0,0,22-196-0181,False,False,175,7/15/2022 2:00:00 AM,No Pedestrians Involved,Dry,No Unusual Conditions,Daylight,Violation Driver 1,Controls Functioning,Clear,Sideswipe,Non-Related,Other Vehicle,Not Applicable,Not Applicable,West Of,,True,True,88021,MARKET ST,WILLIAM ST,37.32833625,-121.8853281
10597,698915,CR-0000100217,2,1,0,0,23-316-0220,False,False,0,11/12/2023 8:11:00 AM,No Pedestrians Involved,Dry,No Unusual Conditions,Daylight,Violation Driver 1,No Controls Present/Factor,Clear,Head On,Intersection,Motor Vehicle On Other Roadway,Not Applicable,Not Applicable,At,,False,False,88021,MARKET ST,WILLIAM ST,37.32833625,-121.8853281
10598,690757,CR-0000096894,0,0,0,0,23-003-0683,True,False,0,1/3/2023 5:15:00 PM,No Pedestrians Involved,Dry,No Unusual Conditions,Dark - Street Light,Violation Driver 1,Controls Functioning,Cloudy,Hit Object,Intersection,Fixed Object,Not Applicable,Not Applicable,At,Crossing Signal,False,False,88021,MARKET ST,WILLIAM ST,37.32833625,-121.8853281
10599,712149,CR-0000100827,0,0,0,0,23-194-0200,True,False,0,7/13/2023 7:58:00 AM,No Pedestrians Involved,Dry,No Unusual Conditions,Daylight,Violation Driver 1,Controls Functioning,Clear,Hit Object,Intersection,Fixed Object,Not Applicable,Not Applicable,At,,False,False,88021,MARKET ST,WILLIAM ST,37.32833625,-121.8853281
10600,689872,CR-0000095898,0,0,0,0,22-363-0808,False,False,80,12/29/2022 9:23:00 PM,No Pedestrians Involved,Wet,No Unusual Conditions,Dark - Street Light,Violation Driver 1,No Controls Present/Factor,Rain,Rear End,Non-Related,Parked Vehicle,Not Applicable,Not Applicable,South Of,,False,False,17929,BESTOR ST,TWELFTH ST,37.32668474,-121.8678016
10601,689314,CR-0000095270,0,0,0,0,22-299-0159,True,False,0,10/26/2022 7:38:00 AM,No Pedestrians Involved,Dry,No Unusual Conditions,Daylight,Violation Driver 1,No Controls Present/Factor,Clear,Sideswipe,Intersection,Other Vehicle,Not Applicable,Not Applicable,At,,False,False,17874,BESTOR ST,ELEVENTH ST,37.32619549,-121.8688222
10602,689459,CR-0000095436,0,0,0,0,22-299-0847,False,False,0,10/26/2022 7:50:00 PM,No Pedestrians Involved,Dry,Obstruction On Roadway,Dark - Street Light,Violation Driver 1,Controls Functioning,Clear,Hit Object,Intersection,Other Object,Not Applicable,Not Applicable,At,Portable Traffic Sign,False,True,17874,BESTOR ST,ELEVENTH ST,37.32619549,-121.8688222
10603,682720,CR-0000092299,1,0,0,0,22-153-0821,False,False,240,6/2/2022 7:48:00 PM,No Pedestrians Involved,Dry,No Unusual Conditions,Daylight,Violation Driver 1,Controls Functioning,Clear,Broadside,Non-Related,Other Vehicle,Not Applicable,Not Applicable,South Of,,False,False,17874,BESTOR ST,ELEVENTH ST,37.32619549,-121.8688222
10604,681307,CR-0000090694,2,0,0,0,22-011-0840,False,False,143,1/11/2022 8:05:00 PM,No Pedestrians Involved,Dry,No Unusual Conditions,Dark - Street Light,Violation Driver 1,No Controls Present/Factor,Clear,Head On,Non-Related,Other Vehicle,Not Applicable,Not Applicable,South Of,,False,False,17874,BESTOR ST,ELEVENTH ST,37.32619549,-121.8688222
10605,689501,CR-0000095478,0,0,0,0,22-364-4004,False,True,51,12/26/2022 8:00:00 PM,No Pedestrians Involved,Unknown,Unknown,Unknown,Unknown,Unknown,Unknown,Sideswipe,Non-Related,Parked Vehicle,Not Applicable,Not Applicable,Unknown,,False,False,17874,BESTOR ST,ELEVENTH ST,37.32619549,-121.8688222
10606,690759,CR-0000096896,0,0,0,0,23-016-0045,False,False,294,1/16/2023 12:56:00 AM,No Pedestrians Involved,Wet,No Unusual Conditions,Dark - Street Light,Violation Driver 1,Controls Functioning,Rain,Sideswipe,Non-Related,Parked Vehicle,Not Applicable,Not Applicable,North Of,,False,False,17874,BESTOR ST,ELEVENTH ST,37.32619549,-121.8688222
10607,681600,CR-0000090997,0,1,0,0,22-046-0915,False,False,0,2/15/2022 8:12:00 PM,No Pedestrians Involved,Dry,No Unusual Conditions,Dark - Street Light,Bike At Fault,Controls Functioning,Clear,Vehicle/Bike,Intersection,Bike,Not Applicable,Not Applicable,At,BIKE,False,False,79122,KEYES ST,TENTH ST,37.32422394,-121.868771
10608,681920,CR-0000091414,0,1,0,0,22-070-0024,True,False,240,3/11/2022 12:22:00 AM,No Pedestrians Involved,Dry,No Unusual Conditions,Dark - Street Light,Violation Driver 1,No Controls Present/Factor,Clear,Rear End,Non-Related,Parked Vehicle,Not Applicable,Not Applicable,North Of,Light Pole,False,False,79122,KEYES ST,TENTH ST,37.32422394,-121.868771
10609,682029,CR-0000091540,0,0,0,0,22-064-0059,False,False,0,3/5/2022 1:16:00 AM,No Pedestrians Involved,Wet,No Unusual Conditions,Dark - Street Light,Violation Driver 1,Controls Functioning,Cloudy,Broadside,Intersection,Other Vehicle,Not Applicable,Not Applicable,At,,False,False,79122,KEYES ST,TENTH ST,37.32422394,-121.868771
10610,684761,CR-0000093375,0,0,0,0,22-214-0268,False,False,0,8/2/2022 9:49:00 AM,No Pedestrians Involved,Dry,No Unusual Conditions,Daylight,Violation Driver 1,Controls Functioning,Clear,Sideswipe,Intersection,Other Vehicle,Not Applicable,Not Applicable,At,,False,True,79122,KEYES ST,TENTH ST,37.32422394,-121.868771
10611,689991,CR-0000096051,1,0,0,0,22-287-0352,False,False,38,10/14/2022 11:01:00 AM,No Pedestrians Involved,Dry,No Unusual Conditions,Daylight,Violation Driver 1,Controls Functioning,Clear,Rear End,Related,Other Vehicle,Not Applicable,Not Applicable,North Of,,False,False,79122,KEYES ST,TENTH ST,37.32422394,-121.868771
10612,694175,CR-0000098164,3,1,0,0,23-148-0640,True,False,0,5/28/2023 5:51:00 PM,No Pedestrians Involved,Dry,No Unusual Conditions,Daylight,Violation Driver 1,Controls Functioning,Clear,Broadside,Intersection,Other Vehicle,Not Applicable,Not Applicable,At,,False,False,79122,KEYES ST,TENTH ST,37.32422394,-121.868771
10613,699008,CR-0000100312,1,0,0,0,23-330-0431,False,False,152,11/26/2023 2:04:00 PM,No Pedestrians Involved,Dry,No Unusual Conditions,Daylight,Unknown,Controls Functioning,Cloudy,Vehicle/Bike,Non-Related,Bike,Not Applicable,Not Applicable,East Of,BIKE,False,False,79122,KEYES ST,TENTH ST,37.32422394,-121.868771
10614,699326,CR-0000100653,0,0,0,0,23-179-4003,False,True,51,6/28/2023 2:25:00 PM,No Pedestrians Involved,Unknown,Unknown,Unknown,Unknown,Unknown,Unknown,Sideswipe,Non-Related,Other Vehicle,Not Applicable,Not Applicable,North Of,,False,False,79122,KEYES ST,TENTH ST,37.32422394,-121.868771
10615,695931,CR-0000099060,0,0,0,0,23-228-4007,False,True,0,8/15/2023 7:01:00 PM,No Pedestrians Involved,Unknown,Unknown,Unknown,Unknown,Unknown,Unknown,Sideswipe,Intersection,Other Vehicle,Not Applicable,Not Applicable,At,,False,False,79122,KEYES ST,TENTH ST,37.32422394,-121.868771
10616,694678,CR-0000098712,1,0,0,0,23-237-0696,False,False,0,8/25/2023 4:11:00 PM,Crossing In Crosswalk - At Intersection,Dry,No Unusual Conditions,Daylight,Violation Driver 1,Controls Functioning,Clear,Vehicle/Pedestrian,Intersection,Pedestrian,South,North,At,PED,False,True,79122,KEYES ST,TENTH ST,37.32422394,-121.868771
10617,716069,CR-0000102027,1,0,0,0,24-013-0233,False,False,120,1/13/2024 7:37:00 AM,No Pedestrians Involved,Wet,No Unusual Conditions,Daylight,Violation Driver 1,No Controls Present/Factor,Cloudy,Sideswipe,Non-Related,Other Vehicle,Not Applicable,Not Applicable,West Of,,False,True,79122,KEYES ST,TENTH ST,37.32422394,-121.868771
10618,711753,CR-0000101295,0,0,0,0,23-211-4003,False,True,51,7/30/2023 2:27:00 PM,No Pedestrians Involved,Unknown,Unknown,Unknown,Unknown,Unknown,Unknown,Rear End,Non-Related,Other Vehicle,Not Applicable,Not Applicable,East Of,,False,False,79122,KEYES ST,TENTH ST,37.32422394,-121.868771
10619,683234,CR-0000092829,0,0,0,0,22-190-1048,True,False,0,7/9/2022 11:20:00 PM,No Pedestrians Involved,Dry,No Unusual Conditions,Dark - Street Light,Violation Driver 1,Controls Functioning,Clear,Hit Object,Intersection,Fixed Object,Not Applicable,Not Applicable,At,LIGHT POLE,False,True,16125,BELLEROSE DR,STEVENS CREEK BL,37.32335611,-121.9359408
10620,711951,CR-0000101368,0,0,0,0,23-308-4002,False,True,51,11/3/2023 9:45:00 PM,No Pedestrians Involved,Unknown,Unknown,Unknown,Unknown,Unknown,Unknown,Sideswipe,Non-Related,Parked Vehicle,Not Applicable,Not Applicable,North Of,,False,False,16125,BELLEROSE DR,STEVENS CREEK BL,37.32335611,-121.9359408
10621,711923,CR-0000101080,0,0,0,0,23-191-1111,True,False,0,8/7/2023 11:56:00 PM,No Pedestrians Involved,Dry,No Unusual Conditions,Dark - Street Light,Unknown,Unknown,Clear,Hit Object,Intersection,Fixed Object,Not Applicable,Not Applicable,At,LIGHTPOLE,False,False,16125,BELLEROSE DR,STEVENS CREEK BL,37.32335611,-121.9359408
10622,690447,CR-0000096553,0,0,0,0,22-108-9710,False,True,0,4/18/2022 1:30:00 PM,No Pedestrians Involved,Dry,No Unusual Conditions,Daylight,Unknown,Controls Functioning,Clear,Rear End,Intersection,Other Vehicle,Not Applicable,Not Applicable,At,,False,False,26146,BROOKLYN AV,SAN CARLOS ST,37.3234044,-121.9288307
10623,694508,CR-0000098502,1,0,0,0,23-177-0594,False,False,26,6/26/2023 3:46:00 PM,No Pedestrians Involved,Dry,No Unusual Conditions,Daylight,Violation Driver 1,No Controls Present/Factor,Clear,Broadside,Related,Other Vehicle,Not Applicable,Not Applicable,West Of,,False,False,26146,BROOKLYN AV,SAN CARLOS ST,37.3234044,-121.9288307
10624,716114,CR-0000102051,1,0,0,0,24-017-0717,False,False,0,1/17/2024 6:15:00 PM,Crossing In Crosswalk - At Intersection,Dry,No Unusual Conditions,Dark - Street Light,Violation Driver 1,Controls Functioning,Clear,Vehicle/Pedestrian,Intersection,Pedestrian,South,North,At,PED,False,False,26146,BROOKLYN AV,SAN CARLOS ST,37.3234044,-121.9288307
10625,696220,CR-0000099365,0,0,0,0,23-117-0541,False,False,84,4/27/2023 3:06:00 PM,No Pedestrians Involved,Dry,No Unusual Conditions,Daylight,Violation Driver 1,No Controls Present/Factor,Clear,Sideswipe,Non-Related,Parked Vehicle,Not Applicable,Not Applicable,North Of,,False,False,22362,BOSTON AV,SAN CARLOS ST,37.3234101,-121.9278022
10626,681434,CR-0000090824,1,0,0,0,22-027-0324,False,False,0,1/27/2022 10:42:00 AM,No Pedestrians Involved,Dry,No Unusual Conditions,Daylight,Violation Driver 1,Controls Functioning,Clear,Broadside,Intersection,Other Vehicle,Not Applicable,Not Applicable,At,,False,False,43141,COPCO LN,LEAN AV,37.2470232,-121.8174481
10627,694554,CR-0000098548,0,0,0,0,23-198-0967,False,False,135,7/17/2023 11:50:00 PM,No Pedestrians Involved,Dry,No Unusual Conditions,Dark - Street Light,Violation Driver 1,No Controls Present/Factor,Clear,Rear End,Non-Related,Parked Vehicle,Not Applicable,Not Applicable,East Of,,True,True,46947,CURIE DR,DUNN AV,37.2306358,-121.8220053
10628,681424,CR-0000090814,0,0,0,0,22-026-0415,False,False,108,1/26/2022 12:27:00 PM,No Pedestrians Involved,Dry,No Unusual Conditions,Daylight,Violation Driver 1,Controls Functioning,Clear,Sideswipe,Non-Related,Other Vehicle,Not Applicable,Not Applicable,North Of,,False,False,79474,KING RD,MCKEE RD,37.35806617,-121.8607631
10629,681782,CR-0000091182,2,0,0,0,22-056-0623,False,False,254,2/25/2022 4:38:00 PM,No Pedestrians Involved,Dry,No Unusual Conditions,Daylight,Violation Driver 1,Controls Not Functioning,Clear,Rear End,Non-Related,Other Vehicle,Not Applicable,Not Applicable,North Of,,False,False,79474,KING RD,MCKEE RD,37.35806617,-121.8607631
10630,683195,CR-0000092803,0,0,0,0,22-117-9702,False,True,0,4/26/2022 4:35:00 PM,No Pedestrians Involved,Dry,No Unusual Conditions,Daylight,Unknown,Unknown,Clear,Rear End,Intersection,Other Vehicle,Not Applicable,Not Applicable,At,,False,False,79474,KING RD,MCKEE RD,37.35806617,-121.8607631
10631,683545,CR-0000093142,0,0,0,0,22-208-0433,False,False,0,7/27/2022 12:22:00 PM,No Pedestrians Involved,Dry,No Unusual Conditions,Daylight,Violation Driver 1,Controls Functioning,Clear,Vehicle/Bike,Intersection,Bike,Not Applicable,Not Applicable,At,BICYCLE,False,True,79474,KING RD,MCKEE RD,37.35806617,-121.8607631
10632,689423,CR-0000095361,5,0,0,0,22-328-0494,False,False,50,11/24/2022 5:19:00 PM,No Pedestrians Involved,Dry,No Unusual Conditions,Dark - Street Light,Violation Driver 1,No Controls Present/Factor,Clear,Rear End,Related,Other Vehicle,Not Applicable,Not Applicable,East Of,,False,True,79474,KING RD,MCKEE RD,37.35806617,-121.8607631
10633,694522,CR-0000098516,2,0,0,0,23-194-9706,False,True,51,7/11/2023 5:10:00 PM,No Pedestrians Involved,Dry,No Unusual Conditions,Daylight,Unknown,Controls Functioning,Clear,Sideswipe,Non-Related,Other Vehicle,Not Applicable,Not Applicable,North Of,,False,False,79474,KING RD,MCKEE RD,37.35806617,-121.8607631
10634,694738,CR-0000098751,1,0,0,0,23-238-0489,False,False,0,8/26/2023 2:00:00 PM,No Pedestrians Involved,Dry,No Unusual Conditions,Daylight,Violation Driver 1,Controls Functioning,Clear,Broadside,Intersection,Other Vehicle,Not Applicable,Not Applicable,At,,True,False,79474,KING RD,MCKEE RD,37.35806617,-121.8607631
10635,696063,CR-0000099198,0,0,0,0,23-027-4003,False,True,0,1/27/2023 8:30:00 AM,No Pedestrians Involved,Unknown,Unknown,Unknown,Unknown,Unknown,Unknown,Sideswipe,Intersection,Other Vehicle,Not Applicable,Not Applicable,At,,False,False,79474,KING RD,MCKEE RD,37.35806617,-121.8607631
10636,698963,CR-0000100265,2,0,0,0,23-318-0431,False,False,22,11/14/2023 1:06:00 PM,No Pedestrians Involved,Dry,No Unusual Conditions,Daylight,Violation Driver 1,Controls Functioning,Clear,Head On,Related,Other Vehicle,Not Applicable,Not Applicable,South Of,,False,False,79474,KING RD,MCKEE RD,37.35806617,-121.8607631
10637,689565,CR-0000095542,1,0,0,0,22-364-0783,False,False,,12/30/2022 8:00:00 PM,No Pedestrians Involved,Dry,No Unusual Conditions,Dark - Street Light,Violation Driver 1,Controls Functioning,Clear,Sideswipe,Related,Other Vehicle,Not Applicable,Not Applicable,West Of,,False,False,79474,KING RD,MCKEE RD,37.35806617,-121.8607631
10638,712164,CR-0000101068,0,0,0,0,23-296-0024,False,False,152,10/23/2023 12:30:00 AM,No Pedestrians Involved,Wet,No Unusual Conditions,Dark - Street Light,Violation Driver 1,Controls Functioning,Rain,Sideswipe,Non-Related,Other Vehicle,Not Applicable,Not Applicable,East Of,,True,False,79474,KING RD,MCKEE RD,37.35806617,-121.8607631
10639,712199,CR-0000101630,0,0,0,0,23-304-0156,False,False,130,10/31/2023 7:38:00 AM,No Pedestrians Involved,Dry,No Unusual Conditions,Daylight,Violation Driver 1,No Controls Present/Factor,Clear,Rear End,Non-Related,Other Vehicle,Not Applicable,Not Applicable,West Of,,True,False,79474,KING RD,MCKEE RD,37.35806617,-121.8607631
10640,699460,CR-0000100805,0,0,0,0,23-199-0599,False,False,0,7/18/2023 3:55:00 PM,No Pedestrians Involved,Unknown,Unknown,Daylight,Violation Driver 1,Controls Functioning,Clear,Rear End,Intersection,Other Vehicle,Not Applicable,Not Applicable,At,,False,False,79474,KING RD,MCKEE RD,37.35806617,-121.8607631
10641,719549,CR-0000102696,3,0,0,0,24-087-0831,False,False,0,3/27/2024 8:43:00 PM,No Pedestrians Involved,Dry,No Unusual Conditions,Dark - Street Light,Violation Driver 1,Controls Functioning,Cloudy,Rear End,Intersection,Other Vehicle,Not Applicable,Not Applicable,At,,True,False,79474,KING RD,MCKEE RD,37.35806617,-121.8607631
10642,720912,CR-0000103139,0,0,0,0,24-031-0609,False,False,0,1/31/2024 4:32:00 PM,No Pedestrians Involved,Wet,No Unusual Conditions,Daylight,Violation Driver 1,Controls Functioning,Clear,Head On,Intersection,Other Vehicle,Not Applicable,Not Applicable,At,,False,True,79474,KING RD,MCKEE RD,37.35806617,-121.8607631
10643,722337,CR-0000103631,1,0,0,0,24-093-0135,False,False,0,4/2/2024 5:35:00 AM,No Pedestrians Involved,Dry,No Unusual Conditions,Dusk - Dawn,Violation Driver 1,Controls Functioning,Clear,Vehicle/Bike,Intersection,Bike,Not Applicable,Not Applicable,At,BIKE,False,False,79474,KING RD,MCKEE RD,37.35806617,-121.8607631
10644,696511,CR-0000099698,1,0,0,0,23-337-0788,False,False,37,12/3/2023 8:21:00 PM,No Pedestrians Involved,Dry,No Unusual Conditions,Dark - Street Light,Violation Driver 1,No Controls Present/Factor,Clear,Rear End,Related,Other Vehicle,Not Applicable,Not Applicable,South Of,,True,False,75976,JACKSON AV,LANNING WY,37.36796889,-121.8528465