_id,CrashFactId,Name,MinorInjuries,ModerateInjuries,SevereInjuries,FatalInjuries,TcrNumber,CityDamageFlag,ShortFormFlag,Distance,CrashDateTime,PedestrianAction,RoadwaySurface,RoadwayCondition,Lighting,PrimaryCollisionFactor,TrafficControl,Weather,CollisionType,ProximityToIntersection,VehicleInvolvedWith,PedestrianDirectionFrom,PedestrianDirectionTo,DirectionFromIntersection,Comment,SpeedingFlag,HitAndRunFlag,IntersectionNumber,AStreetName,BStreetName,Latitude,Longitude
10645,712121,CR-0000101138,0,0,0,0,23-299-4001,False,True,51,10/24/2023 12:00:00 PM,No Pedestrians Involved,Unknown,Unknown,Unknown,Unknown,Unknown,Unknown,Other,Non-Related,Parked Vehicle,Not Applicable,Not Applicable,Unknown,,False,False,76031,JACKSON AV,MARSHGLEN CT,37.36956716,-121.8544251
10646,691128,CR-0000097324,0,0,0,0,23-032-0827,False,False,446,2/1/2023 10:00:00 PM,No Pedestrians Involved,Dry,No Unusual Conditions,Dark - Street Light Not Functioning,Violation Driver 1,No Controls Present/Factor,Clear,Head On,Non-Related,Parked Vehicle,Not Applicable,Not Applicable,South Of,,True,True,2925,ALBANY DR,GREENDALE WY,37.32132362,-121.9830785
10647,688905,CR-0000094763,0,0,0,0,22-277-1032,False,False,485,10/4/2022 11:30:00 PM,No Pedestrians Involved,Dry,No Unusual Conditions,Dark - Street Light,Violation Driver 1,No Controls Present/Factor,Clear,Sideswipe,Non-Related,Parked Vehicle,Not Applicable,Not Applicable,South Of,,True,False,2969,ALBANY DR,RICHFIELD DR,37.32131382,-121.9838525
10648,688787,CR-0000094631,0,0,0,0,22-307-4000,False,True,51,11/2/2022 7:20:00 PM,No Pedestrians Involved,Unknown,Unknown,Unknown,Unknown,Unknown,Unknown,Sideswipe,Non-Related,Other Vehicle,Not Applicable,Not Applicable,North Of,,False,True,79166,KIELY BL,NORTHLAKE DR,37.3201853,-121.9683688
10649,699204,CR-0000100525,0,0,0,0,23-154-0013,False,False,297,6/3/2023 12:09:00 AM,No Pedestrians Involved,Dry,No Unusual Conditions,Dark - Street Light,Violation Driver 1,No Controls Present/Factor,Clear,Sideswipe,Non-Related,Parked Vehicle,Not Applicable,Not Applicable,North Of,,False,False,79166,KIELY BL,NORTHLAKE DR,37.3201853,-121.9683688
10650,689351,CR-0000095296,1,0,0,0,22-291-0729,False,False,0,10/18/2022 5:31:00 PM,No Pedestrians Involved,Dry,No Unusual Conditions,Daylight,Violation Driver 1,No Controls Present/Factor,Clear,Head On,Intersection,Other Vehicle,Not Applicable,Not Applicable,At,,False,False,106182,SAN CARLOS ST,VAUGHN AV,37.3233963,-121.9301976
10651,688918,CR-0000094753,0,0,1,0,22-282-0146,True,False,80,10/9/2022 2:41:00 AM,No Pedestrians Involved,Dry,No Unusual Conditions,Dark - Street Light,Violation Driver 1,Controls Functioning,Clear,Hit Object,Non-Related,Fixed Object,Not Applicable,Not Applicable,East Of,TREE,True,False,82059,LASWELL AV,SAN CARLOS ST,37.32339514,-121.9310642
10652,682726,CR-0000092307,0,0,0,0,22-129-4000,False,True,0,5/9/2022 7:10:00 AM,No Pedestrians Involved,Unknown,Unknown,Daylight,Unknown,Unknown,Unknown,Other,Intersection,Other Vehicle,Not Applicable,Not Applicable,At,,False,False,85381,LOS GATOS ALMADEN RD,UNION AV,37.2434186,-121.9312406
10653,721950,CR-0000103204,0,0,0,0,24-032-0236,False,False,0,2/1/2024 9:32:00 AM,No Pedestrians Involved,Wet,No Unusual Conditions,Daylight,Violation Driver 1,Unknown,Cloudy,Sideswipe,Intersection,Other Vehicle,Not Applicable,Not Applicable,At,,False,False,85381,LOS GATOS ALMADEN RD,UNION AV,37.2434186,-121.9312406
10654,719613,CR-0000102771,0,0,0,0,23-072-4001,False,True,0,3/13/2023 9:25:00 AM,No Pedestrians Involved,Unknown,Unknown,Unknown,Unknown,Unknown,Unknown,Rear End,Intersection,Other Vehicle,Not Applicable,Not Applicable,At,,False,False,85381,LOS GATOS ALMADEN RD,UNION AV,37.2434186,-121.9312406
10655,689457,CR-0000095434,2,0,0,0,22-307-0641,False,False,0,11/3/2022 6:08:00 PM,No Pedestrians Involved,Dry,No Unusual Conditions,Daylight,Violation Driver 1,No Controls Present/Factor,Clear,Broadside,Intersection,Other Vehicle,Not Applicable,Not Applicable,At,,False,False,1638,ADALINA CT,LOS GATOS ALMADEN RD,37.2434249,-121.9320815
10656,698940,CR-0000100242,0,1,0,0,23-307-0412,False,False,25,11/3/2023 12:20:00 PM,No Pedestrians Involved,Dry,No Unusual Conditions,Daylight,Violation Driver 1,Controls Functioning,Clear,Vehicle/Bike,Related,Bike,Not Applicable,Not Applicable,North Of,BIKE,False,False,52645,DRY CREEK RD,UNION AV,37.27789239,-121.9351857
10657,689286,CR-0000095250,0,1,0,0,22-307-0190,False,False,0,11/3/2022 7:37:00 AM,Crossing In Crosswalk - At Intersection,Dry,No Unusual Conditions,Daylight,Violation Driver 1,Controls Functioning,Clear,Vehicle/Pedestrian,Intersection,Pedestrian,South,North,At,PED,False,False,26619,BUCKNALL RD,CAMROSE AV/MAYFIELD AV,37.28336361,-121.9880766
10658,687548,CR-0000094338,0,0,0,0,22-263-0189,False,False,51,9/20/2022 8:25:00 AM,Not In Road,Dry,No Unusual Conditions,Daylight,Violation Driver 1,No Controls Present/Factor,Clear,Vehicle/Pedestrian,Non-Related,Pedestrian,West,East,East Of,PEDESTRIAN,False,False,34968,CASTLEWOOD DR,MOORPARK AV,37.30972082,-121.9922689
10659,698805,CR-0000100087,1,0,0,0,23-325-0172,False,False,0,11/21/2023 7:18:00 AM,Crossing In Crosswalk - At Intersection,Dry,No Unusual Conditions,Daylight,Violation Driver 1,Controls Functioning,Clear,Vehicle/Pedestrian,Intersection,Pedestrian,West,East,At,PED,False,False,34968,CASTLEWOOD DR,MOORPARK AV,37.30972082,-121.9922689
10660,692505,CR-0000097794,0,0,0,0,23-073-4005,False,True,0,3/14/2023 5:00:00 PM,No Pedestrians Involved,Unknown,Unknown,Unknown,Unknown,Unknown,Unknown,Rear End,Intersection,Unknown,Not Applicable,Not Applicable,At,,False,False,92025,MITTY AV,MOORPARK AV,37.3155003,-121.9898123
10661,712203,CR-0000101635,0,0,0,0,23-289-4009,False,True,51,10/16/2023 4:30:00 PM,No Pedestrians Involved,Unknown,Unknown,Unknown,Unknown,Unknown,Unknown,Other,Non-Related,Parked Vehicle,Not Applicable,Not Applicable,Unknown,,False,False,92025,MITTY AV,MOORPARK AV,37.3155003,-121.9898123
10662,685443,CR-0000094187,1,1,0,0,22-248-0484,False,False,30,9/5/2022 12:54:00 PM,No Pedestrians Involved,Dry,No Unusual Conditions,Daylight,Violation Driver 1,Controls Functioning,Clear,Head On,Related,Other Vehicle,Not Applicable,Not Applicable,North Of,,False,False,61698,FLORENCE AV/CT,WHITE RD,37.36314181,-121.82553
10663,683523,CR-0000093121,0,0,0,0,22-203-0429,False,False,450,7/22/2022 2:20:00 PM,No Pedestrians Involved,Dry,No Unusual Conditions,Daylight,Violation Driver 1,Unknown,Clear,Rear End,Non-Related,Motorcycle,Not Applicable,Not Applicable,West Of,,False,True,61698,FLORENCE AV/CT,WHITE RD,37.36314181,-121.82553
10664,682827,CR-0000092379,1,0,0,0,22-169-0507,False,False,0,6/18/2022 2:21:00 PM,No Pedestrians Involved,Dry,No Unusual Conditions,Daylight,Violation Driver 1,Controls Functioning,Clear,Head On,Intersection,Other Vehicle,Not Applicable,Not Applicable,At,,False,False,61698,FLORENCE AV/CT,WHITE RD,37.36314181,-121.82553
10665,689478,CR-0000095455,1,0,0,0,22-350-0655,False,False,0,12/16/2022 5:41:00 PM,No Pedestrians Involved,Dry,No Unusual Conditions,Dark - Street Light,Violation Driver 1,Controls Functioning,Clear,Broadside,Intersection,Other Vehicle,Not Applicable,Not Applicable,At,,False,False,61698,FLORENCE AV/CT,WHITE RD,37.36314181,-121.82553
10666,719491,CR-0000102611,1,0,0,0,24-069-0577,False,False,0,3/9/2024 3:21:00 PM,No Pedestrians Involved,Dry,No Unusual Conditions,Daylight,Violation Driver 1,No Controls Present/Factor,Clear,Head On,Intersection,Motorcycle,Not Applicable,Not Applicable,At,,False,False,61698,FLORENCE AV/CT,WHITE RD,37.36314181,-121.82553
10667,683221,CR-0000092812,0,0,0,0,22-137-4004,False,True,0,5/17/2022 6:30:00 PM,No Pedestrians Involved,Unknown,Unknown,Unknown,Unknown,Unknown,Unknown,Sideswipe,Intersection,Other Vehicle,Not Applicable,Not Applicable,At,,False,False,104697,ROSE AV,WHITE RD,37.36453469,-121.8268135
10668,685251,CR-0000093931,0,0,1,0,22-244-0647,False,False,229,9/1/2022 3:38:00 PM,No Pedestrians Involved,Dry,No Unusual Conditions,Daylight,Violation Driver 1,No Controls Present/Factor,Clear,Broadside,Non-Related,Motorcycle,Not Applicable,Not Applicable,North Of,,False,False,104697,ROSE AV,WHITE RD,37.36453469,-121.8268135
10669,689305,CR-0000095256,0,0,0,0,22-308-0584,False,False,0,11/4/2022 4:22:00 PM,No Pedestrians Involved,Dry,No Unusual Conditions,Daylight,Violation Driver 1,Controls Functioning,Clear,Head On,Related,Other Vehicle,Not Applicable,Not Applicable,At,,False,False,104697,ROSE AV,WHITE RD,37.36453469,-121.8268135
10670,715949,CR-0000101728,0,1,0,0,23-348-0674,False,False,0,8/16/2023 7:59:00 PM,No Pedestrians Involved,Dry,No Unusual Conditions,Dusk - Dawn,Violation Driver 1,No Controls Present/Factor,Clear,Vehicle/Bike,Intersection,Pedestrian,Not Applicable,Not Applicable,At,,False,False,104697,ROSE AV,WHITE RD,37.36453469,-121.8268135
10671,685342,CR-0000094068,0,0,0,0,22-226-0204,False,False,66,8/14/2022 2:30:00 AM,No Pedestrians Involved,Dry,No Unusual Conditions,Dark - No Street Light,Violation Driver 1,Controls Functioning,Clear,Head On,Non-Related,Other Vehicle,Not Applicable,Not Applicable,South Of,,True,True,51809,DORIS AV,FLORENCE AV,37.36147731,-121.8290909
10672,683573,CR-0000093179,0,0,0,0,22-184-9704,False,True,51,7/2/2022 5:00:00 PM,No Pedestrians Involved,Dry,No Unusual Conditions,Dark - Street Light,Unknown,No Controls Present/Factor,Clear,Other,Non-Related,Parked Vehicle,Not Applicable,Not Applicable,South Of,,False,False,82862,LEIGH AV,MESITA WY,37.27025322,-121.9208494
10673,690911,CR-0000097074,0,1,0,0,23-059-0154,False,False,49,2/28/2023 7:30:00 AM,No Pedestrians Involved,Wet,No Unusual Conditions,Daylight,Violation Driver 1,No Controls Present/Factor,Rain,Sideswipe,Related,Other Vehicle,Not Applicable,Not Applicable,East Of,,True,False,72984,HILLSDALE AV,JENKINS AV,37.27274953,-121.8883841
10674,716153,CR-0000102100,0,1,0,0,24-021-0119,True,False,84,1/21/2024 2:21:00 AM,No Pedestrians Involved,Wet,No Unusual Conditions,Dark - Street Light,Violation Driver 1,Controls Functioning,Rain,Hit Object,Non-Related,Fixed Object,Not Applicable,Not Applicable,West Of,TREE,False,False,72984,HILLSDALE AV,JENKINS AV,37.27274953,-121.8883841
10675,682389,CR-0000091952,2,0,0,0,22-106-0234,False,False,0,4/16/2022 8:32:00 AM,No Pedestrians Involved,Wet,No Unusual Conditions,Daylight,Violation Driver 1,No Controls Present/Factor,Rain,Rear End,Intersection,Other Vehicle,Not Applicable,Not Applicable,At,,True,True,37619,CHERRY AV,HILLSDALE AV,37.27251096,-121.8892906
10676,682225,CR-0000091787,0,0,0,0,22-107-0208,True,False,0,4/17/2022 7:30:00 AM,No Pedestrians Involved,Dry,No Unusual Conditions,Daylight,Violation Driver 1,Controls Functioning,Clear,Broadside,Intersection,Other Vehicle,Not Applicable,Not Applicable,At,,False,False,37619,CHERRY AV,HILLSDALE AV,37.27251096,-121.8892906
10677,682030,CR-0000091541,0,0,0,0,22-064-0117,False,False,27,3/5/2022 3:02:00 AM,No Pedestrians Involved,Wet,No Unusual Conditions,Dark - Street Light,Violation Driver 1,Controls Functioning,Clear,Other,Related,Other Vehicle,Not Applicable,Not Applicable,South Of,Curb,False,False,37619,CHERRY AV,HILLSDALE AV,37.27251096,-121.8892906
10678,682049,CR-0000091560,0,0,0,0,22-065-9701,False,True,0,3/5/2022 12:30:00 PM,No Pedestrians Involved,Dry,No Unusual Conditions,Dark - Street Light,Unknown,Unknown,Cloudy,Rear End,Intersection,Other Vehicle,Not Applicable,Not Applicable,At,,False,False,37619,CHERRY AV,HILLSDALE AV,37.27251096,-121.8892906
10679,681877,CR-0000091358,0,1,0,0,22-037-0528,False,False,261,2/6/2022 3:22:00 PM,No Pedestrians Involved,Dry,No Unusual Conditions,Daylight,Violation Driver 1,Controls Functioning,Clear,Rear End,Non-Related,Other Vehicle,Not Applicable,Not Applicable,West Of,,False,False,37619,CHERRY AV,HILLSDALE AV,37.27251096,-121.8892906
10680,719514,CR-0000102643,2,0,0,0,24-066-0948,False,False,48,3/6/2024 9:56:00 PM,No Pedestrians Involved,Dry,No Unusual Conditions,Dark - Street Light,Violation Driver 1,Controls Functioning,Cloudy,Rear End,Related,Other Vehicle,Not Applicable,Not Applicable,West Of,,True,False,37619,CHERRY AV,HILLSDALE AV,37.27251096,-121.8892906
10681,720897,CR-0000103123,0,0,0,0,24-034-4001,False,True,51,1/29/2024 3:30:00 PM,No Pedestrians Involved,Unknown,Unknown,Unknown,Unknown,Unknown,Unknown,Rear End,Non-Related,Unknown,Not Applicable,Not Applicable,Unknown,,False,False,37619,CHERRY AV,HILLSDALE AV,37.27251096,-121.8892906
10682,684896,CR-0000093555,0,0,0,0,22-210-0856,False,False,0,7/29/2022 7:55:00 PM,No Pedestrians Involved,Dry,No Unusual Conditions,Daylight,Violation Driver 1,Controls Functioning,Clear,Head On,Intersection,Other Vehicle,Not Applicable,Not Applicable,At,,False,False,73040,HILLSDALE AV,NARVAEZ AV,37.27987102,-121.8644698
10683,684972,CR-0000093620,0,0,0,0,22-218-0773,False,False,0,8/6/2022 7:31:00 PM,No Pedestrians Involved,Dry,No Unusual Conditions,Daylight,Violation Driver 1,Controls Functioning,Clear,Broadside,Intersection,Other Vehicle,Not Applicable,Not Applicable,At,,False,True,73040,HILLSDALE AV,NARVAEZ AV,37.27987102,-121.8644698
10684,690154,CR-0000096242,0,0,0,0,22-323-0854,False,False,20,11/19/2022 9:26:00 PM,No Pedestrians Involved,Dry,No Unusual Conditions,Dark - Street Light,Violation Driver 1,Controls Functioning,Clear,Sideswipe,Related,Other Vehicle,Not Applicable,Not Applicable,West Of,,False,True,73040,HILLSDALE AV,NARVAEZ AV,37.27987102,-121.8644698
10685,698807,CR-0000100089,0,1,0,0,23-170-0562,False,False,0,6/19/2023 2:55:00 PM,No Pedestrians Involved,Dry,No Unusual Conditions,Daylight,Violation Driver 1,Controls Functioning,Clear,Sideswipe,Intersection,Other Vehicle,Not Applicable,Not Applicable,At,,True,True,73040,HILLSDALE AV,NARVAEZ AV,37.27987102,-121.8644698
10686,698878,CR-0000100165,0,1,1,0,23-210-0382,True,False,0,7/29/2023 11:30:00 AM,No Pedestrians Involved,Dry,No Unusual Conditions,Daylight,Violation Driver 1,Controls Functioning,Clear,Head On,Intersection,Other Vehicle,Not Applicable,Not Applicable,At,LIGHTPOLE,False,False,73040,HILLSDALE AV,NARVAEZ AV,37.27987102,-121.8644698
10687,696311,CR-0000099467,2,0,0,0,23-278-0215,False,False,18,10/5/2023 8:48:00 AM,No Pedestrians Involved,Dry,No Unusual Conditions,Daylight,Violation Driver 1,Controls Functioning,Clear,Rear End,Related,Other Vehicle,Not Applicable,Not Applicable,East Of,,False,False,73040,HILLSDALE AV,NARVAEZ AV,37.27987102,-121.8644698
10688,715824,CR-0000101854,0,0,0,0,23-134-9704,False,True,0,5/12/2023 4:00:00 PM,No Pedestrians Involved,Wet,No Unusual Conditions,Daylight,Unknown,Controls Functioning,Clear,Broadside,Intersection,Other Vehicle,Not Applicable,Not Applicable,At,,False,False,73040,HILLSDALE AV,NARVAEZ AV,37.27987102,-121.8644698
10689,722231,CR-0000103497,0,0,0,0,24-085-4001,False,True,0,3/22/2024 5:55:00 PM,No Pedestrians Involved,Unknown,Unknown,Unknown,Unknown,Unknown,Unknown,Broadside,Intersection,Other Vehicle,Not Applicable,Not Applicable,At,,False,False,73040,HILLSDALE AV,NARVAEZ AV,37.27987102,-121.8644698
10690,685205,CR-0000093884,0,1,0,0,22-175-0637,False,False,0,6/24/2022 3:00:00 PM,No Pedestrians Involved,Unknown,Unknown,Daylight,Bike At Fault,Unknown,Clear,Vehicle/Bike,Intersection,Scooter Motorized,Not Applicable,Not Applicable,At,M.SCOOTER,False,False,34198,CAS DR,LOS ARBOLES ST,37.28444388,-121.8325103
10691,682204,CR-0000091764,0,1,0,0,22-071-0951,False,False,0,3/12/2022 10:37:00 PM,No Pedestrians Involved,Dry,No Unusual Conditions,Dark - Street Light,Violation Driver 1,Controls Functioning,Clear,Broadside,Intersection,Other Vehicle,Not Applicable,Not Applicable,At,,False,False,34187,CAS DR,EZIE ST,37.28416092,-121.8313254
10692,699032,CR-0000100338,1,0,0,0,23-282-9707,False,False,0,10/6/2023 3:25:00 PM,No Pedestrians Involved,Dry,No Unusual Conditions,Daylight,Unknown,No Controls Present/Factor,Clear,Broadside,Intersection,Other Vehicle,Not Applicable,Not Applicable,At,,False,False,114982,EMBEDDED WY,HELLYER AV,37.2662969,-121.7902764
10693,694289,CR-0000097988,0,0,2,0,23-079-0720,False,False,0,3/20/2023 6:08:00 PM,No Pedestrians Involved,Dry,No Unusual Conditions,Daylight,Violation Driver 1,No Controls Present/Factor,Clear,Head On,Intersection,Other Vehicle,Not Applicable,Not Applicable,At,,False,False,137928,HASSLER PW,RANGEWOOD DR,37.29019598,-121.8013776
10694,689609,CR-0000095590,0,1,0,0,22-125-0922,False,False,62,5/5/2022 8:25:00 PM,No Pedestrians Involved,Dry,No Unusual Conditions,Daylight,Violation Driver 1,No Controls Present/Factor,Clear,Rear End,Non-Related,Motorcycle,Not Applicable,Not Applicable,West Of,,True,True,131295,NIEMAN BL,PETTIGREW DR,37.31601753,-121.8071835
10695,715971,CR-0000101887,0,0,0,0,23-321-0223,False,False,0,11/17/2023 8:52:00 AM,No Pedestrians Involved,Dry,No Unusual Conditions,Daylight,Violation Driver 1,Unknown,Clear,Sideswipe,Intersection,Other Vehicle,Not Applicable,Not Applicable,At,,False,False,131295,NIEMAN BL,PETTIGREW DR,37.31601753,-121.8071835
10696,682320,CR-0000091883,0,0,0,0,22-098-9701,False,True,470,4/7/2022 12:18:00 PM,No Pedestrians Involved,Dry,Other,Daylight,Unknown,Unknown,Clear,Rear End,Non-Related,Other Vehicle,Not Applicable,Not Applicable,South Of,,False,True,74634,HUMBOLDT ST,TENTH ST,37.3228102,-121.8677225
10697,690452,CR-0000096558,0,0,0,0,22-285-9703,False,True,51,10/12/2022 7:00:00 AM,No Pedestrians Involved,Dry,No Unusual Conditions,Dark - Street Light,Unknown,No Controls Present/Factor,Clear,Sideswipe,Non-Related,Parked Vehicle,Not Applicable,Not Applicable,Unknown,,False,True,74634,HUMBOLDT ST,TENTH ST,37.3228102,-121.8677225
10698,699148,CR-0000100465,0,0,0,0,23-154-0070,True,False,0,6/3/2023 1:05:00 AM,No Pedestrians Involved,Dry,No Unusual Conditions,Dark - Street Light,Violation Driver 1,No Controls Present/Factor,Clear,Hit Object,Intersection,Fixed Object,Not Applicable,Not Applicable,At,SIGN,False,False,74634,HUMBOLDT ST,TENTH ST,37.3228102,-121.8677225
10699,694500,CR-0000098494,0,1,0,0,23-191-0226,True,False,27,7/10/2023 8:33:00 AM,No Pedestrians Involved,Dry,No Unusual Conditions,Daylight,Violation Driver 1,No Controls Present/Factor,Clear,Hit Object,Related,Fixed Object,Not Applicable,Not Applicable,East Of,MEDIAN SIGN,False,False,74634,HUMBOLDT ST,TENTH ST,37.3228102,-121.8677225
10700,694717,CR-0000098766,2,0,0,0,23-219-0644,False,False,144,8/7/2023 3:27:00 PM,No Pedestrians Involved,Dry,No Unusual Conditions,Daylight,Violation Driver 1,No Controls Present/Factor,Clear,Rear End,Non-Related,Other Vehicle,Not Applicable,Not Applicable,South Of,,True,False,17918,BESTOR ST,TENTH ST,37.32569651,-121.8698705
10701,699355,CR-0000100682,0,0,0,0,23-186-4001,False,True,51,7/5/2023 4:30:00 PM,No Pedestrians Involved,Unknown,Unknown,Unknown,Unknown,Unknown,Unknown,Broadside,Non-Related,Other Vehicle,Not Applicable,Not Applicable,North Of,,False,False,17918,BESTOR ST,TENTH ST,37.32569651,-121.8698705
10702,698671,CR-0000099908,1,0,0,0,23-214-0913,False,False,0,8/2/2023 9:14:00 PM,No Pedestrians Involved,Dry,No Unusual Conditions,Dark - Street Light,Violation Driver 1,Controls Functioning,Clear,Broadside,Intersection,Other Vehicle,Not Applicable,Not Applicable,At,,True,False,17918,BESTOR ST,TENTH ST,37.32569651,-121.8698705
10703,694346,CR-0000098290,1,0,0,0,23-157-0072,False,False,254,6/6/2023 1:58:00 AM,No Pedestrians Involved,Dry,Unknown,Dark - Street Light,Violation Driver 1,No Controls Present/Factor,Clear,Head On,Non-Related,Parked Vehicle,Not Applicable,Not Applicable,South Of,,False,False,17918,BESTOR ST,TENTH ST,37.32569651,-121.8698705
10704,696031,CR-0000099166,0,0,0,0,23-197-0178,True,False,0,7/16/2023 3:12:00 AM,No Pedestrians Involved,Dry,No Unusual Conditions,Dark - Street Light,Violation Driver 1,No Controls Present/Factor,Clear,Hit Object,Intersection,Fixed Object,Not Applicable,Not Applicable,At,LIGHT POST,False,False,13793,BASCOM AV,ELDEN DR,37.27523251,-121.9333996
10705,681501,CR-0000090891,0,0,0,0,22-036-0352,True,False,16,2/5/2022 11:09:00 AM,No Pedestrians Involved,Dry,No Unusual Conditions,Daylight,Violation Driver 1,No Controls Present/Factor,Clear,Head On,Related,Other Object,Not Applicable,Not Applicable,South Of,SIGN,True,False,115389,COOPER AV,SAMARITAN DR,37.25062776,-121.9384344
10706,699162,CR-0000100480,1,0,0,0,23-153-0254,False,False,75,6/2/2023 9:00:00 AM,No Pedestrians Involved,Dry,No Unusual Conditions,Dusk - Dawn,Violation Driver 1,No Controls Present/Factor,Clear,Vehicle/Bike,Non-Related,Bike,Not Applicable,Not Applicable,East Of,BIKE,False,False,74370,HOWES DR,LOS GATOS ALMADEN RD,37.24342161,-121.929405
10707,711563,CR-0000100835,0,0,0,0,23-187-0784,False,False,86,7/6/2023 7:45:00 PM,No Pedestrians Involved,Dry,No Unusual Conditions,Daylight,Violation Driver 1,Unknown,Clear,Broadside,Non-Related,Parked Vehicle,Not Applicable,Not Applicable,North Of,,True,True,61654,FLORENCE AV,LYNDALE AV,37.36202862,-121.8279001
10708,699141,CR-0000100457,0,0,0,0,23-234-9709,False,True,51,6/17/2023 10:30:00 AM,No Pedestrians Involved,Wet,No Unusual Conditions,Dusk - Dawn,Unknown,No Controls Present/Factor,Cloudy,Broadside,Non-Related,Parked Vehicle,Not Applicable,Not Applicable,Unknown,,False,False,53492,EAST HILLS DR,LYNDALE AV,37.36086101,-121.8274602
10709,682550,CR-0000092117,0,1,0,0,22-129-0257,False,False,0,5/9/2022 10:10:00 AM,No Pedestrians Involved,Dry,No Unusual Conditions,Daylight,Bike At Fault,Controls Functioning,Cloudy,Vehicle/Bike,Intersection,Bike,Not Applicable,Not Applicable,At,BIKE,False,False,89913,MCLAUGHLIN AV,SHORELAND DR,37.31927615,-121.8405192
10710,682888,CR-0000092499,0,0,0,0,22-176-0813,False,False,36,6/25/2022 8:21:00 PM,No Pedestrians Involved,Dry,No Unusual Conditions,Dusk - Dawn,Violation Driver 1,No Controls Present/Factor,Clear,Rear End,Related,Other Vehicle,Not Applicable,Not Applicable,East Of,,True,False,89913,MCLAUGHLIN AV,SHORELAND DR,37.31927615,-121.8405192
10711,692578,CR-0000097869,0,0,0,0,23-045-0526,False,False,0,2/14/2023 2:40:00 PM,No Pedestrians Involved,Dry,No Unusual Conditions,Daylight,Violation Driver 1,Controls Functioning,Clear,Vehicle/Bike,Intersection,Bike,Not Applicable,Not Applicable,At,BIKE,False,False,89913,MCLAUGHLIN AV,SHORELAND DR,37.31927615,-121.8405192
10712,690713,CR-0000096850,0,0,0,0,23-024-0298,False,False,0,1/24/2023 10:23:00 AM,No Pedestrians Involved,Dry,No Unusual Conditions,Daylight,Violation Driver 1,Controls Functioning,Clear,Broadside,Intersection,Other Vehicle,Not Applicable,Not Applicable,At,,False,True,89979,MCLAUGHLIN AV,SUMMERSIDE DR,37.31831199,-121.8395789
10713,695786,CR-0000098851,1,0,0,0,23-264-0258,False,False,72,9/21/2023 7:54:00 AM,No Pedestrians Involved,Dry,No Unusual Conditions,Daylight,Violation Driver 1,No Controls Present/Factor,Clear,Rear End,Non-Related,Other Vehicle,Not Applicable,Not Applicable,South Of,,False,True,89979,MCLAUGHLIN AV,SUMMERSIDE DR,37.31831199,-121.8395789
10714,716358,CR-0000102383,0,1,0,0,24-037-0826,False,False,0,2/6/2024 7:12:00 PM,No Pedestrians Involved,Dry,No Unusual Conditions,Dark - Street Light,Violation Driver 1,Controls Functioning,Clear,Head On,Intersection,Other Vehicle,Not Applicable,Not Applicable,At,,True,False,89979,MCLAUGHLIN AV,SUMMERSIDE DR,37.31831199,-121.8395789
10715,696396,CR-0000099573,0,0,0,0,23-151-4006,False,True,51,5/30/2023 2:40:00 PM,No Pedestrians Involved,Unknown,Unknown,Daylight,Unknown,Unknown,Unknown,Broadside,Non-Related,Other Vehicle,Not Applicable,Not Applicable,East Of,,False,False,29446,CAMANO CT,MCLAUGHLIN AV,37.31813961,-121.8394056
10716,682677,CR-0000092253,0,0,0,0,22-146-4003,False,True,51,5/26/2022 8:50:00 AM,No Pedestrians Involved,Unknown,Unknown,Daylight,Unknown,Unknown,Unknown,Rear End,Non-Related,Other Vehicle,Not Applicable,Not Applicable,South Of,,False,False,89781,MCLAUGHLIN AV,MIDPINE AV,37.31703189,-121.8383272
10717,685096,CR-0000093767,1,0,0,0,22-223-0697,False,False,59,8/11/2022 5:47:00 PM,No Pedestrians Involved,Dry,No Unusual Conditions,Daylight,Violation Driver 1,Controls Functioning,Clear,Other,Non-Related,Parked Vehicle,Not Applicable,Not Applicable,South Of,,False,False,89781,MCLAUGHLIN AV,MIDPINE AV,37.31703189,-121.8383272
10718,691018,CR-0000097190,0,0,0,0,23-035-0013,False,False,84,2/4/2023 12:09:00 AM,No Pedestrians Involved,Dry,No Unusual Conditions,Dark - Street Light,Violation Driver 1,No Controls Present/Factor,Clear,Sideswipe,Non-Related,Parked Vehicle,Not Applicable,Not Applicable,West Of,,False,True,50368,DENAIR AV,MIDPINE AV,37.31842463,-121.8362817
10719,722325,CR-0000103619,0,0,0,0,24-091-0212,False,False,246,3/31/2024 6:59:00 AM,No Pedestrians Involved,Dry,No Unusual Conditions,Dusk - Dawn,Violation Driver 1,No Controls Present/Factor,Clear,Sideswipe,Non-Related,Parked Vehicle,Not Applicable,Not Applicable,South Of,,True,True,50368,DENAIR AV,MIDPINE AV,37.31842463,-121.8362817
10720,698740,CR-0000099992,0,1,0,0,23-258-0729,False,False,0,9/15/2023 7:27:00 PM,No Pedestrians Involved,Dry,No Unusual Conditions,Daylight,Violation Driver 1,No Controls Present/Factor,Clear,Vehicle/Bike,Intersection,Bike,Not Applicable,Not Applicable,At,BIKE,False,True,58937,FARRINGDON DR,WHITE RD,37.35430486,-121.8174731
10721,722382,CR-0000103676,0,0,0,0,24-096-0345,False,False,105,4/5/2024 1:07:00 PM,No Pedestrians Involved,Dry,No Unusual Conditions,Daylight,Violation Driver 1,No Controls Present/Factor,Clear,Sideswipe,Non-Related,Parked Vehicle,Not Applicable,Not Applicable,South Of,,True,False,58937,FARRINGDON DR,WHITE RD,37.35430486,-121.8174731