_id,CrashFactId,Name,MinorInjuries,ModerateInjuries,SevereInjuries,FatalInjuries,TcrNumber,CityDamageFlag,ShortFormFlag,Distance,CrashDateTime,PedestrianAction,RoadwaySurface,RoadwayCondition,Lighting,PrimaryCollisionFactor,TrafficControl,Weather,CollisionType,ProximityToIntersection,VehicleInvolvedWith,PedestrianDirectionFrom,PedestrianDirectionTo,DirectionFromIntersection,Comment,SpeedingFlag,HitAndRunFlag,IntersectionNumber,AStreetName,BStreetName,Latitude,Longitude
10722,715986,CR-0000101950,1,0,0,1,24-136-0873,False,False,0,5/15/2024 8:44:00 PM,No Pedestrians Involved,Dry,No Unusual Conditions,Dark - Street Light,Violation Driver 1,No Controls Present/Factor,Clear,Broadside,Intersection,Other Vehicle,Not Applicable,Not Applicable,At,,False,False,58937,FARRINGDON DR,WHITE RD,37.35430486,-121.8174731
10723,685236,CR-0000093916,0,0,0,0,22-273-0690,False,False,51,9/30/2022 3:58:00 PM,No Pedestrians Involved,Dry,No Unusual Conditions,Daylight,Violation Driver 1,No Controls Present/Factor,Clear,Rear End,Non-Related,Other Vehicle,Not Applicable,Not Applicable,West Of,,True,True,89473,MCGINNESS AV,STORY RD,37.35263908,-121.824361
10724,685373,CR-0000094099,0,0,0,0,22-230-0952,False,False,0,8/18/2022 8:53:00 PM,No Pedestrians Involved,Dry,No Unusual Conditions,Dark - Street Light,Violation Driver 1,No Controls Present/Factor,Clear,Head On,Intersection,Other Vehicle,Not Applicable,Not Applicable,At,,True,True,89473,MCGINNESS AV,STORY RD,37.35263908,-121.824361
10725,682651,CR-0000092227,0,0,0,0,22-147-9712,False,True,0,5/25/2022 7:45:00 AM,No Pedestrians Involved,Dry,No Unusual Conditions,Daylight,Unknown,Controls Functioning,Clear,Sideswipe,Intersection,Other Vehicle,Not Applicable,Not Applicable,At,,False,False,89473,MCGINNESS AV,STORY RD,37.35263908,-121.824361
10726,681872,CR-0000091353,1,0,0,0,22-042-0909,False,False,0,2/11/2022 7:00:00 PM,Crossing In Crosswalk - At Intersection,Dry,No Unusual Conditions,Daylight,Violation Driver 1,No Controls Present/Factor,Clear,Vehicle/Pedestrian,Intersection,Pedestrian,South,North,At,PED,False,True,89473,MCGINNESS AV,STORY RD,37.35263908,-121.824361
10727,682100,CR-0000091631,0,0,0,0,22-030-9701,False,True,,1/25/2022 8:37:00 AM,No Pedestrians Involved,Dry,No Unusual Conditions,Daylight,Unknown,Controls Functioning,Clear,Rear End,Related,Other Vehicle,Not Applicable,Not Applicable,Unknown,,False,False,89473,MCGINNESS AV,STORY RD,37.35263908,-121.824361
10728,681774,CR-0000091174,1,0,0,0,22-033-0376,False,False,385,2/2/2022 11:26:00 AM,No Pedestrians Involved,Dry,No Unusual Conditions,Daylight,Violation Driver 1,No Controls Present/Factor,Clear,Head On,Non-Related,Motor Vehicle On Other Roadway,Not Applicable,Not Applicable,North Of,,False,False,89473,MCGINNESS AV,STORY RD,37.35263908,-121.824361
10729,699273,CR-0000100596,0,0,0,0,23-283-9704,False,True,0,6/14/2023 12:00:00 PM,No Pedestrians Involved,Dry,No Unusual Conditions,Daylight,Unknown,Unknown,Clear,Broadside,Intersection,Other Vehicle,Not Applicable,Not Applicable,At,,False,False,89473,MCGINNESS AV,STORY RD,37.35263908,-121.824361
10730,695846,CR-0000098911,0,0,0,0,23-105-0722,False,False,193,4/15/2023 6:59:00 PM,No Pedestrians Involved,Dry,No Unusual Conditions,Daylight,Violation Driver 1,Controls Functioning,Clear,Broadside,Non-Related,Other Vehicle,Not Applicable,Not Applicable,West Of,,False,True,89473,MCGINNESS AV,STORY RD,37.35263908,-121.824361
10731,694730,CR-0000098755,1,0,1,0,23-223-0676,False,False,0,8/11/2023 5:25:00 PM,No Pedestrians Involved,Dry,No Unusual Conditions,Daylight,Violation Driver 1,Controls Functioning,Clear,Broadside,Intersection,Motorcycle,Not Applicable,Not Applicable,At,,True,False,89473,MCGINNESS AV,STORY RD,37.35263908,-121.824361
10732,694594,CR-0000098618,1,0,0,0,23-203-0273,False,False,51,7/22/2023 9:41:00 AM,No Pedestrians Involved,Dry,No Unusual Conditions,Daylight,Violation Driver 1,Controls Functioning,Clear,Rear End,Non-Related,Other Vehicle,Not Applicable,Not Applicable,East Of,,False,False,89473,MCGINNESS AV,STORY RD,37.35263908,-121.824361
10733,690931,CR-0000097096,1,0,0,0,23-037-0825,False,False,,2/6/2023 8:31:00 PM,No Pedestrians Involved,Dry,No Unusual Conditions,Dark - Street Light,Violation Driver 1,Unknown,Clear,Sideswipe,Related,Other Vehicle,Not Applicable,Not Applicable,West Of,,False,True,89473,MCGINNESS AV,STORY RD,37.35263908,-121.824361
10734,689841,CR-0000095867,1,0,0,0,22-364-0405,False,False,0,12/30/2022 1:35:00 PM,Crossing In Crosswalk - At Intersection,Dry,No Unusual Conditions,Daylight,Violation Driver 1,Controls Functioning,Cloudy,Vehicle/Pedestrian,Intersection,Pedestrian,North,South,West Of,PED,False,True,89473,MCGINNESS AV,STORY RD,37.35263908,-121.824361
10735,689900,CR-0000095927,0,1,0,0,22-344-0738,False,False,0,12/10/2022 4:35:00 PM,Crossing In Crosswalk - At Intersection,Wet,No Unusual Conditions,Dusk - Dawn,Violation Driver 1,Controls Functioning,Rain,Vehicle/Pedestrian,Intersection,Pedestrian,North,South,At,PED,False,True,89473,MCGINNESS AV,STORY RD,37.35263908,-121.824361
10736,712013,CR-0000101562,0,0,0,0,23-357-0122,False,False,0,12/23/2023 2:49:00 AM,No Pedestrians Involved,Dry,No Unusual Conditions,Dark - Street Light,Violation Driver 1,Controls Functioning,Clear,Broadside,Intersection,Other Vehicle,Not Applicable,Not Applicable,At,,False,True,89473,MCGINNESS AV,STORY RD,37.35263908,-121.824361
10737,712173,CR-0000101604,0,0,0,0,23-353-4004,False,True,0,12/13/2023 12:25:00 PM,No Pedestrians Involved,Unknown,Unknown,Unknown,Unknown,Unknown,Unknown,Sideswipe,Intersection,Unknown,Not Applicable,Not Applicable,At,,False,False,89473,MCGINNESS AV,STORY RD,37.35263908,-121.824361
10738,682262,CR-0000091821,0,0,0,0,22-108-0552,False,False,42,4/11/2022 8:30:00 AM,No Pedestrians Involved,Dry,No Unusual Conditions,Daylight,Violation Driver 1,No Controls Present/Factor,Clear,Rear End,Related,Parked Vehicle,Not Applicable,Not Applicable,South Of,,False,True,80651,KOLLMAR DR,STORY RD,37.35197233,-121.8253432
10739,684734,CR-0000093392,0,0,0,0,22-187-0152,False,False,51,7/6/2022 7:37:00 AM,No Pedestrians Involved,Dry,No Unusual Conditions,Daylight,Violation Driver 1,Controls Functioning,Clear,Rear End,Non-Related,Other Vehicle,Not Applicable,Not Applicable,South Of,,True,True,80651,KOLLMAR DR,STORY RD,37.35197233,-121.8253432
10740,683532,CR-0000093116,0,0,0,1,22-198-0978,False,False,51,7/17/2022 11:13:00 PM,In Road - Includes Shoulder,Dry,No Unusual Conditions,Dark - Street Light,Unknown,Controls Functioning,Clear,Vehicle/Pedestrian,Non-Related,Pedestrian,West,East,East Of,PED,False,True,80651,KOLLMAR DR,STORY RD,37.35197233,-121.8253432
10741,690892,CR-0000097036,0,0,0,0,23-067-4002,False,True,51,1/23/2023 2:00:00 PM,No Pedestrians Involved,Unknown,Unknown,Unknown,Unknown,Unknown,Unknown,Sideswipe,Non-Related,Unknown,Not Applicable,Not Applicable,Unknown,,False,False,80651,KOLLMAR DR,STORY RD,37.35197233,-121.8253432
10742,694369,CR-0000098313,1,0,0,0,23-164-0263,False,False,0,6/13/2023 9:51:00 AM,No Pedestrians Involved,Dry,No Unusual Conditions,Daylight,Violation Driver 1,Controls Functioning,Clear,Vehicle/Bike,Intersection,Scooter Motorized,Not Applicable,Not Applicable,At,BIKE(MOTO. SCOOTER),True,False,80651,KOLLMAR DR,STORY RD,37.35197233,-121.8253432
10743,699390,CR-0000100718,0,0,0,0,23-184-0826,False,False,0,7/3/2023 7:26:00 PM,No Pedestrians Involved,Dry,No Unusual Conditions,Daylight,Violation Driver 1,No Controls Present/Factor,Clear,Sideswipe,Intersection,Other Vehicle,Not Applicable,Not Applicable,At,,False,True,80651,KOLLMAR DR,STORY RD,37.35197233,-121.8253432
10744,688970,CR-0000094830,2,0,0,0,22-292-0660,False,False,254,10/19/2022 4:48:00 PM,No Pedestrians Involved,Dry,No Unusual Conditions,Dark - Street Light,Violation Driver 1,No Controls Present/Factor,Clear,Broadside,Non-Related,Other Vehicle,Not Applicable,Not Applicable,East Of,,False,False,1231,ABORN CT,ABORN RD,37.31356997,-121.7942663
10745,682206,CR-0000091793,2,1,0,0,22-118-0946,False,False,0,4/28/2022 8:33:00 PM,No Pedestrians Involved,Dry,No Unusual Conditions,Dark - Street Light,Violation Driver 1,No Controls Present/Factor,Clear,Broadside,Intersection,Other Vehicle,Not Applicable,Not Applicable,At,,False,False,1231,ABORN CT,ABORN RD,37.31356997,-121.7942663
10746,682763,CR-0000092344,0,1,0,0,22-156-0821,False,False,285,6/5/2022 8:54:00 PM,No Pedestrians Involved,Dry,No Unusual Conditions,Dark - Street Light,Violation Driver 1,No Controls Present/Factor,Clear,Rear End,Non-Related,Other Vehicle,Not Applicable,Not Applicable,East Of,,True,False,1231,ABORN CT,ABORN RD,37.31356997,-121.7942663
10747,682084,CR-0000091601,0,0,0,0,22-071-0681,False,False,450,3/4/2022 8:00:00 PM,No Pedestrians Involved,Unknown,Unknown,Unknown,Violation Driver 1,No Controls Present/Factor,Unknown,Sideswipe,Non-Related,Parked Vehicle,Not Applicable,Not Applicable,North Of,,False,True,1231,ABORN CT,ABORN RD,37.31356997,-121.7942663
10748,694409,CR-0000098363,1,0,1,0,23-171-0967,False,False,117,6/20/2023 9:00:00 PM,No Pedestrians Involved,Dry,No Unusual Conditions,Dark - Street Light,Violation Driver 1,No Controls Present/Factor,Clear,Broadside,Non-Related,Motorcycle,Not Applicable,Not Applicable,East Of,,True,False,1231,ABORN CT,ABORN RD,37.31356997,-121.7942663
10749,689569,CR-0000095546,0,0,1,0,22-358-0073,False,False,0,12/24/2022 1:06:00 AM,Crossing In Crosswalk - At Intersection,Dry,No Unusual Conditions,Dark - Street Light,Violation Driver 1,No Controls Present/Factor,Clear,Vehicle/Pedestrian,Intersection,Pedestrian,West,East,At,PED(Skateboard),False,False,1231,ABORN CT,ABORN RD,37.31356997,-121.7942663
10750,717480,CR-0000102513,1,1,0,0,24-078-0845,False,False,162,3/18/2024 7:03:00 PM,No Pedestrians Involved,Dry,No Unusual Conditions,Dark - Street Light,Violation Driver 1,No Controls Present/Factor,Clear,Vehicle/Bike,Non-Related,Scooter Motorized,Not Applicable,Not Applicable,East Of,E.SCOOTER,True,False,1231,ABORN CT,ABORN RD,37.31356997,-121.7942663
10751,716380,CR-0000102325,1,0,0,0,24-037-0522,False,False,54,2/6/2024 2:15:00 PM,No Pedestrians Involved,Dry,No Unusual Conditions,Daylight,Violation Driver 1,Controls Functioning,Cloudy,Rear End,Non-Related,Other Vehicle,Not Applicable,Not Applicable,West Of,,False,False,1231,ABORN CT,ABORN RD,37.31356997,-121.7942663
10752,716225,CR-0000102170,1,0,0,0,24-036-0831,False,False,50,2/5/2024 7:41:00 PM,No Pedestrians Involved,Wet,No Unusual Conditions,Dark - Street Light,Violation Driver 1,Controls Functioning,Cloudy,Broadside,Related,Motor Vehicle On Other Roadway,Not Applicable,Not Applicable,Unknown,,False,False,1231,ABORN CT,ABORN RD,37.31356997,-121.7942663
10753,722304,CR-0000103598,0,0,0,0,24-089-0707,False,False,0,3/29/2024 7:08:00 PM,No Pedestrians Involved,Wet,No Unusual Conditions,Dusk - Dawn,Violation Driver 1,No Controls Present/Factor,Rain,Broadside,Intersection,Other Vehicle,Not Applicable,Not Applicable,At,,False,True,107337,SANTA ROSA DR,SEVEN TREES BL,37.27883755,-121.8322017
10754,691392,CR-0000097641,0,0,0,0,23-063-0089,True,False,0,3/4/2023 1:54:00 AM,No Pedestrians Involved,Dry,No Unusual Conditions,Dark - Street Light,Violation Driver 1,Controls Functioning,Clear,Hit Object,Intersection,Fixed Object,Not Applicable,Not Applicable,At,Light pole,False,True,33065,CAPITOL FRONT RD,STORY RD,37.3514488,-121.8261204
10755,696175,CR-0000099318,1,0,0,0,23-145-0297,False,False,0,5/25/2023 10:18:00 AM,No Pedestrians Involved,Dry,No Unusual Conditions,Daylight,Violation Driver 1,No Controls Present/Factor,Clear,Sideswipe,Intersection,Other Vehicle,Not Applicable,Not Applicable,At,,False,True,33065,CAPITOL FRONT RD,STORY RD,37.3514488,-121.8261204
10756,717485,CR-0000102518,1,0,0,0,24-087-0497,False,False,0,3/27/2024 1:38:00 PM,No Pedestrians Involved,Dry,No Unusual Conditions,Daylight,Violation Driver 1,Controls Functioning,Clear,Broadside,Intersection,Motorcycle,Not Applicable,Not Applicable,At,,False,False,33065,CAPITOL FRONT RD,STORY RD,37.3514488,-121.8261204
10757,682177,CR-0000091725,0,0,0,0,22-062-0050,True,False,0,3/3/2022 1:15:00 AM,No Pedestrians Involved,Dry,No Unusual Conditions,Dark - Street Light,Violation Driver 1,No Controls Present/Factor,Clear,Hit Object,Intersection,Fixed Object,Not Applicable,Not Applicable,At,Streetlight,True,False,72720,HIGHWOOD DR,PENDRAGON LN,37.35374976,-121.8321276
10758,683201,CR-0000092801,0,0,0,0,22-117-4003,False,True,51,4/26/2022 12:00:00 AM,No Pedestrians Involved,Unknown,Unknown,Unknown,Unknown,Unknown,Unknown,Other,Non-Related,Parked Vehicle,Not Applicable,Not Applicable,North Of,,False,False,72720,HIGHWOOD DR,PENDRAGON LN,37.35374976,-121.8321276
10759,681797,CR-0000091206,0,0,0,0,22-076-1093,False,False,32,3/17/2022 11:45:00 PM,No Pedestrians Involved,Dry,No Unusual Conditions,Dark - Street Light,Violation Driver 1,No Controls Present/Factor,Clear,Rear End,Related,Parked Vehicle,Not Applicable,Not Applicable,East Of,,False,False,3629,ALFRED WY,BERONA WY,37.3404567,-121.8250551
10760,717418,CR-0000102431,0,0,0,0,23-058-9702,False,False,51,2/19/2023 10:00:00 PM,No Pedestrians Involved,Dry,No Unusual Conditions,Dark - Street Light,Unknown,No Controls Present/Factor,Clear,Sideswipe,Non-Related,Parked Vehicle,Not Applicable,Not Applicable,East Of,,False,False,3629,ALFRED WY,BERONA WY,37.3404567,-121.8250551
10761,691262,CR-0000097506,0,0,0,0,22-358-0302,False,False,0,12/24/2022 11:03:00 AM,No Pedestrians Involved,Dry,No Unusual Conditions,Daylight,Unknown,Unknown,Clear,Rear End,Intersection,Non-Collision,Not Applicable,Not Applicable,At,,False,True,17324,BERONA WY,OCALA AV,37.33877849,-121.8232855
10762,684773,CR-0000093356,0,0,0,0,22-182-0693,False,False,55,7/1/2022 5:54:00 PM,No Pedestrians Involved,Dry,No Unusual Conditions,Daylight,Violation Driver 1,Controls Not Functioning,Clear,Hit Object,Non-Related,Fixed Object,Not Applicable,Not Applicable,West Of,,False,True,82818,LEEWARD DR,OCALA AV,37.33995214,-121.821511
10763,690068,CR-0000096140,0,0,0,0,22-332-0280,False,False,349,11/27/2022 10:00:00 AM,No Pedestrians Involved,Dry,No Unusual Conditions,Dark - Street Light,Violation Driver 1,No Controls Present/Factor,Clear,Sideswipe,Non-Related,Parked Vehicle,Not Applicable,Not Applicable,North Of,,False,True,34176,CAS DR,CEDRO ST,37.28694559,-121.8337824
10764,694545,CR-0000098539,1,0,0,0,23-197-0794,False,False,0,7/16/2023 8:20:00 PM,No Pedestrians Involved,Dry,No Unusual Conditions,Daylight,Violation Driver 1,No Controls Present/Factor,Clear,Hit Object,Intersection,Fixed Object,Not Applicable,Not Applicable,At,TREE,False,False,104433,ROCKING HORSE CT,SNELL AV,37.22705828,-121.8296582
10765,690818,CR-0000096957,0,0,1,0,23-021-0340,False,False,98,1/21/2023 12:12:00 PM,No Pedestrians Involved,Dry,No Unusual Conditions,Daylight,Violation Driver 1,No Controls Present/Factor,Clear,Broadside,Non-Related,Motorcycle,Not Applicable,Not Applicable,West Of,,False,False,106754,SAN RAMON DR,SENTER RD,37.27810767,-121.8326982
10766,690867,CR-0000097009,1,0,0,0,23-031-0802,False,False,,1/31/2023 7:20:00 PM,No Pedestrians Involved,Dry,No Unusual Conditions,Dark - Street Light,Violation Driver 1,Controls Functioning,Clear,Broadside,Related,Other Vehicle,Not Applicable,Not Applicable,West Of,,False,False,42668,BLOSSOM HILL RD/DW,COTTLE RD,37.25377914,-121.8031774
10767,689226,CR-0000095159,0,0,1,2,23-027-0106,True,False,0,1/27/2023 4:17:00 AM,No Pedestrians Involved,Dry,No Unusual Conditions,Dark - Street Light,Violation Driver 1,Controls Functioning,Clear,Hit Object,Intersection,Fixed Object,Not Applicable,Not Applicable,At,LIGHT POLE (2 Passenger Fatality),True,False,42668,BLOSSOM HILL RD/DW,COTTLE RD,37.25377914,-121.8031774
10768,716381,CR-0000102336,1,0,0,0,24-043-0921,False,False,0,2/12/2024 9:21:00 PM,No Pedestrians Involved,Dry,No Unusual Conditions,Dark - Street Light,Violation Driver 1,Controls Functioning,Clear,Broadside,Intersection,Other Vehicle,Not Applicable,Not Applicable,At,,False,False,42668,BLOSSOM HILL RD/DW,COTTLE RD,37.25377914,-121.8031774
10769,719529,CR-0000102658,1,0,0,0,24-063-0772,False,False,0,3/3/2024 10:14:00 PM,No Pedestrians Involved,Wet,No Unusual Conditions,Dark - Street Light,Violation Driver 1,Controls Functioning,Clear,Head On,Intersection,Other Vehicle,Not Applicable,Not Applicable,At,,False,False,42668,BLOSSOM HILL RD/DW,COTTLE RD,37.25377914,-121.8031774
10770,715830,CR-0000101868,0,0,0,0,23-144-9708,False,True,0,5/23/2023 7:30:00 AM,No Pedestrians Involved,Dry,No Unusual Conditions,Daylight,Unknown,Controls Functioning,Cloudy,Sideswipe,Intersection,Other Vehicle,Not Applicable,Not Applicable,At,,False,True,42668,BLOSSOM HILL RD/DW,COTTLE RD,37.25377914,-121.8031774
10771,716033,CR-0000101755,0,0,0,0,23-013-9701,False,True,0,1/12/2023 8:15:00 PM,No Pedestrians Involved,Dry,No Unusual Conditions,Dark - Street Light,Unknown,Controls Functioning,Cloudy,Broadside,Intersection,Other Vehicle,Not Applicable,Not Applicable,At,,False,False,42668,BLOSSOM HILL RD/DW,COTTLE RD,37.25377914,-121.8031774
10772,682890,CR-0000092466,1,0,0,0,22-039-0485,False,False,0,2/8/2022 12:15:00 PM,No Pedestrians Involved,Dry,No Unusual Conditions,Daylight,Violation Driver 1,No Controls Present/Factor,Clear,Other,Intersection,Other Vehicle,Not Applicable,Not Applicable,At,,False,True,19953,COTTLE RD,GREAT OAKS PW/POUGHKEEPSIE RD,37.25147588,-121.8040238
10773,682324,CR-0000091887,0,0,0,0,22-098-0510,False,False,0,4/8/2022 2:32:00 PM,No Pedestrians Involved,Dry,No Unusual Conditions,Daylight,Violation Driver 1,Controls Functioning,Clear,Rear End,Intersection,Other Vehicle,Not Applicable,Not Applicable,At,,False,False,19953,COTTLE RD,GREAT OAKS PW/POUGHKEEPSIE RD,37.25147588,-121.8040238
10774,690602,CR-0000096723,0,0,1,0,23-029-0202,True,False,229,1/29/2023 5:32:00 AM,No Pedestrians Involved,Dry,No Unusual Conditions,Dark - Street Light,Violation Driver 1,No Controls Present/Factor,Cloudy,Hit Object,Non-Related,Fixed Object,Not Applicable,Not Applicable,East Of,TREE,False,False,19953,COTTLE RD,GREAT OAKS PW/POUGHKEEPSIE RD,37.25147588,-121.8040238
10775,690811,CR-0000096950,1,0,0,0,23-030-0216,False,False,0,1/30/2023 8:30:00 AM,Crossing In Crosswalk - At Intersection,Dry,Unknown,Daylight,Violation Driver 1,Controls Functioning,Clear,Vehicle/Pedestrian,Intersection,Pedestrian,West,East,At,PED,False,False,19953,COTTLE RD,GREAT OAKS PW/POUGHKEEPSIE RD,37.25147588,-121.8040238
10776,694722,CR-0000098745,0,1,0,0,23-216-0429,False,False,0,8/4/2023 1:53:00 PM,Crossing In Crosswalk - Not At Intersection,Dry,No Unusual Conditions,Daylight,Violation Driver 1,Controls Functioning,Clear,Vehicle/Pedestrian,Intersection,Pedestrian,South,North,At,PED,False,False,19953,COTTLE RD,GREAT OAKS PW/POUGHKEEPSIE RD,37.25147588,-121.8040238
10777,716400,CR-0000102399,0,1,0,0,24-041-0359,False,False,0,2/10/2024 10:38:00 AM,Crossing In Crosswalk - At Intersection,Dry,No Unusual Conditions,Daylight,Violation Driver 1,Controls Functioning,Clear,Vehicle/Pedestrian,Intersection,Pedestrian,West,East,At,PED,False,False,19953,COTTLE RD,GREAT OAKS PW/POUGHKEEPSIE RD,37.25147588,-121.8040238
10778,722322,CR-0000103616,0,0,0,0,24-090-9712,False,True,51,3/30/2024 11:25:00 AM,No Pedestrians Involved,Dry,No Unusual Conditions,Daylight,Unknown,Controls Functioning,Cloudy,Rear End,Non-Related,Other Vehicle,Not Applicable,Not Applicable,North Of,,False,False,19953,COTTLE RD,GREAT OAKS PW/POUGHKEEPSIE RD,37.25147588,-121.8040238
10779,682745,CR-0000092328,0,0,0,0,22-133-0130,True,False,1060,5/13/2022 6:00:00 AM,No Pedestrians Involved,Dry,No Unusual Conditions,Daylight,Violation Driver 1,Controls Functioning,Clear,Hit Object,Non-Related,Fixed Object,Not Applicable,Not Applicable,West Of,CURB,False,False,103894,RIDDER PARK DR,SCHALLENBERGER RD,37.37972308,-121.9002797
10780,719594,CR-0000102751,0,0,0,0,24-001-4005,False,True,51,1/1/2024 10:30:00 AM,No Pedestrians Involved,Unknown,Unknown,Unknown,Unknown,Unknown,Unknown,Sideswipe,Non-Related,Other Vehicle,Not Applicable,Not Applicable,Unknown,,False,False,103894,RIDDER PARK DR,SCHALLENBERGER RD,37.37972308,-121.9002797
10781,685030,CR-0000093688,1,0,0,0,22-211-0400,False,False,0,7/30/2022 11:22:00 AM,No Pedestrians Involved,Dry,No Unusual Conditions,Daylight,Unknown,Controls Functioning,Clear,Broadside,Intersection,Other Vehicle,Not Applicable,Not Applicable,At,,False,False,36805,CHARCOT AV,ZANKER RD,37.3810167,-121.9168177
10782,691037,CR-0000097209,1,0,0,0,23-038-0124,False,False,0,2/7/2023 6:27:00 AM,No Pedestrians Involved,Dry,No Unusual Conditions,Dark - Street Light,Violation Driver 1,Controls Functioning,Clear,Broadside,Intersection,Other Vehicle,Not Applicable,Not Applicable,At,,False,False,36805,CHARCOT AV,ZANKER RD,37.3810167,-121.9168177
10783,716295,CR-0000102279,1,1,0,0,24-037-0399,False,False,28,2/6/2024 11:50:00 AM,No Pedestrians Involved,Dry,No Unusual Conditions,Daylight,Violation Driver 1,Controls Functioning,Cloudy,Rear End,Related,Other Vehicle,Not Applicable,Not Applicable,North Of,,True,False,36805,CHARCOT AV,ZANKER RD,37.3810167,-121.9168177
10784,712131,CR-0000101502,0,0,0,0,23-271-4004,False,True,0,9/28/2023 7:00:00 AM,No Pedestrians Involved,Unknown,Unknown,Unknown,Unknown,Unknown,Unknown,Sideswipe,Intersection,Other Vehicle,Not Applicable,Not Applicable,At,,False,False,81036,LA PALA DR,MCKEE RD,37.37882267,-121.8300789
10785,722249,CR-0000103516,0,0,0,0,24-084-0158,False,False,18,3/24/2024 3:41:00 AM,No Pedestrians Involved,Wet,No Unusual Conditions,Dark - Street Light,Violation Driver 1,Controls Functioning,Clear,Head On,Related,Parked Vehicle,Not Applicable,Not Applicable,South Of,,False,True,81036,LA PALA DR,MCKEE RD,37.37882267,-121.8300789
10786,694295,CR-0000098203,3,0,0,0,23-146-1012,False,False,79,5/26/2023 10:55:00 PM,No Pedestrians Involved,Dry,No Unusual Conditions,Dark - Street Light,Violation Driver 1,No Controls Present/Factor,Clear,Rear End,Non-Related,Other Vehicle,Not Applicable,Not Applicable,East Of,,True,False,39687,CLAREMONT AV,MCKEE RD,37.37820235,-121.8309942
10787,722357,CR-0000103651,0,0,0,0,24-095-9703,False,True,51,4/3/2024 1:00:00 AM,No Pedestrians Involved,Dry,No Unusual Conditions,Dark - No Street Light,Unknown,Controls Functioning,Clear,Sideswipe,Non-Related,Parked Vehicle,Not Applicable,Not Applicable,South Of,,False,False,109889,SOUTHLAKE DR,SOUTHVIEW DR,37.245576,-121.7815343
10788,688968,CR-0000094828,0,0,0,0,22-290-0475,False,False,0,10/17/2022 1:00:00 PM,No Pedestrians Involved,Dry,No Unusual Conditions,Daylight,Violation Driver 1,No Controls Present/Factor,Clear,Rear End,Intersection,Other Vehicle,Not Applicable,Not Applicable,At,,True,True,104972,ROSSWOOD DR,UNION AV,37.24631794,-121.9312665
10789,689583,CR-0000095560,1,0,0,0,22-345-0519,False,False,268,12/11/2022 4:59:00 PM,No Pedestrians Involved,Wet,No Unusual Conditions,Dark - Street Light,Violation Driver 1,No Controls Present/Factor,Rain,Rear End,Non-Related,Other Vehicle,Not Applicable,Not Applicable,South Of,,True,False,104972,ROSSWOOD DR,UNION AV,37.24631794,-121.9312665
10790,694154,CR-0000097973,2,0,0,0,23-063-0235,False,False,30,3/4/2023 9:05:00 AM,No Pedestrians Involved,Dry,No Unusual Conditions,Daylight,Violation Driver 1,Controls Functioning,Clear,Rear End,Related,Other Vehicle,Not Applicable,Not Applicable,East Of,,True,True,104972,ROSSWOOD DR,UNION AV,37.24631794,-121.9312665
10791,690983,CR-0000097154,1,0,0,0,23-043-0304,False,False,0,2/12/2023 11:32:00 AM,No Pedestrians Involved,Dry,No Unusual Conditions,Daylight,Violation Driver 1,Controls Functioning,Clear,Sideswipe,Intersection,Other Vehicle,Not Applicable,Not Applicable,At,,False,False,104972,ROSSWOOD DR,UNION AV,37.24631794,-121.9312665
10792,716024,CR-0000101996,1,0,0,0,24-009-0567,False,False,423,1/9/2024 4:54:00 PM,Not In Road,Dry,No Unusual Conditions,Daylight,Violation Driver 2,No Controls Present/Factor,Clear,Vehicle/Pedestrian,Non-Related,Pedestrian,West,East,East Of,TOY CAR PED,False,False,7732,ANTHONY DR,RINCON AV,37.28187653,-121.9727619
10793,685339,CR-0000094065,0,0,0,0,22-225-0141,False,False,126,8/13/2022 3:30:00 AM,No Pedestrians Involved,Dry,No Unusual Conditions,Dark - Street Light,Violation Driver 1,Controls Not Functioning,Clear,Rear End,Non-Related,Parked Vehicle,Not Applicable,Not Applicable,West Of,,False,True,9954,ASSUNTA WY,NICHOLAS DR,37.27048336,-121.9309195
10794,699104,CR-0000100420,0,0,0,0,23-174-0895,False,False,44,6/23/2023 8:34:00 PM,No Pedestrians Involved,Dry,No Unusual Conditions,Daylight,Violation Driver 1,No Controls Present/Factor,Clear,Sideswipe,Related,Other Vehicle,Not Applicable,Not Applicable,West Of,,True,True,9767,ASHGLEN WY,BRUSHGLEN WY,37.36974043,-121.8524074
10795,685162,CR-0000093837,0,0,0,0,22-237-0559,False,False,0,8/25/2022 2:40:00 PM,In Road - Includes Shoulder,Dry,No Unusual Conditions,Daylight,Violation Driver 1,Controls Functioning,Clear,Vehicle/Pedestrian,Intersection,Pedestrian,North,South,At,PED,True,False,76141,JACKSON AV,RINEHART DR,37.3669364,-121.8518002
10796,689159,CR-0000095035,1,0,0,0,22-319-0165,False,False,0,11/15/2022 6:13:00 AM,Crossing In Crosswalk - At Intersection,Dry,No Unusual Conditions,Dusk - Dawn,Violation Driver 1,Controls Functioning,Clear,Vehicle/Pedestrian,Intersection,Pedestrian,West,East,At,PEDESTRIAN,False,True,76141,JACKSON AV,RINEHART DR,37.3669364,-121.8518002