_id,CrashFactId,Name,MinorInjuries,ModerateInjuries,SevereInjuries,FatalInjuries,TcrNumber,CityDamageFlag,ShortFormFlag,Distance,CrashDateTime,PedestrianAction,RoadwaySurface,RoadwayCondition,Lighting,PrimaryCollisionFactor,TrafficControl,Weather,CollisionType,ProximityToIntersection,VehicleInvolvedWith,PedestrianDirectionFrom,PedestrianDirectionTo,DirectionFromIntersection,Comment,SpeedingFlag,HitAndRunFlag,IntersectionNumber,AStreetName,BStreetName,Latitude,Longitude
10797,694123,CR-0000098134,1,0,0,0,23-129-0410,False,False,0,5/9/2023 12:00:00 PM,No Pedestrians Involved,Dry,No Unusual Conditions,Daylight,Violation Driver 1,Controls Functioning,Clear,Head On,Intersection,Other Vehicle,Not Applicable,Not Applicable,At,,False,False,76141,JACKSON AV,RINEHART DR,37.3669364,-121.8518002
10798,711736,CR-0000100875,0,0,0,0,23-197-4006,False,True,,7/16/2023 7:22:00 PM,No Pedestrians Involved,Unknown,Unknown,Unknown,Unknown,Unknown,Unknown,Sideswipe,Related,Other Vehicle,Not Applicable,Not Applicable,Unknown,,False,False,76141,JACKSON AV,RINEHART DR,37.3669364,-121.8518002
10799,681515,CR-0000090909,0,1,0,0,22-037-0505,True,False,212,2/6/2022 2:49:00 PM,No Pedestrians Involved,Dry,No Unusual Conditions,Daylight,Violation Driver 1,Controls Functioning,Clear,Head On,Non-Related,Fixed Object,Not Applicable,Not Applicable,West Of,LIGHT POLE,False,False,144118,ENDICOTT BL,HAYES AV,37.25579984,-121.8041343
10800,716122,CR-0000102131,1,0,0,0,24-024-0104,True,False,422,1/24/2024 4:55:00 AM,No Pedestrians Involved,Wet,No Unusual Conditions,Dark - Street Light,Violation Driver 1,No Controls Present/Factor,Rain,Hit Object,Non-Related,Fixed Object,Not Applicable,Not Applicable,South Of,LIGHTPOLE #18R248,True,False,144118,ENDICOTT BL,HAYES AV,37.25579984,-121.8041343
10801,682373,CR-0000091936,0,0,0,0,22-103-9705,False,True,0,4/12/2022 4:00:00 PM,No Pedestrians Involved,Dry,No Unusual Conditions,Daylight,Unknown,Controls Functioning,Clear,Sideswipe,Intersection,Other Vehicle,Not Applicable,Not Applicable,At,,False,False,14145,BASCOM AV,UNION AV,37.27466685,-121.9338315
10802,690339,CR-0000096433,0,0,0,0,22-141-4002,False,True,0,5/21/2022 3:00:00 PM,No Pedestrians Involved,Unknown,Unknown,Unknown,Unknown,Unknown,Unknown,Rear End,Intersection,Other Vehicle,Not Applicable,Not Applicable,At,,False,True,14145,BASCOM AV,UNION AV,37.27466685,-121.9338315
10803,689394,CR-0000095384,1,0,0,0,22-317-0739,False,False,27,11/13/2022 9:48:00 PM,No Pedestrians Involved,Dry,No Unusual Conditions,Dark - Street Light,Violation Driver 1,Controls Functioning,Clear,Rear End,Related,Other Vehicle,Not Applicable,Not Applicable,South Of,,True,False,14145,BASCOM AV,UNION AV,37.27466685,-121.9338315
10804,699248,CR-0000100570,0,0,0,0,23-158-9711,False,True,0,6/6/2023 5:40:00 PM,No Pedestrians Involved,Dry,No Unusual Conditions,Daylight,Unknown,Controls Functioning,Clear,Rear End,Intersection,Other Vehicle,Not Applicable,Not Applicable,At,,False,False,14145,BASCOM AV,UNION AV,37.27466685,-121.9338315
10805,694485,CR-0000098479,3,0,0,0,23-177-0196,False,False,0,6/26/2023 7:45:00 AM,No Pedestrians Involved,Dry,No Unusual Conditions,Daylight,Violation Driver 1,Controls Functioning,Clear,Broadside,Intersection,Other Vehicle,Not Applicable,Not Applicable,At,,False,False,14145,BASCOM AV,UNION AV,37.27466685,-121.9338315
10806,689378,CR-0000095372,0,0,1,0,22-310-0644,False,False,75,11/6/2022 6:01:00 PM,No Pedestrians Involved,Dry,No Unusual Conditions,Dark - Street Light,Violation Driver 1,Controls Functioning,Clear,Sideswipe,Non-Related,Motorcycle,Not Applicable,Not Applicable,South Of,,False,True,47640,CURTNER AV,UNION AV,37.27255134,-121.932917
10807,682996,CR-0000092550,0,0,0,0,22-165-0477,False,False,60,6/14/2022 1:00:00 PM,No Pedestrians Involved,Dry,No Unusual Conditions,Daylight,Violation Driver 1,No Controls Present/Factor,Clear,Broadside,Non-Related,Other Vehicle,Not Applicable,Not Applicable,East Of,,False,True,47640,CURTNER AV,UNION AV,37.27255134,-121.932917
10808,681206,CR-0000090591,0,0,0,0,22-003-0471,False,False,236,1/3/2022 11:45:00 AM,No Pedestrians Involved,Dry,No Unusual Conditions,Daylight,Violation Driver 1,Controls Functioning,Clear,Rear End,Non-Related,Other Vehicle,Not Applicable,Not Applicable,West Of,,True,False,47640,CURTNER AV,UNION AV,37.27255134,-121.932917
10809,699283,CR-0000100607,0,0,0,0,23-153-4007,False,True,51,6/1/2023 3:34:00 PM,No Pedestrians Involved,Unknown,Unknown,Unknown,Unknown,Unknown,Unknown,Rear End,Non-Related,Unknown,Not Applicable,Not Applicable,Unknown,,False,False,47640,CURTNER AV,UNION AV,37.27255134,-121.932917
10810,699153,CR-0000100470,0,0,0,0,23-152-0611,False,False,60,6/1/2023 3:40:00 PM,No Pedestrians Involved,Dry,No Unusual Conditions,Daylight,Unknown,Controls Functioning,Clear,Rear End,Non-Related,Motorcycle,Not Applicable,Not Applicable,East Of,,False,True,47640,CURTNER AV,UNION AV,37.27255134,-121.932917
10811,690273,CR-0000096365,0,0,0,0,22-245-9702,False,True,51,9/1/2022 9:00:00 PM,No Pedestrians Involved,Dry,No Unusual Conditions,Dusk - Dawn,Unknown,Controls Functioning,Clear,Other,Non-Related,Other Vehicle,Not Applicable,Not Applicable,South Of,,False,False,47640,CURTNER AV,UNION AV,37.27255134,-121.932917
10812,712208,CR-0000101641,0,0,0,0,23-265-0647,False,False,76,9/22/2023 4:34:00 PM,No Pedestrians Involved,Dry,No Unusual Conditions,Daylight,Violation Driver 1,Controls Functioning,Clear,Sideswipe,Non-Related,Other Vehicle,Not Applicable,Not Applicable,West Of,,True,False,47640,CURTNER AV,UNION AV,37.27255134,-121.932917
10813,711891,CR-0000101000,1,2,0,0,23-259-0779,True,False,0,9/16/2023 8:41:00 PM,No Pedestrians Involved,Dry,No Unusual Conditions,Dark - Street Light,Violation Driver 1,Controls Functioning,Clear,Head On,Intersection,Other Vehicle,Not Applicable,Not Applicable,At,TREE,False,False,47640,CURTNER AV,UNION AV,37.27255134,-121.932917
10814,691112,CR-0000097306,1,0,0,0,23-026-9701,False,False,51,1/11/2023 6:00:00 PM,Crossing In Crosswalk - Not At Intersection,Dry,No Unusual Conditions,Dark - Street Light,Unknown,Controls Functioning,Cloudy,Vehicle/Pedestrian,Non-Related,Pedestrian,East,West,North Of,,False,False,24970,BRETMOOR WY,RAINBOW DR,37.3011494,-122.0225545
10815,681314,CR-0000090701,1,0,0,0,22-012-0534,False,False,105,1/12/2022 3:17:00 PM,No Pedestrians Involved,Dry,No Unusual Conditions,Daylight,Violation Driver 1,Controls Functioning,Clear,Rear End,Non-Related,Other Vehicle,Not Applicable,Not Applicable,South Of,,False,False,12770,BANCROFT WY,MILLER AV,37.30365132,-122.0150488
10816,684864,CR-0000093528,1,0,0,0,22-194-0593,False,False,0,7/13/2022 4:05:00 PM,No Pedestrians Involved,Dry,No Unusual Conditions,Daylight,Violation Driver 1,Controls Functioning,Clear,Broadside,Intersection,Other Vehicle,Not Applicable,Not Applicable,At,,False,False,12770,BANCROFT WY,MILLER AV,37.30365132,-122.0150488
10817,699294,CR-0000100619,0,0,0,0,23-158-4003,False,True,0,6/7/2023 1:00:00 PM,No Pedestrians Involved,Unknown,Unknown,Unknown,Unknown,Unknown,Unknown,Broadside,Intersection,Unknown,Not Applicable,Not Applicable,At,,False,False,12770,BANCROFT WY,MILLER AV,37.30365132,-122.0150488
10818,684950,CR-0000093606,1,1,0,0,22-194-0655,False,False,0,7/13/2022 5:05:00 PM,No Pedestrians Involved,Dry,No Unusual Conditions,Daylight,Violation Driver 1,No Controls Present/Factor,Clear,Broadside,Intersection,Other Vehicle,Not Applicable,Not Applicable,At,,False,False,3299,ALDERBROOK LN,CENTURY DR,37.30566027,-122.0187403
10819,689863,CR-0000095889,1,0,0,0,22-335-0327,False,False,0,12/2/2022 8:29:00 AM,No Pedestrians Involved,Wet,No Unusual Conditions,Daylight,Violation Driver 1,Controls Functioning,Rain,Broadside,Intersection,Other Vehicle,Not Applicable,Not Applicable,At,,False,False,126257,UNION (N) AV,WEST VALLEY FR,37.25229251,-121.9312728
10820,690663,CR-0000096795,0,0,0,0,23-027-0864,False,False,0,1/27/2023 10:34:00 PM,No Pedestrians Involved,Dry,No Unusual Conditions,Dark - Street Light,Violation Driver 1,Controls Functioning,Clear,Rear End,Intersection,Parked Vehicle,Not Applicable,Not Applicable,At,,False,False,126257,UNION (N) AV,WEST VALLEY FR,37.25229251,-121.9312728
10821,689008,CR-0000094868,0,1,0,0,22-285-0536,False,False,295,10/12/2022 2:30:00 PM,Crossing - Not In Crosswalk,Dry,No Unusual Conditions,Daylight,Violation Driver 1,Controls Functioning,Clear,Vehicle/Pedestrian,Non-Related,Pedestrian,South,North,East Of,PED,True,False,91354,MILLBROOK DR,YANCY DR,37.31971325,-121.7882751
10822,685391,CR-0000094126,1,0,0,0,22-270-1021,True,False,46,9/27/2022 11:11:00 PM,No Pedestrians Involved,Dry,No Unusual Conditions,Dark - Street Light,Violation Driver 1,No Controls Present/Factor,Clear,Head On,Related,Fixed Object,Not Applicable,Not Applicable,North Of,CURB,True,False,6830,AMBUM AV/KUYKENDALL PL,RUBY AV,37.33103476,-121.7826193
10823,690729,CR-0000096866,1,1,0,0,23-039-0359,False,False,398,2/8/2023 11:54:00 AM,No Pedestrians Involved,Dry,No Unusual Conditions,Daylight,Violation Driver 1,No Controls Present/Factor,Clear,Sideswipe,Non-Related,Other Vehicle,Not Applicable,Not Applicable,North Of,,True,True,65449,GENEVIEVE LN,NEAL AV,37.31210017,-121.9425241
10824,695804,CR-0000098869,0,1,0,0,23-263-0235,False,False,0,9/20/2023 9:04:00 AM,Crossing In Crosswalk - At Intersection,Dry,No Unusual Conditions,Daylight,Violation Driver 1,Controls Functioning,Clear,Vehicle/Pedestrian,Intersection,Pedestrian,North,South,At,PED,False,False,96051,NOKOMIS DR,RIDGEBROOK WY,37.28231475,-121.8203028
10825,683546,CR-0000093143,0,0,0,0,22-208-1060,False,False,163,7/27/2022 11:31:00 PM,No Pedestrians Involved,Dry,No Unusual Conditions,Dark - Street Light,Violation Driver 1,No Controls Present/Factor,Clear,Head On,Non-Related,Other Vehicle,Not Applicable,Not Applicable,North Of,,False,True,96073,NOKOMIS DR,VALLEYBROOK CT,37.28244761,-121.8210674
10826,683494,CR-0000093093,0,0,0,0,22-183-4002,False,False,25,7/2/2022 12:40:00 PM,No Pedestrians Involved,Unknown,Unknown,Unknown,Unknown,Unknown,Unknown,Other,Related,Unknown,Not Applicable,Not Applicable,East Of,,False,True,96073,NOKOMIS DR,VALLEYBROOK CT,37.28244761,-121.8210674
10827,681685,CR-0000091082,0,0,0,0,22-059-0055,False,False,0,2/28/2022 12:34:00 AM,No Pedestrians Involved,Dry,No Unusual Conditions,Dark - Street Light,Violation Driver 1,No Controls Present/Factor,Clear,Rear End,Intersection,Other Vehicle,Not Applicable,Not Applicable,At,,False,True,87306,MANILA DR,MANILA WY,37.22653296,-121.7941656
10828,685380,CR-0000094107,0,0,0,0,22-270-0250,False,False,180,9/27/2022 7:43:00 AM,No Pedestrians Involved,Dry,No Unusual Conditions,Daylight,Violation Driver 1,No Controls Present/Factor,Clear,Head On,Non-Related,Parked Vehicle,Not Applicable,Not Applicable,West Of,,False,True,119822,ARAUJO ST,TOWNSEND PARK CI,37.38047713,-121.8821206
10829,683303,CR-0000092887,0,1,0,0,22-139-0078,False,False,22,5/19/2022 2:00:00 AM,No Pedestrians Involved,Dry,No Unusual Conditions,Dark - Street Light,Violation Driver 1,No Controls Present/Factor,Clear,Rear End,Related,Parked Vehicle,Not Applicable,Not Applicable,West Of,,False,False,123628,BELLEMEADE ST/CHESSINGTON DR,SIERRA RD,37.37209694,-121.8825962
10830,685247,CR-0000093924,0,0,0,1,22-286-0842,False,False,70,10/13/2022 7:26:00 PM,Crossing - Not In Crosswalk,Dry,No Unusual Conditions,Dark - Street Light,Unknown,No Controls Present/Factor,Clear,Vehicle/Pedestrian,Non-Related,Pedestrian,Unknown,Unknown,South Of,PED,False,False,121989,LUNDY AV,SAJAK AV,37.38503807,-121.8840317
10831,689400,CR-0000095385,1,0,0,0,22-334-0028,False,False,0,11/29/2022 1:30:00 AM,No Pedestrians Involved,Dry,No Unusual Conditions,Dark - Street Light,Violation Driver 1,No Controls Present/Factor,Clear,Vehicle/Bike,Intersection,Bike,Not Applicable,Not Applicable,At,BIKE,False,False,121989,LUNDY AV,SAJAK AV,37.38503807,-121.8840317
10832,716067,CR-0000102034,1,0,0,0,24-015-0758,False,False,0,1/15/2024 6:50:00 PM,No Pedestrians Involved,Dry,No Unusual Conditions,Dark - Street Light,Violation Driver 1,No Controls Present/Factor,Clear,Sideswipe,Intersection,Other Vehicle,Not Applicable,Not Applicable,At,,False,False,121989,LUNDY AV,SAJAK AV,37.38503807,-121.8840317
10833,682793,CR-0000092392,0,1,0,0,22-133-0642,False,False,0,5/13/2022 5:26:00 PM,No Pedestrians Involved,Dry,No Unusual Conditions,Daylight,Violation Driver 1,No Controls Present/Factor,Clear,Head On,Intersection,Other Vehicle,Not Applicable,Not Applicable,At,,False,False,115444,RONDA DR,UNION AV,37.24966651,-121.9312935
10834,688989,CR-0000094847,0,0,0,0,22-256-4001,False,True,51,9/12/2022 6:30:00 PM,No Pedestrians Involved,Unknown,Unknown,Unknown,Unknown,Unknown,Unknown,Sideswipe,Non-Related,Other Vehicle,Not Applicable,Not Applicable,West Of,,False,True,30557,CAMDEN AV,WILLESTER AV,37.26554064,-121.940216
10835,717486,CR-0000102519,1,0,0,0,24-087-0552,False,False,59,3/27/2024 2:35:00 PM,No Pedestrians Involved,Dry,No Unusual Conditions,Daylight,Violation Driver 1,Controls Functioning,Clear,Broadside,Non-Related,Other Vehicle,Not Applicable,Not Applicable,North Of,,False,False,126224,BASCOM AV,WEST VALLEY FR,37.25384129,-121.9518548
10836,688821,CR-0000094676,0,0,0,0,22-289-0850,False,False,0,10/16/2022 9:46:00 PM,No Pedestrians Involved,Dry,No Unusual Conditions,Dark - Street Light,Violation Driver 1,No Controls Present/Factor,Clear,Rear End,Intersection,Parked Vehicle,Not Applicable,Not Applicable,At,,False,True,15234,BAYWOOD AV,MAGLIOCCO DR,37.31252745,-121.9454177
10837,690345,CR-0000096439,0,0,0,0,22-143-4002,False,True,51,5/23/2022 2:10:00 PM,No Pedestrians Involved,Unknown,Unknown,Unknown,Unknown,Unknown,Unknown,Other,Non-Related,Other Vehicle,Not Applicable,Not Applicable,West Of,,False,True,15234,BAYWOOD AV,MAGLIOCCO DR,37.31252745,-121.9454177
10838,681449,CR-0000090839,1,0,0,0,22-028-0516,False,False,372,1/28/2022 2:45:00 PM,No Pedestrians Involved,Dry,No Unusual Conditions,Daylight,Violation Driver 1,No Controls Present/Factor,Clear,Head On,Non-Related,Other Vehicle,Not Applicable,Not Applicable,West Of,,False,False,22824,BOYNTON AV,MOORPARK AV,37.31594514,-121.9660061
10839,689333,CR-0000095305,2,0,0,0,22-318-0226,False,False,0,11/14/2022 8:25:00 AM,No Pedestrians Involved,Dry,No Unusual Conditions,Daylight,Violation Driver 1,Controls Functioning,Clear,Head On,Intersection,Other Vehicle,Not Applicable,Not Applicable,At,,False,False,22824,BOYNTON AV,MOORPARK AV,37.31594514,-121.9660061
10840,698926,CR-0000100228,1,0,0,0,23-312-0713,False,False,0,11/8/2023 6:32:00 PM,No Pedestrians Involved,Dry,No Unusual Conditions,Dark - Street Light,Violation Driver 1,Controls Functioning,Clear,Rear End,Intersection,Other Vehicle,Not Applicable,Not Applicable,At,,True,False,22824,BOYNTON AV,MOORPARK AV,37.31594514,-121.9660061
10841,690752,CR-0000096889,0,1,0,0,23-011-0485,False,False,0,1/11/2023 1:00:00 PM,No Pedestrians Involved,Wet,No Unusual Conditions,Daylight,Violation Driver 1,No Controls Present/Factor,Rain,Broadside,Intersection,Other Vehicle,Not Applicable,Not Applicable,At,,False,False,22824,BOYNTON AV,MOORPARK AV,37.31594514,-121.9660061
10842,690837,CR-0000096976,2,0,0,0,23-001-0504,False,False,0,1/1/2023 1:35:00 PM,No Pedestrians Involved,Dry,No Unusual Conditions,Daylight,Violation Driver 1,Controls Functioning,Clear,Broadside,Intersection,Motor Vehicle On Other Roadway,Not Applicable,Not Applicable,At,,False,False,22824,BOYNTON AV,MOORPARK AV,37.31594514,-121.9660061
10843,716368,CR-0000102380,0,1,0,0,24-045-0246,False,False,0,2/14/2024 9:43:00 AM,Crossing - Not In Crosswalk,Dry,No Unusual Conditions,Daylight,Violation Driver 1,No Controls Present/Factor,Clear,Vehicle/Pedestrian,Intersection,Pedestrian,East,West,At,PED,False,True,22824,BOYNTON AV,MOORPARK AV,37.31594514,-121.9660061
10844,687513,CR-0000094302,0,0,0,0,22-268-0002,False,False,710,9/25/2022 12:06:00 AM,No Pedestrians Involved,Dry,No Unusual Conditions,Dark - Street Light,Violation Driver 1,No Controls Present/Factor,Clear,Sideswipe,Non-Related,Parked Vehicle,Not Applicable,Not Applicable,South Of,,True,True,18974,BLACKFORD AV,BOYNTON AV,37.31439263,-121.9659981
10845,685037,CR-0000093675,0,0,0,0,22-207-0524,False,False,0,7/26/2022 10:30:00 AM,No Pedestrians Involved,Dry,No Unusual Conditions,Daylight,Violation Driver 1,Controls Functioning,Clear,Sideswipe,Intersection,Other Vehicle,Not Applicable,Not Applicable,At,,False,True,19084,BLACKFORD AV,SARATOGA AV,37.31431697,-121.9767949
10846,698839,CR-0000100122,1,0,0,0,23-360-0232,False,False,0,12/26/2023 10:55:00 AM,No Pedestrians Involved,Dry,No Unusual Conditions,Daylight,Violation Driver 1,Controls Functioning,Clear,Head On,Intersection,Other Vehicle,Not Applicable,Not Applicable,At,,False,False,19084,BLACKFORD AV,SARATOGA AV,37.31431697,-121.9767949
10847,699061,CR-0000100367,4,0,0,0,23-358-0528,False,False,228,12/24/2023 5:37:00 PM,No Pedestrians Involved,Dry,No Unusual Conditions,Dark - Street Light,Violation Driver 1,No Controls Present/Factor,Clear,Rear End,Non-Related,Other Vehicle,Not Applicable,Not Applicable,South Of,,True,True,19084,BLACKFORD AV,SARATOGA AV,37.31431697,-121.9767949
10848,712232,CR-0000101675,0,0,0,0,23-328-0184,False,False,0,11/24/2023 8:25:00 AM,No Pedestrians Involved,Dry,No Unusual Conditions,Daylight,Violation Driver 1,Controls Functioning,Clear,Head On,Intersection,Other Vehicle,Not Applicable,Not Applicable,At,,False,True,19084,BLACKFORD AV,SARATOGA AV,37.31431697,-121.9767949
10849,712136,CR-0000101521,0,0,0,0,23-268-4002,False,True,,9/24/2023 12:00:00 PM,No Pedestrians Involved,Unknown,Unknown,Unknown,Unknown,Unknown,Unknown,Rear End,Related,Other Vehicle,Not Applicable,Not Applicable,Unknown,,False,False,19084,BLACKFORD AV,SARATOGA AV,37.31431697,-121.9767949
10850,683216,CR-0000092805,0,0,0,0,22-135-4003,False,True,51,5/13/2022 4:30:00 AM,No Pedestrians Involved,Unknown,Unknown,Unknown,Unknown,Unknown,Unknown,Sideswipe,Non-Related,Other Vehicle,Not Applicable,Not Applicable,South Of,,False,False,107590,SARATOGA AV,TANBARK ST,37.31361635,-121.9770442
10851,688798,CR-0000094644,0,0,0,0,22-303-4004,False,True,51,10/30/2022 7:39:00 PM,No Pedestrians Involved,Unknown,Unknown,Unknown,Unknown,Unknown,Unknown,Sideswipe,Non-Related,Other Vehicle,Not Applicable,Not Applicable,West Of,,False,True,69772,HAMILTON AV,PARKVIEW AV,37.29362692,-121.9825294
10852,711604,CR-0000101185,0,1,0,1,24-067-0846,False,False,300,3/7/2024 6:43:00 PM,No Pedestrians Involved,Dry,No Unusual Conditions,Dark - Street Light,Bike At Fault,No Controls Present/Factor,Clear,Vehicle/Bike,Non-Related,Bike,Not Applicable,Not Applicable,East Of,BIKE/MC,False,False,69772,HAMILTON AV,PARKVIEW AV,37.29362692,-121.9825294
10853,688827,CR-0000094682,0,0,0,0,22-290-1043,False,False,70,10/17/2022 11:49:00 PM,No Pedestrians Involved,Dry,No Unusual Conditions,Dark - Street Light,Violation Driver 1,No Controls Present/Factor,Clear,Head On,Non-Related,Parked Vehicle,Not Applicable,Not Applicable,North Of,,False,True,48674,DARRYL DR,LADYWOOD CT,37.30043414,-121.9655605
10854,682922,CR-0000092492,0,1,0,0,22-172-0960,False,False,95,6/21/2022 9:42:00 PM,No Pedestrians Involved,Dry,No Unusual Conditions,Dark - Street Light,Violation Driver 1,No Controls Present/Factor,Clear,Rear End,Non-Related,Other Vehicle,Not Applicable,Not Applicable,South Of,,False,True,72478,HIAWATHA DR,PALISADE DR,37.28151968,-121.8149993
10855,692583,CR-0000097875,0,0,0,0,23-057-9701,False,True,0,2/26/2023 7:20:00 AM,No Pedestrians Involved,Dry,No Unusual Conditions,Daylight,Unknown,No Controls Present/Factor,Cloudy,Sideswipe,Intersection,Other Vehicle,Not Applicable,Not Applicable,At,,False,False,72478,HIAWATHA DR,PALISADE DR,37.28151968,-121.8149993
10856,722064,CR-0000103318,0,0,0,0,24-062-0901,True,False,200,3/2/2024 11:45:00 PM,No Pedestrians Involved,Wet,No Unusual Conditions,Dark - Street Light,Violation Driver 1,No Controls Present/Factor,Rain,Hit Object,Non-Related,Fixed Object,Not Applicable,Not Applicable,South Of,TREE,False,False,72478,HIAWATHA DR,PALISADE DR,37.28151968,-121.8149993
10857,689589,CR-0000095566,0,1,0,0,22-317-0567,False,False,0,11/13/2022 5:38:00 PM,No Pedestrians Involved,Dry,No Unusual Conditions,Dark - No Street Light,Violation Driver 1,No Controls Present/Factor,Clear,Head On,Intersection,Motorcycle,Not Applicable,Not Applicable,At,,True,False,79045,KETTMANN RD,WOODSIDE LN,37.31209718,-121.7958731
10858,682357,CR-0000091920,0,0,0,0,22-107-4000,False,True,51,4/16/2022 9:00:00 PM,No Pedestrians Involved,Unknown,Unknown,Unknown,Violation Driver 1,Unknown,Unknown,Other,Non-Related,Other Vehicle,Not Applicable,Not Applicable,West Of,,False,True,56011,ELKINS WY,KETTMANN RD,37.30941483,-121.7952642
10859,690902,CR-0000097057,1,0,0,0,23-045-0222,False,False,0,2/14/2023 9:15:00 AM,No Pedestrians Involved,Dry,No Unusual Conditions,Daylight,Violation Driver 1,No Controls Present/Factor,Clear,Rear End,Intersection,Other Vehicle,Not Applicable,Not Applicable,At,,True,True,89320,MCCREERY AV,POCO WY,37.34236264,-121.8409101
10860,694648,CR-0000098681,1,0,0,0,23-211-0535,False,False,0,7/30/2023 2:54:00 PM,No Pedestrians Involved,Dry,No Unusual Conditions,Daylight,Violation Driver 1,No Controls Present/Factor,Clear,Broadside,Intersection,Other Vehicle,Not Applicable,Not Applicable,At,,True,True,35199,CATHAY DR,MANDARIN WY,37.3419575,-121.8370417
10861,680496,CR-0000089738,1,0,0,1,22-043-1060,True,False,88,2/12/2022 11:48:00 PM,No Pedestrians Involved,Dry,No Unusual Conditions,Dark - Street Light,Violation Driver 1,Controls Functioning,Clear,Hit Object,Non-Related,Fixed Object,Not Applicable,Not Applicable,South Of,Tree,False,False,34913,CASTLETON DR,WHITE RD,37.32194261,-121.7960288
10862,681793,CR-0000091193,2,0,0,0,22-076-0436,False,False,0,3/17/2022 12:30:00 PM,No Pedestrians Involved,Dry,No Unusual Conditions,Daylight,Violation Driver 1,Controls Functioning,Clear,Broadside,Intersection,Other Vehicle,Not Applicable,Not Applicable,At,,True,False,64272,GALAHAD AV,STORY RD,37.3494509,-121.8290149
10863,681766,CR-0000091166,0,0,0,0,22-058-0659,False,False,152,2/27/2022 5:14:00 PM,No Pedestrians Involved,Dry,No Unusual Conditions,Daylight,Unknown,No Controls Present/Factor,Clear,Sideswipe,Non-Related,Other Vehicle,Not Applicable,Not Applicable,West Of,,False,False,64272,GALAHAD AV,STORY RD,37.3494509,-121.8290149
10864,682425,CR-0000091988,0,0,0,0,22-116-0412,False,False,60,4/26/2022 1:57:00 PM,No Pedestrians Involved,Dry,No Unusual Conditions,Daylight,Violation Driver 1,No Controls Present/Factor,Clear,Sideswipe,Non-Related,Other Vehicle,Not Applicable,Not Applicable,West Of,,False,True,64272,GALAHAD AV,STORY RD,37.3494509,-121.8290149
10865,682807,CR-0000092397,0,0,0,0,22-135-9704,False,True,0,5/13/2022 12:00:00 PM,No Pedestrians Involved,Dry,No Unusual Conditions,Daylight,Unknown,Controls Functioning,Clear,Sideswipe,Intersection,Other Vehicle,Not Applicable,Not Applicable,At,,False,True,64272,GALAHAD AV,STORY RD,37.3494509,-121.8290149
10866,685410,CR-0000094145,1,0,0,0,22-261-0565,False,False,0,9/18/2022 3:45:00 PM,No Pedestrians Involved,Wet,No Unusual Conditions,Daylight,Violation Driver 1,Controls Functioning,Rain,Head On,Intersection,Other Vehicle,Not Applicable,Not Applicable,At,,False,True,64272,GALAHAD AV,STORY RD,37.3494509,-121.8290149
10867,683428,CR-0000093024,1,0,0,0,22-160-0122,False,False,0,6/9/2022 8:19:00 AM,No Pedestrians Involved,Dry,Unknown,Daylight,Violation Driver 1,Controls Functioning,Clear,Broadside,Intersection,Other Vehicle,Not Applicable,Not Applicable,At,,False,False,64272,GALAHAD AV,STORY RD,37.3494509,-121.8290149
10868,684956,CR-0000093655,0,0,0,0,22-224-0438,False,False,52,8/12/2022 1:12:00 PM,No Pedestrians Involved,Dry,No Unusual Conditions,Daylight,Violation Driver 1,Controls Functioning,Clear,Rear End,Non-Related,Other Vehicle,Not Applicable,Not Applicable,East Of,,True,False,64272,GALAHAD AV,STORY RD,37.3494509,-121.8290149
10869,699079,CR-0000100385,0,0,0,1,24-041-0287,False,False,0,2/10/2024 12:13:00 PM,Crossing In Crosswalk - At Intersection,Dry,No Unusual Conditions,Daylight,Violation Driver 1,Controls Functioning,Clear,Vehicle/Pedestrian,Intersection,Pedestrian,South,North,At,PED,True,False,64272,GALAHAD AV,STORY RD,37.3494509,-121.8290149
10870,722138,CR-0000103403,0,0,0,0,24-074-4006,False,True,0,3/12/2024 3:45:00 PM,No Pedestrians Involved,Unknown,Unknown,Unknown,Unknown,Unknown,Unknown,Broadside,Intersection,Other Vehicle,Not Applicable,Not Applicable,At,,False,False,64272,GALAHAD AV,STORY RD,37.3494509,-121.8290149
10871,720829,CR-0000103032,1,0,0,0,24-034-0018,True,False,0,2/3/2024 12:18:00 AM,No Pedestrians Involved,Wet,No Unusual Conditions,Dark - Street Light,Violation Driver 1,Controls Functioning,Clear,Sideswipe,Intersection,Other Vehicle,Not Applicable,Not Applicable,At,TRAFFIC SIGNAL,False,True,64272,GALAHAD AV,STORY RD,37.3494509,-121.8290149
10872,722247,CR-0000103514,0,0,0,0,24-084-0113,True,False,255,3/24/2024 2:15:00 AM,No Pedestrians Involved,Wet,No Unusual Conditions,Dark - Street Light,Violation Driver 1,Controls Functioning,Rain,Hit Object,Non-Related,Fixed Object,Not Applicable,Not Applicable,East Of,,True,True,64272,GALAHAD AV,STORY RD,37.3494509,-121.8290149