_id,CrashFactId,Name,MinorInjuries,ModerateInjuries,SevereInjuries,FatalInjuries,TcrNumber,CityDamageFlag,ShortFormFlag,Distance,CrashDateTime,PedestrianAction,RoadwaySurface,RoadwayCondition,Lighting,PrimaryCollisionFactor,TrafficControl,Weather,CollisionType,ProximityToIntersection,VehicleInvolvedWith,PedestrianDirectionFrom,PedestrianDirectionTo,DirectionFromIntersection,Comment,SpeedingFlag,HitAndRunFlag,IntersectionNumber,AStreetName,BStreetName,Latitude,Longitude
10873,694251,CR-0000097945,0,0,0,0,22-116-9704,False,True,,3/9/2022 10:00:00 PM,No Pedestrians Involved,Dry,No Unusual Conditions,Dark - Street Light,Unknown,Controls Functioning,Other,Rear End,Related,Other Vehicle,Not Applicable,Not Applicable,Unknown,,False,False,78330,KARL ST,STORY RD,37.34550039,-121.8348367
10874,681754,CR-0000091154,0,0,0,0,22-053-0375,False,False,228,2/22/2022 12:24:00 PM,No Pedestrians Involved,Dry,No Unusual Conditions,Daylight,Violation Driver 1,No Controls Present/Factor,Clear,Sideswipe,Non-Related,Other Vehicle,Not Applicable,Not Applicable,West Of,,False,True,78330,KARL ST,STORY RD,37.34550039,-121.8348367
10875,698883,CR-0000100179,1,0,0,0,23-306-1009,False,False,0,11/2/2023 11:47:00 PM,No Pedestrians Involved,Dry,No Unusual Conditions,Dark - Street Light,Violation Driver 1,No Controls Present/Factor,Clear,Vehicle/Bike,Intersection,Scooter Motorized,Not Applicable,Not Applicable,At,E. SCOOTER,False,False,78330,KARL ST,STORY RD,37.34550039,-121.8348367
10876,689204,CR-0000095127,0,0,1,0,22-303-0877,False,False,21,10/30/2022 9:55:00 PM,No Pedestrians Involved,Dry,No Unusual Conditions,Dark - Street Light,Violation Driver 1,Controls Functioning,Clear,Vehicle/Bike,Related,Bike,Not Applicable,Not Applicable,East Of,BIKE/2 CARS AT FAULT,True,True,2001,ADRIAN WY,STORY RD,37.34602863,-121.834061
10877,698892,CR-0000100190,1,0,0,0,23-308-0874,False,False,25,11/4/2023 10:49:00 PM,No Pedestrians Involved,Dry,No Unusual Conditions,Dark - Street Light,Violation Driver 1,Controls Functioning,Clear,Broadside,Related,Other Vehicle,Not Applicable,Not Applicable,East Of,,False,True,2001,ADRIAN WY,STORY RD,37.34602863,-121.834061
10878,698830,CR-0000100113,2,0,0,0,23-364-0599,False,False,95,12/30/2023 6:34:00 PM,No Pedestrians Involved,Dry,No Unusual Conditions,Dark - Street Light,Violation Driver 1,No Controls Present/Factor,Cloudy,Rear End,Non-Related,Other Vehicle,Not Applicable,Not Applicable,West Of,,False,False,2001,ADRIAN WY,STORY RD,37.34602863,-121.834061
10879,716366,CR-0000102349,2,0,0,0,24-051-0823,True,False,29,2/20/2024 8:18:00 PM,No Pedestrians Involved,Wet,No Unusual Conditions,Dark - Street Light,Violation Driver 1,Controls Functioning,Clear,Rear End,Related,Other Vehicle,Not Applicable,Not Applicable,East Of,TREE,False,False,2001,ADRIAN WY,STORY RD,37.34602863,-121.834061
10880,717409,CR-0000102422,0,0,0,0,23-358-0759,True,False,23,12/24/2023 10:30:00 PM,No Pedestrians Involved,Dry,No Unusual Conditions,Dark - Street Light,Violation Driver 1,No Controls Present/Factor,Clear,Hit Object,Related,Fixed Object,Not Applicable,Not Applicable,South Of,SIGN,True,False,2001,ADRIAN WY,STORY RD,37.34602863,-121.834061
10881,711872,CR-0000101146,0,0,0,0,23-287-9707,False,True,0,10/13/2023 6:57:00 AM,No Pedestrians Involved,Unknown,No Unusual Conditions,Dark - Street Light,Unknown,No Controls Present/Factor,Clear,Rear End,Intersection,Other Vehicle,Not Applicable,Not Applicable,At,,False,False,2001,ADRIAN WY,STORY RD,37.34602863,-121.834061
10882,699459,CR-0000100783,0,0,0,0,23-195-0037,False,False,153,7/14/2023 12:40:00 AM,No Pedestrians Involved,Dry,No Unusual Conditions,Dark - Street Light,Violation Driver 1,No Controls Present/Factor,Clear,Sideswipe,Non-Related,Parked Vehicle,Not Applicable,Not Applicable,East Of,,False,True,2001,ADRIAN WY,STORY RD,37.34602863,-121.834061
10883,698734,CR-0000099984,1,0,0,0,23-270-1025,False,False,44,9/24/2023 11:58:00 PM,No Pedestrians Involved,Dry,No Unusual Conditions,Dark - Street Light,Violation Driver 1,No Controls Present/Factor,Clear,Rear End,Related,Parked Vehicle,Not Applicable,Not Applicable,East Of,,False,False,51479,DOMINICK WY,GERARD WY,37.36322402,-121.8132432
10884,685408,CR-0000094143,0,0,0,0,22-266-0878,False,False,147,9/18/2022 6:30:00 AM,No Pedestrians Involved,Dry,Loose Material On Roadway,Dark - Street Light,Violation Driver 1,Controls Functioning,Clear,Sideswipe,Non-Related,Parked Vehicle,Not Applicable,Not Applicable,South Of,,True,True,40105,CLAYTON RD,RAMSTAD DR,37.36058582,-121.8118159
10885,692427,CR-0000097710,1,0,0,0,23-082-0182,False,False,81,3/23/2023 8:17:00 AM,No Pedestrians Involved,Dry,No Unusual Conditions,Daylight,Violation Driver 1,Controls Functioning,Cloudy,Rear End,Non-Related,Parked Vehicle,Not Applicable,Not Applicable,South Of,,True,False,40105,CLAYTON RD,RAMSTAD DR,37.36058582,-121.8118159
10886,690021,CR-0000096068,0,1,0,0,22-274-1162,False,False,368,10/1/2022 11:40:00 PM,No Pedestrians Involved,Dry,No Unusual Conditions,Dark - Street Light,Violation Driver 1,Controls Functioning,Clear,Sideswipe,Non-Related,Parked Vehicle,Not Applicable,Not Applicable,East Of,,False,False,93807,MT BLANC WY,ROCKY MOUNTAIN DR,37.34848696,-121.8073782
10887,689175,CR-0000095024,0,0,0,0,22-297-0783,False,False,52,10/24/2022 7:00:00 PM,No Pedestrians Involved,Dry,No Unusual Conditions,Dark - Street Light,Violation Driver 1,No Controls Present/Factor,Clear,Other,Non-Related,Parked Vehicle,Not Applicable,Not Applicable,East Of,,False,True,16940,BERKSFORD WY,HURLINGHAM WY,37.3486171,-121.8149852
10888,722369,CR-0000103663,0,0,0,0,24-092-9704,False,True,51,4/1/2024 2:30:00 AM,No Pedestrians Involved,Dry,No Unusual Conditions,Dark - Street Light,Unknown,Controls Functioning,Clear,Broadside,Non-Related,Parked Vehicle,Not Applicable,Not Applicable,East Of,,False,False,16940,BERKSFORD WY,HURLINGHAM WY,37.3486171,-121.8149852
10889,711655,CR-0000101144,0,0,0,0,23-305-4005,False,True,,10/31/2023 9:00:00 PM,No Pedestrians Involved,Unknown,Unknown,Unknown,Unknown,Unknown,Unknown,Other,Related,Parked Vehicle,Not Applicable,Not Applicable,East Of,,False,False,122352,GLEN DUNDEE WY,GLEN HANLEIGH DR,37.33255118,-121.8095206
10890,716281,CR-0000102235,1,2,0,0,24-055-0235,False,False,0,2/24/2024 7:23:00 AM,No Pedestrians Involved,Dry,No Unusual Conditions,Daylight,Violation Driver 1,No Controls Present/Factor,Clear,Sideswipe,Intersection,Other Vehicle,Not Applicable,Not Applicable,At,,True,False,48641,DARRYL CT,DARRYL DR,37.29839409,-121.9640135
10891,689153,CR-0000095021,2,0,0,0,22-196-7045,False,False,132,10/23/2022 6:54:00 PM,No Pedestrians Involved,Dry,No Unusual Conditions,Dark - Street Light,Violation Driver 1,Controls Functioning,Clear,Head On,Non-Related,Other Vehicle,Not Applicable,Not Applicable,North Of,,True,False,112430,TULLY RD,WHITE RD,37.33554673,-121.8006177
10892,688886,CR-0000094746,1,0,0,0,22-282-0369,False,False,,10/3/2022 3:00:00 PM,No Pedestrians Involved,Dry,No Unusual Conditions,Daylight,Violation Driver 1,Controls Functioning,Other,Rear End,Related,Other Vehicle,Not Applicable,Not Applicable,North Of,,True,True,112430,TULLY RD,WHITE RD,37.33554673,-121.8006177
10893,683525,CR-0000093123,0,0,0,0,22-203-0957,False,False,32,7/22/2022 10:22:00 PM,No Pedestrians Involved,Dry,No Unusual Conditions,Dark - Street Light,Violation Driver 1,Controls Functioning,Clear,Rear End,Related,Other Vehicle,Not Applicable,Not Applicable,North Of,,True,True,112430,TULLY RD,WHITE RD,37.33554673,-121.8006177
10894,681260,CR-0000090646,1,0,0,0,22-007-0470,False,False,120,1/7/2022 3:19:00 PM,No Pedestrians Involved,Dry,No Unusual Conditions,Daylight,Violation Driver 1,Controls Functioning,Cloudy,Rear End,Non-Related,Other Vehicle,Not Applicable,Not Applicable,West Of,,True,False,112430,TULLY RD,WHITE RD,37.33554673,-121.8006177
10895,689187,CR-0000095052,0,0,0,1,22-060-0143,True,False,670,3/1/2022 6:10:00 AM,No Pedestrians Involved,Dry,No Unusual Conditions,Dark - Street Light,Violation Driver 1,Controls Functioning,Clear,Hit Object,Non-Related,Fixed Object,Not Applicable,Not Applicable,North Of,TREE,True,False,112430,TULLY RD,WHITE RD,37.33554673,-121.8006177
10896,683380,CR-0000092973,1,0,0,0,22-073-0363,False,False,37,3/14/2022 11:46:00 AM,No Pedestrians Involved,Dry,No Unusual Conditions,Daylight,Violation Driver 1,Controls Functioning,Clear,Rear End,Related,Motor Vehicle On Other Roadway,Not Applicable,Not Applicable,West Of,,True,True,112430,TULLY RD,WHITE RD,37.33554673,-121.8006177
10897,682259,CR-0000091820,2,0,0,0,22-122-0356,False,False,0,5/5/2022 3:48:00 PM,No Pedestrians Involved,Dry,No Unusual Conditions,Daylight,Violation Driver 1,Controls Functioning,Clear,Broadside,Intersection,Other Vehicle,Not Applicable,Not Applicable,At,,False,False,112430,TULLY RD,WHITE RD,37.33554673,-121.8006177
10898,682606,CR-0000092173,0,0,0,0,22-123-0550,True,False,0,5/3/2022 2:50:00 PM,No Pedestrians Involved,Dry,No Unusual Conditions,Daylight,Violation Driver 1,No Controls Present/Factor,Clear,Rear End,Intersection,Other Vehicle,Not Applicable,Not Applicable,At,Fire Department Vehicle,True,False,112430,TULLY RD,WHITE RD,37.33554673,-121.8006177
10899,691395,CR-0000097644,2,0,0,0,23-064-0370,False,False,25,3/5/2023 12:09:00 PM,No Pedestrians Involved,Wet,No Unusual Conditions,Daylight,Violation Driver 1,Controls Functioning,Clear,Broadside,Related,Other Vehicle,Not Applicable,Not Applicable,West Of,,True,False,112430,TULLY RD,WHITE RD,37.33554673,-121.8006177
10900,695852,CR-0000098917,0,0,0,0,23-106-0622,False,False,0,4/16/2023 6:00:00 PM,No Pedestrians Involved,Dry,No Unusual Conditions,Daylight,Violation Driver 1,Controls Functioning,Clear,Sideswipe,Intersection,Other Vehicle,Not Applicable,Not Applicable,At,,False,True,112430,TULLY RD,WHITE RD,37.33554673,-121.8006177
10901,695925,CR-0000099054,0,0,0,0,23-240-4000,False,True,0,8/27/2023 10:15:00 PM,No Pedestrians Involved,Unknown,Unknown,Unknown,Unknown,Unknown,Unknown,Rear End,Intersection,Other Vehicle,Unknown,Unknown,At,,False,False,112430,TULLY RD,WHITE RD,37.33554673,-121.8006177
10902,719827,CR-0000103000,0,0,0,0,24-037-9708,False,True,,2/6/2024 1:30:00 PM,No Pedestrians Involved,Dry,No Unusual Conditions,Daylight,Unknown,Controls Functioning,Cloudy,Sideswipe,Related,Other Vehicle,Not Applicable,Not Applicable,Unknown,,False,False,112430,TULLY RD,WHITE RD,37.33554673,-121.8006177
10903,716012,CR-0000101951,0,0,0,1,24-039-0253,False,False,0,2/8/2024 9:40:00 AM,Crossing - Not In Crosswalk,Dry,No Unusual Conditions,Daylight,Pedestrian At Fault,Controls Functioning,Clear,Vehicle/Pedestrian,Intersection,Pedestrian,East,West,At,PED,False,False,112430,TULLY RD,WHITE RD,37.33554673,-121.8006177
10904,690426,CR-0000096524,0,0,0,0,22-341-0855,True,False,336,12/7/2022 9:39:00 PM,No Pedestrians Involved,Dry,No Unusual Conditions,Dark - Street Light,Unknown,Controls Functioning,Clear,Hit Object,Non-Related,Fixed Object,Not Applicable,Not Applicable,East Of,tree,False,True,114223,GLEN ANGUS WY,TULLY RD,37.33383436,-121.80373
10905,716266,CR-0000102246,1,1,0,0,24-054-0171,True,False,237,2/23/2024 3:27:00 PM,No Pedestrians Involved,Dry,No Unusual Conditions,Daylight,Violation Driver 1,Controls Functioning,Clear,Hit Object,Non-Related,Fixed Object,Not Applicable,Not Applicable,East Of,TREE,True,False,114223,GLEN ANGUS WY,TULLY RD,37.33383436,-121.80373
10906,682775,CR-0000092354,1,0,0,0,22-140-0725,False,False,21,5/20/2022 5:14:00 PM,No Pedestrians Involved,Dry,No Unusual Conditions,Daylight,Violation Driver 1,Controls Functioning,Clear,Hit Object,Related,Fixed Object,Not Applicable,Not Applicable,West Of,LIGHT POLE,True,False,65086,GAVILAN DR/MISSION GREENS DR,QUIMBY RD,37.3253238,-121.8020541
10907,689649,CR-0000095631,1,0,0,0,22-315-0191,False,False,0,11/11/2022 8:21:00 AM,No Pedestrians Involved,Dry,No Unusual Conditions,Daylight,Bike At Fault,Unknown,Clear,Vehicle/Bike,Intersection,Bike,Not Applicable,Not Applicable,At,BIKE,False,False,65086,GAVILAN DR/MISSION GREENS DR,QUIMBY RD,37.3253238,-121.8020541
10908,696107,CR-0000099246,1,0,0,0,23-238-0845,False,False,32,8/26/2023 8:58:00 PM,No Pedestrians Involved,Dry,No Unusual Conditions,Dark - Street Light,Violation Driver 1,No Controls Present/Factor,Clear,Broadside,Related,Parked Vehicle,Not Applicable,Not Applicable,West Of,,False,False,64448,GARBER PL,STORY RD,37.35829487,-121.815973
10909,689344,CR-0000095303,0,1,0,0,22-310-0632,False,False,0,11/6/2022 5:30:00 PM,No Pedestrians Involved,Dry,No Unusual Conditions,Dark - Street Light,Violation Driver 1,No Controls Present/Factor,Clear,Broadside,Intersection,Motor Vehicle On Other Roadway,Not Applicable,Not Applicable,At,,False,False,68860,GRIFFITH ST,STORY RD,37.35743743,-121.8172365
10910,683442,CR-0000093037,2,0,0,0,22-165-0727,False,False,0,6/14/2022 5:27:00 PM,No Pedestrians Involved,Dry,No Unusual Conditions,Daylight,Violation Driver 1,Unknown,Clear,Broadside,Intersection,Other Vehicle,Not Applicable,Not Applicable,At,,False,False,68860,GRIFFITH ST,STORY RD,37.35743743,-121.8172365
10911,682497,CR-0000092064,1,0,0,0,22-102-0382,False,False,136,4/12/2022 12:01:00 PM,Crossing - Not In Crosswalk,Dry,No Unusual Conditions,Daylight,Pedestrian At Fault,No Controls Present/Factor,Clear,Vehicle/Pedestrian,Non-Related,Pedestrian,South,North,West Of,PED,False,False,68860,GRIFFITH ST,STORY RD,37.35743743,-121.8172365
10912,690409,CR-0000096507,0,0,0,0,22-338-0868,False,False,30,12/4/2022 10:53:00 PM,No Pedestrians Involved,Wet,No Unusual Conditions,Dark - Street Light,Violation Driver 1,No Controls Present/Factor,Cloudy,Sideswipe,Related,Parked Vehicle,Not Applicable,Not Applicable,South Of,,False,True,36574,CHAPALA DR,RENO DR,37.33946162,-121.7900642
10913,695788,CR-0000098853,1,0,0,0,23-245-0794,True,False,300,9/2/2023 9:44:00 PM,No Pedestrians Involved,Dry,No Unusual Conditions,Daylight,Violation Driver 1,Controls Functioning,Clear,Rear End,Non-Related,Other Vehicle,Not Applicable,Not Applicable,South Of,TREE,False,False,114025,LAKE CUNNINGHAM,WHITE RD,37.33926193,-121.8038966
10914,688700,CR-0000094525,0,0,0,0,22-200-4004,False,True,51,7/19/2022 12:00:00 PM,No Pedestrians Involved,Unknown,Unknown,Daylight,Unknown,Unknown,Unknown,Rear End,Non-Related,Unknown,Not Applicable,Not Applicable,Unknown,,False,True,10724,AVALON DR,KRING DR,37.27726974,-121.8908102
10915,689660,CR-0000095643,0,1,0,0,22-347-0199,False,False,0,12/13/2022 8:05:00 AM,No Pedestrians Involved,Dry,No Unusual Conditions,Daylight,Violation Driver 1,Controls Functioning,Clear,Vehicle/Bike,Intersection,Bike,Not Applicable,Not Applicable,At,,True,False,78836,KENTFIELD DR,LOS GATOS ALMADEN RD,37.24346606,-121.9256726
10916,681566,CR-0000090963,0,1,0,0,22-042-0352,True,False,184,2/11/2022 11:18:00 AM,No Pedestrians Involved,Dry,No Unusual Conditions,Daylight,Violation Driver 1,Controls Functioning,Clear,Other,Non-Related,Fixed Object,Not Applicable,Not Applicable,East Of,TREE,False,False,123573,ALMADEN LAKE VILLAGE RD,COLEMAN RD,37.24330713,-121.8709125
10917,684672,CR-0000093299,1,0,0,0,22-187-9707,False,True,51,6/24/2022 10:00:00 PM,No Pedestrians Involved,Dry,No Unusual Conditions,Dark - Street Light,Unknown,Controls Functioning,Clear,Rear End,Non-Related,Other Vehicle,Not Applicable,Not Applicable,North Of,,False,False,59058,FELDSPAR DR,SENTER RD,37.30360263,-121.8434614
10918,698897,CR-0000100196,0,2,0,0,23-327-0505,False,False,258,11/23/2023 6:15:00 PM,No Pedestrians Involved,Dry,No Unusual Conditions,Dark - Street Light,Violation Driver 1,No Controls Present/Factor,Clear,Other,Non-Related,Other Vehicle,Not Applicable,Not Applicable,North Of,,False,True,59058,FELDSPAR DR,SENTER RD,37.30360263,-121.8434614
10919,699161,CR-0000100479,0,0,0,0,23-153-0919,False,False,306,6/2/2023 9:15:00 PM,No Pedestrians Involved,Dry,No Unusual Conditions,Dark - Street Light,Violation Driver 1,Controls Functioning,Clear,Rear End,Non-Related,Parked Vehicle,Not Applicable,Not Applicable,North Of,,True,False,59058,FELDSPAR DR,SENTER RD,37.30360263,-121.8434614
10920,688920,CR-0000094771,0,0,0,0,22-282-0337,True,False,454,10/9/2022 10:58:00 AM,No Pedestrians Involved,Dry,No Unusual Conditions,Dark - Street Light,Violation Driver 1,No Controls Present/Factor,Clear,Hit Object,Non-Related,Fixed Object,Not Applicable,Not Applicable,East Of,,True,False,124354,COUNTRY CLUB PW,SILVER CREEK VALLEY RD,37.27856577,-121.775837
10921,681393,CR-0000090782,0,0,0,0,22-019-0650,False,False,40,1/19/2022 4:35:00 PM,No Pedestrians Involved,Dry,No Unusual Conditions,Daylight,Violation Driver 1,Controls Functioning,Clear,Rear End,Related,Other Vehicle,Not Applicable,Not Applicable,West Of,,True,False,124354,COUNTRY CLUB PW,SILVER CREEK VALLEY RD,37.27856577,-121.775837
10922,681618,CR-0000091015,1,0,0,0,22-050-0089,True,False,43,2/19/2022 2:31:00 AM,No Pedestrians Involved,Dry,No Unusual Conditions,Dark - Street Light,Violation Driver 1,Controls Functioning,Clear,Hit Object,Related,Fixed Object,Not Applicable,Not Applicable,West Of,TREE,False,False,124354,COUNTRY CLUB PW,SILVER CREEK VALLEY RD,37.27856577,-121.775837
10923,681574,CR-0000090971,0,0,0,0,22-043-0117,False,False,578,2/12/2022 2:40:00 AM,No Pedestrians Involved,Dry,No Unusual Conditions,Dark - Street Light,Violation Driver 1,Controls Functioning,Clear,Overturned,Non-Related,Non-Collision,Not Applicable,Not Applicable,South Of,,True,False,137543,HAWKSTONE WY,SILVER CREEK VALLEY RD,37.27664396,-121.7793747
10924,684872,CR-0000093514,0,1,0,0,22-183-0602,False,False,59,7/2/2022 4:09:00 PM,No Pedestrians Involved,Dry,No Unusual Conditions,Daylight,Violation Driver 1,No Controls Present/Factor,Clear,Hit Object,Non-Related,Fixed Object,Not Applicable,Not Applicable,South Of,Median Curb,True,False,137543,HAWKSTONE WY,SILVER CREEK VALLEY RD,37.27664396,-121.7793747
10925,684715,CR-0000093385,0,0,0,0,22-216-0276,True,False,77,8/4/2022 9:30:00 AM,No Pedestrians Involved,Dry,No Unusual Conditions,Daylight,Violation Driver 1,Controls Functioning,Clear,Other,Non-Related,Motorcycle,Not Applicable,Not Applicable,North Of,EMERGENCY VEHICLE PD,False,False,138137,BAILEY RD,MONTEREY RD,37.20644245,-121.7288629
10926,689739,CR-0000095751,1,0,0,0,22-322-0235,False,False,138,11/18/2022 8:15:00 AM,No Pedestrians Involved,Dry,No Unusual Conditions,Daylight,Violation Driver 1,Controls Functioning,Unknown,Rear End,Non-Related,Other Vehicle,Not Applicable,Not Applicable,South Of,,True,False,125630,COURTSIDE DR,FARNSWORTH DR,37.28211866,-121.7637009
10927,682411,CR-0000091975,1,0,0,0,22-114-0320,False,False,0,4/24/2022 10:17:00 AM,No Pedestrians Involved,Dry,No Unusual Conditions,Daylight,Violation Driver 1,No Controls Present/Factor,Clear,Broadside,Intersection,Other Vehicle,Not Applicable,Not Applicable,At,,False,True,43988,COTTAGE GROVE AV,SANBORN AV,37.31337307,-121.8738458
10928,690588,CR-0000096709,0,1,0,0,23-015-0704,False,False,61,1/15/2023 9:37:00 PM,In Road - Includes Shoulder,Wet,No Unusual Conditions,Dark - Street Light,Violation Driver 1,No Controls Present/Factor,Rain,Vehicle/Pedestrian,Non-Related,Pedestrian,No Direction (Not Walking),No Direction (Not Walking),South Of,PED,True,True,10230,AUSTIN CT,SANBORN AV,37.31400167,-121.8744755
10929,720840,CR-0000103043,0,0,0,0,24-042-4002,False,True,51,2/11/2024 11:30:00 AM,No Pedestrians Involved,Unknown,Unknown,Daylight,Unknown,Unknown,Unknown,Sideswipe,Non-Related,Parked Vehicle,Not Applicable,Not Applicable,South Of,,False,False,118975,BUCKHILL CT,TULLY RD,37.33579028,-121.7993776
10930,682790,CR-0000092369,1,0,0,0,22-133-0215,False,False,48,5/13/2022 8:52:00 AM,No Pedestrians Involved,Dry,Construction - Repair Zone,Daylight,Bike At Fault,Controls Functioning,Clear,Vehicle/Bike,Related,Bike,Not Applicable,Not Applicable,South Of,BIKE,False,False,118403,GLEN DONEGAL DR/PEPPERMINT DR,WHITE RD,37.33044912,-121.7988945
10931,682096,CR-0000091623,0,0,0,0,22-023-4008,False,True,0,1/23/2022 11:25:00 AM,No Pedestrians Involved,Unknown,Unknown,Daylight,Unknown,Unknown,Unknown,Broadside,Intersection,Other Vehicle,Not Applicable,Not Applicable,At,,False,False,118403,GLEN DONEGAL DR/PEPPERMINT DR,WHITE RD,37.33044912,-121.7988945
10932,685013,CR-0000093700,1,2,0,0,22-188-0371,False,False,0,7/7/2022 12:00:00 PM,No Pedestrians Involved,Dry,No Unusual Conditions,Daylight,Violation Driver 1,Controls Functioning,Clear,Broadside,Intersection,Other Object,Not Applicable,Not Applicable,At,,False,False,118403,GLEN DONEGAL DR/PEPPERMINT DR,WHITE RD,37.33044912,-121.7988945
10933,694475,CR-0000098440,2,1,0,0,23-138-0496,False,False,33,5/18/2023 12:20:00 PM,No Pedestrians Involved,Dry,No Unusual Conditions,Daylight,Violation Driver 1,Controls Functioning,Clear,Rear End,Related,Other Vehicle,Not Applicable,Not Applicable,North Of,,True,False,118403,GLEN DONEGAL DR/PEPPERMINT DR,WHITE RD,37.33044912,-121.7988945
10934,682174,CR-0000091727,0,0,0,0,22-062-0144,False,False,239,3/3/2022 5:45:00 AM,No Pedestrians Involved,Dry,No Unusual Conditions,Dark - Street Light,Violation Driver 1,Unknown,Clear,Rear End,Non-Related,Parked Vehicle,Not Applicable,Not Applicable,South Of,,True,True,96579,NORWOOD AV,WHITE RD,37.32866666,-121.7983007
10935,682794,CR-0000092384,1,0,0,0,22-137-0565,False,False,21,5/17/2022 3:22:00 PM,No Pedestrians Involved,Dry,No Unusual Conditions,Daylight,Violation Driver 1,Controls Functioning,Clear,Rear End,Related,Other Vehicle,Not Applicable,Not Applicable,East Of,,True,False,96579,NORWOOD AV,WHITE RD,37.32866666,-121.7983007
10936,682214,CR-0000091776,0,1,0,0,22-094-0858,True,False,258,4/4/2022 9:09:00 PM,No Pedestrians Involved,Dry,No Unusual Conditions,Dark - Street Light,Violation Driver 1,No Controls Present/Factor,Clear,Hit Object,Non-Related,Fixed Object,Not Applicable,Not Applicable,South Of,LIGHT POLE,True,False,96579,NORWOOD AV,WHITE RD,37.32866666,-121.7983007
10937,699278,CR-0000100602,0,0,0,0,23-157-9703,False,True,0,6/4/2023 3:13:00 PM,No Pedestrians Involved,Dry,No Unusual Conditions,Daylight,Unknown,Controls Functioning,Clear,Rear End,Intersection,Other Vehicle,Not Applicable,Not Applicable,At,,False,False,96579,NORWOOD AV,WHITE RD,37.32866666,-121.7983007
10938,720864,CR-0000103067,0,0,0,0,24-045-9702,False,True,51,2/13/2024 4:20:00 PM,No Pedestrians Involved,Dry,No Unusual Conditions,Daylight,Unknown,Controls Functioning,Clear,Rear End,Non-Related,Other Vehicle,Not Applicable,Not Applicable,North Of,,False,False,96579,NORWOOD AV,WHITE RD,37.32866666,-121.7983007
10939,689637,CR-0000095618,2,0,0,0,22-340-0434,False,False,0,11/30/2022 1:44:00 PM,No Pedestrians Involved,Dry,No Unusual Conditions,Daylight,Violation Driver 1,Controls Functioning,Clear,Head On,Intersection,Other Vehicle,Not Applicable,Not Applicable,At,,False,False,3981,ALLENWOOD DR,WHITE RD,37.32670165,-121.7975518
10940,689677,CR-0000095659,1,0,0,0,22-324-0387,False,False,100,11/20/2022 1:16:00 PM,No Pedestrians Involved,Dry,No Unusual Conditions,Daylight,Violation Driver 1,Controls Functioning,Clear,Sideswipe,Non-Related,Other Vehicle,Not Applicable,Not Applicable,West Of,,True,False,32999,CAPITOL EX,STORY RD,37.35083339,-121.8270065
10941,689299,CR-0000095246,0,0,0,0,22-305-0280,False,False,0,11/1/2022 9:30:00 AM,No Pedestrians Involved,Dry,No Unusual Conditions,Daylight,Unknown,Controls Functioning,Clear,Sideswipe,Intersection,Other Vehicle,Not Applicable,Not Applicable,At,,False,True,32999,CAPITOL EX,STORY RD,37.35083339,-121.8270065
10942,688883,CR-0000094742,1,0,0,0,22-278-0845,False,False,0,10/5/2022 5:35:00 PM,No Pedestrians Involved,Dry,No Unusual Conditions,Dark - Street Light,Violation Driver 1,Controls Functioning,Clear,Broadside,Intersection,Other Vehicle,Not Applicable,Not Applicable,At,,False,False,32999,CAPITOL EX,STORY RD,37.35083339,-121.8270065
10943,688867,CR-0000094723,0,0,0,0,22-267-4003,False,True,51,9/24/2022 7:35:00 PM,No Pedestrians Involved,Unknown,Unknown,Unknown,Unknown,Unknown,Unknown,Rear End,Non-Related,Other Vehicle,Not Applicable,Not Applicable,Unknown,,False,True,32999,CAPITOL EX,STORY RD,37.35083339,-121.8270065
10944,688840,CR-0000094695,3,0,0,0,22-294-0134,False,False,0,10/21/2022 5:08:00 AM,No Pedestrians Involved,Dry,No Unusual Conditions,Dark - Street Light,Violation Driver 1,Controls Functioning,Clear,Broadside,Intersection,Other Vehicle,Not Applicable,Not Applicable,At,,True,True,32999,CAPITOL EX,STORY RD,37.35083339,-121.8270065
10945,688754,CR-0000094580,0,0,0,0,22-279-4004,False,True,0,10/5/2022 7:40:00 PM,No Pedestrians Involved,Unknown,Unknown,Unknown,Unknown,Unknown,Unknown,Broadside,Intersection,Other Vehicle,Not Applicable,Not Applicable,At,,False,False,32999,CAPITOL EX,STORY RD,37.35083339,-121.8270065
10946,689000,CR-0000094860,0,0,0,0,22-279-0492,False,False,0,10/6/2022 1:22:00 PM,No Pedestrians Involved,Dry,No Unusual Conditions,Daylight,Violation Driver 1,Controls Functioning,Clear,Rear End,Intersection,Other Vehicle,Not Applicable,Not Applicable,At,,False,False,32999,CAPITOL EX,STORY RD,37.35083339,-121.8270065
10947,685198,CR-0000093876,1,0,0,0,22-243-0853,False,False,60,8/31/2022 9:08:00 PM,No Pedestrians Involved,Dry,No Unusual Conditions,Dark - Street Light,Violation Driver 1,Controls Functioning,Clear,Rear End,Non-Related,Other Vehicle,Not Applicable,Not Applicable,East Of,,True,False,32999,CAPITOL EX,STORY RD,37.35083339,-121.8270065