_id,CrashFactId,Name,MinorInjuries,ModerateInjuries,SevereInjuries,FatalInjuries,TcrNumber,CityDamageFlag,ShortFormFlag,Distance,CrashDateTime,PedestrianAction,RoadwaySurface,RoadwayCondition,Lighting,PrimaryCollisionFactor,TrafficControl,Weather,CollisionType,ProximityToIntersection,VehicleInvolvedWith,PedestrianDirectionFrom,PedestrianDirectionTo,DirectionFromIntersection,Comment,SpeedingFlag,HitAndRunFlag,IntersectionNumber,AStreetName,BStreetName,Latitude,Longitude
10948,684744,CR-0000093460,2,0,0,0,22-192-0303,False,False,0,7/11/2022 10:29:00 AM,No Pedestrians Involved,Dry,No Unusual Conditions,Daylight,Violation Driver 1,Controls Functioning,Clear,Broadside,Intersection,Other Vehicle,Not Applicable,Not Applicable,At,,False,True,32999,CAPITOL EX,STORY RD,37.35083339,-121.8270065
10949,684827,CR-0000093371,0,0,0,0,22-213-0162,False,False,46,8/1/2022 6:46:00 AM,No Pedestrians Involved,Dry,No Unusual Conditions,Dusk - Dawn,Violation Driver 1,Controls Functioning,Clear,Broadside,Related,Other Vehicle,Not Applicable,Not Applicable,North Of,,False,True,32999,CAPITOL EX,STORY RD,37.35083339,-121.8270065
10950,683391,CR-0000092984,0,0,0,0,22-179-0918,False,False,,6/28/2022 9:58:00 PM,No Pedestrians Involved,Dry,No Unusual Conditions,Dark - Street Light,Violation Driver 1,Controls Functioning,Clear,Sideswipe,Related,Other Vehicle,Not Applicable,Not Applicable,North Of,,False,True,32999,CAPITOL EX,STORY RD,37.35083339,-121.8270065
10951,683158,CR-0000092685,0,0,0,0,22-166-0463,False,False,0,6/15/2022 2:03:00 PM,No Pedestrians Involved,Dry,No Unusual Conditions,Daylight,Violation Driver 1,No Controls Present/Factor,Clear,Rear End,Intersection,Other Vehicle,Not Applicable,Not Applicable,At,,False,False,32999,CAPITOL EX,STORY RD,37.35083339,-121.8270065
10952,682217,CR-0000091772,0,0,1,0,22-066-0829,False,False,38,3/7/2022 5:55:00 PM,Crossing In Crosswalk - At Intersection,Dry,No Unusual Conditions,Dusk - Dawn,Violation Driver 1,Controls Functioning,Clear,Vehicle/Pedestrian,Related,Pedestrian,Not Applicable,Not Applicable,North Of,PED,True,False,32999,CAPITOL EX,STORY RD,37.35083339,-121.8270065
10953,682703,CR-0000092281,0,0,0,0,22-150-4002,False,True,0,5/30/2022 12:31:00 PM,No Pedestrians Involved,Unknown,Unknown,Daylight,Unknown,Unknown,Unknown,Rear End,Intersection,Other Vehicle,Not Applicable,Not Applicable,At,,False,False,32999,CAPITOL EX,STORY RD,37.35083339,-121.8270065
10954,682705,CR-0000092283,0,0,0,0,22-148-4001,False,True,51,5/28/2022 1:23:00 PM,No Pedestrians Involved,Unknown,Unknown,Daylight,Unknown,Unknown,Unknown,Sideswipe,Non-Related,Other Vehicle,Not Applicable,Not Applicable,North Of,,False,False,32999,CAPITOL EX,STORY RD,37.35083339,-121.8270065
10955,683397,CR-0000092989,0,0,0,0,22-145-9705,False,True,0,5/24/2022 2:22:00 PM,No Pedestrians Involved,Dry,No Unusual Conditions,Daylight,Violation Driver 1,Controls Functioning,Clear,Rear End,Related,Other Vehicle,Not Applicable,Not Applicable,At,,False,True,32999,CAPITOL EX,STORY RD,37.35083339,-121.8270065
10956,682172,CR-0000091724,0,0,0,0,22-062-0023,False,False,40,3/3/2022 12:30:00 AM,No Pedestrians Involved,Dry,Construction - Repair Zone,Dark - Street Light,Violation Driver 1,Controls Functioning,Clear,Rear End,Related,Other Vehicle,Not Applicable,Not Applicable,South Of,,True,True,32999,CAPITOL EX,STORY RD,37.35083339,-121.8270065
10957,681853,CR-0000091316,1,1,0,0,22-072-0085,False,False,0,3/13/2022 1:44:00 AM,No Pedestrians Involved,Dry,No Unusual Conditions,Dark - Street Light,Violation Driver 1,Controls Functioning,Clear,Broadside,Intersection,Other Vehicle,Not Applicable,Not Applicable,At,,False,False,32999,CAPITOL EX,STORY RD,37.35083339,-121.8270065
10958,681849,CR-0000091303,0,0,0,0,22-073-0181,False,False,,3/14/2022 9:17:00 AM,No Pedestrians Involved,Dry,No Unusual Conditions,Daylight,Violation Driver 1,Controls Functioning,Clear,Rear End,Related,Other Vehicle,Not Applicable,Not Applicable,South Of,,False,False,32999,CAPITOL EX,STORY RD,37.35083339,-121.8270065
10959,682013,CR-0000091522,0,1,0,0,22-076-0449,False,False,0,3/17/2022 12:37:00 PM,No Pedestrians Involved,Dry,No Unusual Conditions,Daylight,Violation Driver 1,Controls Functioning,Clear,Rear End,Intersection,Other Vehicle,Not Applicable,Not Applicable,At,,True,False,32999,CAPITOL EX,STORY RD,37.35083339,-121.8270065
10960,683239,CR-0000092820,0,0,0,0,22-051-9702,False,True,0,2/19/2022 11:40:00 AM,No Pedestrians Involved,Dry,No Unusual Conditions,Daylight,Unknown,Controls Functioning,Clear,Rear End,Intersection,Other Vehicle,Not Applicable,Not Applicable,At,,False,False,32999,CAPITOL EX,STORY RD,37.35083339,-121.8270065
10961,681743,CR-0000091143,0,0,0,0,22-052-0097,False,False,243,2/21/2022 3:42:00 AM,No Pedestrians Involved,Dry,No Unusual Conditions,Unknown,Violation Driver 1,No Controls Present/Factor,Clear,Rear End,Non-Related,Other Vehicle,Not Applicable,Not Applicable,West Of,PD,False,False,32999,CAPITOL EX,STORY RD,37.35083339,-121.8270065
10962,681627,CR-0000091024,0,0,0,1,22-080-0181,True,False,150,3/21/2022 7:47:00 AM,No Pedestrians Involved,Dry,No Unusual Conditions,Daylight,Violation Driver 1,Controls Functioning,Clear,Hit Object,Non-Related,Fixed Object,Not Applicable,Not Applicable,West Of,"Motorcycle (FATAL), Light pole, and Powerbox",True,False,32999,CAPITOL EX,STORY RD,37.35083339,-121.8270065
10963,690044,CR-0000096107,0,0,0,0,22-023-4000,False,False,51,1/17/2022 11:10:00 PM,No Pedestrians Involved,Unknown,Unknown,Unknown,Unknown,Unknown,Unknown,Sideswipe,Non-Related,Other Vehicle,Not Applicable,Not Applicable,East Of,,False,False,32999,CAPITOL EX,STORY RD,37.35083339,-121.8270065
10964,681215,CR-0000090600,0,0,0,0,22-004-0176,False,False,150,1/4/2022 7:25:00 AM,No Pedestrians Involved,Dry,No Unusual Conditions,Daylight,Violation Driver 1,No Controls Present/Factor,Cloudy,Rear End,Non-Related,Other Vehicle,Not Applicable,Not Applicable,East Of,,False,False,32999,CAPITOL EX,STORY RD,37.35083339,-121.8270065
10965,681439,CR-0000090829,1,0,0,0,22-027-0633,False,False,0,1/27/2022 4:05:00 PM,No Pedestrians Involved,Dry,No Unusual Conditions,Daylight,Violation Driver 1,Controls Functioning,Clear,Rear End,Intersection,Other Vehicle,Not Applicable,Not Applicable,At,,True,False,32999,CAPITOL EX,STORY RD,37.35083339,-121.8270065
10966,681242,CR-0000090627,0,0,0,0,22-035-4001,False,True,51,1/30/2022 4:25:00 PM,No Pedestrians Involved,Unknown,Unknown,Daylight,Unknown,Unknown,Unknown,Rear End,Non-Related,Other Vehicle,Not Applicable,Not Applicable,West Of,,False,False,32999,CAPITOL EX,STORY RD,37.35083339,-121.8270065
10967,699252,CR-0000100574,0,0,0,0,23-151-9704,False,True,0,5/30/2023 1:50:00 PM,No Pedestrians Involved,Dry,No Unusual Conditions,Daylight,Unknown,No Controls Present/Factor,Clear,Broadside,Intersection,Other Vehicle,Not Applicable,Not Applicable,At,,False,False,32999,CAPITOL EX,STORY RD,37.35083339,-121.8270065
10968,698714,CR-0000099963,0,0,0,0,23-150-4002,False,True,,5/27/2023 9:05:00 AM,No Pedestrians Involved,Unknown,Unknown,Daylight,Unknown,Unknown,Unknown,Rear End,Related,Other Vehicle,Not Applicable,Not Applicable,East Of,,False,False,32999,CAPITOL EX,STORY RD,37.35083339,-121.8270065
10969,694583,CR-0000098607,2,0,0,0,23-187-0063,True,False,340,7/6/2023 2:26:00 AM,No Pedestrians Involved,Dry,No Unusual Conditions,Dark - Street Light,Violation Driver 1,Controls Functioning,Clear,Hit Object,Non-Related,Fixed Object,Not Applicable,Not Applicable,East Of,TREE,False,False,32999,CAPITOL EX,STORY RD,37.35083339,-121.8270065
10970,695798,CR-0000098863,2,0,0,0,23-252-0262,False,False,0,9/9/2023 8:40:00 AM,No Pedestrians Involved,Dry,No Unusual Conditions,Daylight,Violation Driver 1,Controls Functioning,Clear,Sideswipe,Intersection,Other Vehicle,Not Applicable,Not Applicable,At,,True,False,32999,CAPITOL EX,STORY RD,37.35083339,-121.8270065
10971,695801,CR-0000098866,8,1,0,0,23-198-0668,True,False,0,7/17/2023 5:43:00 PM,No Pedestrians Involved,Dry,No Unusual Conditions,Daylight,Violation Driver 1,Controls Functioning,Clear,Head On,Intersection,Other Vehicle,Not Applicable,Not Applicable,At,TRAFFIC POLE,True,False,32999,CAPITOL EX,STORY RD,37.35083339,-121.8270065
10972,695850,CR-0000098915,0,0,0,0,23-149-4004,False,True,0,4/15/2023 7:10:00 PM,No Pedestrians Involved,Unknown,Unknown,Unknown,Unknown,Unknown,Unknown,Sideswipe,Intersection,Other Vehicle,Not Applicable,Not Applicable,At,,False,False,32999,CAPITOL EX,STORY RD,37.35083339,-121.8270065
10973,695865,CR-0000098930,0,0,0,0,23-097-9708,False,True,0,4/2/2023 12:38:00 AM,No Pedestrians Involved,Dry,No Unusual Conditions,Dark - Street Light,Violation Driver 1,Controls Functioning,Clear,Sideswipe,Intersection,Other Vehicle,Not Applicable,Not Applicable,At,,False,False,32999,CAPITOL EX,STORY RD,37.35083339,-121.8270065
10974,696161,CR-0000099304,0,0,0,0,23-098-4004,False,True,0,4/8/2023 2:40:00 PM,No Pedestrians Involved,Unknown,Unknown,Unknown,Unknown,Unknown,Unknown,Broadside,Intersection,Other Vehicle,Not Applicable,Not Applicable,At,,False,False,32999,CAPITOL EX,STORY RD,37.35083339,-121.8270065
10975,696131,CR-0000099273,0,0,0,0,23-215-0027,False,False,38,8/3/2023 12:30:00 AM,No Pedestrians Involved,Dry,No Unusual Conditions,Dark - Street Light,Violation Driver 1,No Controls Present/Factor,Clear,Rear End,Related,Other Vehicle,Not Applicable,Not Applicable,West Of,,True,True,32999,CAPITOL EX,STORY RD,37.35083339,-121.8270065
10976,695972,CR-0000099107,0,0,0,0,23-214-0794,False,False,325,8/2/2023 7:07:00 PM,No Pedestrians Involved,Dry,No Unusual Conditions,Daylight,Violation Driver 1,Controls Functioning,Clear,Sideswipe,Non-Related,Other Vehicle,Not Applicable,Not Applicable,East Of,,True,True,32999,CAPITOL EX,STORY RD,37.35083339,-121.8270065
10977,696411,CR-0000099588,4,0,0,0,23-285-0904,False,False,111,10/12/2023 8:04:00 PM,No Pedestrians Involved,Dry,No Unusual Conditions,Dark - Street Light,Violation Driver 1,Controls Functioning,Clear,Rear End,Non-Related,Other Vehicle,Not Applicable,Not Applicable,West Of,,True,False,32999,CAPITOL EX,STORY RD,37.35083339,-121.8270065
10978,696298,CR-0000099454,1,0,0,0,23-125-1024,False,False,,5/5/2023 8:42:00 PM,No Pedestrians Involved,Wet,No Unusual Conditions,Dark - Street Light,Violation Driver 1,Controls Functioning,Rain,Rear End,Related,Other Vehicle,Not Applicable,Not Applicable,North Of,,True,True,32999,CAPITOL EX,STORY RD,37.35083339,-121.8270065
10979,690664,CR-0000096797,0,0,0,0,23-024-9702,False,False,0,1/23/2023 5:47:00 PM,No Pedestrians Involved,Dry,No Unusual Conditions,Daylight,Unknown,Controls Functioning,Clear,Rear End,Intersection,Non-Collision,Not Applicable,Not Applicable,At,,False,False,32999,CAPITOL EX,STORY RD,37.35083339,-121.8270065
10980,690487,CR-0000096606,0,0,0,0,22-299-4004,False,True,50,10/26/2022 4:30:00 PM,No Pedestrians Involved,Unknown,Unknown,Unknown,Unknown,Unknown,Unknown,Rear End,Related,Other Vehicle,Not Applicable,Not Applicable,West Of,,False,True,32999,CAPITOL EX,STORY RD,37.35083339,-121.8270065
10981,689745,CR-0000095761,2,2,0,0,22-177-1049,True,False,57,6/26/2022 11:53:00 PM,No Pedestrians Involved,Dry,No Unusual Conditions,Dark - Street Light,Violation Driver 1,Controls Functioning,Clear,Hit Object,Non-Related,Fixed Object,Not Applicable,Not Applicable,South Of,SIGN & LIGHTPOLE,False,True,32999,CAPITOL EX,STORY RD,37.35083339,-121.8270065
10982,689807,CR-0000095834,0,1,0,0,22-248-0997,False,False,0,9/5/2022 11:45:00 PM,No Pedestrians Involved,Dry,No Unusual Conditions,Dark - Street Light,Violation Driver 1,Controls Functioning,Clear,Broadside,Intersection,Other Vehicle,Not Applicable,Not Applicable,At,,True,True,32999,CAPITOL EX,STORY RD,37.35083339,-121.8270065
10983,689916,CR-0000095972,0,0,2,0,22-309-0074,False,False,0,11/5/2022 1:39:00 AM,No Pedestrians Involved,Dry,No Unusual Conditions,Dark - Street Light,Violation Driver 1,Controls Functioning,Clear,Head On,Intersection,Other Vehicle,Not Applicable,Not Applicable,At,,False,False,32999,CAPITOL EX,STORY RD,37.35083339,-121.8270065
10984,690007,CR-0000096029,1,0,0,0,22-223-0785,False,False,63,8/11/2022 7:04:00 PM,No Pedestrians Involved,Dry,No Unusual Conditions,Daylight,Violation Driver 1,Controls Functioning,Clear,Rear End,Non-Related,Other Vehicle,Not Applicable,Not Applicable,South Of,,True,False,32999,CAPITOL EX,STORY RD,37.35083339,-121.8270065
10985,690231,CR-0000096320,0,0,0,0,22-272-9705,False,True,51,9/25/2022 2:00:00 AM,No Pedestrians Involved,Dry,No Unusual Conditions,Dark - Street Light,Unknown,No Controls Present/Factor,Clear,Sideswipe,Non-Related,Other Vehicle,Not Applicable,Not Applicable,North Of,,False,False,32999,CAPITOL EX,STORY RD,37.35083339,-121.8270065
10986,692549,CR-0000097840,2,0,0,0,23-095-0173,False,False,42,4/5/2023 7:45:00 AM,No Pedestrians Involved,Dry,No Unusual Conditions,Daylight,Violation Driver 1,Controls Functioning,Clear,Rear End,Related,Other Vehicle,Not Applicable,Not Applicable,South Of,,True,False,32999,CAPITOL EX,STORY RD,37.35083339,-121.8270065
10987,691051,CR-0000097224,2,1,0,0,23-057-0140,False,False,24,2/26/2023 3:28:00 AM,No Pedestrians Involved,Dry,No Unusual Conditions,Dark - Street Light,Violation Driver 1,Controls Functioning,Clear,Rear End,Related,Other Vehicle,Not Applicable,Not Applicable,North Of,,True,False,32999,CAPITOL EX,STORY RD,37.35083339,-121.8270065
10988,691250,CR-0000097475,4,0,0,0,23-059-0393,False,False,0,2/28/2023 12:35:00 PM,No Pedestrians Involved,Wet,No Unusual Conditions,Unknown,Violation Driver 1,Controls Functioning,Rain,Sideswipe,Intersection,Other Vehicle,Not Applicable,Not Applicable,At,,False,False,32999,CAPITOL EX,STORY RD,37.35083339,-121.8270065
10989,720870,CR-0000103073,0,0,0,0,24-099-9971,False,True,0,1/25/2024 12:15:00 PM,No Pedestrians Involved,Dry,No Unusual Conditions,Daylight,Unknown,Unknown,Clear,Broadside,Intersection,Other Vehicle,Not Applicable,Not Applicable,At,,False,False,32999,CAPITOL EX,STORY RD,37.35083339,-121.8270065
10990,720884,CR-0000103087,0,0,0,0,24-028-0709,False,False,0,1/28/2024 7:45:00 PM,No Pedestrians Involved,Dry,No Unusual Conditions,Daylight,Violation Driver 1,Controls Functioning,Clear,Rear End,Intersection,Other Vehicle,Not Applicable,Not Applicable,At,,True,False,32999,CAPITOL EX,STORY RD,37.35083339,-121.8270065
10991,722087,CR-0000103341,0,0,0,0,24-075-4000,False,True,51,3/6/2024 9:26:00 AM,No Pedestrians Involved,Unknown,Unknown,Unknown,Unknown,Unknown,Unknown,Rear End,Non-Related,Other Vehicle,Not Applicable,Not Applicable,South Of,,False,False,32999,CAPITOL EX,STORY RD,37.35083339,-121.8270065
10992,719843,CR-0000103016,0,0,0,0,24-040-0210,False,False,51,2/9/2024 8:39:00 AM,No Pedestrians Involved,Dry,No Unusual Conditions,Daylight,Violation Driver 1,Controls Functioning,Clear,Broadside,Non-Related,Other Vehicle,Not Applicable,Not Applicable,Unknown,,True,True,32999,CAPITOL EX,STORY RD,37.35083339,-121.8270065
10993,719822,CR-0000102995,0,0,0,0,24-037-0589,False,False,0,2/6/2024 3:15:00 PM,No Pedestrians Involved,Dry,No Unusual Conditions,Daylight,Violation Driver 1,Controls Functioning,Cloudy,Rear End,Intersection,Other Vehicle,Not Applicable,Not Applicable,At,,True,True,32999,CAPITOL EX,STORY RD,37.35083339,-121.8270065
10994,719802,CR-0000102975,4,1,0,0,24-035-0921,False,False,0,2/4/2024 5:49:00 PM,No Pedestrians Involved,Wet,No Unusual Conditions,Dark - Street Light,Violation Driver 1,Unknown,Rain,Broadside,Intersection,Other Vehicle,Not Applicable,Not Applicable,At,,True,False,32999,CAPITOL EX,STORY RD,37.35083339,-121.8270065
10995,715977,CR-0000101730,3,0,0,0,23-224-0397,False,False,0,8/12/2023 12:48:00 PM,No Pedestrians Involved,Dry,No Unusual Conditions,Daylight,Violation Driver 1,Controls Functioning,Clear,Broadside,Intersection,Other Vehicle,Not Applicable,Not Applicable,At,,False,False,32999,CAPITOL EX,STORY RD,37.35083339,-121.8270065
10996,712128,CR-0000101057,0,0,0,0,23-297-9707,False,True,0,10/23/2023 3:12:00 PM,No Pedestrians Involved,Dry,No Unusual Conditions,Daylight,Unknown,Controls Functioning,Clear,Rear End,Intersection,Other Vehicle,Not Applicable,Not Applicable,At,,False,False,32999,CAPITOL EX,STORY RD,37.35083339,-121.8270065
10997,712191,CR-0000101622,0,0,0,0,23-289-0869,False,False,292,10/16/2023 7:57:00 PM,No Pedestrians Involved,Dry,No Unusual Conditions,Dark - Street Light,Violation Driver 1,No Controls Present/Factor,Clear,Sideswipe,Non-Related,Other Vehicle,Not Applicable,Not Applicable,West Of,,False,False,32999,CAPITOL EX,STORY RD,37.35083339,-121.8270065
10998,711747,CR-0000101543,0,0,0,0,23-340-0901,False,False,,12/6/2023 10:32:00 PM,No Pedestrians Involved,Wet,No Unusual Conditions,Dark - Street Light,Violation Driver 1,No Controls Present/Factor,Cloudy,Sideswipe,Related,Other Vehicle,Not Applicable,Not Applicable,South Of,,False,True,32999,CAPITOL EX,STORY RD,37.35083339,-121.8270065
10999,683140,CR-0000092739,0,0,0,0,22-046-4001,False,True,51,2/13/2022 9:00:00 PM,No Pedestrians Involved,Unknown,Unknown,Unknown,Unknown,Unknown,Unknown,Sideswipe,Non-Related,Other Vehicle,Not Applicable,Not Applicable,North Of,,False,False,117567,ABORN RD,WHITESAND DR,37.31550371,-121.7812798
11000,689262,CR-0000095231,0,0,0,0,22-269-0242,False,False,400,9/26/2022 8:35:00 AM,No Pedestrians Involved,Dry,Obstruction On Roadway,Daylight,Violation Driver 1,No Controls Present/Factor,Clear,Sideswipe,Non-Related,Parked Vehicle,Not Applicable,Not Applicable,South Of,,False,True,57122,ENESCO AV,OTHELLO AV,37.31737959,-121.8187279
11001,694219,CR-0000098124,0,1,0,0,23-125-1155,False,False,44,5/6/2023 1:00:00 AM,No Pedestrians Involved,Wet,No Unusual Conditions,Dark - Street Light,Violation Driver 1,No Controls Present/Factor,Rain,Rear End,Related,Parked Vehicle,Not Applicable,Not Applicable,East Of,,False,False,57122,ENESCO AV,OTHELLO AV,37.31737959,-121.8187279
11002,699116,CR-0000100432,0,0,0,0,23-160-0198,False,False,270,6/7/2023 9:19:00 PM,No Pedestrians Involved,Dry,No Unusual Conditions,Dark - Street Light,Violation Driver 1,Unknown,Clear,Sideswipe,Non-Related,Parked Vehicle,Not Applicable,Not Applicable,North Of,,False,True,57122,ENESCO AV,OTHELLO AV,37.31737959,-121.8187279
11003,716273,CR-0000102245,3,0,0,0,24-052-0937,False,False,260,2/21/2024 11:05:00 PM,No Pedestrians Involved,Dry,No Unusual Conditions,Dark - Street Light,Violation Driver 1,No Controls Present/Factor,Clear,Broadside,Non-Related,Other Vehicle,Not Applicable,Not Applicable,South Of,,False,False,57122,ENESCO AV,OTHELLO AV,37.31737959,-121.8187279
11004,682467,CR-0000092032,2,4,0,0,22-118-1068,False,False,0,4/28/2022 11:11:00 PM,No Pedestrians Involved,Dry,No Unusual Conditions,Dark - Street Light,Violation Driver 1,Controls Functioning,Clear,Broadside,Intersection,Other Vehicle,Not Applicable,Not Applicable,At,POLE #135122,False,False,116203,ABORN RD,TEDDINGTON DR/URZI DR,37.31492471,-121.7851582
11005,690302,CR-0000096394,0,0,0,0,22-331-9702,False,True,,11/25/2022 7:20:00 PM,No Pedestrians Involved,Dry,No Unusual Conditions,Dusk - Dawn,Unknown,No Controls Present/Factor,Clear,Other,Non-Related,Parked Vehicle,Not Applicable,Not Applicable,North Of,,False,True,64173,FURLONG DR,HILLVIEW AV,37.24439337,-121.8633347
11006,691036,CR-0000097208,1,0,0,0,23-036-0505,False,False,0,2/5/2023 3:44:00 PM,No Pedestrians Involved,Wet,No Unusual Conditions,Daylight,Violation Driver 1,No Controls Present/Factor,Cloudy,Sideswipe,Intersection,Other Vehicle,Not Applicable,Not Applicable,At,,False,False,63568,FOXWORTHY AV,YUCCA AV,37.27018391,-121.9077833
11007,698965,CR-0000100267,1,0,0,0,23-318-0822,False,False,90,11/14/2023 8:30:00 PM,No Pedestrians Involved,Dry,No Unusual Conditions,Dark - Street Light,Violation Driver 1,Controls Functioning,Clear,Broadside,Non-Related,Other Vehicle,Not Applicable,Not Applicable,East Of,,False,False,63568,FOXWORTHY AV,YUCCA AV,37.27018391,-121.9077833
11008,696404,CR-0000099580,0,0,0,0,23-151-0836,True,False,72,5/31/2023 9:05:00 PM,No Pedestrians Involved,Dry,No Unusual Conditions,Dark - Street Light,Violation Driver 1,Controls Functioning,Clear,Hit Object,Non-Related,Fixed Object,Not Applicable,Not Applicable,West Of,,True,True,63568,FOXWORTHY AV,YUCCA AV,37.27018391,-121.9077833
11009,682672,CR-0000092248,1,1,0,0,22-147-0379,False,False,0,5/27/2022 1:14:00 PM,No Pedestrians Involved,Dry,No Unusual Conditions,Daylight,Violation Driver 1,Controls Functioning,Clear,Broadside,Intersection,Other Vehicle,Not Applicable,Not Applicable,At,,False,False,106281,SAN FELIPE RD,YERBA BUENA RD,37.29934446,-121.7713408
11010,681695,CR-0000091092,0,1,0,0,22-072-0483,True,False,615,3/13/2022 6:32:00 PM,No Pedestrians Involved,Dry,No Unusual Conditions,Daylight,Violation Driver 1,No Controls Present/Factor,Clear,Hit Object,Non-Related,Fixed Object,Not Applicable,Not Applicable,South Of,LIGHT POLE,True,False,106281,SAN FELIPE RD,YERBA BUENA RD,37.29934446,-121.7713408
11011,681313,CR-0000090700,1,0,0,0,22-012-0465,False,False,35,1/12/2022 1:00:00 PM,No Pedestrians Involved,Dry,Unknown,Daylight,Violation Driver 1,Controls Functioning,Clear,Rear End,Related,Other Vehicle,Not Applicable,Not Applicable,South Of,,True,False,106281,SAN FELIPE RD,YERBA BUENA RD,37.29934446,-121.7713408
11012,683550,CR-0000093148,0,0,0,0,22-100-0107,True,False,286,7/29/2022 3:15:00 AM,No Pedestrians Involved,Dry,No Unusual Conditions,Dark - Street Light,Violation Driver 1,No Controls Present/Factor,Clear,Hit Object,Non-Related,Fixed Object,Not Applicable,Not Applicable,West Of,CURB/LIGHT POLE,False,False,106281,SAN FELIPE RD,YERBA BUENA RD,37.29934446,-121.7713408
11013,696083,CR-0000099218,1,0,0,0,23-055-0839,False,False,0,2/24/2023 9:23:00 PM,No Pedestrians Involved,Wet,No Unusual Conditions,Dark - Street Light,Violation Driver 1,Controls Functioning,Clear,Broadside,Intersection,Other Vehicle,Not Applicable,Not Applicable,At,,True,False,106281,SAN FELIPE RD,YERBA BUENA RD,37.29934446,-121.7713408
11014,690358,CR-0000096453,0,0,0,0,22-236-9706,False,True,0,8/20/2022 3:30:00 PM,No Pedestrians Involved,Dry,No Unusual Conditions,Daylight,Unknown,No Controls Present/Factor,Clear,Sideswipe,Intersection,Other Vehicle,Not Applicable,Not Applicable,At,,False,True,106281,SAN FELIPE RD,YERBA BUENA RD,37.29934446,-121.7713408
11015,716278,CR-0000102230,1,1,0,0,24-047-0313,False,False,0,2/16/2024 10:44:00 AM,No Pedestrians Involved,Dry,No Unusual Conditions,Daylight,Violation Driver 1,Controls Not Functioning,Cloudy,Broadside,Intersection,Other Vehicle,Not Applicable,Not Applicable,At,,False,False,106281,SAN FELIPE RD,YERBA BUENA RD,37.29934446,-121.7713408
11016,719648,CR-0000102819,0,0,0,0,24-005-0489,False,False,0,1/5/2024 2:26:00 PM,No Pedestrians Involved,Dry,No Unusual Conditions,Daylight,Violation Driver 1,No Controls Present/Factor,Clear,Rear End,Intersection,Other Vehicle,Not Applicable,Not Applicable,At,,False,False,106281,SAN FELIPE RD,YERBA BUENA RD,37.29934446,-121.7713408
11017,688908,CR-0000094768,1,0,0,0,22-278-0393,False,False,308,10/5/2022 11:43:00 AM,No Pedestrians Involved,Dry,No Unusual Conditions,Daylight,Violation Driver 1,No Controls Present/Factor,Clear,Broadside,Non-Related,Other Vehicle,Not Applicable,Not Applicable,North Of,,False,False,61643,FLORA AV,PAYNE AV,37.30093622,-121.9755889
11018,716244,CR-0000102216,0,0,1,0,24-059-0308,False,False,,2/28/2024 10:19:00 AM,No Pedestrians Involved,Dry,No Unusual Conditions,Daylight,Violation Driver 1,Controls Functioning,Clear,Rear End,Related,Parked Vehicle,Not Applicable,Not Applicable,East Of,,False,False,61643,FLORA AV,PAYNE AV,37.30093622,-121.9755889
11019,683068,CR-0000092627,0,0,0,0,22-167-0806,False,False,0,6/16/2022 9:30:00 PM,No Pedestrians Involved,Dry,No Unusual Conditions,Dark - Street Light,Violation Driver 1,Controls Functioning,Clear,Rear End,Intersection,Other Vehicle,Not Applicable,Not Applicable,At,,True,True,99472,PAYNE AV,SAN TOMAS RD,37.30091719,-121.976722
11020,685190,CR-0000093868,0,0,0,0,22-241-0822,False,False,83,8/29/2022 6:10:00 PM,No Pedestrians Involved,Dry,No Unusual Conditions,Daylight,Violation Driver 1,Controls Functioning,Clear,Rear End,Non-Related,Other Vehicle,Not Applicable,Not Applicable,North Of,,True,True,99472,PAYNE AV,SAN TOMAS RD,37.30091719,-121.976722
11021,685191,CR-0000093869,0,1,0,0,22-242-0703,False,False,0,8/30/2022 3:58:00 PM,No Pedestrians Involved,Dry,No Unusual Conditions,Daylight,Violation Driver 1,No Controls Present/Factor,Clear,Broadside,Intersection,Other Vehicle,Not Applicable,Not Applicable,At,,False,False,99472,PAYNE AV,SAN TOMAS RD,37.30091719,-121.976722
11022,690422,CR-0000096521,0,0,0,0,22-283-4002,False,True,51,10/9/2022 11:10:00 PM,No Pedestrians Involved,Unknown,Unknown,Unknown,Unknown,Unknown,Unknown,Broadside,Non-Related,Parked Vehicle,Not Applicable,Not Applicable,North Of,,False,True,99472,PAYNE AV,SAN TOMAS RD,37.30091719,-121.976722
11023,688795,CR-0000094641,0,0,0,0,22-304-4002,False,True,51,10/29/2022 2:00:00 AM,No Pedestrians Involved,Unknown,Unknown,Unknown,Unknown,Unknown,Unknown,Other,Non-Related,Parked Vehicle,Not Applicable,Not Applicable,North Of,,False,True,13640,BARRYMORE DR,TEALE AV,37.30264308,-121.9733002