_id,CrashFactId,Name,MinorInjuries,ModerateInjuries,SevereInjuries,FatalInjuries,TcrNumber,CityDamageFlag,ShortFormFlag,Distance,CrashDateTime,PedestrianAction,RoadwaySurface,RoadwayCondition,Lighting,PrimaryCollisionFactor,TrafficControl,Weather,CollisionType,ProximityToIntersection,VehicleInvolvedWith,PedestrianDirectionFrom,PedestrianDirectionTo,DirectionFromIntersection,Comment,SpeedingFlag,HitAndRunFlag,IntersectionNumber,AStreetName,BStreetName,Latitude,Longitude
11024,722423,CR-0000103718,0,0,0,0,24-097-0815,True,False,107,4/6/2024 9:48:00 PM,No Pedestrians Involved,Dry,No Unusual Conditions,Dark - Street Light,Violation Driver 1,Controls Functioning,Clear,Hit Object,Non-Related,Fixed Object,Not Applicable,Not Applicable,West Of,TREE,True,True,63744,FREED AV,TOPAZ AV,37.30178644,-121.9698562
11025,722265,CR-0000103559,0,0,0,0,24-086-0165,False,False,207,3/26/2024 8:21:00 AM,No Pedestrians Involved,Dry,No Unusual Conditions,Daylight,Violation Driver 1,Unknown,Cloudy,Vehicle/Bike,Non-Related,Bike,Not Applicable,Not Applicable,North Of,BIKE,False,False,63733,FREED AV,TEALE AV,37.30177644,-121.9707951
11026,689686,CR-0000095668,0,1,0,0,22-342-0471,False,False,0,12/8/2022 2:13:00 PM,No Pedestrians Involved,Dry,No Unusual Conditions,Daylight,Violation Driver 1,No Controls Present/Factor,Cloudy,Rear End,Intersection,Parked Vehicle,Not Applicable,Not Applicable,At,,True,False,99494,PAYNE AV,SOUTHWOOD DR,37.30083302,-121.9795456
11027,699001,CR-0000100305,2,0,0,0,23-313-0633,False,False,322,11/9/2023 5:54:00 PM,No Pedestrians Involved,Dry,No Unusual Conditions,Dark - Street Light,Violation Driver 1,No Controls Present/Factor,Clear,Rear End,Non-Related,Other Vehicle,Not Applicable,Not Applicable,East Of,,False,False,99494,PAYNE AV,SOUTHWOOD DR,37.30083302,-121.9795456
11028,681406,CR-0000090796,0,0,0,0,22-023-0812,False,False,675,1/23/2022 5:22:00 PM,No Pedestrians Involved,Dry,No Unusual Conditions,Daylight,Violation Driver 1,No Controls Present/Factor,Clear,Head On,Non-Related,Parked Vehicle,Not Applicable,Not Applicable,South Of,,False,False,37025,CHATSWORTH PL,MOORPARK AV,37.3159274,-121.9182905
11029,689486,CR-0000095463,0,1,0,0,22-336-0172,False,False,0,12/2/2022 7:51:00 AM,Crossing In Crosswalk - At Intersection,Dry,No Unusual Conditions,Daylight,Violation Driver 1,Controls Functioning,Clear,Vehicle/Pedestrian,Intersection,Pedestrian,East,West,At,PED,False,False,79826,KINGMAN AV,LEIGH AV,37.31335116,-121.9232985
11030,694704,CR-0000098739,0,0,1,0,23-215-0092,False,False,204,8/3/2023 5:35:00 PM,In Road - Includes Shoulder,Dry,No Unusual Conditions,Daylight,Pedestrian At Fault,No Controls Present/Factor,Clear,Vehicle/Pedestrian,Non-Related,Pedestrian,East,West,South Of,,False,False,79826,KINGMAN AV,LEIGH AV,37.31335116,-121.9232985
11031,694060,CR-0000097920,0,1,0,0,23-084-0502,False,False,39,3/25/2023 4:04:00 PM,No Pedestrians Involved,Dry,No Unusual Conditions,Daylight,Unknown,Controls Functioning,Clear,Vehicle/Bike,Related,Bike,Not Applicable,Not Applicable,South Of,BICYCLIST,False,False,79826,KINGMAN AV,LEIGH AV,37.31335116,-121.9232985
11032,722389,CR-0000103683,0,0,0,0,24-098-0202,False,False,348,4/7/2024 6:30:00 AM,No Pedestrians Involved,Dry,No Unusual Conditions,Dusk - Dawn,Violation Driver 1,No Controls Present/Factor,Clear,Sideswipe,Non-Related,Parked Vehicle,Not Applicable,Not Applicable,North Of,,False,False,79826,KINGMAN AV,LEIGH AV,37.31335116,-121.9232985
11033,722020,CR-0000103274,0,0,0,0,24-057-0873,False,False,71,2/26/2024 7:50:00 PM,No Pedestrians Involved,Dry,No Unusual Conditions,Dark - Street Light,Violation Driver 1,Controls Functioning,Clear,Broadside,Non-Related,Other Vehicle,Not Applicable,Not Applicable,North Of,,False,True,79826,KINGMAN AV,LEIGH AV,37.31335116,-121.9232985
11034,694696,CR-0000098730,1,0,0,0,23-233-0096,False,False,83,8/21/2023 3:09:00 AM,No Pedestrians Involved,Dry,No Unusual Conditions,Dark - Street Light,Violation Driver 1,No Controls Present/Factor,Clear,Sideswipe,Non-Related,Parked Vehicle,Not Applicable,Not Applicable,East Of,,False,False,63931,FRUITDALE AV,MENKER AV,37.31069972,-121.9212155
11035,685148,CR-0000093822,1,0,0,0,22-220-0697,False,False,163,8/8/2022 5:19:00 PM,No Pedestrians Involved,Dry,No Unusual Conditions,Daylight,Violation Driver 1,No Controls Present/Factor,Clear,Broadside,Non-Related,Other Vehicle,Not Applicable,Not Applicable,East Of,,False,False,64008,FRUITDALE AV,SHERMAN OAKS DR,37.31069107,-121.926617
11036,682256,CR-0000091834,0,0,0,0,22-115-0901,False,False,93,4/25/2022 11:17:00 PM,No Pedestrians Involved,Dry,No Unusual Conditions,Dark - Street Light,Violation Driver 1,No Controls Present/Factor,Clear,Sideswipe,Non-Related,Parked Vehicle,Not Applicable,Not Applicable,West Of,,False,True,64008,FRUITDALE AV,SHERMAN OAKS DR,37.31069107,-121.926617
11037,692518,CR-0000097808,0,0,0,0,23-075-4003,False,True,0,3/16/2023 7:38:00 AM,No Pedestrians Involved,Unknown,Unknown,Unknown,Unknown,Unknown,Unknown,Rear End,Intersection,Other Vehicle,Not Applicable,Not Applicable,At,,False,False,64008,FRUITDALE AV,SHERMAN OAKS DR,37.31069107,-121.926617
11038,690772,CR-0000096910,0,0,0,0,23-017-0723,False,False,40,1/17/2023 5:45:00 PM,No Pedestrians Involved,Dry,No Unusual Conditions,Dark - Street Light,Violation Driver 1,Controls Functioning,Clear,Rear End,Related,Other Vehicle,Not Applicable,Not Applicable,East Of,,False,True,64008,FRUITDALE AV,SHERMAN OAKS DR,37.31069107,-121.926617
11039,719708,CR-0000102880,0,0,0,0,24-008-0721,False,False,250,1/8/2024 5:50:00 PM,No Pedestrians Involved,Dry,No Unusual Conditions,Dark - Street Light,Violation Driver 1,No Controls Present/Factor,Clear,Sideswipe,Non-Related,Other Vehicle,Not Applicable,Not Applicable,East Of,,False,True,64008,FRUITDALE AV,SHERMAN OAKS DR,37.31069107,-121.926617
11040,692577,CR-0000097868,1,0,0,0,23-013-0205,False,False,54,1/13/2022 8:44:00 AM,No Pedestrians Involved,Wet,No Unusual Conditions,Daylight,Unknown,Unknown,Rain,Rear End,Non-Related,Other Vehicle,Not Applicable,Not Applicable,North Of,,False,False,124288,COTTLE RD,WEST VALLEY FR,37.24177668,-121.8038958
11041,681262,CR-0000090648,1,0,0,0,22-007-0523,False,False,,1/7/2022 3:45:00 PM,No Pedestrians Involved,Dry,No Unusual Conditions,Daylight,Violation Driver 1,Controls Functioning,Clear,Head On,Related,Other Vehicle,Not Applicable,Not Applicable,South Of,,True,False,124288,COTTLE RD,WEST VALLEY FR,37.24177668,-121.8038958
11042,689362,CR-0000095310,0,0,0,0,22-312-0564,False,False,180,11/8/2022 3:28:00 PM,No Pedestrians Involved,Dry,No Unusual Conditions,Daylight,Violation Driver 1,No Controls Present/Factor,Clear,Rear End,Non-Related,Other Vehicle,Not Applicable,Not Applicable,North Of,,True,True,124288,COTTLE RD,WEST VALLEY FR,37.24177668,-121.8038958
11043,690106,CR-0000096194,0,0,0,0,22-338-4001,False,True,,12/4/2022 2:40:00 PM,No Pedestrians Involved,Unknown,Unknown,Unknown,Unknown,Unknown,Unknown,Rear End,Related,Other Vehicle,Not Applicable,Not Applicable,Unknown,,False,False,124288,COTTLE RD,WEST VALLEY FR,37.24177668,-121.8038958
11044,694091,CR-0000098010,2,0,0,0,23-106-0406,False,False,0,4/16/2023 1:07:00 PM,No Pedestrians Involved,Dry,No Unusual Conditions,Daylight,Violation Driver 1,Controls Functioning,Clear,Head On,Intersection,Motor Vehicle On Other Roadway,Not Applicable,Not Applicable,At,,True,False,124288,COTTLE RD,WEST VALLEY FR,37.24177668,-121.8038958
11045,696150,CR-0000099292,2,1,0,0,23-119-0728,False,False,0,4/29/2023 7:36:00 PM,No Pedestrians Involved,Dry,No Unusual Conditions,Dusk - Dawn,Violation Driver 1,Controls Functioning,Cloudy,Head On,Intersection,Other Vehicle,Not Applicable,Not Applicable,At,,False,False,124288,COTTLE RD,WEST VALLEY FR,37.24177668,-121.8038958
11046,696318,CR-0000099474,2,0,0,0,23-291-0147,False,False,376,10/18/2023 6:39:00 AM,No Pedestrians Involved,Dry,No Unusual Conditions,Daylight,Violation Driver 1,Controls Functioning,Clear,Rear End,Non-Related,Other Vehicle,Not Applicable,Not Applicable,South Of,,False,False,124288,COTTLE RD,WEST VALLEY FR,37.24177668,-121.8038958
11047,696268,CR-0000099415,0,0,0,0,23-104-0481,False,False,800,4/14/2023 2:50:00 PM,No Pedestrians Involved,Dry,No Unusual Conditions,Daylight,Violation Driver 1,No Controls Present/Factor,Clear,Sideswipe,Non-Related,Other Vehicle,Not Applicable,Not Applicable,North Of,,False,False,124288,COTTLE RD,WEST VALLEY FR,37.24177668,-121.8038958
11048,698643,CR-0000099868,0,1,0,0,23-233-0645,False,False,102,8/21/2023 4:24:00 PM,No Pedestrians Involved,Dry,No Unusual Conditions,Daylight,Bike At Fault,No Controls Present/Factor,Clear,Vehicle/Bike,Non-Related,Bike,Not Applicable,Not Applicable,North Of,BIKE,False,False,124288,COTTLE RD,WEST VALLEY FR,37.24177668,-121.8038958
11049,699258,CR-0000100580,0,0,0,0,23-171-4003,False,True,0,6/20/2023 3:00:00 PM,No Pedestrians Involved,Unknown,Unknown,Unknown,Unknown,Unknown,Unknown,Rear End,Intersection,Unknown,Not Applicable,Not Applicable,At,,False,False,124288,COTTLE RD,WEST VALLEY FR,37.24177668,-121.8038958
11050,717475,CR-0000102508,1,1,0,0,24-076-0624,False,False,0,3/16/2024 5:06:00 PM,No Pedestrians Involved,Dry,No Unusual Conditions,Daylight,Violation Driver 1,Controls Functioning,Clear,Broadside,Intersection,Other Vehicle,Not Applicable,Not Applicable,At,,False,False,124288,COTTLE RD,WEST VALLEY FR,37.24177668,-121.8038958
11051,683451,CR-0000093047,0,0,0,0,22-081-0726,False,False,0,3/22/2022 5:25:00 PM,No Pedestrians Involved,Dry,No Unusual Conditions,Daylight,Violation Driver 1,Controls Functioning,Clear,Sideswipe,Intersection,Other Vehicle,Not Applicable,Not Applicable,At,,False,False,53437,EAGLES LN,TRADEWINDS DR,37.2537523,-121.8218726
11052,699176,CR-0000100496,0,0,0,0,23-169-0097,False,False,0,6/18/2023 1:00:00 AM,No Pedestrians Involved,Dry,No Unusual Conditions,Dark - Street Light,Violation Driver 1,No Controls Present/Factor,Clear,Broadside,Intersection,Other Vehicle,Not Applicable,Not Applicable,At,,False,True,53437,EAGLES LN,TRADEWINDS DR,37.2537523,-121.8218726
11053,698814,CR-0000100096,1,0,0,0,23-340-0719,False,False,0,12/6/2023 7:49:00 PM,Crossing In Crosswalk - At Intersection,Wet,No Unusual Conditions,Dark - Street Light,Violation Driver 1,Controls Functioning,Snow,Vehicle/Pedestrian,Intersection,Pedestrian,East,West,At,PED,False,False,46221,CROSSMILL CT,UMBARGER RD,37.30578533,-121.8287959
11054,683165,CR-0000092745,0,0,0,0,22-038-9703,False,True,0,2/5/2022 2:35:00 PM,No Pedestrians Involved,Dry,No Unusual Conditions,Daylight,Unknown,Controls Functioning,Clear,Rear End,Intersection,Other Vehicle,Not Applicable,Not Applicable,At,,False,False,33010,CAPITOL EX,TOWERS LN,37.30567653,-121.8128193
11055,681671,CR-0000091068,0,0,0,0,22-068-4001,False,True,,3/9/2022 2:40:00 PM,No Pedestrians Involved,Unknown,Unknown,Daylight,Unknown,Unknown,Unknown,Rear End,Related,Other Vehicle,Not Applicable,Not Applicable,East Of,,False,False,33010,CAPITOL EX,TOWERS LN,37.30567653,-121.8128193
11056,698865,CR-0000100148,1,0,0,0,23-364-0340,False,False,0,12/30/2023 12:29:00 PM,No Pedestrians Involved,Wet,No Unusual Conditions,Daylight,Violation Driver 1,Controls Functioning,Rain,Rear End,Intersection,Other Vehicle,Not Applicable,Not Applicable,At,,True,False,33010,CAPITOL EX,TOWERS LN,37.30567653,-121.8128193
11057,719627,CR-0000102786,0,0,0,0,24-004-0211,False,False,0,1/4/2024 9:04:00 AM,No Pedestrians Involved,Dry,No Unusual Conditions,Daylight,Violation Driver 1,Controls Functioning,Clear,Rear End,Intersection,Other Vehicle,Not Applicable,Not Applicable,At,,False,False,33010,CAPITOL EX,TOWERS LN,37.30567653,-121.8128193
11058,716005,CR-0000101872,0,0,0,0,23-333-0037,False,False,0,11/29/2023 1:00:00 AM,No Pedestrians Involved,Dry,No Unusual Conditions,Dark - Street Light,Violation Driver 1,No Controls Present/Factor,Clear,Hit Object,Intersection,Fixed Object,Not Applicable,Not Applicable,At,CEMENT ISLAND,False,True,33010,CAPITOL EX,TOWERS LN,37.30567653,-121.8128193
11059,692523,CR-0000097812,0,1,1,0,22-107-0511,True,False,47,4/17/2022 3:49:00 PM,No Pedestrians Involved,Dry,No Unusual Conditions,Daylight,Violation Driver 1,No Controls Present/Factor,Clear,Hit Object,Related,Fixed Object,Not Applicable,Not Applicable,North Of,"Tree, fence",False,False,117402,MCABEE RD,THORNTREE DR,37.23273619,-121.8765055
11060,694352,CR-0000098296,0,0,1,0,23-162-0238,True,False,33,6/11/2023 7:05:00 AM,No Pedestrians Involved,Dry,No Unusual Conditions,Daylight,Violation Driver 1,Controls Functioning,Clear,Hit Object,Related,Fixed Object,Not Applicable,Not Applicable,North Of,TREE,True,False,117402,MCABEE RD,THORNTREE DR,37.23273619,-121.8765055
11061,682879,CR-0000092454,0,0,0,0,22-177-4007,False,True,,6/26/2022 9:00:00 AM,No Pedestrians Involved,Unknown,Unknown,Daylight,Unknown,Unknown,Unknown,Other,Related,Other Vehicle,Not Applicable,Not Applicable,South Of,,False,True,88197,MARSH MANOR WY,MEADOW GLEN WY/CT,37.30289548,-121.8087933
11062,683324,CR-0000092910,0,0,0,0,22-123-4001,False,True,51,4/30/2022 2:00:00 PM,No Pedestrians Involved,Unknown,Unknown,Daylight,Unknown,Unknown,Unknown,Broadside,Non-Related,Parked Vehicle,Not Applicable,Not Applicable,North Of,,False,False,96546,NORWOOD AV,SWEETLEAF CT,37.33203454,-121.7813311
11063,689768,CR-0000095790,1,0,0,0,22-159-0800,False,False,99,6/8/2022 6:09:00 PM,No Pedestrians Involved,Dry,Unknown,Daylight,Violation Driver 1,No Controls Present/Factor,Clear,Rear End,Non-Related,Parked Vehicle,Not Applicable,Not Applicable,East Of,,False,True,96546,NORWOOD AV,SWEETLEAF CT,37.33203454,-121.7813311
11064,681368,CR-0000090755,0,1,0,0,22-017-0575,False,False,280,1/17/2022 4:45:00 PM,No Pedestrians Involved,Dry,No Unusual Conditions,Daylight,Violation Driver 1,No Controls Present/Factor,Clear,Broadside,Non-Related,Other Vehicle,Not Applicable,Not Applicable,West Of,,False,False,114883,MCKAY DR,RINGWOOD AV,37.38859754,-121.8939466
11065,688947,CR-0000094806,1,0,0,0,22-283-0233,False,False,0,10/10/2022 8:22:00 AM,No Pedestrians Involved,Dry,No Unusual Conditions,Daylight,Violation Driver 1,Controls Functioning,Clear,Head On,Intersection,Motor Vehicle On Other Roadway,Not Applicable,Not Applicable,At,,False,False,114883,MCKAY DR,RINGWOOD AV,37.38859754,-121.8939466
11066,688738,CR-0000094564,0,0,0,0,22-238-4003,False,True,0,8/23/2022 6:15:00 PM,No Pedestrians Involved,Unknown,Unknown,Dusk - Dawn,Unknown,Unknown,Unknown,Sideswipe,Intersection,Unknown,Not Applicable,Not Applicable,At,,False,True,97382,OLD STONE WY,ORANGESTONE WY,37.3919864,-121.8697703
11067,682920,CR-0000092485,1,0,0,0,22-169-0570,False,False,42,6/18/2022 3:48:00 PM,No Pedestrians Involved,Dry,No Unusual Conditions,Daylight,Violation Driver 1,No Controls Present/Factor,Clear,Rear End,Related,Other Vehicle,Not Applicable,Not Applicable,North Of,,True,True,96909,OAKLAND RD,WAYNE AV,37.38732193,-121.899073
11068,683137,CR-0000092707,0,0,0,0,22-045-9702,False,True,0,2/13/2022 5:00:00 PM,No Pedestrians Involved,Dry,No Unusual Conditions,Daylight,Unknown,No Controls Present/Factor,Clear,Sideswipe,Intersection,Other Vehicle,Not Applicable,Not Applicable,At,,False,False,126378,HILLSDALE AV,COMMUNICATIONS HILL/VISTAPARK,37.28021287,-121.8542729
11069,712159,CR-0000101542,0,0,0,0,23-349-0910,True,False,132,12/6/2023 10:40:00 PM,No Pedestrians Involved,Wet,No Unusual Conditions,Dark - Street Light,Violation Driver 1,Controls Functioning,Cloudy,Hit Object,Non-Related,Fixed Object,Not Applicable,Not Applicable,East Of,SIGN,True,False,126378,HILLSDALE AV,COMMUNICATIONS HILL/VISTAPARK,37.28021287,-121.8542729
11070,681867,CR-0000091348,1,0,0,0,22-063-0187,False,False,0,3/4/2022 8:25:00 AM,No Pedestrians Involved,Dry,Unknown,Daylight,Violation Driver 1,Controls Functioning,Clear,Vehicle/Bike,Intersection,Bike,Not Applicable,Not Applicable,At,BIKE,False,False,126390,COPPERFIELD DR,SANDPEBBLE DR,37.27574239,-121.8546745
11071,682175,CR-0000091729,0,0,0,0,22-067-0149,True,False,42,3/8/2022 6:09:00 AM,No Pedestrians Involved,Dry,No Unusual Conditions,Dusk - Dawn,Violation Driver 1,No Controls Present/Factor,Clear,Hit Object,Related,Fixed Object,Not Applicable,Not Applicable,North Of,Tree,True,False,126390,COPPERFIELD DR,SANDPEBBLE DR,37.27574239,-121.8546745
11072,684945,CR-0000093625,0,0,0,0,22-213-0656,False,False,0,8/1/2022 4:15:00 PM,No Pedestrians Involved,Dry,No Unusual Conditions,Daylight,Violation Driver 1,No Controls Present/Factor,Clear,Head On,Intersection,Motor Vehicle On Other Roadway,Not Applicable,Not Applicable,At,,False,False,126390,COPPERFIELD DR,SANDPEBBLE DR,37.27574239,-121.8546745
11073,698743,CR-0000099995,1,0,1,0,23-272-1057,False,False,0,9/29/2023 11:37:00 PM,No Pedestrians Involved,Dry,No Unusual Conditions,Dark - Street Light,Violation Driver 1,No Controls Present/Factor,Cloudy,Broadside,Intersection,Other Vehicle,Not Applicable,Not Applicable,At,,False,False,18622,BIRD AV,FULLER AV,37.31797415,-121.8977136
11074,711797,CR-0000101174,0,0,0,0,23-319-0889,False,False,0,11/15/2023 11:15:00 PM,No Pedestrians Involved,Wet,No Unusual Conditions,Dark - Street Light,Unknown,No Controls Present/Factor,Clear,Hit Object,Intersection,Fixed Object,Not Applicable,Not Applicable,At,MEDIAN,False,False,18622,BIRD AV,FULLER AV,37.31797415,-121.8977136
11075,689379,CR-0000095339,0,0,0,0,22-328-0259,False,False,62,11/24/2022 10:31:00 AM,No Pedestrians Involved,Dry,No Unusual Conditions,Daylight,Violation Driver 1,No Controls Present/Factor,Clear,Rear End,Non-Related,Parked Vehicle,Not Applicable,Not Applicable,East Of,,False,False,18644,BIRD AV,HULL AV,37.31709397,-121.897769
11076,683408,CR-0000093001,0,0,0,0,22-147-1015,False,False,190,5/27/2022 10:00:00 PM,No Pedestrians Involved,Dry,No Unusual Conditions,Dark - Street Light,Violation Driver 1,No Controls Present/Factor,Clear,Head On,Non-Related,Parked Vehicle,Not Applicable,Not Applicable,East Of,,True,False,90166,MCLELLAN AV,WILLOW ST,37.31620222,-121.8869265
11077,682520,CR-0000092087,1,0,0,0,22-094-0729,False,False,0,4/4/2022 6:06:00 PM,No Pedestrians Involved,Dry,No Unusual Conditions,Daylight,Bike At Fault,No Controls Present/Factor,Clear,Vehicle/Bike,Intersection,Bike,Not Applicable,Not Applicable,At,BIKE,False,False,101860,PREVOST ST,VIRGINIA ST,37.31992396,-121.8910908
11078,684741,CR-0000093464,0,1,0,0,22-185-0070,False,False,310,7/4/2022 12:56:00 AM,No Pedestrians Involved,Dry,No Unusual Conditions,Dark - Street Light,Violation Driver 1,No Controls Present/Factor,Clear,Other,Non-Related,Other Object,Not Applicable,Not Applicable,East Of,E. Scooter,True,False,101860,PREVOST ST,VIRGINIA ST,37.31992396,-121.8910908
11079,685360,CR-0000094086,0,0,0,0,22-227-0890,False,False,432,8/15/2022 8:29:00 PM,No Pedestrians Involved,Dry,No Unusual Conditions,Dark - No Street Light,Bike At Fault,Controls Functioning,Clear,Vehicle/Bike,Non-Related,Bike,Not Applicable,Not Applicable,South Of,BICYCLIST,False,False,20250,BLOSSOM HILL RD,MERIDIAN AV,37.24317888,-121.8895245
11080,689420,CR-0000095363,1,0,0,0,22-327-0429,False,False,27,11/23/2022 2:40:00 PM,Crossing In Crosswalk - At Intersection,Dry,No Unusual Conditions,Daylight,Violation Driver 1,Controls Functioning,Clear,Vehicle/Pedestrian,Related,Pedestrian,West,East,West Of,PED(2),False,True,20250,BLOSSOM HILL RD,MERIDIAN AV,37.24317888,-121.8895245
11081,689416,CR-0000095350,1,0,0,0,22-333-0210,False,False,0,11/29/2022 8:30:00 AM,No Pedestrians Involved,Dry,No Unusual Conditions,Daylight,Violation Driver 1,Controls Functioning,Clear,Broadside,Intersection,Other Vehicle,Not Applicable,Not Applicable,At,,False,False,20250,BLOSSOM HILL RD,MERIDIAN AV,37.24317888,-121.8895245
11082,682356,CR-0000091919,0,0,0,0,22-100-9706,False,True,0,4/10/2022 1:35:00 PM,No Pedestrians Involved,Dry,No Unusual Conditions,Daylight,Violation Driver 1,Controls Functioning,Clear,Rear End,Intersection,Other Vehicle,Not Applicable,Not Applicable,At,,False,True,20250,BLOSSOM HILL RD,MERIDIAN AV,37.24317888,-121.8895245
11083,681267,CR-0000090653,0,2,0,0,22-007-0720,False,False,0,1/7/2022 7:41:00 PM,No Pedestrians Involved,Dry,No Unusual Conditions,Dark - Street Light,Violation Driver 1,Controls Functioning,Clear,Broadside,Intersection,Other Vehicle,Not Applicable,Not Applicable,At,,False,False,20250,BLOSSOM HILL RD,MERIDIAN AV,37.24317888,-121.8895245
11084,694436,CR-0000098400,1,1,0,0,23-159-0535,False,False,25,6/8/2023 2:20:00 PM,No Pedestrians Involved,Dry,No Unusual Conditions,Daylight,Violation Driver 1,Controls Functioning,Clear,Hit Object,Related,Fixed Object,Not Applicable,Not Applicable,East Of,,True,False,20250,BLOSSOM HILL RD,MERIDIAN AV,37.24317888,-121.8895245
11085,689808,CR-0000095835,0,0,1,0,22-273-0695,False,False,0,9/30/2022 4:05:00 PM,No Pedestrians Involved,Dry,No Unusual Conditions,Daylight,Bike At Fault,Controls Functioning,Clear,Vehicle/Bike,Intersection,Bike,Not Applicable,Not Applicable,At,BIKE,False,False,20250,BLOSSOM HILL RD,MERIDIAN AV,37.24317888,-121.8895245
11086,711794,CR-0000101323,0,0,0,0,23-338-0777,False,False,394,12/4/2023 5:55:00 PM,No Pedestrians Involved,Dry,No Unusual Conditions,Dark - Street Light,Violation Driver 1,Controls Functioning,Clear,Broadside,Non-Related,Other Vehicle,Not Applicable,Not Applicable,South Of,,True,True,20250,BLOSSOM HILL RD,MERIDIAN AV,37.24317888,-121.8895245
11087,716377,CR-0000102344,1,0,0,0,24-053-0598,False,False,0,2/22/2024 4:00:00 PM,No Pedestrians Involved,Dry,No Unusual Conditions,Daylight,Violation Driver 1,Controls Functioning,Clear,Rear End,Intersection,Other Vehicle,Not Applicable,Not Applicable,At,,True,True,20250,BLOSSOM HILL RD,MERIDIAN AV,37.24317888,-121.8895245
11088,694102,CR-0000097946,1,0,0,0,23-076-0204,False,False,0,3/18/2023 7:06:00 PM,No Pedestrians Involved,Dry,No Unusual Conditions,Daylight,Violation Driver 1,No Controls Present/Factor,Clear,Broadside,Intersection,Other Vehicle,Not Applicable,Not Applicable,At,,False,False,7842,ANTWERP LN,MERIDIAN AV,37.24087922,-121.8877437
11089,696323,CR-0000099479,0,1,0,0,23-300-0474,False,False,0,10/27/2023 1:47:00 PM,No Pedestrians Involved,Dry,No Unusual Conditions,Daylight,Violation Driver 1,Controls Functioning,Clear,Sideswipe,Intersection,Other Vehicle,Not Applicable,Not Applicable,At,,False,False,7842,ANTWERP LN,MERIDIAN AV,37.24087922,-121.8877437
11090,683340,CR-0000092928,1,0,0,0,22-142-0218,False,False,230,5/22/2022 3:58:00 AM,No Pedestrians Involved,Dry,No Unusual Conditions,Dark - Street Light,Violation Driver 1,No Controls Present/Factor,Clear,Sideswipe,Non-Related,Parked Vehicle,Not Applicable,Not Applicable,East Of,,False,False,110714,STATE ST,VIRGINIA ST,37.32299213,-121.8831957
11091,696376,CR-0000099534,0,0,0,0,23-156-9709,False,True,51,5/27/2023 6:31:00 PM,No Pedestrians Involved,Dry,No Unusual Conditions,Daylight,Unknown,No Controls Present/Factor,Clear,Rear End,Non-Related,Other Vehicle,Not Applicable,Not Applicable,South Of,,False,False,110714,STATE ST,VIRGINIA ST,37.32299213,-121.8831957
11092,722083,CR-0000103337,0,0,0,0,24-066-0269,False,False,170,3/6/2024 9:06:00 AM,No Pedestrians Involved,Unknown,No Unusual Conditions,Unknown,Violation Driver 1,Controls Functioning,Rain,Broadside,Non-Related,Parked Vehicle,Not Applicable,Not Applicable,West Of,,False,False,110714,STATE ST,VIRGINIA ST,37.32299213,-121.8831957
11093,722236,CR-0000103502,0,0,0,0,24-083-0092,False,False,61,3/23/2024 3:00:00 AM,No Pedestrians Involved,Wet,No Unusual Conditions,Dark - Street Light,Violation Driver 1,Controls Functioning,Clear,Head On,Non-Related,Parked Vehicle,Not Applicable,Not Applicable,West Of,,False,True,60664,FIRST ST,SUTTER ST,37.32337328,-121.8809503
11094,682002,CR-0000091511,0,2,0,0,22-079-0003,False,False,0,3/20/2022 12:21:00 AM,No Pedestrians Involved,Wet,No Unusual Conditions,Dark - Street Light,Violation Driver 1,Controls Functioning,Cloudy,Broadside,Intersection,Other Vehicle,Not Applicable,Not Applicable,At,,False,False,50786,DEVINE ST,MARKET ST,37.33911713,-121.8947732
11095,688864,CR-0000094720,0,0,0,0,22-223-4007,False,True,0,7/28/2022 1:36:00 PM,No Pedestrians Involved,Unknown,Unknown,Daylight,Unknown,Unknown,Unknown,Broadside,Intersection,Other Vehicle,Not Applicable,Not Applicable,At,,False,False,50786,DEVINE ST,MARKET ST,37.33911713,-121.8947732
11096,689080,CR-0000094907,0,0,0,0,22-288-0091,False,False,111,10/15/2022 1:41:00 AM,No Pedestrians Involved,Dry,No Unusual Conditions,Dark - Street Light,Violation Driver 1,Controls Functioning,Clear,Sideswipe,Non-Related,Other Vehicle,Not Applicable,Not Applicable,North Of,,True,True,50786,DEVINE ST,MARKET ST,37.33911713,-121.8947732
11097,685089,CR-0000093764,0,1,0,0,22-222-0612,False,False,0,8/10/2022 3:30:00 PM,No Pedestrians Involved,Dry,No Unusual Conditions,Daylight,Violation Driver 1,No Controls Present/Factor,Clear,Broadside,Intersection,Motorcycle,Not Applicable,Not Applicable,At,,False,False,50786,DEVINE ST,MARKET ST,37.33911713,-121.8947732
11098,683122,CR-0000092677,1,0,0,0,22-160-0436,False,False,0,6/9/2022 1:32:00 PM,Crossing - Not In Crosswalk,Dry,No Unusual Conditions,Daylight,Violation Driver 1,No Controls Present/Factor,Clear,Vehicle/Pedestrian,Intersection,Pedestrian,East,West,At,PEDESTRIAN,False,False,50786,DEVINE ST,MARKET ST,37.33911713,-121.8947732
11099,711983,CR-0000101149,0,0,0,0,23-286-9702,False,True,0,10/5/2023 4:50:00 PM,No Pedestrians Involved,Dry,No Unusual Conditions,Daylight,Unknown,Controls Functioning,Clear,Broadside,Intersection,Other Vehicle,Not Applicable,Not Applicable,At,,False,False,50786,DEVINE ST,MARKET ST,37.33911713,-121.8947732