_id,CrashFactId,Name,MinorInjuries,ModerateInjuries,SevereInjuries,FatalInjuries,TcrNumber,CityDamageFlag,ShortFormFlag,Distance,CrashDateTime,PedestrianAction,RoadwaySurface,RoadwayCondition,Lighting,PrimaryCollisionFactor,TrafficControl,Weather,CollisionType,ProximityToIntersection,VehicleInvolvedWith,PedestrianDirectionFrom,PedestrianDirectionTo,DirectionFromIntersection,Comment,SpeedingFlag,HitAndRunFlag,IntersectionNumber,AStreetName,BStreetName,Latitude,Longitude
11100,687459,CR-0000094238,0,0,0,0,22-254-0857,False,False,0,9/11/2022 9:05:00 PM,No Pedestrians Involved,Dry,Unknown,Dark - Street Light,Violation Driver 1,No Controls Present/Factor,Clear,Rear End,Intersection,Parked Vehicle,Not Applicable,Not Applicable,At,,True,False,14300,BASSETT ST,SECOND ST,37.34215073,-121.8935994
11101,682354,CR-0000091917,0,0,0,0,22-100-0410,False,False,42,4/10/2022 2:55:00 PM,No Pedestrians Involved,Dry,No Unusual Conditions,Daylight,Violation Driver 1,Controls Functioning,Clear,Sideswipe,Related,Parked Vehicle,Not Applicable,Not Applicable,South Of,,False,True,110703,STATE ST,UNION ST,37.32364287,-121.8838603
11102,691303,CR-0000097548,0,0,0,0,23-060-0854,False,False,251,3/1/2023 9:30:00 PM,No Pedestrians Involved,Dry,No Unusual Conditions,Dark - Street Light,Unknown,No Controls Present/Factor,Clear,Sideswipe,Non-Related,Parked Vehicle,Not Applicable,Not Applicable,East Of,,False,False,52755,DUANE ST,STATE ST,37.32449622,-121.884583
11103,682640,CR-0000092216,2,0,0,0,22-152-0721,False,False,0,6/2/2022 5:22:00 PM,No Pedestrians Involved,Dry,No Unusual Conditions,Daylight,Violation Driver 1,Controls Functioning,Clear,Broadside,Intersection,Other Vehicle,Not Applicable,Not Applicable,At,,False,False,60697,FIRST ST,UNION ST,37.32479113,-121.88209
11104,689455,CR-0000095431,1,0,0,0,22-307-0300,False,False,0,11/3/2022 10:05:00 AM,Crossing In Crosswalk - At Intersection,Dry,No Unusual Conditions,Daylight,Violation Driver 1,Unknown,Clear,Vehicle/Pedestrian,Intersection,Pedestrian,South,North,At,PED,False,False,60697,FIRST ST,UNION ST,37.32479113,-121.88209
11105,689442,CR-0000095417,2,0,0,0,22-320-0509,False,False,0,11/16/2022 2:32:00 PM,No Pedestrians Involved,Dry,No Unusual Conditions,Daylight,Violation Driver 1,Controls Functioning,Clear,Rear End,Intersection,Other Vehicle,Not Applicable,Not Applicable,At,,False,False,60697,FIRST ST,UNION ST,37.32479113,-121.88209
11106,690991,CR-0000097162,0,0,0,0,23-041-4003,False,True,51,2/9/2023 4:00:00 PM,No Pedestrians Involved,Unknown,Unknown,Daylight,Unknown,Unknown,Unknown,Other,Non-Related,Parked Vehicle,Not Applicable,Not Applicable,South Of,,False,False,60697,FIRST ST,UNION ST,37.32479113,-121.88209
11107,694576,CR-0000098600,0,0,1,0,23-183-0185,False,False,0,7/2/2023 2:59:00 AM,In Road - Includes Shoulder,Dry,No Unusual Conditions,Dark - Street Light,Violation Driver 1,No Controls Present/Factor,Clear,Vehicle/Pedestrian,Intersection,Pedestrian,Not Applicable,Not Applicable,At,PED,True,True,60697,FIRST ST,UNION ST,37.32479113,-121.88209
11108,699052,CR-0000100358,1,0,0,0,23-202-0507,False,False,0,7/21/2023 12:55:00 PM,No Pedestrians Involved,Dry,No Unusual Conditions,Daylight,Violation Driver 1,Controls Functioning,Clear,Broadside,Intersection,Other Vehicle,Not Applicable,Not Applicable,At,,False,True,60697,FIRST ST,UNION ST,37.32479113,-121.88209
11109,712223,CR-0000101666,0,0,0,0,23-262-0294,False,False,97,9/19/2023 10:20:00 AM,No Pedestrians Involved,Dry,Unknown,Daylight,Violation Driver 1,No Controls Present/Factor,Clear,Broadside,Non-Related,Other Vehicle,Not Applicable,Not Applicable,North Of,,False,False,60697,FIRST ST,UNION ST,37.32479113,-121.88209
11110,684727,CR-0000093352,0,0,0,0,22-182-0362,False,False,0,7/1/2022 11:30:00 AM,No Pedestrians Involved,Dry,No Unusual Conditions,Daylight,Violation Driver 1,No Controls Present/Factor,Clear,Broadside,Intersection,Other Vehicle,Not Applicable,Not Applicable,At,,True,True,73787,HOPKINS DR,NEWTON AV,37.34119003,-121.8351644
11111,681773,CR-0000091173,0,0,0,0,22-054-9711,False,True,,2/12/2022 2:20:00 PM,No Pedestrians Involved,Dry,No Unusual Conditions,Daylight,Unknown,No Controls Present/Factor,Clear,Rear End,Related,Parked Vehicle,Not Applicable,Not Applicable,East Of,,False,False,73787,HOPKINS DR,NEWTON AV,37.34119003,-121.8351644
11112,682483,CR-0000092050,0,0,0,0,22-112-4001,False,True,51,4/20/2022 11:00:00 AM,No Pedestrians Involved,Unknown,Unknown,Daylight,Unknown,Unknown,Unknown,Sideswipe,Non-Related,Other Vehicle,Not Applicable,Not Applicable,East Of,,False,True,29380,CALVIEW LN,SULLIVAN AV,37.33975777,-121.8316391
11113,694451,CR-0000098416,0,0,1,0,23-154-0736,False,False,,6/3/2023 8:42:00 PM,Crossing - Not In Crosswalk,Dry,No Unusual Conditions,Daylight,Violation Driver 1,Unknown,Clear,Vehicle/Pedestrian,Related,Pedestrian,North,South,East Of,PED,True,True,73820,HOPKINS DR,SULLIVAN AV,37.33893299,-121.8329744
11114,690148,CR-0000096236,0,0,0,0,22-347-0149,False,False,290,12/13/2022 6:22:00 AM,No Pedestrians Involved,Dry,No Unusual Conditions,Dark - No Street Light,Violation Driver 1,No Controls Present/Factor,Clear,Broadside,Non-Related,Other Vehicle,Not Applicable,Not Applicable,North Of,,True,True,73820,HOPKINS DR,SULLIVAN AV,37.33893299,-121.8329744
11115,716137,CR-0000102076,1,0,0,0,24-011-9708,False,True,0,1/11/2024 8:40:00 AM,No Pedestrians Involved,Dry,No Unusual Conditions,Daylight,Unknown,Controls Functioning,Clear,Rear End,Intersection,Other Vehicle,Not Applicable,Not Applicable,At,,False,False,73820,HOPKINS DR,SULLIVAN AV,37.33893299,-121.8329744
11116,683309,CR-0000092895,0,0,0,0,22-135-0092,False,False,105,5/15/2022 1:55:00 AM,No Pedestrians Involved,Dry,No Unusual Conditions,Dark - Street Light,Unknown,Controls Functioning,Clear,Sideswipe,Non-Related,Parked Vehicle,Not Applicable,Not Applicable,East Of,,True,True,73809,HOPKINS DR,SIMON AV,37.3383662,-121.8324255
11117,685272,CR-0000093952,0,0,0,0,22-211-0907,False,False,53,7/30/2022 9:14:00 PM,No Pedestrians Involved,Dry,No Unusual Conditions,Dark - Street Light,Violation Driver 1,Controls Functioning,Clear,Sideswipe,Non-Related,Parked Vehicle,Not Applicable,Not Applicable,North Of,,True,False,73809,HOPKINS DR,SIMON AV,37.3383662,-121.8324255
11118,690993,CR-0000097164,0,0,0,0,23-041-4007,False,True,51,2/10/2023 5:04:00 PM,No Pedestrians Involved,Unknown,Unknown,Unknown,Unknown,Unknown,Unknown,Broadside,Non-Related,Parked Vehicle,Not Applicable,Not Applicable,East Of,,False,False,73809,HOPKINS DR,SIMON AV,37.3383662,-121.8324255
11119,694501,CR-0000098495,1,0,0,0,23-191-0408,True,False,359,7/10/2023 11:40:00 AM,No Pedestrians Involved,Dry,No Unusual Conditions,Daylight,Violation Driver 1,Unknown,Clear,Hit Object,Non-Related,Fixed Object,Not Applicable,Not Applicable,South Of,TREE,False,False,73809,HOPKINS DR,SIMON AV,37.3383662,-121.8324255
11120,699259,CR-0000100581,0,0,0,0,23-166-9707,False,True,,6/12/2023 3:40:00 AM,No Pedestrians Involved,Dry,No Unusual Conditions,Dark - Street Light,Unknown,Unknown,Clear,Broadside,Related,Parked Vehicle,Not Applicable,Not Applicable,North Of,,False,False,3662,ALFRED WY,HOPKINS DR,37.33668638,-121.8307951
11121,722148,CR-0000103414,0,0,0,0,24-073-0359,False,False,150,3/13/2024 11:30:00 AM,No Pedestrians Involved,Dry,No Unusual Conditions,Daylight,Violation Driver 1,No Controls Present/Factor,Cloudy,Rear End,Non-Related,Parked Vehicle,Not Applicable,Not Applicable,North Of,,True,True,57738,EVELYN AV,KARL ST,37.33730682,-121.8269023
11122,683524,CR-0000093122,0,0,1,0,22-203-0770,True,False,100,7/22/2022 7:12:00 PM,No Pedestrians Involved,Unknown,Unknown,Daylight,Unknown,No Controls Present/Factor,Clear,Broadside,Non-Related,Parked Vehicle,Not Applicable,Not Applicable,West Of,"AIRCRAFT
POWERPOLE/HOUSE, TREE",False,False,78319,KARL ST,OCALA AV,37.33671245,-121.8263225
11123,690843,CR-0000096984,3,0,0,0,23-022-0750,False,False,0,1/22/2023 8:08:00 PM,No Pedestrians Involved,Dry,No Unusual Conditions,Dark - Street Light,Violation Driver 1,No Controls Present/Factor,Clear,Head On,Intersection,Other Vehicle,Not Applicable,Not Applicable,At,,False,False,49004,DAYTONA DR,OCALA AV,37.33550829,-121.8281033
11124,722081,CR-0000103335,0,0,0,0,24-065-4000,False,True,51,3/5/2024 7:00:00 AM,No Pedestrians Involved,Unknown,Unknown,Unknown,Unknown,Unknown,Unknown,Sideswipe,Non-Related,Parked Vehicle,Not Applicable,Not Applicable,South Of,,False,False,49004,DAYTONA DR,OCALA AV,37.33550829,-121.8281033
11125,685270,CR-0000093950,0,0,0,0,22-213-9705,False,True,0,7/30/2022 10:30:00 PM,No Pedestrians Involved,Dry,No Unusual Conditions,Dark - Street Light,Unknown,No Controls Present/Factor,Clear,Sideswipe,Intersection,Other Vehicle,Not Applicable,Not Applicable,At,,False,False,38939,CHRISTOPHER ST,FLORIDA AV,37.33533895,-121.84115
11126,689679,CR-0000095661,1,0,0,0,22-316-0250,False,False,66,11/12/2022 9:18:00 AM,No Pedestrians Involved,Dry,No Unusual Conditions,Daylight,Violation Driver 1,No Controls Present/Factor,Clear,Head On,Non-Related,Parked Vehicle,Not Applicable,Not Applicable,West Of,,True,False,38940,CHRISTOPHER ST,KING RD,37.33630167,-121.8396093
11127,696491,CR-0000099669,3,0,0,0,23-333-0307,False,False,311,11/29/2023 10:14:00 AM,No Pedestrians Involved,Dry,No Unusual Conditions,Daylight,Violation Driver 1,No Controls Present/Factor,Clear,Broadside,Non-Related,Other Vehicle,Not Applicable,Not Applicable,South Of,,False,False,38940,CHRISTOPHER ST,KING RD,37.33630167,-121.8396093
11128,696410,CR-0000099587,1,0,0,0,23-285-0607,False,False,0,10/12/2023 3:09:00 PM,No Pedestrians Involved,Dry,No Unusual Conditions,Daylight,Violation Driver 1,Controls Functioning,Clear,Vehicle/Bike,Intersection,Bike,Not Applicable,Not Applicable,At,BIKE,False,False,38940,CHRISTOPHER ST,KING RD,37.33630167,-121.8396093
11129,696124,CR-0000099266,0,0,0,0,23-235-0499,False,False,178,8/23/2023 2:07:00 PM,No Pedestrians Involved,Dry,No Unusual Conditions,Daylight,Violation Driver 1,No Controls Present/Factor,Clear,Broadside,Non-Related,Other Vehicle,Not Applicable,Not Applicable,South Of,,False,True,38940,CHRISTOPHER ST,KING RD,37.33630167,-121.8396093
11130,719716,CR-0000102888,0,0,0,0,24-011-4001,False,True,51,1/9/2024 11:01:00 PM,No Pedestrians Involved,Unknown,Unknown,Unknown,Unknown,Unknown,Unknown,Other,Non-Related,Parked Vehicle,Not Applicable,Not Applicable,West Of,,False,False,38940,CHRISTOPHER ST,KING RD,37.33630167,-121.8396093
11131,715940,CR-0000101805,0,0,0,0,23-138-0818,False,False,0,5/18/2023 5:59:00 PM,No Pedestrians Involved,Dry,Unknown,Daylight,Violation Driver 1,Controls Functioning,Clear,Broadside,Intersection,Other Vehicle,Not Applicable,Not Applicable,At,,False,True,38940,CHRISTOPHER ST,KING RD,37.33630167,-121.8396093
11132,699456,CR-0000100792,0,0,0,0,23-197-0805,False,False,0,7/16/2023 8:23:00 PM,No Pedestrians Involved,Dry,Unknown,Dusk - Dawn,Violation Driver 1,Controls Functioning,Clear,Broadside,Intersection,Other Vehicle,Not Applicable,Not Applicable,At,,True,True,38940,CHRISTOPHER ST,KING RD,37.33630167,-121.8396093
11133,681666,CR-0000091063,0,0,0,0,22-064-4003,False,True,,3/5/2022 3:20:00 PM,No Pedestrians Involved,Unknown,Unknown,Daylight,Unknown,Unknown,Unknown,Sideswipe,Related,Other Vehicle,Not Applicable,Not Applicable,East Of,,False,False,19931,BLOSSOM HILL RD,CONISTON WY,37.24684493,-121.8853224
11134,696458,CR-0000099635,1,0,0,0,23-334-0377,False,False,18,11/30/2023 9:30:00 AM,Crossing In Crosswalk - At Intersection,Dry,No Unusual Conditions,Daylight,Violation Driver 1,Controls Functioning,Clear,Vehicle/Pedestrian,Related,Pedestrian,South,North,East Of,,False,False,19931,BLOSSOM HILL RD,CONISTON WY,37.24684493,-121.8853224
11135,682714,CR-0000092292,0,1,0,0,22-147-0271,False,False,0,5/27/2022 9:00:00 AM,In Road - Includes Shoulder,Dry,No Unusual Conditions,Daylight,Violation Driver 1,Controls Functioning,Cloudy,Vehicle/Pedestrian,Intersection,Pedestrian,Unknown,Unknown,At,PEDESTRIAN,False,False,21746,BOOKSIN AV,CURTNER AV,37.28396593,-121.9041737
11136,689376,CR-0000095356,1,0,0,0,22-334-0196,False,False,95,11/30/2022 9:00:00 AM,No Pedestrians Involved,Dry,No Unusual Conditions,Daylight,Violation Driver 1,Controls Functioning,Clear,Broadside,Non-Related,Other Vehicle,Not Applicable,Not Applicable,West Of,,False,False,19964,BLOSSOM HILL RD,CROYDON AV,37.24726731,-121.884577
11137,687557,CR-0000094347,0,1,0,0,22-260-0374,True,False,60,9/17/2022 1:04:00 PM,No Pedestrians Involved,Dry,No Unusual Conditions,Daylight,Violation Driver 1,Unknown,Clear,Hit Object,Non-Related,Fixed Object,Not Applicable,Not Applicable,West Of,LIGHT POLE (19M129),True,False,19964,BLOSSOM HILL RD,CROYDON AV,37.24726731,-121.884577
11138,697587,CR-0000099800,0,0,0,0,23-145-4002,False,True,51,5/25/2023 11:30:00 AM,No Pedestrians Involved,Unknown,Unknown,Daylight,Unknown,Unknown,Unknown,Other,Non-Related,Parked Vehicle,Not Applicable,Not Applicable,South Of,,False,False,19964,BLOSSOM HILL RD,CROYDON AV,37.24726731,-121.884577
11139,696072,CR-0000099207,0,0,0,0,23-036-4002,False,True,,2/5/2023 11:30:00 AM,No Pedestrians Involved,Unknown,Unknown,Unknown,Unknown,Unknown,Unknown,Other,Related,Parked Vehicle,Not Applicable,Not Applicable,South Of,,False,False,97492,OLIVE AV,WABASH AV,37.3253249,-121.926791
11140,683362,CR-0000092952,1,0,0,0,22-177-0317,False,False,215,6/26/2022 9:48:00 AM,No Pedestrians Involved,Dry,No Unusual Conditions,Daylight,Violation Driver 1,No Controls Present/Factor,Clear,Hit Object,Non-Related,Fixed Object,Not Applicable,Not Applicable,South Of,Curb,False,False,41436,COLEMAN AV,NIMITZ FR,37.34991334,-121.9194592
11141,692540,CR-0000097831,1,0,0,0,23-094-0664,True,False,0,4/4/2023 4:09:00 PM,No Pedestrians Involved,Dry,No Unusual Conditions,Daylight,Violation Driver 1,Controls Functioning,Clear,Broadside,Intersection,Other Vehicle,Not Applicable,Not Applicable,At,Tree,False,False,41436,COLEMAN AV,NIMITZ FR,37.34991334,-121.9194592
11142,681829,CR-0000091238,0,0,0,0,22-088-0158,True,False,30,3/29/2022 7:16:00 AM,No Pedestrians Involved,Dry,No Unusual Conditions,Daylight,Violation Driver 1,Controls Not Functioning,Clear,Hit Object,Related,Fixed Object,Not Applicable,Not Applicable,South Of,STREET LIGHT,True,False,2276,AIRPORT BL,COLEMAN AV,37.3507709,-121.9207322
11143,722509,CR-0000103823,1,0,0,0,24-108-0825,False,False,0,4/17/2024 8:05:00 PM,No Pedestrians Involved,Dry,No Unusual Conditions,Dark - Street Light,Violation Driver 1,Controls Functioning,Clear,Rear End,Intersection,Other Vehicle,Not Applicable,Not Applicable,At,,True,False,2276,AIRPORT BL,COLEMAN AV,37.3507709,-121.9207322
11144,683161,CR-0000092749,0,0,0,0,22-039-0704,False,False,62,2/8/2022 4:33:00 PM,No Pedestrians Involved,Dry,No Unusual Conditions,Daylight,Violation Driver 1,Controls Functioning,Clear,Rear End,Non-Related,Other Vehicle,Not Applicable,Not Applicable,North Of,,True,False,41381,COLEMAN AV,MCKENDRIE ST,37.34723642,-121.9162649
11145,681421,CR-0000090811,1,0,0,0,22-025-0426,True,False,0,1/25/2022 1:02:00 PM,No Pedestrians Involved,Dry,No Unusual Conditions,Daylight,Violation Driver 1,Controls Functioning,Clear,Overturned,Intersection,Fixed Object,Not Applicable,Not Applicable,At,TRAFFIC LIGHT,False,False,41381,COLEMAN AV,MCKENDRIE ST,37.34723642,-121.9162649
11146,687448,CR-0000094227,0,0,0,0,22-252-0276,False,False,20,9/9/2022 8:30:00 AM,No Pedestrians Involved,Dry,Unknown,Daylight,Violation Driver 1,Controls Functioning,Clear,Rear End,Related,Other Vehicle,Not Applicable,Not Applicable,East Of,,True,True,41381,COLEMAN AV,MCKENDRIE ST,37.34723642,-121.9162649
11147,691139,CR-0000097339,0,0,0,0,22-002-9706,False,True,0,12/31/2022 6:30:00 PM,No Pedestrians Involved,Wet,Other,Dark - Street Light,Unknown,Controls Functioning,Rain,Sideswipe,Intersection,Other Vehicle,Not Applicable,Not Applicable,At,,False,False,41381,COLEMAN AV,MCKENDRIE ST,37.34723642,-121.9162649
11148,698780,CR-0000100061,1,0,0,0,23-348-0396,False,False,58,12/14/2023 11:57:00 AM,No Pedestrians Involved,Dry,No Unusual Conditions,Daylight,Violation Driver 1,Unknown,Clear,Rear End,Non-Related,Other Vehicle,Not Applicable,Not Applicable,North Of,,True,False,41381,COLEMAN AV,MCKENDRIE ST,37.34723642,-121.9162649
11149,712028,CR-0000101547,0,0,0,0,23-352-0918,True,False,0,12/18/2023 9:35:00 PM,No Pedestrians Involved,Wet,No Unusual Conditions,Dark - Street Light,Violation Driver 1,Controls Functioning,Rain,Hit Object,Intersection,Fixed Object,Not Applicable,Not Applicable,At,SIGN,False,False,41381,COLEMAN AV,MCKENDRIE ST,37.34723642,-121.9162649
11150,717499,CR-0000102541,1,0,0,0,24-075-0756,False,False,86,3/15/2024 7:45:00 PM,No Pedestrians Involved,Dry,No Unusual Conditions,Dusk - Dawn,Violation Driver 1,Controls Functioning,Clear,Rear End,Non-Related,Other Vehicle,Not Applicable,Not Applicable,South Of,,True,False,41381,COLEMAN AV,MCKENDRIE ST,37.34723642,-121.9162649
11151,684713,CR-0000093410,0,0,0,0,22-184-0324,False,False,222,7/3/2022 9:48:00 AM,No Pedestrians Involved,Dry,No Unusual Conditions,Daylight,Violation Driver 1,No Controls Present/Factor,Cloudy,Rear End,Non-Related,Other Vehicle,Not Applicable,Not Applicable,West Of,,False,True,60477,CENTURY CENTER CT,FIRST ST,37.36851633,-121.9147015
11152,682031,CR-0000091542,1,0,0,0,22-064-0131,True,False,100,3/5/2022 3:22:00 AM,No Pedestrians Involved,Wet,No Unusual Conditions,Dark - Street Light,Violation Driver 1,Controls Functioning,Clear,Hit Object,Non-Related,Fixed Object,Not Applicable,Not Applicable,North Of,Street Light,False,False,60477,CENTURY CENTER CT,FIRST ST,37.36851633,-121.9147015
11153,719663,CR-0000102834,0,0,0,0,24-007-0370,False,False,275,1/7/2024 12:30:00 PM,No Pedestrians Involved,Dry,No Unusual Conditions,Daylight,Violation Driver 1,No Controls Present/Factor,Clear,Sideswipe,Non-Related,Motorcycle,Not Applicable,Not Applicable,West Of,MC,False,True,60477,CENTURY CENTER CT,FIRST ST,37.36851633,-121.9147015
11154,696255,CR-0000099403,0,0,0,0,23-112-0415,True,False,78,4/22/2023 1:25:00 PM,No Pedestrians Involved,Dry,Unknown,Daylight,Violation Driver 1,No Controls Present/Factor,Clear,Hit Object,Non-Related,Fixed Object,Not Applicable,Not Applicable,West Of,SIGN,False,False,71532,HEDDING ST,RUFF DR,37.34905114,-121.9112298
11155,719818,CR-0000102991,0,0,0,0,24-036-9714,False,False,51,2/5/2024 11:45:00 AM,No Pedestrians Involved,Wet,No Unusual Conditions,Daylight,Unknown,No Controls Present/Factor,Cloudy,Rear End,Non-Related,Other Vehicle,Not Applicable,Not Applicable,Unknown,,False,False,71532,HEDDING ST,RUFF DR,37.34905114,-121.9112298
11156,720855,CR-0000103058,0,0,0,0,24-044-0290,False,False,44,2/13/2024 8:32:00 AM,No Pedestrians Involved,Dry,No Unusual Conditions,Daylight,Violation Driver 1,Controls Functioning,Clear,Vehicle/Bike,Related,Bike,Not Applicable,Not Applicable,West Of,E.BIKE,False,True,71532,HEDDING ST,RUFF DR,37.34905114,-121.9112298
11157,681287,CR-0000090673,0,0,0,0,22-009-4001,False,True,,1/9/2022 12:20:00 AM,No Pedestrians Involved,Unknown,Unknown,Unknown,Unknown,Unknown,Unknown,Rear End,Related,Other Vehicle,Not Applicable,Not Applicable,Unknown,,False,False,108415,SEVENTH ST,WILLIAM ST,37.33160208,-121.8785384
11158,684947,CR-0000093594,2,0,0,0,22-232-0242,False,False,0,8/20/2022 8:05:00 AM,No Pedestrians Involved,Dry,No Unusual Conditions,Daylight,Violation Driver 1,Controls Functioning,Clear,Broadside,Intersection,Other Vehicle,Not Applicable,Not Applicable,At,,False,False,108415,SEVENTH ST,WILLIAM ST,37.33160208,-121.8785384
11159,687501,CR-0000094291,0,1,0,0,22-259-0877,False,False,0,9/16/2022 7:21:00 PM,No Pedestrians Involved,Dry,No Unusual Conditions,Dark - Street Light,Bike At Fault,Controls Functioning,Clear,Vehicle/Bike,Intersection,Scooter Motorized,Not Applicable,Not Applicable,At,Moto-Scooter,False,False,108415,SEVENTH ST,WILLIAM ST,37.33160208,-121.8785384
11160,696210,CR-0000099354,2,0,0,0,23-101-0513,False,False,0,4/11/2023 2:29:00 PM,No Pedestrians Involved,Dry,No Unusual Conditions,Daylight,Violation Driver 1,Controls Functioning,Clear,Broadside,Intersection,Other Vehicle,Not Applicable,Not Applicable,At,,False,True,108415,SEVENTH ST,WILLIAM ST,37.33160208,-121.8785384
11161,689830,CR-0000095856,1,0,0,0,22-346-0242,False,False,0,12/12/2022 8:57:00 AM,No Pedestrians Involved,Wet,Unknown,Daylight,Violation Driver 1,Controls Functioning,Cloudy,Sideswipe,Intersection,Other Vehicle,Not Applicable,Not Applicable,At,,False,False,108415,SEVENTH ST,WILLIAM ST,37.33160208,-121.8785384
11162,711685,CR-0000101518,0,0,0,0,23-268-4004,False,True,51,9/25/2023 4:05:00 PM,No Pedestrians Involved,Unknown,Unknown,Unknown,Unknown,Unknown,Unknown,Rear End,Non-Related,Parked Vehicle,Not Applicable,Not Applicable,North Of,,False,False,108415,SEVENTH ST,WILLIAM ST,37.33160208,-121.8785384
11163,686420,CR-0000094190,0,0,0,0,22-251-0433,False,False,0,9/8/2022 12:26:00 PM,No Pedestrians Involved,Dry,No Unusual Conditions,Daylight,Violation Driver 1,No Controls Present/Factor,Clear,Other,Intersection,Other Vehicle,Not Applicable,Not Applicable,At,CITY VEHICLE (PRNS),False,False,87702,MARGARET ST,TENTH ST,37.33011937,-121.8731599
11164,681887,CR-0000091368,0,0,0,0,22-035-0122,False,False,20,2/4/2022 4:49:00 AM,No Pedestrians Involved,Dry,No Unusual Conditions,Dark - Street Light,Violation Driver 1,Controls Functioning,Clear,Sideswipe,Related,Parked Vehicle,Not Applicable,Not Applicable,West Of,,False,True,87702,MARGARET ST,TENTH ST,37.33011937,-121.8731599
11165,681883,CR-0000091364,1,0,0,0,22-036-0528,False,False,0,2/5/2022 3:30:00 PM,No Pedestrians Involved,Dry,No Unusual Conditions,Daylight,Violation Driver 1,Controls Functioning,Clear,Rear End,Intersection,Other Vehicle,Not Applicable,Not Applicable,At,,False,False,87702,MARGARET ST,TENTH ST,37.33011937,-121.8731599
11166,690459,CR-0000096568,0,0,0,0,22-245-0731,False,False,0,9/2/2022 5:28:00 PM,No Pedestrians Involved,Dry,No Unusual Conditions,Daylight,Violation Driver 1,No Controls Present/Factor,Clear,Broadside,Intersection,Other Vehicle,Not Applicable,Not Applicable,At,,True,True,87702,MARGARET ST,TENTH ST,37.33011937,-121.8731599
11167,690293,CR-0000096385,0,0,0,0,22-307-0913,False,False,58,11/3/2022 9:41:00 PM,No Pedestrians Involved,Dry,No Unusual Conditions,Dark - Street Light,Unknown,No Controls Present/Factor,Clear,Broadside,Non-Related,Parked Vehicle,Not Applicable,Not Applicable,West Of,,False,True,87702,MARGARET ST,TENTH ST,37.33011937,-121.8731599
11168,691098,CR-0000097271,0,0,0,0,23-047-0971,False,False,0,2/16/2023 11:00:00 PM,No Pedestrians Involved,Dry,No Unusual Conditions,Dark - Street Light,Violation Driver 1,Controls Functioning,Clear,Broadside,Intersection,Other Vehicle,Not Applicable,Not Applicable,At,,True,True,87702,MARGARET ST,TENTH ST,37.33011937,-121.8731599
11169,685158,CR-0000093833,0,0,0,0,22-236-0931,False,False,0,8/24/2022 7:56:00 PM,No Pedestrians Involved,Dry,No Unusual Conditions,Dark - No Street Light,Violation Driver 1,Controls Functioning,Clear,Broadside,Intersection,Other Vehicle,Not Applicable,Not Applicable,At,,False,True,109339,SINCLAIR FR,TENTH ST,37.32874027,-121.8721349
11170,689428,CR-0000095400,1,0,0,0,22-337-9801,False,False,0,11/17/2022 2:38:00 PM,No Pedestrians Involved,Dry,No Unusual Conditions,Daylight,Violation Driver 1,Controls Functioning,Clear,Vehicle/Bike,Intersection,Bike,Not Applicable,Not Applicable,At,BIKE,False,False,109339,SINCLAIR FR,TENTH ST,37.32874027,-121.8721349
11171,689887,CR-0000095914,1,0,0,0,22-250-1026,False,False,0,9/7/2022 10:20:00 PM,Crossing In Crosswalk - At Intersection,Dry,No Unusual Conditions,Dark - Street Light,Violation Driver 1,Controls Functioning,Clear,Vehicle/Pedestrian,Intersection,Pedestrian,North,South,At,PED,False,False,109339,SINCLAIR FR,TENTH ST,37.32874027,-121.8721349
11172,721973,CR-0000103227,0,0,0,0,24-050-0206,False,False,0,2/19/2024 8:09:00 AM,No Pedestrians Involved,Wet,No Unusual Conditions,Daylight,Violation Driver 1,Controls Functioning,Rain,Broadside,Intersection,Other Vehicle,Not Applicable,Not Applicable,At,,False,True,109339,SINCLAIR FR,TENTH ST,37.32874027,-121.8721349
11173,722314,CR-0000103608,0,0,0,0,24-091-0262,False,False,0,3/30/2024 11:00:00 PM,No Pedestrians Involved,Dry,No Unusual Conditions,Daylight,Violation Driver 1,No Controls Present/Factor,Clear,Other,Intersection,Parked Vehicle,Not Applicable,Not Applicable,At,,False,True,18347,BIKINI AV,SHORELAND DR,37.32110129,-121.8374224
11174,712151,CR-0000101536,0,0,0,0,23-344-0291,False,False,54,12/9/2023 8:00:00 PM,No Pedestrians Involved,Dry,No Unusual Conditions,Daylight,Unknown,No Controls Present/Factor,Clear,Sideswipe,Non-Related,Other Vehicle,Not Applicable,Not Applicable,South Of,,False,True,18358,BIKINI AV,SHOREVIEW CT,37.3219136,-121.8381218
11175,685130,CR-0000093803,1,0,0,0,22-235-0740,False,False,0,8/23/2022 4:04:00 PM,No Pedestrians Involved,Dry,No Unusual Conditions,Daylight,Violation Driver 1,No Controls Present/Factor,Clear,Sideswipe,Intersection,Parked Vehicle,Not Applicable,Not Applicable,At,,False,False,107909,SCOTTY ST,TERILYN AV,37.33447579,-121.8443909
11176,684739,CR-0000093439,0,0,0,0,22-191-4001,False,True,51,7/10/2022 11:28:00 AM,No Pedestrians Involved,Unknown,Unknown,Daylight,Unknown,Unknown,Unknown,Rear End,Non-Related,Other Vehicle,Not Applicable,Not Applicable,South Of,,False,False,79485,KING RD,MIAMI DR,37.33359744,-121.836973