_id,CrashFactId,Name,MinorInjuries,ModerateInjuries,SevereInjuries,FatalInjuries,TcrNumber,CityDamageFlag,ShortFormFlag,Distance,CrashDateTime,PedestrianAction,RoadwaySurface,RoadwayCondition,Lighting,PrimaryCollisionFactor,TrafficControl,Weather,CollisionType,ProximityToIntersection,VehicleInvolvedWith,PedestrianDirectionFrom,PedestrianDirectionTo,DirectionFromIntersection,Comment,SpeedingFlag,HitAndRunFlag,IntersectionNumber,AStreetName,BStreetName,Latitude,Longitude
11177,682429,CR-0000091993,0,0,0,0,22-107-4001,False,True,51,4/17/2022 2:00:00 AM,No Pedestrians Involved,Unknown,Unknown,Unknown,Violation Driver 1,Unknown,Unknown,Sideswipe,Non-Related,Parked Vehicle,Not Applicable,Not Applicable,South Of,,False,True,79485,KING RD,MIAMI DR,37.33359744,-121.836973
11178,694370,CR-0000098314,3,0,0,0,23-165-0200,False,False,0,6/14/2023 8:14:00 AM,No Pedestrians Involved,Dry,No Unusual Conditions,Daylight,Violation Driver 1,Controls Functioning,Clear,Broadside,Intersection,Other Vehicle,Not Applicable,Not Applicable,At,,True,False,79485,KING RD,MIAMI DR,37.33359744,-121.836973
11179,711653,CR-0000101500,0,0,0,0,23-275-9703,False,True,0,9/29/2023 4:40:00 PM,No Pedestrians Involved,Dry,No Unusual Conditions,Daylight,Unknown,Controls Functioning,Clear,Other,Intersection,Parked Vehicle,Not Applicable,Not Applicable,At,,False,False,79485,KING RD,MIAMI DR,37.33359744,-121.836973
11180,720869,CR-0000103072,0,0,0,0,24-029-9706,False,True,,1/25/2024 7:13:00 PM,No Pedestrians Involved,Dry,No Unusual Conditions,Dark - Street Light,Unknown,Controls Functioning,Clear,Rear End,Related,Parked Vehicle,Not Applicable,Not Applicable,West Of,,False,False,79485,KING RD,MIAMI DR,37.33359744,-121.836973
11181,720847,CR-0000103050,0,0,0,0,24-042-9709,False,True,0,2/11/2024 2:00:00 AM,No Pedestrians Involved,Dry,No Unusual Conditions,Dark - Street Light,Unknown,Controls Functioning,Clear,Sideswipe,Intersection,Other Vehicle,Not Applicable,Not Applicable,At,,False,False,18886,BISCAYNE WY,KING RD,37.33404621,-121.8374111
11182,711886,CR-0000101370,0,0,0,0,23-308-0705,False,False,0,11/4/2023 8:17:00 PM,No Pedestrians Involved,Dry,No Unusual Conditions,Dark - Street Light,Violation Driver 1,Controls Functioning,Clear,Broadside,Intersection,Other Vehicle,Not Applicable,Not Applicable,At,,True,False,18886,BISCAYNE WY,KING RD,37.33404621,-121.8374111
11183,681802,CR-0000091211,0,0,0,0,22-077-0220,False,False,0,3/18/2022 9:02:00 AM,No Pedestrians Involved,Dry,No Unusual Conditions,Daylight,Violation Driver 1,No Controls Present/Factor,Clear,Broadside,Intersection,Motorcycle,Not Applicable,Not Applicable,At,,False,False,61930,FOLEY AV/JUNE AV,LANAI AV,37.32973436,-121.8379907
11184,682658,CR-0000092234,0,0,0,0,22-138-9702,False,True,51,5/17/2022 11:45:00 AM,No Pedestrians Involved,Dry,No Unusual Conditions,Daylight,Unknown,Controls Functioning,Clear,Broadside,Non-Related,Other Vehicle,Not Applicable,Not Applicable,North Of,,False,False,86206,LYNDALE AV,STORY RD,37.35425605,-121.8219312
11185,682689,CR-0000092265,0,0,0,0,22-127-1228,False,False,0,5/7/2022 11:57:00 PM,No Pedestrians Involved,Dry,No Unusual Conditions,Dark - Street Light,Violation Driver 1,Controls Functioning,Clear,Broadside,Intersection,Other Vehicle,Not Applicable,Not Applicable,At,,False,True,86206,LYNDALE AV,STORY RD,37.35425605,-121.8219312
11186,686425,CR-0000094195,0,1,0,0,22-248-0966,False,False,18,9/5/2022 10:09:00 PM,No Pedestrians Involved,Dry,No Unusual Conditions,Dusk - Dawn,Violation Driver 1,Controls Functioning,Clear,Broadside,Related,Motorcycle,Not Applicable,Not Applicable,South Of,Moped,False,False,86206,LYNDALE AV,STORY RD,37.35425605,-121.8219312
11187,695813,CR-0000098878,2,0,0,0,23-253-0795,False,False,0,9/10/2023 7:44:00 PM,No Pedestrians Involved,Dry,No Unusual Conditions,Dark - Street Light,Violation Driver 1,Controls Functioning,Clear,Sideswipe,Intersection,Other Vehicle,Not Applicable,Not Applicable,At,,False,False,86206,LYNDALE AV,STORY RD,37.35425605,-121.8219312
11188,696406,CR-0000099582,0,0,0,0,23-151-0606,False,True,172,5/31/2023 4:30:00 PM,No Pedestrians Involved,Unknown,Unknown,Unknown,Unknown,Unknown,Unknown,Rear End,Non-Related,Other Vehicle,Not Applicable,Not Applicable,East Of,,False,False,86206,LYNDALE AV,STORY RD,37.35425605,-121.8219312
11189,699223,CR-0000100544,0,0,0,0,23-175-9702,False,True,51,6/23/2023 10:50:00 PM,No Pedestrians Involved,Unknown,No Unusual Conditions,Dark - Street Light,Unknown,Unknown,Unknown,Sideswipe,Non-Related,Other Vehicle,Not Applicable,Not Applicable,East Of,,False,False,86206,LYNDALE AV,STORY RD,37.35425605,-121.8219312
11190,690610,CR-0000096731,1,0,0,0,23-030-0186,False,False,125,1/30/2023 7:58:00 AM,No Pedestrians Involved,Dry,No Unusual Conditions,Daylight,Violation Driver 1,Unknown,Clear,Rear End,Non-Related,Other Vehicle,Not Applicable,Not Applicable,West Of,,False,False,86206,LYNDALE AV,STORY RD,37.35425605,-121.8219312
11191,716156,CR-0000102075,1,1,0,0,24-011-0647,False,False,56,1/11/2024 5:40:00 PM,In Road - Includes Shoulder,Dry,No Unusual Conditions,Dark - Street Light,Violation Driver 1,Controls Functioning,Clear,Vehicle/Pedestrian,Non-Related,Pedestrian,Unknown,Unknown,East Of,PED,False,False,86206,LYNDALE AV,STORY RD,37.35425605,-121.8219312
11192,685431,CR-0000094175,0,0,0,0,22-266-0197,False,False,61,9/23/2022 7:45:00 AM,No Pedestrians Involved,Dry,No Unusual Conditions,Daylight,Violation Driver 1,Controls Functioning,Clear,Sideswipe,Non-Related,Other Vehicle,Not Applicable,Not Applicable,East Of,,False,True,62941,FOURTH ST,REED ST,37.32860036,-121.8806209
11193,685101,CR-0000093773,0,2,0,0,22-226-0723,False,False,0,8/14/2022 6:20:00 PM,No Pedestrians Involved,Dry,No Unusual Conditions,Daylight,Violation Driver 1,Controls Functioning,Clear,Head On,Intersection,Other Vehicle,Not Applicable,Not Applicable,At,,False,False,62941,FOURTH ST,REED ST,37.32860036,-121.8806209
11194,689322,CR-0000095286,1,0,0,0,22-331-0644,False,False,30,11/27/2022 6:15:00 PM,No Pedestrians Involved,Dry,No Unusual Conditions,Dark - Street Light,Violation Driver 1,Controls Functioning,Clear,Rear End,Related,Other Vehicle,Not Applicable,Not Applicable,West Of,,True,True,62941,FOURTH ST,REED ST,37.32860036,-121.8806209
11195,691351,CR-0000097599,0,0,0,0,22-161-4002,False,True,0,6/10/2022 12:00:00 PM,No Pedestrians Involved,Unknown,Unknown,Unknown,Unknown,Unknown,Unknown,Head On,Intersection,Other Vehicle,Not Applicable,Not Applicable,At,,False,False,62941,FOURTH ST,REED ST,37.32860036,-121.8806209
11196,689851,CR-0000095877,0,2,0,0,22-265-0807,False,False,0,9/22/2022 6:17:00 PM,No Pedestrians Involved,Dry,No Unusual Conditions,Daylight,Violation Driver 1,Controls Functioning,Clear,Broadside,Intersection,Other Vehicle,Not Applicable,Not Applicable,At,,False,True,62941,FOURTH ST,REED ST,37.32860036,-121.8806209
11197,694169,CR-0000098180,0,1,0,0,23-137-0504,False,False,113,5/17/2023 2:10:00 PM,No Pedestrians Involved,Dry,No Unusual Conditions,Daylight,Violation Driver 1,No Controls Present/Factor,Clear,Rear End,Non-Related,Parked Vehicle,Not Applicable,Not Applicable,North Of,,True,False,62941,FOURTH ST,REED ST,37.32860036,-121.8806209
11198,698795,CR-0000100076,0,1,0,0,23-346-0972,False,False,,12/11/2023 5:40:00 PM,No Pedestrians Involved,Unknown,Unknown,Unknown,Bike At Fault,Unknown,Unknown,Vehicle/Bike,Related,Bike,Not Applicable,Not Applicable,Unknown,BIKE,False,True,62941,FOURTH ST,REED ST,37.32860036,-121.8806209
11199,698947,CR-0000100249,1,0,0,0,23-317-0151,False,False,0,11/13/2023 6:45:00 AM,Crossing In Crosswalk - At Intersection,Dry,No Unusual Conditions,Dusk - Dawn,Violation Driver 1,Controls Functioning,Clear,Vehicle/Pedestrian,Intersection,Pedestrian,East,West,At,PED,False,False,62941,FOURTH ST,REED ST,37.32860036,-121.8806209
11200,719792,CR-0000102965,0,0,0,0,24-030-9701,False,True,,1/24/2024 8:04:00 AM,No Pedestrians Involved,Wet,Unknown,Daylight,Unknown,Unknown,Rain,Rear End,Related,Other Vehicle,Not Applicable,Not Applicable,North Of,,False,False,62941,FOURTH ST,REED ST,37.32860036,-121.8806209
11201,711963,CR-0000101392,0,0,0,0,23-305-0057,True,False,39,11/1/2023 1:32:00 AM,No Pedestrians Involved,Dry,No Unusual Conditions,Dark - Street Light,Violation Driver 1,Controls Functioning,Clear,Rear End,Related,Other Vehicle,Not Applicable,Not Applicable,East Of,TRAFFIC POLE,True,True,62941,FOURTH ST,REED ST,37.32860036,-121.8806209
11202,691285,CR-0000097530,0,0,0,0,23-037-0643,False,False,305,2/7/2023 4:57:00 PM,No Pedestrians Involved,Dry,No Unusual Conditions,Daylight,Violation Driver 1,No Controls Present/Factor,Clear,Sideswipe,Non-Related,Parked Vehicle,Not Applicable,Not Applicable,South Of,,True,True,26212,BROOKWOOD DR,EIGHTEENTH ST,37.33941113,-121.8687032
11203,683436,CR-0000093032,1,0,0,0,22-078-0388,False,False,0,3/19/2022 1:11:00 PM,No Pedestrians Involved,Wet,No Unusual Conditions,Daylight,Violation Driver 1,No Controls Present/Factor,Rain,Sideswipe,Intersection,Other Vehicle,Not Applicable,Not Applicable,At,,False,False,26267,BROOKWOOD DR,WILLIAM ST,37.33743288,-121.8680969
11204,682995,CR-0000092579,0,0,0,0,22-174-0812,False,False,111,6/23/2022 8:23:00 PM,No Pedestrians Involved,Dry,No Unusual Conditions,Dusk - Dawn,Violation Driver 1,No Controls Present/Factor,Clear,Rear End,Non-Related,Parked Vehicle,Not Applicable,Not Applicable,East Of,,True,True,62424,FORESTDALE AV,JEANNE AV,37.33352943,-121.8641471
11205,683506,CR-0000093103,0,0,0,0,22-151-9701,False,True,0,5/15/2022 5:30:00 AM,No Pedestrians Involved,Unknown,Unknown,Unknown,Unknown,No Controls Present/Factor,Unknown,Other,Intersection,Parked Vehicle,Not Applicable,Not Applicable,At,,False,True,62424,FORESTDALE AV,JEANNE AV,37.33352943,-121.8641471
11206,683515,CR-0000093111,0,0,0,0,22-201-0448,False,False,0,7/20/2022 12:40:00 PM,No Pedestrians Involved,Dry,No Unusual Conditions,Daylight,Violation Driver 1,No Controls Present/Factor,Clear,Sideswipe,Intersection,Parked Vehicle,Not Applicable,Not Applicable,At,,False,False,119481,CANDLER AV,LOCHNER DR,37.35323342,-121.8122029
11207,695962,CR-0000099095,0,0,0,0,23-225-0951,False,False,52,8/13/2023 11:52:00 PM,No Pedestrians Involved,Dry,No Unusual Conditions,Dark - Street Light,Violation Driver 1,No Controls Present/Factor,Clear,Sideswipe,Non-Related,Parked Vehicle,Not Applicable,Not Applicable,South Of,,False,True,119481,CANDLER AV,LOCHNER DR,37.35323342,-121.8122029
11208,699363,CR-0000100690,0,0,0,0,23-205-4002,False,True,51,7/21/2023 3:15:00 PM,No Pedestrians Involved,Unknown,Unknown,Unknown,Unknown,Unknown,Unknown,Sideswipe,Non-Related,Parked Vehicle,Not Applicable,Not Applicable,South Of,,False,False,84611,LOCHNER DR,MT VISTA DR,37.35265683,-121.8115693
11209,694341,CR-0000098285,1,1,0,0,23-154-0995,False,False,195,6/3/2023 10:52:00 PM,No Pedestrians Involved,Dry,No Unusual Conditions,Dark - Street Light,Violation Driver 1,No Controls Present/Factor,Clear,Sideswipe,Non-Related,Parked Vehicle,Not Applicable,Not Applicable,South Of,,True,False,84611,LOCHNER DR,MT VISTA DR,37.35265683,-121.8115693
11210,681992,CR-0000091501,0,0,0,0,22-061-0850,False,False,0,3/2/2022 6:58:00 PM,No Pedestrians Involved,Dry,No Unusual Conditions,Dark - Street Light,Violation Driver 1,Controls Functioning,Clear,Sideswipe,Intersection,Other Vehicle,Not Applicable,Not Applicable,At,,False,True,128204,CAPITOL EX,CAPITOL PLAZA DW,37.27483999,-121.865751
11211,690016,CR-0000096071,1,0,0,0,22-295-0800,False,False,0,10/22/2022 9:42:00 PM,No Pedestrians Involved,Dry,No Unusual Conditions,Dark - Street Light,Violation Driver 1,Controls Functioning,Clear,Rear End,Intersection,Other Vehicle,Not Applicable,Not Applicable,At,,True,True,128204,CAPITOL EX,CAPITOL PLAZA DW,37.27483999,-121.865751
11212,690157,CR-0000096246,1,0,0,0,22-160-0250,False,False,208,6/9/2022 10:38:00 AM,No Pedestrians Involved,Dry,No Unusual Conditions,Daylight,Violation Driver 1,No Controls Present/Factor,Clear,Rear End,Non-Related,Other Vehicle,Not Applicable,Not Applicable,East Of,,False,False,125454,CAPITOL EX,SINCLAIR FR,37.35560286,-121.839189
11213,720843,CR-0000103046,0,0,0,0,24-058-4003,False,True,0,2/11/2024 9:30:00 PM,No Pedestrians Involved,Unknown,Unknown,Unknown,Unknown,Unknown,Unknown,Other,Intersection,Other Vehicle,Not Applicable,Not Applicable,At,,False,False,125454,CAPITOL EX,SINCLAIR FR,37.35560286,-121.839189
11214,690626,CR-0000096748,0,1,0,0,23-001-0536,False,False,0,1/1/2023 2:33:00 PM,No Pedestrians Involved,Dry,No Unusual Conditions,Daylight,Bike At Fault,No Controls Present/Factor,Clear,Vehicle/Bike,Intersection,Bike,Not Applicable,Not Applicable,At,BIKE,False,False,127984,CAPITOL EX,CAR DEALERS DW,37.27572325,-121.8751128
11215,681991,CR-0000091500,2,0,0,0,22-061-0708,False,False,0,3/2/2022 4:50:00 PM,No Pedestrians Involved,Dry,No Unusual Conditions,Daylight,Violation Driver 1,Controls Functioning,Clear,Broadside,Intersection,Motor Vehicle On Other Roadway,Not Applicable,Not Applicable,At,,False,False,11285,AVENIDA NOGALES,SNELL AV,37.25701858,-121.8308403
11216,687447,CR-0000094226,1,1,0,0,22-252-0212,False,False,0,9/9/2022 7:57:00 AM,No Pedestrians Involved,Dry,No Unusual Conditions,Daylight,Unknown,Controls Functioning,Clear,Head On,Intersection,Other Vehicle,Not Applicable,Not Applicable,At,,False,False,53130,DUNN AV,SANTA TERESA BL,37.23757089,-121.8221022
11217,690248,CR-0000096339,0,0,0,0,22-278-9708,False,True,0,9/29/2022 11:35:00 PM,No Pedestrians Involved,Dry,No Unusual Conditions,Dark - Street Light,Unknown,No Controls Present/Factor,Clear,Broadside,Intersection,Other Vehicle,Not Applicable,Not Applicable,At,,False,False,53130,DUNN AV,SANTA TERESA BL,37.23757089,-121.8221022
11218,690280,CR-0000096372,0,0,0,0,22-311-4000,False,True,,10/28/2022 3:12:00 PM,No Pedestrians Involved,Unknown,Unknown,Unknown,Unknown,Unknown,Unknown,Rear End,Related,Other Vehicle,Not Applicable,Not Applicable,West Of,,False,True,53130,DUNN AV,SANTA TERESA BL,37.23757089,-121.8221022
11219,716158,CR-0000102136,2,0,0,0,24-029-0724,False,False,77,1/29/2024 6:51:00 PM,No Pedestrians Involved,Dry,No Unusual Conditions,Dark - Street Light,Violation Driver 1,Controls Functioning,Clear,Rear End,Non-Related,Other Vehicle,Not Applicable,Not Applicable,West Of,,True,True,53130,DUNN AV,SANTA TERESA BL,37.23757089,-121.8221022
11220,722011,CR-0000103265,0,0,0,0,24-056-0113,False,False,55,2/25/2024 2:02:00 AM,No Pedestrians Involved,Dry,No Unusual Conditions,Dark - Street Light,Violation Driver 1,No Controls Present/Factor,Clear,Broadside,Non-Related,Parked Vehicle,Not Applicable,Not Applicable,South Of,,True,True,11923,BAGELY WY,BIKINI AV,37.31936763,-121.8360587
11221,716140,CR-0000102079,2,0,0,0,24-011-0705,False,False,0,1/11/2024 6:30:00 PM,No Pedestrians Involved,Dry,No Unusual Conditions,Dark - Street Light,Violation Driver 1,Controls Functioning,Clear,Head On,Intersection,Other Vehicle,Not Applicable,Not Applicable,At,,False,False,90001,MCLAUGHLIN AV,TAPER LN,37.32103246,-121.842231
11222,719834,CR-0000103007,0,0,0,0,24-041-4004,False,True,0,2/7/2024 7:30:00 PM,No Pedestrians Involved,Unknown,Unknown,Unknown,Unknown,Unknown,Unknown,Sideswipe,Intersection,Parked Vehicle,Not Applicable,Not Applicable,At,,False,False,90001,MCLAUGHLIN AV,TAPER LN,37.32103246,-121.842231
11223,684886,CR-0000093529,2,0,0,0,22-194-0774,False,False,0,7/13/2022 6:45:00 PM,No Pedestrians Involved,Dry,No Unusual Conditions,Daylight,Violation Driver 1,No Controls Present/Factor,Clear,Broadside,Intersection,Other Vehicle,Not Applicable,Not Applicable,At,,False,False,66813,GLENFINNAN DR,MCLAUGHLIN AV,37.32206509,-121.8432438
11224,681710,CR-0000091107,0,0,0,0,22-057-0041,False,False,161,2/26/2022 12:28:00 AM,No Pedestrians Involved,Dry,No Unusual Conditions,Dark - Street Light,Violation Driver 1,Controls Functioning,Clear,Rear End,Non-Related,Parked Vehicle,Not Applicable,Not Applicable,South Of,,False,True,66813,GLENFINNAN DR,MCLAUGHLIN AV,37.32206509,-121.8432438
11225,681621,CR-0000091018,1,0,0,0,22-057-0476,False,False,36,2/26/2022 3:07:00 PM,No Pedestrians Involved,Dry,No Unusual Conditions,Daylight,Violation Driver 1,No Controls Present/Factor,Clear,Broadside,Related,Other Vehicle,Not Applicable,Not Applicable,South Of,,False,False,94357,MT PLEASANT RD,RUBION DR,37.34917446,-121.7949363
11226,690535,CR-0000096646,1,0,0,0,23-015-0597,False,False,301,1/15/2023 6:24:00 PM,No Pedestrians Involved,Wet,No Unusual Conditions,Dark - Street Light,Violation Driver 1,No Controls Present/Factor,Rain,Sideswipe,Non-Related,Other Vehicle,Not Applicable,Not Applicable,West Of,,True,True,59410,FERNISH DR,RUBION DR,37.34836448,-121.7964975
11227,681823,CR-0000091232,0,1,0,0,22-084-0684,False,False,121,3/25/2022 6:19:00 PM,No Pedestrians Involved,Dry,No Unusual Conditions,Dusk - Dawn,Bike At Fault,No Controls Present/Factor,Clear,Vehicle/Bike,Non-Related,Bike,Not Applicable,Not Applicable,East Of,BIKE,False,False,78253,KAMMERER AV,SUNSET AV,37.35029273,-121.8450175
11228,684733,CR-0000093414,0,0,0,0,22-184-0718,True,False,0,7/3/2022 7:10:00 PM,No Pedestrians Involved,Dry,No Unusual Conditions,Dusk - Dawn,Violation Driver 1,No Controls Present/Factor,Clear,Hit Object,Intersection,Fixed Object,Not Applicable,Not Applicable,At,Stop Sign,False,True,6170,ALUM ROCK AV,STEWART AV,37.36635216,-121.8271335
11229,694192,CR-0000097910,1,0,0,0,23-120-0606,False,False,24,4/30/2023 4:59:00 PM,No Pedestrians Involved,Dry,No Unusual Conditions,Daylight,Violation Driver 1,Controls Functioning,Clear,Rear End,Related,Other Vehicle,Not Applicable,Not Applicable,West Of,,True,False,6170,ALUM ROCK AV,STEWART AV,37.36635216,-121.8271335
11230,694529,CR-0000098523,1,0,0,0,23-194-0689,False,False,0,7/13/2023 6:05:00 PM,Crossing In Crosswalk - At Intersection,Dry,No Unusual Conditions,Daylight,Violation Driver 1,Controls Functioning,Clear,Vehicle/Pedestrian,Intersection,Pedestrian,North,South,At,PED,False,False,6170,ALUM ROCK AV,STEWART AV,37.36635216,-121.8271335
11231,722308,CR-0000103602,0,0,0,0,24-090-4002,False,True,51,3/29/2024 9:30:00 PM,No Pedestrians Involved,Unknown,Unknown,Unknown,Unknown,Unknown,Unknown,Other,Non-Related,Parked Vehicle,Not Applicable,Not Applicable,North Of,,False,False,5983,ALUM ROCK AV (FRONTAGE),CEDAR LN,37.36422085,-121.8318855
11232,691338,CR-0000097585,1,0,0,0,23-077-9701,False,True,0,3/17/2023 5:15:00 PM,No Pedestrians Involved,Dry,No Unusual Conditions,Daylight,Unknown,No Controls Present/Factor,Clear,Sideswipe,Intersection,Other Vehicle,Not Applicable,Not Applicable,At,,False,False,6071,ALUM ROCK AV,MCKEE RD,37.37994574,-121.8185938
11233,692534,CR-0000097825,0,0,1,0,23-093-0074,True,False,221,4/3/2023 1:25:00 AM,No Pedestrians Involved,Dry,No Unusual Conditions,Dark - Street Light,Violation Driver 1,No Controls Present/Factor,Clear,Hit Object,Non-Related,Fixed Object,Not Applicable,Not Applicable,South Of,Tree,False,False,123991,MONTEREY RD,RODLING WY,37.234817,-121.767557
11234,681326,CR-0000090713,0,0,0,0,22-029-9703,False,True,51,1/29/2022 11:48:00 AM,No Pedestrians Involved,Dry,No Unusual Conditions,Daylight,Unknown,Controls Functioning,Clear,Rear End,Non-Related,Parked Vehicle,Not Applicable,Not Applicable,North Of,,False,False,17093,BERNAL RD,COBB RD,0,0
11235,696513,CR-0000099700,0,0,2,0,23-337-0779,True,False,170,12/3/2023 8:12:00 PM,No Pedestrians Involved,Dry,No Unusual Conditions,Dark - Street Light,Violation Driver 1,Controls Functioning,Clear,Hit Object,Non-Related,Fixed Object,Not Applicable,Not Applicable,West Of,TREE,True,False,200111,INTERLUDE ST,QUIMBY RD,37.3225327998666,-121.813995755319
11236,681236,CR-0000090621,0,0,0,0,22-026-0520,False,False,51,1/26/2022 2:03:00 PM,Crossing - Not In Crosswalk,Unknown,No Unusual Conditions,Daylight,Violation Driver 1,Unknown,Clear,Vehicle/Pedestrian,Non-Related,Pedestrian,East,West,South Of,PEDESTRIAN,True,False,200112,INTERLUDE ST,PASTORAL LOOP (N),37.3218599253159,-121.813780397583
11237,691310,CR-0000097555,0,0,0,0,23-062-4000,False,True,51,3/2/2023 7:30:00 AM,No Pedestrians Involved,Unknown,Unknown,Unknown,Unknown,Unknown,Unknown,Other,Non-Related,Parked Vehicle,Not Applicable,Not Applicable,South Of,,False,False,200114,GREAT OAKS PKWY,LEXINGTON AV,37.2525159851934,-121.800754512737
11238,712024,CR-0000101465,0,0,0,0,23-258-4001,False,True,51,9/14/2023 8:00:00 AM,No Pedestrians Involved,Unknown,Unknown,Unknown,Unknown,Unknown,Unknown,Other,Non-Related,Parked Vehicle,Not Applicable,Not Applicable,South Of,,False,False,200114,GREAT OAKS PKWY,LEXINGTON AV,37.2525159851934,-121.800754512737
11239,681562,CR-0000090959,0,2,0,0,22-041-0576,False,False,1252,2/10/2022 1:42:00 PM,No Pedestrians Involved,Dry,No Unusual Conditions,Daylight,Violation Driver 1,Controls Functioning,Clear,Head On,Non-Related,Other Vehicle,Not Applicable,Not Applicable,North Of,,False,False,200116,CAPITOL EX,EVERGREEN PL,37.3198782726398,-121.808057647436
11240,716285,CR-0000102255,3,2,0,0,24-034-0498,False,False,0,2/3/2024 3:06:00 PM,No Pedestrians Involved,Dry,No Unusual Conditions,Daylight,Violation Driver 1,Controls Functioning,Clear,Broadside,Intersection,Other Vehicle,Not Applicable,Not Applicable,At,,False,True,200116,CAPITOL EX,EVERGREEN PL,37.3198782726398,-121.808057647436
11241,697628,CR-0000099851,0,1,0,0,23-295-0336,True,False,774,10/22/2023 9:00:00 AM,No Pedestrians Involved,Dry,No Unusual Conditions,Daylight,Violation Driver 1,No Controls Present/Factor,Clear,Hit Object,Non-Related,Fixed Object,Not Applicable,Not Applicable,North Of,FENCE,False,False,200157,GREAT OAKS PKWY,PRIVATE DWY (WESTERN DIGITAL),37.2482316485785,-121.791234152697
11242,696119,CR-0000099261,0,0,0,0,23-213-0027,True,False,0,8/1/2023 12:41:00 AM,No Pedestrians Involved,Dry,No Unusual Conditions,Dark - Street Light,Violation Driver 1,No Controls Present/Factor,Clear,Hit Object,Intersection,Fixed Object,Not Applicable,Not Applicable,At,Chain Link Fence,False,True,200524,JULIAN ST,SAN PEDRO ST,37.3394590702819,-121.89612534522
11243,711681,CR-0000100842,0,0,0,0,23-205-0330,False,False,0,7/24/2023 10:54:00 AM,No Pedestrians Involved,Dry,No Unusual Conditions,Daylight,Violation Driver 1,No Controls Present/Factor,Clear,Broadside,Intersection,Other Vehicle,Not Applicable,Not Applicable,At,,False,False,200528,DE ROME DR,SIERRA RD,37.370063,-121.880236
11244,681993,CR-0000091502,0,2,0,0,20-070-0459,False,False,0,3/11/2022 1:04:00 PM,No Pedestrians Involved,Dry,No Unusual Conditions,Daylight,Violation Driver 1,No Controls Present/Factor,Clear,Broadside,Intersection,Other Vehicle,Not Applicable,Not Applicable,At,,True,False,200529,KIRK AV,SUMMIT AV,37.37862,-121.826394
11245,683355,CR-0000092944,1,0,0,0,22-144-0830,False,False,0,5/24/2022 6:44:00 PM,No Pedestrians Involved,Dry,No Unusual Conditions,Daylight,Violation Driver 1,No Controls Present/Factor,Clear,Sideswipe,Intersection,Other Vehicle,Not Applicable,Not Applicable,At,,False,True,200530,AVOCA WY,SANDPEBBLE DR,37.278856,-121.855404
11246,685424,CR-0000094159,0,0,0,0,22-224-0938,False,False,206,9/1/2022 7:58:00 PM,No Pedestrians Involved,Dry,No Unusual Conditions,Dusk - Dawn,Other Than Driver,No Controls Present/Factor,Clear,Broadside,Non-Related,Parked Vehicle,Not Applicable,Not Applicable,West Of,,True,True,200158,GIUSEPPE CT,ZORIA FARMS LN,37.367474,-121.839176
11247,695920,CR-0000099048,0,0,0,0,23-233-4000,False,True,51,8/21/2023 4:00:00 PM,No Pedestrians Involved,Unknown,Unknown,Unknown,Unknown,Unknown,Unknown,Broadside,Non-Related,Parked Vehicle,Not Applicable,Not Applicable,North Of,,False,False,200158,GIUSEPPE CT,ZORIA FARMS LN,37.367474,-121.839176
11248,696196,CR-0000099340,0,0,0,0,23-100-0994,False,False,0,4/10/2023 9:15:00 PM,No Pedestrians Involved,Dry,No Unusual Conditions,Dark - Street Light,Violation Driver 1,Controls Functioning,Clear,Other,Intersection,Other Vehicle,Not Applicable,Not Applicable,At,,False,True,200531,MCLAUGHLIN AV,MCLAUGHLIN CT,37.335185,-121.856138
11249,694602,CR-0000098626,0,0,1,0,23-204-0969,False,False,20,7/23/2023 9:51:00 PM,No Pedestrians Involved,Dry,No Unusual Conditions,Dark - Street Light,Violation Driver 1,Controls Functioning,Clear,Hit Object,Related,Fixed Object,Not Applicable,Not Applicable,South Of,,True,False,200531,MCLAUGHLIN AV,MCLAUGHLIN CT,37.335185,-121.856138
11250,692407,CR-0000097690,1,0,0,0,23-080-0386,False,False,42,3/21/2023 12:27:00 PM,No Pedestrians Involved,Wet,No Unusual Conditions,Daylight,Violation Driver 1,Controls Functioning,Rain,Sideswipe,Related,Motorcycle,Not Applicable,Not Applicable,West Of,,False,False,200531,MCLAUGHLIN AV,MCLAUGHLIN CT,37.335185,-121.856138
11251,689710,CR-0000095713,0,0,0,0,22-359-0462,False,False,0,12/25/2022 3:57:00 PM,No Pedestrians Involved,Wet,No Unusual Conditions,Daylight,Violation Driver 1,Controls Functioning,Clear,Sideswipe,Intersection,Motor Vehicle On Other Roadway,Not Applicable,Not Applicable,At,,False,False,200531,MCLAUGHLIN AV,MCLAUGHLIN CT,37.335185,-121.856138
11252,691032,CR-0000097204,0,0,0,0,23-083-0650,False,False,88,3/24/2023 5:18:00 PM,No Pedestrians Involved,Dry,No Unusual Conditions,Daylight,Violation Driver 1,No Controls Present/Factor,Clear,Sideswipe,Non-Related,Parked Vehicle,Not Applicable,Not Applicable,North Of,,True,False,200533,REVELRY ST,TRANQUILILTY ST,37.317352,-121.814993